case_index,operation,stage,event_index,algorithm,phase,lanes,input_bytes_per_lane,output_bytes_per_lane,stream_id,squeeze_index,scalar_permutations,x4_permute_calls
0,keyGen,keyGen,0,SHA3-512,oneshot,1,33,64,-1,-1,1,0
0,keyGen,keyGen,1,SHAKE128,absorb,4,34,0,0,-1,0,0
0,keyGen,keyGen,2,SHAKE128,squeeze,4,0,504,0,0,12,3
0,keyGen,keyGen,3,SHAKE128,absorb,4,34,0,1,-1,0,0
0,keyGen,keyGen,4,SHAKE128,squeeze,4,0,504,1,0,12,3
0,keyGen,keyGen,5,SHAKE128,absorb,4,34,0,2,-1,0,0
0,keyGen,keyGen,6,SHAKE128,squeeze,4,0,504,2,0,12,3
0,keyGen,keyGen,7,SHAKE128,absorb,4,34,0,3,-1,0,0
0,keyGen,keyGen,8,SHAKE128,squeeze,4,0,504,3,0,12,3
0,keyGen,keyGen,9,SHAKE256,oneshot,1,33,128,-1,-1,1,0
0,keyGen,keyGen,10,SHAKE256,oneshot,1,33,128,-1,-1,1,0
0,keyGen,keyGen,11,SHAKE256,oneshot,1,33,128,-1,-1,1,0
0,keyGen,keyGen,12,SHAKE256,oneshot,1,33,128,-1,-1,1,0
0,keyGen,keyGen,13,SHAKE256,oneshot,1,33,128,-1,-1,1,0
0,keyGen,keyGen,14,SHAKE256,oneshot,1,33,128,-1,-1,1,0
0,keyGen,keyGen,15,SHAKE256,oneshot,1,33,128,-1,-1,1,0
0,keyGen,keyGen,16,SHAKE256,oneshot,1,33,128,-1,-1,1,0
0,keyGen,keyGen,17,SHA3-256,oneshot,1,1568,32,-1,-1,12,0
1,encapsulation,encapsulation,0,SHA3-256,oneshot,1,1568,32,-1,-1,12,0
1,encapsulation,encapsulation,1,SHA3-512,oneshot,1,64,64,-1,-1,1,0
1,encapsulation,encapsulation,2,SHAKE128,absorb,4,34,0,0,-1,0,0
1,encapsulation,encapsulation,3,SHAKE128,squeeze,4,0,504,0,0,12,3
1,encapsulation,encapsulation,4,SHAKE128,absorb,4,34,0,1,-1,0,0
1,encapsulation,encapsulation,5,SHAKE128,squeeze,4,0,504,1,0,12,3
1,encapsulation,encapsulation,6,SHAKE128,absorb,4,34,0,2,-1,0,0
1,encapsulation,encapsulation,7,SHAKE128,squeeze,4,0,504,2,0,12,3
1,encapsulation,encapsulation,8,SHAKE128,absorb,4,34,0,3,-1,0,0
1,encapsulation,encapsulation,9,SHAKE128,squeeze,4,0,504,3,0,12,3
1,encapsulation,encapsulation,10,SHAKE256,oneshot,1,33,128,-1,-1,1,0
1,encapsulation,encapsulation,11,SHAKE256,oneshot,1,33,128,-1,-1,1,0
1,encapsulation,encapsulation,12,SHAKE256,oneshot,1,33,128,-1,-1,1,0
1,encapsulation,encapsulation,13,SHAKE256,oneshot,1,33,128,-1,-1,1,0
1,encapsulation,encapsulation,14,SHAKE256,oneshot,1,33,128,-1,-1,1,0
1,encapsulation,encapsulation,15,SHAKE256,oneshot,1,33,128,-1,-1,1,0
1,encapsulation,encapsulation,16,SHAKE256,oneshot,1,33,128,-1,-1,1,0
1,encapsulation,encapsulation,17,SHAKE256,oneshot,1,33,128,-1,-1,1,0
1,encapsulation,encapsulation,18,SHAKE256,oneshot,1,33,128,-1,-1,1,0
2,decapsulation,decapsulation,0,SHA3-256,oneshot,1,1568,32,-1,-1,12,0
2,decapsulation,decapsulation,1,SHA3-512,oneshot,1,64,64,-1,-1,1,0
2,decapsulation,decapsulation,2,SHAKE128,absorb,4,34,0,0,-1,0,0
2,decapsulation,decapsulation,3,SHAKE128,squeeze,4,0,504,0,0,12,3
2,decapsulation,decapsulation,4,SHAKE128,absorb,4,34,0,1,-1,0,0
2,decapsulation,decapsulation,5,SHAKE128,squeeze,4,0,504,1,0,12,3
2,decapsulation,decapsulation,6,SHAKE128,absorb,4,34,0,2,-1,0,0
2,decapsulation,decapsulation,7,SHAKE128,squeeze,4,0,504,2,0,12,3
2,decapsulation,decapsulation,8,SHAKE128,absorb,4,34,0,3,-1,0,0
2,decapsulation,decapsulation,9,SHAKE128,squeeze,4,0,504,3,0,12,3
2,decapsulation,decapsulation,10,SHAKE256,oneshot,1,33,128,-1,-1,1,0
2,decapsulation,decapsulation,11,SHAKE256,oneshot,1,33,128,-1,-1,1,0
2,decapsulation,decapsulation,12,SHAKE256,oneshot,1,33,128,-1,-1,1,0
2,decapsulation,decapsulation,13,SHAKE256,oneshot,1,33,128,-1,-1,1,0
2,decapsulation,decapsulation,14,SHAKE256,oneshot,1,33,128,-1,-1,1,0
2,decapsulation,decapsulation,15,SHAKE256,oneshot,1,33,128,-1,-1,1,0
2,decapsulation,decapsulation,16,SHAKE256,oneshot,1,33,128,-1,-1,1,0
2,decapsulation,decapsulation,17,SHAKE256,oneshot,1,33,128,-1,-1,1,0
2,decapsulation,decapsulation,18,SHAKE256,oneshot,1,33,128,-1,-1,1,0
2,decapsulation,decapsulation,19,SHAKE256,oneshot,1,1600,32,-1,-1,12,0
3,decapsulationSeed,keyGen,0,SHA3-512,oneshot,1,33,64,-1,-1,1,0
3,decapsulationSeed,keyGen,1,SHAKE128,absorb,4,34,0,0,-1,0,0
3,decapsulationSeed,keyGen,2,SHAKE128,squeeze,4,0,504,0,0,12,3
3,decapsulationSeed,keyGen,3,SHAKE128,absorb,4,34,0,1,-1,0,0
3,decapsulationSeed,keyGen,4,SHAKE128,squeeze,4,0,504,1,0,12,3
3,decapsulationSeed,keyGen,5,SHAKE128,absorb,4,34,0,2,-1,0,0
3,decapsulationSeed,keyGen,6,SHAKE128,squeeze,4,0,504,2,0,12,3
3,decapsulationSeed,keyGen,7,SHAKE128,absorb,4,34,0,3,-1,0,0
3,decapsulationSeed,keyGen,8,SHAKE128,squeeze,4,0,504,3,0,12,3
3,decapsulationSeed,keyGen,9,SHAKE256,oneshot,1,33,128,-1,-1,1,0
3,decapsulationSeed,keyGen,10,SHAKE256,oneshot,1,33,128,-1,-1,1,0
3,decapsulationSeed,keyGen,11,SHAKE256,oneshot,1,33,128,-1,-1,1,0
3,decapsulationSeed,keyGen,12,SHAKE256,oneshot,1,33,128,-1,-1,1,0
3,decapsulationSeed,keyGen,13,SHAKE256,oneshot,1,33,128,-1,-1,1,0
3,decapsulationSeed,keyGen,14,SHAKE256,oneshot,1,33,128,-1,-1,1,0
3,decapsulationSeed,keyGen,15,SHAKE256,oneshot,1,33,128,-1,-1,1,0
3,decapsulationSeed,keyGen,16,SHAKE256,oneshot,1,33,128,-1,-1,1,0
3,decapsulationSeed,keyGen,17,SHA3-256,oneshot,1,1568,32,-1,-1,12,0
3,decapsulationSeed,decapsulation,18,SHA3-256,oneshot,1,1568,32,-1,-1,12,0
3,decapsulationSeed,decapsulation,19,SHA3-512,oneshot,1,64,64,-1,-1,1,0
3,decapsulationSeed,decapsulation,20,SHAKE128,absorb,4,34,0,4,-1,0,0
3,decapsulationSeed,decapsulation,21,SHAKE128,squeeze,4,0,504,4,0,12,3
3,decapsulationSeed,decapsulation,22,SHAKE128,absorb,4,34,0,5,-1,0,0
3,decapsulationSeed,decapsulation,23,SHAKE128,squeeze,4,0,504,5,0,12,3
3,decapsulationSeed,decapsulation,24,SHAKE128,absorb,4,34,0,6,-1,0,0
3,decapsulationSeed,decapsulation,25,SHAKE128,squeeze,4,0,504,6,0,12,3
3,decapsulationSeed,decapsulation,26,SHAKE128,absorb,4,34,0,7,-1,0,0
3,decapsulationSeed,decapsulation,27,SHAKE128,squeeze,4,0,504,7,0,12,3
3,decapsulationSeed,decapsulation,28,SHAKE256,oneshot,1,33,128,-1,-1,1,0
3,decapsulationSeed,decapsulation,29,SHAKE256,oneshot,1,33,128,-1,-1,1,0
3,decapsulationSeed,decapsulation,30,SHAKE256,oneshot,1,33,128,-1,-1,1,0
3,decapsulationSeed,decapsulation,31,SHAKE256,oneshot,1,33,128,-1,-1,1,0
3,decapsulationSeed,decapsulation,32,SHAKE256,oneshot,1,33,128,-1,-1,1,0
3,decapsulationSeed,decapsulation,33,SHAKE256,oneshot,1,33,128,-1,-1,1,0
3,decapsulationSeed,decapsulation,34,SHAKE256,oneshot,1,33,128,-1,-1,1,0
3,decapsulationSeed,decapsulation,35,SHAKE256,oneshot,1,33,128,-1,-1,1,0
3,decapsulationSeed,decapsulation,36,SHAKE256,oneshot,1,33,128,-1,-1,1,0
3,decapsulationSeed,decapsulation,37,SHAKE256,oneshot,1,1600,32,-1,-1,12,0
5,decapsulationKeyCheck,decapsulationKeyCheck,0,SHA3-256,oneshot,1,1568,32,-1,-1,12,0
7,decapsulationKeyCheck,decapsulationKeyCheck,0,SHA3-256,oneshot,1,1568,32,-1,-1,12,0
8,keyGen,keyGen,0,SHA3-512,oneshot,1,33,64,-1,-1,1,0
8,keyGen,keyGen,1,SHAKE128,absorb,4,34,0,0,-1,0,0
8,keyGen,keyGen,2,SHAKE128,squeeze,4,0,504,0,0,12,3
8,keyGen,keyGen,3,SHAKE128,absorb,4,34,0,1,-1,0,0
8,keyGen,keyGen,4,SHAKE128,squeeze,4,0,504,1,0,12,3
8,keyGen,keyGen,5,SHAKE128,squeeze,4,0,168,1,1,4,1
8,keyGen,keyGen,6,SHAKE128,absorb,4,34,0,2,-1,0,0
8,keyGen,keyGen,7,SHAKE128,squeeze,4,0,504,2,0,12,3
8,keyGen,keyGen,8,SHAKE128,absorb,4,34,0,3,-1,0,0
8,keyGen,keyGen,9,SHAKE128,squeeze,4,0,504,3,0,12,3
8,keyGen,keyGen,10,SHAKE256,oneshot,1,33,128,-1,-1,1,0
8,keyGen,keyGen,11,SHAKE256,oneshot,1,33,128,-1,-1,1,0
8,keyGen,keyGen,12,SHAKE256,oneshot,1,33,128,-1,-1,1,0
8,keyGen,keyGen,13,SHAKE256,oneshot,1,33,128,-1,-1,1,0
8,keyGen,keyGen,14,SHAKE256,oneshot,1,33,128,-1,-1,1,0
8,keyGen,keyGen,15,SHAKE256,oneshot,1,33,128,-1,-1,1,0
8,keyGen,keyGen,16,SHAKE256,oneshot,1,33,128,-1,-1,1,0
8,keyGen,keyGen,17,SHAKE256,oneshot,1,33,128,-1,-1,1,0
8,keyGen,keyGen,18,SHA3-256,oneshot,1,1568,32,-1,-1,12,0
9,keyGen,keyGen,0,SHA3-512,oneshot,1,33,64,-1,-1,1,0
9,keyGen,keyGen,1,SHAKE128,absorb,4,34,0,0,-1,0,0
9,keyGen,keyGen,2,SHAKE128,squeeze,4,0,504,0,0,12,3
9,keyGen,keyGen,3,SHAKE128,absorb,4,34,0,1,-1,0,0
9,keyGen,keyGen,4,SHAKE128,squeeze,4,0,504,1,0,12,3
9,keyGen,keyGen,5,SHAKE128,absorb,4,34,0,2,-1,0,0
9,keyGen,keyGen,6,SHAKE128,squeeze,4,0,504,2,0,12,3
9,keyGen,keyGen,7,SHAKE128,absorb,4,34,0,3,-1,0,0
9,keyGen,keyGen,8,SHAKE128,squeeze,4,0,504,3,0,12,3
9,keyGen,keyGen,9,SHAKE256,oneshot,1,33,128,-1,-1,1,0
9,keyGen,keyGen,10,SHAKE256,oneshot,1,33,128,-1,-1,1,0
9,keyGen,keyGen,11,SHAKE256,oneshot,1,33,128,-1,-1,1,0
9,keyGen,keyGen,12,SHAKE256,oneshot,1,33,128,-1,-1,1,0
9,keyGen,keyGen,13,SHAKE256,oneshot,1,33,128,-1,-1,1,0
9,keyGen,keyGen,14,SHAKE256,oneshot,1,33,128,-1,-1,1,0
9,keyGen,keyGen,15,SHAKE256,oneshot,1,33,128,-1,-1,1,0
9,keyGen,keyGen,16,SHAKE256,oneshot,1,33,128,-1,-1,1,0
9,keyGen,keyGen,17,SHA3-256,oneshot,1,1568,32,-1,-1,12,0
10,keyGen,keyGen,0,SHA3-512,oneshot,1,33,64,-1,-1,1,0
10,keyGen,keyGen,1,SHAKE128,absorb,4,34,0,0,-1,0,0
10,keyGen,keyGen,2,SHAKE128,squeeze,4,0,504,0,0,12,3
10,keyGen,keyGen,3,SHAKE128,absorb,4,34,0,1,-1,0,0
10,keyGen,keyGen,4,SHAKE128,squeeze,4,0,504,1,0,12,3
10,keyGen,keyGen,5,SHAKE128,absorb,4,34,0,2,-1,0,0
10,keyGen,keyGen,6,SHAKE128,squeeze,4,0,504,2,0,12,3
10,keyGen,keyGen,7,SHAKE128,absorb,4,34,0,3,-1,0,0
10,keyGen,keyGen,8,SHAKE128,squeeze,4,0,504,3,0,12,3
10,keyGen,keyGen,9,SHAKE256,oneshot,1,33,128,-1,-1,1,0
10,keyGen,keyGen,10,SHAKE256,oneshot,1,33,128,-1,-1,1,0
10,keyGen,keyGen,11,SHAKE256,oneshot,1,33,128,-1,-1,1,0
10,keyGen,keyGen,12,SHAKE256,oneshot,1,33,128,-1,-1,1,0
10,keyGen,keyGen,13,SHAKE256,oneshot,1,33,128,-1,-1,1,0
10,keyGen,keyGen,14,SHAKE256,oneshot,1,33,128,-1,-1,1,0
10,keyGen,keyGen,15,SHAKE256,oneshot,1,33,128,-1,-1,1,0
10,keyGen,keyGen,16,SHAKE256,oneshot,1,33,128,-1,-1,1,0
10,keyGen,keyGen,17,SHA3-256,oneshot,1,1568,32,-1,-1,12,0
11,keyGen,keyGen,0,SHA3-512,oneshot,1,33,64,-1,-1,1,0
11,keyGen,keyGen,1,SHAKE128,absorb,4,34,0,0,-1,0,0
11,keyGen,keyGen,2,SHAKE128,squeeze,4,0,504,0,0,12,3
11,keyGen,keyGen,3,SHAKE128,absorb,4,34,0,1,-1,0,0
11,keyGen,keyGen,4,SHAKE128,squeeze,4,0,504,1,0,12,3
11,keyGen,keyGen,5,SHAKE128,absorb,4,34,0,2,-1,0,0
11,keyGen,keyGen,6,SHAKE128,squeeze,4,0,504,2,0,12,3
11,keyGen,keyGen,7,SHAKE128,absorb,4,34,0,3,-1,0,0
11,keyGen,keyGen,8,SHAKE128,squeeze,4,0,504,3,0,12,3
11,keyGen,keyGen,9,SHAKE256,oneshot,1,33,128,-1,-1,1,0
11,keyGen,keyGen,10,SHAKE256,oneshot,1,33,128,-1,-1,1,0
11,keyGen,keyGen,11,SHAKE256,oneshot,1,33,128,-1,-1,1,0
11,keyGen,keyGen,12,SHAKE256,oneshot,1,33,128,-1,-1,1,0
11,keyGen,keyGen,13,SHAKE256,oneshot,1,33,128,-1,-1,1,0
11,keyGen,keyGen,14,SHAKE256,oneshot,1,33,128,-1,-1,1,0
11,keyGen,keyGen,15,SHAKE256,oneshot,1,33,128,-1,-1,1,0
11,keyGen,keyGen,16,SHAKE256,oneshot,1,33,128,-1,-1,1,0
11,keyGen,keyGen,17,SHA3-256,oneshot,1,1568,32,-1,-1,12,0
12,keyGen,keyGen,0,SHA3-512,oneshot,1,33,64,-1,-1,1,0
12,keyGen,keyGen,1,SHAKE128,absorb,4,34,0,0,-1,0,0
12,keyGen,keyGen,2,SHAKE128,squeeze,4,0,504,0,0,12,3
12,keyGen,keyGen,3,SHAKE128,absorb,4,34,0,1,-1,0,0
12,keyGen,keyGen,4,SHAKE128,squeeze,4,0,504,1,0,12,3
12,keyGen,keyGen,5,SHAKE128,absorb,4,34,0,2,-1,0,0
12,keyGen,keyGen,6,SHAKE128,squeeze,4,0,504,2,0,12,3
12,keyGen,keyGen,7,SHAKE128,absorb,4,34,0,3,-1,0,0
12,keyGen,keyGen,8,SHAKE128,squeeze,4,0,504,3,0,12,3
12,keyGen,keyGen,9,SHAKE256,oneshot,1,33,128,-1,-1,1,0
12,keyGen,keyGen,10,SHAKE256,oneshot,1,33,128,-1,-1,1,0
12,keyGen,keyGen,11,SHAKE256,oneshot,1,33,128,-1,-1,1,0
12,keyGen,keyGen,12,SHAKE256,oneshot,1,33,128,-1,-1,1,0
12,keyGen,keyGen,13,SHAKE256,oneshot,1,33,128,-1,-1,1,0
12,keyGen,keyGen,14,SHAKE256,oneshot,1,33,128,-1,-1,1,0
12,keyGen,keyGen,15,SHAKE256,oneshot,1,33,128,-1,-1,1,0
12,keyGen,keyGen,16,SHAKE256,oneshot,1,33,128,-1,-1,1,0
12,keyGen,keyGen,17,SHA3-256,oneshot,1,1568,32,-1,-1,12,0
13,keyGen,keyGen,0,SHA3-512,oneshot,1,33,64,-1,-1,1,0
13,keyGen,keyGen,1,SHAKE128,absorb,4,34,0,0,-1,0,0
13,keyGen,keyGen,2,SHAKE128,squeeze,4,0,504,0,0,12,3
13,keyGen,keyGen,3,SHAKE128,absorb,4,34,0,1,-1,0,0
13,keyGen,keyGen,4,SHAKE128,squeeze,4,0,504,1,0,12,3
13,keyGen,keyGen,5,SHAKE128,absorb,4,34,0,2,-1,0,0
13,keyGen,keyGen,6,SHAKE128,squeeze,4,0,504,2,0,12,3
13,keyGen,keyGen,7,SHAKE128,absorb,4,34,0,3,-1,0,0
13,keyGen,keyGen,8,SHAKE128,squeeze,4,0,504,3,0,12,3
13,keyGen,keyGen,9,SHAKE256,oneshot,1,33,128,-1,-1,1,0
13,keyGen,keyGen,10,SHAKE256,oneshot,1,33,128,-1,-1,1,0
13,keyGen,keyGen,11,SHAKE256,oneshot,1,33,128,-1,-1,1,0
13,keyGen,keyGen,12,SHAKE256,oneshot,1,33,128,-1,-1,1,0
13,keyGen,keyGen,13,SHAKE256,oneshot,1,33,128,-1,-1,1,0
13,keyGen,keyGen,14,SHAKE256,oneshot,1,33,128,-1,-1,1,0
13,keyGen,keyGen,15,SHAKE256,oneshot,1,33,128,-1,-1,1,0
13,keyGen,keyGen,16,SHAKE256,oneshot,1,33,128,-1,-1,1,0
13,keyGen,keyGen,17,SHA3-256,oneshot,1,1568,32,-1,-1,12,0
14,keyGen,keyGen,0,SHA3-512,oneshot,1,33,64,-1,-1,1,0
14,keyGen,keyGen,1,SHAKE128,absorb,4,34,0,0,-1,0,0
14,keyGen,keyGen,2,SHAKE128,squeeze,4,0,504,0,0,12,3
14,keyGen,keyGen,3,SHAKE128,absorb,4,34,0,1,-1,0,0
14,keyGen,keyGen,4,SHAKE128,squeeze,4,0,504,1,0,12,3
14,keyGen,keyGen,5,SHAKE128,absorb,4,34,0,2,-1,0,0
14,keyGen,keyGen,6,SHAKE128,squeeze,4,0,504,2,0,12,3
14,keyGen,keyGen,7,SHAKE128,absorb,4,34,0,3,-1,0,0
14,keyGen,keyGen,8,SHAKE128,squeeze,4,0,504,3,0,12,3
14,keyGen,keyGen,9,SHAKE256,oneshot,1,33,128,-1,-1,1,0
14,keyGen,keyGen,10,SHAKE256,oneshot,1,33,128,-1,-1,1,0
14,keyGen,keyGen,11,SHAKE256,oneshot,1,33,128,-1,-1,1,0
14,keyGen,keyGen,12,SHAKE256,oneshot,1,33,128,-1,-1,1,0
14,keyGen,keyGen,13,SHAKE256,oneshot,1,33,128,-1,-1,1,0
14,keyGen,keyGen,14,SHAKE256,oneshot,1,33,128,-1,-1,1,0
14,keyGen,keyGen,15,SHAKE256,oneshot,1,33,128,-1,-1,1,0
14,keyGen,keyGen,16,SHAKE256,oneshot,1,33,128,-1,-1,1,0
14,keyGen,keyGen,17,SHA3-256,oneshot,1,1568,32,-1,-1,12,0
15,keyGen,keyGen,0,SHA3-512,oneshot,1,33,64,-1,-1,1,0
15,keyGen,keyGen,1,SHAKE128,absorb,4,34,0,0,-1,0,0
15,keyGen,keyGen,2,SHAKE128,squeeze,4,0,504,0,0,12,3
15,keyGen,keyGen,3,SHAKE128,absorb,4,34,0,1,-1,0,0
15,keyGen,keyGen,4,SHAKE128,squeeze,4,0,504,1,0,12,3
15,keyGen,keyGen,5,SHAKE128,absorb,4,34,0,2,-1,0,0
15,keyGen,keyGen,6,SHAKE128,squeeze,4,0,504,2,0,12,3
15,keyGen,keyGen,7,SHAKE128,absorb,4,34,0,3,-1,0,0
15,keyGen,keyGen,8,SHAKE128,squeeze,4,0,504,3,0,12,3
15,keyGen,keyGen,9,SHAKE256,oneshot,1,33,128,-1,-1,1,0
15,keyGen,keyGen,10,SHAKE256,oneshot,1,33,128,-1,-1,1,0
15,keyGen,keyGen,11,SHAKE256,oneshot,1,33,128,-1,-1,1,0
15,keyGen,keyGen,12,SHAKE256,oneshot,1,33,128,-1,-1,1,0
15,keyGen,keyGen,13,SHAKE256,oneshot,1,33,128,-1,-1,1,0
15,keyGen,keyGen,14,SHAKE256,oneshot,1,33,128,-1,-1,1,0
15,keyGen,keyGen,15,SHAKE256,oneshot,1,33,128,-1,-1,1,0
15,keyGen,keyGen,16,SHAKE256,oneshot,1,33,128,-1,-1,1,0
15,keyGen,keyGen,17,SHA3-256,oneshot,1,1568,32,-1,-1,12,0
16,keyGen,keyGen,0,SHA3-512,oneshot,1,33,64,-1,-1,1,0
16,keyGen,keyGen,1,SHAKE128,absorb,4,34,0,0,-1,0,0
16,keyGen,keyGen,2,SHAKE128,squeeze,4,0,504,0,0,12,3
16,keyGen,keyGen,3,SHAKE128,absorb,4,34,0,1,-1,0,0
16,keyGen,keyGen,4,SHAKE128,squeeze,4,0,504,1,0,12,3
16,keyGen,keyGen,5,SHAKE128,absorb,4,34,0,2,-1,0,0
16,keyGen,keyGen,6,SHAKE128,squeeze,4,0,504,2,0,12,3
16,keyGen,keyGen,7,SHAKE128,absorb,4,34,0,3,-1,0,0
16,keyGen,keyGen,8,SHAKE128,squeeze,4,0,504,3,0,12,3
16,keyGen,keyGen,9,SHAKE256,oneshot,1,33,128,-1,-1,1,0
16,keyGen,keyGen,10,SHAKE256,oneshot,1,33,128,-1,-1,1,0
16,keyGen,keyGen,11,SHAKE256,oneshot,1,33,128,-1,-1,1,0
16,keyGen,keyGen,12,SHAKE256,oneshot,1,33,128,-1,-1,1,0
16,keyGen,keyGen,13,SHAKE256,oneshot,1,33,128,-1,-1,1,0
16,keyGen,keyGen,14,SHAKE256,oneshot,1,33,128,-1,-1,1,0
16,keyGen,keyGen,15,SHAKE256,oneshot,1,33,128,-1,-1,1,0
16,keyGen,keyGen,16,SHAKE256,oneshot,1,33,128,-1,-1,1,0
16,keyGen,keyGen,17,SHA3-256,oneshot,1,1568,32,-1,-1,12,0
17,keyGen,keyGen,0,SHA3-512,oneshot,1,33,64,-1,-1,1,0
17,keyGen,keyGen,1,SHAKE128,absorb,4,34,0,0,-1,0,0
17,keyGen,keyGen,2,SHAKE128,squeeze,4,0,504,0,0,12,3
17,keyGen,keyGen,3,SHAKE128,absorb,4,34,0,1,-1,0,0
17,keyGen,keyGen,4,SHAKE128,squeeze,4,0,504,1,0,12,3
17,keyGen,keyGen,5,SHAKE128,absorb,4,34,0,2,-1,0,0
17,keyGen,keyGen,6,SHAKE128,squeeze,4,0,504,2,0,12,3
17,keyGen,keyGen,7,SHAKE128,absorb,4,34,0,3,-1,0,0
17,keyGen,keyGen,8,SHAKE128,squeeze,4,0,504,3,0,12,3
17,keyGen,keyGen,9,SHAKE256,oneshot,1,33,128,-1,-1,1,0
17,keyGen,keyGen,10,SHAKE256,oneshot,1,33,128,-1,-1,1,0
17,keyGen,keyGen,11,SHAKE256,oneshot,1,33,128,-1,-1,1,0
17,keyGen,keyGen,12,SHAKE256,oneshot,1,33,128,-1,-1,1,0
17,keyGen,keyGen,13,SHAKE256,oneshot,1,33,128,-1,-1,1,0
17,keyGen,keyGen,14,SHAKE256,oneshot,1,33,128,-1,-1,1,0
17,keyGen,keyGen,15,SHAKE256,oneshot,1,33,128,-1,-1,1,0
17,keyGen,keyGen,16,SHAKE256,oneshot,1,33,128,-1,-1,1,0
17,keyGen,keyGen,17,SHA3-256,oneshot,1,1568,32,-1,-1,12,0
18,keyGen,keyGen,0,SHA3-512,oneshot,1,33,64,-1,-1,1,0
18,keyGen,keyGen,1,SHAKE128,absorb,4,34,0,0,-1,0,0
18,keyGen,keyGen,2,SHAKE128,squeeze,4,0,504,0,0,12,3
18,keyGen,keyGen,3,SHAKE128,absorb,4,34,0,1,-1,0,0
18,keyGen,keyGen,4,SHAKE128,squeeze,4,0,504,1,0,12,3
18,keyGen,keyGen,5,SHAKE128,absorb,4,34,0,2,-1,0,0
18,keyGen,keyGen,6,SHAKE128,squeeze,4,0,504,2,0,12,3
18,keyGen,keyGen,7,SHAKE128,absorb,4,34,0,3,-1,0,0
18,keyGen,keyGen,8,SHAKE128,squeeze,4,0,504,3,0,12,3
18,keyGen,keyGen,9,SHAKE256,oneshot,1,33,128,-1,-1,1,0
18,keyGen,keyGen,10,SHAKE256,oneshot,1,33,128,-1,-1,1,0
18,keyGen,keyGen,11,SHAKE256,oneshot,1,33,128,-1,-1,1,0
18,keyGen,keyGen,12,SHAKE256,oneshot,1,33,128,-1,-1,1,0
18,keyGen,keyGen,13,SHAKE256,oneshot,1,33,128,-1,-1,1,0
18,keyGen,keyGen,14,SHAKE256,oneshot,1,33,128,-1,-1,1,0
18,keyGen,keyGen,15,SHAKE256,oneshot,1,33,128,-1,-1,1,0
18,keyGen,keyGen,16,SHAKE256,oneshot,1,33,128,-1,-1,1,0
18,keyGen,keyGen,17,SHA3-256,oneshot,1,1568,32,-1,-1,12,0
19,keyGen,keyGen,0,SHA3-512,oneshot,1,33,64,-1,-1,1,0
19,keyGen,keyGen,1,SHAKE128,absorb,4,34,0,0,-1,0,0
19,keyGen,keyGen,2,SHAKE128,squeeze,4,0,504,0,0,12,3
19,keyGen,keyGen,3,SHAKE128,absorb,4,34,0,1,-1,0,0
19,keyGen,keyGen,4,SHAKE128,squeeze,4,0,504,1,0,12,3
19,keyGen,keyGen,5,SHAKE128,absorb,4,34,0,2,-1,0,0
19,keyGen,keyGen,6,SHAKE128,squeeze,4,0,504,2,0,12,3
19,keyGen,keyGen,7,SHAKE128,absorb,4,34,0,3,-1,0,0
19,keyGen,keyGen,8,SHAKE128,squeeze,4,0,504,3,0,12,3
19,keyGen,keyGen,9,SHAKE256,oneshot,1,33,128,-1,-1,1,0
19,keyGen,keyGen,10,SHAKE256,oneshot,1,33,128,-1,-1,1,0
19,keyGen,keyGen,11,SHAKE256,oneshot,1,33,128,-1,-1,1,0
19,keyGen,keyGen,12,SHAKE256,oneshot,1,33,128,-1,-1,1,0
19,keyGen,keyGen,13,SHAKE256,oneshot,1,33,128,-1,-1,1,0
19,keyGen,keyGen,14,SHAKE256,oneshot,1,33,128,-1,-1,1,0
19,keyGen,keyGen,15,SHAKE256,oneshot,1,33,128,-1,-1,1,0
19,keyGen,keyGen,16,SHAKE256,oneshot,1,33,128,-1,-1,1,0
19,keyGen,keyGen,17,SHA3-256,oneshot,1,1568,32,-1,-1,12,0
20,keyGen,keyGen,0,SHA3-512,oneshot,1,33,64,-1,-1,1,0
20,keyGen,keyGen,1,SHAKE128,absorb,4,34,0,0,-1,0,0
20,keyGen,keyGen,2,SHAKE128,squeeze,4,0,504,0,0,12,3
20,keyGen,keyGen,3,SHAKE128,absorb,4,34,0,1,-1,0,0
20,keyGen,keyGen,4,SHAKE128,squeeze,4,0,504,1,0,12,3
20,keyGen,keyGen,5,SHAKE128,absorb,4,34,0,2,-1,0,0
20,keyGen,keyGen,6,SHAKE128,squeeze,4,0,504,2,0,12,3
20,keyGen,keyGen,7,SHAKE128,absorb,4,34,0,3,-1,0,0
20,keyGen,keyGen,8,SHAKE128,squeeze,4,0,504,3,0,12,3
20,keyGen,keyGen,9,SHAKE256,oneshot,1,33,128,-1,-1,1,0
20,keyGen,keyGen,10,SHAKE256,oneshot,1,33,128,-1,-1,1,0
20,keyGen,keyGen,11,SHAKE256,oneshot,1,33,128,-1,-1,1,0
20,keyGen,keyGen,12,SHAKE256,oneshot,1,33,128,-1,-1,1,0
20,keyGen,keyGen,13,SHAKE256,oneshot,1,33,128,-1,-1,1,0
20,keyGen,keyGen,14,SHAKE256,oneshot,1,33,128,-1,-1,1,0
20,keyGen,keyGen,15,SHAKE256,oneshot,1,33,128,-1,-1,1,0
20,keyGen,keyGen,16,SHAKE256,oneshot,1,33,128,-1,-1,1,0
20,keyGen,keyGen,17,SHA3-256,oneshot,1,1568,32,-1,-1,12,0
21,keyGen,keyGen,0,SHA3-512,oneshot,1,33,64,-1,-1,1,0
21,keyGen,keyGen,1,SHAKE128,absorb,4,34,0,0,-1,0,0
21,keyGen,keyGen,2,SHAKE128,squeeze,4,0,504,0,0,12,3
21,keyGen,keyGen,3,SHAKE128,absorb,4,34,0,1,-1,0,0
21,keyGen,keyGen,4,SHAKE128,squeeze,4,0,504,1,0,12,3
21,keyGen,keyGen,5,SHAKE128,absorb,4,34,0,2,-1,0,0
21,keyGen,keyGen,6,SHAKE128,squeeze,4,0,504,2,0,12,3
21,keyGen,keyGen,7,SHAKE128,absorb,4,34,0,3,-1,0,0
21,keyGen,keyGen,8,SHAKE128,squeeze,4,0,504,3,0,12,3
21,keyGen,keyGen,9,SHAKE256,oneshot,1,33,128,-1,-1,1,0
21,keyGen,keyGen,10,SHAKE256,oneshot,1,33,128,-1,-1,1,0
21,keyGen,keyGen,11,SHAKE256,oneshot,1,33,128,-1,-1,1,0
21,keyGen,keyGen,12,SHAKE256,oneshot,1,33,128,-1,-1,1,0
21,keyGen,keyGen,13,SHAKE256,oneshot,1,33,128,-1,-1,1,0
21,keyGen,keyGen,14,SHAKE256,oneshot,1,33,128,-1,-1,1,0
21,keyGen,keyGen,15,SHAKE256,oneshot,1,33,128,-1,-1,1,0
21,keyGen,keyGen,16,SHAKE256,oneshot,1,33,128,-1,-1,1,0
21,keyGen,keyGen,17,SHA3-256,oneshot,1,1568,32,-1,-1,12,0
22,keyGen,keyGen,0,SHA3-512,oneshot,1,33,64,-1,-1,1,0
22,keyGen,keyGen,1,SHAKE128,absorb,4,34,0,0,-1,0,0
22,keyGen,keyGen,2,SHAKE128,squeeze,4,0,504,0,0,12,3
22,keyGen,keyGen,3,SHAKE128,absorb,4,34,0,1,-1,0,0
22,keyGen,keyGen,4,SHAKE128,squeeze,4,0,504,1,0,12,3
22,keyGen,keyGen,5,SHAKE128,absorb,4,34,0,2,-1,0,0
22,keyGen,keyGen,6,SHAKE128,squeeze,4,0,504,2,0,12,3
22,keyGen,keyGen,7,SHAKE128,absorb,4,34,0,3,-1,0,0
22,keyGen,keyGen,8,SHAKE128,squeeze,4,0,504,3,0,12,3
22,keyGen,keyGen,9,SHAKE256,oneshot,1,33,128,-1,-1,1,0
22,keyGen,keyGen,10,SHAKE256,oneshot,1,33,128,-1,-1,1,0
22,keyGen,keyGen,11,SHAKE256,oneshot,1,33,128,-1,-1,1,0
22,keyGen,keyGen,12,SHAKE256,oneshot,1,33,128,-1,-1,1,0
22,keyGen,keyGen,13,SHAKE256,oneshot,1,33,128,-1,-1,1,0
22,keyGen,keyGen,14,SHAKE256,oneshot,1,33,128,-1,-1,1,0
22,keyGen,keyGen,15,SHAKE256,oneshot,1,33,128,-1,-1,1,0
22,keyGen,keyGen,16,SHAKE256,oneshot,1,33,128,-1,-1,1,0
22,keyGen,keyGen,17,SHA3-256,oneshot,1,1568,32,-1,-1,12,0
23,keyGen,keyGen,0,SHA3-512,oneshot,1,33,64,-1,-1,1,0
23,keyGen,keyGen,1,SHAKE128,absorb,4,34,0,0,-1,0,0
23,keyGen,keyGen,2,SHAKE128,squeeze,4,0,504,0,0,12,3
23,keyGen,keyGen,3,SHAKE128,absorb,4,34,0,1,-1,0,0
23,keyGen,keyGen,4,SHAKE128,squeeze,4,0,504,1,0,12,3
23,keyGen,keyGen,5,SHAKE128,absorb,4,34,0,2,-1,0,0
23,keyGen,keyGen,6,SHAKE128,squeeze,4,0,504,2,0,12,3
23,keyGen,keyGen,7,SHAKE128,absorb,4,34,0,3,-1,0,0
23,keyGen,keyGen,8,SHAKE128,squeeze,4,0,504,3,0,12,3
23,keyGen,keyGen,9,SHAKE256,oneshot,1,33,128,-1,-1,1,0
23,keyGen,keyGen,10,SHAKE256,oneshot,1,33,128,-1,-1,1,0
23,keyGen,keyGen,11,SHAKE256,oneshot,1,33,128,-1,-1,1,0
23,keyGen,keyGen,12,SHAKE256,oneshot,1,33,128,-1,-1,1,0
23,keyGen,keyGen,13,SHAKE256,oneshot,1,33,128,-1,-1,1,0
23,keyGen,keyGen,14,SHAKE256,oneshot,1,33,128,-1,-1,1,0
23,keyGen,keyGen,15,SHAKE256,oneshot,1,33,128,-1,-1,1,0
23,keyGen,keyGen,16,SHAKE256,oneshot,1,33,128,-1,-1,1,0
23,keyGen,keyGen,17,SHA3-256,oneshot,1,1568,32,-1,-1,12,0
24,keyGen,keyGen,0,SHA3-512,oneshot,1,33,64,-1,-1,1,0
24,keyGen,keyGen,1,SHAKE128,absorb,4,34,0,0,-1,0,0
24,keyGen,keyGen,2,SHAKE128,squeeze,4,0,504,0,0,12,3
24,keyGen,keyGen,3,SHAKE128,absorb,4,34,0,1,-1,0,0
24,keyGen,keyGen,4,SHAKE128,squeeze,4,0,504,1,0,12,3
24,keyGen,keyGen,5,SHAKE128,absorb,4,34,0,2,-1,0,0
24,keyGen,keyGen,6,SHAKE128,squeeze,4,0,504,2,0,12,3
24,keyGen,keyGen,7,SHAKE128,squeeze,4,0,168,2,1,4,1
24,keyGen,keyGen,8,SHAKE128,absorb,4,34,0,3,-1,0,0
24,keyGen,keyGen,9,SHAKE128,squeeze,4,0,504,3,0,12,3
24,keyGen,keyGen,10,SHAKE256,oneshot,1,33,128,-1,-1,1,0
24,keyGen,keyGen,11,SHAKE256,oneshot,1,33,128,-1,-1,1,0
24,keyGen,keyGen,12,SHAKE256,oneshot,1,33,128,-1,-1,1,0
24,keyGen,keyGen,13,SHAKE256,oneshot,1,33,128,-1,-1,1,0
24,keyGen,keyGen,14,SHAKE256,oneshot,1,33,128,-1,-1,1,0
24,keyGen,keyGen,15,SHAKE256,oneshot,1,33,128,-1,-1,1,0
24,keyGen,keyGen,16,SHAKE256,oneshot,1,33,128,-1,-1,1,0
24,keyGen,keyGen,17,SHAKE256,oneshot,1,33,128,-1,-1,1,0
24,keyGen,keyGen,18,SHA3-256,oneshot,1,1568,32,-1,-1,12,0
25,keyGen,keyGen,0,SHA3-512,oneshot,1,33,64,-1,-1,1,0
25,keyGen,keyGen,1,SHAKE128,absorb,4,34,0,0,-1,0,0
25,keyGen,keyGen,2,SHAKE128,squeeze,4,0,504,0,0,12,3
25,keyGen,keyGen,3,SHAKE128,absorb,4,34,0,1,-1,0,0
25,keyGen,keyGen,4,SHAKE128,squeeze,4,0,504,1,0,12,3
25,keyGen,keyGen,5,SHAKE128,absorb,4,34,0,2,-1,0,0
25,keyGen,keyGen,6,SHAKE128,squeeze,4,0,504,2,0,12,3
25,keyGen,keyGen,7,SHAKE128,absorb,4,34,0,3,-1,0,0
25,keyGen,keyGen,8,SHAKE128,squeeze,4,0,504,3,0,12,3
25,keyGen,keyGen,9,SHAKE256,oneshot,1,33,128,-1,-1,1,0
25,keyGen,keyGen,10,SHAKE256,oneshot,1,33,128,-1,-1,1,0
25,keyGen,keyGen,11,SHAKE256,oneshot,1,33,128,-1,-1,1,0
25,keyGen,keyGen,12,SHAKE256,oneshot,1,33,128,-1,-1,1,0
25,keyGen,keyGen,13,SHAKE256,oneshot,1,33,128,-1,-1,1,0
25,keyGen,keyGen,14,SHAKE256,oneshot,1,33,128,-1,-1,1,0
25,keyGen,keyGen,15,SHAKE256,oneshot,1,33,128,-1,-1,1,0
25,keyGen,keyGen,16,SHAKE256,oneshot,1,33,128,-1,-1,1,0
25,keyGen,keyGen,17,SHA3-256,oneshot,1,1568,32,-1,-1,12,0
26,keyGen,keyGen,0,SHA3-512,oneshot,1,33,64,-1,-1,1,0
26,keyGen,keyGen,1,SHAKE128,absorb,4,34,0,0,-1,0,0
26,keyGen,keyGen,2,SHAKE128,squeeze,4,0,504,0,0,12,3
26,keyGen,keyGen,3,SHAKE128,absorb,4,34,0,1,-1,0,0
26,keyGen,keyGen,4,SHAKE128,squeeze,4,0,504,1,0,12,3
26,keyGen,keyGen,5,SHAKE128,absorb,4,34,0,2,-1,0,0
26,keyGen,keyGen,6,SHAKE128,squeeze,4,0,504,2,0,12,3
26,keyGen,keyGen,7,SHAKE128,absorb,4,34,0,3,-1,0,0
26,keyGen,keyGen,8,SHAKE128,squeeze,4,0,504,3,0,12,3
26,keyGen,keyGen,9,SHAKE256,oneshot,1,33,128,-1,-1,1,0
26,keyGen,keyGen,10,SHAKE256,oneshot,1,33,128,-1,-1,1,0
26,keyGen,keyGen,11,SHAKE256,oneshot,1,33,128,-1,-1,1,0
26,keyGen,keyGen,12,SHAKE256,oneshot,1,33,128,-1,-1,1,0
26,keyGen,keyGen,13,SHAKE256,oneshot,1,33,128,-1,-1,1,0
26,keyGen,keyGen,14,SHAKE256,oneshot,1,33,128,-1,-1,1,0
26,keyGen,keyGen,15,SHAKE256,oneshot,1,33,128,-1,-1,1,0
26,keyGen,keyGen,16,SHAKE256,oneshot,1,33,128,-1,-1,1,0
26,keyGen,keyGen,17,SHA3-256,oneshot,1,1568,32,-1,-1,12,0
27,keyGen,keyGen,0,SHA3-512,oneshot,1,33,64,-1,-1,1,0
27,keyGen,keyGen,1,SHAKE128,absorb,4,34,0,0,-1,0,0
27,keyGen,keyGen,2,SHAKE128,squeeze,4,0,504,0,0,12,3
27,keyGen,keyGen,3,SHAKE128,absorb,4,34,0,1,-1,0,0
27,keyGen,keyGen,4,SHAKE128,squeeze,4,0,504,1,0,12,3
27,keyGen,keyGen,5,SHAKE128,absorb,4,34,0,2,-1,0,0
27,keyGen,keyGen,6,SHAKE128,squeeze,4,0,504,2,0,12,3
27,keyGen,keyGen,7,SHAKE128,absorb,4,34,0,3,-1,0,0
27,keyGen,keyGen,8,SHAKE128,squeeze,4,0,504,3,0,12,3
27,keyGen,keyGen,9,SHAKE256,oneshot,1,33,128,-1,-1,1,0
27,keyGen,keyGen,10,SHAKE256,oneshot,1,33,128,-1,-1,1,0
27,keyGen,keyGen,11,SHAKE256,oneshot,1,33,128,-1,-1,1,0
27,keyGen,keyGen,12,SHAKE256,oneshot,1,33,128,-1,-1,1,0
27,keyGen,keyGen,13,SHAKE256,oneshot,1,33,128,-1,-1,1,0
27,keyGen,keyGen,14,SHAKE256,oneshot,1,33,128,-1,-1,1,0
27,keyGen,keyGen,15,SHAKE256,oneshot,1,33,128,-1,-1,1,0
27,keyGen,keyGen,16,SHAKE256,oneshot,1,33,128,-1,-1,1,0
27,keyGen,keyGen,17,SHA3-256,oneshot,1,1568,32,-1,-1,12,0
28,keyGen,keyGen,0,SHA3-512,oneshot,1,33,64,-1,-1,1,0
28,keyGen,keyGen,1,SHAKE128,absorb,4,34,0,0,-1,0,0
28,keyGen,keyGen,2,SHAKE128,squeeze,4,0,504,0,0,12,3
28,keyGen,keyGen,3,SHAKE128,squeeze,4,0,168,0,1,4,1
28,keyGen,keyGen,4,SHAKE128,absorb,4,34,0,1,-1,0,0
28,keyGen,keyGen,5,SHAKE128,squeeze,4,0,504,1,0,12,3
28,keyGen,keyGen,6,SHAKE128,absorb,4,34,0,2,-1,0,0
28,keyGen,keyGen,7,SHAKE128,squeeze,4,0,504,2,0,12,3
28,keyGen,keyGen,8,SHAKE128,absorb,4,34,0,3,-1,0,0
28,keyGen,keyGen,9,SHAKE128,squeeze,4,0,504,3,0,12,3
28,keyGen,keyGen,10,SHAKE256,oneshot,1,33,128,-1,-1,1,0
28,keyGen,keyGen,11,SHAKE256,oneshot,1,33,128,-1,-1,1,0
28,keyGen,keyGen,12,SHAKE256,oneshot,1,33,128,-1,-1,1,0
28,keyGen,keyGen,13,SHAKE256,oneshot,1,33,128,-1,-1,1,0
28,keyGen,keyGen,14,SHAKE256,oneshot,1,33,128,-1,-1,1,0
28,keyGen,keyGen,15,SHAKE256,oneshot,1,33,128,-1,-1,1,0
28,keyGen,keyGen,16,SHAKE256,oneshot,1,33,128,-1,-1,1,0
28,keyGen,keyGen,17,SHAKE256,oneshot,1,33,128,-1,-1,1,0
28,keyGen,keyGen,18,SHA3-256,oneshot,1,1568,32,-1,-1,12,0
29,keyGen,keyGen,0,SHA3-512,oneshot,1,33,64,-1,-1,1,0
29,keyGen,keyGen,1,SHAKE128,absorb,4,34,0,0,-1,0,0
29,keyGen,keyGen,2,SHAKE128,squeeze,4,0,504,0,0,12,3
29,keyGen,keyGen,3,SHAKE128,squeeze,4,0,168,0,1,4,1
29,keyGen,keyGen,4,SHAKE128,absorb,4,34,0,1,-1,0,0
29,keyGen,keyGen,5,SHAKE128,squeeze,4,0,504,1,0,12,3
29,keyGen,keyGen,6,SHAKE128,absorb,4,34,0,2,-1,0,0
29,keyGen,keyGen,7,SHAKE128,squeeze,4,0,504,2,0,12,3
29,keyGen,keyGen,8,SHAKE128,absorb,4,34,0,3,-1,0,0
29,keyGen,keyGen,9,SHAKE128,squeeze,4,0,504,3,0,12,3
29,keyGen,keyGen,10,SHAKE256,oneshot,1,33,128,-1,-1,1,0
29,keyGen,keyGen,11,SHAKE256,oneshot,1,33,128,-1,-1,1,0
29,keyGen,keyGen,12,SHAKE256,oneshot,1,33,128,-1,-1,1,0
29,keyGen,keyGen,13,SHAKE256,oneshot,1,33,128,-1,-1,1,0
29,keyGen,keyGen,14,SHAKE256,oneshot,1,33,128,-1,-1,1,0
29,keyGen,keyGen,15,SHAKE256,oneshot,1,33,128,-1,-1,1,0
29,keyGen,keyGen,16,SHAKE256,oneshot,1,33,128,-1,-1,1,0
29,keyGen,keyGen,17,SHAKE256,oneshot,1,33,128,-1,-1,1,0
29,keyGen,keyGen,18,SHA3-256,oneshot,1,1568,32,-1,-1,12,0
30,keyGen,keyGen,0,SHA3-512,oneshot,1,33,64,-1,-1,1,0
30,keyGen,keyGen,1,SHAKE128,absorb,4,34,0,0,-1,0,0
30,keyGen,keyGen,2,SHAKE128,squeeze,4,0,504,0,0,12,3
30,keyGen,keyGen,3,SHAKE128,absorb,4,34,0,1,-1,0,0
30,keyGen,keyGen,4,SHAKE128,squeeze,4,0,504,1,0,12,3
30,keyGen,keyGen,5,SHAKE128,absorb,4,34,0,2,-1,0,0
30,keyGen,keyGen,6,SHAKE128,squeeze,4,0,504,2,0,12,3
30,keyGen,keyGen,7,SHAKE128,absorb,4,34,0,3,-1,0,0
30,keyGen,keyGen,8,SHAKE128,squeeze,4,0,504,3,0,12,3
30,keyGen,keyGen,9,SHAKE256,oneshot,1,33,128,-1,-1,1,0
30,keyGen,keyGen,10,SHAKE256,oneshot,1,33,128,-1,-1,1,0
30,keyGen,keyGen,11,SHAKE256,oneshot,1,33,128,-1,-1,1,0
30,keyGen,keyGen,12,SHAKE256,oneshot,1,33,128,-1,-1,1,0
30,keyGen,keyGen,13,SHAKE256,oneshot,1,33,128,-1,-1,1,0
30,keyGen,keyGen,14,SHAKE256,oneshot,1,33,128,-1,-1,1,0
30,keyGen,keyGen,15,SHAKE256,oneshot,1,33,128,-1,-1,1,0
30,keyGen,keyGen,16,SHAKE256,oneshot,1,33,128,-1,-1,1,0
30,keyGen,keyGen,17,SHA3-256,oneshot,1,1568,32,-1,-1,12,0
31,keyGen,keyGen,0,SHA3-512,oneshot,1,33,64,-1,-1,1,0
31,keyGen,keyGen,1,SHAKE128,absorb,4,34,0,0,-1,0,0
31,keyGen,keyGen,2,SHAKE128,squeeze,4,0,504,0,0,12,3
31,keyGen,keyGen,3,SHAKE128,absorb,4,34,0,1,-1,0,0
31,keyGen,keyGen,4,SHAKE128,squeeze,4,0,504,1,0,12,3
31,keyGen,keyGen,5,SHAKE128,absorb,4,34,0,2,-1,0,0
31,keyGen,keyGen,6,SHAKE128,squeeze,4,0,504,2,0,12,3
31,keyGen,keyGen,7,SHAKE128,squeeze,4,0,168,2,1,4,1
31,keyGen,keyGen,8,SHAKE128,absorb,4,34,0,3,-1,0,0
31,keyGen,keyGen,9,SHAKE128,squeeze,4,0,504,3,0,12,3
31,keyGen,keyGen,10,SHAKE256,oneshot,1,33,128,-1,-1,1,0
31,keyGen,keyGen,11,SHAKE256,oneshot,1,33,128,-1,-1,1,0
31,keyGen,keyGen,12,SHAKE256,oneshot,1,33,128,-1,-1,1,0
31,keyGen,keyGen,13,SHAKE256,oneshot,1,33,128,-1,-1,1,0
31,keyGen,keyGen,14,SHAKE256,oneshot,1,33,128,-1,-1,1,0
31,keyGen,keyGen,15,SHAKE256,oneshot,1,33,128,-1,-1,1,0
31,keyGen,keyGen,16,SHAKE256,oneshot,1,33,128,-1,-1,1,0
31,keyGen,keyGen,17,SHAKE256,oneshot,1,33,128,-1,-1,1,0
31,keyGen,keyGen,18,SHA3-256,oneshot,1,1568,32,-1,-1,12,0
32,encapsulation,encapsulation,0,SHA3-256,oneshot,1,1568,32,-1,-1,12,0
32,encapsulation,encapsulation,1,SHA3-512,oneshot,1,64,64,-1,-1,1,0
32,encapsulation,encapsulation,2,SHAKE128,absorb,4,34,0,0,-1,0,0
32,encapsulation,encapsulation,3,SHAKE128,squeeze,4,0,504,0,0,12,3
32,encapsulation,encapsulation,4,SHAKE128,absorb,4,34,0,1,-1,0,0
32,encapsulation,encapsulation,5,SHAKE128,squeeze,4,0,504,1,0,12,3
32,encapsulation,encapsulation,6,SHAKE128,absorb,4,34,0,2,-1,0,0
32,encapsulation,encapsulation,7,SHAKE128,squeeze,4,0,504,2,0,12,3
32,encapsulation,encapsulation,8,SHAKE128,absorb,4,34,0,3,-1,0,0
32,encapsulation,encapsulation,9,SHAKE128,squeeze,4,0,504,3,0,12,3
32,encapsulation,encapsulation,10,SHAKE128,squeeze,4,0,168,3,1,4,1
32,encapsulation,encapsulation,11,SHAKE256,oneshot,1,33,128,-1,-1,1,0
32,encapsulation,encapsulation,12,SHAKE256,oneshot,1,33,128,-1,-1,1,0
32,encapsulation,encapsulation,13,SHAKE256,oneshot,1,33,128,-1,-1,1,0
32,encapsulation,encapsulation,14,SHAKE256,oneshot,1,33,128,-1,-1,1,0
32,encapsulation,encapsulation,15,SHAKE256,oneshot,1,33,128,-1,-1,1,0
32,encapsulation,encapsulation,16,SHAKE256,oneshot,1,33,128,-1,-1,1,0
32,encapsulation,encapsulation,17,SHAKE256,oneshot,1,33,128,-1,-1,1,0
32,encapsulation,encapsulation,18,SHAKE256,oneshot,1,33,128,-1,-1,1,0
32,encapsulation,encapsulation,19,SHAKE256,oneshot,1,33,128,-1,-1,1,0
33,encapsulation,encapsulation,0,SHA3-256,oneshot,1,1568,32,-1,-1,12,0
33,encapsulation,encapsulation,1,SHA3-512,oneshot,1,64,64,-1,-1,1,0
33,encapsulation,encapsulation,2,SHAKE128,absorb,4,34,0,0,-1,0,0
33,encapsulation,encapsulation,3,SHAKE128,squeeze,4,0,504,0,0,12,3
33,encapsulation,encapsulation,4,SHAKE128,absorb,4,34,0,1,-1,0,0
33,encapsulation,encapsulation,5,SHAKE128,squeeze,4,0,504,1,0,12,3
33,encapsulation,encapsulation,6,SHAKE128,absorb,4,34,0,2,-1,0,0
33,encapsulation,encapsulation,7,SHAKE128,squeeze,4,0,504,2,0,12,3
33,encapsulation,encapsulation,8,SHAKE128,absorb,4,34,0,3,-1,0,0
33,encapsulation,encapsulation,9,SHAKE128,squeeze,4,0,504,3,0,12,3
33,encapsulation,encapsulation,10,SHAKE256,oneshot,1,33,128,-1,-1,1,0
33,encapsulation,encapsulation,11,SHAKE256,oneshot,1,33,128,-1,-1,1,0
33,encapsulation,encapsulation,12,SHAKE256,oneshot,1,33,128,-1,-1,1,0
33,encapsulation,encapsulation,13,SHAKE256,oneshot,1,33,128,-1,-1,1,0
33,encapsulation,encapsulation,14,SHAKE256,oneshot,1,33,128,-1,-1,1,0
33,encapsulation,encapsulation,15,SHAKE256,oneshot,1,33,128,-1,-1,1,0
33,encapsulation,encapsulation,16,SHAKE256,oneshot,1,33,128,-1,-1,1,0
33,encapsulation,encapsulation,17,SHAKE256,oneshot,1,33,128,-1,-1,1,0
33,encapsulation,encapsulation,18,SHAKE256,oneshot,1,33,128,-1,-1,1,0
34,encapsulation,encapsulation,0,SHA3-256,oneshot,1,1568,32,-1,-1,12,0
34,encapsulation,encapsulation,1,SHA3-512,oneshot,1,64,64,-1,-1,1,0
34,encapsulation,encapsulation,2,SHAKE128,absorb,4,34,0,0,-1,0,0
34,encapsulation,encapsulation,3,SHAKE128,squeeze,4,0,504,0,0,12,3
34,encapsulation,encapsulation,4,SHAKE128,absorb,4,34,0,1,-1,0,0
34,encapsulation,encapsulation,5,SHAKE128,squeeze,4,0,504,1,0,12,3
34,encapsulation,encapsulation,6,SHAKE128,absorb,4,34,0,2,-1,0,0
34,encapsulation,encapsulation,7,SHAKE128,squeeze,4,0,504,2,0,12,3
34,encapsulation,encapsulation,8,SHAKE128,absorb,4,34,0,3,-1,0,0
34,encapsulation,encapsulation,9,SHAKE128,squeeze,4,0,504,3,0,12,3
34,encapsulation,encapsulation,10,SHAKE256,oneshot,1,33,128,-1,-1,1,0
34,encapsulation,encapsulation,11,SHAKE256,oneshot,1,33,128,-1,-1,1,0
34,encapsulation,encapsulation,12,SHAKE256,oneshot,1,33,128,-1,-1,1,0
34,encapsulation,encapsulation,13,SHAKE256,oneshot,1,33,128,-1,-1,1,0
34,encapsulation,encapsulation,14,SHAKE256,oneshot,1,33,128,-1,-1,1,0
34,encapsulation,encapsulation,15,SHAKE256,oneshot,1,33,128,-1,-1,1,0
34,encapsulation,encapsulation,16,SHAKE256,oneshot,1,33,128,-1,-1,1,0
34,encapsulation,encapsulation,17,SHAKE256,oneshot,1,33,128,-1,-1,1,0
34,encapsulation,encapsulation,18,SHAKE256,oneshot,1,33,128,-1,-1,1,0
35,encapsulation,encapsulation,0,SHA3-256,oneshot,1,1568,32,-1,-1,12,0
35,encapsulation,encapsulation,1,SHA3-512,oneshot,1,64,64,-1,-1,1,0
35,encapsulation,encapsulation,2,SHAKE128,absorb,4,34,0,0,-1,0,0
35,encapsulation,encapsulation,3,SHAKE128,squeeze,4,0,504,0,0,12,3
35,encapsulation,encapsulation,4,SHAKE128,absorb,4,34,0,1,-1,0,0
35,encapsulation,encapsulation,5,SHAKE128,squeeze,4,0,504,1,0,12,3
35,encapsulation,encapsulation,6,SHAKE128,absorb,4,34,0,2,-1,0,0
35,encapsulation,encapsulation,7,SHAKE128,squeeze,4,0,504,2,0,12,3
35,encapsulation,encapsulation,8,SHAKE128,absorb,4,34,0,3,-1,0,0
35,encapsulation,encapsulation,9,SHAKE128,squeeze,4,0,504,3,0,12,3
35,encapsulation,encapsulation,10,SHAKE256,oneshot,1,33,128,-1,-1,1,0
35,encapsulation,encapsulation,11,SHAKE256,oneshot,1,33,128,-1,-1,1,0
35,encapsulation,encapsulation,12,SHAKE256,oneshot,1,33,128,-1,-1,1,0
35,encapsulation,encapsulation,13,SHAKE256,oneshot,1,33,128,-1,-1,1,0
35,encapsulation,encapsulation,14,SHAKE256,oneshot,1,33,128,-1,-1,1,0
35,encapsulation,encapsulation,15,SHAKE256,oneshot,1,33,128,-1,-1,1,0
35,encapsulation,encapsulation,16,SHAKE256,oneshot,1,33,128,-1,-1,1,0
35,encapsulation,encapsulation,17,SHAKE256,oneshot,1,33,128,-1,-1,1,0
35,encapsulation,encapsulation,18,SHAKE256,oneshot,1,33,128,-1,-1,1,0
36,encapsulation,encapsulation,0,SHA3-256,oneshot,1,1568,32,-1,-1,12,0
36,encapsulation,encapsulation,1,SHA3-512,oneshot,1,64,64,-1,-1,1,0
36,encapsulation,encapsulation,2,SHAKE128,absorb,4,34,0,0,-1,0,0
36,encapsulation,encapsulation,3,SHAKE128,squeeze,4,0,504,0,0,12,3
36,encapsulation,encapsulation,4,SHAKE128,absorb,4,34,0,1,-1,0,0
36,encapsulation,encapsulation,5,SHAKE128,squeeze,4,0,504,1,0,12,3
36,encapsulation,encapsulation,6,SHAKE128,absorb,4,34,0,2,-1,0,0
36,encapsulation,encapsulation,7,SHAKE128,squeeze,4,0,504,2,0,12,3
36,encapsulation,encapsulation,8,SHAKE128,absorb,4,34,0,3,-1,0,0
36,encapsulation,encapsulation,9,SHAKE128,squeeze,4,0,504,3,0,12,3
36,encapsulation,encapsulation,10,SHAKE256,oneshot,1,33,128,-1,-1,1,0
36,encapsulation,encapsulation,11,SHAKE256,oneshot,1,33,128,-1,-1,1,0
36,encapsulation,encapsulation,12,SHAKE256,oneshot,1,33,128,-1,-1,1,0
36,encapsulation,encapsulation,13,SHAKE256,oneshot,1,33,128,-1,-1,1,0
36,encapsulation,encapsulation,14,SHAKE256,oneshot,1,33,128,-1,-1,1,0
36,encapsulation,encapsulation,15,SHAKE256,oneshot,1,33,128,-1,-1,1,0
36,encapsulation,encapsulation,16,SHAKE256,oneshot,1,33,128,-1,-1,1,0
36,encapsulation,encapsulation,17,SHAKE256,oneshot,1,33,128,-1,-1,1,0
36,encapsulation,encapsulation,18,SHAKE256,oneshot,1,33,128,-1,-1,1,0
37,encapsulation,encapsulation,0,SHA3-256,oneshot,1,1568,32,-1,-1,12,0
37,encapsulation,encapsulation,1,SHA3-512,oneshot,1,64,64,-1,-1,1,0
37,encapsulation,encapsulation,2,SHAKE128,absorb,4,34,0,0,-1,0,0
37,encapsulation,encapsulation,3,SHAKE128,squeeze,4,0,504,0,0,12,3
37,encapsulation,encapsulation,4,SHAKE128,squeeze,4,0,168,0,1,4,1
37,encapsulation,encapsulation,5,SHAKE128,absorb,4,34,0,1,-1,0,0
37,encapsulation,encapsulation,6,SHAKE128,squeeze,4,0,504,1,0,12,3
37,encapsulation,encapsulation,7,SHAKE128,absorb,4,34,0,2,-1,0,0
37,encapsulation,encapsulation,8,SHAKE128,squeeze,4,0,504,2,0,12,3
37,encapsulation,encapsulation,9,SHAKE128,absorb,4,34,0,3,-1,0,0
37,encapsulation,encapsulation,10,SHAKE128,squeeze,4,0,504,3,0,12,3
37,encapsulation,encapsulation,11,SHAKE256,oneshot,1,33,128,-1,-1,1,0
37,encapsulation,encapsulation,12,SHAKE256,oneshot,1,33,128,-1,-1,1,0
37,encapsulation,encapsulation,13,SHAKE256,oneshot,1,33,128,-1,-1,1,0
37,encapsulation,encapsulation,14,SHAKE256,oneshot,1,33,128,-1,-1,1,0
37,encapsulation,encapsulation,15,SHAKE256,oneshot,1,33,128,-1,-1,1,0
37,encapsulation,encapsulation,16,SHAKE256,oneshot,1,33,128,-1,-1,1,0
37,encapsulation,encapsulation,17,SHAKE256,oneshot,1,33,128,-1,-1,1,0
37,encapsulation,encapsulation,18,SHAKE256,oneshot,1,33,128,-1,-1,1,0
37,encapsulation,encapsulation,19,SHAKE256,oneshot,1,33,128,-1,-1,1,0
38,encapsulation,encapsulation,0,SHA3-256,oneshot,1,1568,32,-1,-1,12,0
38,encapsulation,encapsulation,1,SHA3-512,oneshot,1,64,64,-1,-1,1,0
38,encapsulation,encapsulation,2,SHAKE128,absorb,4,34,0,0,-1,0,0
38,encapsulation,encapsulation,3,SHAKE128,squeeze,4,0,504,0,0,12,3
38,encapsulation,encapsulation,4,SHAKE128,squeeze,4,0,168,0,1,4,1
38,encapsulation,encapsulation,5,SHAKE128,absorb,4,34,0,1,-1,0,0
38,encapsulation,encapsulation,6,SHAKE128,squeeze,4,0,504,1,0,12,3
38,encapsulation,encapsulation,7,SHAKE128,absorb,4,34,0,2,-1,0,0
38,encapsulation,encapsulation,8,SHAKE128,squeeze,4,0,504,2,0,12,3
38,encapsulation,encapsulation,9,SHAKE128,absorb,4,34,0,3,-1,0,0
38,encapsulation,encapsulation,10,SHAKE128,squeeze,4,0,504,3,0,12,3
38,encapsulation,encapsulation,11,SHAKE256,oneshot,1,33,128,-1,-1,1,0
38,encapsulation,encapsulation,12,SHAKE256,oneshot,1,33,128,-1,-1,1,0
38,encapsulation,encapsulation,13,SHAKE256,oneshot,1,33,128,-1,-1,1,0
38,encapsulation,encapsulation,14,SHAKE256,oneshot,1,33,128,-1,-1,1,0
38,encapsulation,encapsulation,15,SHAKE256,oneshot,1,33,128,-1,-1,1,0
38,encapsulation,encapsulation,16,SHAKE256,oneshot,1,33,128,-1,-1,1,0
38,encapsulation,encapsulation,17,SHAKE256,oneshot,1,33,128,-1,-1,1,0
38,encapsulation,encapsulation,18,SHAKE256,oneshot,1,33,128,-1,-1,1,0
38,encapsulation,encapsulation,19,SHAKE256,oneshot,1,33,128,-1,-1,1,0
39,encapsulation,encapsulation,0,SHA3-256,oneshot,1,1568,32,-1,-1,12,0
39,encapsulation,encapsulation,1,SHA3-512,oneshot,1,64,64,-1,-1,1,0
39,encapsulation,encapsulation,2,SHAKE128,absorb,4,34,0,0,-1,0,0
39,encapsulation,encapsulation,3,SHAKE128,squeeze,4,0,504,0,0,12,3
39,encapsulation,encapsulation,4,SHAKE128,absorb,4,34,0,1,-1,0,0
39,encapsulation,encapsulation,5,SHAKE128,squeeze,4,0,504,1,0,12,3
39,encapsulation,encapsulation,6,SHAKE128,absorb,4,34,0,2,-1,0,0
39,encapsulation,encapsulation,7,SHAKE128,squeeze,4,0,504,2,0,12,3
39,encapsulation,encapsulation,8,SHAKE128,absorb,4,34,0,3,-1,0,0
39,encapsulation,encapsulation,9,SHAKE128,squeeze,4,0,504,3,0,12,3
39,encapsulation,encapsulation,10,SHAKE256,oneshot,1,33,128,-1,-1,1,0
39,encapsulation,encapsulation,11,SHAKE256,oneshot,1,33,128,-1,-1,1,0
39,encapsulation,encapsulation,12,SHAKE256,oneshot,1,33,128,-1,-1,1,0
39,encapsulation,encapsulation,13,SHAKE256,oneshot,1,33,128,-1,-1,1,0
39,encapsulation,encapsulation,14,SHAKE256,oneshot,1,33,128,-1,-1,1,0
39,encapsulation,encapsulation,15,SHAKE256,oneshot,1,33,128,-1,-1,1,0
39,encapsulation,encapsulation,16,SHAKE256,oneshot,1,33,128,-1,-1,1,0
39,encapsulation,encapsulation,17,SHAKE256,oneshot,1,33,128,-1,-1,1,0
39,encapsulation,encapsulation,18,SHAKE256,oneshot,1,33,128,-1,-1,1,0
40,encapsulation,encapsulation,0,SHA3-256,oneshot,1,1568,32,-1,-1,12,0
40,encapsulation,encapsulation,1,SHA3-512,oneshot,1,64,64,-1,-1,1,0
40,encapsulation,encapsulation,2,SHAKE128,absorb,4,34,0,0,-1,0,0
40,encapsulation,encapsulation,3,SHAKE128,squeeze,4,0,504,0,0,12,3
40,encapsulation,encapsulation,4,SHAKE128,absorb,4,34,0,1,-1,0,0
40,encapsulation,encapsulation,5,SHAKE128,squeeze,4,0,504,1,0,12,3
40,encapsulation,encapsulation,6,SHAKE128,absorb,4,34,0,2,-1,0,0
40,encapsulation,encapsulation,7,SHAKE128,squeeze,4,0,504,2,0,12,3
40,encapsulation,encapsulation,8,SHAKE128,absorb,4,34,0,3,-1,0,0
40,encapsulation,encapsulation,9,SHAKE128,squeeze,4,0,504,3,0,12,3
40,encapsulation,encapsulation,10,SHAKE256,oneshot,1,33,128,-1,-1,1,0
40,encapsulation,encapsulation,11,SHAKE256,oneshot,1,33,128,-1,-1,1,0
40,encapsulation,encapsulation,12,SHAKE256,oneshot,1,33,128,-1,-1,1,0
40,encapsulation,encapsulation,13,SHAKE256,oneshot,1,33,128,-1,-1,1,0
40,encapsulation,encapsulation,14,SHAKE256,oneshot,1,33,128,-1,-1,1,0
40,encapsulation,encapsulation,15,SHAKE256,oneshot,1,33,128,-1,-1,1,0
40,encapsulation,encapsulation,16,SHAKE256,oneshot,1,33,128,-1,-1,1,0
40,encapsulation,encapsulation,17,SHAKE256,oneshot,1,33,128,-1,-1,1,0
40,encapsulation,encapsulation,18,SHAKE256,oneshot,1,33,128,-1,-1,1,0
41,encapsulation,encapsulation,0,SHA3-256,oneshot,1,1568,32,-1,-1,12,0
41,encapsulation,encapsulation,1,SHA3-512,oneshot,1,64,64,-1,-1,1,0
41,encapsulation,encapsulation,2,SHAKE128,absorb,4,34,0,0,-1,0,0
41,encapsulation,encapsulation,3,SHAKE128,squeeze,4,0,504,0,0,12,3
41,encapsulation,encapsulation,4,SHAKE128,absorb,4,34,0,1,-1,0,0
41,encapsulation,encapsulation,5,SHAKE128,squeeze,4,0,504,1,0,12,3
41,encapsulation,encapsulation,6,SHAKE128,absorb,4,34,0,2,-1,0,0
41,encapsulation,encapsulation,7,SHAKE128,squeeze,4,0,504,2,0,12,3
41,encapsulation,encapsulation,8,SHAKE128,absorb,4,34,0,3,-1,0,0
41,encapsulation,encapsulation,9,SHAKE128,squeeze,4,0,504,3,0,12,3
41,encapsulation,encapsulation,10,SHAKE256,oneshot,1,33,128,-1,-1,1,0
41,encapsulation,encapsulation,11,SHAKE256,oneshot,1,33,128,-1,-1,1,0
41,encapsulation,encapsulation,12,SHAKE256,oneshot,1,33,128,-1,-1,1,0
41,encapsulation,encapsulation,13,SHAKE256,oneshot,1,33,128,-1,-1,1,0
41,encapsulation,encapsulation,14,SHAKE256,oneshot,1,33,128,-1,-1,1,0
41,encapsulation,encapsulation,15,SHAKE256,oneshot,1,33,128,-1,-1,1,0
41,encapsulation,encapsulation,16,SHAKE256,oneshot,1,33,128,-1,-1,1,0
41,encapsulation,encapsulation,17,SHAKE256,oneshot,1,33,128,-1,-1,1,0
41,encapsulation,encapsulation,18,SHAKE256,oneshot,1,33,128,-1,-1,1,0
42,encapsulation,encapsulation,0,SHA3-256,oneshot,1,1568,32,-1,-1,12,0
42,encapsulation,encapsulation,1,SHA3-512,oneshot,1,64,64,-1,-1,1,0
42,encapsulation,encapsulation,2,SHAKE128,absorb,4,34,0,0,-1,0,0
42,encapsulation,encapsulation,3,SHAKE128,squeeze,4,0,504,0,0,12,3
42,encapsulation,encapsulation,4,SHAKE128,absorb,4,34,0,1,-1,0,0
42,encapsulation,encapsulation,5,SHAKE128,squeeze,4,0,504,1,0,12,3
42,encapsulation,encapsulation,6,SHAKE128,absorb,4,34,0,2,-1,0,0
42,encapsulation,encapsulation,7,SHAKE128,squeeze,4,0,504,2,0,12,3
42,encapsulation,encapsulation,8,SHAKE128,absorb,4,34,0,3,-1,0,0
42,encapsulation,encapsulation,9,SHAKE128,squeeze,4,0,504,3,0,12,3
42,encapsulation,encapsulation,10,SHAKE256,oneshot,1,33,128,-1,-1,1,0
42,encapsulation,encapsulation,11,SHAKE256,oneshot,1,33,128,-1,-1,1,0
42,encapsulation,encapsulation,12,SHAKE256,oneshot,1,33,128,-1,-1,1,0
42,encapsulation,encapsulation,13,SHAKE256,oneshot,1,33,128,-1,-1,1,0
42,encapsulation,encapsulation,14,SHAKE256,oneshot,1,33,128,-1,-1,1,0
42,encapsulation,encapsulation,15,SHAKE256,oneshot,1,33,128,-1,-1,1,0
42,encapsulation,encapsulation,16,SHAKE256,oneshot,1,33,128,-1,-1,1,0
42,encapsulation,encapsulation,17,SHAKE256,oneshot,1,33,128,-1,-1,1,0
42,encapsulation,encapsulation,18,SHAKE256,oneshot,1,33,128,-1,-1,1,0
43,encapsulation,encapsulation,0,SHA3-256,oneshot,1,1568,32,-1,-1,12,0
43,encapsulation,encapsulation,1,SHA3-512,oneshot,1,64,64,-1,-1,1,0
43,encapsulation,encapsulation,2,SHAKE128,absorb,4,34,0,0,-1,0,0
43,encapsulation,encapsulation,3,SHAKE128,squeeze,4,0,504,0,0,12,3
43,encapsulation,encapsulation,4,SHAKE128,absorb,4,34,0,1,-1,0,0
43,encapsulation,encapsulation,5,SHAKE128,squeeze,4,0,504,1,0,12,3
43,encapsulation,encapsulation,6,SHAKE128,absorb,4,34,0,2,-1,0,0
43,encapsulation,encapsulation,7,SHAKE128,squeeze,4,0,504,2,0,12,3
43,encapsulation,encapsulation,8,SHAKE128,absorb,4,34,0,3,-1,0,0
43,encapsulation,encapsulation,9,SHAKE128,squeeze,4,0,504,3,0,12,3
43,encapsulation,encapsulation,10,SHAKE256,oneshot,1,33,128,-1,-1,1,0
43,encapsulation,encapsulation,11,SHAKE256,oneshot,1,33,128,-1,-1,1,0
43,encapsulation,encapsulation,12,SHAKE256,oneshot,1,33,128,-1,-1,1,0
43,encapsulation,encapsulation,13,SHAKE256,oneshot,1,33,128,-1,-1,1,0
43,encapsulation,encapsulation,14,SHAKE256,oneshot,1,33,128,-1,-1,1,0
43,encapsulation,encapsulation,15,SHAKE256,oneshot,1,33,128,-1,-1,1,0
43,encapsulation,encapsulation,16,SHAKE256,oneshot,1,33,128,-1,-1,1,0
43,encapsulation,encapsulation,17,SHAKE256,oneshot,1,33,128,-1,-1,1,0
43,encapsulation,encapsulation,18,SHAKE256,oneshot,1,33,128,-1,-1,1,0
44,encapsulation,encapsulation,0,SHA3-256,oneshot,1,1568,32,-1,-1,12,0
44,encapsulation,encapsulation,1,SHA3-512,oneshot,1,64,64,-1,-1,1,0
44,encapsulation,encapsulation,2,SHAKE128,absorb,4,34,0,0,-1,0,0
44,encapsulation,encapsulation,3,SHAKE128,squeeze,4,0,504,0,0,12,3
44,encapsulation,encapsulation,4,SHAKE128,absorb,4,34,0,1,-1,0,0
44,encapsulation,encapsulation,5,SHAKE128,squeeze,4,0,504,1,0,12,3
44,encapsulation,encapsulation,6,SHAKE128,absorb,4,34,0,2,-1,0,0
44,encapsulation,encapsulation,7,SHAKE128,squeeze,4,0,504,2,0,12,3
44,encapsulation,encapsulation,8,SHAKE128,absorb,4,34,0,3,-1,0,0
44,encapsulation,encapsulation,9,SHAKE128,squeeze,4,0,504,3,0,12,3
44,encapsulation,encapsulation,10,SHAKE256,oneshot,1,33,128,-1,-1,1,0
44,encapsulation,encapsulation,11,SHAKE256,oneshot,1,33,128,-1,-1,1,0
44,encapsulation,encapsulation,12,SHAKE256,oneshot,1,33,128,-1,-1,1,0
44,encapsulation,encapsulation,13,SHAKE256,oneshot,1,33,128,-1,-1,1,0
44,encapsulation,encapsulation,14,SHAKE256,oneshot,1,33,128,-1,-1,1,0
44,encapsulation,encapsulation,15,SHAKE256,oneshot,1,33,128,-1,-1,1,0
44,encapsulation,encapsulation,16,SHAKE256,oneshot,1,33,128,-1,-1,1,0
44,encapsulation,encapsulation,17,SHAKE256,oneshot,1,33,128,-1,-1,1,0
44,encapsulation,encapsulation,18,SHAKE256,oneshot,1,33,128,-1,-1,1,0
45,encapsulation,encapsulation,0,SHA3-256,oneshot,1,1568,32,-1,-1,12,0
45,encapsulation,encapsulation,1,SHA3-512,oneshot,1,64,64,-1,-1,1,0
45,encapsulation,encapsulation,2,SHAKE128,absorb,4,34,0,0,-1,0,0
45,encapsulation,encapsulation,3,SHAKE128,squeeze,4,0,504,0,0,12,3
45,encapsulation,encapsulation,4,SHAKE128,absorb,4,34,0,1,-1,0,0
45,encapsulation,encapsulation,5,SHAKE128,squeeze,4,0,504,1,0,12,3
45,encapsulation,encapsulation,6,SHAKE128,absorb,4,34,0,2,-1,0,0
45,encapsulation,encapsulation,7,SHAKE128,squeeze,4,0,504,2,0,12,3
45,encapsulation,encapsulation,8,SHAKE128,absorb,4,34,0,3,-1,0,0
45,encapsulation,encapsulation,9,SHAKE128,squeeze,4,0,504,3,0,12,3
45,encapsulation,encapsulation,10,SHAKE256,oneshot,1,33,128,-1,-1,1,0
45,encapsulation,encapsulation,11,SHAKE256,oneshot,1,33,128,-1,-1,1,0
45,encapsulation,encapsulation,12,SHAKE256,oneshot,1,33,128,-1,-1,1,0
45,encapsulation,encapsulation,13,SHAKE256,oneshot,1,33,128,-1,-1,1,0
45,encapsulation,encapsulation,14,SHAKE256,oneshot,1,33,128,-1,-1,1,0
45,encapsulation,encapsulation,15,SHAKE256,oneshot,1,33,128,-1,-1,1,0
45,encapsulation,encapsulation,16,SHAKE256,oneshot,1,33,128,-1,-1,1,0
45,encapsulation,encapsulation,17,SHAKE256,oneshot,1,33,128,-1,-1,1,0
45,encapsulation,encapsulation,18,SHAKE256,oneshot,1,33,128,-1,-1,1,0
46,encapsulation,encapsulation,0,SHA3-256,oneshot,1,1568,32,-1,-1,12,0
46,encapsulation,encapsulation,1,SHA3-512,oneshot,1,64,64,-1,-1,1,0
46,encapsulation,encapsulation,2,SHAKE128,absorb,4,34,0,0,-1,0,0
46,encapsulation,encapsulation,3,SHAKE128,squeeze,4,0,504,0,0,12,3
46,encapsulation,encapsulation,4,SHAKE128,absorb,4,34,0,1,-1,0,0
46,encapsulation,encapsulation,5,SHAKE128,squeeze,4,0,504,1,0,12,3
46,encapsulation,encapsulation,6,SHAKE128,absorb,4,34,0,2,-1,0,0
46,encapsulation,encapsulation,7,SHAKE128,squeeze,4,0,504,2,0,12,3
46,encapsulation,encapsulation,8,SHAKE128,absorb,4,34,0,3,-1,0,0
46,encapsulation,encapsulation,9,SHAKE128,squeeze,4,0,504,3,0,12,3
46,encapsulation,encapsulation,10,SHAKE256,oneshot,1,33,128,-1,-1,1,0
46,encapsulation,encapsulation,11,SHAKE256,oneshot,1,33,128,-1,-1,1,0
46,encapsulation,encapsulation,12,SHAKE256,oneshot,1,33,128,-1,-1,1,0
46,encapsulation,encapsulation,13,SHAKE256,oneshot,1,33,128,-1,-1,1,0
46,encapsulation,encapsulation,14,SHAKE256,oneshot,1,33,128,-1,-1,1,0
46,encapsulation,encapsulation,15,SHAKE256,oneshot,1,33,128,-1,-1,1,0
46,encapsulation,encapsulation,16,SHAKE256,oneshot,1,33,128,-1,-1,1,0
46,encapsulation,encapsulation,17,SHAKE256,oneshot,1,33,128,-1,-1,1,0
46,encapsulation,encapsulation,18,SHAKE256,oneshot,1,33,128,-1,-1,1,0
47,encapsulation,encapsulation,0,SHA3-256,oneshot,1,1568,32,-1,-1,12,0
47,encapsulation,encapsulation,1,SHA3-512,oneshot,1,64,64,-1,-1,1,0
47,encapsulation,encapsulation,2,SHAKE128,absorb,4,34,0,0,-1,0,0
47,encapsulation,encapsulation,3,SHAKE128,squeeze,4,0,504,0,0,12,3
47,encapsulation,encapsulation,4,SHAKE128,absorb,4,34,0,1,-1,0,0
47,encapsulation,encapsulation,5,SHAKE128,squeeze,4,0,504,1,0,12,3
47,encapsulation,encapsulation,6,SHAKE128,absorb,4,34,0,2,-1,0,0
47,encapsulation,encapsulation,7,SHAKE128,squeeze,4,0,504,2,0,12,3
47,encapsulation,encapsulation,8,SHAKE128,absorb,4,34,0,3,-1,0,0
47,encapsulation,encapsulation,9,SHAKE128,squeeze,4,0,504,3,0,12,3
47,encapsulation,encapsulation,10,SHAKE256,oneshot,1,33,128,-1,-1,1,0
47,encapsulation,encapsulation,11,SHAKE256,oneshot,1,33,128,-1,-1,1,0
47,encapsulation,encapsulation,12,SHAKE256,oneshot,1,33,128,-1,-1,1,0
47,encapsulation,encapsulation,13,SHAKE256,oneshot,1,33,128,-1,-1,1,0
47,encapsulation,encapsulation,14,SHAKE256,oneshot,1,33,128,-1,-1,1,0
47,encapsulation,encapsulation,15,SHAKE256,oneshot,1,33,128,-1,-1,1,0
47,encapsulation,encapsulation,16,SHAKE256,oneshot,1,33,128,-1,-1,1,0
47,encapsulation,encapsulation,17,SHAKE256,oneshot,1,33,128,-1,-1,1,0
47,encapsulation,encapsulation,18,SHAKE256,oneshot,1,33,128,-1,-1,1,0
48,encapsulation,encapsulation,0,SHA3-256,oneshot,1,1568,32,-1,-1,12,0
48,encapsulation,encapsulation,1,SHA3-512,oneshot,1,64,64,-1,-1,1,0
48,encapsulation,encapsulation,2,SHAKE128,absorb,4,34,0,0,-1,0,0
48,encapsulation,encapsulation,3,SHAKE128,squeeze,4,0,504,0,0,12,3
48,encapsulation,encapsulation,4,SHAKE128,absorb,4,34,0,1,-1,0,0
48,encapsulation,encapsulation,5,SHAKE128,squeeze,4,0,504,1,0,12,3
48,encapsulation,encapsulation,6,SHAKE128,absorb,4,34,0,2,-1,0,0
48,encapsulation,encapsulation,7,SHAKE128,squeeze,4,0,504,2,0,12,3
48,encapsulation,encapsulation,8,SHAKE128,absorb,4,34,0,3,-1,0,0
48,encapsulation,encapsulation,9,SHAKE128,squeeze,4,0,504,3,0,12,3
48,encapsulation,encapsulation,10,SHAKE256,oneshot,1,33,128,-1,-1,1,0
48,encapsulation,encapsulation,11,SHAKE256,oneshot,1,33,128,-1,-1,1,0
48,encapsulation,encapsulation,12,SHAKE256,oneshot,1,33,128,-1,-1,1,0
48,encapsulation,encapsulation,13,SHAKE256,oneshot,1,33,128,-1,-1,1,0
48,encapsulation,encapsulation,14,SHAKE256,oneshot,1,33,128,-1,-1,1,0
48,encapsulation,encapsulation,15,SHAKE256,oneshot,1,33,128,-1,-1,1,0
48,encapsulation,encapsulation,16,SHAKE256,oneshot,1,33,128,-1,-1,1,0
48,encapsulation,encapsulation,17,SHAKE256,oneshot,1,33,128,-1,-1,1,0
48,encapsulation,encapsulation,18,SHAKE256,oneshot,1,33,128,-1,-1,1,0
49,encapsulation,encapsulation,0,SHA3-256,oneshot,1,1568,32,-1,-1,12,0
49,encapsulation,encapsulation,1,SHA3-512,oneshot,1,64,64,-1,-1,1,0
49,encapsulation,encapsulation,2,SHAKE128,absorb,4,34,0,0,-1,0,0
49,encapsulation,encapsulation,3,SHAKE128,squeeze,4,0,504,0,0,12,3
49,encapsulation,encapsulation,4,SHAKE128,absorb,4,34,0,1,-1,0,0
49,encapsulation,encapsulation,5,SHAKE128,squeeze,4,0,504,1,0,12,3
49,encapsulation,encapsulation,6,SHAKE128,absorb,4,34,0,2,-1,0,0
49,encapsulation,encapsulation,7,SHAKE128,squeeze,4,0,504,2,0,12,3
49,encapsulation,encapsulation,8,SHAKE128,absorb,4,34,0,3,-1,0,0
49,encapsulation,encapsulation,9,SHAKE128,squeeze,4,0,504,3,0,12,3
49,encapsulation,encapsulation,10,SHAKE256,oneshot,1,33,128,-1,-1,1,0
49,encapsulation,encapsulation,11,SHAKE256,oneshot,1,33,128,-1,-1,1,0
49,encapsulation,encapsulation,12,SHAKE256,oneshot,1,33,128,-1,-1,1,0
49,encapsulation,encapsulation,13,SHAKE256,oneshot,1,33,128,-1,-1,1,0
49,encapsulation,encapsulation,14,SHAKE256,oneshot,1,33,128,-1,-1,1,0
49,encapsulation,encapsulation,15,SHAKE256,oneshot,1,33,128,-1,-1,1,0
49,encapsulation,encapsulation,16,SHAKE256,oneshot,1,33,128,-1,-1,1,0
49,encapsulation,encapsulation,17,SHAKE256,oneshot,1,33,128,-1,-1,1,0
49,encapsulation,encapsulation,18,SHAKE256,oneshot,1,33,128,-1,-1,1,0
50,encapsulation,encapsulation,0,SHA3-256,oneshot,1,1568,32,-1,-1,12,0
50,encapsulation,encapsulation,1,SHA3-512,oneshot,1,64,64,-1,-1,1,0
50,encapsulation,encapsulation,2,SHAKE128,absorb,4,34,0,0,-1,0,0
50,encapsulation,encapsulation,3,SHAKE128,squeeze,4,0,504,0,0,12,3
50,encapsulation,encapsulation,4,SHAKE128,squeeze,4,0,168,0,1,4,1
50,encapsulation,encapsulation,5,SHAKE128,absorb,4,34,0,1,-1,0,0
50,encapsulation,encapsulation,6,SHAKE128,squeeze,4,0,504,1,0,12,3
50,encapsulation,encapsulation,7,SHAKE128,absorb,4,34,0,2,-1,0,0
50,encapsulation,encapsulation,8,SHAKE128,squeeze,4,0,504,2,0,12,3
50,encapsulation,encapsulation,9,SHAKE128,absorb,4,34,0,3,-1,0,0
50,encapsulation,encapsulation,10,SHAKE128,squeeze,4,0,504,3,0,12,3
50,encapsulation,encapsulation,11,SHAKE256,oneshot,1,33,128,-1,-1,1,0
50,encapsulation,encapsulation,12,SHAKE256,oneshot,1,33,128,-1,-1,1,0
50,encapsulation,encapsulation,13,SHAKE256,oneshot,1,33,128,-1,-1,1,0
50,encapsulation,encapsulation,14,SHAKE256,oneshot,1,33,128,-1,-1,1,0
50,encapsulation,encapsulation,15,SHAKE256,oneshot,1,33,128,-1,-1,1,0
50,encapsulation,encapsulation,16,SHAKE256,oneshot,1,33,128,-1,-1,1,0
50,encapsulation,encapsulation,17,SHAKE256,oneshot,1,33,128,-1,-1,1,0
50,encapsulation,encapsulation,18,SHAKE256,oneshot,1,33,128,-1,-1,1,0
50,encapsulation,encapsulation,19,SHAKE256,oneshot,1,33,128,-1,-1,1,0
51,encapsulation,encapsulation,0,SHA3-256,oneshot,1,1568,32,-1,-1,12,0
51,encapsulation,encapsulation,1,SHA3-512,oneshot,1,64,64,-1,-1,1,0
51,encapsulation,encapsulation,2,SHAKE128,absorb,4,34,0,0,-1,0,0
51,encapsulation,encapsulation,3,SHAKE128,squeeze,4,0,504,0,0,12,3
51,encapsulation,encapsulation,4,SHAKE128,absorb,4,34,0,1,-1,0,0
51,encapsulation,encapsulation,5,SHAKE128,squeeze,4,0,504,1,0,12,3
51,encapsulation,encapsulation,6,SHAKE128,absorb,4,34,0,2,-1,0,0
51,encapsulation,encapsulation,7,SHAKE128,squeeze,4,0,504,2,0,12,3
51,encapsulation,encapsulation,8,SHAKE128,absorb,4,34,0,3,-1,0,0
51,encapsulation,encapsulation,9,SHAKE128,squeeze,4,0,504,3,0,12,3
51,encapsulation,encapsulation,10,SHAKE256,oneshot,1,33,128,-1,-1,1,0
51,encapsulation,encapsulation,11,SHAKE256,oneshot,1,33,128,-1,-1,1,0
51,encapsulation,encapsulation,12,SHAKE256,oneshot,1,33,128,-1,-1,1,0
51,encapsulation,encapsulation,13,SHAKE256,oneshot,1,33,128,-1,-1,1,0
51,encapsulation,encapsulation,14,SHAKE256,oneshot,1,33,128,-1,-1,1,0
51,encapsulation,encapsulation,15,SHAKE256,oneshot,1,33,128,-1,-1,1,0
51,encapsulation,encapsulation,16,SHAKE256,oneshot,1,33,128,-1,-1,1,0
51,encapsulation,encapsulation,17,SHAKE256,oneshot,1,33,128,-1,-1,1,0
51,encapsulation,encapsulation,18,SHAKE256,oneshot,1,33,128,-1,-1,1,0
52,encapsulation,encapsulation,0,SHA3-256,oneshot,1,1568,32,-1,-1,12,0
52,encapsulation,encapsulation,1,SHA3-512,oneshot,1,64,64,-1,-1,1,0
52,encapsulation,encapsulation,2,SHAKE128,absorb,4,34,0,0,-1,0,0
52,encapsulation,encapsulation,3,SHAKE128,squeeze,4,0,504,0,0,12,3
52,encapsulation,encapsulation,4,SHAKE128,absorb,4,34,0,1,-1,0,0
52,encapsulation,encapsulation,5,SHAKE128,squeeze,4,0,504,1,0,12,3
52,encapsulation,encapsulation,6,SHAKE128,absorb,4,34,0,2,-1,0,0
52,encapsulation,encapsulation,7,SHAKE128,squeeze,4,0,504,2,0,12,3
52,encapsulation,encapsulation,8,SHAKE128,absorb,4,34,0,3,-1,0,0
52,encapsulation,encapsulation,9,SHAKE128,squeeze,4,0,504,3,0,12,3
52,encapsulation,encapsulation,10,SHAKE256,oneshot,1,33,128,-1,-1,1,0
52,encapsulation,encapsulation,11,SHAKE256,oneshot,1,33,128,-1,-1,1,0
52,encapsulation,encapsulation,12,SHAKE256,oneshot,1,33,128,-1,-1,1,0
52,encapsulation,encapsulation,13,SHAKE256,oneshot,1,33,128,-1,-1,1,0
52,encapsulation,encapsulation,14,SHAKE256,oneshot,1,33,128,-1,-1,1,0
52,encapsulation,encapsulation,15,SHAKE256,oneshot,1,33,128,-1,-1,1,0
52,encapsulation,encapsulation,16,SHAKE256,oneshot,1,33,128,-1,-1,1,0
52,encapsulation,encapsulation,17,SHAKE256,oneshot,1,33,128,-1,-1,1,0
52,encapsulation,encapsulation,18,SHAKE256,oneshot,1,33,128,-1,-1,1,0
53,encapsulation,encapsulation,0,SHA3-256,oneshot,1,1568,32,-1,-1,12,0
53,encapsulation,encapsulation,1,SHA3-512,oneshot,1,64,64,-1,-1,1,0
53,encapsulation,encapsulation,2,SHAKE128,absorb,4,34,0,0,-1,0,0
53,encapsulation,encapsulation,3,SHAKE128,squeeze,4,0,504,0,0,12,3
53,encapsulation,encapsulation,4,SHAKE128,absorb,4,34,0,1,-1,0,0
53,encapsulation,encapsulation,5,SHAKE128,squeeze,4,0,504,1,0,12,3
53,encapsulation,encapsulation,6,SHAKE128,absorb,4,34,0,2,-1,0,0
53,encapsulation,encapsulation,7,SHAKE128,squeeze,4,0,504,2,0,12,3
53,encapsulation,encapsulation,8,SHAKE128,absorb,4,34,0,3,-1,0,0
53,encapsulation,encapsulation,9,SHAKE128,squeeze,4,0,504,3,0,12,3
53,encapsulation,encapsulation,10,SHAKE256,oneshot,1,33,128,-1,-1,1,0
53,encapsulation,encapsulation,11,SHAKE256,oneshot,1,33,128,-1,-1,1,0
53,encapsulation,encapsulation,12,SHAKE256,oneshot,1,33,128,-1,-1,1,0
53,encapsulation,encapsulation,13,SHAKE256,oneshot,1,33,128,-1,-1,1,0
53,encapsulation,encapsulation,14,SHAKE256,oneshot,1,33,128,-1,-1,1,0
53,encapsulation,encapsulation,15,SHAKE256,oneshot,1,33,128,-1,-1,1,0
53,encapsulation,encapsulation,16,SHAKE256,oneshot,1,33,128,-1,-1,1,0
53,encapsulation,encapsulation,17,SHAKE256,oneshot,1,33,128,-1,-1,1,0
53,encapsulation,encapsulation,18,SHAKE256,oneshot,1,33,128,-1,-1,1,0
54,encapsulation,encapsulation,0,SHA3-256,oneshot,1,1568,32,-1,-1,12,0
54,encapsulation,encapsulation,1,SHA3-512,oneshot,1,64,64,-1,-1,1,0
54,encapsulation,encapsulation,2,SHAKE128,absorb,4,34,0,0,-1,0,0
54,encapsulation,encapsulation,3,SHAKE128,squeeze,4,0,504,0,0,12,3
54,encapsulation,encapsulation,4,SHAKE128,absorb,4,34,0,1,-1,0,0
54,encapsulation,encapsulation,5,SHAKE128,squeeze,4,0,504,1,0,12,3
54,encapsulation,encapsulation,6,SHAKE128,absorb,4,34,0,2,-1,0,0
54,encapsulation,encapsulation,7,SHAKE128,squeeze,4,0,504,2,0,12,3
54,encapsulation,encapsulation,8,SHAKE128,absorb,4,34,0,3,-1,0,0
54,encapsulation,encapsulation,9,SHAKE128,squeeze,4,0,504,3,0,12,3
54,encapsulation,encapsulation,10,SHAKE256,oneshot,1,33,128,-1,-1,1,0
54,encapsulation,encapsulation,11,SHAKE256,oneshot,1,33,128,-1,-1,1,0
54,encapsulation,encapsulation,12,SHAKE256,oneshot,1,33,128,-1,-1,1,0
54,encapsulation,encapsulation,13,SHAKE256,oneshot,1,33,128,-1,-1,1,0
54,encapsulation,encapsulation,14,SHAKE256,oneshot,1,33,128,-1,-1,1,0
54,encapsulation,encapsulation,15,SHAKE256,oneshot,1,33,128,-1,-1,1,0
54,encapsulation,encapsulation,16,SHAKE256,oneshot,1,33,128,-1,-1,1,0
54,encapsulation,encapsulation,17,SHAKE256,oneshot,1,33,128,-1,-1,1,0
54,encapsulation,encapsulation,18,SHAKE256,oneshot,1,33,128,-1,-1,1,0
55,encapsulation,encapsulation,0,SHA3-256,oneshot,1,1568,32,-1,-1,12,0
55,encapsulation,encapsulation,1,SHA3-512,oneshot,1,64,64,-1,-1,1,0
55,encapsulation,encapsulation,2,SHAKE128,absorb,4,34,0,0,-1,0,0
55,encapsulation,encapsulation,3,SHAKE128,squeeze,4,0,504,0,0,12,3
55,encapsulation,encapsulation,4,SHAKE128,absorb,4,34,0,1,-1,0,0
55,encapsulation,encapsulation,5,SHAKE128,squeeze,4,0,504,1,0,12,3
55,encapsulation,encapsulation,6,SHAKE128,absorb,4,34,0,2,-1,0,0
55,encapsulation,encapsulation,7,SHAKE128,squeeze,4,0,504,2,0,12,3
55,encapsulation,encapsulation,8,SHAKE128,absorb,4,34,0,3,-1,0,0
55,encapsulation,encapsulation,9,SHAKE128,squeeze,4,0,504,3,0,12,3
55,encapsulation,encapsulation,10,SHAKE256,oneshot,1,33,128,-1,-1,1,0
55,encapsulation,encapsulation,11,SHAKE256,oneshot,1,33,128,-1,-1,1,0
55,encapsulation,encapsulation,12,SHAKE256,oneshot,1,33,128,-1,-1,1,0
55,encapsulation,encapsulation,13,SHAKE256,oneshot,1,33,128,-1,-1,1,0
55,encapsulation,encapsulation,14,SHAKE256,oneshot,1,33,128,-1,-1,1,0
55,encapsulation,encapsulation,15,SHAKE256,oneshot,1,33,128,-1,-1,1,0
55,encapsulation,encapsulation,16,SHAKE256,oneshot,1,33,128,-1,-1,1,0
55,encapsulation,encapsulation,17,SHAKE256,oneshot,1,33,128,-1,-1,1,0
55,encapsulation,encapsulation,18,SHAKE256,oneshot,1,33,128,-1,-1,1,0
56,decapsulation,decapsulation,0,SHA3-256,oneshot,1,1568,32,-1,-1,12,0
56,decapsulation,decapsulation,1,SHA3-512,oneshot,1,64,64,-1,-1,1,0
56,decapsulation,decapsulation,2,SHAKE128,absorb,4,34,0,0,-1,0,0
56,decapsulation,decapsulation,3,SHAKE128,squeeze,4,0,504,0,0,12,3
56,decapsulation,decapsulation,4,SHAKE128,absorb,4,34,0,1,-1,0,0
56,decapsulation,decapsulation,5,SHAKE128,squeeze,4,0,504,1,0,12,3
56,decapsulation,decapsulation,6,SHAKE128,absorb,4,34,0,2,-1,0,0
56,decapsulation,decapsulation,7,SHAKE128,squeeze,4,0,504,2,0,12,3
56,decapsulation,decapsulation,8,SHAKE128,absorb,4,34,0,3,-1,0,0
56,decapsulation,decapsulation,9,SHAKE128,squeeze,4,0,504,3,0,12,3
56,decapsulation,decapsulation,10,SHAKE256,oneshot,1,33,128,-1,-1,1,0
56,decapsulation,decapsulation,11,SHAKE256,oneshot,1,33,128,-1,-1,1,0
56,decapsulation,decapsulation,12,SHAKE256,oneshot,1,33,128,-1,-1,1,0
56,decapsulation,decapsulation,13,SHAKE256,oneshot,1,33,128,-1,-1,1,0
56,decapsulation,decapsulation,14,SHAKE256,oneshot,1,33,128,-1,-1,1,0
56,decapsulation,decapsulation,15,SHAKE256,oneshot,1,33,128,-1,-1,1,0
56,decapsulation,decapsulation,16,SHAKE256,oneshot,1,33,128,-1,-1,1,0
56,decapsulation,decapsulation,17,SHAKE256,oneshot,1,33,128,-1,-1,1,0
56,decapsulation,decapsulation,18,SHAKE256,oneshot,1,33,128,-1,-1,1,0
56,decapsulation,decapsulation,19,SHAKE256,oneshot,1,1600,32,-1,-1,12,0
57,decapsulation,decapsulation,0,SHA3-256,oneshot,1,1568,32,-1,-1,12,0
57,decapsulation,decapsulation,1,SHA3-512,oneshot,1,64,64,-1,-1,1,0
57,decapsulation,decapsulation,2,SHAKE128,absorb,4,34,0,0,-1,0,0
57,decapsulation,decapsulation,3,SHAKE128,squeeze,4,0,504,0,0,12,3
57,decapsulation,decapsulation,4,SHAKE128,absorb,4,34,0,1,-1,0,0
57,decapsulation,decapsulation,5,SHAKE128,squeeze,4,0,504,1,0,12,3
57,decapsulation,decapsulation,6,SHAKE128,absorb,4,34,0,2,-1,0,0
57,decapsulation,decapsulation,7,SHAKE128,squeeze,4,0,504,2,0,12,3
57,decapsulation,decapsulation,8,SHAKE128,absorb,4,34,0,3,-1,0,0
57,decapsulation,decapsulation,9,SHAKE128,squeeze,4,0,504,3,0,12,3
57,decapsulation,decapsulation,10,SHAKE256,oneshot,1,33,128,-1,-1,1,0
57,decapsulation,decapsulation,11,SHAKE256,oneshot,1,33,128,-1,-1,1,0
57,decapsulation,decapsulation,12,SHAKE256,oneshot,1,33,128,-1,-1,1,0
57,decapsulation,decapsulation,13,SHAKE256,oneshot,1,33,128,-1,-1,1,0
57,decapsulation,decapsulation,14,SHAKE256,oneshot,1,33,128,-1,-1,1,0
57,decapsulation,decapsulation,15,SHAKE256,oneshot,1,33,128,-1,-1,1,0
57,decapsulation,decapsulation,16,SHAKE256,oneshot,1,33,128,-1,-1,1,0
57,decapsulation,decapsulation,17,SHAKE256,oneshot,1,33,128,-1,-1,1,0
57,decapsulation,decapsulation,18,SHAKE256,oneshot,1,33,128,-1,-1,1,0
57,decapsulation,decapsulation,19,SHAKE256,oneshot,1,1600,32,-1,-1,12,0
58,decapsulation,decapsulation,0,SHA3-256,oneshot,1,1568,32,-1,-1,12,0
58,decapsulation,decapsulation,1,SHA3-512,oneshot,1,64,64,-1,-1,1,0
58,decapsulation,decapsulation,2,SHAKE128,absorb,4,34,0,0,-1,0,0
58,decapsulation,decapsulation,3,SHAKE128,squeeze,4,0,504,0,0,12,3
58,decapsulation,decapsulation,4,SHAKE128,absorb,4,34,0,1,-1,0,0
58,decapsulation,decapsulation,5,SHAKE128,squeeze,4,0,504,1,0,12,3
58,decapsulation,decapsulation,6,SHAKE128,absorb,4,34,0,2,-1,0,0
58,decapsulation,decapsulation,7,SHAKE128,squeeze,4,0,504,2,0,12,3
58,decapsulation,decapsulation,8,SHAKE128,absorb,4,34,0,3,-1,0,0
58,decapsulation,decapsulation,9,SHAKE128,squeeze,4,0,504,3,0,12,3
58,decapsulation,decapsulation,10,SHAKE256,oneshot,1,33,128,-1,-1,1,0
58,decapsulation,decapsulation,11,SHAKE256,oneshot,1,33,128,-1,-1,1,0
58,decapsulation,decapsulation,12,SHAKE256,oneshot,1,33,128,-1,-1,1,0
58,decapsulation,decapsulation,13,SHAKE256,oneshot,1,33,128,-1,-1,1,0
58,decapsulation,decapsulation,14,SHAKE256,oneshot,1,33,128,-1,-1,1,0
58,decapsulation,decapsulation,15,SHAKE256,oneshot,1,33,128,-1,-1,1,0
58,decapsulation,decapsulation,16,SHAKE256,oneshot,1,33,128,-1,-1,1,0
58,decapsulation,decapsulation,17,SHAKE256,oneshot,1,33,128,-1,-1,1,0
58,decapsulation,decapsulation,18,SHAKE256,oneshot,1,33,128,-1,-1,1,0
58,decapsulation,decapsulation,19,SHAKE256,oneshot,1,1600,32,-1,-1,12,0
59,decapsulation,decapsulation,0,SHA3-256,oneshot,1,1568,32,-1,-1,12,0
59,decapsulation,decapsulation,1,SHA3-512,oneshot,1,64,64,-1,-1,1,0
59,decapsulation,decapsulation,2,SHAKE128,absorb,4,34,0,0,-1,0,0
59,decapsulation,decapsulation,3,SHAKE128,squeeze,4,0,504,0,0,12,3
59,decapsulation,decapsulation,4,SHAKE128,absorb,4,34,0,1,-1,0,0
59,decapsulation,decapsulation,5,SHAKE128,squeeze,4,0,504,1,0,12,3
59,decapsulation,decapsulation,6,SHAKE128,absorb,4,34,0,2,-1,0,0
59,decapsulation,decapsulation,7,SHAKE128,squeeze,4,0,504,2,0,12,3
59,decapsulation,decapsulation,8,SHAKE128,absorb,4,34,0,3,-1,0,0
59,decapsulation,decapsulation,9,SHAKE128,squeeze,4,0,504,3,0,12,3
59,decapsulation,decapsulation,10,SHAKE256,oneshot,1,33,128,-1,-1,1,0
59,decapsulation,decapsulation,11,SHAKE256,oneshot,1,33,128,-1,-1,1,0
59,decapsulation,decapsulation,12,SHAKE256,oneshot,1,33,128,-1,-1,1,0
59,decapsulation,decapsulation,13,SHAKE256,oneshot,1,33,128,-1,-1,1,0
59,decapsulation,decapsulation,14,SHAKE256,oneshot,1,33,128,-1,-1,1,0
59,decapsulation,decapsulation,15,SHAKE256,oneshot,1,33,128,-1,-1,1,0
59,decapsulation,decapsulation,16,SHAKE256,oneshot,1,33,128,-1,-1,1,0
59,decapsulation,decapsulation,17,SHAKE256,oneshot,1,33,128,-1,-1,1,0
59,decapsulation,decapsulation,18,SHAKE256,oneshot,1,33,128,-1,-1,1,0
59,decapsulation,decapsulation,19,SHAKE256,oneshot,1,1600,32,-1,-1,12,0
60,decapsulation,decapsulation,0,SHA3-256,oneshot,1,1568,32,-1,-1,12,0
60,decapsulation,decapsulation,1,SHA3-512,oneshot,1,64,64,-1,-1,1,0
60,decapsulation,decapsulation,2,SHAKE128,absorb,4,34,0,0,-1,0,0
60,decapsulation,decapsulation,3,SHAKE128,squeeze,4,0,504,0,0,12,3
60,decapsulation,decapsulation,4,SHAKE128,absorb,4,34,0,1,-1,0,0
60,decapsulation,decapsulation,5,SHAKE128,squeeze,4,0,504,1,0,12,3
60,decapsulation,decapsulation,6,SHAKE128,absorb,4,34,0,2,-1,0,0
60,decapsulation,decapsulation,7,SHAKE128,squeeze,4,0,504,2,0,12,3
60,decapsulation,decapsulation,8,SHAKE128,absorb,4,34,0,3,-1,0,0
60,decapsulation,decapsulation,9,SHAKE128,squeeze,4,0,504,3,0,12,3
60,decapsulation,decapsulation,10,SHAKE256,oneshot,1,33,128,-1,-1,1,0
60,decapsulation,decapsulation,11,SHAKE256,oneshot,1,33,128,-1,-1,1,0
60,decapsulation,decapsulation,12,SHAKE256,oneshot,1,33,128,-1,-1,1,0
60,decapsulation,decapsulation,13,SHAKE256,oneshot,1,33,128,-1,-1,1,0
60,decapsulation,decapsulation,14,SHAKE256,oneshot,1,33,128,-1,-1,1,0
60,decapsulation,decapsulation,15,SHAKE256,oneshot,1,33,128,-1,-1,1,0
60,decapsulation,decapsulation,16,SHAKE256,oneshot,1,33,128,-1,-1,1,0
60,decapsulation,decapsulation,17,SHAKE256,oneshot,1,33,128,-1,-1,1,0
60,decapsulation,decapsulation,18,SHAKE256,oneshot,1,33,128,-1,-1,1,0
60,decapsulation,decapsulation,19,SHAKE256,oneshot,1,1600,32,-1,-1,12,0
61,decapsulation,decapsulation,0,SHA3-256,oneshot,1,1568,32,-1,-1,12,0
61,decapsulation,decapsulation,1,SHA3-512,oneshot,1,64,64,-1,-1,1,0
61,decapsulation,decapsulation,2,SHAKE128,absorb,4,34,0,0,-1,0,0
61,decapsulation,decapsulation,3,SHAKE128,squeeze,4,0,504,0,0,12,3
61,decapsulation,decapsulation,4,SHAKE128,absorb,4,34,0,1,-1,0,0
61,decapsulation,decapsulation,5,SHAKE128,squeeze,4,0,504,1,0,12,3
61,decapsulation,decapsulation,6,SHAKE128,absorb,4,34,0,2,-1,0,0
61,decapsulation,decapsulation,7,SHAKE128,squeeze,4,0,504,2,0,12,3
61,decapsulation,decapsulation,8,SHAKE128,absorb,4,34,0,3,-1,0,0
61,decapsulation,decapsulation,9,SHAKE128,squeeze,4,0,504,3,0,12,3
61,decapsulation,decapsulation,10,SHAKE256,oneshot,1,33,128,-1,-1,1,0
61,decapsulation,decapsulation,11,SHAKE256,oneshot,1,33,128,-1,-1,1,0
61,decapsulation,decapsulation,12,SHAKE256,oneshot,1,33,128,-1,-1,1,0
61,decapsulation,decapsulation,13,SHAKE256,oneshot,1,33,128,-1,-1,1,0
61,decapsulation,decapsulation,14,SHAKE256,oneshot,1,33,128,-1,-1,1,0
61,decapsulation,decapsulation,15,SHAKE256,oneshot,1,33,128,-1,-1,1,0
61,decapsulation,decapsulation,16,SHAKE256,oneshot,1,33,128,-1,-1,1,0
61,decapsulation,decapsulation,17,SHAKE256,oneshot,1,33,128,-1,-1,1,0
61,decapsulation,decapsulation,18,SHAKE256,oneshot,1,33,128,-1,-1,1,0
61,decapsulation,decapsulation,19,SHAKE256,oneshot,1,1600,32,-1,-1,12,0
62,decapsulation,decapsulation,0,SHA3-256,oneshot,1,1568,32,-1,-1,12,0
62,decapsulation,decapsulation,1,SHA3-512,oneshot,1,64,64,-1,-1,1,0
62,decapsulation,decapsulation,2,SHAKE128,absorb,4,34,0,0,-1,0,0
62,decapsulation,decapsulation,3,SHAKE128,squeeze,4,0,504,0,0,12,3
62,decapsulation,decapsulation,4,SHAKE128,absorb,4,34,0,1,-1,0,0
62,decapsulation,decapsulation,5,SHAKE128,squeeze,4,0,504,1,0,12,3
62,decapsulation,decapsulation,6,SHAKE128,squeeze,4,0,168,1,1,4,1
62,decapsulation,decapsulation,7,SHAKE128,absorb,4,34,0,2,-1,0,0
62,decapsulation,decapsulation,8,SHAKE128,squeeze,4,0,504,2,0,12,3
62,decapsulation,decapsulation,9,SHAKE128,absorb,4,34,0,3,-1,0,0
62,decapsulation,decapsulation,10,SHAKE128,squeeze,4,0,504,3,0,12,3
62,decapsulation,decapsulation,11,SHAKE256,oneshot,1,33,128,-1,-1,1,0
62,decapsulation,decapsulation,12,SHAKE256,oneshot,1,33,128,-1,-1,1,0
62,decapsulation,decapsulation,13,SHAKE256,oneshot,1,33,128,-1,-1,1,0
62,decapsulation,decapsulation,14,SHAKE256,oneshot,1,33,128,-1,-1,1,0
62,decapsulation,decapsulation,15,SHAKE256,oneshot,1,33,128,-1,-1,1,0
62,decapsulation,decapsulation,16,SHAKE256,oneshot,1,33,128,-1,-1,1,0
62,decapsulation,decapsulation,17,SHAKE256,oneshot,1,33,128,-1,-1,1,0
62,decapsulation,decapsulation,18,SHAKE256,oneshot,1,33,128,-1,-1,1,0
62,decapsulation,decapsulation,19,SHAKE256,oneshot,1,33,128,-1,-1,1,0
62,decapsulation,decapsulation,20,SHAKE256,oneshot,1,1600,32,-1,-1,12,0
63,decapsulation,decapsulation,0,SHA3-256,oneshot,1,1568,32,-1,-1,12,0
63,decapsulation,decapsulation,1,SHA3-512,oneshot,1,64,64,-1,-1,1,0
63,decapsulation,decapsulation,2,SHAKE128,absorb,4,34,0,0,-1,0,0
63,decapsulation,decapsulation,3,SHAKE128,squeeze,4,0,504,0,0,12,3
63,decapsulation,decapsulation,4,SHAKE128,absorb,4,34,0,1,-1,0,0
63,decapsulation,decapsulation,5,SHAKE128,squeeze,4,0,504,1,0,12,3
63,decapsulation,decapsulation,6,SHAKE128,absorb,4,34,0,2,-1,0,0
63,decapsulation,decapsulation,7,SHAKE128,squeeze,4,0,504,2,0,12,3
63,decapsulation,decapsulation,8,SHAKE128,absorb,4,34,0,3,-1,0,0
63,decapsulation,decapsulation,9,SHAKE128,squeeze,4,0,504,3,0,12,3
63,decapsulation,decapsulation,10,SHAKE256,oneshot,1,33,128,-1,-1,1,0
63,decapsulation,decapsulation,11,SHAKE256,oneshot,1,33,128,-1,-1,1,0
63,decapsulation,decapsulation,12,SHAKE256,oneshot,1,33,128,-1,-1,1,0
63,decapsulation,decapsulation,13,SHAKE256,oneshot,1,33,128,-1,-1,1,0
63,decapsulation,decapsulation,14,SHAKE256,oneshot,1,33,128,-1,-1,1,0
63,decapsulation,decapsulation,15,SHAKE256,oneshot,1,33,128,-1,-1,1,0
63,decapsulation,decapsulation,16,SHAKE256,oneshot,1,33,128,-1,-1,1,0
63,decapsulation,decapsulation,17,SHAKE256,oneshot,1,33,128,-1,-1,1,0
63,decapsulation,decapsulation,18,SHAKE256,oneshot,1,33,128,-1,-1,1,0
63,decapsulation,decapsulation,19,SHAKE256,oneshot,1,1600,32,-1,-1,12,0
64,decapsulation,decapsulation,0,SHA3-256,oneshot,1,1568,32,-1,-1,12,0
64,decapsulation,decapsulation,1,SHA3-512,oneshot,1,64,64,-1,-1,1,0
64,decapsulation,decapsulation,2,SHAKE128,absorb,4,34,0,0,-1,0,0
64,decapsulation,decapsulation,3,SHAKE128,squeeze,4,0,504,0,0,12,3
64,decapsulation,decapsulation,4,SHAKE128,absorb,4,34,0,1,-1,0,0
64,decapsulation,decapsulation,5,SHAKE128,squeeze,4,0,504,1,0,12,3
64,decapsulation,decapsulation,6,SHAKE128,absorb,4,34,0,2,-1,0,0
64,decapsulation,decapsulation,7,SHAKE128,squeeze,4,0,504,2,0,12,3
64,decapsulation,decapsulation,8,SHAKE128,absorb,4,34,0,3,-1,0,0
64,decapsulation,decapsulation,9,SHAKE128,squeeze,4,0,504,3,0,12,3
64,decapsulation,decapsulation,10,SHAKE256,oneshot,1,33,128,-1,-1,1,0
64,decapsulation,decapsulation,11,SHAKE256,oneshot,1,33,128,-1,-1,1,0
64,decapsulation,decapsulation,12,SHAKE256,oneshot,1,33,128,-1,-1,1,0
64,decapsulation,decapsulation,13,SHAKE256,oneshot,1,33,128,-1,-1,1,0
64,decapsulation,decapsulation,14,SHAKE256,oneshot,1,33,128,-1,-1,1,0
64,decapsulation,decapsulation,15,SHAKE256,oneshot,1,33,128,-1,-1,1,0
64,decapsulation,decapsulation,16,SHAKE256,oneshot,1,33,128,-1,-1,1,0
64,decapsulation,decapsulation,17,SHAKE256,oneshot,1,33,128,-1,-1,1,0
64,decapsulation,decapsulation,18,SHAKE256,oneshot,1,33,128,-1,-1,1,0
64,decapsulation,decapsulation,19,SHAKE256,oneshot,1,1600,32,-1,-1,12,0
65,decapsulationKeyCheck,decapsulationKeyCheck,0,SHA3-256,oneshot,1,1568,32,-1,-1,12,0
66,decapsulationKeyCheck,decapsulationKeyCheck,0,SHA3-256,oneshot,1,1568,32,-1,-1,12,0
67,decapsulationKeyCheck,decapsulationKeyCheck,0,SHA3-256,oneshot,1,1568,32,-1,-1,12,0
68,decapsulationKeyCheck,decapsulationKeyCheck,0,SHA3-256,oneshot,1,1568,32,-1,-1,12,0
69,decapsulationKeyCheck,decapsulationKeyCheck,0,SHA3-256,oneshot,1,1568,32,-1,-1,12,0
70,decapsulationKeyCheck,decapsulationKeyCheck,0,SHA3-256,oneshot,1,1568,32,-1,-1,12,0
71,decapsulationKeyCheck,decapsulationKeyCheck,0,SHA3-256,oneshot,1,1568,32,-1,-1,12,0
72,decapsulationKeyCheck,decapsulationKeyCheck,0,SHA3-256,oneshot,1,1568,32,-1,-1,12,0
81,encapsulation,encapsulation,0,SHA3-256,oneshot,1,1568,32,-1,-1,12,0
81,encapsulation,encapsulation,1,SHA3-512,oneshot,1,64,64,-1,-1,1,0
81,encapsulation,encapsulation,2,SHAKE128,absorb,4,34,0,0,-1,0,0
81,encapsulation,encapsulation,3,SHAKE128,squeeze,4,0,504,0,0,12,3
81,encapsulation,encapsulation,4,SHAKE128,absorb,4,34,0,1,-1,0,0
81,encapsulation,encapsulation,5,SHAKE128,squeeze,4,0,504,1,0,12,3
81,encapsulation,encapsulation,6,SHAKE128,absorb,4,34,0,2,-1,0,0
81,encapsulation,encapsulation,7,SHAKE128,squeeze,4,0,504,2,0,12,3
81,encapsulation,encapsulation,8,SHAKE128,absorb,4,34,0,3,-1,0,0
81,encapsulation,encapsulation,9,SHAKE128,squeeze,4,0,504,3,0,12,3
81,encapsulation,encapsulation,10,SHAKE256,oneshot,1,33,128,-1,-1,1,0
81,encapsulation,encapsulation,11,SHAKE256,oneshot,1,33,128,-1,-1,1,0
81,encapsulation,encapsulation,12,SHAKE256,oneshot,1,33,128,-1,-1,1,0
81,encapsulation,encapsulation,13,SHAKE256,oneshot,1,33,128,-1,-1,1,0
81,encapsulation,encapsulation,14,SHAKE256,oneshot,1,33,128,-1,-1,1,0
81,encapsulation,encapsulation,15,SHAKE256,oneshot,1,33,128,-1,-1,1,0
81,encapsulation,encapsulation,16,SHAKE256,oneshot,1,33,128,-1,-1,1,0
81,encapsulation,encapsulation,17,SHAKE256,oneshot,1,33,128,-1,-1,1,0
81,encapsulation,encapsulation,18,SHAKE256,oneshot,1,33,128,-1,-1,1,0
82,encapsulation,encapsulation,0,SHA3-256,oneshot,1,1568,32,-1,-1,12,0
82,encapsulation,encapsulation,1,SHA3-512,oneshot,1,64,64,-1,-1,1,0
82,encapsulation,encapsulation,2,SHAKE128,absorb,4,34,0,0,-1,0,0
82,encapsulation,encapsulation,3,SHAKE128,squeeze,4,0,504,0,0,12,3
82,encapsulation,encapsulation,4,SHAKE128,absorb,4,34,0,1,-1,0,0
82,encapsulation,encapsulation,5,SHAKE128,squeeze,4,0,504,1,0,12,3
82,encapsulation,encapsulation,6,SHAKE128,absorb,4,34,0,2,-1,0,0
82,encapsulation,encapsulation,7,SHAKE128,squeeze,4,0,504,2,0,12,3
82,encapsulation,encapsulation,8,SHAKE128,absorb,4,34,0,3,-1,0,0
82,encapsulation,encapsulation,9,SHAKE128,squeeze,4,0,504,3,0,12,3
82,encapsulation,encapsulation,10,SHAKE256,oneshot,1,33,128,-1,-1,1,0
82,encapsulation,encapsulation,11,SHAKE256,oneshot,1,33,128,-1,-1,1,0
82,encapsulation,encapsulation,12,SHAKE256,oneshot,1,33,128,-1,-1,1,0
82,encapsulation,encapsulation,13,SHAKE256,oneshot,1,33,128,-1,-1,1,0
82,encapsulation,encapsulation,14,SHAKE256,oneshot,1,33,128,-1,-1,1,0
82,encapsulation,encapsulation,15,SHAKE256,oneshot,1,33,128,-1,-1,1,0
82,encapsulation,encapsulation,16,SHAKE256,oneshot,1,33,128,-1,-1,1,0
82,encapsulation,encapsulation,17,SHAKE256,oneshot,1,33,128,-1,-1,1,0
82,encapsulation,encapsulation,18,SHAKE256,oneshot,1,33,128,-1,-1,1,0
83,encapsulation,encapsulation,0,SHA3-256,oneshot,1,1568,32,-1,-1,12,0
83,encapsulation,encapsulation,1,SHA3-512,oneshot,1,64,64,-1,-1,1,0
83,encapsulation,encapsulation,2,SHAKE128,absorb,4,34,0,0,-1,0,0
83,encapsulation,encapsulation,3,SHAKE128,squeeze,4,0,504,0,0,12,3
83,encapsulation,encapsulation,4,SHAKE128,absorb,4,34,0,1,-1,0,0
83,encapsulation,encapsulation,5,SHAKE128,squeeze,4,0,504,1,0,12,3
83,encapsulation,encapsulation,6,SHAKE128,absorb,4,34,0,2,-1,0,0
83,encapsulation,encapsulation,7,SHAKE128,squeeze,4,0,504,2,0,12,3
83,encapsulation,encapsulation,8,SHAKE128,absorb,4,34,0,3,-1,0,0
83,encapsulation,encapsulation,9,SHAKE128,squeeze,4,0,504,3,0,12,3
83,encapsulation,encapsulation,10,SHAKE256,oneshot,1,33,128,-1,-1,1,0
83,encapsulation,encapsulation,11,SHAKE256,oneshot,1,33,128,-1,-1,1,0
83,encapsulation,encapsulation,12,SHAKE256,oneshot,1,33,128,-1,-1,1,0
83,encapsulation,encapsulation,13,SHAKE256,oneshot,1,33,128,-1,-1,1,0
83,encapsulation,encapsulation,14,SHAKE256,oneshot,1,33,128,-1,-1,1,0
83,encapsulation,encapsulation,15,SHAKE256,oneshot,1,33,128,-1,-1,1,0
83,encapsulation,encapsulation,16,SHAKE256,oneshot,1,33,128,-1,-1,1,0
83,encapsulation,encapsulation,17,SHAKE256,oneshot,1,33,128,-1,-1,1,0
83,encapsulation,encapsulation,18,SHAKE256,oneshot,1,33,128,-1,-1,1,0
84,encapsulation,encapsulation,0,SHA3-256,oneshot,1,1568,32,-1,-1,12,0
84,encapsulation,encapsulation,1,SHA3-512,oneshot,1,64,64,-1,-1,1,0
84,encapsulation,encapsulation,2,SHAKE128,absorb,4,34,0,0,-1,0,0
84,encapsulation,encapsulation,3,SHAKE128,squeeze,4,0,504,0,0,12,3
84,encapsulation,encapsulation,4,SHAKE128,squeeze,4,0,168,0,1,4,1
84,encapsulation,encapsulation,5,SHAKE128,absorb,4,34,0,1,-1,0,0
84,encapsulation,encapsulation,6,SHAKE128,squeeze,4,0,504,1,0,12,3
84,encapsulation,encapsulation,7,SHAKE128,squeeze,4,0,168,1,1,4,1
84,encapsulation,encapsulation,8,SHAKE128,absorb,4,34,0,2,-1,0,0
84,encapsulation,encapsulation,9,SHAKE128,squeeze,4,0,504,2,0,12,3
84,encapsulation,encapsulation,10,SHAKE128,absorb,4,34,0,3,-1,0,0
84,encapsulation,encapsulation,11,SHAKE128,squeeze,4,0,504,3,0,12,3
84,encapsulation,encapsulation,12,SHAKE256,oneshot,1,33,128,-1,-1,1,0
84,encapsulation,encapsulation,13,SHAKE256,oneshot,1,33,128,-1,-1,1,0
84,encapsulation,encapsulation,14,SHAKE256,oneshot,1,33,128,-1,-1,1,0
84,encapsulation,encapsulation,15,SHAKE256,oneshot,1,33,128,-1,-1,1,0
84,encapsulation,encapsulation,16,SHAKE256,oneshot,1,33,128,-1,-1,1,0
84,encapsulation,encapsulation,17,SHAKE256,oneshot,1,33,128,-1,-1,1,0
84,encapsulation,encapsulation,18,SHAKE256,oneshot,1,33,128,-1,-1,1,0
84,encapsulation,encapsulation,19,SHAKE256,oneshot,1,33,128,-1,-1,1,0
84,encapsulation,encapsulation,20,SHAKE256,oneshot,1,33,128,-1,-1,1,0
85,encapsulation,encapsulation,0,SHA3-256,oneshot,1,1568,32,-1,-1,12,0
85,encapsulation,encapsulation,1,SHA3-512,oneshot,1,64,64,-1,-1,1,0
85,encapsulation,encapsulation,2,SHAKE128,absorb,4,34,0,0,-1,0,0
85,encapsulation,encapsulation,3,SHAKE128,squeeze,4,0,504,0,0,12,3
85,encapsulation,encapsulation,4,SHAKE128,absorb,4,34,0,1,-1,0,0
85,encapsulation,encapsulation,5,SHAKE128,squeeze,4,0,504,1,0,12,3
85,encapsulation,encapsulation,6,SHAKE128,absorb,4,34,0,2,-1,0,0
85,encapsulation,encapsulation,7,SHAKE128,squeeze,4,0,504,2,0,12,3
85,encapsulation,encapsulation,8,SHAKE128,absorb,4,34,0,3,-1,0,0
85,encapsulation,encapsulation,9,SHAKE128,squeeze,4,0,504,3,0,12,3
85,encapsulation,encapsulation,10,SHAKE256,oneshot,1,33,128,-1,-1,1,0
85,encapsulation,encapsulation,11,SHAKE256,oneshot,1,33,128,-1,-1,1,0
85,encapsulation,encapsulation,12,SHAKE256,oneshot,1,33,128,-1,-1,1,0
85,encapsulation,encapsulation,13,SHAKE256,oneshot,1,33,128,-1,-1,1,0
85,encapsulation,encapsulation,14,SHAKE256,oneshot,1,33,128,-1,-1,1,0
85,encapsulation,encapsulation,15,SHAKE256,oneshot,1,33,128,-1,-1,1,0
85,encapsulation,encapsulation,16,SHAKE256,oneshot,1,33,128,-1,-1,1,0
85,encapsulation,encapsulation,17,SHAKE256,oneshot,1,33,128,-1,-1,1,0
85,encapsulation,encapsulation,18,SHAKE256,oneshot,1,33,128,-1,-1,1,0
86,encapsulation,encapsulation,0,SHA3-256,oneshot,1,1568,32,-1,-1,12,0
86,encapsulation,encapsulation,1,SHA3-512,oneshot,1,64,64,-1,-1,1,0
86,encapsulation,encapsulation,2,SHAKE128,absorb,4,34,0,0,-1,0,0
86,encapsulation,encapsulation,3,SHAKE128,squeeze,4,0,504,0,0,12,3
86,encapsulation,encapsulation,4,SHAKE128,absorb,4,34,0,1,-1,0,0
86,encapsulation,encapsulation,5,SHAKE128,squeeze,4,0,504,1,0,12,3
86,encapsulation,encapsulation,6,SHAKE128,absorb,4,34,0,2,-1,0,0
86,encapsulation,encapsulation,7,SHAKE128,squeeze,4,0,504,2,0,12,3
86,encapsulation,encapsulation,8,SHAKE128,absorb,4,34,0,3,-1,0,0
86,encapsulation,encapsulation,9,SHAKE128,squeeze,4,0,504,3,0,12,3
86,encapsulation,encapsulation,10,SHAKE256,oneshot,1,33,128,-1,-1,1,0
86,encapsulation,encapsulation,11,SHAKE256,oneshot,1,33,128,-1,-1,1,0
86,encapsulation,encapsulation,12,SHAKE256,oneshot,1,33,128,-1,-1,1,0
86,encapsulation,encapsulation,13,SHAKE256,oneshot,1,33,128,-1,-1,1,0
86,encapsulation,encapsulation,14,SHAKE256,oneshot,1,33,128,-1,-1,1,0
86,encapsulation,encapsulation,15,SHAKE256,oneshot,1,33,128,-1,-1,1,0
86,encapsulation,encapsulation,16,SHAKE256,oneshot,1,33,128,-1,-1,1,0
86,encapsulation,encapsulation,17,SHAKE256,oneshot,1,33,128,-1,-1,1,0
86,encapsulation,encapsulation,18,SHAKE256,oneshot,1,33,128,-1,-1,1,0
87,encapsulation,encapsulation,0,SHA3-256,oneshot,1,1568,32,-1,-1,12,0
87,encapsulation,encapsulation,1,SHA3-512,oneshot,1,64,64,-1,-1,1,0
87,encapsulation,encapsulation,2,SHAKE128,absorb,4,34,0,0,-1,0,0
87,encapsulation,encapsulation,3,SHAKE128,squeeze,4,0,504,0,0,12,3
87,encapsulation,encapsulation,4,SHAKE128,absorb,4,34,0,1,-1,0,0
87,encapsulation,encapsulation,5,SHAKE128,squeeze,4,0,504,1,0,12,3
87,encapsulation,encapsulation,6,SHAKE128,absorb,4,34,0,2,-1,0,0
87,encapsulation,encapsulation,7,SHAKE128,squeeze,4,0,504,2,0,12,3
87,encapsulation,encapsulation,8,SHAKE128,absorb,4,34,0,3,-1,0,0
87,encapsulation,encapsulation,9,SHAKE128,squeeze,4,0,504,3,0,12,3
87,encapsulation,encapsulation,10,SHAKE256,oneshot,1,33,128,-1,-1,1,0
87,encapsulation,encapsulation,11,SHAKE256,oneshot,1,33,128,-1,-1,1,0
87,encapsulation,encapsulation,12,SHAKE256,oneshot,1,33,128,-1,-1,1,0
87,encapsulation,encapsulation,13,SHAKE256,oneshot,1,33,128,-1,-1,1,0
87,encapsulation,encapsulation,14,SHAKE256,oneshot,1,33,128,-1,-1,1,0
87,encapsulation,encapsulation,15,SHAKE256,oneshot,1,33,128,-1,-1,1,0
87,encapsulation,encapsulation,16,SHAKE256,oneshot,1,33,128,-1,-1,1,0
87,encapsulation,encapsulation,17,SHAKE256,oneshot,1,33,128,-1,-1,1,0
87,encapsulation,encapsulation,18,SHAKE256,oneshot,1,33,128,-1,-1,1,0
88,encapsulation,encapsulation,0,SHA3-256,oneshot,1,1568,32,-1,-1,12,0
88,encapsulation,encapsulation,1,SHA3-512,oneshot,1,64,64,-1,-1,1,0
88,encapsulation,encapsulation,2,SHAKE128,absorb,4,34,0,0,-1,0,0
88,encapsulation,encapsulation,3,SHAKE128,squeeze,4,0,504,0,0,12,3
88,encapsulation,encapsulation,4,SHAKE128,absorb,4,34,0,1,-1,0,0
88,encapsulation,encapsulation,5,SHAKE128,squeeze,4,0,504,1,0,12,3
88,encapsulation,encapsulation,6,SHAKE128,absorb,4,34,0,2,-1,0,0
88,encapsulation,encapsulation,7,SHAKE128,squeeze,4,0,504,2,0,12,3
88,encapsulation,encapsulation,8,SHAKE128,absorb,4,34,0,3,-1,0,0
88,encapsulation,encapsulation,9,SHAKE128,squeeze,4,0,504,3,0,12,3
88,encapsulation,encapsulation,10,SHAKE256,oneshot,1,33,128,-1,-1,1,0
88,encapsulation,encapsulation,11,SHAKE256,oneshot,1,33,128,-1,-1,1,0
88,encapsulation,encapsulation,12,SHAKE256,oneshot,1,33,128,-1,-1,1,0
88,encapsulation,encapsulation,13,SHAKE256,oneshot,1,33,128,-1,-1,1,0
88,encapsulation,encapsulation,14,SHAKE256,oneshot,1,33,128,-1,-1,1,0
88,encapsulation,encapsulation,15,SHAKE256,oneshot,1,33,128,-1,-1,1,0
88,encapsulation,encapsulation,16,SHAKE256,oneshot,1,33,128,-1,-1,1,0
88,encapsulation,encapsulation,17,SHAKE256,oneshot,1,33,128,-1,-1,1,0
88,encapsulation,encapsulation,18,SHAKE256,oneshot,1,33,128,-1,-1,1,0
89,encapsulation,encapsulation,0,SHA3-256,oneshot,1,1568,32,-1,-1,12,0
89,encapsulation,encapsulation,1,SHA3-512,oneshot,1,64,64,-1,-1,1,0
89,encapsulation,encapsulation,2,SHAKE128,absorb,4,34,0,0,-1,0,0
89,encapsulation,encapsulation,3,SHAKE128,squeeze,4,0,504,0,0,12,3
89,encapsulation,encapsulation,4,SHAKE128,absorb,4,34,0,1,-1,0,0
89,encapsulation,encapsulation,5,SHAKE128,squeeze,4,0,504,1,0,12,3
89,encapsulation,encapsulation,6,SHAKE128,absorb,4,34,0,2,-1,0,0
89,encapsulation,encapsulation,7,SHAKE128,squeeze,4,0,504,2,0,12,3
89,encapsulation,encapsulation,8,SHAKE128,absorb,4,34,0,3,-1,0,0
89,encapsulation,encapsulation,9,SHAKE128,squeeze,4,0,504,3,0,12,3
89,encapsulation,encapsulation,10,SHAKE256,oneshot,1,33,128,-1,-1,1,0
89,encapsulation,encapsulation,11,SHAKE256,oneshot,1,33,128,-1,-1,1,0
89,encapsulation,encapsulation,12,SHAKE256,oneshot,1,33,128,-1,-1,1,0
89,encapsulation,encapsulation,13,SHAKE256,oneshot,1,33,128,-1,-1,1,0
89,encapsulation,encapsulation,14,SHAKE256,oneshot,1,33,128,-1,-1,1,0
89,encapsulation,encapsulation,15,SHAKE256,oneshot,1,33,128,-1,-1,1,0
89,encapsulation,encapsulation,16,SHAKE256,oneshot,1,33,128,-1,-1,1,0
89,encapsulation,encapsulation,17,SHAKE256,oneshot,1,33,128,-1,-1,1,0
89,encapsulation,encapsulation,18,SHAKE256,oneshot,1,33,128,-1,-1,1,0
90,encapsulation,encapsulation,0,SHA3-256,oneshot,1,1568,32,-1,-1,12,0
90,encapsulation,encapsulation,1,SHA3-512,oneshot,1,64,64,-1,-1,1,0
90,encapsulation,encapsulation,2,SHAKE128,absorb,4,34,0,0,-1,0,0
90,encapsulation,encapsulation,3,SHAKE128,squeeze,4,0,504,0,0,12,3
90,encapsulation,encapsulation,4,SHAKE128,absorb,4,34,0,1,-1,0,0
90,encapsulation,encapsulation,5,SHAKE128,squeeze,4,0,504,1,0,12,3
90,encapsulation,encapsulation,6,SHAKE128,absorb,4,34,0,2,-1,0,0
90,encapsulation,encapsulation,7,SHAKE128,squeeze,4,0,504,2,0,12,3
90,encapsulation,encapsulation,8,SHAKE128,absorb,4,34,0,3,-1,0,0
90,encapsulation,encapsulation,9,SHAKE128,squeeze,4,0,504,3,0,12,3
90,encapsulation,encapsulation,10,SHAKE128,squeeze,4,0,168,3,1,4,1
90,encapsulation,encapsulation,11,SHAKE256,oneshot,1,33,128,-1,-1,1,0
90,encapsulation,encapsulation,12,SHAKE256,oneshot,1,33,128,-1,-1,1,0
90,encapsulation,encapsulation,13,SHAKE256,oneshot,1,33,128,-1,-1,1,0
90,encapsulation,encapsulation,14,SHAKE256,oneshot,1,33,128,-1,-1,1,0
90,encapsulation,encapsulation,15,SHAKE256,oneshot,1,33,128,-1,-1,1,0
90,encapsulation,encapsulation,16,SHAKE256,oneshot,1,33,128,-1,-1,1,0
90,encapsulation,encapsulation,17,SHAKE256,oneshot,1,33,128,-1,-1,1,0
90,encapsulation,encapsulation,18,SHAKE256,oneshot,1,33,128,-1,-1,1,0
90,encapsulation,encapsulation,19,SHAKE256,oneshot,1,33,128,-1,-1,1,0
91,encapsulation,encapsulation,0,SHA3-256,oneshot,1,1568,32,-1,-1,12,0
91,encapsulation,encapsulation,1,SHA3-512,oneshot,1,64,64,-1,-1,1,0
91,encapsulation,encapsulation,2,SHAKE128,absorb,4,34,0,0,-1,0,0
91,encapsulation,encapsulation,3,SHAKE128,squeeze,4,0,504,0,0,12,3
91,encapsulation,encapsulation,4,SHAKE128,absorb,4,34,0,1,-1,0,0
91,encapsulation,encapsulation,5,SHAKE128,squeeze,4,0,504,1,0,12,3
91,encapsulation,encapsulation,6,SHAKE128,absorb,4,34,0,2,-1,0,0
91,encapsulation,encapsulation,7,SHAKE128,squeeze,4,0,504,2,0,12,3
91,encapsulation,encapsulation,8,SHAKE128,absorb,4,34,0,3,-1,0,0
91,encapsulation,encapsulation,9,SHAKE128,squeeze,4,0,504,3,0,12,3
91,encapsulation,encapsulation,10,SHAKE256,oneshot,1,33,128,-1,-1,1,0
91,encapsulation,encapsulation,11,SHAKE256,oneshot,1,33,128,-1,-1,1,0
91,encapsulation,encapsulation,12,SHAKE256,oneshot,1,33,128,-1,-1,1,0
91,encapsulation,encapsulation,13,SHAKE256,oneshot,1,33,128,-1,-1,1,0
91,encapsulation,encapsulation,14,SHAKE256,oneshot,1,33,128,-1,-1,1,0
91,encapsulation,encapsulation,15,SHAKE256,oneshot,1,33,128,-1,-1,1,0
91,encapsulation,encapsulation,16,SHAKE256,oneshot,1,33,128,-1,-1,1,0
91,encapsulation,encapsulation,17,SHAKE256,oneshot,1,33,128,-1,-1,1,0
91,encapsulation,encapsulation,18,SHAKE256,oneshot,1,33,128,-1,-1,1,0
92,encapsulation,encapsulation,0,SHA3-256,oneshot,1,1568,32,-1,-1,12,0
92,encapsulation,encapsulation,1,SHA3-512,oneshot,1,64,64,-1,-1,1,0
92,encapsulation,encapsulation,2,SHAKE128,absorb,4,34,0,0,-1,0,0
92,encapsulation,encapsulation,3,SHAKE128,squeeze,4,0,504,0,0,12,3
92,encapsulation,encapsulation,4,SHAKE128,absorb,4,34,0,1,-1,0,0
92,encapsulation,encapsulation,5,SHAKE128,squeeze,4,0,504,1,0,12,3
92,encapsulation,encapsulation,6,SHAKE128,absorb,4,34,0,2,-1,0,0
92,encapsulation,encapsulation,7,SHAKE128,squeeze,4,0,504,2,0,12,3
92,encapsulation,encapsulation,8,SHAKE128,absorb,4,34,0,3,-1,0,0
92,encapsulation,encapsulation,9,SHAKE128,squeeze,4,0,504,3,0,12,3
92,encapsulation,encapsulation,10,SHAKE256,oneshot,1,33,128,-1,-1,1,0
92,encapsulation,encapsulation,11,SHAKE256,oneshot,1,33,128,-1,-1,1,0
92,encapsulation,encapsulation,12,SHAKE256,oneshot,1,33,128,-1,-1,1,0
92,encapsulation,encapsulation,13,SHAKE256,oneshot,1,33,128,-1,-1,1,0
92,encapsulation,encapsulation,14,SHAKE256,oneshot,1,33,128,-1,-1,1,0
92,encapsulation,encapsulation,15,SHAKE256,oneshot,1,33,128,-1,-1,1,0
92,encapsulation,encapsulation,16,SHAKE256,oneshot,1,33,128,-1,-1,1,0
92,encapsulation,encapsulation,17,SHAKE256,oneshot,1,33,128,-1,-1,1,0
92,encapsulation,encapsulation,18,SHAKE256,oneshot,1,33,128,-1,-1,1,0
93,encapsulation,encapsulation,0,SHA3-256,oneshot,1,1568,32,-1,-1,12,0
93,encapsulation,encapsulation,1,SHA3-512,oneshot,1,64,64,-1,-1,1,0
93,encapsulation,encapsulation,2,SHAKE128,absorb,4,34,0,0,-1,0,0
93,encapsulation,encapsulation,3,SHAKE128,squeeze,4,0,504,0,0,12,3
93,encapsulation,encapsulation,4,SHAKE128,absorb,4,34,0,1,-1,0,0
93,encapsulation,encapsulation,5,SHAKE128,squeeze,4,0,504,1,0,12,3
93,encapsulation,encapsulation,6,SHAKE128,absorb,4,34,0,2,-1,0,0
93,encapsulation,encapsulation,7,SHAKE128,squeeze,4,0,504,2,0,12,3
93,encapsulation,encapsulation,8,SHAKE128,absorb,4,34,0,3,-1,0,0
93,encapsulation,encapsulation,9,SHAKE128,squeeze,4,0,504,3,0,12,3
93,encapsulation,encapsulation,10,SHAKE256,oneshot,1,33,128,-1,-1,1,0
93,encapsulation,encapsulation,11,SHAKE256,oneshot,1,33,128,-1,-1,1,0
93,encapsulation,encapsulation,12,SHAKE256,oneshot,1,33,128,-1,-1,1,0
93,encapsulation,encapsulation,13,SHAKE256,oneshot,1,33,128,-1,-1,1,0
93,encapsulation,encapsulation,14,SHAKE256,oneshot,1,33,128,-1,-1,1,0
93,encapsulation,encapsulation,15,SHAKE256,oneshot,1,33,128,-1,-1,1,0
93,encapsulation,encapsulation,16,SHAKE256,oneshot,1,33,128,-1,-1,1,0
93,encapsulation,encapsulation,17,SHAKE256,oneshot,1,33,128,-1,-1,1,0
93,encapsulation,encapsulation,18,SHAKE256,oneshot,1,33,128,-1,-1,1,0
94,encapsulation,encapsulation,0,SHA3-256,oneshot,1,1568,32,-1,-1,12,0
94,encapsulation,encapsulation,1,SHA3-512,oneshot,1,64,64,-1,-1,1,0
94,encapsulation,encapsulation,2,SHAKE128,absorb,4,34,0,0,-1,0,0
94,encapsulation,encapsulation,3,SHAKE128,squeeze,4,0,504,0,0,12,3
94,encapsulation,encapsulation,4,SHAKE128,absorb,4,34,0,1,-1,0,0
94,encapsulation,encapsulation,5,SHAKE128,squeeze,4,0,504,1,0,12,3
94,encapsulation,encapsulation,6,SHAKE128,absorb,4,34,0,2,-1,0,0
94,encapsulation,encapsulation,7,SHAKE128,squeeze,4,0,504,2,0,12,3
94,encapsulation,encapsulation,8,SHAKE128,absorb,4,34,0,3,-1,0,0
94,encapsulation,encapsulation,9,SHAKE128,squeeze,4,0,504,3,0,12,3
94,encapsulation,encapsulation,10,SHAKE256,oneshot,1,33,128,-1,-1,1,0
94,encapsulation,encapsulation,11,SHAKE256,oneshot,1,33,128,-1,-1,1,0
94,encapsulation,encapsulation,12,SHAKE256,oneshot,1,33,128,-1,-1,1,0
94,encapsulation,encapsulation,13,SHAKE256,oneshot,1,33,128,-1,-1,1,0
94,encapsulation,encapsulation,14,SHAKE256,oneshot,1,33,128,-1,-1,1,0
94,encapsulation,encapsulation,15,SHAKE256,oneshot,1,33,128,-1,-1,1,0
94,encapsulation,encapsulation,16,SHAKE256,oneshot,1,33,128,-1,-1,1,0
94,encapsulation,encapsulation,17,SHAKE256,oneshot,1,33,128,-1,-1,1,0
94,encapsulation,encapsulation,18,SHAKE256,oneshot,1,33,128,-1,-1,1,0
95,encapsulation,encapsulation,0,SHA3-256,oneshot,1,1568,32,-1,-1,12,0
95,encapsulation,encapsulation,1,SHA3-512,oneshot,1,64,64,-1,-1,1,0
95,encapsulation,encapsulation,2,SHAKE128,absorb,4,34,0,0,-1,0,0
95,encapsulation,encapsulation,3,SHAKE128,squeeze,4,0,504,0,0,12,3
95,encapsulation,encapsulation,4,SHAKE128,absorb,4,34,0,1,-1,0,0
95,encapsulation,encapsulation,5,SHAKE128,squeeze,4,0,504,1,0,12,3
95,encapsulation,encapsulation,6,SHAKE128,absorb,4,34,0,2,-1,0,0
95,encapsulation,encapsulation,7,SHAKE128,squeeze,4,0,504,2,0,12,3
95,encapsulation,encapsulation,8,SHAKE128,absorb,4,34,0,3,-1,0,0
95,encapsulation,encapsulation,9,SHAKE128,squeeze,4,0,504,3,0,12,3
95,encapsulation,encapsulation,10,SHAKE256,oneshot,1,33,128,-1,-1,1,0
95,encapsulation,encapsulation,11,SHAKE256,oneshot,1,33,128,-1,-1,1,0
95,encapsulation,encapsulation,12,SHAKE256,oneshot,1,33,128,-1,-1,1,0
95,encapsulation,encapsulation,13,SHAKE256,oneshot,1,33,128,-1,-1,1,0
95,encapsulation,encapsulation,14,SHAKE256,oneshot,1,33,128,-1,-1,1,0
95,encapsulation,encapsulation,15,SHAKE256,oneshot,1,33,128,-1,-1,1,0
95,encapsulation,encapsulation,16,SHAKE256,oneshot,1,33,128,-1,-1,1,0
95,encapsulation,encapsulation,17,SHAKE256,oneshot,1,33,128,-1,-1,1,0
95,encapsulation,encapsulation,18,SHAKE256,oneshot,1,33,128,-1,-1,1,0
96,encapsulation,encapsulation,0,SHA3-256,oneshot,1,1568,32,-1,-1,12,0
96,encapsulation,encapsulation,1,SHA3-512,oneshot,1,64,64,-1,-1,1,0
96,encapsulation,encapsulation,2,SHAKE128,absorb,4,34,0,0,-1,0,0
96,encapsulation,encapsulation,3,SHAKE128,squeeze,4,0,504,0,0,12,3
96,encapsulation,encapsulation,4,SHAKE128,absorb,4,34,0,1,-1,0,0
96,encapsulation,encapsulation,5,SHAKE128,squeeze,4,0,504,1,0,12,3
96,encapsulation,encapsulation,6,SHAKE128,absorb,4,34,0,2,-1,0,0
96,encapsulation,encapsulation,7,SHAKE128,squeeze,4,0,504,2,0,12,3
96,encapsulation,encapsulation,8,SHAKE128,squeeze,4,0,168,2,1,4,1
96,encapsulation,encapsulation,9,SHAKE128,absorb,4,34,0,3,-1,0,0
96,encapsulation,encapsulation,10,SHAKE128,squeeze,4,0,504,3,0,12,3
96,encapsulation,encapsulation,11,SHAKE256,oneshot,1,33,128,-1,-1,1,0
96,encapsulation,encapsulation,12,SHAKE256,oneshot,1,33,128,-1,-1,1,0
96,encapsulation,encapsulation,13,SHAKE256,oneshot,1,33,128,-1,-1,1,0
96,encapsulation,encapsulation,14,SHAKE256,oneshot,1,33,128,-1,-1,1,0
96,encapsulation,encapsulation,15,SHAKE256,oneshot,1,33,128,-1,-1,1,0
96,encapsulation,encapsulation,16,SHAKE256,oneshot,1,33,128,-1,-1,1,0
96,encapsulation,encapsulation,17,SHAKE256,oneshot,1,33,128,-1,-1,1,0
96,encapsulation,encapsulation,18,SHAKE256,oneshot,1,33,128,-1,-1,1,0
96,encapsulation,encapsulation,19,SHAKE256,oneshot,1,33,128,-1,-1,1,0
97,encapsulation,encapsulation,0,SHA3-256,oneshot,1,1568,32,-1,-1,12,0
97,encapsulation,encapsulation,1,SHA3-512,oneshot,1,64,64,-1,-1,1,0
97,encapsulation,encapsulation,2,SHAKE128,absorb,4,34,0,0,-1,0,0
97,encapsulation,encapsulation,3,SHAKE128,squeeze,4,0,504,0,0,12,3
97,encapsulation,encapsulation,4,SHAKE128,absorb,4,34,0,1,-1,0,0
97,encapsulation,encapsulation,5,SHAKE128,squeeze,4,0,504,1,0,12,3
97,encapsulation,encapsulation,6,SHAKE128,absorb,4,34,0,2,-1,0,0
97,encapsulation,encapsulation,7,SHAKE128,squeeze,4,0,504,2,0,12,3
97,encapsulation,encapsulation,8,SHAKE128,absorb,4,34,0,3,-1,0,0
97,encapsulation,encapsulation,9,SHAKE128,squeeze,4,0,504,3,0,12,3
97,encapsulation,encapsulation,10,SHAKE256,oneshot,1,33,128,-1,-1,1,0
97,encapsulation,encapsulation,11,SHAKE256,oneshot,1,33,128,-1,-1,1,0
97,encapsulation,encapsulation,12,SHAKE256,oneshot,1,33,128,-1,-1,1,0
97,encapsulation,encapsulation,13,SHAKE256,oneshot,1,33,128,-1,-1,1,0
97,encapsulation,encapsulation,14,SHAKE256,oneshot,1,33,128,-1,-1,1,0
97,encapsulation,encapsulation,15,SHAKE256,oneshot,1,33,128,-1,-1,1,0
97,encapsulation,encapsulation,16,SHAKE256,oneshot,1,33,128,-1,-1,1,0
97,encapsulation,encapsulation,17,SHAKE256,oneshot,1,33,128,-1,-1,1,0
97,encapsulation,encapsulation,18,SHAKE256,oneshot,1,33,128,-1,-1,1,0
98,encapsulation,encapsulation,0,SHA3-256,oneshot,1,1568,32,-1,-1,12,0
98,encapsulation,encapsulation,1,SHA3-512,oneshot,1,64,64,-1,-1,1,0
98,encapsulation,encapsulation,2,SHAKE128,absorb,4,34,0,0,-1,0,0
98,encapsulation,encapsulation,3,SHAKE128,squeeze,4,0,504,0,0,12,3
98,encapsulation,encapsulation,4,SHAKE128,absorb,4,34,0,1,-1,0,0
98,encapsulation,encapsulation,5,SHAKE128,squeeze,4,0,504,1,0,12,3
98,encapsulation,encapsulation,6,SHAKE128,absorb,4,34,0,2,-1,0,0
98,encapsulation,encapsulation,7,SHAKE128,squeeze,4,0,504,2,0,12,3
98,encapsulation,encapsulation,8,SHAKE128,absorb,4,34,0,3,-1,0,0
98,encapsulation,encapsulation,9,SHAKE128,squeeze,4,0,504,3,0,12,3
98,encapsulation,encapsulation,10,SHAKE256,oneshot,1,33,128,-1,-1,1,0
98,encapsulation,encapsulation,11,SHAKE256,oneshot,1,33,128,-1,-1,1,0
98,encapsulation,encapsulation,12,SHAKE256,oneshot,1,33,128,-1,-1,1,0
98,encapsulation,encapsulation,13,SHAKE256,oneshot,1,33,128,-1,-1,1,0
98,encapsulation,encapsulation,14,SHAKE256,oneshot,1,33,128,-1,-1,1,0
98,encapsulation,encapsulation,15,SHAKE256,oneshot,1,33,128,-1,-1,1,0
98,encapsulation,encapsulation,16,SHAKE256,oneshot,1,33,128,-1,-1,1,0
98,encapsulation,encapsulation,17,SHAKE256,oneshot,1,33,128,-1,-1,1,0
98,encapsulation,encapsulation,18,SHAKE256,oneshot,1,33,128,-1,-1,1,0
99,encapsulation,encapsulation,0,SHA3-256,oneshot,1,1568,32,-1,-1,12,0
99,encapsulation,encapsulation,1,SHA3-512,oneshot,1,64,64,-1,-1,1,0
99,encapsulation,encapsulation,2,SHAKE128,absorb,4,34,0,0,-1,0,0
99,encapsulation,encapsulation,3,SHAKE128,squeeze,4,0,504,0,0,12,3
99,encapsulation,encapsulation,4,SHAKE128,absorb,4,34,0,1,-1,0,0
99,encapsulation,encapsulation,5,SHAKE128,squeeze,4,0,504,1,0,12,3
99,encapsulation,encapsulation,6,SHAKE128,absorb,4,34,0,2,-1,0,0
99,encapsulation,encapsulation,7,SHAKE128,squeeze,4,0,504,2,0,12,3
99,encapsulation,encapsulation,8,SHAKE128,absorb,4,34,0,3,-1,0,0
99,encapsulation,encapsulation,9,SHAKE128,squeeze,4,0,504,3,0,12,3
99,encapsulation,encapsulation,10,SHAKE256,oneshot,1,33,128,-1,-1,1,0
99,encapsulation,encapsulation,11,SHAKE256,oneshot,1,33,128,-1,-1,1,0
99,encapsulation,encapsulation,12,SHAKE256,oneshot,1,33,128,-1,-1,1,0
99,encapsulation,encapsulation,13,SHAKE256,oneshot,1,33,128,-1,-1,1,0
99,encapsulation,encapsulation,14,SHAKE256,oneshot,1,33,128,-1,-1,1,0
99,encapsulation,encapsulation,15,SHAKE256,oneshot,1,33,128,-1,-1,1,0
99,encapsulation,encapsulation,16,SHAKE256,oneshot,1,33,128,-1,-1,1,0
99,encapsulation,encapsulation,17,SHAKE256,oneshot,1,33,128,-1,-1,1,0
99,encapsulation,encapsulation,18,SHAKE256,oneshot,1,33,128,-1,-1,1,0
100,encapsulation,encapsulation,0,SHA3-256,oneshot,1,1568,32,-1,-1,12,0
100,encapsulation,encapsulation,1,SHA3-512,oneshot,1,64,64,-1,-1,1,0
100,encapsulation,encapsulation,2,SHAKE128,absorb,4,34,0,0,-1,0,0
100,encapsulation,encapsulation,3,SHAKE128,squeeze,4,0,504,0,0,12,3
100,encapsulation,encapsulation,4,SHAKE128,absorb,4,34,0,1,-1,0,0
100,encapsulation,encapsulation,5,SHAKE128,squeeze,4,0,504,1,0,12,3
100,encapsulation,encapsulation,6,SHAKE128,absorb,4,34,0,2,-1,0,0
100,encapsulation,encapsulation,7,SHAKE128,squeeze,4,0,504,2,0,12,3
100,encapsulation,encapsulation,8,SHAKE128,absorb,4,34,0,3,-1,0,0
100,encapsulation,encapsulation,9,SHAKE128,squeeze,4,0,504,3,0,12,3
100,encapsulation,encapsulation,10,SHAKE256,oneshot,1,33,128,-1,-1,1,0
100,encapsulation,encapsulation,11,SHAKE256,oneshot,1,33,128,-1,-1,1,0
100,encapsulation,encapsulation,12,SHAKE256,oneshot,1,33,128,-1,-1,1,0
100,encapsulation,encapsulation,13,SHAKE256,oneshot,1,33,128,-1,-1,1,0
100,encapsulation,encapsulation,14,SHAKE256,oneshot,1,33,128,-1,-1,1,0
100,encapsulation,encapsulation,15,SHAKE256,oneshot,1,33,128,-1,-1,1,0
100,encapsulation,encapsulation,16,SHAKE256,oneshot,1,33,128,-1,-1,1,0
100,encapsulation,encapsulation,17,SHAKE256,oneshot,1,33,128,-1,-1,1,0
100,encapsulation,encapsulation,18,SHAKE256,oneshot,1,33,128,-1,-1,1,0
101,encapsulation,encapsulation,0,SHA3-256,oneshot,1,1568,32,-1,-1,12,0
101,encapsulation,encapsulation,1,SHA3-512,oneshot,1,64,64,-1,-1,1,0
101,encapsulation,encapsulation,2,SHAKE128,absorb,4,34,0,0,-1,0,0
101,encapsulation,encapsulation,3,SHAKE128,squeeze,4,0,504,0,0,12,3
101,encapsulation,encapsulation,4,SHAKE128,absorb,4,34,0,1,-1,0,0
101,encapsulation,encapsulation,5,SHAKE128,squeeze,4,0,504,1,0,12,3
101,encapsulation,encapsulation,6,SHAKE128,absorb,4,34,0,2,-1,0,0
101,encapsulation,encapsulation,7,SHAKE128,squeeze,4,0,504,2,0,12,3
101,encapsulation,encapsulation,8,SHAKE128,absorb,4,34,0,3,-1,0,0
101,encapsulation,encapsulation,9,SHAKE128,squeeze,4,0,504,3,0,12,3
101,encapsulation,encapsulation,10,SHAKE256,oneshot,1,33,128,-1,-1,1,0
101,encapsulation,encapsulation,11,SHAKE256,oneshot,1,33,128,-1,-1,1,0
101,encapsulation,encapsulation,12,SHAKE256,oneshot,1,33,128,-1,-1,1,0
101,encapsulation,encapsulation,13,SHAKE256,oneshot,1,33,128,-1,-1,1,0
101,encapsulation,encapsulation,14,SHAKE256,oneshot,1,33,128,-1,-1,1,0
101,encapsulation,encapsulation,15,SHAKE256,oneshot,1,33,128,-1,-1,1,0
101,encapsulation,encapsulation,16,SHAKE256,oneshot,1,33,128,-1,-1,1,0
101,encapsulation,encapsulation,17,SHAKE256,oneshot,1,33,128,-1,-1,1,0
101,encapsulation,encapsulation,18,SHAKE256,oneshot,1,33,128,-1,-1,1,0
102,encapsulation,encapsulation,0,SHA3-256,oneshot,1,1568,32,-1,-1,12,0
102,encapsulation,encapsulation,1,SHA3-512,oneshot,1,64,64,-1,-1,1,0
102,encapsulation,encapsulation,2,SHAKE128,absorb,4,34,0,0,-1,0,0
102,encapsulation,encapsulation,3,SHAKE128,squeeze,4,0,504,0,0,12,3
102,encapsulation,encapsulation,4,SHAKE128,absorb,4,34,0,1,-1,0,0
102,encapsulation,encapsulation,5,SHAKE128,squeeze,4,0,504,1,0,12,3
102,encapsulation,encapsulation,6,SHAKE128,absorb,4,34,0,2,-1,0,0
102,encapsulation,encapsulation,7,SHAKE128,squeeze,4,0,504,2,0,12,3
102,encapsulation,encapsulation,8,SHAKE128,absorb,4,34,0,3,-1,0,0
102,encapsulation,encapsulation,9,SHAKE128,squeeze,4,0,504,3,0,12,3
102,encapsulation,encapsulation,10,SHAKE256,oneshot,1,33,128,-1,-1,1,0
102,encapsulation,encapsulation,11,SHAKE256,oneshot,1,33,128,-1,-1,1,0
102,encapsulation,encapsulation,12,SHAKE256,oneshot,1,33,128,-1,-1,1,0
102,encapsulation,encapsulation,13,SHAKE256,oneshot,1,33,128,-1,-1,1,0
102,encapsulation,encapsulation,14,SHAKE256,oneshot,1,33,128,-1,-1,1,0
102,encapsulation,encapsulation,15,SHAKE256,oneshot,1,33,128,-1,-1,1,0
102,encapsulation,encapsulation,16,SHAKE256,oneshot,1,33,128,-1,-1,1,0
102,encapsulation,encapsulation,17,SHAKE256,oneshot,1,33,128,-1,-1,1,0
102,encapsulation,encapsulation,18,SHAKE256,oneshot,1,33,128,-1,-1,1,0
103,encapsulation,encapsulation,0,SHA3-256,oneshot,1,1568,32,-1,-1,12,0
103,encapsulation,encapsulation,1,SHA3-512,oneshot,1,64,64,-1,-1,1,0
103,encapsulation,encapsulation,2,SHAKE128,absorb,4,34,0,0,-1,0,0
103,encapsulation,encapsulation,3,SHAKE128,squeeze,4,0,504,0,0,12,3
103,encapsulation,encapsulation,4,SHAKE128,absorb,4,34,0,1,-1,0,0
103,encapsulation,encapsulation,5,SHAKE128,squeeze,4,0,504,1,0,12,3
103,encapsulation,encapsulation,6,SHAKE128,absorb,4,34,0,2,-1,0,0
103,encapsulation,encapsulation,7,SHAKE128,squeeze,4,0,504,2,0,12,3
103,encapsulation,encapsulation,8,SHAKE128,absorb,4,34,0,3,-1,0,0
103,encapsulation,encapsulation,9,SHAKE128,squeeze,4,0,504,3,0,12,3
103,encapsulation,encapsulation,10,SHAKE256,oneshot,1,33,128,-1,-1,1,0
103,encapsulation,encapsulation,11,SHAKE256,oneshot,1,33,128,-1,-1,1,0
103,encapsulation,encapsulation,12,SHAKE256,oneshot,1,33,128,-1,-1,1,0
103,encapsulation,encapsulation,13,SHAKE256,oneshot,1,33,128,-1,-1,1,0
103,encapsulation,encapsulation,14,SHAKE256,oneshot,1,33,128,-1,-1,1,0
103,encapsulation,encapsulation,15,SHAKE256,oneshot,1,33,128,-1,-1,1,0
103,encapsulation,encapsulation,16,SHAKE256,oneshot,1,33,128,-1,-1,1,0
103,encapsulation,encapsulation,17,SHAKE256,oneshot,1,33,128,-1,-1,1,0
103,encapsulation,encapsulation,18,SHAKE256,oneshot,1,33,128,-1,-1,1,0
104,encapsulation,encapsulation,0,SHA3-256,oneshot,1,1568,32,-1,-1,12,0
104,encapsulation,encapsulation,1,SHA3-512,oneshot,1,64,64,-1,-1,1,0
104,encapsulation,encapsulation,2,SHAKE128,absorb,4,34,0,0,-1,0,0
104,encapsulation,encapsulation,3,SHAKE128,squeeze,4,0,504,0,0,12,3
104,encapsulation,encapsulation,4,SHAKE128,absorb,4,34,0,1,-1,0,0
104,encapsulation,encapsulation,5,SHAKE128,squeeze,4,0,504,1,0,12,3
104,encapsulation,encapsulation,6,SHAKE128,absorb,4,34,0,2,-1,0,0
104,encapsulation,encapsulation,7,SHAKE128,squeeze,4,0,504,2,0,12,3
104,encapsulation,encapsulation,8,SHAKE128,absorb,4,34,0,3,-1,0,0
104,encapsulation,encapsulation,9,SHAKE128,squeeze,4,0,504,3,0,12,3
104,encapsulation,encapsulation,10,SHAKE256,oneshot,1,33,128,-1,-1,1,0
104,encapsulation,encapsulation,11,SHAKE256,oneshot,1,33,128,-1,-1,1,0
104,encapsulation,encapsulation,12,SHAKE256,oneshot,1,33,128,-1,-1,1,0
104,encapsulation,encapsulation,13,SHAKE256,oneshot,1,33,128,-1,-1,1,0
104,encapsulation,encapsulation,14,SHAKE256,oneshot,1,33,128,-1,-1,1,0
104,encapsulation,encapsulation,15,SHAKE256,oneshot,1,33,128,-1,-1,1,0
104,encapsulation,encapsulation,16,SHAKE256,oneshot,1,33,128,-1,-1,1,0
104,encapsulation,encapsulation,17,SHAKE256,oneshot,1,33,128,-1,-1,1,0
104,encapsulation,encapsulation,18,SHAKE256,oneshot,1,33,128,-1,-1,1,0
105,encapsulation,encapsulation,0,SHA3-256,oneshot,1,1568,32,-1,-1,12,0
105,encapsulation,encapsulation,1,SHA3-512,oneshot,1,64,64,-1,-1,1,0
105,encapsulation,encapsulation,2,SHAKE128,absorb,4,34,0,0,-1,0,0
105,encapsulation,encapsulation,3,SHAKE128,squeeze,4,0,504,0,0,12,3
105,encapsulation,encapsulation,4,SHAKE128,absorb,4,34,0,1,-1,0,0
105,encapsulation,encapsulation,5,SHAKE128,squeeze,4,0,504,1,0,12,3
105,encapsulation,encapsulation,6,SHAKE128,absorb,4,34,0,2,-1,0,0
105,encapsulation,encapsulation,7,SHAKE128,squeeze,4,0,504,2,0,12,3
105,encapsulation,encapsulation,8,SHAKE128,absorb,4,34,0,3,-1,0,0
105,encapsulation,encapsulation,9,SHAKE128,squeeze,4,0,504,3,0,12,3
105,encapsulation,encapsulation,10,SHAKE256,oneshot,1,33,128,-1,-1,1,0
105,encapsulation,encapsulation,11,SHAKE256,oneshot,1,33,128,-1,-1,1,0
105,encapsulation,encapsulation,12,SHAKE256,oneshot,1,33,128,-1,-1,1,0
105,encapsulation,encapsulation,13,SHAKE256,oneshot,1,33,128,-1,-1,1,0
105,encapsulation,encapsulation,14,SHAKE256,oneshot,1,33,128,-1,-1,1,0
105,encapsulation,encapsulation,15,SHAKE256,oneshot,1,33,128,-1,-1,1,0
105,encapsulation,encapsulation,16,SHAKE256,oneshot,1,33,128,-1,-1,1,0
105,encapsulation,encapsulation,17,SHAKE256,oneshot,1,33,128,-1,-1,1,0
105,encapsulation,encapsulation,18,SHAKE256,oneshot,1,33,128,-1,-1,1,0
106,decapsulationSeed,keyGen,0,SHA3-512,oneshot,1,33,64,-1,-1,1,0
106,decapsulationSeed,keyGen,1,SHAKE128,absorb,4,34,0,0,-1,0,0
106,decapsulationSeed,keyGen,2,SHAKE128,squeeze,4,0,504,0,0,12,3
106,decapsulationSeed,keyGen,3,SHAKE128,absorb,4,34,0,1,-1,0,0
106,decapsulationSeed,keyGen,4,SHAKE128,squeeze,4,0,504,1,0,12,3
106,decapsulationSeed,keyGen,5,SHAKE128,absorb,4,34,0,2,-1,0,0
106,decapsulationSeed,keyGen,6,SHAKE128,squeeze,4,0,504,2,0,12,3
106,decapsulationSeed,keyGen,7,SHAKE128,absorb,4,34,0,3,-1,0,0
106,decapsulationSeed,keyGen,8,SHAKE128,squeeze,4,0,504,3,0,12,3
106,decapsulationSeed,keyGen,9,SHAKE256,oneshot,1,33,128,-1,-1,1,0
106,decapsulationSeed,keyGen,10,SHAKE256,oneshot,1,33,128,-1,-1,1,0
106,decapsulationSeed,keyGen,11,SHAKE256,oneshot,1,33,128,-1,-1,1,0
106,decapsulationSeed,keyGen,12,SHAKE256,oneshot,1,33,128,-1,-1,1,0
106,decapsulationSeed,keyGen,13,SHAKE256,oneshot,1,33,128,-1,-1,1,0
106,decapsulationSeed,keyGen,14,SHAKE256,oneshot,1,33,128,-1,-1,1,0
106,decapsulationSeed,keyGen,15,SHAKE256,oneshot,1,33,128,-1,-1,1,0
106,decapsulationSeed,keyGen,16,SHAKE256,oneshot,1,33,128,-1,-1,1,0
106,decapsulationSeed,keyGen,17,SHA3-256,oneshot,1,1568,32,-1,-1,12,0
106,decapsulationSeed,decapsulation,18,SHA3-256,oneshot,1,1568,32,-1,-1,12,0
106,decapsulationSeed,decapsulation,19,SHA3-512,oneshot,1,64,64,-1,-1,1,0
106,decapsulationSeed,decapsulation,20,SHAKE128,absorb,4,34,0,4,-1,0,0
106,decapsulationSeed,decapsulation,21,SHAKE128,squeeze,4,0,504,4,0,12,3
106,decapsulationSeed,decapsulation,22,SHAKE128,absorb,4,34,0,5,-1,0,0
106,decapsulationSeed,decapsulation,23,SHAKE128,squeeze,4,0,504,5,0,12,3
106,decapsulationSeed,decapsulation,24,SHAKE128,absorb,4,34,0,6,-1,0,0
106,decapsulationSeed,decapsulation,25,SHAKE128,squeeze,4,0,504,6,0,12,3
106,decapsulationSeed,decapsulation,26,SHAKE128,absorb,4,34,0,7,-1,0,0
106,decapsulationSeed,decapsulation,27,SHAKE128,squeeze,4,0,504,7,0,12,3
106,decapsulationSeed,decapsulation,28,SHAKE256,oneshot,1,33,128,-1,-1,1,0
106,decapsulationSeed,decapsulation,29,SHAKE256,oneshot,1,33,128,-1,-1,1,0
106,decapsulationSeed,decapsulation,30,SHAKE256,oneshot,1,33,128,-1,-1,1,0
106,decapsulationSeed,decapsulation,31,SHAKE256,oneshot,1,33,128,-1,-1,1,0
106,decapsulationSeed,decapsulation,32,SHAKE256,oneshot,1,33,128,-1,-1,1,0
106,decapsulationSeed,decapsulation,33,SHAKE256,oneshot,1,33,128,-1,-1,1,0
106,decapsulationSeed,decapsulation,34,SHAKE256,oneshot,1,33,128,-1,-1,1,0
106,decapsulationSeed,decapsulation,35,SHAKE256,oneshot,1,33,128,-1,-1,1,0
106,decapsulationSeed,decapsulation,36,SHAKE256,oneshot,1,33,128,-1,-1,1,0
106,decapsulationSeed,decapsulation,37,SHAKE256,oneshot,1,1600,32,-1,-1,12,0
107,decapsulationSeed,keyGen,0,SHA3-512,oneshot,1,33,64,-1,-1,1,0
107,decapsulationSeed,keyGen,1,SHAKE128,absorb,4,34,0,0,-1,0,0
107,decapsulationSeed,keyGen,2,SHAKE128,squeeze,4,0,504,0,0,12,3
107,decapsulationSeed,keyGen,3,SHAKE128,absorb,4,34,0,1,-1,0,0
107,decapsulationSeed,keyGen,4,SHAKE128,squeeze,4,0,504,1,0,12,3
107,decapsulationSeed,keyGen,5,SHAKE128,absorb,4,34,0,2,-1,0,0
107,decapsulationSeed,keyGen,6,SHAKE128,squeeze,4,0,504,2,0,12,3
107,decapsulationSeed,keyGen,7,SHAKE128,absorb,4,34,0,3,-1,0,0
107,decapsulationSeed,keyGen,8,SHAKE128,squeeze,4,0,504,3,0,12,3
107,decapsulationSeed,keyGen,9,SHAKE256,oneshot,1,33,128,-1,-1,1,0
107,decapsulationSeed,keyGen,10,SHAKE256,oneshot,1,33,128,-1,-1,1,0
107,decapsulationSeed,keyGen,11,SHAKE256,oneshot,1,33,128,-1,-1,1,0
107,decapsulationSeed,keyGen,12,SHAKE256,oneshot,1,33,128,-1,-1,1,0
107,decapsulationSeed,keyGen,13,SHAKE256,oneshot,1,33,128,-1,-1,1,0
107,decapsulationSeed,keyGen,14,SHAKE256,oneshot,1,33,128,-1,-1,1,0
107,decapsulationSeed,keyGen,15,SHAKE256,oneshot,1,33,128,-1,-1,1,0
107,decapsulationSeed,keyGen,16,SHAKE256,oneshot,1,33,128,-1,-1,1,0
107,decapsulationSeed,keyGen,17,SHA3-256,oneshot,1,1568,32,-1,-1,12,0
107,decapsulationSeed,decapsulation,18,SHA3-256,oneshot,1,1568,32,-1,-1,12,0
107,decapsulationSeed,decapsulation,19,SHA3-512,oneshot,1,64,64,-1,-1,1,0
107,decapsulationSeed,decapsulation,20,SHAKE128,absorb,4,34,0,4,-1,0,0
107,decapsulationSeed,decapsulation,21,SHAKE128,squeeze,4,0,504,4,0,12,3
107,decapsulationSeed,decapsulation,22,SHAKE128,absorb,4,34,0,5,-1,0,0
107,decapsulationSeed,decapsulation,23,SHAKE128,squeeze,4,0,504,5,0,12,3
107,decapsulationSeed,decapsulation,24,SHAKE128,absorb,4,34,0,6,-1,0,0
107,decapsulationSeed,decapsulation,25,SHAKE128,squeeze,4,0,504,6,0,12,3
107,decapsulationSeed,decapsulation,26,SHAKE128,absorb,4,34,0,7,-1,0,0
107,decapsulationSeed,decapsulation,27,SHAKE128,squeeze,4,0,504,7,0,12,3
107,decapsulationSeed,decapsulation,28,SHAKE256,oneshot,1,33,128,-1,-1,1,0
107,decapsulationSeed,decapsulation,29,SHAKE256,oneshot,1,33,128,-1,-1,1,0
107,decapsulationSeed,decapsulation,30,SHAKE256,oneshot,1,33,128,-1,-1,1,0
107,decapsulationSeed,decapsulation,31,SHAKE256,oneshot,1,33,128,-1,-1,1,0
107,decapsulationSeed,decapsulation,32,SHAKE256,oneshot,1,33,128,-1,-1,1,0
107,decapsulationSeed,decapsulation,33,SHAKE256,oneshot,1,33,128,-1,-1,1,0
107,decapsulationSeed,decapsulation,34,SHAKE256,oneshot,1,33,128,-1,-1,1,0
107,decapsulationSeed,decapsulation,35,SHAKE256,oneshot,1,33,128,-1,-1,1,0
107,decapsulationSeed,decapsulation,36,SHAKE256,oneshot,1,33,128,-1,-1,1,0
107,decapsulationSeed,decapsulation,37,SHAKE256,oneshot,1,1600,32,-1,-1,12,0
108,decapsulationSeed,keyGen,0,SHA3-512,oneshot,1,33,64,-1,-1,1,0
108,decapsulationSeed,keyGen,1,SHAKE128,absorb,4,34,0,0,-1,0,0
108,decapsulationSeed,keyGen,2,SHAKE128,squeeze,4,0,504,0,0,12,3
108,decapsulationSeed,keyGen,3,SHAKE128,absorb,4,34,0,1,-1,0,0
108,decapsulationSeed,keyGen,4,SHAKE128,squeeze,4,0,504,1,0,12,3
108,decapsulationSeed,keyGen,5,SHAKE128,absorb,4,34,0,2,-1,0,0
108,decapsulationSeed,keyGen,6,SHAKE128,squeeze,4,0,504,2,0,12,3
108,decapsulationSeed,keyGen,7,SHAKE128,absorb,4,34,0,3,-1,0,0
108,decapsulationSeed,keyGen,8,SHAKE128,squeeze,4,0,504,3,0,12,3
108,decapsulationSeed,keyGen,9,SHAKE256,oneshot,1,33,128,-1,-1,1,0
108,decapsulationSeed,keyGen,10,SHAKE256,oneshot,1,33,128,-1,-1,1,0
108,decapsulationSeed,keyGen,11,SHAKE256,oneshot,1,33,128,-1,-1,1,0
108,decapsulationSeed,keyGen,12,SHAKE256,oneshot,1,33,128,-1,-1,1,0
108,decapsulationSeed,keyGen,13,SHAKE256,oneshot,1,33,128,-1,-1,1,0
108,decapsulationSeed,keyGen,14,SHAKE256,oneshot,1,33,128,-1,-1,1,0
108,decapsulationSeed,keyGen,15,SHAKE256,oneshot,1,33,128,-1,-1,1,0
108,decapsulationSeed,keyGen,16,SHAKE256,oneshot,1,33,128,-1,-1,1,0
108,decapsulationSeed,keyGen,17,SHA3-256,oneshot,1,1568,32,-1,-1,12,0
108,decapsulationSeed,decapsulation,18,SHA3-256,oneshot,1,1568,32,-1,-1,12,0
108,decapsulationSeed,decapsulation,19,SHA3-512,oneshot,1,64,64,-1,-1,1,0
108,decapsulationSeed,decapsulation,20,SHAKE128,absorb,4,34,0,4,-1,0,0
108,decapsulationSeed,decapsulation,21,SHAKE128,squeeze,4,0,504,4,0,12,3
108,decapsulationSeed,decapsulation,22,SHAKE128,absorb,4,34,0,5,-1,0,0
108,decapsulationSeed,decapsulation,23,SHAKE128,squeeze,4,0,504,5,0,12,3
108,decapsulationSeed,decapsulation,24,SHAKE128,absorb,4,34,0,6,-1,0,0
108,decapsulationSeed,decapsulation,25,SHAKE128,squeeze,4,0,504,6,0,12,3
108,decapsulationSeed,decapsulation,26,SHAKE128,absorb,4,34,0,7,-1,0,0
108,decapsulationSeed,decapsulation,27,SHAKE128,squeeze,4,0,504,7,0,12,3
108,decapsulationSeed,decapsulation,28,SHAKE256,oneshot,1,33,128,-1,-1,1,0
108,decapsulationSeed,decapsulation,29,SHAKE256,oneshot,1,33,128,-1,-1,1,0
108,decapsulationSeed,decapsulation,30,SHAKE256,oneshot,1,33,128,-1,-1,1,0
108,decapsulationSeed,decapsulation,31,SHAKE256,oneshot,1,33,128,-1,-1,1,0
108,decapsulationSeed,decapsulation,32,SHAKE256,oneshot,1,33,128,-1,-1,1,0
108,decapsulationSeed,decapsulation,33,SHAKE256,oneshot,1,33,128,-1,-1,1,0
108,decapsulationSeed,decapsulation,34,SHAKE256,oneshot,1,33,128,-1,-1,1,0
108,decapsulationSeed,decapsulation,35,SHAKE256,oneshot,1,33,128,-1,-1,1,0
108,decapsulationSeed,decapsulation,36,SHAKE256,oneshot,1,33,128,-1,-1,1,0
108,decapsulationSeed,decapsulation,37,SHAKE256,oneshot,1,1600,32,-1,-1,12,0
109,decapsulationSeed,keyGen,0,SHA3-512,oneshot,1,33,64,-1,-1,1,0
109,decapsulationSeed,keyGen,1,SHAKE128,absorb,4,34,0,0,-1,0,0
109,decapsulationSeed,keyGen,2,SHAKE128,squeeze,4,0,504,0,0,12,3
109,decapsulationSeed,keyGen,3,SHAKE128,absorb,4,34,0,1,-1,0,0
109,decapsulationSeed,keyGen,4,SHAKE128,squeeze,4,0,504,1,0,12,3
109,decapsulationSeed,keyGen,5,SHAKE128,absorb,4,34,0,2,-1,0,0
109,decapsulationSeed,keyGen,6,SHAKE128,squeeze,4,0,504,2,0,12,3
109,decapsulationSeed,keyGen,7,SHAKE128,absorb,4,34,0,3,-1,0,0
109,decapsulationSeed,keyGen,8,SHAKE128,squeeze,4,0,504,3,0,12,3
109,decapsulationSeed,keyGen,9,SHAKE256,oneshot,1,33,128,-1,-1,1,0
109,decapsulationSeed,keyGen,10,SHAKE256,oneshot,1,33,128,-1,-1,1,0
109,decapsulationSeed,keyGen,11,SHAKE256,oneshot,1,33,128,-1,-1,1,0
109,decapsulationSeed,keyGen,12,SHAKE256,oneshot,1,33,128,-1,-1,1,0
109,decapsulationSeed,keyGen,13,SHAKE256,oneshot,1,33,128,-1,-1,1,0
109,decapsulationSeed,keyGen,14,SHAKE256,oneshot,1,33,128,-1,-1,1,0
109,decapsulationSeed,keyGen,15,SHAKE256,oneshot,1,33,128,-1,-1,1,0
109,decapsulationSeed,keyGen,16,SHAKE256,oneshot,1,33,128,-1,-1,1,0
109,decapsulationSeed,keyGen,17,SHA3-256,oneshot,1,1568,32,-1,-1,12,0
109,decapsulationSeed,decapsulation,18,SHA3-256,oneshot,1,1568,32,-1,-1,12,0
109,decapsulationSeed,decapsulation,19,SHA3-512,oneshot,1,64,64,-1,-1,1,0
109,decapsulationSeed,decapsulation,20,SHAKE128,absorb,4,34,0,4,-1,0,0
109,decapsulationSeed,decapsulation,21,SHAKE128,squeeze,4,0,504,4,0,12,3
109,decapsulationSeed,decapsulation,22,SHAKE128,absorb,4,34,0,5,-1,0,0
109,decapsulationSeed,decapsulation,23,SHAKE128,squeeze,4,0,504,5,0,12,3
109,decapsulationSeed,decapsulation,24,SHAKE128,absorb,4,34,0,6,-1,0,0
109,decapsulationSeed,decapsulation,25,SHAKE128,squeeze,4,0,504,6,0,12,3
109,decapsulationSeed,decapsulation,26,SHAKE128,absorb,4,34,0,7,-1,0,0
109,decapsulationSeed,decapsulation,27,SHAKE128,squeeze,4,0,504,7,0,12,3
109,decapsulationSeed,decapsulation,28,SHAKE256,oneshot,1,33,128,-1,-1,1,0
109,decapsulationSeed,decapsulation,29,SHAKE256,oneshot,1,33,128,-1,-1,1,0
109,decapsulationSeed,decapsulation,30,SHAKE256,oneshot,1,33,128,-1,-1,1,0
109,decapsulationSeed,decapsulation,31,SHAKE256,oneshot,1,33,128,-1,-1,1,0
109,decapsulationSeed,decapsulation,32,SHAKE256,oneshot,1,33,128,-1,-1,1,0
109,decapsulationSeed,decapsulation,33,SHAKE256,oneshot,1,33,128,-1,-1,1,0
109,decapsulationSeed,decapsulation,34,SHAKE256,oneshot,1,33,128,-1,-1,1,0
109,decapsulationSeed,decapsulation,35,SHAKE256,oneshot,1,33,128,-1,-1,1,0
109,decapsulationSeed,decapsulation,36,SHAKE256,oneshot,1,33,128,-1,-1,1,0
109,decapsulationSeed,decapsulation,37,SHAKE256,oneshot,1,1600,32,-1,-1,12,0
110,decapsulationSeed,keyGen,0,SHA3-512,oneshot,1,33,64,-1,-1,1,0
110,decapsulationSeed,keyGen,1,SHAKE128,absorb,4,34,0,0,-1,0,0
110,decapsulationSeed,keyGen,2,SHAKE128,squeeze,4,0,504,0,0,12,3
110,decapsulationSeed,keyGen,3,SHAKE128,absorb,4,34,0,1,-1,0,0
110,decapsulationSeed,keyGen,4,SHAKE128,squeeze,4,0,504,1,0,12,3
110,decapsulationSeed,keyGen,5,SHAKE128,absorb,4,34,0,2,-1,0,0
110,decapsulationSeed,keyGen,6,SHAKE128,squeeze,4,0,504,2,0,12,3
110,decapsulationSeed,keyGen,7,SHAKE128,absorb,4,34,0,3,-1,0,0
110,decapsulationSeed,keyGen,8,SHAKE128,squeeze,4,0,504,3,0,12,3
110,decapsulationSeed,keyGen,9,SHAKE256,oneshot,1,33,128,-1,-1,1,0
110,decapsulationSeed,keyGen,10,SHAKE256,oneshot,1,33,128,-1,-1,1,0
110,decapsulationSeed,keyGen,11,SHAKE256,oneshot,1,33,128,-1,-1,1,0
110,decapsulationSeed,keyGen,12,SHAKE256,oneshot,1,33,128,-1,-1,1,0
110,decapsulationSeed,keyGen,13,SHAKE256,oneshot,1,33,128,-1,-1,1,0
110,decapsulationSeed,keyGen,14,SHAKE256,oneshot,1,33,128,-1,-1,1,0
110,decapsulationSeed,keyGen,15,SHAKE256,oneshot,1,33,128,-1,-1,1,0
110,decapsulationSeed,keyGen,16,SHAKE256,oneshot,1,33,128,-1,-1,1,0
110,decapsulationSeed,keyGen,17,SHA3-256,oneshot,1,1568,32,-1,-1,12,0
110,decapsulationSeed,decapsulation,18,SHA3-256,oneshot,1,1568,32,-1,-1,12,0
110,decapsulationSeed,decapsulation,19,SHA3-512,oneshot,1,64,64,-1,-1,1,0
110,decapsulationSeed,decapsulation,20,SHAKE128,absorb,4,34,0,4,-1,0,0
110,decapsulationSeed,decapsulation,21,SHAKE128,squeeze,4,0,504,4,0,12,3
110,decapsulationSeed,decapsulation,22,SHAKE128,absorb,4,34,0,5,-1,0,0
110,decapsulationSeed,decapsulation,23,SHAKE128,squeeze,4,0,504,5,0,12,3
110,decapsulationSeed,decapsulation,24,SHAKE128,absorb,4,34,0,6,-1,0,0
110,decapsulationSeed,decapsulation,25,SHAKE128,squeeze,4,0,504,6,0,12,3
110,decapsulationSeed,decapsulation,26,SHAKE128,absorb,4,34,0,7,-1,0,0
110,decapsulationSeed,decapsulation,27,SHAKE128,squeeze,4,0,504,7,0,12,3
110,decapsulationSeed,decapsulation,28,SHAKE256,oneshot,1,33,128,-1,-1,1,0
110,decapsulationSeed,decapsulation,29,SHAKE256,oneshot,1,33,128,-1,-1,1,0
110,decapsulationSeed,decapsulation,30,SHAKE256,oneshot,1,33,128,-1,-1,1,0
110,decapsulationSeed,decapsulation,31,SHAKE256,oneshot,1,33,128,-1,-1,1,0
110,decapsulationSeed,decapsulation,32,SHAKE256,oneshot,1,33,128,-1,-1,1,0
110,decapsulationSeed,decapsulation,33,SHAKE256,oneshot,1,33,128,-1,-1,1,0
110,decapsulationSeed,decapsulation,34,SHAKE256,oneshot,1,33,128,-1,-1,1,0
110,decapsulationSeed,decapsulation,35,SHAKE256,oneshot,1,33,128,-1,-1,1,0
110,decapsulationSeed,decapsulation,36,SHAKE256,oneshot,1,33,128,-1,-1,1,0
110,decapsulationSeed,decapsulation,37,SHAKE256,oneshot,1,1600,32,-1,-1,12,0
111,decapsulationSeed,keyGen,0,SHA3-512,oneshot,1,33,64,-1,-1,1,0
111,decapsulationSeed,keyGen,1,SHAKE128,absorb,4,34,0,0,-1,0,0
111,decapsulationSeed,keyGen,2,SHAKE128,squeeze,4,0,504,0,0,12,3
111,decapsulationSeed,keyGen,3,SHAKE128,absorb,4,34,0,1,-1,0,0
111,decapsulationSeed,keyGen,4,SHAKE128,squeeze,4,0,504,1,0,12,3
111,decapsulationSeed,keyGen,5,SHAKE128,absorb,4,34,0,2,-1,0,0
111,decapsulationSeed,keyGen,6,SHAKE128,squeeze,4,0,504,2,0,12,3
111,decapsulationSeed,keyGen,7,SHAKE128,absorb,4,34,0,3,-1,0,0
111,decapsulationSeed,keyGen,8,SHAKE128,squeeze,4,0,504,3,0,12,3
111,decapsulationSeed,keyGen,9,SHAKE256,oneshot,1,33,128,-1,-1,1,0
111,decapsulationSeed,keyGen,10,SHAKE256,oneshot,1,33,128,-1,-1,1,0
111,decapsulationSeed,keyGen,11,SHAKE256,oneshot,1,33,128,-1,-1,1,0
111,decapsulationSeed,keyGen,12,SHAKE256,oneshot,1,33,128,-1,-1,1,0
111,decapsulationSeed,keyGen,13,SHAKE256,oneshot,1,33,128,-1,-1,1,0
111,decapsulationSeed,keyGen,14,SHAKE256,oneshot,1,33,128,-1,-1,1,0
111,decapsulationSeed,keyGen,15,SHAKE256,oneshot,1,33,128,-1,-1,1,0
111,decapsulationSeed,keyGen,16,SHAKE256,oneshot,1,33,128,-1,-1,1,0
111,decapsulationSeed,keyGen,17,SHA3-256,oneshot,1,1568,32,-1,-1,12,0
111,decapsulationSeed,decapsulation,18,SHA3-256,oneshot,1,1568,32,-1,-1,12,0
111,decapsulationSeed,decapsulation,19,SHA3-512,oneshot,1,64,64,-1,-1,1,0
111,decapsulationSeed,decapsulation,20,SHAKE128,absorb,4,34,0,4,-1,0,0
111,decapsulationSeed,decapsulation,21,SHAKE128,squeeze,4,0,504,4,0,12,3
111,decapsulationSeed,decapsulation,22,SHAKE128,absorb,4,34,0,5,-1,0,0
111,decapsulationSeed,decapsulation,23,SHAKE128,squeeze,4,0,504,5,0,12,3
111,decapsulationSeed,decapsulation,24,SHAKE128,absorb,4,34,0,6,-1,0,0
111,decapsulationSeed,decapsulation,25,SHAKE128,squeeze,4,0,504,6,0,12,3
111,decapsulationSeed,decapsulation,26,SHAKE128,absorb,4,34,0,7,-1,0,0
111,decapsulationSeed,decapsulation,27,SHAKE128,squeeze,4,0,504,7,0,12,3
111,decapsulationSeed,decapsulation,28,SHAKE256,oneshot,1,33,128,-1,-1,1,0
111,decapsulationSeed,decapsulation,29,SHAKE256,oneshot,1,33,128,-1,-1,1,0
111,decapsulationSeed,decapsulation,30,SHAKE256,oneshot,1,33,128,-1,-1,1,0
111,decapsulationSeed,decapsulation,31,SHAKE256,oneshot,1,33,128,-1,-1,1,0
111,decapsulationSeed,decapsulation,32,SHAKE256,oneshot,1,33,128,-1,-1,1,0
111,decapsulationSeed,decapsulation,33,SHAKE256,oneshot,1,33,128,-1,-1,1,0
111,decapsulationSeed,decapsulation,34,SHAKE256,oneshot,1,33,128,-1,-1,1,0
111,decapsulationSeed,decapsulation,35,SHAKE256,oneshot,1,33,128,-1,-1,1,0
111,decapsulationSeed,decapsulation,36,SHAKE256,oneshot,1,33,128,-1,-1,1,0
111,decapsulationSeed,decapsulation,37,SHAKE256,oneshot,1,1600,32,-1,-1,12,0
112,decapsulationSeed,keyGen,0,SHA3-512,oneshot,1,33,64,-1,-1,1,0
112,decapsulationSeed,keyGen,1,SHAKE128,absorb,4,34,0,0,-1,0,0
112,decapsulationSeed,keyGen,2,SHAKE128,squeeze,4,0,504,0,0,12,3
112,decapsulationSeed,keyGen,3,SHAKE128,absorb,4,34,0,1,-1,0,0
112,decapsulationSeed,keyGen,4,SHAKE128,squeeze,4,0,504,1,0,12,3
112,decapsulationSeed,keyGen,5,SHAKE128,absorb,4,34,0,2,-1,0,0
112,decapsulationSeed,keyGen,6,SHAKE128,squeeze,4,0,504,2,0,12,3
112,decapsulationSeed,keyGen,7,SHAKE128,absorb,4,34,0,3,-1,0,0
112,decapsulationSeed,keyGen,8,SHAKE128,squeeze,4,0,504,3,0,12,3
112,decapsulationSeed,keyGen,9,SHAKE256,oneshot,1,33,128,-1,-1,1,0
112,decapsulationSeed,keyGen,10,SHAKE256,oneshot,1,33,128,-1,-1,1,0
112,decapsulationSeed,keyGen,11,SHAKE256,oneshot,1,33,128,-1,-1,1,0
112,decapsulationSeed,keyGen,12,SHAKE256,oneshot,1,33,128,-1,-1,1,0
112,decapsulationSeed,keyGen,13,SHAKE256,oneshot,1,33,128,-1,-1,1,0
112,decapsulationSeed,keyGen,14,SHAKE256,oneshot,1,33,128,-1,-1,1,0
112,decapsulationSeed,keyGen,15,SHAKE256,oneshot,1,33,128,-1,-1,1,0
112,decapsulationSeed,keyGen,16,SHAKE256,oneshot,1,33,128,-1,-1,1,0
112,decapsulationSeed,keyGen,17,SHA3-256,oneshot,1,1568,32,-1,-1,12,0
112,decapsulationSeed,decapsulation,18,SHA3-256,oneshot,1,1568,32,-1,-1,12,0
112,decapsulationSeed,decapsulation,19,SHA3-512,oneshot,1,64,64,-1,-1,1,0
112,decapsulationSeed,decapsulation,20,SHAKE128,absorb,4,34,0,4,-1,0,0
112,decapsulationSeed,decapsulation,21,SHAKE128,squeeze,4,0,504,4,0,12,3
112,decapsulationSeed,decapsulation,22,SHAKE128,absorb,4,34,0,5,-1,0,0
112,decapsulationSeed,decapsulation,23,SHAKE128,squeeze,4,0,504,5,0,12,3
112,decapsulationSeed,decapsulation,24,SHAKE128,absorb,4,34,0,6,-1,0,0
112,decapsulationSeed,decapsulation,25,SHAKE128,squeeze,4,0,504,6,0,12,3
112,decapsulationSeed,decapsulation,26,SHAKE128,absorb,4,34,0,7,-1,0,0
112,decapsulationSeed,decapsulation,27,SHAKE128,squeeze,4,0,504,7,0,12,3
112,decapsulationSeed,decapsulation,28,SHAKE256,oneshot,1,33,128,-1,-1,1,0
112,decapsulationSeed,decapsulation,29,SHAKE256,oneshot,1,33,128,-1,-1,1,0
112,decapsulationSeed,decapsulation,30,SHAKE256,oneshot,1,33,128,-1,-1,1,0
112,decapsulationSeed,decapsulation,31,SHAKE256,oneshot,1,33,128,-1,-1,1,0
112,decapsulationSeed,decapsulation,32,SHAKE256,oneshot,1,33,128,-1,-1,1,0
112,decapsulationSeed,decapsulation,33,SHAKE256,oneshot,1,33,128,-1,-1,1,0
112,decapsulationSeed,decapsulation,34,SHAKE256,oneshot,1,33,128,-1,-1,1,0
112,decapsulationSeed,decapsulation,35,SHAKE256,oneshot,1,33,128,-1,-1,1,0
112,decapsulationSeed,decapsulation,36,SHAKE256,oneshot,1,33,128,-1,-1,1,0
112,decapsulationSeed,decapsulation,37,SHAKE256,oneshot,1,1600,32,-1,-1,12,0
113,decapsulationSeed,keyGen,0,SHA3-512,oneshot,1,33,64,-1,-1,1,0
113,decapsulationSeed,keyGen,1,SHAKE128,absorb,4,34,0,0,-1,0,0
113,decapsulationSeed,keyGen,2,SHAKE128,squeeze,4,0,504,0,0,12,3
113,decapsulationSeed,keyGen,3,SHAKE128,absorb,4,34,0,1,-1,0,0
113,decapsulationSeed,keyGen,4,SHAKE128,squeeze,4,0,504,1,0,12,3
113,decapsulationSeed,keyGen,5,SHAKE128,absorb,4,34,0,2,-1,0,0
113,decapsulationSeed,keyGen,6,SHAKE128,squeeze,4,0,504,2,0,12,3
113,decapsulationSeed,keyGen,7,SHAKE128,absorb,4,34,0,3,-1,0,0
113,decapsulationSeed,keyGen,8,SHAKE128,squeeze,4,0,504,3,0,12,3
113,decapsulationSeed,keyGen,9,SHAKE256,oneshot,1,33,128,-1,-1,1,0
113,decapsulationSeed,keyGen,10,SHAKE256,oneshot,1,33,128,-1,-1,1,0
113,decapsulationSeed,keyGen,11,SHAKE256,oneshot,1,33,128,-1,-1,1,0
113,decapsulationSeed,keyGen,12,SHAKE256,oneshot,1,33,128,-1,-1,1,0
113,decapsulationSeed,keyGen,13,SHAKE256,oneshot,1,33,128,-1,-1,1,0
113,decapsulationSeed,keyGen,14,SHAKE256,oneshot,1,33,128,-1,-1,1,0
113,decapsulationSeed,keyGen,15,SHAKE256,oneshot,1,33,128,-1,-1,1,0
113,decapsulationSeed,keyGen,16,SHAKE256,oneshot,1,33,128,-1,-1,1,0
113,decapsulationSeed,keyGen,17,SHA3-256,oneshot,1,1568,32,-1,-1,12,0
113,decapsulationSeed,decapsulation,18,SHA3-256,oneshot,1,1568,32,-1,-1,12,0
113,decapsulationSeed,decapsulation,19,SHA3-512,oneshot,1,64,64,-1,-1,1,0
113,decapsulationSeed,decapsulation,20,SHAKE128,absorb,4,34,0,4,-1,0,0
113,decapsulationSeed,decapsulation,21,SHAKE128,squeeze,4,0,504,4,0,12,3
113,decapsulationSeed,decapsulation,22,SHAKE128,absorb,4,34,0,5,-1,0,0
113,decapsulationSeed,decapsulation,23,SHAKE128,squeeze,4,0,504,5,0,12,3
113,decapsulationSeed,decapsulation,24,SHAKE128,absorb,4,34,0,6,-1,0,0
113,decapsulationSeed,decapsulation,25,SHAKE128,squeeze,4,0,504,6,0,12,3
113,decapsulationSeed,decapsulation,26,SHAKE128,absorb,4,34,0,7,-1,0,0
113,decapsulationSeed,decapsulation,27,SHAKE128,squeeze,4,0,504,7,0,12,3
113,decapsulationSeed,decapsulation,28,SHAKE256,oneshot,1,33,128,-1,-1,1,0
113,decapsulationSeed,decapsulation,29,SHAKE256,oneshot,1,33,128,-1,-1,1,0
113,decapsulationSeed,decapsulation,30,SHAKE256,oneshot,1,33,128,-1,-1,1,0
113,decapsulationSeed,decapsulation,31,SHAKE256,oneshot,1,33,128,-1,-1,1,0
113,decapsulationSeed,decapsulation,32,SHAKE256,oneshot,1,33,128,-1,-1,1,0
113,decapsulationSeed,decapsulation,33,SHAKE256,oneshot,1,33,128,-1,-1,1,0
113,decapsulationSeed,decapsulation,34,SHAKE256,oneshot,1,33,128,-1,-1,1,0
113,decapsulationSeed,decapsulation,35,SHAKE256,oneshot,1,33,128,-1,-1,1,0
113,decapsulationSeed,decapsulation,36,SHAKE256,oneshot,1,33,128,-1,-1,1,0
113,decapsulationSeed,decapsulation,37,SHAKE256,oneshot,1,1600,32,-1,-1,12,0
114,decapsulationSeed,keyGen,0,SHA3-512,oneshot,1,33,64,-1,-1,1,0
114,decapsulationSeed,keyGen,1,SHAKE128,absorb,4,34,0,0,-1,0,0
114,decapsulationSeed,keyGen,2,SHAKE128,squeeze,4,0,504,0,0,12,3
114,decapsulationSeed,keyGen,3,SHAKE128,absorb,4,34,0,1,-1,0,0
114,decapsulationSeed,keyGen,4,SHAKE128,squeeze,4,0,504,1,0,12,3
114,decapsulationSeed,keyGen,5,SHAKE128,absorb,4,34,0,2,-1,0,0
114,decapsulationSeed,keyGen,6,SHAKE128,squeeze,4,0,504,2,0,12,3
114,decapsulationSeed,keyGen,7,SHAKE128,absorb,4,34,0,3,-1,0,0
114,decapsulationSeed,keyGen,8,SHAKE128,squeeze,4,0,504,3,0,12,3
114,decapsulationSeed,keyGen,9,SHAKE256,oneshot,1,33,128,-1,-1,1,0
114,decapsulationSeed,keyGen,10,SHAKE256,oneshot,1,33,128,-1,-1,1,0
114,decapsulationSeed,keyGen,11,SHAKE256,oneshot,1,33,128,-1,-1,1,0
114,decapsulationSeed,keyGen,12,SHAKE256,oneshot,1,33,128,-1,-1,1,0
114,decapsulationSeed,keyGen,13,SHAKE256,oneshot,1,33,128,-1,-1,1,0
114,decapsulationSeed,keyGen,14,SHAKE256,oneshot,1,33,128,-1,-1,1,0
114,decapsulationSeed,keyGen,15,SHAKE256,oneshot,1,33,128,-1,-1,1,0
114,decapsulationSeed,keyGen,16,SHAKE256,oneshot,1,33,128,-1,-1,1,0
114,decapsulationSeed,keyGen,17,SHA3-256,oneshot,1,1568,32,-1,-1,12,0
114,decapsulationSeed,decapsulation,18,SHA3-256,oneshot,1,1568,32,-1,-1,12,0
114,decapsulationSeed,decapsulation,19,SHA3-512,oneshot,1,64,64,-1,-1,1,0
114,decapsulationSeed,decapsulation,20,SHAKE128,absorb,4,34,0,4,-1,0,0
114,decapsulationSeed,decapsulation,21,SHAKE128,squeeze,4,0,504,4,0,12,3
114,decapsulationSeed,decapsulation,22,SHAKE128,absorb,4,34,0,5,-1,0,0
114,decapsulationSeed,decapsulation,23,SHAKE128,squeeze,4,0,504,5,0,12,3
114,decapsulationSeed,decapsulation,24,SHAKE128,absorb,4,34,0,6,-1,0,0
114,decapsulationSeed,decapsulation,25,SHAKE128,squeeze,4,0,504,6,0,12,3
114,decapsulationSeed,decapsulation,26,SHAKE128,absorb,4,34,0,7,-1,0,0
114,decapsulationSeed,decapsulation,27,SHAKE128,squeeze,4,0,504,7,0,12,3
114,decapsulationSeed,decapsulation,28,SHAKE256,oneshot,1,33,128,-1,-1,1,0
114,decapsulationSeed,decapsulation,29,SHAKE256,oneshot,1,33,128,-1,-1,1,0
114,decapsulationSeed,decapsulation,30,SHAKE256,oneshot,1,33,128,-1,-1,1,0
114,decapsulationSeed,decapsulation,31,SHAKE256,oneshot,1,33,128,-1,-1,1,0
114,decapsulationSeed,decapsulation,32,SHAKE256,oneshot,1,33,128,-1,-1,1,0
114,decapsulationSeed,decapsulation,33,SHAKE256,oneshot,1,33,128,-1,-1,1,0
114,decapsulationSeed,decapsulation,34,SHAKE256,oneshot,1,33,128,-1,-1,1,0
114,decapsulationSeed,decapsulation,35,SHAKE256,oneshot,1,33,128,-1,-1,1,0
114,decapsulationSeed,decapsulation,36,SHAKE256,oneshot,1,33,128,-1,-1,1,0
114,decapsulationSeed,decapsulation,37,SHAKE256,oneshot,1,1600,32,-1,-1,12,0
115,decapsulation,decapsulation,0,SHA3-256,oneshot,1,1568,32,-1,-1,12,0
115,decapsulation,decapsulation,1,SHA3-512,oneshot,1,64,64,-1,-1,1,0
115,decapsulation,decapsulation,2,SHAKE128,absorb,4,34,0,0,-1,0,0
115,decapsulation,decapsulation,3,SHAKE128,squeeze,4,0,504,0,0,12,3
115,decapsulation,decapsulation,4,SHAKE128,absorb,4,34,0,1,-1,0,0
115,decapsulation,decapsulation,5,SHAKE128,squeeze,4,0,504,1,0,12,3
115,decapsulation,decapsulation,6,SHAKE128,absorb,4,34,0,2,-1,0,0
115,decapsulation,decapsulation,7,SHAKE128,squeeze,4,0,504,2,0,12,3
115,decapsulation,decapsulation,8,SHAKE128,absorb,4,34,0,3,-1,0,0
115,decapsulation,decapsulation,9,SHAKE128,squeeze,4,0,504,3,0,12,3
115,decapsulation,decapsulation,10,SHAKE128,squeeze,4,0,168,3,1,4,1
115,decapsulation,decapsulation,11,SHAKE256,oneshot,1,33,128,-1,-1,1,0
115,decapsulation,decapsulation,12,SHAKE256,oneshot,1,33,128,-1,-1,1,0
115,decapsulation,decapsulation,13,SHAKE256,oneshot,1,33,128,-1,-1,1,0
115,decapsulation,decapsulation,14,SHAKE256,oneshot,1,33,128,-1,-1,1,0
115,decapsulation,decapsulation,15,SHAKE256,oneshot,1,33,128,-1,-1,1,0
115,decapsulation,decapsulation,16,SHAKE256,oneshot,1,33,128,-1,-1,1,0
115,decapsulation,decapsulation,17,SHAKE256,oneshot,1,33,128,-1,-1,1,0
115,decapsulation,decapsulation,18,SHAKE256,oneshot,1,33,128,-1,-1,1,0
115,decapsulation,decapsulation,19,SHAKE256,oneshot,1,33,128,-1,-1,1,0
115,decapsulation,decapsulation,20,SHAKE256,oneshot,1,1600,32,-1,-1,12,0
116,decapsulation,decapsulation,0,SHA3-256,oneshot,1,1568,32,-1,-1,12,0
116,decapsulation,decapsulation,1,SHA3-512,oneshot,1,64,64,-1,-1,1,0
116,decapsulation,decapsulation,2,SHAKE128,absorb,4,34,0,0,-1,0,0
116,decapsulation,decapsulation,3,SHAKE128,squeeze,4,0,504,0,0,12,3
116,decapsulation,decapsulation,4,SHAKE128,absorb,4,34,0,1,-1,0,0
116,decapsulation,decapsulation,5,SHAKE128,squeeze,4,0,504,1,0,12,3
116,decapsulation,decapsulation,6,SHAKE128,absorb,4,34,0,2,-1,0,0
116,decapsulation,decapsulation,7,SHAKE128,squeeze,4,0,504,2,0,12,3
116,decapsulation,decapsulation,8,SHAKE128,absorb,4,34,0,3,-1,0,0
116,decapsulation,decapsulation,9,SHAKE128,squeeze,4,0,504,3,0,12,3
116,decapsulation,decapsulation,10,SHAKE256,oneshot,1,33,128,-1,-1,1,0
116,decapsulation,decapsulation,11,SHAKE256,oneshot,1,33,128,-1,-1,1,0
116,decapsulation,decapsulation,12,SHAKE256,oneshot,1,33,128,-1,-1,1,0
116,decapsulation,decapsulation,13,SHAKE256,oneshot,1,33,128,-1,-1,1,0
116,decapsulation,decapsulation,14,SHAKE256,oneshot,1,33,128,-1,-1,1,0
116,decapsulation,decapsulation,15,SHAKE256,oneshot,1,33,128,-1,-1,1,0
116,decapsulation,decapsulation,16,SHAKE256,oneshot,1,33,128,-1,-1,1,0
116,decapsulation,decapsulation,17,SHAKE256,oneshot,1,33,128,-1,-1,1,0
116,decapsulation,decapsulation,18,SHAKE256,oneshot,1,33,128,-1,-1,1,0
116,decapsulation,decapsulation,19,SHAKE256,oneshot,1,1600,32,-1,-1,12,0
117,decapsulation,decapsulation,0,SHA3-256,oneshot,1,1568,32,-1,-1,12,0
117,decapsulation,decapsulation,1,SHA3-512,oneshot,1,64,64,-1,-1,1,0
117,decapsulation,decapsulation,2,SHAKE128,absorb,4,34,0,0,-1,0,0
117,decapsulation,decapsulation,3,SHAKE128,squeeze,4,0,504,0,0,12,3
117,decapsulation,decapsulation,4,SHAKE128,squeeze,4,0,168,0,1,4,1
117,decapsulation,decapsulation,5,SHAKE128,absorb,4,34,0,1,-1,0,0
117,decapsulation,decapsulation,6,SHAKE128,squeeze,4,0,504,1,0,12,3
117,decapsulation,decapsulation,7,SHAKE128,absorb,4,34,0,2,-1,0,0
117,decapsulation,decapsulation,8,SHAKE128,squeeze,4,0,504,2,0,12,3
117,decapsulation,decapsulation,9,SHAKE128,absorb,4,34,0,3,-1,0,0
117,decapsulation,decapsulation,10,SHAKE128,squeeze,4,0,504,3,0,12,3
117,decapsulation,decapsulation,11,SHAKE256,oneshot,1,33,128,-1,-1,1,0
117,decapsulation,decapsulation,12,SHAKE256,oneshot,1,33,128,-1,-1,1,0
117,decapsulation,decapsulation,13,SHAKE256,oneshot,1,33,128,-1,-1,1,0
117,decapsulation,decapsulation,14,SHAKE256,oneshot,1,33,128,-1,-1,1,0
117,decapsulation,decapsulation,15,SHAKE256,oneshot,1,33,128,-1,-1,1,0
117,decapsulation,decapsulation,16,SHAKE256,oneshot,1,33,128,-1,-1,1,0
117,decapsulation,decapsulation,17,SHAKE256,oneshot,1,33,128,-1,-1,1,0
117,decapsulation,decapsulation,18,SHAKE256,oneshot,1,33,128,-1,-1,1,0
117,decapsulation,decapsulation,19,SHAKE256,oneshot,1,33,128,-1,-1,1,0
117,decapsulation,decapsulation,20,SHAKE256,oneshot,1,1600,32,-1,-1,12,0
118,decapsulation,decapsulation,0,SHA3-256,oneshot,1,1568,32,-1,-1,12,0
118,decapsulation,decapsulation,1,SHA3-512,oneshot,1,64,64,-1,-1,1,0
118,decapsulation,decapsulation,2,SHAKE128,absorb,4,34,0,0,-1,0,0
118,decapsulation,decapsulation,3,SHAKE128,squeeze,4,0,504,0,0,12,3
118,decapsulation,decapsulation,4,SHAKE128,absorb,4,34,0,1,-1,0,0
118,decapsulation,decapsulation,5,SHAKE128,squeeze,4,0,504,1,0,12,3
118,decapsulation,decapsulation,6,SHAKE128,squeeze,4,0,168,1,1,4,1
118,decapsulation,decapsulation,7,SHAKE128,absorb,4,34,0,2,-1,0,0
118,decapsulation,decapsulation,8,SHAKE128,squeeze,4,0,504,2,0,12,3
118,decapsulation,decapsulation,9,SHAKE128,absorb,4,34,0,3,-1,0,0
118,decapsulation,decapsulation,10,SHAKE128,squeeze,4,0,504,3,0,12,3
118,decapsulation,decapsulation,11,SHAKE256,oneshot,1,33,128,-1,-1,1,0
118,decapsulation,decapsulation,12,SHAKE256,oneshot,1,33,128,-1,-1,1,0
118,decapsulation,decapsulation,13,SHAKE256,oneshot,1,33,128,-1,-1,1,0
118,decapsulation,decapsulation,14,SHAKE256,oneshot,1,33,128,-1,-1,1,0
118,decapsulation,decapsulation,15,SHAKE256,oneshot,1,33,128,-1,-1,1,0
118,decapsulation,decapsulation,16,SHAKE256,oneshot,1,33,128,-1,-1,1,0
118,decapsulation,decapsulation,17,SHAKE256,oneshot,1,33,128,-1,-1,1,0
118,decapsulation,decapsulation,18,SHAKE256,oneshot,1,33,128,-1,-1,1,0
118,decapsulation,decapsulation,19,SHAKE256,oneshot,1,33,128,-1,-1,1,0
118,decapsulation,decapsulation,20,SHAKE256,oneshot,1,1600,32,-1,-1,12,0
119,decapsulation,decapsulation,0,SHA3-256,oneshot,1,1568,32,-1,-1,12,0
119,decapsulation,decapsulation,1,SHA3-512,oneshot,1,64,64,-1,-1,1,0
119,decapsulation,decapsulation,2,SHAKE128,absorb,4,34,0,0,-1,0,0
119,decapsulation,decapsulation,3,SHAKE128,squeeze,4,0,504,0,0,12,3
119,decapsulation,decapsulation,4,SHAKE128,absorb,4,34,0,1,-1,0,0
119,decapsulation,decapsulation,5,SHAKE128,squeeze,4,0,504,1,0,12,3
119,decapsulation,decapsulation,6,SHAKE128,absorb,4,34,0,2,-1,0,0
119,decapsulation,decapsulation,7,SHAKE128,squeeze,4,0,504,2,0,12,3
119,decapsulation,decapsulation,8,SHAKE128,absorb,4,34,0,3,-1,0,0
119,decapsulation,decapsulation,9,SHAKE128,squeeze,4,0,504,3,0,12,3
119,decapsulation,decapsulation,10,SHAKE256,oneshot,1,33,128,-1,-1,1,0
119,decapsulation,decapsulation,11,SHAKE256,oneshot,1,33,128,-1,-1,1,0
119,decapsulation,decapsulation,12,SHAKE256,oneshot,1,33,128,-1,-1,1,0
119,decapsulation,decapsulation,13,SHAKE256,oneshot,1,33,128,-1,-1,1,0
119,decapsulation,decapsulation,14,SHAKE256,oneshot,1,33,128,-1,-1,1,0
119,decapsulation,decapsulation,15,SHAKE256,oneshot,1,33,128,-1,-1,1,0
119,decapsulation,decapsulation,16,SHAKE256,oneshot,1,33,128,-1,-1,1,0
119,decapsulation,decapsulation,17,SHAKE256,oneshot,1,33,128,-1,-1,1,0
119,decapsulation,decapsulation,18,SHAKE256,oneshot,1,33,128,-1,-1,1,0
119,decapsulation,decapsulation,19,SHAKE256,oneshot,1,1600,32,-1,-1,12,0
120,decapsulation,decapsulation,0,SHA3-256,oneshot,1,1568,32,-1,-1,12,0
120,decapsulation,decapsulation,1,SHA3-512,oneshot,1,64,64,-1,-1,1,0
120,decapsulation,decapsulation,2,SHAKE128,absorb,4,34,0,0,-1,0,0
120,decapsulation,decapsulation,3,SHAKE128,squeeze,4,0,504,0,0,12,3
120,decapsulation,decapsulation,4,SHAKE128,absorb,4,34,0,1,-1,0,0
120,decapsulation,decapsulation,5,SHAKE128,squeeze,4,0,504,1,0,12,3
120,decapsulation,decapsulation,6,SHAKE128,absorb,4,34,0,2,-1,0,0
120,decapsulation,decapsulation,7,SHAKE128,squeeze,4,0,504,2,0,12,3
120,decapsulation,decapsulation,8,SHAKE128,absorb,4,34,0,3,-1,0,0
120,decapsulation,decapsulation,9,SHAKE128,squeeze,4,0,504,3,0,12,3
120,decapsulation,decapsulation,10,SHAKE256,oneshot,1,33,128,-1,-1,1,0
120,decapsulation,decapsulation,11,SHAKE256,oneshot,1,33,128,-1,-1,1,0
120,decapsulation,decapsulation,12,SHAKE256,oneshot,1,33,128,-1,-1,1,0
120,decapsulation,decapsulation,13,SHAKE256,oneshot,1,33,128,-1,-1,1,0
120,decapsulation,decapsulation,14,SHAKE256,oneshot,1,33,128,-1,-1,1,0
120,decapsulation,decapsulation,15,SHAKE256,oneshot,1,33,128,-1,-1,1,0
120,decapsulation,decapsulation,16,SHAKE256,oneshot,1,33,128,-1,-1,1,0
120,decapsulation,decapsulation,17,SHAKE256,oneshot,1,33,128,-1,-1,1,0
120,decapsulation,decapsulation,18,SHAKE256,oneshot,1,33,128,-1,-1,1,0
120,decapsulation,decapsulation,19,SHAKE256,oneshot,1,1600,32,-1,-1,12,0
121,decapsulation,decapsulation,0,SHA3-256,oneshot,1,1568,32,-1,-1,12,0
121,decapsulation,decapsulation,1,SHA3-512,oneshot,1,64,64,-1,-1,1,0
121,decapsulation,decapsulation,2,SHAKE128,absorb,4,34,0,0,-1,0,0
121,decapsulation,decapsulation,3,SHAKE128,squeeze,4,0,504,0,0,12,3
121,decapsulation,decapsulation,4,SHAKE128,absorb,4,34,0,1,-1,0,0
121,decapsulation,decapsulation,5,SHAKE128,squeeze,4,0,504,1,0,12,3
121,decapsulation,decapsulation,6,SHAKE128,absorb,4,34,0,2,-1,0,0
121,decapsulation,decapsulation,7,SHAKE128,squeeze,4,0,504,2,0,12,3
121,decapsulation,decapsulation,8,SHAKE128,absorb,4,34,0,3,-1,0,0
121,decapsulation,decapsulation,9,SHAKE128,squeeze,4,0,504,3,0,12,3
121,decapsulation,decapsulation,10,SHAKE256,oneshot,1,33,128,-1,-1,1,0
121,decapsulation,decapsulation,11,SHAKE256,oneshot,1,33,128,-1,-1,1,0
121,decapsulation,decapsulation,12,SHAKE256,oneshot,1,33,128,-1,-1,1,0
121,decapsulation,decapsulation,13,SHAKE256,oneshot,1,33,128,-1,-1,1,0
121,decapsulation,decapsulation,14,SHAKE256,oneshot,1,33,128,-1,-1,1,0
121,decapsulation,decapsulation,15,SHAKE256,oneshot,1,33,128,-1,-1,1,0
121,decapsulation,decapsulation,16,SHAKE256,oneshot,1,33,128,-1,-1,1,0
121,decapsulation,decapsulation,17,SHAKE256,oneshot,1,33,128,-1,-1,1,0
121,decapsulation,decapsulation,18,SHAKE256,oneshot,1,33,128,-1,-1,1,0
121,decapsulation,decapsulation,19,SHAKE256,oneshot,1,1600,32,-1,-1,12,0
122,decapsulation,decapsulation,0,SHA3-256,oneshot,1,1568,32,-1,-1,12,0
122,decapsulation,decapsulation,1,SHA3-512,oneshot,1,64,64,-1,-1,1,0
122,decapsulation,decapsulation,2,SHAKE128,absorb,4,34,0,0,-1,0,0
122,decapsulation,decapsulation,3,SHAKE128,squeeze,4,0,504,0,0,12,3
122,decapsulation,decapsulation,4,SHAKE128,absorb,4,34,0,1,-1,0,0
122,decapsulation,decapsulation,5,SHAKE128,squeeze,4,0,504,1,0,12,3
122,decapsulation,decapsulation,6,SHAKE128,absorb,4,34,0,2,-1,0,0
122,decapsulation,decapsulation,7,SHAKE128,squeeze,4,0,504,2,0,12,3
122,decapsulation,decapsulation,8,SHAKE128,absorb,4,34,0,3,-1,0,0
122,decapsulation,decapsulation,9,SHAKE128,squeeze,4,0,504,3,0,12,3
122,decapsulation,decapsulation,10,SHAKE256,oneshot,1,33,128,-1,-1,1,0
122,decapsulation,decapsulation,11,SHAKE256,oneshot,1,33,128,-1,-1,1,0
122,decapsulation,decapsulation,12,SHAKE256,oneshot,1,33,128,-1,-1,1,0
122,decapsulation,decapsulation,13,SHAKE256,oneshot,1,33,128,-1,-1,1,0
122,decapsulation,decapsulation,14,SHAKE256,oneshot,1,33,128,-1,-1,1,0
122,decapsulation,decapsulation,15,SHAKE256,oneshot,1,33,128,-1,-1,1,0
122,decapsulation,decapsulation,16,SHAKE256,oneshot,1,33,128,-1,-1,1,0
122,decapsulation,decapsulation,17,SHAKE256,oneshot,1,33,128,-1,-1,1,0
122,decapsulation,decapsulation,18,SHAKE256,oneshot,1,33,128,-1,-1,1,0
122,decapsulation,decapsulation,19,SHAKE256,oneshot,1,1600,32,-1,-1,12,0
123,decapsulation,decapsulation,0,SHA3-256,oneshot,1,1568,32,-1,-1,12,0
123,decapsulation,decapsulation,1,SHA3-512,oneshot,1,64,64,-1,-1,1,0
123,decapsulation,decapsulation,2,SHAKE128,absorb,4,34,0,0,-1,0,0
123,decapsulation,decapsulation,3,SHAKE128,squeeze,4,0,504,0,0,12,3
123,decapsulation,decapsulation,4,SHAKE128,absorb,4,34,0,1,-1,0,0
123,decapsulation,decapsulation,5,SHAKE128,squeeze,4,0,504,1,0,12,3
123,decapsulation,decapsulation,6,SHAKE128,absorb,4,34,0,2,-1,0,0
123,decapsulation,decapsulation,7,SHAKE128,squeeze,4,0,504,2,0,12,3
123,decapsulation,decapsulation,8,SHAKE128,absorb,4,34,0,3,-1,0,0
123,decapsulation,decapsulation,9,SHAKE128,squeeze,4,0,504,3,0,12,3
123,decapsulation,decapsulation,10,SHAKE256,oneshot,1,33,128,-1,-1,1,0
123,decapsulation,decapsulation,11,SHAKE256,oneshot,1,33,128,-1,-1,1,0
123,decapsulation,decapsulation,12,SHAKE256,oneshot,1,33,128,-1,-1,1,0
123,decapsulation,decapsulation,13,SHAKE256,oneshot,1,33,128,-1,-1,1,0
123,decapsulation,decapsulation,14,SHAKE256,oneshot,1,33,128,-1,-1,1,0
123,decapsulation,decapsulation,15,SHAKE256,oneshot,1,33,128,-1,-1,1,0
123,decapsulation,decapsulation,16,SHAKE256,oneshot,1,33,128,-1,-1,1,0
123,decapsulation,decapsulation,17,SHAKE256,oneshot,1,33,128,-1,-1,1,0
123,decapsulation,decapsulation,18,SHAKE256,oneshot,1,33,128,-1,-1,1,0
123,decapsulation,decapsulation,19,SHAKE256,oneshot,1,1600,32,-1,-1,12,0
124,decapsulation,decapsulation,0,SHA3-256,oneshot,1,1568,32,-1,-1,12,0
124,decapsulation,decapsulation,1,SHA3-512,oneshot,1,64,64,-1,-1,1,0
124,decapsulation,decapsulation,2,SHAKE128,absorb,4,34,0,0,-1,0,0
124,decapsulation,decapsulation,3,SHAKE128,squeeze,4,0,504,0,0,12,3
124,decapsulation,decapsulation,4,SHAKE128,absorb,4,34,0,1,-1,0,0
124,decapsulation,decapsulation,5,SHAKE128,squeeze,4,0,504,1,0,12,3
124,decapsulation,decapsulation,6,SHAKE128,absorb,4,34,0,2,-1,0,0
124,decapsulation,decapsulation,7,SHAKE128,squeeze,4,0,504,2,0,12,3
124,decapsulation,decapsulation,8,SHAKE128,absorb,4,34,0,3,-1,0,0
124,decapsulation,decapsulation,9,SHAKE128,squeeze,4,0,504,3,0,12,3
124,decapsulation,decapsulation,10,SHAKE256,oneshot,1,33,128,-1,-1,1,0
124,decapsulation,decapsulation,11,SHAKE256,oneshot,1,33,128,-1,-1,1,0
124,decapsulation,decapsulation,12,SHAKE256,oneshot,1,33,128,-1,-1,1,0
124,decapsulation,decapsulation,13,SHAKE256,oneshot,1,33,128,-1,-1,1,0
124,decapsulation,decapsulation,14,SHAKE256,oneshot,1,33,128,-1,-1,1,0
124,decapsulation,decapsulation,15,SHAKE256,oneshot,1,33,128,-1,-1,1,0
124,decapsulation,decapsulation,16,SHAKE256,oneshot,1,33,128,-1,-1,1,0
124,decapsulation,decapsulation,17,SHAKE256,oneshot,1,33,128,-1,-1,1,0
124,decapsulation,decapsulation,18,SHAKE256,oneshot,1,33,128,-1,-1,1,0
124,decapsulation,decapsulation,19,SHAKE256,oneshot,1,1600,32,-1,-1,12,0
125,decapsulationKeyCheck,decapsulationKeyCheck,0,SHA3-256,oneshot,1,1568,32,-1,-1,12,0
126,decapsulationKeyCheck,decapsulationKeyCheck,0,SHA3-256,oneshot,1,1568,32,-1,-1,12,0
127,decapsulationKeyCheck,decapsulationKeyCheck,0,SHA3-256,oneshot,1,1568,32,-1,-1,12,0
128,decapsulationKeyCheck,decapsulationKeyCheck,0,SHA3-256,oneshot,1,1568,32,-1,-1,12,0
129,decapsulationKeyCheck,decapsulationKeyCheck,0,SHA3-256,oneshot,1,1568,32,-1,-1,12,0
130,decapsulationKeyCheck,decapsulationKeyCheck,0,SHA3-256,oneshot,1,1568,32,-1,-1,12,0
131,decapsulationKeyCheck,decapsulationKeyCheck,0,SHA3-256,oneshot,1,1568,32,-1,-1,12,0
132,decapsulationKeyCheck,decapsulationKeyCheck,0,SHA3-256,oneshot,1,1568,32,-1,-1,12,0
133,decapsulationKeyCheck,decapsulationKeyCheck,0,SHA3-256,oneshot,1,1568,32,-1,-1,12,0
134,decapsulationKeyCheck,decapsulationKeyCheck,0,SHA3-256,oneshot,1,1568,32,-1,-1,12,0
