3254414b
00000001
00000300
00000091
000095f4
00000000
00000000
00000000
00000000
00000001
0000002a
00000002
0000001a
00000001
00000020
00000020
00000000
000004a0
00000960
00000000
7793c728
0bb84187
9f33b402
7234a42a
f199b055
b8e16472
7c2c0acc
f7791a2a
7f907b99
6e6c49d0
71d78a6c
9d335f4f
621ff175
69a89155
ae7511be
d45ff047
23683431
7d95a62b
24b80778
99ac45f4
ab68d5a0
ca4dd51a
48d14982
5f27612e
778c2452
48421af6
cd883175
0acd9417
dcc05e46
8559024b
4eb761c4
4c6e2876
0574e737
fdc95c69
4b375406
34207a42
f10fec3a
827687a1
90c4bf73
daa17254
55147f38
73e86c9d
b6a5f613
53348413
68139a9f
77b15540
b4f843e5
bd2a430f
8999c47c
84900aa5
3f9160c6
3b59a845
c49b4917
2b6c93cf
211485c1
086898cb
af30efa0
5bab7ae9
f0b38e8b
956a50b3
a06315b9
23b77de5
7e984410
abbd41f1
16c33735
78f116ad
291fa805
a9799832
7e15964e
f747744b
b20396d5
cc96d81b
4ecdb747
eb222323
15225d9c
fccf6b69
fc4ea0a3
ccd9c5c4
6e9aac39
8cd30087
69014b24
e81ffae7
36104b1b
a1e6745e
d156f7f7
40c8cd1a
0610f843
379529d6
5953226c
3fb5fe58
e07e1178
864c1cf6
6dd04026
8b2b7ac5
a6412ae6
c63baf42
98ac6b3f
70ffbbbb
b8370f57
2f57d9f8
7a653527
6cf9986c
49a857af
b2208786
b28b0b64
a1372273
88c184f9
8902d172
52c943ce
067e25c9
76eb9a52
b127d1af
25fd9675
9c6c21c5
8eb1d9ab
7be850fc
8b5604bb
e9c4d5b7
64008c28
1259af83
570891e1
10bd0037
4b2277cd
a79e6580
7042a75a
00c43ab3
fe8b738b
86e771e2
2f74c858
ad963cf1
3ca08107
26ca7675
29b558dd
c058ba80
6a445e50
dc0c14fa
db9004ea
81189b1f
b214435d
c5ac9c45
911c4462
544e08f4
638ec826
2e48f72c
11799079
267364d0
b8d73508
a856785e
38a0ae29
39b90717
2c8886ce
48449cc0
a994aec6
7c1003c3
fbee6756
3c76f78d
a38911c2
0ac490c5
15491fa5
5e93a703
c34f8fc0
07e6cb00
00918ced
45bf9fc2
c8134b58
930680d7
6cc7ae37
03b7ce36
6eabe273
464b937b
32fb536f
0540f0ea
54b89654
a2a2230e
4634e577
ecd50886
ce388d0f
06b8bba5
164fbfc1
26c86a4f
953f73fe
dc291e46
c00012c1
831bdaaa
ab3e0232
ce189732
090acc25
f3035955
86bc8b57
ca52173b
a55d3694
c354df56
bb5ce0b7
c1fb1571
177ac5b6
90b9312c
fbc86065
63c5f354
c06c25a2
813b2473
8da2b479
cf86e060
e42e0851
96292729
03beaaf0
d3af0eba
54d9e7c8
e23309bd
c3d00ef6
b8e7ed2c
488ea220
403ccaf3
aecc3c91
fcab3723
083f8459
253386c9
9e4e5ad6
61f4c115
b218b172
1d0febb5
01a05851
087bf234
a0c38854
e5e41f62
25988667
e54eb70f
353e2e15
a04465a6
a99e275d
c1fb3191
0b066551
eb8ef890
2a89207b
16cbe44d
d75b4983
667903da
40c07cb4
5d4c76f1
49b506eb
3967429d
47bbeb1c
53d834f7
8452399e
8185a136
f24b8582
27931f0b
6470fb9a
cc5cc664
b399e05a
5635c07c
4cbf6ac2
a39b8b3f
727036a9
599aa411
28f568b2
c770794f
94711276
17743750
a44b8c42
15a19c7c
4c3095cf
d8c55947
98449b85
c9a6065c
37926824
610d32ba
1cd66009
3154e853
a4679e78
67f11301
9c4293ff
ab6c4f26
c94854c9
397d4303
e07b57a6
851200cf
3576a42a
a146901a
25a6a110
914cd7a3
e9bc780b
5e73cacf
a4b8914f
48be7dc5
4694849e
f7ac8a09
e6ae7030
89c8fc38
c1d37364
b4afd359
0db487b6
a971f3fb
604b64c2
1ab78751
864cbc14
4782fe78
8db90838
783c099a
14b8b053
395fcad1
d0d37726
c8818fa3
9a5bf952
a274b369
adc08845
be10b5d5
245a7c56
1ec98e68
b48bf2d0
c07869c8
5c799397
5d4eb936
b48e49d8
0ef43f35
e9177ba8
cbb4b521
7b5b8ea0
bcc8a9e5
c35aac69
47d95d07
95864bd0
97c37a09
abc8a090
c90012e1
7bed36f1
7e07100c
1f1c1136
d29b9d13
3f994271
5c928358
3c411849
623904b8
396785a2
007e1c7a
6430ac3b
5c155540
624e46e9
16e2c53f
3f14d10c
030cc9d2
330b8da0
a340bb3f
81cdca08
b4748661
90978006
308d53b2
4f061f43
7cbaeb65
31a5b241
caaba346
ae4c7566
04341559
0d641d5c
2e470863
a860a6bc
4772d3a7
1169380d
b560885b
80193177
836bc6b2
bc9a2252
1fc3b017
eba5e558
3b6ecadb
a79c7d15
7790e89e
84f24c8a
2ca8c229
529cdc80
e364084b
bd55e385
2d73654e
40465e39
2818f670
1b3e7ce5
5200a5e2
5119ffc4
97c8d0f5
897d9820
8785f041
1fa91311
9bc78f51
69058971
7b44b290
70c14ff5
a4e032c9
62a2f7e0
d1562f54
c3eb9eb4
936d1092
18e97dc7
24b8fb6d
7f2f3be7
12b396c7
41435b87
b3af7748
92442156
8d749cc1
7abc81d3
09bf3792
a006c67c
40a21931
c76a53a5
796a4f84
21b8e2d0
54968db6
9b175024
f231a2cc
ebc568da
998b116d
aa6eb6a1
a9786c56
b0089000
ba5561d6
e5f83948
1750c618
0e17ec7d
f68b9eb0
320599a8
42c69005
5bcf01b8
afc25151
cb71723e
5ac66199
7974d15b
be319a42
76f28190
6c81947d
47b0d116
82230172
2dab89b6
c6bdb93f
ebbf4765
00260523
719736bb
919c4d49
063ac94e
1196bc6a
73940b94
1904da10
5d421273
33196a73
5dc985b7
1e7930c4
1c69cd42
be63ba79
7680ec06
05079c5c
6670ac3e
2017f297
80b972c6
5593f93d
047b1932
2be4bb85
6165d10d
e90506ac
89c173da
ba9ae2c9
9ca1ec3a
201b6221
85412693
884bc443
72b33e84
3dec2c0a
d6592cb5
cbe57e50
b368c203
11bfc41f
0beb9556
1ff1d38a
5d1aeaed
d5a52407
100c4d28
0d4d84e9
3557bb32
bc218444
0b651753
9b82c4ea
73784b23
232f8139
c2e8ac16
34d6422c
4f931462
cc9eb4c0
19daf8bd
e94de6ae
7a4f8c62
a312e5b3
27c2b099
4aac77b6
681a8969
1d64f674
6054c92c
7ee151b7
4b924c43
06d84729
69656685
dbc43c6e
16b85395
381cc306
5687b400
68bf73a0
8920ea5e
6967179c
97db02e9
53d12718
1635c3b9
b4c659e9
46198469
a321d9c0
97dea571
9cabc640
85b572a2
3c75a80b
60a423a0
57bdf7eb
f445073c
05f1900b
9bc117ee
19e03268
58880fb8
7c5f51bb
f2689e70
b275139c
e7af6725
43f428b5
53b5941a
de5c82df
a94e4bb8
9aab6e29
ee7162d6
f7f6aec5
0aa20995
fd792218
fb872ff9
9609756e
75ca228d
9756500b
65b94148
bd16574e
6a2c3ac3
17416a11
1d7a75fa
68067122
78882b41
0fb734e1
a25821e3
62bc7f31
297113f0
332ea46a
c4e003c9
8496f139
912f1eb1
98b77f1f
0f80c860
ea46a19c
07db29be
b5ab7a23
2abea903
063a26a7
a262c126
57773775
b0e7b292
297934fd
f5d84a93
9015d421
3111f659
8703b92a
9b059094
2089b3e8
254acbe2
78358b6b
4693903e
88983ed1
0335b9be
a8c1f769
11311350
2116650c
65b316a6
ccd126a0
0c44df47
d00d659e
29c8bfc0
45113954
7793c728
0bb84187
9f33b402
7234a42a
f199b055
b8e16472
7c2c0acc
f7791a2a
7f907b99
6e6c49d0
71d78a6c
9d335f4f
621ff175
69a89155
ae7511be
d45ff047
23683431
7d95a62b
24b80778
99ac45f4
ab68d5a0
ca4dd51a
48d14982
5f27612e
778c2452
48421af6
cd883175
0acd9417
dcc05e46
8559024b
4eb761c4
4c6e2876
0574e737
fdc95c69
4b375406
34207a42
f10fec3a
827687a1
90c4bf73
daa17254
55147f38
73e86c9d
b6a5f613
53348413
68139a9f
77b15540
b4f843e5
bd2a430f
8999c47c
84900aa5
3f9160c6
3b59a845
c49b4917
2b6c93cf
211485c1
086898cb
af30efa0
5bab7ae9
f0b38e8b
956a50b3
a06315b9
23b77de5
7e984410
abbd41f1
16c33735
78f116ad
291fa805
a9799832
7e15964e
f747744b
b20396d5
cc96d81b
4ecdb747
eb222323
15225d9c
fccf6b69
fc4ea0a3
ccd9c5c4
6e9aac39
8cd30087
69014b24
e81ffae7
36104b1b
a1e6745e
d156f7f7
40c8cd1a
0610f843
379529d6
5953226c
3fb5fe58
e07e1178
864c1cf6
6dd04026
8b2b7ac5
a6412ae6
c63baf42
98ac6b3f
70ffbbbb
b8370f57
2f57d9f8
7a653527
6cf9986c
49a857af
b2208786
b28b0b64
a1372273
88c184f9
8902d172
52c943ce
067e25c9
76eb9a52
b127d1af
25fd9675
9c6c21c5
8eb1d9ab
7be850fc
8b5604bb
e9c4d5b7
64008c28
1259af83
570891e1
10bd0037
4b2277cd
a79e6580
7042a75a
00c43ab3
fe8b738b
86e771e2
2f74c858
ad963cf1
3ca08107
26ca7675
29b558dd
c058ba80
6a445e50
dc0c14fa
db9004ea
81189b1f
b214435d
c5ac9c45
911c4462
544e08f4
638ec826
2e48f72c
11799079
267364d0
b8d73508
a856785e
38a0ae29
39b90717
2c8886ce
48449cc0
a994aec6
7c1003c3
fbee6756
3c76f78d
a38911c2
0ac490c5
15491fa5
5e93a703
c34f8fc0
07e6cb00
00918ced
45bf9fc2
c8134b58
930680d7
6cc7ae37
03b7ce36
6eabe273
464b937b
32fb536f
0540f0ea
54b89654
a2a2230e
4634e577
ecd50886
ce388d0f
06b8bba5
164fbfc1
26c86a4f
953f73fe
dc291e46
c00012c1
831bdaaa
ab3e0232
ce189732
090acc25
f3035955
86bc8b57
ca52173b
a55d3694
c354df56
bb5ce0b7
c1fb1571
177ac5b6
90b9312c
fbc86065
63c5f354
c06c25a2
813b2473
8da2b479
cf86e060
e42e0851
96292729
03beaaf0
d3af0eba
54d9e7c8
e23309bd
c3d00ef6
b8e7ed2c
488ea220
403ccaf3
aecc3c91
fcab3723
083f8459
253386c9
9e4e5ad6
61f4c115
b218b172
1d0febb5
01a05851
087bf234
a0c38854
e5e41f62
25988667
e54eb70f
353e2e15
a04465a6
a99e275d
c1fb3191
0b066551
eb8ef890
2a89207b
16cbe44d
d75b4983
667903da
40c07cb4
5d4c76f1
49b506eb
3967429d
47bbeb1c
53d834f7
8452399e
8185a136
f24b8582
27931f0b
6470fb9a
cc5cc664
b399e05a
5635c07c
4cbf6ac2
a39b8b3f
727036a9
599aa411
28f568b2
c770794f
94711276
17743750
a44b8c42
15a19c7c
4c3095cf
d8c55947
98449b85
c9a6065c
37926824
610d32ba
1cd66009
3154e853
a4679e78
67f11301
9c4293ff
ab6c4f26
c94854c9
397d4303
e07b57a6
851200cf
3576a42a
a146901a
25a6a110
914cd7a3
e9bc780b
5e73cacf
a4b8914f
48be7dc5
4694849e
f7ac8a09
e6ae7030
89c8fc38
c1d37364
b4afd359
0db487b6
a971f3fb
604b64c2
1ab78751
864cbc14
4782fe78
f56ee681
6121a2a7
03646a9f
8469c39c
5cdf103e
59699f85
e5d83fcc
fd302327
87cbda1c
7cb8c040
7595374a
67b387f1
303bfacb
b191f50b
1698f709
f0e8cbe9
00000001
00000002
0000002a
00000002
0000001a
00000002
000004a0
00000020
00000000
00000440
00000020
00000000
04e88503
b9e2174d
ed503f6b
2250c228
c32a3216
ced2693f
1ea1f034
39e33d9b
2898beae
a310603a
b098dc4b
42e1bbe5
da7585a3
33665030
d1118d1d
b412f561
fd606bb5
e3fe9d04
25731477
cd10033a
cb712c84
4b473477
ddbadbfb
c3879b2b
55d80478
7bd7008b
fdf0791f
2a55942c
fd193b8d
1c51a5d6
40eabe4e
489a83aa
6b63ec9a
1bf50b51
242f78f3
2e753ff5
b49fdbe2
79834e96
6070fad0
c7c2b83c
5ac33b29
2518b856
e6fb657b
7881c9b2
eb7c1db6
a9e1c758
a9500610
e339c745
8b183c60
8279c1a3
d8c65039
8ffcd774
9e7adb8d
a7f441e9
1e8a0f8a
4d0d08ae
ae3a8977
52b40dfb
75029b65
637371d1
36b2a190
5890c661
4d8c9a86
166db40b
62818555
7c052a01
d07f067c
5d7dd435
d23c7e62
02cad37c
dbf8341a
e5c79566
7de6ec81
d5828489
61dfe409
dfbbe5dc
6594c8aa
549c20a9
e963427b
f8405915
3adab1fc
df257d4a
16f36929
8c1a7444
5d06e86f
1462175f
e78fdba4
6918f46b
1f2ef2b0
4ac3f55c
d9b16750
b43a9ff3
33f6b9b0
ecf67c0d
3db57774
70fa2392
d480c6e4
3d88329b
530cb592
91619ecf
57cf3754
6b9da4ec
4cc688bc
4f2d22cb
cc7c2220
c2e7f7d4
74ce951f
ec5dabd6
0a607fe1
485271d1
1a4d8e64
a041fef6
5ceb2320
c61e87ff
7d6b7554
1e606e15
177e8282
f5e40fdd
12367135
0605810a
a0280fa4
cec360b8
9677bf75
93273365
4370509b
17e08bab
23319b5a
63808119
2e3040ac
da5224b4
e3b91c0b
493ce4c2
3aa040d7
7f05b9c1
83ff4eb4
128d540d
db505f58
c20474af
40f4a7df
ceb7b83d
28f55de6
f5c775f5
2563d052
906cfc53
119cb0a3
92234914
b1e965c1
950ea1b0
de2cc756
f63db22b
214578da
54ec9e24
33ec1220
b9979b59
4123f55f
53d5a658
97aebbb3
d630e604
58d6664a
c8274ff7
e83702c3
04fb8676
28b11b55
513017d9
8878e273
022a3583
008dfd16
c948d735
00602ab4
73baad73
5ebb51f8
d37a28ca
56a3a325
8c866917
4fd8e656
5aed61b6
42936441
822f34ea
d98f52be
24494fbb
42a9c052
7167d86e
1c6fec13
3f2351ac
5c422005
faac273b
075ad2a0
11a02cbc
3204c915
f4a114ed
c693a6dd
6ba104e7
2d97e8ec
2cb61882
50254fec
228b9858
bdf2864d
a321b2e4
74cb72c6
15f9a84c
975c4e8a
f56ac5d0
f0c5c1df
cb641f19
6bb87a6d
ce2e4314
77eda3b5
65ead3a8
a0c9071a
31e695cf
b22a1cf4
6df69191
7132a7d9
59457af4
83fcc599
bb0b5591
bca16c34
328a59ad
22b50ca5
74681581
d8e96df3
d96058ea
3fea0397
40c60749
a2757ab4
7834b485
946ccd45
f5957940
4b8afd69
821d4612
5a01e436
ace200e0
f8d92baf
ec7783d2
ae4c9e0d
1c484c71
74e3ba5a
4af8b348
b4841b29
e18f3c21
fafde0f6
521a6d1a
95f774c9
667f94c5
16be8d7a
0cec8329
23f0c071
bcd86e7e
4c9eacb7
eda1b573
0f5efd85
840c81a2
6f4d482d
47c8fc9d
3d68052f
ef44119d
4b29366c
9e016ad0
fc02c2fe
ba8e2846
aa82de2a
f3fa6333
7c029b2b
15d6a775
ecf25c84
f1418153
73096074
97f60076
c8908dcc
f1191e0c
64082cab
58390e6c
6c4fd779
6b912d6c
82bd47ec
72b6d98f
547fa395
12ab7f92
22d1c063
edf1c6f1
00000002
00000002
0000002a
00000005
00000056
00000003
00000960
00000440
00000000
00000020
00000000
00000000
7faecf34
b9b0a32c
fe6ae0c3
054c55ed
d8516e3f
3fbdd375
08a2edf0
3a9fe76e
00000003
00000003
0000002a
00000006
00000060
00000004
00000020
00000020
00000440
00000020
00000000
00000000
5f693900
88be1c07
44bf20d8
c260d083
1bed17d2
61486f7b
6813a26e
cb762ffa
00000004
00000002
0000002a
0000000a
00000088
00000005
000004a0
00000000
00000000
00000000
00000000
00000000
00000005
00000002
0000002a
00000009
0000007e
00000006
00000960
00000000
00000000
00000000
00000000
00000000
00000006
00000002
0000002a
0000000a
00000089
00000005
000004a0
00000000
00000000
00000000
00000000
fffffffc
00000007
00000002
0000002a
00000009
00000080
00000006
00000960
00000000
00000000
00000000
00000000
fffffffb
00000008
00000001
0000002a
00000002
0000001b
00000001
00000020
00000020
00000000
000004a0
00000960
00000000
bd6b1643
b5f4974c
6fba4d7d
49480ae4
501a008b
5b38282c
ba6b3074
ac70c643
03fb91b1
a30c221c
cbe18a23
68e661c9
9cc1a498
07fd4b0a
1f656368
c7311ab9
18dc335a
c5c63eb5
97157966
c463a583
0da14c50
61c20514
a8ffc7f8
2e248072
07c3bcc8
71f3bd7a
40c155cf
e631a1d0
78409b52
9643198f
0c003641
059e31d7
8ea53e55
48389858
8a2ba622
6003bdb9
f566159f
72c43534
77950d52
94070903
73bc9e17
a8254574
42a102f0
d4d1cb70
8353e2b6
495d7653
1c1c65f5
8c22cc34
523c754e
0cd0bf10
a4d678b3
6801e8ec
624c4ad5
4a0c0a74
e1422a29
492c1f62
4eb94f9e
9c2c9137
c67274ea
50f6275b
555de836
358dc312
0f29df82
f0bd19a8
7cba7ee3
a9e60726
a023234a
80a688fb
4e442f8b
1a9f9933
710f8310
63d56059
ad3aa4d0
b4f0c77a
329a4aac
526d2836
c53dc849
546366c4
e05fead0
08e43065
45267013
cc7ae466
043822bc
0c53ff14
fe074039
b09da76c
2bfb53ac
08997106
43de5dd1
44c8032f
0950ec63
82981ed8
a0600303
154fc3fb
e3b69163
95c792ac
9b19a2fa
3aa3a9b4
ae164a99
ce5865db
604b1c90
39fa5d29
7cb9d5cd
319c1e9b
bd25c899
d819b864
aa1e6b34
4b5a5f6a
327f0ab9
7b7f3d25
b78b77a2
7b70bc96
7aba3ca5
2d68e336
3f00c354
79272d57
473254ad
db8ed7c6
179e7363
ba949502
652096c0
f0c82712
16f5c772
625f3872
802c6be0
c70b16a4
c591863c
f4144931
c0667253
3674ecd2
99eb8c5b
6b071fc7
3c4972a7
2a1934b5
6b57bd70
2da4e01b
45db872b
973023a4
cb17ba04
0061ccd7
cab3fa95
b21a2861
2b0d9a94
10118a54
a9732085
2b614c8c
80d295b0
4f1c2049
3b08a608
5ca660bb
6d1bb8be
d7e0402a
b52806ab
431125ee
b6e92a81
c4744152
482da820
4a955063
2044e6a1
c79f2307
e169c9ec
55fb0785
a6cc8cc7
d74288c1
c4d9bc45
90bada25
1316b833
2463eb74
d270254f
74213928
46aa5f54
1186a864
4548698a
89f4cd1d
5eadbaa1
475b602b
4f12f356
fc46b580
06d31ac6
2234ec60
cfa6ab28
18e606cc
7f6cf984
c8115767
90d35144
6f6b202c
278a921b
e421c001
c249cb2f
4e41198c
c48892cb
7b951ea5
0e2d744d
31d70753
9dea0eae
8bb4c97b
fb2e33cb
af9438cc
8f628649
b62074f7
c475edb8
3b064af5
385c2649
5db917cf
cf645ae4
a5ebb530
b2033664
48492c8b
e8f1a2e2
43c540c4
201b4941
54de78d3
31f8cd81
9da67400
e17e7679
aad85f13
494493e3
44ae06b4
4831b37b
0e1c8ca0
a415a6e4
3c94424c
d56ed5e3
7cbb770b
c148443d
72343606
f5110fca
679c3426
15c8c23f
bc21cb8a
c39cba3b
2f679198
e1b3b4fc
a1c4e665
7fad56d1
c4bb8570
5a5bac9a
162f68a2
13c46055
b1e0492c
f4bba42f
0b630eb4
b3865037
076bf6ef
20bdcfb0
b61a7f7d
ad80c57e
30368fa4
cf66158e
1fbdf52f
1a16b984
90420173
9ebf84c3
53a60a0b
6d8c4fce
7e08cb05
47a146f8
6fe06884
40b5d081
37c99a6b
5a79c2af
0b2e47b4
42df64a9
0349e859
83d00801
fcdf6aba
71b7e463
febfc326
e1019438
8ba8c65e
2bb3b5d0
f8ed6ad0
6f639207
c3897516
51e6a646
ca579500
32599c07
9a0d2570
b01b3acb
653cf06a
ea718df8
95b72e93
d40fd653
f29944d3
8b49a33f
be893abc
1c666933
2292d2c2
f38c9b1a
0267df79
a3768580
b5c97579
4ab5ea93
6d93b8d4
6b7c21a5
3dd33a84
0ca2620e
2b06b3c7
aa2ce82e
0e5f00c1
3bb05596
aa05a9aa
26312859
96609b14
5620279b
1aaf1b3f
f48c9093
5862b31d
c394969e
204673e6
affc30af
b4b58631
3976532b
4c3bef0b
ad3b83d1
b0cc9df1
b1684a33
741854c6
4cf19f65
c25793c4
9dc0eab5
ac7ca7aa
2f2404a6
899a0385
e46d45fb
1306fd88
7e527c7e
5c8ba176
95ac66a0
b39430a9
005b1800
25cc441f
34358105
35f349a9
126c7b02
04587cde
493ca551
3126e69d
5b7ba117
a97144a6
a479057c
f5203bfe
c86945d2
5541215d
8d81e9b4
4c186694
43b82f8e
2a6b39df
8bca8fc1
7a38b861
e958342b
2b9eabd0
4de31b75
3201c7d5
da355859
c354d455
8b3bf101
b6eb42a5
2f6be8c1
e4121362
e1540ab8
74e5a706
52cb5732
b4683a60
95d1f5a9
503128b1
66978fe4
8424bda1
8420c938
baea51b4
6bfc5a44
b90538b0
c87a5363
18ba5c25
2b83a9d4
d9eb5227
aab8f7b5
7b20f552
475c9482
5ddc7832
92c05078
74582314
0021d901
84c9c953
75916044
090aa653
b0a74994
00e060d3
3299fd44
d1c10c14
40f144d4
58f3f810
2837a069
b7281e95
cec503c2
12a67a3f
158ad005
44c081b1
3f7eb25a
720e9c88
6c4750b0
004229fe
209da085
ad731c3b
7490b5b6
a7c33b89
46583753
e346607d
c8443063
38bbe9a1
dc2eb724
7291837a
a2e4011e
71bb14a2
fa1e8b00
49063b34
201b8301
58398d69
c2d91d99
ada05820
7b65494a
26d99a92
8c601bee
17b39db2
09cb274b
e65ca7f7
b91aa217
b68ba271
eb675244
3bdd38b8
5927b83b
1d026ac2
2a998203
8a21ad6c
d9a844bc
f5077a66
c1dc0a04
13ae3c42
e49b7263
c094fd57
8fb4e125
da401107
551a2e99
9097747a
e329c77c
2132773e
ed9690f7
3730b88b
4fe8fb3c
2da06654
c0b10213
3e981592
619b22c0
ab772f30
1680694e
b1ca00a6
329c72f9
15ec650f
393f7337
75aec476
bd033972
0a7b4383
e5539a51
c5495c6b
dc8059c1
45bb4153
53295230
514f326d
59a41536
1990d6c5
6c53cada
32734242
8acb9b27
763f5074
ec90aba5
5b107674
89519ca6
e02ac621
1de9b543
9d9458c9
f7beb057
cff53c90
066ca0c5
480fa654
72a48d38
323a5b3b
67fe8401
b281a855
23be2a7c
3833b6a0
8d77efb1
de2c7bb4
f5f043e0
ba840c39
adb3d2e4
5875b6b2
5d9267b5
3cb3e1a6
12873bcb
a2ba9362
7984b1a8
da4b5cd6
5ef4ff14
a63e2264
615055e4
53f4f364
d2391465
37298675
6c667f25
fa4f56dc
b3bb5a25
9384fcb6
767eabfe
847ea1e2
2ae64490
570a981f
97935bba
5d2b1e27
ed63505b
fc9820ab
c7101d56
7a9daa31
c7cb3fc1
9d65ee93
00bb9469
232333d5
2d196a2c
619fe3cb
696c6793
05e956c2
a48ea70d
74830742
54e07ba2
234630aa
c892b974
40042fa3
70aadce2
c9067d92
044cbf7e
627a55c9
7a180322
28c014b5
df5bd44e
b3f360f5
6f6a5aa1
8d096b0a
08bcc9f3
87134833
d9b5d810
2abe2e7a
7690de90
b6b8f758
baa46578
8b8911a1
1f52b5dc
01589c20
4b391d86
031bf5ed
398d8802
07cb3ba7
219ce9e3
0b08bd74
6108b41e
9f85b499
bad933d2
4ca0343b
59bf67cc
67986d89
b14cfc5a
c5056065
5acaa87b
685b081b
be271c6a
fcd32f29
5294750d
de32922c
1c54094b
a2111c3c
0a83e1ab
b380bdb3
07943613
0f976cf6
a08615f6
47daf740
bd6b1643
b5f4974c
6fba4d7d
49480ae4
501a008b
5b38282c
ba6b3074
ac70c643
03fb91b1
a30c221c
cbe18a23
68e661c9
9cc1a498
07fd4b0a
1f656368
c7311ab9
18dc335a
c5c63eb5
97157966
c463a583
0da14c50
61c20514
a8ffc7f8
2e248072
07c3bcc8
71f3bd7a
40c155cf
e631a1d0
78409b52
9643198f
0c003641
059e31d7
8ea53e55
48389858
8a2ba622
6003bdb9
f566159f
72c43534
77950d52
94070903
73bc9e17
a8254574
42a102f0
d4d1cb70
8353e2b6
495d7653
1c1c65f5
8c22cc34
523c754e
0cd0bf10
a4d678b3
6801e8ec
624c4ad5
4a0c0a74
e1422a29
492c1f62
4eb94f9e
9c2c9137
c67274ea
50f6275b
555de836
358dc312
0f29df82
f0bd19a8
7cba7ee3
a9e60726
a023234a
80a688fb
4e442f8b
1a9f9933
710f8310
63d56059
ad3aa4d0
b4f0c77a
329a4aac
526d2836
c53dc849
546366c4
e05fead0
08e43065
45267013
cc7ae466
043822bc
0c53ff14
fe074039
b09da76c
2bfb53ac
08997106
43de5dd1
44c8032f
0950ec63
82981ed8
a0600303
154fc3fb
e3b69163
95c792ac
9b19a2fa
3aa3a9b4
ae164a99
ce5865db
604b1c90
39fa5d29
7cb9d5cd
319c1e9b
bd25c899
d819b864
aa1e6b34
4b5a5f6a
327f0ab9
7b7f3d25
b78b77a2
7b70bc96
7aba3ca5
2d68e336
3f00c354
79272d57
473254ad
db8ed7c6
179e7363
ba949502
652096c0
f0c82712
16f5c772
625f3872
802c6be0
c70b16a4
c591863c
f4144931
c0667253
3674ecd2
99eb8c5b
6b071fc7
3c4972a7
2a1934b5
6b57bd70
2da4e01b
45db872b
973023a4
cb17ba04
0061ccd7
cab3fa95
b21a2861
2b0d9a94
10118a54
a9732085
2b614c8c
80d295b0
4f1c2049
3b08a608
5ca660bb
6d1bb8be
d7e0402a
b52806ab
431125ee
b6e92a81
c4744152
482da820
4a955063
2044e6a1
c79f2307
e169c9ec
55fb0785
a6cc8cc7
d74288c1
c4d9bc45
90bada25
1316b833
2463eb74
d270254f
74213928
46aa5f54
1186a864
4548698a
89f4cd1d
5eadbaa1
475b602b
4f12f356
fc46b580
06d31ac6
2234ec60
cfa6ab28
18e606cc
7f6cf984
c8115767
90d35144
6f6b202c
278a921b
e421c001
c249cb2f
4e41198c
c48892cb
7b951ea5
0e2d744d
31d70753
9dea0eae
8bb4c97b
fb2e33cb
af9438cc
8f628649
b62074f7
c475edb8
3b064af5
385c2649
5db917cf
cf645ae4
a5ebb530
b2033664
48492c8b
e8f1a2e2
43c540c4
201b4941
54de78d3
31f8cd81
9da67400
e17e7679
aad85f13
494493e3
44ae06b4
4831b37b
0e1c8ca0
a415a6e4
3c94424c
d56ed5e3
7cbb770b
c148443d
72343606
f5110fca
679c3426
15c8c23f
bc21cb8a
c39cba3b
2f679198
e1b3b4fc
a1c4e665
7fad56d1
c4bb8570
5a5bac9a
162f68a2
13c46055
b1e0492c
f4bba42f
0b630eb4
b3865037
076bf6ef
20bdcfb0
b61a7f7d
ad80c57e
30368fa4
cf66158e
1fbdf52f
1a16b984
90420173
9ebf84c3
53a60a0b
6d8c4fce
7e08cb05
47a146f8
6fe06884
40b5d081
37c99a6b
5a79c2af
0b2e47b4
42df64a9
0349e859
83d00801
fcdf6aba
71b7e463
febfc326
e1019438
8ba8c65e
2bb3b5d0
f8ed6ad0
6f639207
c3897516
51e6a646
ca579500
32599c07
9a0d2570
b01b3acb
653cf06a
ea718df8
95b72e93
d40fd653
f29944d3
8b49a33f
be893abc
1c666933
2292d2c2
f38c9b1a
0267df79
a3768580
b5c97579
4ab5ea93
6d93b8d4
6b7c21a5
3dd33a84
e0903242
a14db7cc
4f29951b
69ec12ef
10ff1508
3b057530
1a02c589
0ccaf4ef
c2d62d01
9e8b91f0
742418b6
48d886eb
757459f6
15ce599d
ee6d391a
d110cae4
00000009
00000001
0000002a
00000002
0000001c
00000001
00000020
00000020
00000000
000004a0
00000960
00000000
cd14773a
896ab0e9
9ac9ea90
b62ea189
847f0106
10e24b1d
0c75eb0a
54ef9238
6e211844
feaf37a4
5a9a0588
89406942
822070fe
3c686081
45fa7e0e
4d1a5919
5604c3aa
c32aeca5
3fcba09c
70232039
15e5e697
a081187e
baae039a
cc25995b
660af281
22c56ed8
6528e845
7e063250
f413b88b
09dae63b
c22ffafc
5ced2e45
7da8dba4
73a506c3
b5051291
7d18913b
124d2144
b44711ca
c2564917
3d86f1bb
8b7b5685
b2244fa1
669f94b6
e38d2839
9173114c
8b679ba1
78ff0634
667bb84a
bd711303
89db7300
97f5aba4
bc1302d4
e83aa9d4
524af134
48c727d5
f6db9d6c
6a034821
ed065aa5
0b0c6a15
5bd16693
be382358
316684db
0931ec7f
e28c9c13
079a07c1
b7c69705
6ab1c112
3c9f04ca
5ea99989
6301d21d
c5966b22
90f64e72
b45d9c8a
84703736
312ce071
220ab4e1
bbda016b
87327c05
41bba417
3022a3f9
be499a07
f992e8b2
94ff40da
1044ca7c
79017749
13a1625c
a7c00ab3
caa843d1
89013c8c
ab957f40
9c71051b
00f5cc1a
96356b67
9b401a14
2a950e6c
6a451d5f
832b4970
d95d51c4
243a769b
5a54c1b4
e61587bc
9ca85718
d060d7f6
d4477b0c
30c2c107
152221c6
765c80cc
af719697
c768316d
6640ca3c
6ff63b23
e285d4c1
83777525
055704cc
9a5be09c
b2b70924
1b121554
033b82b2
d80ab42b
68868a31
a69f1c2a
80a071f5
44919354
5d2facf1
c7979c29
b742f730
8521455c
e69f8d1b
1c1243ad
8b24aa74
a2981975
47b79fad
ed8af1bc
e7b0b4b4
b779e918
140c58f7
2bb462ba
7ef19789
46bc1268
f79967ab
bf939a51
f27031f4
d9311bc0
a8b75964
a99d6b95
7cccc2b1
9f843c7e
3b0026f3
534074a1
8c49019e
92b096ba
23de6824
347c8545
d87a5905
2b4a0022
2387bd2f
fb9cf5e9
e33207a3
121368bf
057db883
a2400462
8235fca7
d0680bc2
523b76a8
5729c176
c466a7af
8024a5d0
49951d0a
dd0cfa34
5cd884d6
c5f27b99
d9bc8c4d
739eb124
51b3801f
8e2a7538
6787c091
32acf400
de6dba47
945716bc
6de9ff1d
1bc80318
7cd0a675
144ccdb6
0204c9b8
da6bbb0c
c49c011d
120ac99e
42941f58
6de0df63
946ce1b5
7682a9eb
133bacb9
3a08a9b8
950119d3
a7a73e58
7fa25160
63f42121
370c5818
29040be5
ac7e0f48
cd942231
bbbd713c
417c55b0
a663c3af
96051841
6bd22142
98b7b70e
f11e79ce
c1babb21
bd88bbbd
11a9dc57
b3f46445
c3a2b188
bba81229
76211f5c
8e499432
f320062b
c4e785c0
3e6a9d09
a17fab4f
91e3732a
9ae9bc67
93a2696f
38f27ea3
a1d72ece
6c594a80
f49738a3
402c77cb
3854a583
1c3e0d49
1de9c5c1
e6a5789b
7c3cbe7b
ce93123b
7e7bbab0
cb2bcb48
02d70db3
ef7ba196
5c264f96
2915415a
054c5764
dc5d9705
5098ba10
839c19c6
a7f257e1
49e78f4d
6dbad26a
766c5883
3e7cb824
654bb800
96b60d62
4690ad43
6c5a5b10
165706d8
bcd098c3
7e57e1e0
2619be3b
792b6951
f747b7df
9a2c1e62
602bbf87
89cd0521
50ea2b3b
2c950da1
14bbdbc8
1a77b999
91fb9939
8a43c7e0
9ad741b6
5d378a56
287ed0f1
50c4c9e2
4a8c2fa7
821bd7a5
96119ea0
8eca3faa
4d4a687c
775e63db
0436c05f
f3391171
ea97ae32
3b81a21b
9cbf9016
6c500ff7
196490ba
adcfd563
30da9836
5cc966c8
6f84b466
f3cb5c78
1862f473
1548fd55
c40a92f0
25ca40f9
cf0d13dd
b4e923a2
fb4d807a
a93bb696
5fe3f47a
827a11e6
a80985d6
54cb701c
28338ac6
5940260c
208a919e
c17c6274
a76689ac
2d82084e
791e73c5
ca8d2bd8
c8e6bb0c
7369ead1
b4db70a9
31ba5f4d
e99345e1
f077bcac
a5b7ca2a
5468658d
d21d03f4
3ab3a509
07437916
0b66bd2b
3ad15f81
45a082ad
1a169a26
b75bfc86
70aa4c2c
375c104c
4ccc04cf
b043168a
0caf371c
ca394d8d
65560285
906eb6a1
8b282077
bba755b9
331239f6
7de2a376
be999491
fbe1427a
27abb909
76c09a02
14252fdb
8ff32b7a
7b285b6c
e8ba24b4
7598d721
b11fc4c8
95bba120
2357bb7b
6c638466
91908e75
3301ad20
53ba602c
f73c1304
6dac7e83
f17cfb31
a31d2560
181bbdc4
4f67fab0
16ca5e1b
29e9fc03
a821b828
086a8ea6
28eb985e
4822e743
e1810b1a
b04b2c6e
6d89b0f4
0c902cbb
00e5d78d
ab4ec8a6
674a4db4
3e20540d
c6441392
161540c1
cd6801af
c021081f
440026fb
a608f9b6
0c17588e
e3c434cb
74dc1999
8113fa7f
36a44032
ad65d831
365933fe
44da4b03
67b97337
6163b9c8
19f9cc09
33f2b6a9
8a59c3f0
7296cc7a
9e48d51c
4995c2bd
0a6fc1ac
b9b0c364
81cd42c7
6abf04c5
8da39898
03362a05
52653664
a226bc85
e790d149
a0d43723
541919bf
9876aca5
51204529
1d7a9713
4c823769
cb343277
6571e72e
f18b6270
b3048a04
429c5d8e
15abaac3
3b6c4481
6796ce96
709a114c
e625049c
7754e6bc
8c622c25
63df8869
6f3b8116
ffc9374d
a7229d33
138a3a6e
638b4976
b31f22aa
0627ef29
945e7414
91655c65
40e77d74
a6866358
e8660d15
b3257255
f573318d
2ca16b81
71095c39
90285b2a
2b1c9831
c3517cc9
44a19994
056397c2
8cb01bbe
2105a3d6
fb36212c
37f32189
8e1ed6e6
25a5ca8a
0fc6c9b8
f96ea63a
24bb6da5
4d42dd7d
c65dc967
e68a42b1
36a2d23c
1391eccc
e1a1ba78
64189601
2a6858d8
e8132176
5df2988f
2e9ecc1a
62530719
97cac357
559110b8
91c6a07c
b7f60db9
945ad507
82533c41
60e24dca
6c154057
657938e7
2e1a7830
b19b629c
b5820dca
24264a02
293b2437
4c6f58e2
7e778585
e49828c8
13cd2e94
b219d725
1b451710
1b690859
50267235
726419a8
5059cb0a
4997b909
cb352085
51adb1d4
c9e978c1
fe4f607c
f47f8ef0
4f277d05
468f071e
f09842d0
4ca482ce
16c32482
685ac297
b845c87d
0d055aa5
a4e6c669
bd596722
bfc59407
e8ca330c
bffae243
57798c73
fb0612d6
44b5f8ac
1796c872
89ea9541
5d99e323
439c0ce5
f8d44f0c
7321bd1a
e368f91d
e9757561
09437b0a
68500590
370e39d3
9024c66f
7fa297aa
a1a54154
4473c049
e133b8aa
d93f099b
058abcbc
bf6f1bce
42bcc7fb
5572fc4e
e2698517
b8597c44
209ae351
4f0b3917
c96d0d23
bf83bf27
108e862f
dbc52941
8fec3e00
7a351892
b4eb5365
58e56c1d
f88f3bcb
5a123f6a
c675ed8b
9f3ae175
794b3a34
7ed87f1e
568522d4
c0b594a4
c45a68ca
273566ab
525ecaec
7a27f179
d08611b5
e50fc5eb
9045b6b4
e9876af2
73299e04
9d579051
804119dd
57780bb6
8824ad9e
2254c595
d0598ea1
bc66611e
d1089cd1
d0807291
0d375a26
4f33345a
939fb2c9
29685c1c
8b193779
831d7906
3cd79284
56959a38
e04006fa
c7f53735
8979a344
0b2b362b
8f670013
cd14773a
896ab0e9
9ac9ea90
b62ea189
847f0106
10e24b1d
0c75eb0a
54ef9238
6e211844
feaf37a4
5a9a0588
89406942
822070fe
3c686081
45fa7e0e
4d1a5919
5604c3aa
c32aeca5
3fcba09c
70232039
15e5e697
a081187e
baae039a
cc25995b
660af281
22c56ed8
6528e845
7e063250
f413b88b
09dae63b
c22ffafc
5ced2e45
7da8dba4
73a506c3
b5051291
7d18913b
124d2144
b44711ca
c2564917
3d86f1bb
8b7b5685
b2244fa1
669f94b6
e38d2839
9173114c
8b679ba1
78ff0634
667bb84a
bd711303
89db7300
97f5aba4
bc1302d4
e83aa9d4
524af134
48c727d5
f6db9d6c
6a034821
ed065aa5
0b0c6a15
5bd16693
be382358
316684db
0931ec7f
e28c9c13
079a07c1
b7c69705
6ab1c112
3c9f04ca
5ea99989
6301d21d
c5966b22
90f64e72
b45d9c8a
84703736
312ce071
220ab4e1
bbda016b
87327c05
41bba417
3022a3f9
be499a07
f992e8b2
94ff40da
1044ca7c
79017749
13a1625c
a7c00ab3
caa843d1
89013c8c
ab957f40
9c71051b
00f5cc1a
96356b67
9b401a14
2a950e6c
6a451d5f
832b4970
d95d51c4
243a769b
5a54c1b4
e61587bc
9ca85718
d060d7f6
d4477b0c
30c2c107
152221c6
765c80cc
af719697
c768316d
6640ca3c
6ff63b23
e285d4c1
83777525
055704cc
9a5be09c
b2b70924
1b121554
033b82b2
d80ab42b
68868a31
a69f1c2a
80a071f5
44919354
5d2facf1
c7979c29
b742f730
8521455c
e69f8d1b
1c1243ad
8b24aa74
a2981975
47b79fad
ed8af1bc
e7b0b4b4
b779e918
140c58f7
2bb462ba
7ef19789
46bc1268
f79967ab
bf939a51
f27031f4
d9311bc0
a8b75964
a99d6b95
7cccc2b1
9f843c7e
3b0026f3
534074a1
8c49019e
92b096ba
23de6824
347c8545
d87a5905
2b4a0022
2387bd2f
fb9cf5e9
e33207a3
121368bf
057db883
a2400462
8235fca7
d0680bc2
523b76a8
5729c176
c466a7af
8024a5d0
49951d0a
dd0cfa34
5cd884d6
c5f27b99
d9bc8c4d
739eb124
51b3801f
8e2a7538
6787c091
32acf400
de6dba47
945716bc
6de9ff1d
1bc80318
7cd0a675
144ccdb6
0204c9b8
da6bbb0c
c49c011d
120ac99e
42941f58
6de0df63
946ce1b5
7682a9eb
133bacb9
3a08a9b8
950119d3
a7a73e58
7fa25160
63f42121
370c5818
29040be5
ac7e0f48
cd942231
bbbd713c
417c55b0
a663c3af
96051841
6bd22142
98b7b70e
f11e79ce
c1babb21
bd88bbbd
11a9dc57
b3f46445
c3a2b188
bba81229
76211f5c
8e499432
f320062b
c4e785c0
3e6a9d09
a17fab4f
91e3732a
9ae9bc67
93a2696f
38f27ea3
a1d72ece
6c594a80
f49738a3
402c77cb
3854a583
1c3e0d49
1de9c5c1
e6a5789b
7c3cbe7b
ce93123b
7e7bbab0
cb2bcb48
02d70db3
ef7ba196
5c264f96
2915415a
054c5764
dc5d9705
5098ba10
839c19c6
a7f257e1
49e78f4d
6dbad26a
766c5883
3e7cb824
654bb800
96b60d62
4690ad43
6c5a5b10
165706d8
bcd098c3
7e57e1e0
2619be3b
792b6951
f747b7df
9a2c1e62
602bbf87
89cd0521
50ea2b3b
2c950da1
14bbdbc8
1a77b999
91fb9939
8a43c7e0
9ad741b6
5d378a56
287ed0f1
50c4c9e2
4a8c2fa7
821bd7a5
96119ea0
8eca3faa
4d4a687c
775e63db
0436c05f
f3391171
ea97ae32
3b81a21b
9cbf9016
6c500ff7
196490ba
adcfd563
30da9836
5cc966c8
6f84b466
f3cb5c78
1862f473
1548fd55
c40a92f0
25ca40f9
cf0d13dd
b4e923a2
3fee135f
66134bd7
fff3a7af
45f6b8f4
52b51d33
9879dd6f
c2b5eea4
b84d887c
01f6213a
91553c92
58aaa379
4848a139
adea7973
7ff24b93
b1e17130
1a1dc2fd
0000000a
00000001
0000002a
00000002
0000001d
00000001
00000020
00000020
00000000
000004a0
00000960
00000000
3bc30571
f6198da1
62869691
ec134a85
933d9ed1
bbea15cc
bc95451f
51b99c18
10d357a9
fe9c46d4
212089b8
023c8da5
425d813f
b0271c41
c2f87a77
968c895a
9c51bbc2
95b23058
dc2a88ef
922da2ec
a065ba7e
c85a810c
b4763bb0
1a2156cf
d9c5cc32
71527c95
40726f8e
f089e3d4
0b164d85
1ad5c73f
43c71893
d08e74a5
5110bc6d
715e88aa
d35f6541
579cf978
7f028092
11de4212
6ee4698b
e4a51025
a3d8b720
bbb68a9e
342034da
393eaab1
8102cf4d
aca47738
036aa702
438074bb
921ca205
63647861
74400544
b34a810a
a20f1e68
55b0ff60
0b56e7d8
836e28a3
4ad0449f
6d4ac4c9
1209bf29
1b43d07d
e079e3f3
d436c231
a4c3794d
20a4a78c
c86b5464
21f8cf6a
17bce641
dc749352
ad5acb11
742e61cd
e23e0515
28414966
91107be8
1c59a6db
86446cb8
5f097b58
c5702a87
0d3afc3d
880c6a45
545eb465
48fca704
64098a9a
143b9a1b
cc61729d
f0076189
5ca7a700
2d77af6a
25249b3f
cb8d3109
45ecec1c
ec2cc927
418464a5
841c9db9
722547cf
ac7555ab
c40402a4
123c2834
12005729
672978b4
3ca6c89f
132e30e1
68b9ab2f
5e09937f
19a42f93
a44928b2
0f09aad6
02cd9ec6
89746f9b
c7439ab5
c59cc420
8628d857
bcb0f680
46d7876b
0228d12a
6694fa2b
2a3ea585
83681f8c
859c7b56
7524014a
2afa6f75
40602c6b
a4f343b4
9a5ab325
b0bfb653
9808bc29
055bee6f
c01ce1d8
a94e5406
a800546f
619e9c87
f8cb10e3
0a077536
ae2bd64e
30d5299b
345b84ae
cb9e5685
ea7256a9
32712a1a
f48d1952
7838ce11
2e0c0188
055673aa
89d8b9d3
823353a2
83726976
39473a44
48a662ca
af7c2183
6a91c1e5
9e68ddcf
1ac52c27
8c98c1b5
79b72930
866f335b
d84d1197
3d57a056
125a3965
85e2b689
771690a9
6ea7976b
19055531
31d37b0a
7b9868e5
643453fb
837b0919
5d9d2c96
6b955fb8
06059e0b
f3166484
34473dd8
ac063b06
836ed1ee
a7c55799
432afcbe
1a05c046
9a19cd49
2faaf842
9f7f6855
ba25aa82
a11cb71a
1d8f0772
3b5ac72b
7155f25f
103dec67
d01308e1
5f925d62
8153221b
48f28664
2ad0f5a2
3234a806
223f0000
03964d09
f95fb3ae
9c2a51c6
c7b8217d
dd61098b
18954a91
0a737255
9e1739fb
db459f67
b1e55d4e
5fb87cc9
e8bc89cb
548695ca
c83e29a3
8b1f8075
9d5ca840
5a02531d
cbce280b
10d0e00a
3354730b
259c9451
59a85699
37bd22d5
c3ac6ce9
7b2ce514
cc6ba741
77a6885c
babb9eaf
b673a5a6
a82e9642
16a5e521
7c0a4bc4
8bf6050b
8f07ee02
fbc7c57f
7c1f2102
439327a5
329a7a7f
40100fdb
171ca0a8
9f58db79
2a6250f5
8ca7fecd
3a51f0ee
71b74c00
7dccf541
38503b16
29ad5caa
31b44b85
a33ed509
665f3a87
8ac52581
c5b3baa7
f21f55a4
70110a99
a46b5356
815499a4
3d08ce93
3a30228b
44f5c66a
cd31822f
cc623bdf
f4d69ba5
3112b602
c8a37063
62123157
297b89ac
9a223305
da2ca4ec
94f233af
fa6f493e
d8921937
c7c30ac8
776cb4fe
480b9148
8b2a6775
e4ccf3a4
a7942876
cca04668
e04931c1
f12fa12c
b1996f77
3e1e7340
9937b278
3b1684be
de99e38e
b43c7c98
ab153d25
8b67f407
c06637f0
39abbfab
708dbbcc
a660c664
26f93563
1b163a52
744d00c4
64a7b46f
6776fff8
f104f96a
50754529
0866c5cc
adbb819b
71ba84c2
a31b522c
c4b08aeb
3f93508c
634451d0
2f94bd0d
f01b3ccd
2576c137
442a337a
5d61880c
c33e618a
19d219c2
7b2a364f
3a1d29c3
1c91c550
af86da26
f7a60922
7899dea7
9b14b092
4c5dcb3a
8d312f1e
d0b195de
1b573795
352415ce
2a07d7ab
7adfbe60
8bb95a52
676eea28
bcb21fe9
90bcbb49
576a47ba
ecb516dc
2fc76386
2a6be02c
54641bc9
b3d6eb00
aba36286
f7907115
769c14c3
6181f038
a5015a18
5d79d294
40bfc68c
65776d99
c418d028
ae503960
d492b84a
09d9e35c
c262a9f2
a0995a9c
3d4cbc5f
bb11c7d4
61d57986
9d03bc4c
e2a9135d
085c2c3c
87627d7b
af1c6a90
eaf60551
6402b9ac
34744182
d9d1219c
702b8840
21bb81d9
20619016
7ef043b1
9d70410c
c2d0030b
a347201d
cac0cb50
385554b6
3a27ee9f
a216f928
7b7a9dd6
0f217a2d
bf357259
a3dd9449
4c7019b4
f0797778
f1a2557b
49ca941d
667e142b
7be7a77b
ca8c206f
5b10d6a8
a4f941d4
767b147e
d5b946ea
c2e10963
3b59d224
fe4e085b
f5c8cd6a
b8ccd4a0
4307bb3b
d46682fc
8650062e
442e69e5
398c5479
abb4629a
5ea846b2
e26a1b4c
a96bd718
b420b084
91e28189
4173a856
79b951d2
168bafe7
aaf1f487
cf7c5cd9
fca0c74b
6839c3c4
12698a87
22162f05
7ebb927c
4e5754ad
a07e2f55
3774d45e
90c63a1a
53971360
2680826e
3acb1b8d
1bf20286
4ba6ff24
7a4aa060
63967e12
2b74cd61
c104e42b
dc97654b
9560be4f
e1b72477
26a18868
6862ed0d
ae3d74fc
450aa533
9693cd32
68be7ac1
7c909741
88c74367
7bc72631
b7258be5
c121f85a
b59bc5ec
d4c9c204
720358c4
ed3efa5a
396d3ad6
9847d01a
2e7f988a
204b62f3
385c79bd
94cb27fc
227e4889
28d2933f
0da4e9eb
429f1eb6
4ae74108
70971520
467a2a30
47926492
cfa4e2cf
320cb053
62336b37
ffc42859
08ac78f2
1d3c41bc
86bfecbc
cae7abc7
74f07e4d
0775f9df
19a5a208
8d59d89d
29aa95f2
c03bae97
c9f54e2b
2201b557
0c1b75e5
7949842c
e517e6c6
0c7e6e0a
89e08cac
eb33211f
793591e5
6ffcc99f
4661e2ee
c13ea533
73c9e394
5f8cf67e
13888e20
14030858
a6ac1ca3
aa6780c7
2f57fbcf
dec79047
6c6c3ad5
c1aa1f45
513a2050
840408d2
3a1a9186
81271699
4cd71b2b
089c4b83
02377b19
fa6d718c
abd66bcb
1e737399
aaeb6209
3fe54acb
e6cd408c
b430c480
00cbf05d
cdbf0bd6
90b1cab7
7e023ba6
cd73539f
55149730
b9e7ba81
6582d002
63b388c4
1af84a11
f4236086
98b165b6
293afb68
ca39111b
b6fd6d33
b2748ac2
90975431
740c8e54
597b06ce
0d88474c
839a4a34
9f913330
8f8605d5
968c1014
88545371
b32af5e5
15c6668b
96d3f2c2
1871a76d
633572fa
5ec5e521
e265913b
05da74d3
7fb459c0
011063a3
36ac5783
2b62b87e
c6b21bcd
f4fe0d41
7b4ae90a
e2c7dbd1
a49212f0
c23b4ece
9b15aa74
804764e5
021c04c1
1b31c613
9323b979
8665804e
b75ec1bf
f3f07c3c
1aeb994f
cb5e9ab9
004775e6
19a0fe2d
467f2a45
27113ffb
33b1d3a8
2b9a2b99
4bb981ac
66218686
60b759ba
645e3872
7b57a69e
4b62f34f
f7f32604
ac3c495e
fd15f5e7
20ba53a9
1c8a5b8f
a82ffb22
e79e4a4b
59b09e2d
686925e9
c9b32900
2dc80102
d22a2760
91e1c6d3
6f838049
ba4a70a1
0a567cdc
60dc6b18
3bc30571
f6198da1
62869691
ec134a85
933d9ed1
bbea15cc
bc95451f
51b99c18
10d357a9
fe9c46d4
212089b8
023c8da5
425d813f
b0271c41
c2f87a77
968c895a
9c51bbc2
95b23058
dc2a88ef
922da2ec
a065ba7e
c85a810c
b4763bb0
1a2156cf
d9c5cc32
71527c95
40726f8e
f089e3d4
0b164d85
1ad5c73f
43c71893
d08e74a5
5110bc6d
715e88aa
d35f6541
579cf978
7f028092
11de4212
6ee4698b
e4a51025
a3d8b720
bbb68a9e
342034da
393eaab1
8102cf4d
aca47738
036aa702
438074bb
921ca205
63647861
74400544
b34a810a
a20f1e68
55b0ff60
0b56e7d8
836e28a3
4ad0449f
6d4ac4c9
1209bf29
1b43d07d
e079e3f3
d436c231
a4c3794d
20a4a78c
c86b5464
21f8cf6a
17bce641
dc749352
ad5acb11
742e61cd
e23e0515
28414966
91107be8
1c59a6db
86446cb8
5f097b58
c5702a87
0d3afc3d
880c6a45
545eb465
48fca704
64098a9a
143b9a1b
cc61729d
f0076189
5ca7a700
2d77af6a
25249b3f
cb8d3109
45ecec1c
ec2cc927
418464a5
841c9db9
722547cf
ac7555ab
c40402a4
123c2834
12005729
672978b4
3ca6c89f
132e30e1
68b9ab2f
5e09937f
19a42f93
a44928b2
0f09aad6
02cd9ec6
89746f9b
c7439ab5
c59cc420
8628d857
bcb0f680
46d7876b
0228d12a
6694fa2b
2a3ea585
83681f8c
859c7b56
7524014a
2afa6f75
40602c6b
a4f343b4
9a5ab325
b0bfb653
9808bc29
055bee6f
c01ce1d8
a94e5406
a800546f
619e9c87
f8cb10e3
0a077536
ae2bd64e
30d5299b
345b84ae
cb9e5685
ea7256a9
32712a1a
f48d1952
7838ce11
2e0c0188
055673aa
89d8b9d3
823353a2
83726976
39473a44
48a662ca
af7c2183
6a91c1e5
9e68ddcf
1ac52c27
8c98c1b5
79b72930
866f335b
d84d1197
3d57a056
125a3965
85e2b689
771690a9
6ea7976b
19055531
31d37b0a
7b9868e5
643453fb
837b0919
5d9d2c96
6b955fb8
06059e0b
f3166484
34473dd8
ac063b06
836ed1ee
a7c55799
432afcbe
1a05c046
9a19cd49
2faaf842
9f7f6855
ba25aa82
a11cb71a
1d8f0772
3b5ac72b
7155f25f
103dec67
d01308e1
5f925d62
8153221b
48f28664
2ad0f5a2
3234a806
223f0000
03964d09
f95fb3ae
9c2a51c6
c7b8217d
dd61098b
18954a91
0a737255
9e1739fb
db459f67
b1e55d4e
5fb87cc9
e8bc89cb
548695ca
c83e29a3
8b1f8075
9d5ca840
5a02531d
cbce280b
10d0e00a
3354730b
259c9451
59a85699
37bd22d5
c3ac6ce9
7b2ce514
cc6ba741
77a6885c
babb9eaf
b673a5a6
a82e9642
16a5e521
7c0a4bc4
8bf6050b
8f07ee02
fbc7c57f
7c1f2102
439327a5
329a7a7f
40100fdb
171ca0a8
9f58db79
2a6250f5
8ca7fecd
3a51f0ee
71b74c00
7dccf541
38503b16
29ad5caa
31b44b85
a33ed509
665f3a87
8ac52581
c5b3baa7
f21f55a4
70110a99
a46b5356
815499a4
3d08ce93
3a30228b
44f5c66a
cd31822f
cc623bdf
f4d69ba5
3112b602
c8a37063
62123157
297b89ac
9a223305
da2ca4ec
94f233af
fa6f493e
d8921937
c7c30ac8
776cb4fe
480b9148
8b2a6775
e4ccf3a4
a7942876
cca04668
e04931c1
f12fa12c
b1996f77
3e1e7340
9937b278
3b1684be
de99e38e
b43c7c98
ab153d25
8b67f407
c06637f0
39abbfab
708dbbcc
a660c664
26f93563
1b163a52
744d00c4
64a7b46f
6776fff8
f104f96a
50754529
0866c5cc
adbb819b
71ba84c2
a31b522c
c4b08aeb
02362b6e
1fc9420e
dffce27b
117bc3db
6f408479
88413746
4426a2d1
4df4d345
6a9dcb7d
e532382c
e26192fe
5a377291
daeccb78
4c48f50e
40693f4b
d9ed20ea
0000000b
00000001
0000002a
00000002
0000001e
00000001
00000020
00000020
00000000
000004a0
00000960
00000000
219c3352
4b92286a
c2c591c6
d25b3463
80300c60
4c271bc5
f0069611
c28a628c
6595a4c4
6dc14b70
d7ef4341
2c474488
6968e568
3aca99a5
b631381b
6b4370b1
b86eadec
c7c5f680
e24d6787
3cda0252
0bc0ac86
0a1ea69f
4ad36f3b
5fd916a6
129af008
0cef96c8
96633d60
f258a676
34ca5af4
cc05df0b
882bc7b4
f9698343
46ebd874
00282173
0a43274b
83b9733b
6a27f4fc
d19d5325
c878ae91
8f6a2697
8728a731
b0e5ac1c
a814d727
7cf51955
71113a71
09bd5c20
d7d5ce24
a0fac6a7
e52e50cc
e4c58395
ca708384
555ae525
c2c32248
09e78d24
516ef183
78350d24
2dac6130
90cd8378
84f24c51
64d46e7a
b57a4237
56f56ae0
51ab411b
17388589
f86260ab
ab0995bc
f1be3992
a99b3180
4d9b0f8c
58a2d785
f9d20ab0
a3bcf9ad
ae3ad1f1
76929014
3726ec9e
d18cd333
2a15560b
753b7040
cf5ad6c0
823209e1
71299b7c
f608689c
62201271
2894cf84
dc86aa70
02e849b5
0876d43c
ac8281a9
21df27b6
3842c46f
f946d744
c8023399
2796d78f
8eb17b3a
022f1bb3
c93cb6a9
7b261a73
e84b545c
1fba6524
1d17a141
44ef4bf4
c2cb5445
29b7aad2
0c51abea
803adc0f
aa0c7618
289a3537
86b2e382
1e2e58c7
f55885b0
3b670752
3f8e81d8
b9598fd9
c19a3413
fccdca5d
d6f801a9
7497773d
020a1a52
f732abe1
2318f17a
0ecc6bba
f7b29350
789900a5
5093717a
60284db6
aa211375
8970c1d6
348040e3
39c408b7
ecc9320a
b094d001
a0404e1a
d65b9af4
f0f9bd49
73db4a00
c2501c61
6cb727c9
b711b231
769b1b38
87ef21a5
28db2c6d
3cbc9804
44f56142
03189f39
0b95a8e2
6a057f9b
7bccbfbf
d4a380d3
89c414fb
2b9c8d4d
3b5edc98
255740bc
8cc56325
c2c78715
786083f7
79c7655a
c4ba343e
48f116f6
689ad2ca
941c4351
e4a36d8c
bdb73a2b
0c3b7ac0
9696646a
5faa493b
286de51b
39664de6
54a285cb
1c677107
9810020c
9c48a0a1
b379c5b7
d8e20631
aae6ff15
426746b3
06203ce6
b1c85728
e5cf70e7
e2a2c137
bed38500
6c98fba8
b33b6f85
74f80ca5
aa564503
57524756
3dbb5794
5c6a31da
a9f244f0
a57b39b3
51bfb443
06642cba
b90a1698
538729d7
b1f222db
33b4e56e
4588d0c7
50f032ba
981cac06
631d3799
e59d77a2
07333b80
ee822308
ad005e80
78d0b2a6
dbc3bc8c
b303c0b9
b849f58a
19b1d63e
2b4d0e85
30020a36
89857a67
3823884a
a96b1b78
3f02e3aa
6014405b
abe297be
2c865bb9
61912654
645a4d33
14567655
491d421c
1ed87674
7ac4ab04
2520b4e1
0716b9b6
7d2714dd
52f233f3
066659af
937877c0
bcc72c14
934c5c68
afa0371b
3b637ab3
b4a4f72f
d95be59f
dc9f5fe5
a6452cb2
499a16da
c4ae4dd4
51c66745
3368c3fb
24b8af6c
283a7367
e3234ae9
906dace1
68c8af1a
65336809
679673da
7ad21f8b
2ac5b9f5
1702bda7
0fe8b91d
504eb0c0
5c3a722b
7d945205
1888c43f
d4dc9712
a2420c1d
21460332
365c65a1
4d3c97a6
607bd49a
683a8fa7
3ce80907
bccd934d
b0cfbc96
35e92861
418bb98e
d2e79f11
5c317f9c
347ba192
5aac66d6
5bd69db4
3c652160
0cbe8d55
ba5ba679
6883d623
a0d72573
b253ac04
1d60b60f
68ac0626
03acdd72
3dbc86ca
a8197fb4
5ca3b828
3e3e29e7
9b263b1a
a3e18844
15159d0b
f39d032b
71fb2162
0e15ea84
f0802eac
fc5d25c5
2b549a4c
27e65399
b4192195
4310170b
c221433f
d44b49ca
231802f4
11bc4339
2d2d5547
67021bc9
50542117
cf8369f9
05e4582a
1a242aab
29297058
05097bfc
72c71da0
dcc2c0ab
122ac0ac
991043ce
305b72a2
db31a7a1
516ab462
13090487
40e51afb
2897d496
471751f1
f4a26b38
14f959c0
7d0eb56f
676864f0
b325506e
7365974a
9271237c
0c86a709
34a62a98
98e958b3
07236b38
1a4f99dc
181d2f4a
34f28e2a
662d9529
b237173b
9f1725b0
83a167ff
3364b357
12800b59
fab7c9ee
6bb52811
2d6b922a
0ca6869b
c4d15ff3
06c3b84d
bd67402e
22905081
a031a64d
8661c40f
2ce50f23
701234ab
e4000c39
04572595
7c953761
c6ba8c42
bb9e5ec2
cefc5d3a
51ab7b9c
e54115a6
0f769899
6dac3c85
2b427814
5795b838
a4887324
3819ce14
1cdc016f
299a4819
c02311aa
4381fb4a
452b54e1
857a0e35
1d440233
c636b81b
a04a7fc9
8a333881
c738228a
1c3d2c68
a163be6e
e29043e7
c34274a4
cb618e71
e8359b86
0ad8a1fa
85b57a02
1922c6aa
1c9402a6
b260eec7
85a1972e
77af2512
39302c08
3540b8e0
d2c7a9ec
b8532243
d6ca0b0c
48ec0be2
0b50182a
82c675df
2c2f6c0a
bd135a94
18b50c2a
cbd50083
84b3b7cc
4786f76a
04e83d41
95f9f07c
f804884a
74531689
1d34f5a9
f36dac93
39f25e99
79ac5068
113be83d
a6bf2ea7
4bf0df73
bd998186
40d40fc6
14d0be29
507d9528
fc5c685c
af04fe6d
62358746
a9bc960b
8029b6b1
6c02ec07
64cfc054
95b9f276
2c9935cc
14801e79
9378956e
09c444b7
25104d56
7f958bce
ed959bed
b3c20cf0
1e890f6d
45c5ebc7
e39b88b4
bd52501f
0c0b36e7
0228bd69
c6e5f555
c85f656a
625bab57
2b0a0030
1373582a
0a3582d5
4fdaa035
38b7f328
e2229c98
84c09054
5a6a5556
65e0bd47
ab68941c
cc807429
aab55630
27f92623
06b419bc
63461de4
cf00ddcf
4f15a239
089943c9
24c70c02
7c7ed6c6
a34872f7
4f00059c
d1a8f7f9
b3d89a56
ac756686
7c75f86d
4692c4e8
a6d32702
d889d0a7
77ebbc50
52b2e80e
486c3376
d78c648b
46a54a28
e474e068
e2c6271a
27922f97
f58d1005
3c71cc82
1011983b
f3a922e5
343f3b87
17b01a5d
155a5305
1a2ac91b
68126d0c
528bd810
9735a8ea
28a75ecc
ed43a26c
9c924215
cc35c8cf
709a277f
893c9d11
4d5c0133
5d4c8ad7
86cd8411
80b606af
c58a576f
469f94c4
0efcaf8a
9f98fb74
52a30e76
0b3a935d
d6009493
9681562b
8812008f
8124045b
cc0d4d72
3643991a
b81c7ba3
336d9266
7557701f
199843b0
0c793c39
85838078
926de8a0
5ad900f1
25035c5e
722ea4f8
476d2643
0aa68f7c
dac0d1f2
b997b605
bac1c245
ca3ad7e9
34733cda
79087e4a
0386113d
91b24914
68853a32
f850c4eb
88b7712b
1b99762a
b75fb5cc
6776830c
94407013
074cf5f4
59e8c865
ae95aa66
6023b00c
d8f53b90
34332b6d
80c0937d
4a8975a5
2ff3672a
e479a2d5
89e169b2
0788786e
b2ac2bbf
882f40b3
3b19d3b3
d305b07b
f4d15267
80c5fd7d
1a75d24f
cb4b32a5
7ae80c36
255eb057
768c7d46
47572ea4
f63d7857
66a354ac
522bf6cf
836c83ea
23da9037
5ae03f48
df462b7b
20f96b98
430655c7
7a5c4458
400a3b00
59d9a816
2000b67f
e8df48d3
6c4b6806
2c58e8d9
b20d38b1
9460996b
219c3352
4b92286a
c2c591c6
d25b3463
80300c60
4c271bc5
f0069611
c28a628c
6595a4c4
6dc14b70
d7ef4341
2c474488
6968e568
3aca99a5
b631381b
6b4370b1
b86eadec
c7c5f680
e24d6787
3cda0252
0bc0ac86
0a1ea69f
4ad36f3b
5fd916a6
129af008
0cef96c8
96633d60
f258a676
34ca5af4
cc05df0b
882bc7b4
f9698343
46ebd874
00282173
0a43274b
83b9733b
6a27f4fc
d19d5325
c878ae91
8f6a2697
8728a731
b0e5ac1c
a814d727
7cf51955
71113a71
09bd5c20
d7d5ce24
a0fac6a7
e52e50cc
e4c58395
ca708384
555ae525
c2c32248
09e78d24
516ef183
78350d24
2dac6130
90cd8378
84f24c51
64d46e7a
b57a4237
56f56ae0
51ab411b
17388589
f86260ab
ab0995bc
f1be3992
a99b3180
4d9b0f8c
58a2d785
f9d20ab0
a3bcf9ad
ae3ad1f1
76929014
3726ec9e
d18cd333
2a15560b
753b7040
cf5ad6c0
823209e1
71299b7c
f608689c
62201271
2894cf84
dc86aa70
02e849b5
0876d43c
ac8281a9
21df27b6
3842c46f
f946d744
c8023399
2796d78f
8eb17b3a
022f1bb3
c93cb6a9
7b261a73
e84b545c
1fba6524
1d17a141
44ef4bf4
c2cb5445
29b7aad2
0c51abea
803adc0f
aa0c7618
289a3537
86b2e382
1e2e58c7
f55885b0
3b670752
3f8e81d8
b9598fd9
c19a3413
fccdca5d
d6f801a9
7497773d
020a1a52
f732abe1
2318f17a
0ecc6bba
f7b29350
789900a5
5093717a
60284db6
aa211375
8970c1d6
348040e3
39c408b7
ecc9320a
b094d001
a0404e1a
d65b9af4
f0f9bd49
73db4a00
c2501c61
6cb727c9
b711b231
769b1b38
87ef21a5
28db2c6d
3cbc9804
44f56142
03189f39
0b95a8e2
6a057f9b
7bccbfbf
d4a380d3
89c414fb
2b9c8d4d
3b5edc98
255740bc
8cc56325
c2c78715
786083f7
79c7655a
c4ba343e
48f116f6
689ad2ca
941c4351
e4a36d8c
bdb73a2b
0c3b7ac0
9696646a
5faa493b
286de51b
39664de6
54a285cb
1c677107
9810020c
9c48a0a1
b379c5b7
d8e20631
aae6ff15
426746b3
06203ce6
b1c85728
e5cf70e7
e2a2c137
bed38500
6c98fba8
b33b6f85
74f80ca5
aa564503
57524756
3dbb5794
5c6a31da
a9f244f0
a57b39b3
51bfb443
06642cba
b90a1698
538729d7
b1f222db
33b4e56e
4588d0c7
50f032ba
981cac06
631d3799
e59d77a2
07333b80
ee822308
ad005e80
78d0b2a6
dbc3bc8c
b303c0b9
b849f58a
19b1d63e
2b4d0e85
30020a36
89857a67
3823884a
a96b1b78
3f02e3aa
6014405b
abe297be
2c865bb9
61912654
645a4d33
14567655
491d421c
1ed87674
7ac4ab04
2520b4e1
0716b9b6
7d2714dd
52f233f3
066659af
937877c0
bcc72c14
934c5c68
afa0371b
3b637ab3
b4a4f72f
d95be59f
dc9f5fe5
a6452cb2
499a16da
c4ae4dd4
51c66745
3368c3fb
24b8af6c
283a7367
e3234ae9
906dace1
68c8af1a
65336809
679673da
7ad21f8b
2ac5b9f5
1702bda7
0fe8b91d
504eb0c0
5c3a722b
7d945205
1888c43f
d4dc9712
a2420c1d
21460332
365c65a1
4d3c97a6
607bd49a
683a8fa7
3ce80907
bccd934d
b0cfbc96
35e92861
418bb98e
d2e79f11
5c317f9c
347ba192
5aac66d6
5bd69db4
3c652160
0cbe8d55
ba5ba679
6883d623
a0d72573
b253ac04
1d60b60f
68ac0626
03acdd72
3dbc86ca
a8197fb4
5ca3b828
3e3e29e7
9b263b1a
a3e18844
15159d0b
f39d032b
71fb2162
0e15ea84
f0802eac
fc5d25c5
2b549a4c
27e65399
eeba1022
94438660
192e2f04
1ec6da0e
42ac723c
c8184321
e1d65141
b2ca562d
98ae6eab
0800da2d
59dc1bcf
88acc8b5
69f111ba
63a58a79
557aed74
52f5c40b
0000000c
00000001
0000002a
00000002
0000001f
00000001
00000020
00000020
00000000
000004a0
00000960
00000000
e11cb470
141dab88
1ca5481c
fc751219
20153537
74571d3c
7c388000
0a79c681
7f17cf2a
25b0189f
25f63f94
c115051c
6007cb42
dc5117a0
591947a4
9a422590
04c794b9
46cc7106
1220d631
086b8cab
542abb2f
22b88974
d2d1264a
c98bc56b
f68e3a9d
8b82cb4a
27da3b79
1fc75138
72f55959
6b876f0a
4927209a
cc533559
68456c6d
2b67dc64
65a588d3
34ab5093
946a7b81
05595973
a33ce671
7913c18b
66755839
a0a5953f
bb81b469
85434430
55f54678
1e0d316c
16fa8f76
0eda531d
9c3ff50c
6b004d83
0cc32b51
67ce2cf0
e8215fd2
bf1c7a8c
ab142ae5
e71d3dfa
34dc0c61
a84be881
f0600b95
91cb5bc9
f9c97180
38ec4ba0
97542016
a0abcbe9
20e42c9c
37f7326a
5246ec7e
31f20d20
b755222c
3c3a99be
aaf07a99
ca849830
53c1e361
96d126bb
b24c1b79
ff5c3aa1
f932839c
685b7630
d50c0185
32692638
4b62a704
c001aa73
33027a23
405c2f36
6f7c3901
11b7a4a7
6398860b
9376dc31
c8276dfb
28aa2e2f
cbc0d733
f5750b7b
1f7c054a
51b21258
35452f0a
2ab31c32
cb53b206
739001c7
b72a7c2c
e795d694
8b4f9c09
7cf5d56f
88abcae9
59bd29d4
0208fc21
1d92061d
9357c4e4
96b5143a
8923fc8e
cc026a8a
c9a9cd7d
b09e5982
e47d4a49
b976c5bf
5dab438e
e4dac6e5
20a087ac
448811ae
a4c0ac49
29298f52
45887ce5
ba36b55c
ace09d8b
4b355c26
2430cc77
4e56030f
3a8ea0ed
ab50a014
6f7b6963
b71ec1b7
eb5a788a
cc1ab6c6
dc0b12d2
2a441601
a12c963c
e08946cf
ab98b5bb
02758a83
34cff794
24bb3028
5580cf87
462df9a6
446c6941
80671b28
105ee3a2
11d8b5c6
88719d73
5317dcc2
6cf52492
1955466a
a03801ec
22d43d27
25343893
1248c179
308115ca
6f0c2c3b
c655b7ab
c2736698
48586208
e2c3d81f
1bc7a934
b5fc4d19
1d1c604e
50e86688
361a3e83
470c746b
d43e60c8
b4102095
1d132274
85eac475
9bdbb849
e50dbc66
e01fae09
5432fea9
1601f912
69c55c0b
77472398
fc6ec03b
78b35f00
54836769
d237a870
ea69740b
b4f110a8
02694924
cb167096
13c26fce
21ccfbc2
b8c18bb9
cc6be02f
0a6d9a75
e6073f1c
c6e7573f
9aa9f3b1
8b894c64
92a3a332
d6422241
8bc76674
a8db43cc
406be2d0
015655ba
479a72c7
4746a861
49af1416
cb954000
0d2a4b71
95265047
83719a24
10cba904
8ac5a8ca
ac5c3019
c0229409
f2fa5643
c7f2b8ae
7e98879f
6b811056
490bdb49
3c498385
547e180a
24bae91d
8087e485
05e3959b
c9736356
da76fbb7
a9ed2a07
924ba951
79b21848
45369220
1ea1e650
258523f8
5a7c2e47
4c5aee58
462ec2b9
ab6867fa
a209511b
838a1197
c5e4c717
35b52c74
a457ec57
24535514
c99c2796
7e591c42
c880be95
6f7bef5c
08860b4f
86e0c82c
c0b7ec1a
4ec785e7
15aa8537
1bb99ea8
5f1e8a13
97617b02
8f09ae48
11145a7e
fb2d31bc
c21618bb
23cd659a
54e9c7b8
133ada4f
75c3e4f2
92e17073
a68ce53e
b001f36e
a03f4efa
80e13dc1
2b35f771
7cbf6d42
a2952e60
9f4c2bc0
3b2a78fa
172a9bad
72cc6853
29744b36
52b89c29
aaa87757
b0537aa9
66cc046b
7467faaa
a3fe69a8
cbe1be3f
b2a917ba
16cf3ab0
051c6079
62a6a9aa
52f396f9
76c2c4a9
b579b876
c3744cdc
6ba9881b
a46b168b
bd4608f3
4f810ef4
a6eb4578
a90ed1d3
c3d46033
8b17ed19
d581d5df
0b507926
07eb5c94
7e527f36
410664f4
4cb45ff7
7896fa2b
9f8d47c4
99ca4a59
394b8006
54a1e4bf
d87a2b13
577be8c5
74aa04b7
60e84d13
88570c2a
df46f5dd
33db9939
2361e495
8f14c23b
fc541b3c
3635cdb6
8c868c97
4a428632
73eb1f6d
c4ae8b58
071571e0
54842f06
e19953ff
84730bdb
80d215ad
e2301728
39d68e45
92d64c9a
527e3562
e8592eda
a563a607
14c651d5
e0f4b329
2ec4fc3a
0f6516d4
57d8388c
8b56611b
9050d500
d8fe3105
c738c75e
1708e6e0
4393aa77
17045cb0
205ff3fd
b40015eb
19dc341e
8780149e
390f301a
25806d94
3a1d7593
c2f7cb84
2647a078
dd41abf4
593162c1
4c78036e
9ca7f251
b979b398
30f0ff81
e7c6fada
336aab13
b3b77035
c75b5531
2293bc21
afe8cb00
7e622244
b76640d6
b8d11576
685e7b67
058248fb
8292835e
c01c2c8f
0a2ccdfb
c22c9863
1d86ead2
88f62898
5d22446c
d0c4fbe5
871e4fb4
4d87362a
c103169a
399604ab
0336f056
de1d56c3
b8dca05b
140830bd
070568d8
eb8d7cf5
41861d9a
8e253650
017e5820
3dbcca8b
05b7159b
f7209826
88c63faf
203fdbb9
05515d95
932b3d27
d6565552
5a6c87c1
ae70005c
5a5c5940
25948d35
09c87cb4
1f867cb0
c54c273b
18e7be30
6d34c3b0
c5cf7070
9f24dd4e
bc39fc72
234ec574
710bb245
8a67d1f9
75a02f24
bdbc7975
1d71d965
b2ab45d7
7bb5c760
7dbf6618
721808c7
b950c86f
92ae5013
36ec9767
86fbbb74
cc94d85b
85159f89
39f7a618
a788b3ab
fc180e05
160a5d6b
f2bac86d
c1a86e71
223030bc
629d3cb1
c3de6483
59535cc4
dc38155f
99aa6622
4d0648b4
f59cfa60
231d9fb5
48a58045
6361e27c
9ce91c39
52a1e264
0473c86c
6a2f477c
c7f75613
27b16767
0a304dd5
1f899673
405e37bc
f308036c
75866741
b8b4a147
8b186c33
7d93f33d
53826602
e49b90fb
24d48725
419d616d
93885866
4511a280
94adca5b
16f9aaf3
c03c3c9e
c3a75754
8c5bb036
03f10663
57c6d389
87529dea
7da0048d
a4969436
c52a123a
5f65825c
bdcf372b
d111acd4
726cc614
5b069bb7
a7e81c6a
b674d777
9b5f2cb8
759076c8
21f8540c
d4bbe34f
53c343a3
09247324
bfbe41d2
025238a8
820c816b
5f53893b
237363e2
2361ec78
d3352431
c05b677b
aad37acb
6e76f34a
a13793a6
51720899
5041c7b9
9af22507
9fb31220
c63d665d
52aa6c73
05745eca
e648fa4d
439b1ee0
6e5ad245
cebeb9f1
52aa7f52
7326ce32
9d014ae1
a58339fa
94b143c1
8e9a1932
ccda6572
ab6149c2
a66ce67e
800c8be9
85428103
877f84a9
04dbcc1c
c3767353
90b0cc99
88230596
6aea8c7d
3d94ec55
e96ac072
6c90679a
e6798cfb
ed009950
2eba9711
85c437c3
22cd6eb4
c3d8239d
dc45a3e2
b8e172d2
1f984555
ee684c2e
509522c4
0467925a
11cb3024
70e5939b
c98a0e73
4205d7d1
11572489
2bc4986a
e3124225
0a53ba31
c840f868
7f3e738f
b380932a
52b8c22b
e0ca459c
27fbb257
4792c743
214d86f7
43e212b6
79fc8c15
658dab71
e9c05da3
ccc84947
a1c01543
f73b20d4
28c03230
5d9cd36f
820dae4a
9840a3ae
1ab934b2
82409d13
42e00777
4d8a3be8
36bdadb1
c505e963
155113d3
a97c9537
7c83bc53
6e452aae
3c751839
3ab9570a
f0a757d2
e18467da
cf389f75
e11cb470
141dab88
1ca5481c
fc751219
20153537
74571d3c
7c388000
0a79c681
7f17cf2a
25b0189f
25f63f94
c115051c
6007cb42
dc5117a0
591947a4
9a422590
04c794b9
46cc7106
1220d631
086b8cab
542abb2f
22b88974
d2d1264a
c98bc56b
f68e3a9d
8b82cb4a
27da3b79
1fc75138
72f55959
6b876f0a
4927209a
cc533559
68456c6d
2b67dc64
65a588d3
34ab5093
946a7b81
05595973
a33ce671
7913c18b
66755839
a0a5953f
bb81b469
85434430
55f54678
1e0d316c
16fa8f76
0eda531d
9c3ff50c
6b004d83
0cc32b51
67ce2cf0
e8215fd2
bf1c7a8c
ab142ae5
e71d3dfa
34dc0c61
a84be881
f0600b95
91cb5bc9
f9c97180
38ec4ba0
97542016
a0abcbe9
20e42c9c
37f7326a
5246ec7e
31f20d20
b755222c
3c3a99be
aaf07a99
ca849830
53c1e361
96d126bb
b24c1b79
ff5c3aa1
f932839c
685b7630
d50c0185
32692638
4b62a704
c001aa73
33027a23
405c2f36
6f7c3901
11b7a4a7
6398860b
9376dc31
c8276dfb
28aa2e2f
cbc0d733
f5750b7b
1f7c054a
51b21258
35452f0a
2ab31c32
cb53b206
739001c7
b72a7c2c
e795d694
8b4f9c09
7cf5d56f
88abcae9
59bd29d4
0208fc21
1d92061d
9357c4e4
96b5143a
8923fc8e
cc026a8a
c9a9cd7d
b09e5982
e47d4a49
b976c5bf
5dab438e
e4dac6e5
20a087ac
448811ae
a4c0ac49
29298f52
45887ce5
ba36b55c
ace09d8b
4b355c26
2430cc77
4e56030f
3a8ea0ed
ab50a014
6f7b6963
b71ec1b7
eb5a788a
cc1ab6c6
dc0b12d2
2a441601
a12c963c
e08946cf
ab98b5bb
02758a83
34cff794
24bb3028
5580cf87
462df9a6
446c6941
80671b28
105ee3a2
11d8b5c6
88719d73
5317dcc2
6cf52492
1955466a
a03801ec
22d43d27
25343893
1248c179
308115ca
6f0c2c3b
c655b7ab
c2736698
48586208
e2c3d81f
1bc7a934
b5fc4d19
1d1c604e
50e86688
361a3e83
470c746b
d43e60c8
b4102095
1d132274
85eac475
9bdbb849
e50dbc66
e01fae09
5432fea9
1601f912
69c55c0b
77472398
fc6ec03b
78b35f00
54836769
d237a870
ea69740b
b4f110a8
02694924
cb167096
13c26fce
21ccfbc2
b8c18bb9
cc6be02f
0a6d9a75
e6073f1c
c6e7573f
9aa9f3b1
8b894c64
92a3a332
d6422241
8bc76674
a8db43cc
406be2d0
015655ba
479a72c7
4746a861
49af1416
cb954000
0d2a4b71
95265047
83719a24
10cba904
8ac5a8ca
ac5c3019
c0229409
f2fa5643
c7f2b8ae
7e98879f
6b811056
490bdb49
3c498385
547e180a
24bae91d
8087e485
05e3959b
c9736356
da76fbb7
a9ed2a07
924ba951
79b21848
45369220
1ea1e650
258523f8
5a7c2e47
4c5aee58
462ec2b9
ab6867fa
a209511b
838a1197
c5e4c717
35b52c74
a457ec57
24535514
c99c2796
7e591c42
c880be95
6f7bef5c
08860b4f
86e0c82c
c0b7ec1a
4ec785e7
15aa8537
1bb99ea8
5f1e8a13
97617b02
8f09ae48
11145a7e
fb2d31bc
c21618bb
23cd659a
54e9c7b8
133ada4f
75c3e4f2
92e17073
a68ce53e
b001f36e
a03f4efa
80e13dc1
2b35f771
7cbf6d42
a2952e60
9f4c2bc0
3b2a78fa
172a9bad
72cc6853
29744b36
52b89c29
aaa87757
b0537aa9
66cc046b
7467faaa
a3fe69a8
cbe1be3f
b2a917ba
16cf3ab0
051c6079
62a6a9aa
52f396f9
76c2c4a9
b579b876
c3744cdc
6ba9881b
a46b168b
bd4608f3
4f810ef4
a6eb4578
a90ed1d3
c3d46033
8b17ed19
d581d5df
b658a4d0
f718a493
3af20c62
7eb77d51
ceb34448
14bd10ee
728ab950
47b1d59c
5b31ade3
bafbd6b1
bf62e55e
5e3ee505
8c2aced7
d9cbb22e
ff9255c0
557a23cb
0000000d
00000001
0000002a
00000002
00000020
00000001
00000020
00000020
00000000
000004a0
00000960
00000000
60963823
f31d4d03
5a1bf3c9
31065683
0c9d02c7
0ce52b01
a44fabab
c6f18934
94f03f20
11236ccc
625543e4
2e434f81
984f7aad
7a8f8c2a
c5aacbab
232e733e
c5a1b2c4
17a14704
604c056f
603f7a48
7f53c958
503cc30a
9cbd7b7a
6358c9bd
842b6190
78810b74
7257298f
125ec363
61311268
c4d8b882
e239fca4
1b6a7394
b1b689b6
2a368b85
b7ae9a4b
51636691
dacb8750
cc1d56bb
02478792
06564321
68023ff4
225ac539
812d9a81
b47b3b02
07d2e6a3
003e0618
a6694e46
9e66c295
fc978c12
908d1408
7c999786
e59cc564
ec6c1d59
2fe39059
441d0433
187f1228
495704a8
28215a0b
599d01e5
351bcb91
be208a01
a849ccb7
35147e03
89b944e2
a53a5826
14310bc5
ab6bc2a0
c7243503
6f4847af
16b76c58
dbb48831
558a343e
dab501bf
d79268c7
30864363
b367c039
684b13e4
1596066a
090269b2
983c2cf2
4e3c51ba
da6916c8
73665d4a
67c49c76
4f673c48
740a5cb1
7f38351f
81cd2396
d0526c77
15fac92d
6905c074
206978a7
83e57f49
2ec78c8e
9a588401
0b257695
8348e7f0
05cd8dd8
5d44e1aa
7668d6d1
d065733c
72975ac3
22a60453
b2321407
1ac4110e
aa9fc6fb
908cc902
8ce93067
48a94529
5641521a
19d00f08
421fcb7b
f38e4f01
35f5e231
5f43cc43
7cf583da
aec0d559
955e7028
6546120a
8eaa3f69
e161b38c
d90b28d0
5074b348
a6868a8a
8ae70063
7aec0ac7
1c69d166
44df93c8
6326d8be
06a96c89
d9291bb6
0193bf1a
da4fd79d
a4beb663
a3354faa
9509ac31
7c5726c8
4f81a04e
fd15973d
7c692776
53773e9e
f290f99a
c11a8b45
8dd0edc0
2c104344
2366abf7
0258d368
56afa157
3c92263a
1976a8be
833be567
e020b97c
8430b2c3
eb32ba0c
4888bbd9
acf941ac
93266724
aaa10a18
8548feb5
16be566b
42bcc9cb
93271c3c
747c97eb
fa737d7b
be463206
b537d59b
10ceb0b5
47bc647f
7f2f1bfc
fccb18b3
4be03a93
2d4324b7
88dac112
5c86ce8b
19300363
3978a72c
99a1788f
3468b7a1
07379775
bdb76022
33623555
3002ad83
099578ac
3f937a75
67a82771
6763fc67
280233a9
91150157
03a28b3c
a934a984
c4d60375
9127ef5f
87af89f0
7b9693ab
518046b5
bc286348
f40ac84b
433bcc67
3b06f8fb
a0c32f3a
00117ea6
bf92fca1
a1ec8dd2
b5cb1351
cf5043fc
b3b38a69
4b07d789
f431f6c0
1546b032
a8d31c20
e7428bbd
d4137e3a
2c7772cd
3fca23c1
f73c96e4
ac6bf46f
2c82b4e9
66ab3ff7
a820a1ab
e0b23406
06743f03
1489bab3
e52b03bf
13c23116
a982e402
02764669
ea6f96e5
6ca75f45
87c80124
f0eebb32
a0827ac0
621bd316
67e4bb8b
58e3b1be
c7b07649
5bef4a26
6cb8f491
501a09fb
8c614465
c3626c65
e92b844c
61539a9a
4577f852
060577e3
fa5443c6
68e3524e
37bc6270
069cb639
45f3a0af
610ae4ad
f2413e71
a3925d25
66cf9bc1
6cec1058
8ee90fb8
c98c34e1
c3fec4c8
2b937b14
0eca1c49
259cbbe8
6071fc26
0822aaae
5bd49d54
ab82e5c4
80177982
5bb4b7ea
91cbdcc4
48209215
cb674a17
9165c5c1
172c0cb2
58aea9cb
54d05765
505fbcfe
24c293aa
8dc5c557
990d289d
7355131c
c8e74233
5c2b8ce3
61944271
9793fa17
cb317b3b
64868162
6998ec8d
579f68c9
36ff81e8
71471a42
7eb0f923
c2ac1051
16ef05eb
dadbf86c
df172f14
073729a7
1d34aa63
2d8383fd
e097e61d
e30e8e4c
9d64675b
ba52d146
492d0eda
7af63559
a1224437
73cb8e77
59420990
9d7b9144
4498a958
8850df9c
3c0ba9d9
60924d42
004ca3b9
f78a9695
39976665
5357ff39
299df4d3
5b029f06
8cd11944
b7a3f496
63c718eb
886c2a10
ea9b20a2
1747c83a
a7601ecf
d96f4904
1a42b874
c193e50e
d94feb5e
5cbb0d65
8f66346e
172ac98d
a28c69b7
3c16c237
745af5bb
f44a3672
99342144
5c7969a1
028f49ac
23d1871b
61a712a6
e675c052
57bb3e45
bfc34b83
412092a9
68059141
f41bfb7a
85759872
5a6ce947
ca3ea68b
783b1ec4
86d63681
d8c2c929
a8609a03
556a96bc
8a9dc1d6
9071b80b
bdf904cd
65b9e1d2
8b69c8ea
c25c3526
f0bbb81f
22108e35
c6f9bc63
f84b307a
92c6463c
9ffa275a
0b9d3332
bcaeaf28
8d063042
2d8fc6c7
a558229b
97c26e27
102cca5a
e7e844aa
1c406891
d419a952
c6bd0087
bcb849ae
2432421c
d33b7319
778ce1b5
5c32839b
65362c3b
c366e6c8
740086c5
a34c8b37
74f82441
38c6590a
a50030d3
80f55f33
ff154b63
35764092
af34881c
261bc71b
0231240c
0b29d711
e7cd83f9
09386ce9
a44a6a68
85b9d437
bcaeb29c
c028d827
0b525959
8b49922c
7ce26778
b6aedb37
06ac8af7
29ba6981
d626c65e
241e1dd2
2eb727cc
dba48ae1
e73768bb
2a59687c
a3414305
ec99ba79
48c685b3
84b585f8
963e9739
ca721614
720c6a55
c36e82b3
8a947346
82a01781
3a992eb2
2764a0c1
5d6751c7
72964840
a7361f66
7057879f
01891740
83683b9b
55168682
04a68106
b7904922
2d51bced
54ac5012
60f1fa98
7f6cf90c
ba93b38b
5a39801c
011a3367
cbd53d13
9d81ee1e
bf1f6258
a0c19700
8a4a8f89
f52aece8
15e8215b
4c18efb9
b7a6b991
aca78702
bcb5cd90
13ab48ff
0a9075f5
339a49b2
adcf3643
f54961d4
15b9ee94
aa8ac6db
23aa0d85
365a5e11
496d3993
39c42e64
814c28cb
d9864b3f
89909979
9ddbc496
60bc5218
a33fa7e1
c8905631
8907218f
05ea5bf5
93b30c9c
e3c851ed
e8e45f4a
4282f847
3a2a8ba4
e6ae112b
b3b25bad
dbc7372c
c00951a9
17a58227
a5b6fc17
db6f246b
b894791e
600c2bf6
0270730b
49b08416
b97722f2
40470130
1ac2cc57
0079ecf7
d913b1d4
4ba10143
ef962752
8b2bb7e5
b932fbc6
76620529
87fa97ec
23a20e7b
f389a091
e91926b8
7a011c5a
829c4552
47d726f3
0e334e96
3992ec9a
902b5767
ced1e326
7b34e1cd
67abbc36
6b226168
53c8721d
d8b11e53
b85088ba
f2c6c7e9
3cd239d2
c287877b
af038017
00b17bb5
5a014e30
cd69ea56
7ca8cffc
827a1339
e7cdb9a9
44fb7f46
5bc1d53c
7c9f9b5d
91079b92
4937be83
f1b89972
d9da43cb
6a01b918
7b69bced
44534875
bdf391ca
de973252
614748b4
4bd2257a
6dbfc13d
b2f20987
78c5461c
b57953d1
d91a004a
69c7fa71
57b84c0e
b28a36c4
64eb248d
4e6242b4
5a5a9ee6
c5c66374
39b82504
8c491728
a6552b15
4f3d86c5
1c153047
afe5503c
96b3502c
64eb735b
4496856a
6b7d3188
07be4f0b
6756e253
ef4a01e9
3afba4ac
1b6c3530
382f0b1a
ba319f5a
808b968e
107603ad
fbbb3850
2117e07e
afae6215
fc822981
1d687e9a
3e30580c
70109e27
aa9cc279
5aad4c26
588d0298
c95bbc01
4170262a
529e12f8
75f1bd7e
60963823
f31d4d03
5a1bf3c9
31065683
0c9d02c7
0ce52b01
a44fabab
c6f18934
94f03f20
11236ccc
625543e4
2e434f81
984f7aad
7a8f8c2a
c5aacbab
232e733e
c5a1b2c4
17a14704
604c056f
603f7a48
7f53c958
503cc30a
9cbd7b7a
6358c9bd
842b6190
78810b74
7257298f
125ec363
61311268
c4d8b882
e239fca4
1b6a7394
b1b689b6
2a368b85
b7ae9a4b
51636691
dacb8750
cc1d56bb
02478792
06564321
68023ff4
225ac539
812d9a81
b47b3b02
07d2e6a3
003e0618
a6694e46
9e66c295
fc978c12
908d1408
7c999786
e59cc564
ec6c1d59
2fe39059
441d0433
187f1228
495704a8
28215a0b
599d01e5
351bcb91
be208a01
a849ccb7
35147e03
89b944e2
a53a5826
14310bc5
ab6bc2a0
c7243503
6f4847af
16b76c58
dbb48831
558a343e
dab501bf
d79268c7
30864363
b367c039
684b13e4
1596066a
090269b2
983c2cf2
4e3c51ba
da6916c8
73665d4a
67c49c76
4f673c48
740a5cb1
7f38351f
81cd2396
d0526c77
15fac92d
6905c074
206978a7
83e57f49
2ec78c8e
9a588401
0b257695
8348e7f0
05cd8dd8
5d44e1aa
7668d6d1
d065733c
72975ac3
22a60453
b2321407
1ac4110e
aa9fc6fb
908cc902
8ce93067
48a94529
5641521a
19d00f08
421fcb7b
f38e4f01
35f5e231
5f43cc43
7cf583da
aec0d559
955e7028
6546120a
8eaa3f69
e161b38c
d90b28d0
5074b348
a6868a8a
8ae70063
7aec0ac7
1c69d166
44df93c8
6326d8be
06a96c89
d9291bb6
0193bf1a
da4fd79d
a4beb663
a3354faa
9509ac31
7c5726c8
4f81a04e
fd15973d
7c692776
53773e9e
f290f99a
c11a8b45
8dd0edc0
2c104344
2366abf7
0258d368
56afa157
3c92263a
1976a8be
833be567
e020b97c
8430b2c3
eb32ba0c
4888bbd9
acf941ac
93266724
aaa10a18
8548feb5
16be566b
42bcc9cb
93271c3c
747c97eb
fa737d7b
be463206
b537d59b
10ceb0b5
47bc647f
7f2f1bfc
fccb18b3
4be03a93
2d4324b7
88dac112
5c86ce8b
19300363
3978a72c
99a1788f
3468b7a1
07379775
bdb76022
33623555
3002ad83
099578ac
3f937a75
67a82771
6763fc67
280233a9
91150157
03a28b3c
a934a984
c4d60375
9127ef5f
87af89f0
7b9693ab
518046b5
bc286348
f40ac84b
433bcc67
3b06f8fb
a0c32f3a
00117ea6
bf92fca1
a1ec8dd2
b5cb1351
cf5043fc
b3b38a69
4b07d789
f431f6c0
1546b032
a8d31c20
e7428bbd
d4137e3a
2c7772cd
3fca23c1
f73c96e4
ac6bf46f
2c82b4e9
66ab3ff7
a820a1ab
e0b23406
06743f03
1489bab3
e52b03bf
13c23116
a982e402
02764669
ea6f96e5
6ca75f45
87c80124
f0eebb32
a0827ac0
621bd316
67e4bb8b
58e3b1be
c7b07649
5bef4a26
6cb8f491
501a09fb
8c614465
c3626c65
e92b844c
61539a9a
4577f852
060577e3
fa5443c6
68e3524e
37bc6270
069cb639
45f3a0af
610ae4ad
f2413e71
a3925d25
66cf9bc1
6cec1058
8ee90fb8
c98c34e1
c3fec4c8
2b937b14
0eca1c49
259cbbe8
6071fc26
0822aaae
5bd49d54
ab82e5c4
80177982
5bb4b7ea
91cbdcc4
48209215
cb674a17
9165c5c1
172c0cb2
58aea9cb
54d05765
505fbcfe
24c293aa
8dc5c557
990d289d
7355131c
c8e74233
5c2b8ce3
61944271
9793fa17
cb317b3b
64868162
6998ec8d
579f68c9
36ff81e8
71471a42
7eb0f923
c2ac1051
16ef05eb
dadbf86c
df172f14
073729a7
1d34aa63
2d8383fd
3e4765eb
faa97fe0
acabfe17
5a940d9f
502cb661
135f7657
f49950eb
2d9954c6
ae2f9a0d
880fa2ed
cfcbfcd2
5350120f
3e52552b
c976b355
63eda994
fdce4a2e
0000000e
00000001
0000002a
00000002
00000021
00000001
00000020
00000020
00000000
000004a0
00000960
00000000
0d25d733
07a901d6
3c1b6e1a
99ce9079
636fb0f2
27726599
17c1f15e
5a93a3c1
2b529a8a
b834e302
47eea389
90731b72
3726536e
486b0443
86a5618f
e0aca272
31860403
cc6640c8
17075bc8
a4d5a807
572c4058
271059ac
d415a206
0d2388ad
6563db81
18ca9285
0eac6f39
2c83f96b
465ec67a
a1463356
f221663c
c4c61ae3
737bcb4c
e51603f4
2ab3709b
939bf8c2
1d708874
2475c083
5d859280
f7353287
039973fa
876a9f15
050a8c24
0175a6c0
bbd21e6f
3299da11
a751269b
96c88c09
d6ceea7b
bca1ce9a
394be0b9
ae63a87f
e62e6e33
37baa378
e9518b71
9a180567
092a5684
2a586667
a16430d6
b6d213ca
202605a3
f390b73b
64b6ab3c
3b8a21e1
832a13c3
a685966b
377b55a4
d655a63b
4143635f
0f3bb77b
94325d79
81897229
004171a6
ccbdb24a
6ad64ec7
1443b33e
59770c8b
404499c9
f57958a2
15938c2a
90eb3937
3b12a5b6
72303048
54b3799c
c2174c5b
82bdb0c8
631a0f5c
9c17a775
abd6baa3
cef7c836
447de4bf
9c5d4493
8ea22d1c
bdb4e4a5
8bc41ce2
c64cca3b
410bd6b2
b353af24
08477827
8e350322
619e6031
20e16995
1e35b40f
c73a5990
53b36b53
08633077
82ce7578
8d5bb291
3b388409
fb215446
20310b1b
8eabe3bb
0a412eb7
1654a182
8363c79a
750b8382
78f314c6
89b9238c
82c59479
bd847e3d
bc4206b3
f3a378b6
52702413
178e9a91
51e09262
748b8250
9e5fa3e4
9b1201da
46b6968f
485431be
83c54c46
55d16e73
ba4b6c66
cc0a9a23
44d5aa60
d1c0c178
8abb1634
6b8b278c
e5b5c3da
3b865374
8cd75e83
7b91189f
2b6834e8
682bcc5b
888b81cd
08126bb2
93143c04
b85c53c9
6033ab7a
09e9d6c4
a948dc1a
80549a37
83a7f96f
81721437
991fc8ca
385855b3
4a3fa751
91eeafb6
cc8a4a55
e893a284
61568373
75d9df02
2c04e327
c7505ca3
0d602594
46288c2a
166f97ba
b8f95c9c
3001c0b1
a5fd31f8
9eb24b02
5b224273
78310f50
35e49182
a208c294
126d8ea7
bc49f985
3c6646cc
50569205
22f25d71
006b42c7
e94cb52d
af018a98
4461f56f
a762a413
75f43c72
30096b5f
49b26457
2e68473d
7a2a56cf
d4026cf5
a40a36a8
4dcb31dd
6a698161
9af44d26
0395abfd
e234ba9a
c709d7a1
3b8a2437
8696a823
c0a0e8ad
0f317cdb
e3cb33a1
6e3a275f
ce26e17e
191744ec
1b22998d
a292e05a
33b87adc
42581e7a
ec68f7a6
f1166100
65d68004
0aaac647
956099c1
8965484d
7fbb3921
a9f55570
a8d5fc7c
e1b9fa05
083f4cd2
714092a3
6accb772
ca09a738
05e4121b
58c86b7e
cb1a283a
4ca5e371
3f7344d7
db50457c
6c4c874a
7d57d540
d69d2035
b2b8ed89
576ef498
1a383de3
8e802804
b055c347
49a60c86
66477ec9
e8bfd8cb
78f9a2ab
6ec44b0f
8b890273
455a0051
991cfa87
93578a75
58ac42e0
53785396
c0b19bb1
83e6683c
3f9a3b2d
f06315c7
03ea09ba
30755566
671617d5
9af94c9c
9e7277c5
dd676258
d93630e6
85539653
9bab3c66
51a13149
56423a32
7d4e1c04
52a946e4
9501bda7
a5a700d7
ba889250
386a3d85
9fbc559e
5252170b
21d5f154
9d8da772
445e85ea
b1e56caa
d8b35b21
cb4a1772
64550dcd
65cab964
19325772
2efc0ba9
f96da997
b29b0491
614236ce
b705639b
d3c67eb9
6ff846cf
07bbb81a
b5dec03a
2bf8f169
744666cf
037b63a0
91832e5c
87a31ea7
81b4f994
10aceb8e
b12a792c
99d9bb28
e64bf38b
604343a8
7f655439
3d7642a4
283858c0
5a6974b4
5fa22b99
69ed8f20
b3cba56e
c2058282
bba1c86b
9a711ecb
95cde7f8
a4b83e5a
8e96c720
f79d4312
9ae94dc5
ad978a78
1a27d416
0847adba
9076f658
60a885a6
3cb7a22a
6596b502
1aa89879
d261bba9
3421888b
bc93a3ae
c32e5b54
1aeaf042
3f4116a2
c93722e9
bd75310d
57899a30
14ae7bf4
74017b2b
eb18e7db
1b723141
499bb5b5
5e40894b
1693ce12
c2b9df39
e456c279
724f3706
4af2458d
a68c6445
1ab004a4
1b2c4644
71a5e6cc
a41e53d1
62661d43
990d039d
712c8437
57d54694
ae7a461b
e2b92613
0ee2b3a0
ce97297e
ca6abee2
72c23a7e
a95612d1
525c5386
cf45d346
f01050f2
a14f1e95
1408769c
db15c40a
03031ce4
64c45603
1f5999cc
940a4bcc
8f4ae08b
890f8b86
112a8776
847014a9
6e6b4b14
80d5aa29
09dafc59
fea75a8a
0a43b2d3
b3e4861b
6e72e41b
c4831d19
a5741e27
472c3245
888e0e1b
b600ffc0
54a6404a
67920564
34986d10
4e02c8c4
b0d0cafa
08f4ff82
f287938a
79aa9232
58f00a2f
1e92d6e4
62af42d7
3ce51603
6dc00c15
e0c4169c
6072003a
3f15ac47
e70f60f9
5c6c1788
b76786fa
b9900fb0
982b6413
6a83045d
667cb83a
bddc4279
074975c7
95096300
09d6365d
2b14478b
db96287a
686c5f6a
f4377aa8
86d4c67b
4f76e55f
af3be497
d232b169
4de9f047
ad80b53f
247c046c
2899db7a
a257ccec
116f9207
4f28c9c0
7577207f
c44c4f42
631c775a
69a4fb2c
d2ad12d4
8a38f0cd
e29cb5f4
89eac998
81d6f644
2946e71c
62b452f0
6bf1393e
454db17b
c7f51b3b
8a91d265
326c379b
785dbb8b
2b1be7a7
b07b0ab7
8182b4d6
9d28bfb5
83b0d8d0
283699da
c98cdbae
8ec13a71
e2ba7a6b
5a40e476
4a57f0a2
8143cf90
863a6367
a2775b8c
6b963e86
2330a0a9
0dbb8820
368e4845
96930dc0
ec1bfa68
945c114c
bd28ae5b
83339683
f3ea2ce7
27a70516
b86dc173
0519973a
4fa39c74
51c34c06
82fc3d1a
62709822
bcad644e
69ad9b89
55f54bbc
a8b121eb
2182265a
14f8e49b
454b0a1a
6a0d2a8b
23c2a05a
75653499
2ac78c47
5ee46950
94540ab6
bab07633
6a205d58
c924f9d1
ec0b55eb
c5731f94
3c6b3c0a
cace9281
632461cf
ae6173da
f1ecc4ea
7e260a4d
963a6cd3
a5ef98e2
3e28446e
e311b160
ea2c7537
a5e8ff01
a902e555
30db2475
6d969a21
bebc87d9
f630a610
bfc5f640
92b40839
d1933120
8a902d5b
da7b70a8
552f68c4
0280ae47
0a38449d
6977b846
9f81356e
d1c4588c
38118dc6
9517555e
1377988c
c735afc7
253c22a9
459cd379
dc6634c3
67aad482
62600c3f
31206d62
6460ca06
aa9b2bf1
d60a264a
58855a3b
515f1035
a51ea533
1994af40
083af5c3
fc18bde4
3ab9b66d
3c3c360b
b8cb2738
995aaa37
ba5a82ac
c58d96bc
755283b9
7ccb52d4
e94ca335
39461b43
6e2b23e1
48401666
05239b97
4c38f601
07360889
cd13a24a
3c7c89a1
b6df4dfb
8ae9208a
4c1649f2
131f1e5c
59ba6c47
46879b41
90700c85
7bf8f7b7
989ab2b5
6cb40281
2c00d2a8
fb36f160
b7089784
5826b859
aacf9286
259c6587
7b6bad23
6c1cb348
a15848ac
cfd97859
59461a20
d2413192
8ce1227b
8000b8c9
54028acc
9c50356a
0d25d733
07a901d6
3c1b6e1a
99ce9079
636fb0f2
27726599
17c1f15e
5a93a3c1
2b529a8a
b834e302
47eea389
90731b72
3726536e
486b0443
86a5618f
e0aca272
31860403
cc6640c8
17075bc8
a4d5a807
572c4058
271059ac
d415a206
0d2388ad
6563db81
18ca9285
0eac6f39
2c83f96b
465ec67a
a1463356
f221663c
c4c61ae3
737bcb4c
e51603f4
2ab3709b
939bf8c2
1d708874
2475c083
5d859280
f7353287
039973fa
876a9f15
050a8c24
0175a6c0
bbd21e6f
3299da11
a751269b
96c88c09
d6ceea7b
bca1ce9a
394be0b9
ae63a87f
e62e6e33
37baa378
e9518b71
9a180567
092a5684
2a586667
a16430d6
b6d213ca
202605a3
f390b73b
64b6ab3c
3b8a21e1
832a13c3
a685966b
377b55a4
d655a63b
4143635f
0f3bb77b
94325d79
81897229
004171a6
ccbdb24a
6ad64ec7
1443b33e
59770c8b
404499c9
f57958a2
15938c2a
90eb3937
3b12a5b6
72303048
54b3799c
c2174c5b
82bdb0c8
631a0f5c
9c17a775
abd6baa3
cef7c836
447de4bf
9c5d4493
8ea22d1c
bdb4e4a5
8bc41ce2
c64cca3b
410bd6b2
b353af24
08477827
8e350322
619e6031
20e16995
1e35b40f
c73a5990
53b36b53
08633077
82ce7578
8d5bb291
3b388409
fb215446
20310b1b
8eabe3bb
0a412eb7
1654a182
8363c79a
750b8382
78f314c6
89b9238c
82c59479
bd847e3d
bc4206b3
f3a378b6
52702413
178e9a91
51e09262
748b8250
9e5fa3e4
9b1201da
46b6968f
485431be
83c54c46
55d16e73
ba4b6c66
cc0a9a23
44d5aa60
d1c0c178
8abb1634
6b8b278c
e5b5c3da
3b865374
8cd75e83
7b91189f
2b6834e8
682bcc5b
888b81cd
08126bb2
93143c04
b85c53c9
6033ab7a
09e9d6c4
a948dc1a
80549a37
83a7f96f
81721437
991fc8ca
385855b3
4a3fa751
91eeafb6
cc8a4a55
e893a284
61568373
75d9df02
2c04e327
c7505ca3
0d602594
46288c2a
166f97ba
b8f95c9c
3001c0b1
a5fd31f8
9eb24b02
5b224273
78310f50
35e49182
a208c294
126d8ea7
bc49f985
3c6646cc
50569205
22f25d71
006b42c7
e94cb52d
af018a98
4461f56f
a762a413
75f43c72
30096b5f
49b26457
2e68473d
7a2a56cf
d4026cf5
a40a36a8
4dcb31dd
6a698161
9af44d26
0395abfd
e234ba9a
c709d7a1
3b8a2437
8696a823
c0a0e8ad
0f317cdb
e3cb33a1
6e3a275f
ce26e17e
191744ec
1b22998d
a292e05a
33b87adc
42581e7a
ec68f7a6
f1166100
65d68004
0aaac647
956099c1
8965484d
7fbb3921
a9f55570
a8d5fc7c
e1b9fa05
083f4cd2
714092a3
6accb772
ca09a738
05e4121b
58c86b7e
cb1a283a
4ca5e371
3f7344d7
db50457c
6c4c874a
7d57d540
d69d2035
b2b8ed89
576ef498
1a383de3
8e802804
b055c347
49a60c86
66477ec9
e8bfd8cb
78f9a2ab
6ec44b0f
8b890273
455a0051
991cfa87
93578a75
58ac42e0
53785396
c0b19bb1
83e6683c
3f9a3b2d
f06315c7
03ea09ba
30755566
671617d5
9af94c9c
9e7277c5
dd676258
d93630e6
85539653
9bab3c66
51a13149
56423a32
7d4e1c04
52a946e4
9501bda7
a5a700d7
ba889250
386a3d85
9fbc559e
5252170b
21d5f154
9d8da772
445e85ea
b1e56caa
d8b35b21
cb4a1772
64550dcd
65cab964
19325772
2efc0ba9
f96da997
b29b0491
614236ce
b705639b
d3c67eb9
6ff846cf
07bbb81a
b5dec03a
2bf8f169
744666cf
037b63a0
91832e5c
87a31ea7
81b4f994
0082246b
05991a74
c4ef7199
c3625c03
35673bf3
a27d3d87
dc2979b6
1465415c
f4cad14c
af228c2f
fccf40f4
1d95a2f8
b19a1ac4
3ac3a464
37378594
c12bbe2e
0000000f
00000001
0000002a
00000002
00000022
00000001
00000020
00000020
00000000
000004a0
00000960
00000000
a89f7baf
b2934f44
936a2a1c
d9ac73c1
46804a65
5f0a0c2d
058154a5
57836b26
b552a9ba
b911d134
f5aa6ffc
a4a64279
c120a36d
140e3d32
9653e28b
df4131f6
68574ccc
aee3c45e
03264b5d
7c3f3fe8
73f75993
e832a049
81d5179a
211b17c0
c73c43b4
36c8b3b1
50b691a3
fec921d0
6bdf6a78
cf84cf2d
b2c67aed
c516c5c3
bf22e42e
fba5b3bb
14082904
a7e7ab8b
ec1fc387
66d1430b
51b0be0b
6e0902ea
980f15b4
54c5c6a9
07ace941
a7413994
8a514c28
ca8fa440
49f54675
2b54f55c
ce769312
188c486c
950a05ac
69074622
f9ac2187
4068daca
f69f99cb
a3e4a68a
cfa16ab7
dc385393
a4c78e54
21593632
7941d460
049840f6
55f2262a
b5678140
c89ca463
04519c57
c7b0a00b
59b5228b
7b15da0f
b2c46a4f
e62907c8
97f1adbf
774e87b4
740a0de8
7383b35d
67110308
55c92c23
35a58677
fc1d7b56
1a35cf18
80e3f945
a84959fb
06780741
aa188239
905bc821
121e86cb
6e56fc31
61cd028b
c001a1d4
39677790
249b3472
76e94360
b9a0cb1b
8fcbdaed
60c9b0d9
92dadd35
e976026d
cc687628
86296c95
0f11a44e
28876585
6c428da2
0dae1866
d1de73d4
555bee00
d58cb821
d7dc2b68
7472c465
b16d65c9
b5e70cf7
413a8c49
15c11a3a
22e1962c
a8c7a056
7ca699ef
78d41f03
a2e8f99b
b1bed6a8
e3e29d34
50e821cb
3d393663
45fc8587
adc3ce2c
35a862c8
494a02ec
a5c665b6
47b34861
343b8b96
c6588143
6497d875
446e5a3a
36d8da3e
b53452c5
fc5bcbf0
77c08b3b
c7138666
a7627a67
7c3c1db3
984e5c51
09e71311
55d49c02
3693675a
a74c7338
820b9590
739801e2
86e659c1
4b33fb66
e14913a8
b63f4812
9f8c5929
c38c2605
83d9a898
7df74d59
3423da76
9567c05c
1cf14bc9
51cfc223
c95d3e10
b629a784
2b13872b
bae18529
86c15a40
1f63f3aa
2b088c01
03ab3058
77b08243
654c4691
1c94ba85
e343b78e
daa27958
96409136
0eca5501
8805338b
c289241d
8b86a249
7ab4817b
8f9c0459
354e033e
02f21c65
ced89a66
7637728c
aaa116d6
aae9b08e
8936e673
a7928667
4ea4b7af
8f4e2638
9cea1ffc
cdc9f516
36629407
6901c5b6
2a459159
558ea6b1
fbe336d2
8153859d
858dd2c1
f3b03330
3a903e9a
f06b558e
d8a5616c
bce40073
a0ada7d1
5c130a9c
340b2d77
0e838ba3
476d3a01
6d44201f
98174ae7
570c74e5
04e6d1bf
a1cb46ad
42928990
c0a5e36f
a4891136
07a60129
ae9c6a10
1e56374b
db0062c1
ce900d0e
b8cb7a5d
878f639a
cf5b3a0d
69a34363
46053f5a
447b3d6b
b626b371
cabb9160
b100355b
44ca5bb3
b6e581e6
26543fbe
dd1afbf4
75e96e53
35db1baa
e0179169
ac14397b
06ac1f59
2565b17a
94970515
00fa8910
137a71bb
d5e0b2e5
1bfa0729
885ff225
f651b32c
bfc5019a
d05a160e
f3e42659
998a9b2e
c52fe1a3
d2dd09c7
51ebf038
bf01b47d
60669b43
04a19c85
b647eaec
718b0907
0e1a9f97
12993720
c5d45d9c
4cf2df42
a0c3d3ab
7c421305
4edc0a42
1082622a
26462f47
7bfa3b21
cc13383e
a56141cc
18ec0d98
841af780
4a1b4126
4fb32628
b050c258
eb620e86
7e631ab9
60a7377e
e0eda0a7
1ceb752d
ee05241d
47ed7f9a
b02b257c
0f4fbc1f
9aad48e5
6fc9a700
083f04fd
1a157fe4
6a9c4534
65f931e9
dc2d7e74
902a513b
1e079716
f1d286d9
b86427f2
d5331b2d
c2298568
5613a199
880d4eb6
3ee72797
fcb1540d
11461135
b252dc30
7fb2a9bc
8228bd77
8dd6bb24
f56e70d9
d59d9db5
6996b137
0645839f
8c497f73
72cb3f1a
1ca59804
01917402
3c26eea3
9c7d8410
335e6a09
25593349
1aa55cef
acc24681
27c329a8
6cc874f4
80f21424
753c8361
b7c5f9f5
69e88bd3
c9163c3d
cc0cc1a3
48eb0c00
0de834b2
2e6ae9a9
67506522
3eb7b4c1
fd7ce384
6002029c
8f96f679
88ab42c2
f4cb6150
92212d02
1a69f99a
c0948428
3f1aefb3
5454a766
69c36318
5e163a82
3b164288
c4a40337
19a5e7bc
be2f584d
795d0d6c
89621fb8
92c04c53
88027de5
6a995696
b75df26d
6908104b
9047e642
16815437
f3048cb3
43f23773
6cabdb29
1a242278
b91cee93
8b164988
c9eb4e10
4a7a691a
02630623
4498bdeb
a9578c91
0309a2c9
a8f06005
711ba92c
f4be84cb
88b7ae67
09b13e1a
866a70ea
c7e1475a
6b627f13
7d4f4676
a55d1a63
75c4f3a1
1bbf4501
954d58f0
4ef7eace
f127d8ab
59dc7e8c
c6bca18a
e029854a
e86e4e42
b3b197b9
7781f28c
272bb700
08080a09
e730b08b
80b2c971
00ec764d
d4544713
04474363
c12cfb2c
59ba2703
e7dcb7b6
98d47575
68109938
88072d68
68245da4
61989883
107368ba
b6169304
0b05d16a
92bd8315
b3ccaf5c
85c16baa
41bfa037
3f54f7b7
750fe37e
510c2683
8c6acd7b
d550b2f9
679a8a4c
b3e6d2cc
3e61f2f0
565b56c9
71243007
a3b8b533
037b6b36
9697f473
dc92ec16
c28f84d9
2293d97f
f8354537
f421b4a3
c0952325
c4950670
74982bc8
1e350c74
8b0d9960
b6777852
8ba05869
53224025
7356741c
b9a98bc0
26799cbf
710a8b49
74aa9323
0e0c6207
d06b264c
cae57047
22ba1376
8373a693
1db7c80a
e1ce7bdf
ca65567a
75b95ab6
1e7d594e
707e7286
28786d4d
d0b343be
ecf3923c
8460cf1a
777f74f1
451a707a
45726f71
c38d16fc
77376183
4841ddc5
f283ac19
634dad2a
a89a5b83
4959016d
a1b16854
b941ed4b
0d9ee901
e1a46835
a93848c6
28c4dbf5
f1bb3aa1
04487820
9134cc9a
f6e58200
0a55d157
d28b52db
25859969
c2494689
72408b1b
17d56df7
0e279495
fc6e90f0
8beac3c1
1082b820
d035101b
ea5e752c
cb01df78
42967098
5b07c2aa
5c24d64d
42cc4490
c8e99cc7
b2713034
34142ada
0afc64ba
7c138783
7988545d
fb2a10a8
85f11bad
a328b59e
074930a1
705c890f
21c9eccf
e7f76405
acfb502b
c8ad13e3
ac70bad0
7aea5657
2b83a9f9
d7aa07c8
7f683001
c20d2428
047f3f45
ce1c4767
b36581c6
22cb4447
be592846
4d622bb2
111d1556
74e4ee84
f69a9170
f8ad9a65
4fa36846
28872091
3b164fb8
1294ae83
a0af36a7
422f7220
bf682aaa
be71a964
a59faa17
903cb3b3
b5ce101c
d78f7eb2
72f90720
cc8c5231
7b690be9
39ac189a
f01a5034
d5052eba
06f6fbb6
9dc7acd5
da6f85eb
9c858c15
5b96513b
e927b042
7d88bb89
6f2e3c03
63f22d47
834acb4b
bf38a5e0
da7c88b1
637158cf
249441ce
d36560bb
2b60e21e
2c82ac9d
e43dad24
13259491
1f9e4cb4
dcdca9f6
98429b0c
7ead184c
dcd88075
6d70d492
e68b68be
51b1bab6
7843cbba
316358f6
61b6abbb
495c6f56
c98304d5
6615b05a
a84b57ab
bb02e866
9b1151c8
72211db2
c8ae4a22
e50f4d33
4e96810d
a89f7baf
b2934f44
936a2a1c
d9ac73c1
46804a65
5f0a0c2d
058154a5
57836b26
b552a9ba
b911d134
f5aa6ffc
a4a64279
c120a36d
140e3d32
9653e28b
df4131f6
68574ccc
aee3c45e
03264b5d
7c3f3fe8
73f75993
e832a049
81d5179a
211b17c0
c73c43b4
36c8b3b1
50b691a3
fec921d0
6bdf6a78
cf84cf2d
b2c67aed
c516c5c3
bf22e42e
fba5b3bb
14082904
a7e7ab8b
ec1fc387
66d1430b
51b0be0b
6e0902ea
980f15b4
54c5c6a9
07ace941
a7413994
8a514c28
ca8fa440
49f54675
2b54f55c
ce769312
188c486c
950a05ac
69074622
f9ac2187
4068daca
f69f99cb
a3e4a68a
cfa16ab7
dc385393
a4c78e54
21593632
7941d460
049840f6
55f2262a
b5678140
c89ca463
04519c57
c7b0a00b
59b5228b
7b15da0f
b2c46a4f
e62907c8
97f1adbf
774e87b4
740a0de8
7383b35d
67110308
55c92c23
35a58677
fc1d7b56
1a35cf18
80e3f945
a84959fb
06780741
aa188239
905bc821
121e86cb
6e56fc31
61cd028b
c001a1d4
39677790
249b3472
76e94360
b9a0cb1b
8fcbdaed
60c9b0d9
92dadd35
e976026d
cc687628
86296c95
0f11a44e
28876585
6c428da2
0dae1866
d1de73d4
555bee00
d58cb821
d7dc2b68
7472c465
b16d65c9
b5e70cf7
413a8c49
15c11a3a
22e1962c
a8c7a056
7ca699ef
78d41f03
a2e8f99b
b1bed6a8
e3e29d34
50e821cb
3d393663
45fc8587
adc3ce2c
35a862c8
494a02ec
a5c665b6
47b34861
343b8b96
c6588143
6497d875
446e5a3a
36d8da3e
b53452c5
fc5bcbf0
77c08b3b
c7138666
a7627a67
7c3c1db3
984e5c51
09e71311
55d49c02
3693675a
a74c7338
820b9590
739801e2
86e659c1
4b33fb66
e14913a8
b63f4812
9f8c5929
c38c2605
83d9a898
7df74d59
3423da76
9567c05c
1cf14bc9
51cfc223
c95d3e10
b629a784
2b13872b
bae18529
86c15a40
1f63f3aa
2b088c01
03ab3058
77b08243
654c4691
1c94ba85
e343b78e
daa27958
96409136
0eca5501
8805338b
c289241d
8b86a249
7ab4817b
8f9c0459
354e033e
02f21c65
ced89a66
7637728c
aaa116d6
aae9b08e
8936e673
a7928667
4ea4b7af
8f4e2638
9cea1ffc
cdc9f516
36629407
6901c5b6
2a459159
558ea6b1
fbe336d2
8153859d
858dd2c1
f3b03330
3a903e9a
f06b558e
d8a5616c
bce40073
a0ada7d1
5c130a9c
340b2d77
0e838ba3
476d3a01
6d44201f
98174ae7
570c74e5
04e6d1bf
a1cb46ad
42928990
c0a5e36f
a4891136
07a60129
ae9c6a10
1e56374b
db0062c1
ce900d0e
b8cb7a5d
878f639a
cf5b3a0d
69a34363
46053f5a
447b3d6b
b626b371
cabb9160
b100355b
44ca5bb3
b6e581e6
26543fbe
dd1afbf4
75e96e53
35db1baa
e0179169
ac14397b
06ac1f59
2565b17a
94970515
00fa8910
137a71bb
d5e0b2e5
1bfa0729
885ff225
f651b32c
bfc5019a
d05a160e
f3e42659
998a9b2e
c52fe1a3
d2dd09c7
51ebf038
bf01b47d
60669b43
04a19c85
b647eaec
718b0907
0e1a9f97
12993720
c5d45d9c
4cf2df42
a0c3d3ab
7c421305
4edc0a42
1082622a
26462f47
7bfa3b21
cc13383e
a56141cc
18ec0d98
841af780
4a1b4126
4fb32628
b050c258
eb620e86
7e631ab9
60a7377e
e0eda0a7
1ceb752d
ee05241d
47ed7f9a
b02b257c
0f4fbc1f
9aad48e5
6fc9a700
083f04fd
1a157fe4
6a9c4534
65f931e9
dc2d7e74
902a513b
1e079716
f1d286d9
b86427f2
d5331b2d
c2298568
f63522f6
34fd8566
1c444ea9
44101bf3
fa1849a3
d8503cf0
cd7cf4b4
8a7dd37e
65b1d194
96bb8117
5f4728ae
233ca661
95a7971e
cf260ebf
ecaee339
f257c69d
00000010
00000001
0000002a
00000002
00000023
00000001
00000020
00000020
00000000
000004a0
00000960
00000000
7ebd3b13
84d7b09c
9564ae5c
9b7ad7a3
52f63996
2323618c
496ea8eb
d6791771
4d8a91ce
2e19dc18
1ae8b4c3
3c243fc6
639cfce6
eab4b30b
b47330b9
b19ebc38
94e87b47
43a5c124
d860689f
e9413e81
46305e4d
193bf7ac
1556bc72
21d81385
4f385a1f
bbf510a2
93420c66
a83c53fa
b6ae8941
b9d9f9a5
674e1191
5820a210
2c1bf077
5ac3c01d
29916553
065cb9a6
db3a82e8
863e9865
38ba5da6
2b3eac76
1a630259
a71880b7
747b7519
e86bb671
730bbc90
af2e5150
5683a256
15d63d4c
32866218
26365b74
c91298c2
cfba181f
8a3e28b1
9aea609d
bf78e5c4
7ce373b6
80391276
f16092d0
9a4a44eb
12748a4e
6bb0d02d
e4146b88
33b68d75
bbb08bb4
93d8b15b
ba008c85
3036a3b4
248a3c0a
7a240936
ef84d93e
a8083a0b
0e5624a7
06bfc016
d5da1012
8d97bc83
9ca0d692
c249af28
8302725f
187599fb
e32a33a5
1db50e52
6d67e6df
01efacaa
13927822
391b033f
7c351fe8
3cb92192
9c1403dd
175dab29
90b63d0a
db2bc38a
77412869
b7d21835
34ba9359
194243bc
a99a320f
22b0988b
a5771ad4
5ab81e84
b710ec09
94e709e3
52c7b35a
f862a2b1
f86c2222
ab6add9f
e30f53cc
652340d8
c4b3d23c
2fcd752e
a6711a50
4a646329
f0301631
61c0b76b
708405c5
b7a5077e
5b0b8fd6
29e16603
9c1da30a
f6155833
0978db69
3c0aa622
493b744a
a3678986
5e67441d
ec8e618a
5524cdc3
a86f446b
38852e5a
a214e0b8
f0991154
11b96ae9
9356e850
4790815d
cc998ff6
40d18b4d
1272102c
b46b7e60
8af28db3
621b992d
d0f510a4
cf819e67
43cf13b4
f776cbd0
12b2d5b2
050c3514
630a2af5
346210a4
78c5ecf9
eae4870c
5dca8e1f
3bba26d7
043a28e1
b516d058
21bae288
33988943
34d2b494
8453db01
e0e41f00
68f93e41
8313c44b
c3ed8fba
20b9bb19
36048434
ca6bc360
7e5ba990
2153c9f5
d3bd59d3
bcf6ee48
e06dc3c2
623ea06a
c8127ab1
7c68ca3d
f73ba52c
47fc678d
8d7ddc54
09f91617
1b6a5729
439e4a76
f4fd1f91
5b97d131
8ebf1c35
d48049aa
ab51c289
d175d04e
e2de47e6
0d325e9c
08b71109
f7a3b629
0979642a
ca198ace
7bc39a17
2e00107c
866bfaa4
33b15c45
84a44062
1357ea02
80cf7ad7
bee5971b
a0705256
b53c8d64
3f02ef5c
cb0f8b4b
82115566
8107149d
0713b629
6755b362
060b0b1f
e10db03d
34b1322a
c7303e8e
dd4b62da
1a300277
3de980b0
ac6797cf
e8c103d5
9c06aa1a
4a93757d
3c6c4489
23b0c738
68077b1c
ba9da9fa
291c1d15
51b94047
b1067017
2d336f0c
7f07c324
94fcaae5
0cfa2d4a
4c1d1926
54aa4c16
85b656be
efaf1095
e6787e76
0dd909c8
9f0e10fe
9c3d8d30
0330b114
fcc105be
b8528a97
2da31833
27205424
05ec052c
4bb5771f
aebfbbb4
a11d4457
6c55b354
8831d61b
c5fe2350
b92b2352
640981bf
884b7a0b
9fbce742
190d6070
56298c08
495149b3
f32e2494
e2b3837b
1d206125
a34d33f0
41956ff3
4223c96b
2e39783d
d080c04c
bac6663c
029244c6
78ee7709
9ba9b47e
b1c156a9
6b7b2e70
59519a74
e07132ec
15f8a834
cad1309e
dbc7466a
23e33254
cd0358c0
20755c96
08b85e32
05c6597c
f7a7446a
79ffb02c
1589781d
5f9a8415
13bcb749
11a7df6c
592c90b0
10fb96e1
4574ccae
94b9720b
625b22af
85f6fadd
cc740f00
135f6790
0d038c91
311af96d
7958ee88
694b552e
f49c5c93
9089fa23
f91b75c1
42fb1659
22b0ae38
f47a6008
c68d1bac
40ba0303
3ac0107e
fca401dc
a5d82ba9
949ba779
a6fe55e5
79379e93
9025d673
25c81b4b
caaa3d10
8a146bd7
132e4343
278a604e
72a70005
c522956c
4556fe00
a37dbccc
e32e5b69
ccf98719
4f171608
f71d1c64
6f738ea2
e520060e
a8f579b4
32197210
3ba522d9
d31cab1b
46835790
7e4ac781
78ea3de7
3acb205b
5b91e510
366f4363
62e8b0a5
ee07ba10
d3df85db
88273698
02749aa6
5300bf41
06b65490
bf03c225
41dcc599
5660dbaa
fd29c46a
7a153a30
65dc6aa0
15b729ba
d085cd4c
885b237a
5f7636b0
c96369e6
c4330882
a86f0071
ac1b21c2
42d1c428
6e3b6963
f9fb0c2a
7c1aa255
f323989a
d9d04194
0900db57
de44a934
29077d25
c653cf8f
981c39cf
19d4c0bc
8742024b
d3c7a881
c1423c01
b747147c
db43219d
81358b64
68a27b39
b1adface
cc42a932
53e8a26f
74566a0f
d4b974e2
bd10c5c6
8f23fa2b
64452f51
941c859e
8e460342
3b5fa193
bc22cb3b
b11694aa
69d06171
0361a957
5ba208f9
636237fa
28faf170
d312a474
ea1d7810
5c0927bf
6cbd0122
66facefa
ba50468c
c233f175
66e0232a
54dabdca
42a5a116
f3e26822
36b3768e
1a068aed
07340d17
26a0202d
3e62d48e
52da5e90
6a592b97
91204383
a1773303
69635cbb
18230a37
e97c1f14
30fd0025
cd7b1cda
88db1d2b
8fbb8a9a
786a053d
7a3027aa
006720c7
3906d91d
b16c8094
59e31cb9
de330cd1
02f330b4
87f8fa05
906788be
258ba056
6e82734b
42458338
399fa0b1
558cb9bd
7135f5b5
3119002a
059bb755
03495cd3
e9d63985
3f3157a6
fe685c88
750a0410
a7a3f434
6d42958f
cc0e8a8b
bfa89930
5843abd6
6cd30da5
10808625
00956c8f
d5cfa753
9b6a1436
6db0ea64
d0d699ea
cec31d08
42923432
34897801
9b78fdb2
2e9149cd
2c6c0599
6ca54088
4b60e69b
77517583
10016633
e211f0ed
d519c08b
82678c2c
0820bc79
324bc38a
c908943a
b8a22827
405f6d4c
75c20a79
41a764af
74300cd8
a961e459
c1a062a7
77de03eb
b088361b
0fccea7e
caaf404b
48e2098e
be20d049
2b515577
6309e3c7
946c1bbe
61bdc281
6edc7a2b
7c7a4be0
4cb72b06
cba2be99
877f8ae4
c4ef00d7
09a38696
a5541068
30d54930
856c0fa0
5147b0f8
85c70cfc
a42823b4
393dfb0a
710d0631
b6359563
5758c43a
e58500c0
85a85b69
7c6a8b83
b936a425
01425518
5f6f61a6
31a13d1a
939c2bb0
8a6dc08c
660d06e5
7423a9ba
ab9c58dc
a5c08e60
8719b03d
912708e3
8904aeb4
2430d025
ed35f219
4aebbf8b
13167ece
b07e97ae
f97cc9b2
2640553f
053c3009
79e9ad58
4eaccd0b
5cc1c6f8
71da5d51
7bc2d2cd
177ab828
8304688b
1881f479
19afd2ea
42dbc851
93db54c1
6dab33f1
f0c49e35
9446ba06
53700afa
4711a454
2f200a89
e81437d8
18982e42
aa3cf331
3fafc4f6
9b76c755
306c90a0
47818279
76cb6eb6
40900cc6
8f2f6b78
38217139
b2f9c7cf
fb75d5d2
d64171ac
10ecabb0
13b1747f
56445449
255188cb
88a0dcb0
e53e6c43
0e6b6f4c
5c382360
cc2eadf2
6b71ef6f
b5bd07b4
90e60508
c7881cad
3580c8f1
d63495ba
c1777e68
07000906
00c020d0
76475548
0d9c9764
d9b51139
bfba2945
7ebd3b13
84d7b09c
9564ae5c
9b7ad7a3
52f63996
2323618c
496ea8eb
d6791771
4d8a91ce
2e19dc18
1ae8b4c3
3c243fc6
639cfce6
eab4b30b
b47330b9
b19ebc38
94e87b47
43a5c124
d860689f
e9413e81
46305e4d
193bf7ac
1556bc72
21d81385
4f385a1f
bbf510a2
93420c66
a83c53fa
b6ae8941
b9d9f9a5
674e1191
5820a210
2c1bf077
5ac3c01d
29916553
065cb9a6
db3a82e8
863e9865
38ba5da6
2b3eac76
1a630259
a71880b7
747b7519
e86bb671
730bbc90
af2e5150
5683a256
15d63d4c
32866218
26365b74
c91298c2
cfba181f
8a3e28b1
9aea609d
bf78e5c4
7ce373b6
80391276
f16092d0
9a4a44eb
12748a4e
6bb0d02d
e4146b88
33b68d75
bbb08bb4
93d8b15b
ba008c85
3036a3b4
248a3c0a
7a240936
ef84d93e
a8083a0b
0e5624a7
06bfc016
d5da1012
8d97bc83
9ca0d692
c249af28
8302725f
187599fb
e32a33a5
1db50e52
6d67e6df
01efacaa
13927822
391b033f
7c351fe8
3cb92192
9c1403dd
175dab29
90b63d0a
db2bc38a
77412869
b7d21835
34ba9359
194243bc
a99a320f
22b0988b
a5771ad4
5ab81e84
b710ec09
94e709e3
52c7b35a
f862a2b1
f86c2222
ab6add9f
e30f53cc
652340d8
c4b3d23c
2fcd752e
a6711a50
4a646329
f0301631
61c0b76b
708405c5
b7a5077e
5b0b8fd6
29e16603
9c1da30a
f6155833
0978db69
3c0aa622
493b744a
a3678986
5e67441d
ec8e618a
5524cdc3
a86f446b
38852e5a
a214e0b8
f0991154
11b96ae9
9356e850
4790815d
cc998ff6
40d18b4d
1272102c
b46b7e60
8af28db3
621b992d
d0f510a4
cf819e67
43cf13b4
f776cbd0
12b2d5b2
050c3514
630a2af5
346210a4
78c5ecf9
eae4870c
5dca8e1f
3bba26d7
043a28e1
b516d058
21bae288
33988943
34d2b494
8453db01
e0e41f00
68f93e41
8313c44b
c3ed8fba
20b9bb19
36048434
ca6bc360
7e5ba990
2153c9f5
d3bd59d3
bcf6ee48
e06dc3c2
623ea06a
c8127ab1
7c68ca3d
f73ba52c
47fc678d
8d7ddc54
09f91617
1b6a5729
439e4a76
f4fd1f91
5b97d131
8ebf1c35
d48049aa
ab51c289
d175d04e
e2de47e6
0d325e9c
08b71109
f7a3b629
0979642a
ca198ace
7bc39a17
2e00107c
866bfaa4
33b15c45
84a44062
1357ea02
80cf7ad7
bee5971b
a0705256
b53c8d64
3f02ef5c
cb0f8b4b
82115566
8107149d
0713b629
6755b362
060b0b1f
e10db03d
34b1322a
c7303e8e
dd4b62da
1a300277
3de980b0
ac6797cf
e8c103d5
9c06aa1a
4a93757d
3c6c4489
23b0c738
68077b1c
ba9da9fa
291c1d15
51b94047
b1067017
2d336f0c
7f07c324
94fcaae5
0cfa2d4a
4c1d1926
54aa4c16
85b656be
efaf1095
e6787e76
0dd909c8
9f0e10fe
9c3d8d30
0330b114
fcc105be
b8528a97
2da31833
27205424
05ec052c
4bb5771f
aebfbbb4
a11d4457
6c55b354
8831d61b
c5fe2350
b92b2352
640981bf
884b7a0b
9fbce742
190d6070
56298c08
495149b3
f32e2494
e2b3837b
1d206125
a34d33f0
41956ff3
4223c96b
2e39783d
d080c04c
bac6663c
029244c6
78ee7709
9ba9b47e
b1c156a9
6b7b2e70
59519a74
e07132ec
15f8a834
cad1309e
dbc7466a
23e33254
cd0358c0
20755c96
08b85e32
05c6597c
f7a7446a
79ffb02c
1589781d
5f9a8415
13bcb749
11a7df6c
592c90b0
10fb96e1
4574ccae
94b9720b
625b22af
85f6fadd
cc740f00
135f6790
0d038c91
311af96d
7958ee88
fc303268
268c9da8
cfe9b31a
cf0627d5
92e4ec94
53dff955
c51c0769
6ea80bed
e4beac0d
cd7c14fc
0c739f7c
e4e7dcd4
c1405a0e
adff039c
51db9b7b
5ca46fa4
00000011
00000001
0000002a
00000002
00000024
00000001
00000020
00000020
00000000
000004a0
00000960
00000000
d9235376
ba631705
8346cbc8
cb506cf5
a8ce1d80
aa2911a4
677d200e
9b2c9114
4edae447
4617dbf6
15f8c086
5cb83064
7064b90e
d1497313
0d63ef33
c90f12cc
b86b0bf1
39045f08
54a6e1ab
f8a01d47
0fa50367
1479b873
2ce573b9
80331b47
33b1846d
fc1192c1
7fd82cb5
c7963b12
1af9ab01
6553b865
90412aa3
e964a2d8
895aba9d
fa7e4482
81d07f42
5866dd9a
a816b045
e2018647
8262d603
f690a7a1
2cef0300
5f92c9be
740772cd
c95269cc
5881f96f
fa78a1f2
da988097
a6921606
435d79d3
3bd7ca37
3e57d929
f0779a80
10ef83b0
7896f729
461febee
6030b682
c0323607
ffcd6936
08d213c0
c14a0039
586de6d6
01ad3a10
2ce3051d
9d73891b
6b631e40
63c07e84
a2a52bf7
718ec2ac
b006f950
00b37499
d4ae5f75
5707d18c
79b82579
92158793
4ca6f961
f328bcb9
72be2299
4593cd06
854f4af3
e2383bd5
78c25c1b
2c81e335
db028614
ae08411b
f387f686
187399a1
54d5a156
3b50c797
559058a9
6604f4ab
a506c35f
caefa251
cf7536be
1f10b363
9ca34a1a
7c5c7d41
d036431b
9bea07c6
8e8472ac
b942a5f1
f20cc5f1
7de21e3e
497f2453
d997500a
8fa79175
00b639b2
e4c46c82
5cf23b84
f8bd2720
35015c87
8893aeaa
5cc6e975
48d0922a
caaa4b5c
d48ce8d1
b8792a55
0b47be11
a31bc807
f80a9c23
2c441c27
b31bfb4e
943c2c65
4ba40b3b
3ca137b9
119d53b3
1b24949b
6176f6d9
0ce152d0
bcd05864
84b35818
f7e55710
6c779e6f
e7b64b19
50680ce0
84d01113
359daaf9
9ac823ba
c80a61c7
8943192e
a71e2159
7d91e4c5
19398bcb
466630c6
727b2890
de590297
53030950
897511a6
084b379e
42933ec5
c14045a0
c6a9a7d6
e04a08bb
367bf281
8f67e234
784abe4a
4a590b87
9f27502c
7641cb72
c969b595
d1ab46aa
16e2a538
a60cc062
2d4ad0fc
e7925f09
c96248bd
dd98dc1d
01be5e5a
57acba1b
1875e8c7
4c283742
08b00113
1fa5a751
895c08c5
0381ce27
3c40f5d1
ac3000c9
154b574f
4a11e12d
624e0b5a
12c61da5
0f5fa472
e4f22900
2e97f92e
e9aca573
a205cd09
58dc9463
b7130bd6
49ab1b57
43a619c7
adb98353
3b5f93bb
831ad54b
06346394
64aab0d1
b9a7ce51
e116161b
8b189adc
81eaf8bf
d0a4832e
e6a2708a
ae28a26f
f258f81f
08613648
0507805c
d920784c
362fbfb7
76e11a44
1398fc49
55a83765
1faa2ca6
1c683400
e4bb80f2
a908a1b2
01afb71d
928ecb70
9c252b72
f251c6b4
a3c67007
94d01b0f
aa4e319c
4aff393b
c9e22621
6fab2300
ab2b8713
8536d812
ef3ba1c5
fcfa3cca
885cce6d
b220f735
87e82185
55504463
7e619810
94b7cb18
a7076e5d
9b595489
24d69f71
815af615
a9c9c468
e0711cda
6616c239
26805985
82214ba9
2538c4c9
051ee8e1
7c5358a1
54146f89
9e1efc12
4279c42c
2ed5fead
3c61c5b4
202f61a5
b3faa8cb
40b40b46
43245c02
96a01b4e
f18e7518
0bc33498
caeb615c
291ca163
c0c705cb
46919f80
b6b833e1
dbad1377
49ba04cd
21068c6f
43e03ae7
87ca265b
7e2779cc
07ae8916
72f6f881
6ca74428
58b43504
c5b56f1a
c44bdaa0
e95484d5
98e26ccd
02908c7a
425db549
ad461f2d
ec03b236
928fbd2a
c29a66ae
8cc4e6fd
76673f12
1e212207
bbcc84ab
4897a2fa
663acc90
a163558d
2d19b405
0e98cd53
0d4dc893
5eaa92b8
79d6efce
a2c0a342
ab8c1b6c
71a1c8a0
24fd1762
844a47a0
2bcab310
1a91a63c
be6722bd
52053857
36c81bf3
c2d6fea3
1c27b6bb
7abd1f70
906bc568
0910328e
d741420c
21dbe71a
eb5077d4
2c1bbc08
75fb2daf
e683246d
a709c177
40946445
7240402f
cccd11bb
63d0aa57
2c16619c
8b35c755
25953a14
4ca6d2a8
f300a2db
59399573
2a3e9be5
8a75ad71
aaf3c0bd
6e40d785
7254402b
16d4335a
ea2dd46f
66635a47
0257572f
1b1e38f0
83135793
1b2c4e7f
457a3ad7
f93e0ad1
013380af
d78e2cd9
233c8336
01a7b4b4
0a30c4c5
c03ca062
67a0999b
8b78c9aa
1c994813
80b85c40
61ad7214
d66b614b
6449dfba
b4034369
86b65fd9
9329b5bd
ce9bfcaa
c9884086
7e2277bf
f4a0fbbc
84dc6fa3
aa662d00
e219fb67
e0b21f5c
c500075b
398eb0c7
d744240b
5acb7837
1b4aacc0
d5ae5d5a
ccf38cad
1b5cf4ee
8343785c
b26b944c
b2671cfc
4183c946
07a38360
f699aad4
e1626cf3
2d4bdf75
8608ac74
83c27cf3
09d820b9
a90382ad
d3af468a
5c60f851
0864f0cf
ec826fe6
4db1f463
116cecbc
a22f6e69
cd7ccb80
7fc3a4e9
6c3e9a1b
a3e437a8
04cf6b90
e63707d8
6485bbc9
b4a5f45e
14ecc90a
5ccc237c
fc4eca2d
a8855277
b5e1680b
e661b6e8
bc97cec6
77a7e733
5c65da92
e1234732
cf6139b3
abae79e5
a1d6a66b
547c7063
a8459533
970211d2
c1121760
9f2433dd
fbd16d16
c5195955
5282b8fd
fca62354
3f72b681
f230600c
c6559e51
4ecc5e0a
040573ce
7528a6ea
7e9cf71d
c61be8e9
22a69ae4
2cf9037b
515343b3
89c59355
84029c89
512de4c6
a89f0436
150940b8
a97116b4
b22e7acc
7c389649
915968ba
1aa7caa7
9fb13c32
880a0c3d
e00ca2c6
b25a309c
162fe369
fabb979b
b276e800
f093d71f
a7d7b0e2
b6daad2d
18b426db
2331210c
52d1d037
99316465
846b3922
8d3c4e14
1ba3fb54
c8233148
2c83f047
4a15ecdc
27441b4a
52512e66
312d1a5c
a14d85d9
c46c5b7f
e9a70715
86666190
705c8c75
485e63df
01b0999a
43c68d3c
1cb8323d
d59bc42b
c4320c60
898999cc
2c807848
942ace4a
f046c93b
aa160b08
28b477ad
69ac5a2a
85fb3da4
4a4757b7
9f401841
09e7646b
04914c69
9005fa4c
517cb817
98eaaf01
457d6663
a8b77846
44e4da0b
736c23c7
c787cd1b
60dcdaa9
7c19885f
587f1d31
14e8bebd
225a34a9
dc0173a9
54e25db3
2d11fcf8
3ac133a9
c231cf8c
0f68583a
015403cb
66b31513
e78f6851
b7219554
8765464a
af3a5227
827884c9
01686609
5939868f
f7743ed2
0bb6eb29
14226aad
52041038
58d27346
bfa079e2
4919c4d2
5658c9ac
7a2c5a7c
0b637098
74487a55
1b87a60c
f5b66293
8c7c1719
38c53243
04d3be68
391bb33c
06b79b00
d2918afb
09e40da4
8d3447e1
848a4247
2108fda9
aa6f6af9
5c6701e0
baf77d48
24b88811
3cd71882
9e09f6b0
e6402647
d5297584
39d102c3
bf0199b9
70fd1467
3497cbbc
49b8481a
c89ea90b
8ae261c5
4087345a
e5eba52b
4e51d2c1
12a8e33f
cc67a669
2c735250
dc7f7ad2
38be03f3
cad629ce
d251e86a
38aa4726
2370d24d
3f5a6aab
147b944a
7707aa1c
617f9b7a
77e359d0
4240f420
a14d963c
c0be4fa0
48a8186d
da94947b
1bac8b47
4909df45
4c734a76
18463a0c
8816af6b
1f2b5a48
a5614c36
4eb9883a
d9235376
ba631705
8346cbc8
cb506cf5
a8ce1d80
aa2911a4
677d200e
9b2c9114
4edae447
4617dbf6
15f8c086
5cb83064
7064b90e
d1497313
0d63ef33
c90f12cc
b86b0bf1
39045f08
54a6e1ab
f8a01d47
0fa50367
1479b873
2ce573b9
80331b47
33b1846d
fc1192c1
7fd82cb5
c7963b12
1af9ab01
6553b865
90412aa3
e964a2d8
895aba9d
fa7e4482
81d07f42
5866dd9a
a816b045
e2018647
8262d603
f690a7a1
2cef0300
5f92c9be
740772cd
c95269cc
5881f96f
fa78a1f2
da988097
a6921606
435d79d3
3bd7ca37
3e57d929
f0779a80
10ef83b0
7896f729
461febee
6030b682
c0323607
ffcd6936
08d213c0
c14a0039
586de6d6
01ad3a10
2ce3051d
9d73891b
6b631e40
63c07e84
a2a52bf7
718ec2ac
b006f950
00b37499
d4ae5f75
5707d18c
79b82579
92158793
4ca6f961
f328bcb9
72be2299
4593cd06
854f4af3
e2383bd5
78c25c1b
2c81e335
db028614
ae08411b
f387f686
187399a1
54d5a156
3b50c797
559058a9
6604f4ab
a506c35f
caefa251
cf7536be
1f10b363
9ca34a1a
7c5c7d41
d036431b
9bea07c6
8e8472ac
b942a5f1
f20cc5f1
7de21e3e
497f2453
d997500a
8fa79175
00b639b2
e4c46c82
5cf23b84
f8bd2720
35015c87
8893aeaa
5cc6e975
48d0922a
caaa4b5c
d48ce8d1
b8792a55
0b47be11
a31bc807
f80a9c23
2c441c27
b31bfb4e
943c2c65
4ba40b3b
3ca137b9
119d53b3
1b24949b
6176f6d9
0ce152d0
bcd05864
84b35818
f7e55710
6c779e6f
e7b64b19
50680ce0
84d01113
359daaf9
9ac823ba
c80a61c7
8943192e
a71e2159
7d91e4c5
19398bcb
466630c6
727b2890
de590297
53030950
897511a6
084b379e
42933ec5
c14045a0
c6a9a7d6
e04a08bb
367bf281
8f67e234
784abe4a
4a590b87
9f27502c
7641cb72
c969b595
d1ab46aa
16e2a538
a60cc062
2d4ad0fc
e7925f09
c96248bd
dd98dc1d
01be5e5a
57acba1b
1875e8c7
4c283742
08b00113
1fa5a751
895c08c5
0381ce27
3c40f5d1
ac3000c9
154b574f
4a11e12d
624e0b5a
12c61da5
0f5fa472
e4f22900
2e97f92e
e9aca573
a205cd09
58dc9463
b7130bd6
49ab1b57
43a619c7
adb98353
3b5f93bb
831ad54b
06346394
64aab0d1
b9a7ce51
e116161b
8b189adc
81eaf8bf
d0a4832e
e6a2708a
ae28a26f
f258f81f
08613648
0507805c
d920784c
362fbfb7
76e11a44
1398fc49
55a83765
1faa2ca6
1c683400
e4bb80f2
a908a1b2
01afb71d
928ecb70
9c252b72
f251c6b4
a3c67007
94d01b0f
aa4e319c
4aff393b
c9e22621
6fab2300
ab2b8713
8536d812
ef3ba1c5
fcfa3cca
885cce6d
b220f735
87e82185
55504463
7e619810
94b7cb18
a7076e5d
9b595489
24d69f71
815af615
a9c9c468
e0711cda
6616c239
26805985
82214ba9
2538c4c9
051ee8e1
7c5358a1
54146f89
9e1efc12
4279c42c
2ed5fead
3c61c5b4
202f61a5
b3faa8cb
40b40b46
43245c02
96a01b4e
f18e7518
0bc33498
caeb615c
291ca163
c0c705cb
46919f80
b6b833e1
dbad1377
49ba04cd
21068c6f
43e03ae7
87ca265b
7e2779cc
07ae8916
72f6f881
6ca74428
58b43504
c5b56f1a
c44bdaa0
e95484d5
98e26ccd
02908c7a
425db549
ad461f2d
ec03b236
928fbd2a
c29a66ae
8cc4e6fd
76673f12
1e212207
bbcc84ab
4897a2fa
663acc90
a163558d
2d19b405
0e98cd53
0d4dc893
5eaa92b8
79d6efce
a2c0a342
ab8c1b6c
95380de0
c1c9d457
557a9aa6
33ba91b6
cc861c44
241e5060
a363163f
4186f6de
ba1a2a4c
9ef8bced
503087de
9cb562e0
22849727
d487f15a
4172bc96
e62f6ddb
00000012
00000001
0000002a
00000002
00000025
00000001
00000020
00000020
00000000
000004a0
00000960
00000000
529e649e
87227fba
54a63c63
91c3aabb
020bb2a1
9fd117a3
2fbc1ade
2c4baefc
5bb88825
d69030cd
6ba9c6cc
4f554eb0
67159c28
6cc989c2
42e83fa0
ab15854b
e866854c
9c337a7a
ba85fbe8
c6ff083a
5e13ea37
499b253c
fca0825a
7db2cb26
6d4bd1ef
20b817b0
26fb8867
868fbb2d
23d024f6
03db6732
3f3cdcab
ac99b5b0
773cc974
e479d5d1
b77c9b83
4e32d26d
2f5e6838
b3b36bf5
b873182f
d31aab3b
147258b2
c3bcc4c1
8b018b73
76293473
3dc7d958
474becd8
9c7d9c46
b5c83756
fe39b35a
334619c5
72f59227
3fb8b97c
c5dd2d9b
39366b7d
763aaad3
7a23ac59
4b62c343
cf4d3a26
70a048a2
62991663
1044a471
f3546688
6442286a
690285e6
8b37435c
3adc611a
ba1574b6
95158308
bbb87c88
89b9c7e9
25b59cc7
9a9a1c4d
dc6a9603
89486e75
4fbbe753
8abaf857
1c6da4c6
78cb4237
0c564513
7ce9a6c6
cea0835f
f4c1784b
786c3b5c
70732594
1d6be2c5
f2d0b892
bfc0feb8
bd5c21b9
ccf042d7
77cb7d6e
9c4cf251
4869a3d7
23e5f057
fda701d8
1bc25014
20921729
9476cbe4
4bd33e81
a4c7478d
8fc49cad
ac9ba36b
9c441626
f13f8a26
a51fa068
6e898c7a
918b65fa
f613bca0
55e90e07
5c44d3d7
a522b8a6
24014aad
1ead44e2
223492b4
04d7b60f
0c977b96
572d0392
cee21a5b
d658531d
d1df3cc9
26533b36
972d0a27
2a8d8936
79dbccb0
d406baab
d5403da3
c271ba83
69adeb88
7b800501
11f52686
2a7a60c3
e63cb105
444cfd6f
0e0e75cb
5223cde7
94f93f46
28cf2a8f
9a77b893
b9c1d99b
8783247a
9ac563d1
854a7f25
c002da22
f2ffa44a
0378bb87
435e19ff
e05f2780
a5327d3e
6f3bc869
330017dc
58935329
19c00117
311da723
9f14a01b
2279c3a5
e3925c22
4ee3a5ca
fdc4e5a0
b3857445
54b7304c
8a0b644c
b5236d4a
2af8e4c9
1418c953
fbb08a06
852289b4
223375b7
1797caf0
12085a66
ac3b1516
646e2765
a94bb08a
a03e131c
725638c3
43966b3c
ea6d78fe
c92b812b
a2723b74
1a6e311a
559b666c
c2bb3cc8
5bb47612
a2b263b4
035237c2
ab48f0c5
522d6528
b731156f
c08b8ce1
f1c19652
0b299dbe
757742a5
02771437
5c667668
a9413caa
cb6e459b
0ab10180
d04936a6
d7853847
67dc669d
6b612591
06cd0fe3
65fc9094
3139fc7a
03a68642
2013c663
a7792b09
040a78d9
9066b0a6
a2b623d9
c2e2a29c
4db55b37
e9623137
909a4508
13ca1214
27038ab1
a98baf8a
3eab4715
fa96170e
88a25f10
8f3a4844
e67b69a1
d5d8b465
5ed6dc26
fe583968
c3f08ee4
47d1893a
4e5c44d3
9a79a57b
51595238
007f673d
e5eec0fa
1f7cba11
42b8abfb
f8be8979
0f15a427
829de3f2
4a4593b1
90c40913
94297048
25ce89e0
94d4e244
e881a16f
76e121c2
9ba9001a
c22a33d7
39926949
6104dc6c
986201c8
08a8145b
6e024249
27b7055f
161c8963
17f3aa2c
dc5f57d5
fbe60130
b698b24a
5c45cc66
7ad56641
323cb5cb
3e9066d0
3a257b12
62d487ad
75118a54
53388c17
84a2c386
41170552
0b49a875
5590f9c9
a723e4b2
e243bedc
9dc5d95c
172ef01e
e8e08a31
76e92467
2f7561c0
d2b87c1c
14a94725
eb071747
2a535e61
9902eeca
5f94b1a2
68b92637
238c3254
057bc9b3
74788490
7f43b86c
22bd0036
45245d47
4c258434
e607d492
0f3f1979
59f48642
497b590d
59ee8c00
051f2630
460f0952
0bf62026
89688b78
96728d45
9718f92d
a593d2f3
dada443a
b583b405
57005245
f35f99f3
9655f38d
e88540be
a55e727b
c1973c5c
ed52ea93
dbc78fb0
4cd297b7
2c1b7c37
75fd28b5
869c0c22
a5b12346
64f67b37
a6a5116f
44b422df
54d67e56
54b87410
e853d0e9
33b44c30
1db8126a
be1f5711
788e82ba
7d46366f
6970166a
55244937
427872c9
199d9686
4b897b65
a5ac1e49
04cc34a3
5bb09ca4
84e86a0a
b7cd24f3
21543dfb
98cbbd06
371d62f9
943f44cb
7ad29749
00b79a5c
2b529853
153a2f1f
2698a642
d8960c89
b0673786
55338892
b953a425
5133f106
ae23667e
5ae64fb9
7e25f31f
1046350e
c75423d4
4423979b
833c7519
26b79443
9336f439
29163a4e
c34e2397
68822c64
8e53d108
f05a53ba
397c2791
427d7cc7
5b368af4
91913ba1
bd3c43aa
17567f42
3b405ea7
6f175c51
d8bb0240
cc62cd50
9b19900f
53cd8f89
86f18282
8e04b706
00bb3c44
8a9b1865
ab69004e
d04b4a47
1d48b3c3
f7ace1a4
989074a4
8ca62c43
43b266bf
eb7b64f8
5ac477ce
744e4885
8bee9505
89877bc0
677d77fc
943fcbda
27b9140e
7a87476f
35adb7f3
a787a429
77040827
10d3597b
1e06c8c3
5f5179b4
68bf90b6
3c111342
315246a9
5741086b
be76bd74
3575c219
141e96f9
1adb1128
862626ef
248b4038
ce885fae
6f95209d
3a705ee6
6d120aaa
9489dca0
b808c749
8e691948
02a1c621
a12e7466
962a2d9b
ecb038ed
18156ca4
a459dcb4
13283c1b
0cbf9e48
34d2cd1d
4f84ec3d
4cd01b0b
c9fc5810
345cb4c9
62ff0947
3951d59f
247a2712
f47bb7b0
112d0022
8fa90b77
b60f5d22
3fc8db44
e85bbb7f
4c8099ba
11c93341
9aa0a1ff
c82a973b
9cd9532a
52709423
f0f180f1
0c36385a
6b3500c3
8b61bbf8
014c204e
94cc6510
889094d4
9854c348
ab2c251e
b4ff1a36
c587134a
4169b729
3798c601
91e7ec23
11912748
c8c218cb
8898429a
a9b33817
d18eb4b6
bb73c093
179a56b3
b8380450
6da87400
e41dbae6
ac9f977b
7399b115
3c20a187
6ae75a31
38a2ffa0
4968aa13
ec127530
0dd85333
410837d8
7403c3d9
6e67c30f
1c2e2c2f
261715e3
8f35eeb3
d7a2b0cf
76583520
0b45313f
619de8a6
d6bd89c3
24a9fd93
f50b6647
b8160cb9
c7f07599
5a7c956a
d7482778
c8122c5f
989edaec
a4834ef9
7bf2620c
67056aed
01676b0c
0b54a89c
97373bb0
16e73798
83b10a1c
a519209f
a146c6ca
12e20d08
8f9178bb
ea72726c
3f3ca3b8
3137dcde
95197667
5f1c1cba
71401c1c
40e93dcc
8c491dbc
a6827233
a9e78d49
a8973240
342375ec
60cd27e6
47e62a89
026d5a65
ca492545
3e39201f
0c27467a
4093a2f4
0f93e407
6514c3c8
2658105b
c318e3b4
6156ec5d
9a45bc54
176472a0
d799620b
8c878027
7ad57418
f328fceb
08f0066a
83919773
29190676
4ce26771
0bd2c1b3
75425c95
d65e8262
a05047b2
e626c3e1
33f292d3
4388da41
064a22c7
70194225
8efce235
5386142d
6ac40aa1
6e00a7c7
0d9cba25
57a93b79
11058351
f7624296
74648457
bc5ae772
42b8c2a1
a5f08206
3294300b
5846c729
f90e7d49
bda42a96
fe73e667
400b3600
019ccac3
c760d0a8
b96fa9e7
22c95496
b7a4176a
429ea345
140c4274
0f4b98e0
71ea33b2
375c6996
c6a3431a
00bcc323
601cc790
529e649e
87227fba
54a63c63
91c3aabb
020bb2a1
9fd117a3
2fbc1ade
2c4baefc
5bb88825
d69030cd
6ba9c6cc
4f554eb0
67159c28
6cc989c2
42e83fa0
ab15854b
e866854c
9c337a7a
ba85fbe8
c6ff083a
5e13ea37
499b253c
fca0825a
7db2cb26
6d4bd1ef
20b817b0
26fb8867
868fbb2d
23d024f6
03db6732
3f3cdcab
ac99b5b0
773cc974
e479d5d1
b77c9b83
4e32d26d
2f5e6838
b3b36bf5
b873182f
d31aab3b
147258b2
c3bcc4c1
8b018b73
76293473
3dc7d958
474becd8
9c7d9c46
b5c83756
fe39b35a
334619c5
72f59227
3fb8b97c
c5dd2d9b
39366b7d
763aaad3
7a23ac59
4b62c343
cf4d3a26
70a048a2
62991663
1044a471
f3546688
6442286a
690285e6
8b37435c
3adc611a
ba1574b6
95158308
bbb87c88
89b9c7e9
25b59cc7
9a9a1c4d
dc6a9603
89486e75
4fbbe753
8abaf857
1c6da4c6
78cb4237
0c564513
7ce9a6c6
cea0835f
f4c1784b
786c3b5c
70732594
1d6be2c5
f2d0b892
bfc0feb8
bd5c21b9
ccf042d7
77cb7d6e
9c4cf251
4869a3d7
23e5f057
fda701d8
1bc25014
20921729
9476cbe4
4bd33e81
a4c7478d
8fc49cad
ac9ba36b
9c441626
f13f8a26
a51fa068
6e898c7a
918b65fa
f613bca0
55e90e07
5c44d3d7
a522b8a6
24014aad
1ead44e2
223492b4
04d7b60f
0c977b96
572d0392
cee21a5b
d658531d
d1df3cc9
26533b36
972d0a27
2a8d8936
79dbccb0
d406baab
d5403da3
c271ba83
69adeb88
7b800501
11f52686
2a7a60c3
e63cb105
444cfd6f
0e0e75cb
5223cde7
94f93f46
28cf2a8f
9a77b893
b9c1d99b
8783247a
9ac563d1
854a7f25
c002da22
f2ffa44a
0378bb87
435e19ff
e05f2780
a5327d3e
6f3bc869
330017dc
58935329
19c00117
311da723
9f14a01b
2279c3a5
e3925c22
4ee3a5ca
fdc4e5a0
b3857445
54b7304c
8a0b644c
b5236d4a
2af8e4c9
1418c953
fbb08a06
852289b4
223375b7
1797caf0
12085a66
ac3b1516
646e2765
a94bb08a
a03e131c
725638c3
43966b3c
ea6d78fe
c92b812b
a2723b74
1a6e311a
559b666c
c2bb3cc8
5bb47612
a2b263b4
035237c2
ab48f0c5
522d6528
b731156f
c08b8ce1
f1c19652
0b299dbe
757742a5
02771437
5c667668
a9413caa
cb6e459b
0ab10180
d04936a6
d7853847
67dc669d
6b612591
06cd0fe3
65fc9094
3139fc7a
03a68642
2013c663
a7792b09
040a78d9
9066b0a6
a2b623d9
c2e2a29c
4db55b37
e9623137
909a4508
13ca1214
27038ab1
a98baf8a
3eab4715
fa96170e
88a25f10
8f3a4844
e67b69a1
d5d8b465
5ed6dc26
fe583968
c3f08ee4
47d1893a
4e5c44d3
9a79a57b
51595238
007f673d
e5eec0fa
1f7cba11
42b8abfb
f8be8979
0f15a427
829de3f2
4a4593b1
90c40913
94297048
25ce89e0
94d4e244
e881a16f
76e121c2
9ba9001a
c22a33d7
39926949
6104dc6c
986201c8
08a8145b
6e024249
27b7055f
161c8963
17f3aa2c
dc5f57d5
fbe60130
b698b24a
5c45cc66
7ad56641
323cb5cb
3e9066d0
3a257b12
62d487ad
75118a54
53388c17
84a2c386
41170552
0b49a875
5590f9c9
a723e4b2
e243bedc
9dc5d95c
172ef01e
e8e08a31
76e92467
2f7561c0
d2b87c1c
14a94725
eb071747
2a535e61
9902eeca
5f94b1a2
68b92637
238c3254
057bc9b3
74788490
7f43b86c
22bd0036
45245d47
4c258434
e607d492
0f3f1979
59f48642
497b590d
59ee8c00
051f2630
460f0952
0bf62026
e259ffca
f743a041
d0724f2a
48232d60
fba0772e
98102ffc
06715d85
bb0f591d
67cd439e
63309355
e8410ab1
df8db4b7
d10cae5a
4805cab4
b9b31c4f
f3f556ba
00000013
00000001
0000002a
00000002
00000026
00000001
00000020
00000020
00000000
000004a0
00000960
00000000
d9611a6b
2bd857e8
5461de0f
019d2b99
3a309674
9a09326d
21a5873d
4540b420
b2881d26
a61e21c9
092219d2
6ffb8f66
0d5a0907
f00d0824
8120abac
aac3e552
aa2471d0
87984d85
b082541c
4c46878b
c0c2158d
200c25db
12bc9d9c
2684f23b
3050f72c
7ab2c156
9f19ac69
2a0d7cc5
4ce69351
4576e982
d12501ce
11e53045
8216222f
10674a59
886a4da6
60cc14c8
806bb4d2
a2097236
b429b7ce
3a38acf6
0269b4b6
16e8f792
dd546532
0c7d2823
7229f994
009205b1
8547bfcc
0956ac9a
4984dcc8
14a77959
cee3c39b
8283c230
2ccfb8fb
483c8695
7297230a
8a864b69
8086a032
0d9b9a53
42fb9563
1cdc887f
9f3ca422
c72e2a3b
0a33edaa
76290307
404499c7
5375c6a4
c4ba5a86
d05b129b
4e3aee72
2583dcae
55ed13a6
1e02c1c5
70c5a5f4
601d0f15
76012816
676cf40b
ab60ace2
1909f5c0
041b6833
c4206e90
a131f0bf
68a40ce4
12d557a7
14a08332
47bf92d4
b3a76cd9
3e01df05
54a95b43
33619d4c
a40c6bad
440e04c5
1abb2cc1
3f66d543
9eca23ba
d88f79cb
b7875d58
7729170f
167da39c
96c386a8
41646a97
62cc1751
cdf78f70
b3a3fb23
102ac9a2
b7ec602a
ef431c8b
e3ed047c
0d847dcd
db8e8b6e
ecd90973
cbd6dec8
48a98044
72117c80
ccd0d903
9b4ca36b
79cc7b11
1d80fc04
999201f5
0769c465
3eb62fbd
4f63384e
ec0e3d9b
a1d92b38
cc2437db
423d76ea
9797d13f
2386f4ef
21845e53
38b2b60c
76873a67
cc361b60
66609a42
913d855a
33bba958
931a7eb2
b972a551
ea7ac427
9ba7acbf
033c2a9a
d8610a12
a41a01a6
4d58564d
8bcb6130
1f4b8527
2f1c2494
5ba327e8
b1617aaa
60c253ce
e88f20d3
2c0b0b2b
edb648fb
4a169ba2
9596dc33
4c5164bf
5b8a4fcc
bdf0a17f
e2916960
e3ecbff5
40d3d5ba
d004e9e4
f542a049
b4905e48
3876e110
89236a21
8b482d68
b49b3a3e
56a17660
96bb8003
acbbe8c2
a8470d1b
09f0104c
987d2784
88653e83
2c264413
b9bf90c8
75b8a2da
caca4885
5bba2a41
560c75f0
7f323040
388712f4
2b1d9648
9394352e
a729924a
a2f9567a
587b160c
8ace30f2
b38b7f20
80c63200
f90cc7cf
22654a92
9d5c0b62
fa6e6842
5647a7e6
01168446
a779c5c0
6187a41b
2a83ac8c
ac212af0
85443c37
2296d79c
4d082216
369445fb
c4ebe491
0f4158c5
544fc4f2
0a7b4c18
466ad749
8bea0ba7
8a35947a
cf68e2de
d2d18392
3e9ba968
f0a08a37
35ddc071
b893c880
0281e6a7
65ca55a4
4196c6bf
bc35c561
6653b0a3
2cf3d099
cfb759e9
e89a2b8b
0bca2633
0132687a
40ac5191
7442a751
76b85cc3
c1b5420a
4fe91768
ef81985a
3a619b07
73943927
0e9c6090
b7515931
4cf86d6a
fb5b1ca1
21023cdc
475233c0
554f8a29
72b538b9
a7ec1104
582eb306
f3e34832
58b413cc
7a1a93e5
414e7cd8
77ecb92a
3ec1f84d
e75184e8
1bbca279
d24d603a
02a6951c
1006dc9e
e3404b6b
303a205b
88766769
10c3a538
460cafba
1db76183
ee5edc5e
f30d38f5
86f38b52
93116b6d
2aa16141
4e797239
7699ccde
a11f4f53
c8155e61
9b922ae2
43e68e98
c358ba2d
646182ec
e3fb4d2a
2a38fa56
5695f7f5
ea714071
cddcb7b4
f3bfabfe
c55d4050
7a639562
b5ad3ccf
f97e1ef4
90506475
ef77787e
e1896b77
94c04c11
02b379bb
51726ace
db683cc9
c62bf2aa
aae6dfa9
a45485a9
950c4c27
b8562b64
5f683358
4b4a0627
bab01b5d
e9ac67af
9b96cf38
96e0d64b
6e00cab4
d9432e95
4a646c11
72029232
27ecc7c1
0a81325f
2a7cb508
86311581
51e93b21
5c8cc5c2
b8ea91b2
53153b92
c843c6c2
56b2c468
785820aa
1e64928f
96308ba2
318850ac
34485a86
bc6d4d02
0df4d400
c8108b93
f61e0cca
80d09bc9
ebb1aaa9
a5d64938
4266971b
26325c38
705c62e1
8b5b369d
b2222b19
393f1ff0
0df40b8a
9b81eb2a
d93551e7
0b754c70
596d9732
95c9c399
71a320a3
c4b0e468
bc92b866
1a689572
725a5595
b189a7c5
a5e4266d
bdc56c46
876176b0
84b58937
7074a32b
7ac43f76
6d12e35a
aaaf77f5
0b9b9165
ad16804e
dd8ef50d
a0b655fc
06fc558b
ab3a556f
01f25327
87d7f0a2
26adbc18
f3b6b2e7
52649265
5316423e
00d2b2d8
c7c1b85e
c14d61a6
5ae2432c
4eaca0a8
90a6b2f9
f079401c
74a2d78f
fdcfa73d
ace81c51
5727bdc2
a80b5692
977746d3
7b40e4c1
3f1dfbe3
67095393
c6e61b69
75127a1b
27a56496
16e04f4b
ed4298c7
9c6a4a27
c220eb34
22253ad6
cb53acd7
0c137c24
754ed109
d0978129
a1fb2a8f
a0574cf7
59c6b2e0
07b5ffad
6e1e0853
0597045c
61a90a00
5e6cd3d6
81e129b2
bdeacf83
83b26473
7c3c998a
660989a0
fc200206
81b51bd5
47799649
7989c3bc
32af620c
b98275b7
f0c01657
c060ac17
3fa26eba
f7cf79ce
d8878c4c
34f948ce
f543f7c4
36d088fb
5e071070
4b11aa4e
6a755259
954577cd
d4b8a398
f21e716a
856c8d83
93282113
a1162710
57f282be
b50148d2
9ae526c9
49b32bb0
6898f9ab
334fab99
bb83b4a8
4d62793e
7b2e0735
68f01d84
7a19d50b
91871e3c
83507c1f
4f029c48
5755ca11
995cf19a
8c150b9b
72d04140
80b5c651
e770733f
c4627cb3
20822a7a
d947aa50
c7e6c891
beb75596
561a6695
f27a2365
8a1443a5
2652b7f7
bb90213c
9b61591f
a333d51e
23b99e30
509af604
a342ca24
dbea8f68
5e7475b5
a26ea104
88236aec
c9ab1f8c
3a92d423
78e151da
33735ebc
d5c7a375
48e48514
9dd76638
3a54e20b
2c300896
212a499a
6b89b5a8
38bd6698
be773007
b21a560e
69138b19
4d67a807
c68ae7d3
049181e0
2c62e976
3cb38921
07a4aa84
b9ab886c
dc9c4935
76cac8d1
ba166437
375010f7
8b783a10
080af943
aa93b483
cca46319
4de62773
395913e9
c93ea964
a482b913
d6997c1d
96db7b1c
5d732e1e
8e3a84af
d14472ac
39996479
e5a40c14
1210b4a7
7397806f
4b1d705b
078497d5
066b0786
1bcda39e
4830ab94
5eacbfc2
191567aa
71e40f12
8e39a065
a13ba2e3
19648f68
33a279ae
46572b3f
eb39a14c
14b6c112
18609586
ac66cc52
4b865316
feccba37
ab070404
85f45b9b
ff5eb9ab
4232261b
81561837
57a1c7fd
18b54163
402b993c
0a5ac8cb
f495cfc4
4701bd3a
91cf01a1
6a2e9154
8bb60083
613b80e8
2651ba31
ac470e39
26c5e94d
e2921b8a
7f251090
35bc7190
11961a49
c2869844
33a23541
65f2b852
ceaaeac0
ef9d4863
c57090c7
2ca913ac
3d0964e7
a859069c
23087f22
98b2a37d
f76d0342
823c2d9d
ba8b743e
88a4882a
7ad1acc2
4a6df21a
d6a0aad6
12118951
367fcb1b
7a664691
62c2fbcb
1988c94e
d8a33e9c
8e7ac5a7
9b40c5b8
f15515b1
a22cffa2
74a2c286
baa784d8
46b4b733
d9611a6b
2bd857e8
5461de0f
019d2b99
3a309674
9a09326d
21a5873d
4540b420
b2881d26
a61e21c9
092219d2
6ffb8f66
0d5a0907
f00d0824
8120abac
aac3e552
aa2471d0
87984d85
b082541c
4c46878b
c0c2158d
200c25db
12bc9d9c
2684f23b
3050f72c
7ab2c156
9f19ac69
2a0d7cc5
4ce69351
4576e982
d12501ce
11e53045
8216222f
10674a59
886a4da6
60cc14c8
806bb4d2
a2097236
b429b7ce
3a38acf6
0269b4b6
16e8f792
dd546532
0c7d2823
7229f994
009205b1
8547bfcc
0956ac9a
4984dcc8
14a77959
cee3c39b
8283c230
2ccfb8fb
483c8695
7297230a
8a864b69
8086a032
0d9b9a53
42fb9563
1cdc887f
9f3ca422
c72e2a3b
0a33edaa
76290307
404499c7
5375c6a4
c4ba5a86
d05b129b
4e3aee72
2583dcae
55ed13a6
1e02c1c5
70c5a5f4
601d0f15
76012816
676cf40b
ab60ace2
1909f5c0
041b6833
c4206e90
a131f0bf
68a40ce4
12d557a7
14a08332
47bf92d4
b3a76cd9
3e01df05
54a95b43
33619d4c
a40c6bad
440e04c5
1abb2cc1
3f66d543
9eca23ba
d88f79cb
b7875d58
7729170f
167da39c
96c386a8
41646a97
62cc1751
cdf78f70
b3a3fb23
102ac9a2
b7ec602a
ef431c8b
e3ed047c
0d847dcd
db8e8b6e
ecd90973
cbd6dec8
48a98044
72117c80
ccd0d903
9b4ca36b
79cc7b11
1d80fc04
999201f5
0769c465
3eb62fbd
4f63384e
ec0e3d9b
a1d92b38
cc2437db
423d76ea
9797d13f
2386f4ef
21845e53
38b2b60c
76873a67
cc361b60
66609a42
913d855a
33bba958
931a7eb2
b972a551
ea7ac427
9ba7acbf
033c2a9a
d8610a12
a41a01a6
4d58564d
8bcb6130
1f4b8527
2f1c2494
5ba327e8
b1617aaa
60c253ce
e88f20d3
2c0b0b2b
edb648fb
4a169ba2
9596dc33
4c5164bf
5b8a4fcc
bdf0a17f
e2916960
e3ecbff5
40d3d5ba
d004e9e4
f542a049
b4905e48
3876e110
89236a21
8b482d68
b49b3a3e
56a17660
96bb8003
acbbe8c2
a8470d1b
09f0104c
987d2784
88653e83
2c264413
b9bf90c8
75b8a2da
caca4885
5bba2a41
560c75f0
7f323040
388712f4
2b1d9648
9394352e
a729924a
a2f9567a
587b160c
8ace30f2
b38b7f20
80c63200
f90cc7cf
22654a92
9d5c0b62
fa6e6842
5647a7e6
01168446
a779c5c0
6187a41b
2a83ac8c
ac212af0
85443c37
2296d79c
4d082216
369445fb
c4ebe491
0f4158c5
544fc4f2
0a7b4c18
466ad749
8bea0ba7
8a35947a
cf68e2de
d2d18392
3e9ba968
f0a08a37
35ddc071
b893c880
0281e6a7
65ca55a4
4196c6bf
bc35c561
6653b0a3
2cf3d099
cfb759e9
e89a2b8b
0bca2633
0132687a
40ac5191
7442a751
76b85cc3
c1b5420a
4fe91768
ef81985a
3a619b07
73943927
0e9c6090
b7515931
4cf86d6a
fb5b1ca1
21023cdc
475233c0
554f8a29
72b538b9
a7ec1104
582eb306
f3e34832
58b413cc
7a1a93e5
414e7cd8
77ecb92a
3ec1f84d
e75184e8
1bbca279
d24d603a
02a6951c
1006dc9e
e3404b6b
303a205b
88766769
10c3a538
460cafba
1db76183
ee5edc5e
f30d38f5
86f38b52
93116b6d
2aa16141
4e797239
7699ccde
a11f4f53
c8155e61
9b922ae2
43e68e98
c358ba2d
646182ec
e3fb4d2a
2a38fa56
5695f7f5
ea714071
cddcb7b4
f3bfabfe
c55d4050
7a639562
b5ad3ccf
f97e1ef4
90506475
ef77787e
e1896b77
94c04c11
02b379bb
51726ace
db683cc9
c62bf2aa
aae6dfa9
a45485a9
950c4c27
b8562b64
2976bcdb
52a56737
a6c8bf9e
c845e700
29beeb7a
86cc5ebe
94b3c080
5ce73a26
056bfb2d
d4eb6ba6
1c9af2c4
dd0d27fe
85bbc12b
2cb693e6
b323a624
ac57a00e
00000014
00000001
0000002a
00000002
00000027
00000001
00000020
00000020
00000000
000004a0
00000960
00000000
60b1d8a3
45322fd0
3bd71cc0
9d00f5ed
9a8a3aea
76ab5897
e8892435
294c6543
6db85c09
edc475dc
58f90ea4
45c4d412
c9743b91
62149fb0
112b9f2d
5b040210
acd537aa
931982a6
f4ba0552
69b3866a
4a8c7b06
d350f3e7
840c1d06
7fe2046a
22753cc2
1a529bb4
82c4f486
e3c891fe
4cd1ceb1
97967918
00c96cc7
97edca22
03d08b2d
cb94ca21
0c4f0b90
9a27e339
d2bda7dc
03d724c0
b9962893
1d13b7a5
ca105717
a8058d1c
153102c5
12b1cbb7
8b83d017
dfabd508
b7851a3c
a81a2235
3a4fb93e
f3fbc75a
7253453a
09354078
b3500f51
3e002f64
f99caac5
10f07529
a8765b56
2db2f01f
535d8e42
34eaeb5b
d19198c7
94a9539c
ccd9c221
a7b67c73
3cd314b5
75a6df59
82a96476
84168850
99daf61c
fe318ca4
a4701795
c4a23e7c
d24d697b
35e54fc7
cd663701
eaab1bbc
f0b28396
8d32087b
fd870563
d4513f36
1016b97b
e563091d
28d48d7a
38eb5114
ea4f7659
fcadc9c6
37458668
5135f590
5cdd2b11
65d3b027
95abab85
5170730b
00321468
df25db3d
da4332d2
ca913616
53ab6798
0c66088c
312092a3
05200c37
12d06a4b
83073583
79a0826c
260969ca
c321cb37
059938d2
099542e4
75e9833d
34487404
f4c2bf94
ad425c71
7ec5cc95
f64e9bb8
017bd73c
1894d296
d8b9c34c
3e299054
461315ac
ebd2491b
cee856b9
8823b9f7
910a6283
5d477692
0659e427
84de1c62
5ed3adcf
e680a419
938f4ed4
9ed4fa49
d0414bc3
7a428e2a
b1c4812c
2dbae21e
eae488b3
b7183d1b
b3065c41
77210700
708cd40c
67adb393
bafb086a
9efa5991
d7a874c5
e3554094
14712130
5b15c586
e8d69b99
0b248744
cabe5321
75847db9
acd77d27
4cc31b96
c258810b
6bb6f09e
da31c573
43d642da
8e581b5f
fe5ed03b
0ad5094a
65d6acae
953c526c
3b7faa2a
1dd4d804
a384583d
76f744f8
82544939
253a1b71
9b144112
a982bb37
c079e123
89f00363
3a02fc0f
1535027f
702a7c0b
c7447e2b
9c371028
a6b0cada
a9490b5a
b9a6b025
f109742b
8bb93373
15908ad1
638a8294
9457139c
9d8c8a8a
c47a6998
37e47767
de6480dc
734a9068
6b79ed50
b67124a5
46d32267
04584346
0527ebe8
853a6467
a426c34f
e221e813
d16c300c
5b59f789
e558b2c9
5a9e4c55
256b5bc6
bd0f3a72
29281dd0
25e8de30
4e0be0e1
068793e2
73c4e971
4835d53c
2be7421a
10207fcd
3808289f
397e050c
7c072b35
e1cf2a6a
3a97c684
5420d429
069d06d8
90295935
2fe6f9b6
a2c2d7a4
a3761995
3dc89c23
987c9bc7
51363553
48918231
e751488a
426d87bc
7291ab35
d9309b05
d72bc074
7402906d
91a2cb70
43a25968
618bb8cd
e02fb7f5
f9ca349c
15136f5a
a028b958
8664c7cb
bfd085bb
fd17d286
28d45cd5
9df9d12c
3ac4963c
2a400726
b893a1c4
435eeac8
37d64e07
53016475
fbbbe5a5
5909bcd6
1874036a
be4c34d2
935454b3
559cde98
cf2fe652
7982abc8
5b07db56
6d3946c2
03785391
a694927e
5949a673
b9f44908
c0a1ddba
6e1c6903
47cf01e5
48673171
fe7c7b8c
b103aeb5
15dc6944
c36bea5f
2b378375
b631e3a1
4e2d0c60
c1b91334
5df36040
9b5bb5da
b2be3e39
63a3557c
671483c5
83347533
32364f28
a890b011
e9d93290
c4fbda4b
4272831e
9559be79
7c650458
590fa64b
53ccd38c
54ceb604
723437e5
b663d23b
acc73d08
7341e9df
91b0d976
467801b7
65bf327c
a427d75e
56a1d49d
5cb7273b
8015e721
9cbd6ca5
116791b6
84060ec4
1e95041f
46d527fb
9f1ca988
d150ca09
4bf9b06a
53712153
c361c284
56e2cba1
5312b625
ef3468a4
372b5ea3
9926dca9
8e6a1048
23493531
cb2a894f
8b0bc4b4
e536cf16
85402e2a
cea41c2a
0c0b76dc
accb9360
0dc70a26
4100282b
02b23343
5d04d1ac
f6946695
5c241200
b0599a31
aaeb82d6
5d49f6b3
e0a48805
17950863
be619744
4736773d
674899dc
1276d599
f9ce24e8
23f72bca
6458de38
c33cf390
3691a34a
29d4a0c5
391c99e8
bc313275
7635ef77
2445c41c
8904514a
92c35d76
9548b340
0c9a7338
35c1087e
ee225219
aad0aaf6
a5e63d52
be68930f
2b56c6c8
bb815d52
0d43504f
c930bee1
ce714f64
a0b35bbe
c5c376fb
ca4571a9
b649c41c
ac868cc9
5b837f98
111a145e
92f45753
25a11e8f
053680a8
a0486b85
81c85582
e4bcbabf
3b4993b3
3cd5d39c
eabeb319
09f201a2
305c2cb6
28198a69
43d35361
0664f5b3
3225dbeb
99741d24
a2784760
4d8d5152
2a274af5
1378c81c
148dd91b
68273b18
4190c933
b1a950ac
ca2a99e3
6195fe79
bebd196e
2cb27299
240a1d16
3a1011b6
a9996c02
5821a6b0
125faa50
911892a7
4034558b
9952339c
56d8943c
52b18183
ab822015
5b8ab1c3
1453f845
66b182f0
46f72f02
bf144507
fe19e5f4
c1d5391b
140b721d
23b444e4
5b7c3e2a
287a4bcc
6f1cb002
f2b12318
74924b40
dca3a2df
e963aa78
0385b53a
7d6d3589
b9144085
71e8392d
2575e477
84196f47
863cd2bc
5417d988
868565ea
c7fc7b7d
eecb7641
f32d7632
0e39a990
653c12be
d0b4bed7
37f46e7a
dbcc5082
6a4fc096
8502c821
d39ad90a
7aca4ef6
5cc74b74
e441922f
25790071
b776847f
d40d0341
4279b1cb
59b5ab3e
8e94648b
22bb36d7
5b82b73e
20a46391
15af66f8
542cb790
216e4655
f3bb0b00
7afa5677
8527a315
70d35103
03aa2c8c
863cf558
77c10c71
9fa03f14
10390a52
8990ad5a
7fd4da4f
ae519641
1a9ac9a3
4adba1a6
7d6c86b4
f6d8c382
0814b51f
65b4a2d5
e2756076
acbcc1a9
ea02d7d8
a2a6ca55
88d45f96
a5294990
8520995c
4d6a6880
a34eb348
7b8cb4f3
7f1ba634
87973675
9cb251c1
1161ea70
1a8883dd
fac09a84
47ac3e61
eab597ae
d9088776
c1d7dd8d
71cc41c5
9050495c
538500b4
825f4054
5c271021
1ee82d2f
903fc37a
273d7ea4
a930742f
7dc3177a
4a6120ab
0c1b1721
1f970727
b4777fb1
78d52a68
51533577
30179f97
298c5376
434a71df
927c1fba
60b95a76
630f04cc
5c5254a5
37e70c9e
37072a4f
b75dc618
15115d00
d13001f8
273202e1
5a426f74
db7340ae
384e5cf3
35f56e67
81b8845c
cb1122ec
4e7384ac
7a7737c6
5a8487f7
9a10505b
1e6c001e
ab27afe7
780ad332
b64ac303
824269a9
7b7617c3
78aa5401
20a14407
13bbdfc4
da85138b
826e2650
bef1450e
a540cb2d
0c4bae82
6b21bbc9
405ac023
46a3200a
1e1912ca
86653c27
871e949b
7199f747
b02894fd
0275bb33
ba77c59f
290af774
f318a5d9
5e154547
d22a3b2e
a25388d1
b671ceb1
54cfc027
bbee9ff2
88718ca1
904996ef
b3f344a2
97c8728e
53862731
a7f5c45c
b3d33ac4
d1a76466
41d79214
1c734522
5a4b24be
b02a93d6
abb8f956
60b1d8a3
45322fd0
3bd71cc0
9d00f5ed
9a8a3aea
76ab5897
e8892435
294c6543
6db85c09
edc475dc
58f90ea4
45c4d412
c9743b91
62149fb0
112b9f2d
5b040210
acd537aa
931982a6
f4ba0552
69b3866a
4a8c7b06
d350f3e7
840c1d06
7fe2046a
22753cc2
1a529bb4
82c4f486
e3c891fe
4cd1ceb1
97967918
00c96cc7
97edca22
03d08b2d
cb94ca21
0c4f0b90
9a27e339
d2bda7dc
03d724c0
b9962893
1d13b7a5
ca105717
a8058d1c
153102c5
12b1cbb7
8b83d017
dfabd508
b7851a3c
a81a2235
3a4fb93e
f3fbc75a
7253453a
09354078
b3500f51
3e002f64
f99caac5
10f07529
a8765b56
2db2f01f
535d8e42
34eaeb5b
d19198c7
94a9539c
ccd9c221
a7b67c73
3cd314b5
75a6df59
82a96476
84168850
99daf61c
fe318ca4
a4701795
c4a23e7c
d24d697b
35e54fc7
cd663701
eaab1bbc
f0b28396
8d32087b
fd870563
d4513f36
1016b97b
e563091d
28d48d7a
38eb5114
ea4f7659
fcadc9c6
37458668
5135f590
5cdd2b11
65d3b027
95abab85
5170730b
00321468
df25db3d
da4332d2
ca913616
53ab6798
0c66088c
312092a3
05200c37
12d06a4b
83073583
79a0826c
260969ca
c321cb37
059938d2
099542e4
75e9833d
34487404
f4c2bf94
ad425c71
7ec5cc95
f64e9bb8
017bd73c
1894d296
d8b9c34c
3e299054
461315ac
ebd2491b
cee856b9
8823b9f7
910a6283
5d477692
0659e427
84de1c62
5ed3adcf
e680a419
938f4ed4
9ed4fa49
d0414bc3
7a428e2a
b1c4812c
2dbae21e
eae488b3
b7183d1b
b3065c41
77210700
708cd40c
67adb393
bafb086a
9efa5991
d7a874c5
e3554094
14712130
5b15c586
e8d69b99
0b248744
cabe5321
75847db9
acd77d27
4cc31b96
c258810b
6bb6f09e
da31c573
43d642da
8e581b5f
fe5ed03b
0ad5094a
65d6acae
953c526c
3b7faa2a
1dd4d804
a384583d
76f744f8
82544939
253a1b71
9b144112
a982bb37
c079e123
89f00363
3a02fc0f
1535027f
702a7c0b
c7447e2b
9c371028
a6b0cada
a9490b5a
b9a6b025
f109742b
8bb93373
15908ad1
638a8294
9457139c
9d8c8a8a
c47a6998
37e47767
de6480dc
734a9068
6b79ed50
b67124a5
46d32267
04584346
0527ebe8
853a6467
a426c34f
e221e813
d16c300c
5b59f789
e558b2c9
5a9e4c55
256b5bc6
bd0f3a72
29281dd0
25e8de30
4e0be0e1
068793e2
73c4e971
4835d53c
2be7421a
10207fcd
3808289f
397e050c
7c072b35
e1cf2a6a
3a97c684
5420d429
069d06d8
90295935
2fe6f9b6
a2c2d7a4
a3761995
3dc89c23
987c9bc7
51363553
48918231
e751488a
426d87bc
7291ab35
d9309b05
d72bc074
7402906d
91a2cb70
43a25968
618bb8cd
e02fb7f5
f9ca349c
15136f5a
a028b958
8664c7cb
bfd085bb
fd17d286
28d45cd5
9df9d12c
3ac4963c
2a400726
b893a1c4
435eeac8
37d64e07
53016475
fbbbe5a5
5909bcd6
1874036a
be4c34d2
935454b3
559cde98
cf2fe652
7982abc8
5b07db56
6d3946c2
03785391
a694927e
5949a673
b9f44908
c0a1ddba
6e1c6903
47cf01e5
48673171
fe7c7b8c
b103aeb5
15dc6944
c36bea5f
2b378375
b631e3a1
4e2d0c60
c1b91334
5df36040
9b5bb5da
b2be3e39
63a3557c
671483c5
83347533
32364f28
a890b011
e9d93290
c4fbda4b
4272831e
9559be79
7c650458
590fa64b
53ccd38c
54ceb604
723437e5
b663d23b
acc73d08
7341e9df
91b0d976
0d9e5442
6d2a1bc4
f7b73780
7c63c846
778ae463
465e5ecc
d23a11a8
8fde2d19
5281da62
fff831ec
3152169d
cd831b3a
02234686
daca4a08
fee114d7
a604eb3c
00000015
00000001
0000002a
00000002
00000028
00000001
00000020
00000020
00000000
000004a0
00000960
00000000
203af77d
25be2ef3
3af9f779
6163f895
117c66f3
0363c54b
785bc2fb
57aec25b
48fa1843
e838ac67
c47006e0
27ea6e49
eab08aac
425f2959
83d43140
fbbfc1c4
53e91672
6312108a
f9142745
38ea18e9
1c42c044
799bdccc
9cc1bf05
8e143607
1d2b96e7
5995c342
cc709968
6004dcce
97df4472
b6402c4b
4742b9ed
025188aa
89588d3c
6f239af2
a0338367
b3f0492c
279d39e8
8aa27c56
4f15096e
bd615546
c253b235
4baae99a
4b94e143
23243b3c
1b33ed73
5db9cb48
73d4ab86
a026c40c
2739f569
0c897b85
8fd3388e
6f7244d5
93020641
2541e80a
4e923483
4af27c23
46465290
ff9961ca
a0e69d2c
7176b59b
915839c2
8c4f0b47
c7a45a19
708c3b2f
e7a850ec
032b6a77
12a1c879
d30d8876
0814f7c6
ebc3d60c
07ce36e3
a33c497c
592c49c2
2bb82e90
6c74f120
c84d6668
e38e444b
4984c97c
66490062
41f5c548
4d59ee96
e649f71a
85124df5
5ee27935
7965e3a6
2a06116c
6f6302b9
c695a420
411ba819
ad057734
3ea5cbed
daa99128
1bb5d249
162bb402
49129317
70304b37
d97a1255
e3ac1e59
c43b5f7f
72cc0a5e
65b03993
3f59c210
c649f3a1
e514bd55
2ed842bd
6c0e711e
59714226
889c1a2d
7f37dc1c
6137119c
c83a9ac7
aec69058
4b6f0f43
beb4d175
e7c4b50b
d503684b
05b20678
83110cb6
f6ad1291
9b64c652
e78942a5
23598240
8a87ce9b
2585d638
2bcc2152
abab343e
b7ce89f5
5bc874dc
96f5b18a
7f737cba
492eb7e2
520c3040
af8b067a
647e9ec4
1df3cb82
ef24b6d4
fade7dab
adc1441d
2a5047db
30311e69
8621c41d
069fc05b
c5775118
c86a9a55
ba0013c1
512d2a84
a6e05f40
a59877ba
cc9897a1
85a370cf
e24739fa
22d5a748
ca32400d
7759781b
ab3d93db
bd817f74
2d595b04
b3d1cc1b
066c03a3
c734486f
a41d5799
52320a1b
d29b23ac
aa1998eb
c5203b5a
0b902ad5
c7fc7073
ce451bb7
3250ca56
35fa88ac
c4e43489
c3857b30
22fe811c
5d60fe32
042cb435
661d32d1
55f74775
a125f404
859e0687
8846c8b9
dc7b94d8
c5118996
401987a0
ccc9834d
8522c016
c046c91b
8cc005e2
98bf9155
8bec017c
898feb9a
138115b5
55aa5271
76cd2b61
160a4447
79629650
5065c4e9
5be90d68
8fb16e4e
7a658776
66da9306
680b0c26
1d272636
e9dba924
27547411
bfca91cc
b37255c8
66233885
64a9a025
a65f5bd1
c9f13509
b04465d9
d0e5aa12
9308c8a7
101eea65
093d4957
8050e067
4535f371
3bae78db
a1328191
8d965697
761ea309
4413b209
a8603097
d6ab0263
4be7c450
622fcc23
1b4b4487
1c767d63
3b4f1a42
970a4fd3
4fec713c
c83e36a9
a4da71d7
7473a88e
2f6fc1e6
639e4a19
b45490a5
ef9552c3
20f54020
15d3c86e
a55493b5
974a67ea
3b6279c2
4aa083e9
fc710fe4
b3133154
870c9877
c86d9a29
b644c2a1
31747256
f3636234
c13313bb
bccb0344
808685c8
083b2e7d
c50a7084
573681ab
780cfc0a
6b6c7299
19909b10
ab801133
7c6f2a95
33bf4dea
17c7dd10
117c212f
dbf02aa4
8bf7304e
c37fb9ac
e5191a01
5470106b
68b855a6
d85405e2
caecc15c
ae800b79
79f79671
7f020d97
bebd42cc
67e14239
9a3cff63
b06f2b4e
37d942eb
9b8bb77c
681eb2a1
3c807a79
24617d5e
4e3158a2
f0615e24
528376a9
3b8b8a01
6db46f05
5e1f0859
0d8cfa9b
abc89bb7
64e8dbe3
9e7b9a48
5e13ddb7
2239f6b9
3778b19a
3920c3b5
c0704735
b3d712ea
722c97c7
585bdc68
223b41b5
ae7cf74a
e3604949
a9712be2
7f757051
92928363
ec082321
59acb874
42703bea
b7d27d02
6c878050
de8d5370
b5b5bf12
cc275238
b07afad9
61e4906a
17acb759
f0051161
9481cce9
3c00ca14
6d4d572c
35bf8968
59a75a66
f1654389
c0b78622
40919b45
df219c3f
6adece8a
7a7367a2
aac8b567
a5045909
59030db0
dd4e385a
6cb166dc
5cbcf7c7
fe3b62d3
254a87a3
95f627bc
f516267f
8aa09a85
0ce4ea77
1f99b71a
c1515ab5
17650a1c
1a8e791f
a6b520f9
348add9f
be3273ed
a56e1746
5139082b
3a77b27a
895caed3
0511270c
76772326
0c910742
cf34514b
30513547
b8a74d35
8523b659
17c2904d
c5bb4338
c9167331
40cc7349
9af376b2
8a6b3e25
844d8c95
b96169a2
17135353
c9bfc69a
2a5339ac
c981a12c
701cb338
abed59cb
7745753c
0c6731b0
6ac30240
7521bf80
ec6952cc
2a3c42ca
19db2716
0278bae6
a3a21142
6decbf0e
8e488a35
856129c6
8743783d
d389d4fa
f5efb346
6f506283
87722980
3c102b04
2c66492a
c3600031
16b94017
3a48d156
c136d3c6
e344c640
5c56b671
944fe198
d0743465
87d20057
b72d6a40
220e6e0b
095c4b48
bf405753
4744c554
89413a86
0dc89b17
78117b47
27313d0b
0f466357
eadb4a97
1301ad19
3f5c30f8
987f4479
39339216
7d6356e7
2971ba21
b78c85ac
ec0f0475
28f1cf94
456436a5
d42329e4
a5b843e1
12c319cd
47283191
13ca49ea
6ed5b794
de0c66b5
f0357654
2d19167f
3c976978
a9162a31
a0232257
7478367f
07a53257
1a24d162
dd8063cc
10c884f5
c1650a30
b6b00c06
b2f214da
9550ceb5
b52c3728
20621f55
a780c033
a630fca0
2525a380
3ac8e383
4c8b08fb
e64ab5c2
3a1321c0
1d91a2a4
235a0dd5
30398685
ca4b3284
a76bcfbc
ca431e6c
b9014700
cc3625c3
0b940057
cd98a536
96adad34
51f72d43
808326bd
9c185477
32a80270
b71a690f
5cbaa7a3
3300dd92
3fcda15d
28cca98a
30b83dc4
9f6b747a
23b61d60
30b8ac96
6590d3a3
34ef8997
57e6a99d
761febb0
084450ac
76580775
3b1f2856
a94046d8
64b9ce39
9f3c7350
169e435c
7c37ba9f
298701b3
e5357581
34477f59
db546839
860f1318
a2f2936f
719edace
bc9d2297
70711756
6992bb79
54c09fe1
cc41407f
f0983c90
2004791c
4500ba13
24c11ca2
aa897f2c
1e65f76a
35aa023a
395b9c43
8dfb6159
336d2050
85ee6fc2
35165c34
bd1608ac
ba2b1c9b
b082051d
c744d1c2
98b25297
5f25f556
46cbcab3
11ba5d5a
c8d24cbe
b10489cd
72de60c3
69a6bd65
0bb65876
56732750
8b651944
1b7dea6c
2c77b99c
8298d573
7b34c3b9
b6450793
78f3082d
0e7b6284
4bb984e1
c9d26a93
412447e7
c6db78e3
7a6a8364
893c5320
15cb5393
84184e0e
464c417f
e1366e29
5714fc9e
a058d05d
f456b5e3
64fa764d
8cc4bc27
20f409a9
a8a51fae
39b68138
50fda0ba
35301732
e538f8ed
655c1c0c
cf193f85
5cabb582
babc3523
8080fa35
61c67683
1aeac9c6
b80be39d
ef4ae8e9
b6141d66
89b1acc3
2b1fa34e
06149068
55869166
14bc3bde
4b4a7446
8f65b84d
d75c5041
945e2e19
a8a852bf
1b250945
a28d9922
b202e381
ad63f771
2634cd12
53e2cf0a
203af77d
25be2ef3
3af9f779
6163f895
117c66f3
0363c54b
785bc2fb
57aec25b
48fa1843
e838ac67
c47006e0
27ea6e49
eab08aac
425f2959
83d43140
fbbfc1c4
53e91672
6312108a
f9142745
38ea18e9
1c42c044
799bdccc
9cc1bf05
8e143607
1d2b96e7
5995c342
cc709968
6004dcce
97df4472
b6402c4b
4742b9ed
025188aa
89588d3c
6f239af2
a0338367
b3f0492c
279d39e8
8aa27c56
4f15096e
bd615546
c253b235
4baae99a
4b94e143
23243b3c
1b33ed73
5db9cb48
73d4ab86
a026c40c
2739f569
0c897b85
8fd3388e
6f7244d5
93020641
2541e80a
4e923483
4af27c23
46465290
ff9961ca
a0e69d2c
7176b59b
915839c2
8c4f0b47
c7a45a19
708c3b2f
e7a850ec
032b6a77
12a1c879
d30d8876
0814f7c6
ebc3d60c
07ce36e3
a33c497c
592c49c2
2bb82e90
6c74f120
c84d6668
e38e444b
4984c97c
66490062
41f5c548
4d59ee96
e649f71a
85124df5
5ee27935
7965e3a6
2a06116c
6f6302b9
c695a420
411ba819
ad057734
3ea5cbed
daa99128
1bb5d249
162bb402
49129317
70304b37
d97a1255
e3ac1e59
c43b5f7f
72cc0a5e
65b03993
3f59c210
c649f3a1
e514bd55
2ed842bd
6c0e711e
59714226
889c1a2d
7f37dc1c
6137119c
c83a9ac7
aec69058
4b6f0f43
beb4d175
e7c4b50b
d503684b
05b20678
83110cb6
f6ad1291
9b64c652
e78942a5
23598240
8a87ce9b
2585d638
2bcc2152
abab343e
b7ce89f5
5bc874dc
96f5b18a
7f737cba
492eb7e2
520c3040
af8b067a
647e9ec4
1df3cb82
ef24b6d4
fade7dab
adc1441d
2a5047db
30311e69
8621c41d
069fc05b
c5775118
c86a9a55
ba0013c1
512d2a84
a6e05f40
a59877ba
cc9897a1
85a370cf
e24739fa
22d5a748
ca32400d
7759781b
ab3d93db
bd817f74
2d595b04
b3d1cc1b
066c03a3
c734486f
a41d5799
52320a1b
d29b23ac
aa1998eb
c5203b5a
0b902ad5
c7fc7073
ce451bb7
3250ca56
35fa88ac
c4e43489
c3857b30
22fe811c
5d60fe32
042cb435
661d32d1
55f74775
a125f404
859e0687
8846c8b9
dc7b94d8
c5118996
401987a0
ccc9834d
8522c016
c046c91b
8cc005e2
98bf9155
8bec017c
898feb9a
138115b5
55aa5271
76cd2b61
160a4447
79629650
5065c4e9
5be90d68
8fb16e4e
7a658776
66da9306
680b0c26
1d272636
e9dba924
27547411
bfca91cc
b37255c8
66233885
64a9a025
a65f5bd1
c9f13509
b04465d9
d0e5aa12
9308c8a7
101eea65
093d4957
8050e067
4535f371
3bae78db
a1328191
8d965697
761ea309
4413b209
a8603097
d6ab0263
4be7c450
622fcc23
1b4b4487
1c767d63
3b4f1a42
970a4fd3
4fec713c
c83e36a9
a4da71d7
7473a88e
2f6fc1e6
639e4a19
b45490a5
ef9552c3
20f54020
15d3c86e
a55493b5
974a67ea
3b6279c2
4aa083e9
fc710fe4
b3133154
870c9877
c86d9a29
b644c2a1
31747256
f3636234
c13313bb
bccb0344
808685c8
083b2e7d
c50a7084
573681ab
780cfc0a
6b6c7299
19909b10
ab801133
7c6f2a95
33bf4dea
17c7dd10
117c212f
dbf02aa4
8bf7304e
c37fb9ac
e5191a01
5470106b
68b855a6
d85405e2
caecc15c
ae800b79
79f79671
7f020d97
bebd42cc
67e14239
9a3cff63
b06f2b4e
37d942eb
9b8bb77c
681eb2a1
3c807a79
24617d5e
4e3158a2
f0615e24
528376a9
3b8b8a01
6db46f05
5e1f0859
0d8cfa9b
abc89bb7
64e8dbe3
9e7b9a48
5e13ddb7
612cfdc8
27cb7c5c
ff27c587
f3ea6d0e
5a43d9a0
5c083e92
b8f78b74
24d7c083
2f2bb933
18b031b6
94abf715
119f80c5
be978f90
63b602e9
57a1ba7e
cff70fe7
00000016
00000001
0000002a
00000002
00000029
00000001
00000020
00000020
00000000
000004a0
00000960
00000000
cd950cc7
07607751
c9101072
e56c513f
a79a9f75
0e83296c
abcb67ba
f26eabf2
4b220e50
2ca6f9bb
712b6fdb
b50c4422
f1439af5
0c7118ec
4e453e8a
a951c260
bc2d7716
0d0111ad
ca2d2784
3a5da851
4a420d31
74c8263b
5c508698
25d09555
e0388649
2b383786
02015ccc
f956ab10
9ba41b77
154af011
6892da11
d3fabb23
3bc1164b
d38bd782
3b1e7cb3
3f95ed3e
a84c66c9
e41b8197
60dcb01d
e0285636
8581a89c
308afa04
585bc614
2b8c04e1
293c4728
b758ec1c
1ca36ef3
cf0c9f1b
468253b6
84174bca
50a4feae
6c966b63
da2fbc95
ca1c95c6
c59ca919
130e7552
7927aa2e
b5b9e575
c8ba9e84
2a783cb0
5dc9060d
9096b9fc
20839f91
6d8f53f8
75efc8f8
3f653494
4b7bcc6c
5c3f0337
0202a283
85cbf699
83bf4a74
b5634a79
b101ea61
d7e62325
30209e94
60a4a476
74e16387
b8047805
bb0356fc
d8281c0c
22725dbb
5b60fc46
7850426c
99602244
24a6b407
98831f9a
b7d28799
c979f51e
83c5af9c
552b6ab8
a5b156f0
e9102676
0dc349ad
21919972
56c594bb
a34aa383
c86c1abc
98dc7d44
64e0d16a
7f5712e8
1aa0ab53
b1e2a67c
b52daa31
501272b0
4cf2e331
835a1c3f
6ca4cc8c
5455ceb4
31ca77bf
954c3b3a
24d5ea9c
950ff44e
82ba95ea
6ad566c2
e36fc332
d8d7619a
2d8496cf
b4032b32
9aaf26c1
59e07459
313642e8
1caa0c1b
0675e262
7caa22fb
023db4d2
9278f5b8
8472338f
3985a334
15c0c333
ec20a989
fbdb6922
aee22618
852fa6ba
fad8b1eb
173a5956
2b351053
0a9e4c7c
a17c846e
e47f40a5
d385a713
8b4b342c
3408d513
826b7a17
9cf6dd5f
c232c482
007e5677
b4d36662
df8d203d
9c255c4b
c2b7ee30
d39a3619
4c188383
3424eb42
f553da6b
e7e97221
9ce17244
50b1aca2
a3b588d3
bd18b7bf
4c82b854
4a2321b9
24223983
9417b396
d48dc1ca
1a42e9ab
a3ac683d
736d5aa6
5aba9041
6b6d00ee
572799d1
bf940d7e
9f4194bd
a9f7a4db
b55a2428
6bb0f3bf
07b26506
b48c3600
c4a438a5
5c43b010
822a1477
3a5b21c5
08a90540
2e480b7e
d42f8b0f
94942a01
8531bf79
8e5807b0
f6c545e7
8530e4a8
a4492618
71d28629
bb9c5402
f05aba44
a5d41018
8cf4aaa5
9584696d
411a8acb
14e0ba1a
512342a5
5c1aa276
b909d894
fb2fe5b7
3484b645
25486cc0
609c9200
78317614
09573336
5e14991a
e9b31f11
4e56f93d
8a964aec
a6d29cd4
1308b835
73b796ef
d3be56f5
a723510f
4d8cd065
3cb402cc
6f80a93e
4bcf1b08
950e04ca
294a2664
e3014956
3436aa83
03f13951
35923124
aabab2db
8d939564
0b2781bb
bafb8c02
1f99441f
214e6a86
49c60482
6dc0a861
7946c527
90206478
0e993431
893df7e6
a4bf8c78
143a1548
5b4d3bf2
29da4294
5e120870
f882a9a4
17526477
c667e513
f4296c98
07348a90
0d983460
ff75ec3b
52d088ab
99844236
c93a1971
49114700
851a599f
c03ff9bc
c95ccc01
b7176b6c
9835f762
5485a28b
7763c60a
fb5ad4d8
7a4a7a59
70bb287a
539bd963
36559613
13e8e530
a219c6d7
3b4c8eb0
64e25d7d
5eb6d680
baa530e3
5138ea36
882e40b4
a2ab2633
6b61a747
c1673c8d
56771f16
b530a802
ad918876
e8d24f18
9e796015
17b1d0ac
4bb46355
be705a49
f076da95
d926beea
a4c9aa80
02f219dd
c314d915
4de89fc5
83fb90c0
d402270f
a18054e0
ab3ce5fc
78452738
762812f5
11b41e71
2045677e
389be8a1
a2f904e5
438b7c87
b82b2135
b24f3071
c4d45a62
47014a8a
22f77d90
94f7ae2f
3c5a0a7b
a2eda383
89656145
189f0be8
322062f0
140cefbc
de32fc7c
219459f9
15f65ab5
6766574f
83751e4a
2ca4ef21
7c838086
b4d5c9b0
2559b997
1e4800c3
16cec5b8
b1a8c210
1b3c0476
6374c6c0
6ad4e830
e79c2585
50d12f6a
77140871
9fcf650e
03308ff0
806cbf74
4736d607
859175d9
9ec4aa37
b33cc496
792300e9
31d00547
b67391a0
75e3905b
ae0485b5
2bbab950
0164393a
02f774a2
a0b7d66b
49f172a6
83335a94
8f51d402
960c2e12
68694158
e1675a89
b6701a3c
4445ba41
8a993952
7a5d02db
b149ec64
af7222cd
c09c8639
98c1840f
4a50cc73
04c70862
8fb06c48
7a2ebc1d
2318b3da
8315b5a6
d09e5031
494f3f9a
80e0c309
d478e650
10df8811
0ce0ca43
6acc891a
fcf230f9
9f5b506f
071970db
428d4683
0aa7f639
af76e396
3ab317e6
110741b4
7b04eb45
c9333e22
0195b17c
214ad6e2
7c061e69
aca30fb0
b71263d5
21ad532a
434af554
980b7b2f
0a160001
612207ca
6e42b357
842e44fa
26f23d5b
c99c649c
27bf8d39
22e89a90
b8a5f78a
6686c8db
3fa8b993
2f2cf50b
124fa6e5
b6e41859
a7800bc6
bb413ce4
ac96034e
f60b524d
330c31b4
1abb3a1b
e733d85c
17f593e6
64708195
5c86b1cb
eb2c0511
1f6c019d
dacd5cc8
f2260e41
84826b11
5ea5da55
71d322c7
5e125ebe
5f2a1506
f90193b8
07c0a406
aa1b48d5
a7cdbf04
6f971477
e1bdd6ee
7c594307
ced1adbf
e803799e
73a790ac
3bf1c200
1848ec55
a46da65a
bbe1439c
4d7743b3
7b7e7b72
353ab536
9d5d3c3a
b3854f32
b860510c
85c7eab6
b5125924
0817c61f
dccb2cea
49ad5337
c7848f94
ad730ce3
e6464a5a
b805c62f
b685c3f5
007ac4a1
af2a479c
b2706929
2380189b
1426d093
d380359c
503a93cc
4760d95b
5f003c9b
41029627
397c394d
6d71f3d8
ea5b9077
a24a7027
040fe437
508fb680
28e7bb8e
5f05ba98
60438b45
59630255
5d7d67c0
c511c6d4
13252e80
7c412882
2ac3779b
55337c27
7b9c4824
a93f2219
9495dc44
a8362793
90e6b042
4c9cff35
14a6b810
82ab57d7
55b23108
485a9498
f30709c1
7cd7f6ab
6740d1df
26debaa7
03358e79
0952885d
f5a15c23
5b400327
7c3821cf
e439b049
05a5f034
dd470b30
30479122
81f7af7c
118c51c7
29ea4e91
0a92974c
da257382
e93897b1
51197665
88116665
319213b0
27a057ce
947a19da
fb686b2a
a956cbc3
4d01fcbe
f148c786
0c78a111
1dc6f65b
35680149
0083817b
ee8d869d
57564128
2e8a4265
9d0ca87c
1cbe9c4b
c6e10212
c050a0bd
01cd6937
79402d50
8520e6c3
d39c4b32
52a1856c
c0c723a4
aa903c3a
03c0711a
d7cf5202
9bd2abea
57e432c1
752f3532
5a1ca156
a295549a
5ab43285
348f5f57
8303db62
77116916
f8b7af72
a04a1384
75967b63
b97a8486
b478fc17
a80280bd
766a67ba
4e826e83
ad79618b
b7354dfb
b0ebb93b
64724768
916b7358
07ba5643
2f3e3162
a685c612
81d19b9b
85012465
88f99217
6593749f
6fa9fce4
e53625e0
686193b9
d53e9083
e6f2c421
1e846c14
fbc837b1
cad221f7
5f295b65
b634b7fd
10ec742a
1e7b9172
9627920d
43ee26c5
2ab87478
cd950cc7
07607751
c9101072
e56c513f
a79a9f75
0e83296c
abcb67ba
f26eabf2
4b220e50
2ca6f9bb
712b6fdb
b50c4422
f1439af5
0c7118ec
4e453e8a
a951c260
bc2d7716
0d0111ad
ca2d2784
3a5da851
4a420d31
74c8263b
5c508698
25d09555
e0388649
2b383786
02015ccc
f956ab10
9ba41b77
154af011
6892da11
d3fabb23
3bc1164b
d38bd782
3b1e7cb3
3f95ed3e
a84c66c9
e41b8197
60dcb01d
e0285636
8581a89c
308afa04
585bc614
2b8c04e1
293c4728
b758ec1c
1ca36ef3
cf0c9f1b
468253b6
84174bca
50a4feae
6c966b63
da2fbc95
ca1c95c6
c59ca919
130e7552
7927aa2e
b5b9e575
c8ba9e84
2a783cb0
5dc9060d
9096b9fc
20839f91
6d8f53f8
75efc8f8
3f653494
4b7bcc6c
5c3f0337
0202a283
85cbf699
83bf4a74
b5634a79
b101ea61
d7e62325
30209e94
60a4a476
74e16387
b8047805
bb0356fc
d8281c0c
22725dbb
5b60fc46
7850426c
99602244
24a6b407
98831f9a
b7d28799
c979f51e
83c5af9c
552b6ab8
a5b156f0
e9102676
0dc349ad
21919972
56c594bb
a34aa383
c86c1abc
98dc7d44
64e0d16a
7f5712e8
1aa0ab53
b1e2a67c
b52daa31
501272b0
4cf2e331
835a1c3f
6ca4cc8c
5455ceb4
31ca77bf
954c3b3a
24d5ea9c
950ff44e
82ba95ea
6ad566c2
e36fc332
d8d7619a
2d8496cf
b4032b32
9aaf26c1
59e07459
313642e8
1caa0c1b
0675e262
7caa22fb
023db4d2
9278f5b8
8472338f
3985a334
15c0c333
ec20a989
fbdb6922
aee22618
852fa6ba
fad8b1eb
173a5956
2b351053
0a9e4c7c
a17c846e
e47f40a5
d385a713
8b4b342c
3408d513
826b7a17
9cf6dd5f
c232c482
007e5677
b4d36662
df8d203d
9c255c4b
c2b7ee30
d39a3619
4c188383
3424eb42
f553da6b
e7e97221
9ce17244
50b1aca2
a3b588d3
bd18b7bf
4c82b854
4a2321b9
24223983
9417b396
d48dc1ca
1a42e9ab
a3ac683d
736d5aa6
5aba9041
6b6d00ee
572799d1
bf940d7e
9f4194bd
a9f7a4db
b55a2428
6bb0f3bf
07b26506
b48c3600
c4a438a5
5c43b010
822a1477
3a5b21c5
08a90540
2e480b7e
d42f8b0f
94942a01
8531bf79
8e5807b0
f6c545e7
8530e4a8
a4492618
71d28629
bb9c5402
f05aba44
a5d41018
8cf4aaa5
9584696d
411a8acb
14e0ba1a
512342a5
5c1aa276
b909d894
fb2fe5b7
3484b645
25486cc0
609c9200
78317614
09573336
5e14991a
e9b31f11
4e56f93d
8a964aec
a6d29cd4
1308b835
73b796ef
d3be56f5
a723510f
4d8cd065
3cb402cc
6f80a93e
4bcf1b08
950e04ca
294a2664
e3014956
3436aa83
03f13951
35923124
aabab2db
8d939564
0b2781bb
bafb8c02
1f99441f
214e6a86
49c60482
6dc0a861
7946c527
90206478
0e993431
893df7e6
a4bf8c78
143a1548
5b4d3bf2
29da4294
5e120870
f882a9a4
17526477
c667e513
f4296c98
07348a90
0d983460
ff75ec3b
52d088ab
99844236
c93a1971
49114700
851a599f
c03ff9bc
c95ccc01
b7176b6c
9835f762
5485a28b
7763c60a
fb5ad4d8
7a4a7a59
70bb287a
539bd963
36559613
13e8e530
a219c6d7
3b4c8eb0
64e25d7d
5eb6d680
baa530e3
5138ea36
882e40b4
a2ab2633
6b61a747
c1673c8d
56771f16
b530a802
ad918876
e8d24f18
9e796015
17b1d0ac
4bb46355
be705a49
f076da95
d926beea
a4c9aa80
02f219dd
c314d915
4de89fc5
83fb90c0
d402270f
a18054e0
ab3ce5fc
78452738
ee9424fb
e57ac236
086ae6e2
ecec82a4
d29b86fb
35759b03
9e183971
bc8cff00
bc6f01eb
ed72789f
6eb7f30a
285695f5
9b927a05
6006ff69
8b45f76c
f1440060
00000017
00000001
0000002a
00000002
0000002a
00000001
00000020
00000020
00000000
000004a0
00000960
00000000
4ec5b057
f73600b9
11e146a5
0ea1d8ac
3182b0a1
32940aa0
4d2c1715
fa24ca67
7833a77b
f65037f2
cc7dbb28
766c646a
8a69c940
6caa2f51
6ae6b830
5363e234
f10d856b
b1662116
ac70bbdc
ea7a3520
6b4c0372
50b25c8b
068e28ba
bb6b2b0e
82c5d6a5
d73c530b
29f797a2
d84c6040
75ea48b9
3cb49872
c97275f4
bc56afc5
088cff89
536ce2af
4622258a
85f7bd0e
80bd486c
cbf78201
1b8c6c78
1075f4f1
4c598c65
17b64f72
d94d0291
78b99b88
c218ad88
aa1443f7
0b6e4b44
1d626086
3f6a9c85
530a94c9
5df55a9a
1704e747
258b4e4c
b267c193
2ac435e8
01a2ad32
cca67559
fdceabbb
55e7aa7b
94d47547
75287958
06c81191
11991bab
163806b7
c3efbc1a
56fa0949
424e7110
b4007da3
0bb5ec1f
5222f67e
a10e4a94
b800fc8c
506a3268
eb9141fc
bd31f0c3
6ca53ac1
48d668e0
c5548b25
1e00d2a5
f48c5b8a
0a442e36
5893c9b5
c64c61ea
42b6a5a9
b17df31b
408e540c
2dd3613d
c8af63b4
c33e5d91
38e95b7f
384b161b
341a4ea2
a7249876
7a6beb63
b19c1f35
97699004
291d84fe
b1cdc021
224abcb9
552baaaf
073f1e02
b7ca142a
e22b65cb
d28abadc
24819c46
e71843cc
e968a77c
7376d4bb
08249ada
70c296db
9d225d54
9076fc83
218f7279
67030512
f068e7a6
a4052629
145c367d
5c54295a
cc672730
346b93b6
753362b8
836804aa
a49c908f
9b294a80
eb941f00
3cb5ec20
21aac458
4ba45d9a
3f5bc011
8142227a
200223b1
a4511f78
8a99c788
6b184df1
4b9b8c26
c36c02e3
62e7860a
5878a26c
2407c49c
67d7923a
5c80a65b
a064d747
1ada4319
c4a8966b
2452468c
215b89b9
20e30751
3b4a46f1
4bad5c3a
24a81728
84a2f104
ba13115a
30492314
4108b536
ba73ad82
0a28e5c9
f08b54fa
bb419599
cb682a6e
e7a5d33f
566d3350
a25bfc7a
f8cfb823
14f432c4
35785a17
38172611
7196ba41
a5baac87
ed631075
5a888805
82e28864
edc54a1e
ca612373
9648793a
c20fe6e6
957966e1
31b52e16
7928b432
e5cc5627
b00a464b
9c7dbb25
6773accb
b2b7897b
89cb0cc1
40877090
1707af93
2340c29a
88c31b20
9210fe8d
7625355b
5610a180
ab0bc45b
b530c1bb
e098694b
b30c03ce
0a28bbda
7c1249e5
a2e84a35
e4480051
47f24ae7
a20c641b
ef8677ff
76d84a01
13990787
4bbfab85
a80404b8
883b31a8
22649cd0
99a6cae7
89a108b8
0a080c34
f39d2329
38c731a6
0e9fa838
c4a49e62
63e27287
f54f643a
27549698
94862270
6b79ac76
e27d8fc3
b6637a5c
1e66dbea
cbcbbbc6
cc86c337
0c0b19eb
42da9902
7880a9cb
1ab723c1
b5b16796
c7c226bf
7f5567d8
17fb5325
36064d07
9c6f4840
82f39dd7
42610c31
012e7b17
3150c798
c120ee5f
bd861a5a
db485297
7b586d43
060ab7dc
885e808a
3abb4362
b94c1437
62a13164
c3e95bcf
d37093f8
e9263537
58d4f979
0aabc2c3
769d7e18
9ac5923c
074c969e
02c8c487
24945550
bf44bc09
137b2fc3
a269f90d
6d88a920
052f2faa
9eebb15d
24b0c975
1623901a
377c8ba8
fc8b9228
07913774
b3c79bc9
6a385ab0
e008350c
10f0a041
bab63771
e72bbcf6
18c92c78
c78286f2
54154cd8
6026bec5
6b6e43ac
c7397e3b
a6c293a3
4e2201be
776fbb50
067bf1b5
3495722d
74878798
3466ec35
e4031289
b83bbe47
556c1dcb
2457ce17
1014e099
e8ee10af
eb5939e9
8ae2b22d
8743e424
d898a98b
977b5a13
662bf898
82e6a207
a4737c36
be6f77f2
2d000f13
29e1f54d
576891f9
c60e6f17
11967927
c303023c
642c7da6
9923550c
f6a692d8
c0f253db
b266abc1
6876eb32
a4007bcc
ba369829
ae3743a5
683e3ca5
83c23185
6119c4c8
169813cc
86f86d5e
be0f73ca
878a9cb3
65fa89bd
9e4182c3
6c368d68
523b094b
cb84c5e4
f5f42028
adb424c6
495041a9
b199b4d9
1f5446c6
c8234317
d89b0d39
62db61b9
724797cf
dc879c04
24ba179a
084cb7d0
786d4fa0
9b182a55
60aa3531
206ecaa6
0a08bb9e
b081239a
3a0b50bc
cdeac781
189c7323
19768fb7
56ebce7d
aea881bc
383c7311
c0c0d49a
fcce92d8
b6cea5e1
b147ad7f
577d1a42
969f04e3
1b330937
445b3307
d7985208
68912c8e
d7b6cc01
11db1fe1
39e6ee15
0b9907ea
7c85bd05
b8248a08
5d44a171
e15bb3a4
3559f6c4
0f4fb531
f044c22a
6aaaf040
2d100340
17fe14ac
6db2d015
ac04900a
04b6c1da
02a9dd63
7d38f8c4
71ecc8cb
a3ebb00e
379707dd
f4771ce3
7f77334d
c9ad9aad
c7f42b65
7fdc8fb3
926aca3c
f01e84f9
4dabf7ac
4e5fc618
d5fea0d5
51148611
609cb5d7
6abcc4cb
2ae03d1e
b524b8ef
540665c0
a2785763
6690a079
e7184fc1
1d30ee21
5548f254
d41b7232
b28a416f
d11765b0
fc6a3b11
6e3523b2
38cde8cd
8ae811f2
b9ba4c1e
a179a35e
3573bd92
825c2f98
a3ba9c35
156091f9
b497ac80
d42edc7c
886798f3
25d21b03
80778056
1c5f84f4
c0f4ab39
0fc1665b
0c5aab44
63b8e383
79b425a4
dc5fcd85
6f29a795
701a07b4
673d8305
42e4534d
b9bb60d7
25dc8b90
57b90f61
aa992858
0c68374b
5d672089
274486a5
a5fd9893
5019e77f
0c6d98c1
1597c634
75a1c673
78cb8cdd
e8341a12
12e7ec37
988f9342
21f56477
8fb2cbc2
570c890f
e2302269
addab2ad
611fb954
ca2679ac
c51913cd
1820a9fd
c61e7269
c311bd74
a93b77df
84c5a3e6
64a3442f
859bb270
995fc458
6503d319
cd5848a4
51041e64
0cabcdaf
2b0664a2
5596b367
a2972ebd
b8c91335
fa0d13e8
10d10610
6596ebed
27ad8c20
6e74433b
6230c7a5
5af1b7fc
94a74a00
dd371c1d
91064a08
38d5bab9
51b8c262
3493c5b9
5c30afce
cd6bb589
47453039
cad43054
6a6ac68c
f657765c
7418e6cb
c54067a6
15eb0c4a
5e075815
d0008bb0
d4bf65b8
34fab5b8
26645173
9ac2cd60
7030b389
e12fc880
c28fc0b0
75e5d5c5
2a04ac03
e4465e45
9857cd41
b7442576
10581f29
a1132bcc
208af078
fb1f6558
7c144251
8f9d52f1
018793d9
037a3861
fca91ce2
e8a678f6
87061bb3
de1e20b6
794a7ce9
781a1525
9496d0c1
c9c69e8a
c3023905
8ec2d129
b766bd58
2323b0aa
685809ef
5325c23b
1b17c238
96a0db01
d6694ebb
34d75c65
220bc2ef
b80d0b8c
8316a7af
170bf552
0b168698
c5c3f52f
0470148d
b7399c90
acb64cb5
618c20ee
04a4bcf8
210c5909
a36529b6
cb0eb526
5cda643c
1b984606
79564ffb
b6e86e75
645a7175
0c7589dc
cf19d542
db777759
81d71a22
708b9393
f90e342a
d76b9049
286bdf04
1416e3f9
627029a9
05f7b979
ca4f6bbc
f1c0b8ea
4bbaf182
27286918
16ed993a
7bf5abbd
b085d882
f50a0e2a
1652fb5d
162bd25a
14135c99
5f81ff86
325ec5e3
4b413963
700b9b90
4ec5b057
f73600b9
11e146a5
0ea1d8ac
3182b0a1
32940aa0
4d2c1715
fa24ca67
7833a77b
f65037f2
cc7dbb28
766c646a
8a69c940
6caa2f51
6ae6b830
5363e234
f10d856b
b1662116
ac70bbdc
ea7a3520
6b4c0372
50b25c8b
068e28ba
bb6b2b0e
82c5d6a5
d73c530b
29f797a2
d84c6040
75ea48b9
3cb49872
c97275f4
bc56afc5
088cff89
536ce2af
4622258a
85f7bd0e
80bd486c
cbf78201
1b8c6c78
1075f4f1
4c598c65
17b64f72
d94d0291
78b99b88
c218ad88
aa1443f7
0b6e4b44
1d626086
3f6a9c85
530a94c9
5df55a9a
1704e747
258b4e4c
b267c193
2ac435e8
01a2ad32
cca67559
fdceabbb
55e7aa7b
94d47547
75287958
06c81191
11991bab
163806b7
c3efbc1a
56fa0949
424e7110
b4007da3
0bb5ec1f
5222f67e
a10e4a94
b800fc8c
506a3268
eb9141fc
bd31f0c3
6ca53ac1
48d668e0
c5548b25
1e00d2a5
f48c5b8a
0a442e36
5893c9b5
c64c61ea
42b6a5a9
b17df31b
408e540c
2dd3613d
c8af63b4
c33e5d91
38e95b7f
384b161b
341a4ea2
a7249876
7a6beb63
b19c1f35
97699004
291d84fe
b1cdc021
224abcb9
552baaaf
073f1e02
b7ca142a
e22b65cb
d28abadc
24819c46
e71843cc
e968a77c
7376d4bb
08249ada
70c296db
9d225d54
9076fc83
218f7279
67030512
f068e7a6
a4052629
145c367d
5c54295a
cc672730
346b93b6
753362b8
836804aa
a49c908f
9b294a80
eb941f00
3cb5ec20
21aac458
4ba45d9a
3f5bc011
8142227a
200223b1
a4511f78
8a99c788
6b184df1
4b9b8c26
c36c02e3
62e7860a
5878a26c
2407c49c
67d7923a
5c80a65b
a064d747
1ada4319
c4a8966b
2452468c
215b89b9
20e30751
3b4a46f1
4bad5c3a
24a81728
84a2f104
ba13115a
30492314
4108b536
ba73ad82
0a28e5c9
f08b54fa
bb419599
cb682a6e
e7a5d33f
566d3350
a25bfc7a
f8cfb823
14f432c4
35785a17
38172611
7196ba41
a5baac87
ed631075
5a888805
82e28864
edc54a1e
ca612373
9648793a
c20fe6e6
957966e1
31b52e16
7928b432
e5cc5627
b00a464b
9c7dbb25
6773accb
b2b7897b
89cb0cc1
40877090
1707af93
2340c29a
88c31b20
9210fe8d
7625355b
5610a180
ab0bc45b
b530c1bb
e098694b
b30c03ce
0a28bbda
7c1249e5
a2e84a35
e4480051
47f24ae7
a20c641b
ef8677ff
76d84a01
13990787
4bbfab85
a80404b8
883b31a8
22649cd0
99a6cae7
89a108b8
0a080c34
f39d2329
38c731a6
0e9fa838
c4a49e62
63e27287
f54f643a
27549698
94862270
6b79ac76
e27d8fc3
b6637a5c
1e66dbea
cbcbbbc6
cc86c337
0c0b19eb
42da9902
7880a9cb
1ab723c1
b5b16796
c7c226bf
7f5567d8
17fb5325
36064d07
9c6f4840
82f39dd7
42610c31
012e7b17
3150c798
c120ee5f
bd861a5a
db485297
7b586d43
060ab7dc
885e808a
3abb4362
b94c1437
62a13164
c3e95bcf
d37093f8
e9263537
58d4f979
0aabc2c3
769d7e18
9ac5923c
074c969e
02c8c487
24945550
bf44bc09
137b2fc3
a269f90d
6d88a920
052f2faa
9eebb15d
24b0c975
1623901a
377c8ba8
fc8b9228
07913774
b3c79bc9
6a385ab0
e008350c
10f0a041
bab63771
e72bbcf6
18c92c78
c78286f2
54154cd8
6026bec5
6b6e43ac
c7397e3b
a6c293a3
4e2201be
776fbb50
067bf1b5
3495722d
74878798
3466ec35
e4031289
b83bbe47
556c1dcb
2457ce17
1014e099
e8ee10af
eb5939e9
8ae2b22d
12f8774e
532f1fac
945f256b
2feb76de
6f568a5e
61fcee4c
15fb7638
3d33ed63
12c7a0b8
32236266
c81a1a62
f1962417
2eb955e9
7a4c0fbf
22d6bb68
35e0fef9
00000018
00000001
0000002a
00000002
0000002b
00000001
00000020
00000020
00000000
000004a0
00000960
00000000
a88de1f1
09282cfb
4b293f9d
da3c75b5
8a3662c4
2cb53e44
6ccc7b57
5740c430
2432e997
c73ae07b
c763761a
4de5b6b8
61885084
b16d40ac
17b4177f
67ad940f
42bf138b
3601146f
dc893349
86221634
044be247
c4366bc9
f511afc7
a1b48b68
7ba155d2
85732752
1211d994
e4b927a9
72d56cab
7653de34
588408b4
c3145cc7
af48deb3
89427936
49124728
91a62b76
9b4e1c12
c58a096b
29baa9cb
a7bb05f3
6adca500
1302fd5e
4f89c7cf
d21c9178
cfd0a27d
d8481574
30209457
7a696b82
1e3df96b
30404225
ae6c6424
5d2fb4b9
f6a14c60
1db79c06
69634497
9c311105
1c39f40b
9932d57b
70248d56
3b8ad2be
cf0e308f
41a72b8a
5d4ca90f
2214c161
70f75e50
2e7c3d43
f516638b
132b596b
ba35f18d
083b70ce
45ba1744
4029f57a
de96976f
eabc4438
283c051d
c3287c4f
46978599
bf3af74c
771d609b
82bbabe6
5dfc4b25
659f230d
46932d33
c0272636
ad7635cd
d93c3504
0342efbf
ec577c40
bab6966b
90c53a76
2f7462c6
c67f0959
88fb7f24
a116c91d
55c60bf1
965bdd5e
26ab4a9a
88b4c70c
2d75bf59
2d210925
29202a19
4ae3d571
746815ab
15b6ac24
abb08b43
92b06089
89dc268b
adc9e20a
ab3ec4fd
648a46e7
b1ac765d
671fdb73
007a5450
cc160008
c29d2538
4a342f84
45786745
f40773a5
f95b4a11
74549a08
6d9f1443
58fc51eb
b8f54e6d
8f052b45
b391777a
2ac55f11
f3b5c6d5
b39a1bd9
a1f59308
8c830437
9cb783c5
bc0973b7
a417725b
245cc88c
342bea89
70a792e1
250752f1
74c3631d
77822cc4
819a07c8
9d0c7217
93872a31
c99a8b19
16a0ca97
6ca8914f
c77d829b
97db562f
7d821ced
e9adb488
2326b057
a3566ad0
57255c13
cfab6aac
3d6eb3d4
5c223545
4bfbb6ce
eebce81b
b532c370
bc2acf5b
3cb4f97a
60436df1
1ea1fc82
63b3a059
4b2034c9
0189d91a
9d99095e
031b5fb4
4811374a
e3c9c9d7
b364ba54
0ae28e5b
df769989
67295d8c
11b3997d
7f9db013
c51aa634
9fc625c7
e462c6c3
0323b98a
0837e5ce
7bc5c9c5
2c940bd6
7b385c0b
8e5592ce
fb33b1e2
4e70d23e
1944a195
2092427c
6ce79f42
f0856677
9459b9eb
cab32ac1
12011530
76d1103a
42b5ff76
47c414e7
d4b702c9
bcc2ef7d
b601f410
302c2829
560a7042
f6b3e525
66147ac4
91359630
178e005a
63f9679a
22ab36aa
136c9b61
81ea5db8
28e64878
1f1a527a
b6dc2f47
32c5ba56
82cf84d8
1716a456
4635ad5f
060d26db
c7a78e23
9c01b5a3
9f63e1bc
ec5770e9
3e32fd04
bf700380
fbe08915
00566aa1
1ac4d76f
e01cc1bc
a3c11987
2843816d
22295bf3
7c035abd
1d92dbba
6b4c7ed9
1c369c50
929b7c56
e15c6ef9
9299d79c
8b77436b
a04baa69
73572980
7b4f24cd
4ae10f6b
1855ef18
399d7360
8c80a747
3c409388
20759946
231494d5
6163b458
349ee69f
d56d15ea
84e8c2c3
c55dd230
e92ccb33
54367e23
de0523c4
3255b6f5
77910d22
1e3a2388
e4a44551
aaa96a71
4736f196
a9768f8b
bba3e7a3
aa1a60f9
4cc52bc0
58d2f646
d8b78b22
3c466b68
35b43b6c
e09e6ccf
b6f95c7a
6bd10f5f
d00dd022
451a1781
8493fd48
16a5f2c4
ea75ab8b
3bd60563
4c8a7103
18506fba
c7ba207b
8d0e7a74
98b29fd6
a260f9c1
4b41b0a3
6c002965
b3457047
89effc45
1406d03c
d8dd7c59
830b91a8
270463e0
57a80721
84ec6e60
c72de6de
0d3fd6ea
740e743a
23365e7e
c03dccd4
a91c38b4
6cdcbb7c
f326a3aa
63cac221
88d93bcd
eb361152
5bc62f37
4eb13ea6
86a56a12
85afc00a
63e61d23
2a2da91d
b306566b
4784033e
b5375773
13d989d2
323b2fbf
972789e8
006a3705
180a3b6d
71af42a6
307c20bc
3c99e217
0b6db35c
370a7237
ad382b78
b5474c9a
68f68dbc
64f18fce
f0ac65d0
556d30d5
9ada3f0d
36932837
27190264
2173518f
725654cc
60768eda
73e938c8
5238354b
9a96789c
b0ca6ba1
612103e6
432e7f64
79f160bd
9b5979a8
f6285e52
96f6dd73
0079745a
f4ce9766
68ea8e97
c352b76e
d6e7ce4a
682cb67f
ef3f8adb
8ce74d30
b4d31125
1e7821bf
a6328fdc
97c1916e
ab2963e4
0774cea8
4e373e45
e5a77aac
606eb77b
0e9a06a5
71a0d248
eacbb730
2dc6092d
d221f5d8
3b4e9d1a
227c6b8d
c8a89868
506386f4
b3393f51
37c94753
d9917050
77740f04
c14d9432
8bc6bf11
05003dac
a748f039
5c16a276
cc21482a
289e9cb1
6449320c
1b4a48af
2ab88c03
ab88c079
aff51497
ee265194
364c4b03
13896e2b
e37a6500
b1d207e6
4b2c144e
f3b16593
02229057
ba209c64
fdc9853d
159a0f03
a58668c2
c154f85b
b10dca80
c7211f34
d572735a
c389074a
203af392
f046a0ab
cb7fa378
c8d8b942
1d690ccb
5a74224a
a9fa4487
e033b425
76513f30
5f39314f
f94471c6
43833703
8e507826
b280f3da
9b5aa379
71daba1d
0416035c
c7fc943b
76c7130d
40a89169
934bc50a
96e985c9
8d7ce455
5a341862
4ab20594
503ae9a8
f2fc6398
0839489f
81cf4cb1
b11982f4
45e5a9c5
07004227
2555c476
75b65827
dc7979fe
e2af50cc
a98295b3
6853c688
00b778e5
313bf992
49bd4703
b324b0c2
02b5cecc
bbaa0435
bae7c567
59431b48
3c94a187
901841d7
5da53c19
f79e7a2e
5ba77f11
b7b06592
cf5600a9
83cabc5c
a43149b7
990c94b4
16c530ba
50c39436
549b0077
131215a4
8fd98b61
b649380b
b92fbd7a
3ae4a01a
31830714
d47d2b40
15e7bf22
ba782a48
e57eb95b
2376c915
0823abb5
786a1e59
ab42fa63
ce8643ae
626c5149
4277087a
1163a43f
41093b82
9d44d4cd
b41052d9
062e14c1
b0f27a69
686944f4
dc642fe5
a105165a
43967119
6c68ade4
508abf59
9b6399f4
34f8a9bb
43005511
ba508686
93f2ac22
241b999b
2f49fc43
f7843039
bd53f105
d0ae6949
629b8d00
5fe7fc5a
97bee3d5
ab30cfe7
16f82f3b
ba5f87c9
9590af11
7d257d1a
38c648d9
99fb770c
5553b2a3
35ba7c32
63f993f6
1ef54f82
8c754c85
1aa28b59
b3044996
cb4cb70b
a89362ca
a98aadaf
f81dd91d
1bb335f2
80d8469f
5c9dc2b3
22c86a06
08a21e80
16c40458
634f6454
b7c115b5
22c47548
aa8440c1
195ab04e
a455ebb7
4a421767
3c5937bb
9373402e
39192200
cf6768af
cc4cf605
63fe0f56
2f16a224
d2b1d4fe
b0c49cd3
95a61c8b
36270b7d
c19d6f6c
9159ba10
fd65e62c
d3ee2c24
6441c37a
5b3c12a2
f1097601
0df3a61f
e5ae48be
86105f7c
aecc1bcc
756d108e
f95995a4
782b2f26
6f1fe0c2
829b8654
6f215e09
a6281a8e
ecde2f3b
7707492c
ee217349
b95350c1
2f02a619
3bc78992
cb30c326
61491e21
116afcf5
41c35851
7ce56597
9a0d4129
b85ccea3
05d39433
8190c890
0bc437a5
8616b698
a88de1f1
09282cfb
4b293f9d
da3c75b5
8a3662c4
2cb53e44
6ccc7b57
5740c430
2432e997
c73ae07b
c763761a
4de5b6b8
61885084
b16d40ac
17b4177f
67ad940f
42bf138b
3601146f
dc893349
86221634
044be247
c4366bc9
f511afc7
a1b48b68
7ba155d2
85732752
1211d994
e4b927a9
72d56cab
7653de34
588408b4
c3145cc7
af48deb3
89427936
49124728
91a62b76
9b4e1c12
c58a096b
29baa9cb
a7bb05f3
6adca500
1302fd5e
4f89c7cf
d21c9178
cfd0a27d
d8481574
30209457
7a696b82
1e3df96b
30404225
ae6c6424
5d2fb4b9
f6a14c60
1db79c06
69634497
9c311105
1c39f40b
9932d57b
70248d56
3b8ad2be
cf0e308f
41a72b8a
5d4ca90f
2214c161
70f75e50
2e7c3d43
f516638b
132b596b
ba35f18d
083b70ce
45ba1744
4029f57a
de96976f
eabc4438
283c051d
c3287c4f
46978599
bf3af74c
771d609b
82bbabe6
5dfc4b25
659f230d
46932d33
c0272636
ad7635cd
d93c3504
0342efbf
ec577c40
bab6966b
90c53a76
2f7462c6
c67f0959
88fb7f24
a116c91d
55c60bf1
965bdd5e
26ab4a9a
88b4c70c
2d75bf59
2d210925
29202a19
4ae3d571
746815ab
15b6ac24
abb08b43
92b06089
89dc268b
adc9e20a
ab3ec4fd
648a46e7
b1ac765d
671fdb73
007a5450
cc160008
c29d2538
4a342f84
45786745
f40773a5
f95b4a11
74549a08
6d9f1443
58fc51eb
b8f54e6d
8f052b45
b391777a
2ac55f11
f3b5c6d5
b39a1bd9
a1f59308
8c830437
9cb783c5
bc0973b7
a417725b
245cc88c
342bea89
70a792e1
250752f1
74c3631d
77822cc4
819a07c8
9d0c7217
93872a31
c99a8b19
16a0ca97
6ca8914f
c77d829b
97db562f
7d821ced
e9adb488
2326b057
a3566ad0
57255c13
cfab6aac
3d6eb3d4
5c223545
4bfbb6ce
eebce81b
b532c370
bc2acf5b
3cb4f97a
60436df1
1ea1fc82
63b3a059
4b2034c9
0189d91a
9d99095e
031b5fb4
4811374a
e3c9c9d7
b364ba54
0ae28e5b
df769989
67295d8c
11b3997d
7f9db013
c51aa634
9fc625c7
e462c6c3
0323b98a
0837e5ce
7bc5c9c5
2c940bd6
7b385c0b
8e5592ce
fb33b1e2
4e70d23e
1944a195
2092427c
6ce79f42
f0856677
9459b9eb
cab32ac1
12011530
76d1103a
42b5ff76
47c414e7
d4b702c9
bcc2ef7d
b601f410
302c2829
560a7042
f6b3e525
66147ac4
91359630
178e005a
63f9679a
22ab36aa
136c9b61
81ea5db8
28e64878
1f1a527a
b6dc2f47
32c5ba56
82cf84d8
1716a456
4635ad5f
060d26db
c7a78e23
9c01b5a3
9f63e1bc
ec5770e9
3e32fd04
bf700380
fbe08915
00566aa1
1ac4d76f
e01cc1bc
a3c11987
2843816d
22295bf3
7c035abd
1d92dbba
6b4c7ed9
1c369c50
929b7c56
e15c6ef9
9299d79c
8b77436b
a04baa69
73572980
7b4f24cd
4ae10f6b
1855ef18
399d7360
8c80a747
3c409388
20759946
231494d5
6163b458
349ee69f
d56d15ea
84e8c2c3
c55dd230
e92ccb33
54367e23
de0523c4
3255b6f5
77910d22
1e3a2388
e4a44551
aaa96a71
4736f196
a9768f8b
bba3e7a3
aa1a60f9
4cc52bc0
58d2f646
d8b78b22
3c466b68
35b43b6c
e09e6ccf
b6f95c7a
6bd10f5f
d00dd022
451a1781
8493fd48
16a5f2c4
ea75ab8b
3bd60563
4c8a7103
18506fba
c7ba207b
8d0e7a74
98b29fd6
a260f9c1
4b41b0a3
6c002965
b3457047
89effc45
1406d03c
d8dd7c59
830b91a8
270463e0
57a80721
84ec6e60
c72de6de
16afd554
33202564
673d5e18
276a5519
6b0dee34
2a747db8
3d780ad0
6d9646e9
3b09f4b1
e59009e7
2cdd7b0d
940eed15
019e4ceb
4cba8971
4f4062bf
b6d86a67
00000019
00000001
0000002a
00000002
0000002c
00000001
00000020
00000020
00000000
000004a0
00000960
00000000
0c0f7945
d5b271db
67099d4c
19cb5cf8
68197df0
1b599908
4aaa43d2
b0a9b070
4e093916
452ce0f1
ea0166d2
05883655
6fc029e7
65a38cc4
65262772
2cb0dcde
1b136b79
20289f43
ec45fb8f
cb5b60c7
456901cd
8dc3a649
f2efa576
385cbd5c
99157101
ac201f52
aebb957d
589e20d9
0b643cda
36c158ac
7197d084
e1c51b44
c1599358
db0b2c3c
348b2f91
60ac63af
40085bff
849cce43
a0827aa0
d8aacb4c
b3da1414
ca59c41a
e0237138
734e4a79
23e926b4
c1b8376f
90d41e39
9da6ca5b
7c91f9a5
b9d17682
13b797ad
ce31b137
e9474355
bd0a7d45
d2629113
1a4a59c9
8a6c92b2
ad3e951a
f8a27851
8099a19d
9fa16821
46a93e31
4480e4a1
0f6498d2
42a77545
15fc0ac0
f1b29551
54827fb1
cf6108c4
2710f7f9
05ef1b36
21b20c00
26726c65
7a716f70
40b8da9c
a52f31e8
6303b9b5
b9497d37
36c0219b
5c481622
9109d30b
467f5842
96797c9c
0ea58d80
a464233c
19b22975
98c667a1
b428d5c2
69c6c1a7
09499153
21b4575a
049b8f7c
75d5762b
ccc1871c
337b9425
44756778
e15b0bf0
e4b157cc
903c2647
bc67899f
7aa15513
95557a6f
a1621a70
9ae4766b
95b75c7b
9c3a9cf5
e23b1acb
a4bbb531
a10a47a0
e1ca5cea
50879511
4153abf9
c440c14c
a70a851a
787829d2
c41c6fc5
2729fd62
a25be4bf
41e57a5b
5a541ec8
810d1426
6cfe8b00
75aa0350
ca604693
54436256
0f35d1b1
b33aa7ac
3b5aa2cc
793a844d
1bcae1e5
8bee3bb1
2b735051
e6c94a39
3b218fd6
5520a137
e017e111
85de5812
24835b9a
fd7a6903
1b78ad46
ac10eac4
6a183a92
5422c6f2
b6e89402
02575008
66396c14
1fd31412
284d34e6
f6e66a1c
2cd6fb21
b17384d5
6258c7d9
4835966c
10b5a350
34814ea8
2e5bd896
7695c04a
d2571384
89f2515c
3c12caac
b0d46e33
6ae9b0c8
15607008
98edb245
4c08c281
dd847c42
45509ea8
14c2f98c
44a89bef
2075c568
bdd4e43a
f2ae830e
5a7b7675
0d53bd8a
2f0d38c9
06e73152
a1a78c87
07b59688
1103cfec
44b7be77
f90dc235
65ae8c53
0c935194
f454c8d2
a5235375
8ca4b108
66881c4c
1bf63f74
06336069
5e65b796
01b847db
43e5e627
f632db39
933a573b
03840654
2e03a247
00b1baf9
88860bbe
9fc63ae9
0a8719b5
11bbe24f
bf0ed5c6
ac8f6d43
6e72b391
a413c0b1
6704ba74
51530b5a
2d8e291e
50b5bd5b
710c8351
63260ab8
7b4a39b9
19e96a1b
c7b592f6
8329cf2b
b49b5619
614826e8
71a6bb5b
22634d0c
adcea534
5748a777
4da31a3a
eb5b5331
b4522af1
8e86f91c
fd24024e
a5949a0c
22084ba7
47c781f5
08169d68
6c479b43
7056d944
d8156dac
ac31d987
1e0af8fd
713415c1
9fd700c7
e8276370
20b0948b
0caafb0f
25cf8cc6
b37e5ae5
8feb256e
b85e17c1
14ea3a12
627634bc
8d420436
3253995a
5cb63ab0
0f46225f
44d72ba3
8968a68d
a540e3b1
087339a7
52080710
6c7f3795
c0c719c9
46bb4a70
af215582
e7d118d8
13eabe62
8db7690b
d20987d6
02a22a0a
42956467
b8c86ee9
b4549f87
823716e7
34cd36d7
c62c474e
2d7bfcdc
f0c934e5
51668a25
a21d00e0
8cb41367
047547aa
69a87161
cb160169
7b971c85
3f1335f0
f2f11a01
994ad833
8d22d92c
9ac35644
76405dce
e88fb458
06bf5032
17a173a4
133312e0
8d8d7bb1
cb7eabbd
68956419
11077274
703b8456
997bd055
2d7ceacf
224d345c
962a7df3
8be8d1b4
bf05e371
b71537c1
76bceb10
c755c578
f7a39579
b98148a3
8046651a
234d30b4
cfbbb2b0
a87930a3
cbee8b6a
9f212524
8f4d6901
9076119c
4580d155
226ef646
4455410b
1f342cad
0d6cb9a8
17bd1600
3b6b0373
7a53acb0
07de7430
7fec4cb7
cf25c6ea
70dca354
630af2c6
4f1bbc08
023c8793
b6c34a1a
368a30fc
9c653c17
ce1bd416
650450ac
29ddc4ac
9f2a5bc2
fb44f9f1
384bbc2a
66b7a36f
9a3b3301
dc0b9521
7c83a560
f2bdac22
7abc7bd6
8a83a06d
34001a0c
e5ad68a9
32821424
2dc7a3db
bb7781c6
2e05ab4c
258f634b
45b00f02
5738ad56
279577e9
12201321
34557474
d65f7ae2
b727c61a
2c914851
d294278e
42695b21
20686ba0
9b961ab0
93a74cc1
8e29373a
76424b05
422d60cb
60a67fbe
b69973f4
fb933219
27ba9935
a41cc0ac
d39f9d43
41f3305d
5a5f7304
239439b5
7d1c81bb
a2b55146
b2138ab1
b4245c78
1a397c37
848e134a
70e8a083
0d3b97ff
6cd026b6
2bb88330
730f99ba
d4bf7d62
3fa73ca9
e4b05900
997d289b
cab95407
d8af258e
a1194268
5af1cbcf
3d5a7510
89615a05
734a8cc7
3f3186c1
29233133
1166bb25
86c66037
78afbf59
74155740
5c320267
06931778
a901e407
d06dc595
73dfbab6
4c18d6c7
74872851
e7ce71eb
67d26901
b05514c2
7c0a1daa
7b3b68cf
1f4c8b10
e08a6ba4
7a37a97e
a47a8422
19e0c034
89b049bb
49529337
36003be3
51864e0c
a18c621f
dbac1ce0
6825b424
f1790605
a7d16d01
cc9b6207
8c04f365
d81b77d5
a6661551
ac58d2ce
e463634b
7195926b
4cca8a0f
b07a489b
9fa8bb35
c2bc41d2
13c052c8
6988a328
b968ca04
d242c78b
c092e48c
a98ab09b
2b5d59ba
64b07016
3e7e574e
703c33f4
85102a87
f88e6c5b
3cbc1641
6ffbf48f
8a7dbc30
d7971a55
6bb278a4
a38f5154
7c327e52
3c576b31
0e48c00f
4b963d67
3769a667
b29405e8
09ac5182
5891346f
ce1bf320
2b8ec5d6
51369838
554b8569
417d5c07
47d69d77
7e4dba8e
814a04d0
6dc249b7
689f5939
01e1be99
53579f0a
0868f8be
db17a426
2ea53886
70b0e115
56b390da
8e1532b7
5e24268f
0c5c98a1
15b6d8ae
ea0c07db
b7f71390
8a82b4a8
3844f19a
52af3c96
8eb765a7
f627b2e6
34b1b350
7cac6c82
6d596b3e
61b48901
c8e54c1e
10ad86a6
f071a949
c8a8f738
4e28a9d1
42f415a2
bd42a4a0
c93f9152
59e977f1
9b20367c
bb602a78
fc84a205
5dbc165a
59518986
69bd5346
399a7fb3
da6ad32c
60432220
207c47b3
ce27aab7
2410ca60
a889a969
40a66ad0
07c7494c
c4a2caad
da3573e5
13d210a7
0550bb1b
1103c817
155a9cca
76ca3010
bb04a3cd
976a9be0
04d37767
76b85616
3a3479f5
1c06f52e
73375ad2
93361f56
0a05e6b7
9ab79860
21e8c9c8
577c982b
09b017f8
e95c159c
88931445
2199c093
24011364
c7f83830
c2896616
8b499ab7
40b1b28c
7283fa3d
721f13f7
812c623c
ac8fdc9f
23f4c035
a7e5cf2f
e173526f
6a678658
1ebc889f
7204d605
174a97cb
2572b152
36c4fb0a
7950c25a
17d8814f
2283a53a
78ef9676
29b0ee13
1388945e
765b2925
b9ec53b6
d7c6c462
88bf5be8
57f8c09c
9ac96b0c
0b4a47d6
9973ae71
9e9a824b
24d391e2
4b7c0b80
497b5bbe
f38a2e09
cd0b337a
0c0f7945
d5b271db
67099d4c
19cb5cf8
68197df0
1b599908
4aaa43d2
b0a9b070
4e093916
452ce0f1
ea0166d2
05883655
6fc029e7
65a38cc4
65262772
2cb0dcde
1b136b79
20289f43
ec45fb8f
cb5b60c7
456901cd
8dc3a649
f2efa576
385cbd5c
99157101
ac201f52
aebb957d
589e20d9
0b643cda
36c158ac
7197d084
e1c51b44
c1599358
db0b2c3c
348b2f91
60ac63af
40085bff
849cce43
a0827aa0
d8aacb4c
b3da1414
ca59c41a
e0237138
734e4a79
23e926b4
c1b8376f
90d41e39
9da6ca5b
7c91f9a5
b9d17682
13b797ad
ce31b137
e9474355
bd0a7d45
d2629113
1a4a59c9
8a6c92b2
ad3e951a
f8a27851
8099a19d
9fa16821
46a93e31
4480e4a1
0f6498d2
42a77545
15fc0ac0
f1b29551
54827fb1
cf6108c4
2710f7f9
05ef1b36
21b20c00
26726c65
7a716f70
40b8da9c
a52f31e8
6303b9b5
b9497d37
36c0219b
5c481622
9109d30b
467f5842
96797c9c
0ea58d80
a464233c
19b22975
98c667a1
b428d5c2
69c6c1a7
09499153
21b4575a
049b8f7c
75d5762b
ccc1871c
337b9425
44756778
e15b0bf0
e4b157cc
903c2647
bc67899f
7aa15513
95557a6f
a1621a70
9ae4766b
95b75c7b
9c3a9cf5
e23b1acb
a4bbb531
a10a47a0
e1ca5cea
50879511
4153abf9
c440c14c
a70a851a
787829d2
c41c6fc5
2729fd62
a25be4bf
41e57a5b
5a541ec8
810d1426
6cfe8b00
75aa0350
ca604693
54436256
0f35d1b1
b33aa7ac
3b5aa2cc
793a844d
1bcae1e5
8bee3bb1
2b735051
e6c94a39
3b218fd6
5520a137
e017e111
85de5812
24835b9a
fd7a6903
1b78ad46
ac10eac4
6a183a92
5422c6f2
b6e89402
02575008
66396c14
1fd31412
284d34e6
f6e66a1c
2cd6fb21
b17384d5
6258c7d9
4835966c
10b5a350
34814ea8
2e5bd896
7695c04a
d2571384
89f2515c
3c12caac
b0d46e33
6ae9b0c8
15607008
98edb245
4c08c281
dd847c42
45509ea8
14c2f98c
44a89bef
2075c568
bdd4e43a
f2ae830e
5a7b7675
0d53bd8a
2f0d38c9
06e73152
a1a78c87
07b59688
1103cfec
44b7be77
f90dc235
65ae8c53
0c935194
f454c8d2
a5235375
8ca4b108
66881c4c
1bf63f74
06336069
5e65b796
01b847db
43e5e627
f632db39
933a573b
03840654
2e03a247
00b1baf9
88860bbe
9fc63ae9
0a8719b5
11bbe24f
bf0ed5c6
ac8f6d43
6e72b391
a413c0b1
6704ba74
51530b5a
2d8e291e
50b5bd5b
710c8351
63260ab8
7b4a39b9
19e96a1b
c7b592f6
8329cf2b
b49b5619
614826e8
71a6bb5b
22634d0c
adcea534
5748a777
4da31a3a
eb5b5331
b4522af1
8e86f91c
fd24024e
a5949a0c
22084ba7
47c781f5
08169d68
6c479b43
7056d944
d8156dac
ac31d987
1e0af8fd
713415c1
9fd700c7
e8276370
20b0948b
0caafb0f
25cf8cc6
b37e5ae5
8feb256e
b85e17c1
14ea3a12
627634bc
8d420436
3253995a
5cb63ab0
0f46225f
44d72ba3
8968a68d
a540e3b1
087339a7
52080710
6c7f3795
c0c719c9
46bb4a70
af215582
e7d118d8
13eabe62
8db7690b
d20987d6
02a22a0a
42956467
b8c86ee9
b4549f87
823716e7
34cd36d7
c62c474e
2d7bfcdc
f0c934e5
51668a25
a21d00e0
8cb41367
047547aa
69a87161
cb160169
7b971c85
3f1335f0
f2f11a01
994ad833
8d22d92c
9ac35644
76405dce
e88fb458
06bf5032
17a173a4
133312e0
8d8d7bb1
cb7eabbd
68956419
11077274
703b8456
997bd055
2d7ceacf
da50fe0a
606c1cad
1b3e53e4
fe4cba18
e494f71d
484130ce
a92b9810
0cd45ff1
39a3db94
f409c7c9
3e2be814
38f7b3bb
2c950474
acda064b
bc28c5d8
c5d7f053
0000001a
00000001
0000002a
00000002
0000002d
00000001
00000020
00000020
00000000
000004a0
00000960
00000000
bb783b2a
4017c2e9
4a4c3e15
53547392
3be6bf69
59ac5d22
e09657d3
6b1797da
a184fc9b
dc965231
e72eb65b
6baababf
4dc8ecea
1a3f8336
9596918c
5ca4e9ee
9606a403
768c3dce
e8067555
c6ac8f90
c6ca4283
89a75984
db6505d8
bed10e3e
bf689525
a43c39a8
38a0672a
b6c36ccc
d69786e4
4192c9cf
25c55082
89a9a5bb
c764c15a
fe4efc64
d7ae825c
b2c0a247
2630d679
c37ecd24
001bc422
ccb474b8
0126c132
1b67274f
b8ca9224
b1bdc39a
6921191d
8059b1aa
f2873040
ac2bbb04
c6c9945e
c2e2c3b2
bee6309d
d004b66b
a3cd10d5
a089fc32
05070178
4462a731
1cb4b4c8
1a9e2b37
e0089027
323cbf2c
adab56df
ba5b9902
28418521
99c78345
762b9752
6933d0b9
d504e2a9
03ae2684
c6e44aa7
2c61166c
eb100e82
0527bd0d
c6179bb3
3017a950
1ff8b963
5119d79b
34a94fa7
4b299579
a522db13
a9c72cd1
5ac91966
5a84f529
80340bc7
04289334
757ba666
64e688a6
6dda0fc6
835284fb
198d7e86
12e5e2ab
96aaecde
38823380
7ce6c9c6
2d639164
b0afa368
5bda566b
05354a0a
f1fdcd14
09613a58
8ec0a7c8
c84f87f6
a237b17f
73bdca5c
dc1d7425
a78816af
91c7e965
62d098a9
ae0b8ba6
2178c3b4
119a15e2
7e45f955
142a2c9f
5cf16b84
9151ef7e
9259f6e9
82ba09c8
a02cbf6b
8ab133d3
5cdc288a
0215c85a
b31cc425
37538013
7749c327
d7104226
8c27aba0
1bc47b6e
9b851c4c
8a51bdca
01bb0396
863b076a
70a66192
2c109d46
cb0b11eb
2870be21
c0ea1854
ca39f0d0
3377b0f2
57509318
aa82b18d
90154d81
1069d2ad
d17f277d
95c72da6
8a69ba50
ed53b6d6
f41591b5
6c143fbf
7671ab13
242c6fda
0f716025
f94aea10
c61690a3
b9496303
f9ad1734
9b481152
68a96a4d
32ace71b
67b480da
4f6b1bc9
85bff150
ca4524a1
62646491
921983d2
c8093041
65374d3f
caa7a05d
877e25c3
6b9aa9a8
8983abe6
c88251a5
6698af98
b0a7f509
db926cf4
2793722b
697a64b2
8bfcc3d3
50336563
f747c218
e76260a6
41492720
ba0cc21e
36fe4755
3c9ab13c
200d25fb
901124a2
147af93d
db46a797
f322b33b
62e06174
e5766bb0
29537222
7dd5c82f
7b6bd470
cade73f5
66d53641
6f30230d
521c7368
c4e65c2b
04735a54
89a649e2
02e7afae
c95750cc
4ce726f5
b652e159
f07a7096
b2039271
3f1375c3
f6022627
05677298
478ab6a5
fa287625
e79c8b04
4f266a0f
f550509b
93553b1a
cc17bd02
950d0716
c7970997
6e867388
28812ba1
788d5296
84d69a2f
940dd73d
ea012e88
8a94a778
a99833e3
c909b9aa
75c43858
994a9b8b
ab45217a
5d22f284
805aa0e9
a8da31b5
7115fa0e
092ff05e
131b029b
a4c993a4
934c63f0
35e98fea
55db4751
592de961
6715ad57
5b487872
c61081a2
b9c1af08
929ae454
4613363f
19ed1f37
688b96c1
f49c3c84
12e73479
af8cbe21
347fbca7
d9d50304
3ec6e9cb
1b1b30a8
6c365f67
34d1091a
d66b4048
589c8894
a5fc971b
83134cd3
916434d3
b3b43f04
ffca2428
98486153
57dca039
909a440b
c23469b6
710ca658
96556bce
c06a6b7b
1ec5901f
307d9305
64187ed1
59c7ec2a
ef826ae2
130c7a19
58f624ba
5daab263
7597c82c
3e6c883a
4eadd299
8426beb3
5e915393
b227c961
51cd1655
36274059
4cb73183
6f92ec0b
a18fb11f
bfaedd16
145714cd
2861a5f5
91fda6cf
618155dc
4398d533
ec4b933c
0dabbb13
181ee4a6
83225bd9
2fbce04c
64513c2b
da641f4c
249ab04f
997e60c8
53f16894
8fa6c65d
db9e2011
b0fa2940
a735213c
deb2daa2
84a15465
7cc2ce63
bb4c413e
521a758b
bb63958e
ac0da2ef
77339d07
14a25604
d7bce991
0a71cab2
93652a0c
75a389a4
f46c2827
5a02624f
000d7515
f75c7f30
cb91d12f
fd1991d0
253db9b0
6aa3a24f
27a5c299
c834c0d5
ab04f8a7
859fb14b
594f95ba
2b894d62
00404a95
cbae727b
ac1754a3
4913a6ec
2275781b
c0b71622
5198d239
6c2c8c9a
a174198c
af57a291
68a37d95
756ac879
895d3c72
938522f6
2afbec29
4382955a
f87e78f5
672b0c70
cf64b959
61ebcf78
be7c13b6
b731d379
94e0428b
78982b35
b73c397d
67ea6c56
c4747e66
ec26873e
a6391584
4665d41e
556aa336
a903a3cb
11f89549
c07944c4
6a184b48
08571a2a
2e8b3b86
8bd2b6f5
48f1e0c7
e951515b
56a01347
c9c3ad43
889f72b2
15108db7
af862a14
324ffb2a
39ec63bc
3925ef66
2619c795
c3f3134a
30189f17
f969886a
6925b816
1638f249
3c409818
690b3dd7
bc62c94d
9a15637e
9ce26a55
8f15fece
5785eaf9
f6723b09
5ee8d445
151d4c87
14ae657b
7fb9609f
0926a879
1144c070
bb933358
0b5aa295
8398c41b
00143bac
8caf90df
555a6aa6
92b80375
3a888b3f
c9a5aa40
31589e73
f7548a58
95a04fe4
b9c32d9d
d6cec5fc
67c68a55
a81ba208
631073d1
673eb5d4
cbc525bc
6f8e1a87
ba906ccb
c2c2a608
470cb99d
e532511a
5beb4275
8c203520
239e2b46
26e00dcb
f5a280c5
2499a90c
41062554
5f9d46f3
c8d535d5
8a77eaba
8e28e385
77ae4127
29eb4f83
3c2aa72b
b9c3a119
90ccda00
a817b696
836cab37
ab4350a0
ae1df6ee
32489317
8187860d
9395e853
d5bc7027
2a3949ba
1572ea25
80f3a4eb
ae2cae18
a26b3982
701325a9
933a0fc6
30680102
17768f44
4731be4f
68367808
23e403a5
76c9e8c3
a55217c8
30968963
1432301d
183a35dc
a6d2cc8c
cc688b09
7d976194
93630f59
97c69cb8
07a7876c
5009a53a
658ad55c
dc667af0
a92b6c46
44391cac
f97ee890
7ba0b409
61f21299
de64c5a9
781d1294
45a7a592
e59e9c3f
4043a2c9
ae1088a9
519c93ae
6c1badba
37168a57
b5bc7768
18214cd4
315ab86d
81bb0af0
60a22e52
9cd8a014
4e64c154
87d86d18
4a901a05
9cafd00e
ec92baa5
69a06333
cd70089d
57f58840
c9dccbb1
9b8922f5
3c9a5fa2
157bb401
203eb538
cca626a6
5ac26097
c1344352
c607c76a
88b2e733
4fa4e037
894010cb
2a907f72
0cc0c8ed
78105fb9
88a22766
7748798b
722c5946
ad27e518
2b80634f
46211314
9a575cc5
05483073
27bbcc99
75b62ba5
f38e0472
83631f9a
7739a435
19aeb033
9bdacfd1
00950081
b49663ac
e25e0d20
10cc8470
6db255d8
3c9d08a1
65836608
6f420691
5c8f15b6
8c424857
b459d6b8
3aee8e1b
52809366
e006712c
c0bf9237
ad54ea67
0c531684
b9ad33f0
7c53aa9a
4c512665
76577946
9f54f683
3815a8aa
1bbc394b
0a66ee93
7e9b5543
c5062523
74d90ac1
31bd6214
93f741e3
3e49cf27
92895c7b
9a4e1310
6072c5b3
1e43b0b5
461bc9a8
4d92dac6
d3c4213d
c66e14a2
1d5c0974
2fc75be1
e94d8fb0
1b62484b
2c17b6b8
b6473ba4
ae0c688e
bb783b2a
4017c2e9
4a4c3e15
53547392
3be6bf69
59ac5d22
e09657d3
6b1797da
a184fc9b
dc965231
e72eb65b
6baababf
4dc8ecea
1a3f8336
9596918c
5ca4e9ee
9606a403
768c3dce
e8067555
c6ac8f90
c6ca4283
89a75984
db6505d8
bed10e3e
bf689525
a43c39a8
38a0672a
b6c36ccc
d69786e4
4192c9cf
25c55082
89a9a5bb
c764c15a
fe4efc64
d7ae825c
b2c0a247
2630d679
c37ecd24
001bc422
ccb474b8
0126c132
1b67274f
b8ca9224
b1bdc39a
6921191d
8059b1aa
f2873040
ac2bbb04
c6c9945e
c2e2c3b2
bee6309d
d004b66b
a3cd10d5
a089fc32
05070178
4462a731
1cb4b4c8
1a9e2b37
e0089027
323cbf2c
adab56df
ba5b9902
28418521
99c78345
762b9752
6933d0b9
d504e2a9
03ae2684
c6e44aa7
2c61166c
eb100e82
0527bd0d
c6179bb3
3017a950
1ff8b963
5119d79b
34a94fa7
4b299579
a522db13
a9c72cd1
5ac91966
5a84f529
80340bc7
04289334
757ba666
64e688a6
6dda0fc6
835284fb
198d7e86
12e5e2ab
96aaecde
38823380
7ce6c9c6
2d639164
b0afa368
5bda566b
05354a0a
f1fdcd14
09613a58
8ec0a7c8
c84f87f6
a237b17f
73bdca5c
dc1d7425
a78816af
91c7e965
62d098a9
ae0b8ba6
2178c3b4
119a15e2
7e45f955
142a2c9f
5cf16b84
9151ef7e
9259f6e9
82ba09c8
a02cbf6b
8ab133d3
5cdc288a
0215c85a
b31cc425
37538013
7749c327
d7104226
8c27aba0
1bc47b6e
9b851c4c
8a51bdca
01bb0396
863b076a
70a66192
2c109d46
cb0b11eb
2870be21
c0ea1854
ca39f0d0
3377b0f2
57509318
aa82b18d
90154d81
1069d2ad
d17f277d
95c72da6
8a69ba50
ed53b6d6
f41591b5
6c143fbf
7671ab13
242c6fda
0f716025
f94aea10
c61690a3
b9496303
f9ad1734
9b481152
68a96a4d
32ace71b
67b480da
4f6b1bc9
85bff150
ca4524a1
62646491
921983d2
c8093041
65374d3f
caa7a05d
877e25c3
6b9aa9a8
8983abe6
c88251a5
6698af98
b0a7f509
db926cf4
2793722b
697a64b2
8bfcc3d3
50336563
f747c218
e76260a6
41492720
ba0cc21e
36fe4755
3c9ab13c
200d25fb
901124a2
147af93d
db46a797
f322b33b
62e06174
e5766bb0
29537222
7dd5c82f
7b6bd470
cade73f5
66d53641
6f30230d
521c7368
c4e65c2b
04735a54
89a649e2
02e7afae
c95750cc
4ce726f5
b652e159
f07a7096
b2039271
3f1375c3
f6022627
05677298
478ab6a5
fa287625
e79c8b04
4f266a0f
f550509b
93553b1a
cc17bd02
950d0716
c7970997
6e867388
28812ba1
788d5296
84d69a2f
940dd73d
ea012e88
8a94a778
a99833e3
c909b9aa
75c43858
994a9b8b
ab45217a
5d22f284
805aa0e9
a8da31b5
7115fa0e
092ff05e
131b029b
a4c993a4
934c63f0
35e98fea
55db4751
592de961
6715ad57
5b487872
c61081a2
b9c1af08
929ae454
4613363f
19ed1f37
688b96c1
f49c3c84
12e73479
af8cbe21
347fbca7
d9d50304
3ec6e9cb
1b1b30a8
6c365f67
34d1091a
d66b4048
589c8894
a5fc971b
83134cd3
916434d3
b3b43f04
ffca2428
98486153
57dca039
909a440b
c23469b6
710ca658
96556bce
c06a6b7b
1ec5901f
307d9305
64187ed1
59c7ec2a
ef826ae2
130c7a19
58f624ba
5daab263
7597c82c
3e6c883a
4eadd299
8426beb3
5e915393
b227c961
51cd1655
36274059
4cb73183
6f92ec0b
a18fb11f
bfaedd16
145714cd
2861a5f5
91fda6cf
618155dc
f0c9627c
ba8e5f1b
9e4fe1a2
1500f396
76513cb2
fa8aa37b
021263d9
5a078417
7eb8468f
a266ead2
15f72a95
923be446
c95dbd6e
4e883859
3a15c6ab
6494c0e2
0000001b
00000001
0000002a
00000002
0000002e
00000001
00000020
00000020
00000000
000004a0
00000960
00000000
c2cceb10
a01c6960
b126e2c2
504ec097
082937f2
04533a6c
2abfb01f
e07abe66
60c30e96
3fa223ac
7a049b14
35580302
d2b33a6e
44d94043
052baa06
87773846
faf62d4b
ad64565b
769cd1a8
712b5eea
0abc5f62
be887ac7
b1825660
cf16191b
4e35d5e9
58530797
c9c82ba2
1e0009a8
e666844c
24f3e171
201833f7
f2288e34
49b29e61
ae93c451
03744415
11f2b172
db72835d
40f280f9
8746e15d
2a9be1eb
81fa8b80
4661da3b
53aaf8c7
c1262b0a
6fe99586
e096c97a
b6876157
aba59131
802341d2
73223133
b015494d
3b13d61f
469d1933
9f60a9bc
cec2ac56
b9c52d76
9b60a519
ebbc50a4
2453b441
5ada5640
5a93ac7f
51d591a7
a19904a7
7e69d8f1
457faa87
1ebbdc7e
5c5dd965
83bd01aa
78cc3634
1d4e726b
47dac737
b0d97784
bf50a531
62748a74
a58a596a
594ee588
b7ba3ec4
4f59214b
b087f39a
12ac7ccb
0daa773d
b89d6717
b65a4751
7921de11
b44bd1c8
68f77fd1
ba9cbf97
1495d384
9c3d5021
5a28a742
9464d04e
21e5beb7
2b8b2fc0
52ac6b1d
63e0aab4
bbbae44c
cf4f6140
547b9744
7017cb72
4464e6ff
e2f42e62
c88c8a82
b98105e4
309a7f7b
8f134081
b79e66d0
60ae5e67
40e78037
71140951
ab5ccc66
11d10501
a0643b2b
e3601e70
1d7367a5
179c5582
d5745a17
58561eb6
7722643e
1cf14cd2
7067d59c
d07d3487
c96b11eb
7d148844
cd16d3df
134e8b3a
4fa524ce
bc3bf02b
e5419d05
1f246485
5c954be9
ac8f2eca
c804bba9
ea1abb2e
0ba26110
9d7a7b3e
3406d96e
e2469cf0
c80c37a4
aecac196
939c8b92
b7e92bbf
3870167f
a2306069
65ebda07
a252e465
e175b2c1
561acd7c
377df448
3b328879
27ea0e7b
a77870ea
5a0dc0d2
826b065c
d50c041d
f46a56b5
78a6bebe
1c72ace6
84353d4b
a45166b0
f243e1fb
4b380001
c821e941
0d5b1649
e11d7e96
867bc73d
30a41601
448158db
94ac483d
d8bcb1e5
a5219857
9d31d060
71a24423
a51cc75a
ab16dec3
1807f4ea
150f95d0
184b7c7e
5c08a940
16ea652c
60502f40
da4679d4
494d43d9
a7676046
200b1387
5355c34b
2964277d
043d17b2
fafe09d9
4467d297
cb54a8e3
42ed8141
2b323b75
4f1fe22e
c25ea827
68fbfd76
5404d6f0
9b28b8ac
0fa83965
d1487919
e99e5459
b5495131
0a745013
07f6bf0c
392a7148
8e8618a4
836674db
6c719607
09638b6b
dc2e1f22
c1e148c2
6723c615
f3a5bcb1
4dd68324
b401d805
aa19959b
39831042
85a1150b
3ca09fe3
8db3cb6c
83921909
794f630a
5c9c9a3d
76a3db07
7314a6a5
aaec79ab
ba841697
695797f6
ade84065
2850d3b8
e5dcb727
0b2a9358
1581849d
27c3478a
18eaf26f
d5165284
194ec76a
a5e4b60e
001ae260
7280bf33
104cc5bf
de92150d
32cf7052
3e831204
920d8a09
b4c57675
7401293a
81cdc5f9
157bab5c
a1e3feb4
a66a77ef
c7705115
7d44e598
f66b19ac
c9b9c4b7
72f7e12f
eb13744e
39070de5
3b5c8084
0f20f817
c5594b38
3d382d15
ca1ff529
2aec8285
2abbad12
d4a48626
366c4d73
3023057e
a93f49a8
d58a3293
56daa984
588fb0d5
4a2f5552
11b7df7f
a8474326
4bd72308
0df4f937
7114a7f3
032a5472
351cd385
751f4595
f5bb4b56
9829922c
0e1f0269
9680b738
01abcfce
b40f411b
eacec537
27a2d251
0c466d3b
87b41fb4
b024f6f9
2535ee99
fc01e89c
2910b132
721d2938
ee6f7107
f539dc60
9817ccc9
78e53419
5853542d
6200c2e7
3027d293
9fbfd3fa
a02a2709
0a378507
ba2c98f7
e97b56f0
0904c9bd
b209d8fd
0c2daf92
b618d2a4
a89debde
018b48f9
168a9495
3461f2d4
5ae1699b
59b5d3a1
a2a6419c
f0708d03
45da8766
91a4a9a0
25684745
758263ba
1acd756c
894c21b1
24c1c495
b95a4463
67a19f45
81e98c6a
f697b4db
05110481
81e3a112
12b40356
7a2b81b7
14439bba
2dc79376
7af23a6a
7591d598
1f85830f
43e7739c
2473e8c9
bb861af6
c9ad30a8
b0f3f594
6963a462
91f21f00
9408c869
2b170bb8
531f4c65
3ce19b92
d6767504
6bcd60bc
3873cbab
4c8dd0ba
7b8603d9
6a7caa9f
2dc2612a
8a97cd81
77246c1d
39af4195
039f52a0
a899ff05
2b705455
479383b1
43cb365f
63b4b836
1201b7b1
3b1a7d5e
8a35580a
046b96a4
3610b51d
ef455cc6
692426c8
20aa2617
08755408
c45b030c
9a92007d
e85ba3be
e19da5b5
56fcc316
c44aaa98
bb077156
9bd322a4
065a9c25
158d09e8
c447d260
ceb89bbe
9104173a
a886bf5f
c80b6957
76609bb5
8d169032
079d1265
17174f98
cd853e52
ea1807a5
2a89c10b
62691f4b
5b4aa6a7
36745374
7f583469
a031d280
00ea2358
b0f5e07c
e22528e4
51318221
99fab6ba
1b7746ad
611a2545
87202d1f
bc0703bc
495a2798
a6f41255
54c560a0
973552a5
c386b9ca
41860675
468c7f87
a7e6e4a8
df88ac86
88812eec
ce24b903
ee7c240d
90ef1413
8c67f55b
feaa9299
aba85407
a6681fb4
eb05d4ef
824fbe34
cce1ab0a
3d6967c1
a4481db4
ad104453
34584896
f7b2cfeb
58690392
3ecf79bc
9a725ed9
72c6c63f
588993d4
25efb735
56640986
8377642b
21797d64
70566440
84c3e1a6
752ac2d2
8598bbb8
451c705f
56e60481
415a2d20
532ba628
83d20483
a52cd5c9
e69ac850
c90b07aa
05f9cabd
737a34cd
e49d883b
a092a6af
caa041b5
91ddae06
04612543
012af752
ab161253
16744688
886bccdf
787b9556
cb27ba93
fbb5c467
e2254094
1ae0e9ba
098fda47
784f2bda
349acfc3
10a3918d
32c04727
4945296e
37bf064e
f82f8c69
4b3961c5
e5361975
038c73a1
6ac69f52
de7bb16c
a1ba06db
3ad62acc
0c39219b
d4d7bd44
ba672da1
4c85586c
045a4e28
64110b06
110331a3
79f06973
7d1b41a3
e34435c9
ba504ab6
77f9355d
07267047
9a89ae14
709a9880
d44bfb58
208f2738
1917428d
a737302a
54560601
cc50cc67
72809624
1114176a
33892811
6ca5434a
936fc551
c4b52c07
206165e2
a78b4cc1
03c96a45
eebe3268
6a71b78c
b9e9b584
63cdb244
a4ee60e8
0bec97b5
be963368
2591312b
2d609d51
442b80ac
e9208243
46a36c8a
70ca061c
3b426727
8ed480c3
23c01a09
cac98f39
6db70c16
a7613716
f1d2c07b
03c1e524
437f7078
f95f6805
b1a038c2
7068a567
7720678b
0af7e346
92544be2
7b5c5014
547c175a
b333c411
d14aa5a4
33852613
48c9f152
a937b318
98cca537
32629c18
895f752c
05882d39
b69164d2
ea470c54
a5ab0acc
0e71985f
c9d8ab98
6a51222b
f5764cad
f10eccd5
21252483
b4728444
1739ab50
aea41f71
be4d2aa6
259b1ef4
6d55406c
24983640
0688b16c
c25c2eb1
d436465f
bb93473b
53c9e1b2
516c50d1
7a578d80
62339424
eec659d7
5c1a7421
94e2cb71
c2cceb10
a01c6960
b126e2c2
504ec097
082937f2
04533a6c
2abfb01f
e07abe66
60c30e96
3fa223ac
7a049b14
35580302
d2b33a6e
44d94043
052baa06
87773846
faf62d4b
ad64565b
769cd1a8
712b5eea
0abc5f62
be887ac7
b1825660
cf16191b
4e35d5e9
58530797
c9c82ba2
1e0009a8
e666844c
24f3e171
201833f7
f2288e34
49b29e61
ae93c451
03744415
11f2b172
db72835d
40f280f9
8746e15d
2a9be1eb
81fa8b80
4661da3b
53aaf8c7
c1262b0a
6fe99586
e096c97a
b6876157
aba59131
802341d2
73223133
b015494d
3b13d61f
469d1933
9f60a9bc
cec2ac56
b9c52d76
9b60a519
ebbc50a4
2453b441
5ada5640
5a93ac7f
51d591a7
a19904a7
7e69d8f1
457faa87
1ebbdc7e
5c5dd965
83bd01aa
78cc3634
1d4e726b
47dac737
b0d97784
bf50a531
62748a74
a58a596a
594ee588
b7ba3ec4
4f59214b
b087f39a
12ac7ccb
0daa773d
b89d6717
b65a4751
7921de11
b44bd1c8
68f77fd1
ba9cbf97
1495d384
9c3d5021
5a28a742
9464d04e
21e5beb7
2b8b2fc0
52ac6b1d
63e0aab4
bbbae44c
cf4f6140
547b9744
7017cb72
4464e6ff
e2f42e62
c88c8a82
b98105e4
309a7f7b
8f134081
b79e66d0
60ae5e67
40e78037
71140951
ab5ccc66
11d10501
a0643b2b
e3601e70
1d7367a5
179c5582
d5745a17
58561eb6
7722643e
1cf14cd2
7067d59c
d07d3487
c96b11eb
7d148844
cd16d3df
134e8b3a
4fa524ce
bc3bf02b
e5419d05
1f246485
5c954be9
ac8f2eca
c804bba9
ea1abb2e
0ba26110
9d7a7b3e
3406d96e
e2469cf0
c80c37a4
aecac196
939c8b92
b7e92bbf
3870167f
a2306069
65ebda07
a252e465
e175b2c1
561acd7c
377df448
3b328879
27ea0e7b
a77870ea
5a0dc0d2
826b065c
d50c041d
f46a56b5
78a6bebe
1c72ace6
84353d4b
a45166b0
f243e1fb
4b380001
c821e941
0d5b1649
e11d7e96
867bc73d
30a41601
448158db
94ac483d
d8bcb1e5
a5219857
9d31d060
71a24423
a51cc75a
ab16dec3
1807f4ea
150f95d0
184b7c7e
5c08a940
16ea652c
60502f40
da4679d4
494d43d9
a7676046
200b1387
5355c34b
2964277d
043d17b2
fafe09d9
4467d297
cb54a8e3
42ed8141
2b323b75
4f1fe22e
c25ea827
68fbfd76
5404d6f0
9b28b8ac
0fa83965
d1487919
e99e5459
b5495131
0a745013
07f6bf0c
392a7148
8e8618a4
836674db
6c719607
09638b6b
dc2e1f22
c1e148c2
6723c615
f3a5bcb1
4dd68324
b401d805
aa19959b
39831042
85a1150b
3ca09fe3
8db3cb6c
83921909
794f630a
5c9c9a3d
76a3db07
7314a6a5
aaec79ab
ba841697
695797f6
ade84065
2850d3b8
e5dcb727
0b2a9358
1581849d
27c3478a
18eaf26f
d5165284
194ec76a
a5e4b60e
001ae260
7280bf33
104cc5bf
de92150d
32cf7052
3e831204
920d8a09
b4c57675
7401293a
81cdc5f9
157bab5c
a1e3feb4
a66a77ef
c7705115
7d44e598
f66b19ac
c9b9c4b7
72f7e12f
eb13744e
39070de5
3b5c8084
0f20f817
c5594b38
3d382d15
ca1ff529
2aec8285
2abbad12
d4a48626
366c4d73
3023057e
a93f49a8
d58a3293
56daa984
588fb0d5
4a2f5552
11b7df7f
a8474326
4bd72308
0df4f937
7114a7f3
032a5472
351cd385
751f4595
f5bb4b56
9829922c
0e1f0269
9680b738
01abcfce
b40f411b
eacec537
27a2d251
0c466d3b
87b41fb4
b024f6f9
2535ee99
fc01e89c
2910b132
721d2938
ee6f7107
d638ffac
36bd9b13
f5ee7b10
ca10b680
29bb815d
2373fa0d
9d32e04e
894bcf3e
ff86b17e
92ced5e5
7fe90fb0
d074503c
5a7795b1
e107d499
217e5e52
41a8a190
0000001c
00000001
0000002a
00000002
0000002f
00000001
00000020
00000020
00000000
000004a0
00000960
00000000
8eb0a254
34c12546
a0f5434a
ff9546eb
24c6ba91
bb601c2d
1e9cc81b
a02e4ea4
8ea0839a
1fae23b7
a364b6bb
47db1910
049f18ef
60223671
5e701db0
8b25128e
23e918fc
3814ea62
7bb5ea2d
28fec2c7
5d290067
71b5e0ca
82849c08
5568abb1
9eb9ecf4
da9d94b8
8cca56c0
f15ce3e9
7cb62293
8f12b54e
f860474f
637fa619
ca944138
b4b86605
4c888f93
6d2410a9
9341aadb
235c55f7
b03c0090
46bad9a1
d4952109
c1bad997
e815d268
c3b18a75
489715a9
16a49750
c3f10132
4af0e329
e2484827
f9b2a3d7
7160ddcb
fc20e8a3
f3546450
a5879ec2
cf79dc89
44df9cc4
4c71e91d
d027b910
baa3b809
a9bcbe0d
884ac700
a1d78af3
4386a009
4341a0fd
26fe8b10
899537c8
7421ca16
54319031
5fbaed29
24603c5f
d3d627e2
026ac456
d98df8d4
63b41a57
be7cc86f
dd848b4e
76fca0cc
1c325147
5e6495ec
b2b31e51
496ad782
d200e33e
448571a4
9651227a
2c1eb824
72405da1
952a38a4
fc37c522
758a8d74
82dc7789
07536220
f0ecb7da
ad700367
aa56f750
f9007ad0
3fcab474
6a4f80f9
e8cbb417
b84ab766
b0bee920
0cc69748
b9503074
35276c3c
304699fc
5396fd1b
9f4d904c
e8a29237
b44baf97
b69f82bc
c29b1317
ae73fd5d
ef2c99a0
6a43c965
3950c248
073c3c21
6c9945f0
be058e25
b63c97c0
4920b3f4
acb2d795
08a714ad
6c6f70f8
74a20865
ec7e17d0
b76b9168
573afd89
c2a9a529
d10b0e70
c2c35fcc
ec0b9332
24cc96ac
354bc175
8c0f1b2d
d41c5efb
a598b633
dfac9004
783051a1
53059172
28b1032b
f6a1bea0
2f444435
237c2cb0
f4a80585
b047bd1a
e6420365
462aaa89
19ec038d
2931d5b3
956f24b5
06f30624
521d30f6
b2720ce0
87167412
915851e7
40d19347
6125bc6f
204ee8c8
76d3a409
2b7a99a3
ffb30702
6c86a158
ce07851b
70a64589
72256c91
1537f936
971577cb
20a7453c
1b683c89
793f2626
75c76e22
3ac8fb99
00b19344
a8913722
7446e937
624ec5ff
b36e0a32
7393e436
6d47b76f
78496ef4
86fbcaac
e7990652
b5ea559c
42dba339
dbcf35ae
318113aa
aac4f154
990c1c31
f78118a6
1f915254
9fb24beb
94595a80
70623c0a
0c092910
ca6b7ac7
25978191
926e0be8
f83ab4a4
4ce7b7ba
5d89433a
e5d20135
2561a45b
afb420ea
384d0e9b
20d18d47
fc357bd8
ba657219
7ae2f90f
22b19031
271b4a11
bc980464
e3c95539
b7f5bfe3
4d92b546
db9714a2
45231396
a7f5597f
921c691a
24cbabd8
1bc8a288
970534e2
d366b939
9d70953b
af4816f7
45d82fbc
85943f7f
fdcfe80a
bb616ba0
1bd64336
d14a48ee
27e9ae37
5c293e11
4b0c4c97
8831bb15
42c4915b
0965b1a0
c41d5f15
8af7716f
d334d593
eaaf5cbb
12e02363
b251455e
45de7ed7
11f5242d
c2434276
ca790933
9078c1b0
23801062
a9382cca
aa338c6c
e79cb8f8
c75f559c
29e34358
efbe8700
d6323852
1f9529c8
fac189ee
c2b9b150
8f1586ad
216c319b
355e2cc2
727b280d
b66562b5
ab2f343a
0c19fe01
2998f86b
056a2406
c40a4e5a
c511981d
561fc802
848208cd
5d8f0b21
d9883e5a
be1168a0
250193dd
e9e6468c
a12ae5ce
4a047064
1bd543ca
a5d6f43b
70cba372
c470a5e4
11d08113
2b22bc33
79e29756
86523243
497111c4
6750b7c6
722c3032
9c613f1f
70678e72
60c7b465
9f4327d0
e31e7474
beafaa19
e639e247
5bbba88e
3cb6ea44
71bd2dcc
7d21cf6e
59b697cf
ecce0e1c
30b2ed8b
e9b05417
9c277501
b2cb5851
e3c8c74c
d31a33ab
76a935b4
a192c708
ecb018c8
b6c1bccc
c4532cb3
d13514ca
26a206c9
65ca0a33
2a8149a5
4624f70e
41069b81
46653e03
b994a015
54a2e4d1
3093b122
30310ab0
f954e492
da9c2381
a9e2bd1e
eb16c5ab
eb21387c
6f709174
ecae4b51
819801c0
53d3947f
7ab115bd
4a6fa838
9644627b
75a8e5ab
574b13f3
3c5cbb6d
f056b567
35c853c2
976c3d96
d3be62d6
b35d87c5
c563d017
27b0828d
73f165b8
bef69018
b06a102e
708ea5f7
9eca4d9f
9e6210a8
f825843a
64d84c1f
ce7ca5af
2270aee0
b24c8e73
2e6cf818
11d500ea
8dc46f6c
2f1ce822
28da6471
9e7b0455
76b92524
8c6b3f65
09893e8f
444ff458
a01a2769
66896d3b
eacfcc36
02cc26aa
b5b3f793
3065b728
484f56e5
03a2bb99
1a4eeca1
dcfd2b3b
b187ab52
2293fb33
1a3034a2
ae04861a
161c9a12
99be7a8c
6ab3f5a8
6f072a45
cb209cf2
4cf6d9a4
073097dc
08e11f01
5541b9a5
79b8e80f
5c8a198c
6fe2780b
f69d8536
88222592
729a3a4e
c4c623fa
e5645e78
9f24ad91
51a7c9d9
180ed000
7391d119
ea053adb
32d3afa1
7cd5d041
de650b3b
a6de1a42
ac8cc219
bd95744b
97f15ec7
a3a608b1
d088d93a
eb2932fb
3a444619
2d6d659d
81b5ab98
3405768f
3f526112
6a925ccc
aa41ac34
239f93d6
a030ad81
2f24dcab
29408b34
9aaec66c
bbc85a91
da9e40cf
0a041a45
2dfbf6ca
e9099368
717f2789
c7651b4c
68346c76
d70e7bda
7481ce86
33790a8c
f25c5e81
7feca43c
3ca953c4
21fcc64a
5db6f496
62c4334f
9b018e7a
c8d3c493
fd489011
70065df0
71f1d30b
89b669e1
7a8d5dc4
1894df68
369b24bd
c80117b1
93885746
ce077894
7a5d09ac
7fc8f88f
577fab3c
bb0e952a
1ea86562
d7c00154
144a1520
94c91b41
34609882
25dcc828
69849370
bc35bb99
1546a420
c3e48103
f527970c
03b80689
0d31782c
2550c1bc
e5c766b0
4987527a
d684796a
522100eb
20598bb5
88300513
23485ac6
6b70e68b
962b13c4
e88bab02
285bf210
11ab77e7
445598b5
7a5c8518
b9cb7ade
bb6581c3
1a644e57
8c3ba336
d32823aa
02e6232f
b44a426e
861162d9
32602c41
9e5cd27e
b770c1f8
8f84957a
24706b06
e52f6ee7
59c05d6d
cebee6c1
91e84a8c
cc356793
29cdf686
d50d01e7
b579f883
0f703506
67e70329
3821f09b
e7b135c3
f480201c
412b9d93
f02eeaff
db50cd30
78737b3b
3b38e198
c9d440b2
39445e61
a785e542
fc77934a
9e59bb82
e1b337f4
abb3b2bc
4b344b31
86c65024
a20b2565
83f1d188
97943a3c
76d19c09
67946ac9
f661c24e
ca030049
5d3c016a
4b2bc429
11063b16
27c7555e
e025da23
8cf2cb83
c6e5468f
0f2327e9
903688a0
0de23b1c
9e39d9e4
9111c814
65664015
cc8c22f6
8cb37130
1ee75730
4961c2d5
48b240c2
96952c45
bf3bb58d
bb727df6
a38cfb30
1d46493f
7c4346e0
c5159b16
11701649
04e0542c
16881c26
ff0c46b9
b35ac13c
883917ad
df51f978
16a9bc0a
4571909c
6b5b84fa
a6ac2ad6
64c820be
ccb4295b
30edc601
cdb7ae07
7ebb9613
db594971
180020b2
6650c2e9
b1ff3938
24d8f13a
5e505316
f3247dc3
901320c4
8b421a8c
0c473ec1
30a24b2a
8eb0a254
34c12546
a0f5434a
ff9546eb
24c6ba91
bb601c2d
1e9cc81b
a02e4ea4
8ea0839a
1fae23b7
a364b6bb
47db1910
049f18ef
60223671
5e701db0
8b25128e
23e918fc
3814ea62
7bb5ea2d
28fec2c7
5d290067
71b5e0ca
82849c08
5568abb1
9eb9ecf4
da9d94b8
8cca56c0
f15ce3e9
7cb62293
8f12b54e
f860474f
637fa619
ca944138
b4b86605
4c888f93
6d2410a9
9341aadb
235c55f7
b03c0090
46bad9a1
d4952109
c1bad997
e815d268
c3b18a75
489715a9
16a49750
c3f10132
4af0e329
e2484827
f9b2a3d7
7160ddcb
fc20e8a3
f3546450
a5879ec2
cf79dc89
44df9cc4
4c71e91d
d027b910
baa3b809
a9bcbe0d
884ac700
a1d78af3
4386a009
4341a0fd
26fe8b10
899537c8
7421ca16
54319031
5fbaed29
24603c5f
d3d627e2
026ac456
d98df8d4
63b41a57
be7cc86f
dd848b4e
76fca0cc
1c325147
5e6495ec
b2b31e51
496ad782
d200e33e
448571a4
9651227a
2c1eb824
72405da1
952a38a4
fc37c522
758a8d74
82dc7789
07536220
f0ecb7da
ad700367
aa56f750
f9007ad0
3fcab474
6a4f80f9
e8cbb417
b84ab766
b0bee920
0cc69748
b9503074
35276c3c
304699fc
5396fd1b
9f4d904c
e8a29237
b44baf97
b69f82bc
c29b1317
ae73fd5d
ef2c99a0
6a43c965
3950c248
073c3c21
6c9945f0
be058e25
b63c97c0
4920b3f4
acb2d795
08a714ad
6c6f70f8
74a20865
ec7e17d0
b76b9168
573afd89
c2a9a529
d10b0e70
c2c35fcc
ec0b9332
24cc96ac
354bc175
8c0f1b2d
d41c5efb
a598b633
dfac9004
783051a1
53059172
28b1032b
f6a1bea0
2f444435
237c2cb0
f4a80585
b047bd1a
e6420365
462aaa89
19ec038d
2931d5b3
956f24b5
06f30624
521d30f6
b2720ce0
87167412
915851e7
40d19347
6125bc6f
204ee8c8
76d3a409
2b7a99a3
ffb30702
6c86a158
ce07851b
70a64589
72256c91
1537f936
971577cb
20a7453c
1b683c89
793f2626
75c76e22
3ac8fb99
00b19344
a8913722
7446e937
624ec5ff
b36e0a32
7393e436
6d47b76f
78496ef4
86fbcaac
e7990652
b5ea559c
42dba339
dbcf35ae
318113aa
aac4f154
990c1c31
f78118a6
1f915254
9fb24beb
94595a80
70623c0a
0c092910
ca6b7ac7
25978191
926e0be8
f83ab4a4
4ce7b7ba
5d89433a
e5d20135
2561a45b
afb420ea
384d0e9b
20d18d47
fc357bd8
ba657219
7ae2f90f
22b19031
271b4a11
bc980464
e3c95539
b7f5bfe3
4d92b546
db9714a2
45231396
a7f5597f
921c691a
24cbabd8
1bc8a288
970534e2
d366b939
9d70953b
af4816f7
45d82fbc
85943f7f
fdcfe80a
bb616ba0
1bd64336
d14a48ee
27e9ae37
5c293e11
4b0c4c97
8831bb15
42c4915b
0965b1a0
c41d5f15
8af7716f
d334d593
eaaf5cbb
12e02363
b251455e
45de7ed7
11f5242d
c2434276
ca790933
9078c1b0
23801062
a9382cca
aa338c6c
e79cb8f8
c75f559c
29e34358
efbe8700
d6323852
1f9529c8
fac189ee
c2b9b150
8f1586ad
216c319b
355e2cc2
727b280d
b66562b5
ab2f343a
0c19fe01
2998f86b
056a2406
c40a4e5a
c511981d
561fc802
848208cd
5d8f0b21
d9883e5a
be1168a0
250193dd
e9e6468c
a12ae5ce
4a047064
1bd543ca
a5d6f43b
70cba372
c470a5e4
11d08113
2b22bc33
79e29756
86523243
497111c4
6750b7c6
722c3032
9c613f1f
70678e72
60c7b465
9f4327d0
e31e7474
beafaa19
e639e247
5bbba88e
46e0b920
01401718
c71c1033
c5348f9f
b7a18b36
58f30d05
c1baae3c
9e161a31
1c641d4b
f0c92a15
8344cdb1
51e5ead2
b1da19bd
4ff2781c
e046347f
09311b91
0000001d
00000001
0000002a
00000002
00000030
00000001
00000020
00000020
00000000
000004a0
00000960
00000000
7c40f7be
031a8a39
4bf5e067
bfcd4578
80b593dc
553bee55
7cbea963
50980a61
b5f6da8a
b92306a8
4440738b
b9f842cf
ab107b61
b8708df4
2789995a
3dbc73e4
00d36565
c1c14a56
750df474
44e57b39
17806e04
203c36f3
66100a95
37e6b5a2
5b3d18a5
1c7f252a
c41c8238
043c47a1
d23c9ec5
a8ac8aa7
8307648c
c580b3d8
3d72e6c1
a2085380
e3294bcb
ba7a894a
7e28d824
ccd495aa
593b8284
3728f016
193f2820
baa1cb46
4e569a60
22e056cc
55fcea97
6347c6f5
b3df68b8
6c4caf61
761e9b4e
74934342
124b677d
56a2950a
4790ce64
a5a252cf
8a5ec7fa
d3d78592
1cc37f34
08581a17
615ecd78
8c18cfaf
ce38bb5c
3b0e18d9
304747b1
72892b8c
94016bfb
1f911152
a7731376
346f3bb4
1c3a0330
672d9717
cc03cfab
9246466e
c144a712
fcd052c4
1d67d6ba
b8828a6b
88d3b5f2
5fd78d25
7e65b818
0b0d60e6
b4c48c68
1fb726b2
5c6b6b30
0e291c16
9844ec37
731649e9
08b5b108
e04f4b75
d2cd29b6
7c902015
4649b731
109717a6
cf400e00
055ec70f
1172218a
18b98f7d
191765de
f45aa6e6
9ddb2f8d
d1c134a8
099cbf56
1a713695
abab867d
19644d45
998a9b25
35791338
300b7a10
9dda8c66
a041922c
76b5c9a8
84b734a9
fa1a9065
261165bc
3f7680a5
0a6096c6
e86101a4
bd96166d
6a3eb660
86f1ce33
333057c9
e473b9b4
c2537ce5
b73b9844
6f1045cb
db854027
66f795b6
b163b55e
f19e2e28
9c8c4e12
2a5db186
e37668ba
2905e294
8a469c40
d9547979
06c45e64
8e9d7676
3b9bc047
b3a15e90
8f3fd4c5
99379628
8e013031
759d3af9
9ba77786
712cce5a
9c6c3ae7
a07312b1
29a3fd5e
6609743a
17244303
63542a4e
f919ccd8
928da667
4dd9bba6
9627e70b
737bb10c
4242d594
6a3414f1
18fb0570
b712c4b6
5b834708
53512c72
91798f51
b39173cb
eaff9c51
b6ecc463
422f1512
2cd54be1
9896620c
f3c246c5
39f55832
88006fc2
1ac917dc
e798c9d7
4771b329
6fbf6283
2b411e35
52581d29
ec4d12a8
a9293e65
83d68639
325580d6
b7096123
ba178c32
7256b47c
699b0cda
9fa88550
2a9eb2f3
6b6a8632
436a6a63
6b2b580a
82436a01
48db5054
d13a757d
a5c2cd09
4960fe18
a0b32001
0bec3b60
2e8bcc9a
905b6848
c444c8da
32f34ab6
20cfb8b8
ec6581c6
0bd38026
a916a617
024dc721
9b009644
3744256e
326b79fb
3ae00c31
c59e2cce
e64291b6
7fcb98c4
e247391e
a0871608
4456eeb3
304c20b5
f2ca9cc4
56f4dd9e
d0591aee
b87229f2
2b59305c
a823739a
da97c9eb
1205bb6a
299ce9db
c0e4628c
a0ecfb9d
f5c7087e
a17f6809
bc700b0a
bf13950b
931032c6
60e31ebb
03b7a1ef
f46773e1
7771c09c
1058463e
10928135
a7fb4386
73c4a552
82262798
24288a12
a1c539ab
9ccd851b
af04ef0b
8f77bc02
9ae811e0
aae7e61c
a6971412
28d889f8
9cc70b07
7f1613cf
43e2cc65
92092c4f
31a6861c
9bea34c4
6c8c2170
8f5a77b8
3a5d14b0
84eba833
c89d54f1
045b72f5
7e99207c
ba802264
852fb7d9
801cfe0b
d749e8ef
c2a50c07
5cf07d5b
ca151559
53d7b341
5838ddc7
5ea3129f
a2ec2189
b937f792
74c7dc70
647731b7
8c540990
a6cf4bc2
361763ab
69a70525
a3791018
135eaee1
c0483804
cfc6d10f
132737fb
41ba365f
5685c1a9
4878af5f
c876a82d
0e4990fd
d6b007fc
edc1ec4d
b115c8f6
72f8ef38
a95a077a
b9623528
62b55e28
3a7862bd
89044bd7
bec9a4c8
e88c9193
68f6c9fc
aff92cba
13b0cc11
054d4dd3
5790f49a
2acb857c
295030f9
8b16f9c4
67494148
2076cb87
330c02a3
892ed539
f5b1c8c0
0ecc7632
f74c1874
a2705d2b
4bc5f572
07abf84c
6110cab4
015cb0a9
859d8590
b079a40b
9c49ac1b
89689055
c03dc1b0
7f518a9a
73a1e77b
ebb53bea
2002433b
50b9975d
253f6689
cb361b44
ef7fcb3f
0a6da0c7
30882609
2b74781e
7668a284
27b3d26e
eccae29a
9c7e9ef0
47b2c76d
aa101a03
d1967522
c9210ec5
298a0a85
904b9c8c
443bcbab
482ea814
d39ec80a
c2e52e3f
6c6788bd
1c498b41
12582b82
d5c142db
04900570
71952502
30a75474
d01eb9d1
a57c4d2f
9fb4b222
1ad82ea5
c972e560
1d87173d
296488fa
b0ccb437
fc0e083d
26a68001
5de75a75
025a4125
bb116cba
2c5a3c29
433fd5db
a8d1c34a
0d32685c
3e1180f1
da6712ec
0b809da8
ed0d85e2
e400a60c
18f1f4bd
1463ab09
71f20909
b33c5f27
db3d2070
8795627b
b2e9c112
e72526c8
24885687
2d03019d
c9692ba7
358e0a2a
40d1aa19
3d172860
f6ef8dcb
579c36b7
8164c661
4452b46c
9950408a
08b39cc6
e3002e98
7c1b4483
b8a91536
1c604002
1656547b
2755ea27
958aa824
6dc31cbb
081229eb
6575991a
542391be
0a3fe685
97a14b48
5d9c1a67
cd8b1179
1c506cda
32786e29
5c34b3f5
297b2a01
57db2011
957c2b09
a47c453a
c74521cb
4316f469
0641c781
5cbb62bb
17333a51
f6d33ce9
55b1af00
f3b98c40
b2aa62e7
2da7aa89
e1cfd928
9900665b
5fd036b5
6434a08d
4a94a63a
1bc84b3e
df68aae9
27223e99
cbc83a69
2377361b
40ea0497
5d2c139f
cebf43d0
a1e434dc
bb085516
3d9bb463
ac084838
04705359
990f0399
5ce94c98
66e8ef7b
4834d0f6
f919157a
2f069425
200ec0a1
5269bc88
346b6b03
199107f9
732974a3
ca194c06
ba41a58a
99babf79
c0857b4d
3fab3595
375657b7
1a2b8e8e
e553d52e
5b5eb43b
26699cca
de691086
56eb34f1
1eda5e55
da62ba08
8c5d1c46
c428fdbe
72a1e78e
89fd8e61
0440e643
3990b145
537ebcf4
3bf3611c
5a8223f9
51b740ac
5f69d07b
1fa203e6
8700a866
5967df0d
37608ce6
7945c895
83c36898
6acf23f6
d47d12f6
41d4a02e
c03347cd
9a6d74e4
4c39827c
25282804
b94a84e0
445001cc
8f3b51d8
6650aec1
8cfbd691
6d2a5a6b
ca735f1a
b4d653b0
7c0c60ab
78e722ea
76d5f44e
8d5142f7
b7c4a826
45d9b008
aa4e69bf
f4532712
ae544b11
677a33b3
7ab121b0
841bf138
de86ea3b
1297ce85
c981dc6b
8899a7d6
865bb4b3
98869a0b
c0b799be
895c0492
be82a0a7
c6549a61
da64063a
94757ecb
2c187b9f
12636b61
23d62e33
8e926283
950cbb92
82a35323
bb39b914
d4d3563a
92d0fa0e
7acf6135
243a6aac
05bcd916
a00fc20b
87adcc04
5ddca399
7cae2100
35e5c498
3d660a17
5a3fab35
b9d593f8
ab21555b
fa0b86ff
d8252143
b5a2b928
97358a06
f3ac57c8
6704f219
882236cb
22a2a68b
02b1f87a
4c8e7031
a8d7c1d6
c90199be
c2b706d4
41167e5a
5b2ce14e
facff979
5b4660c5
3e98d0cf
5f8ddbda
72c78823
94d3bdaa
90337940
e5152bf8
6ec64b17
6448ab47
6132cf40
875c9f91
a37422a2
c7f49fc4
9ad96db7
7c40f7be
031a8a39
4bf5e067
bfcd4578
80b593dc
553bee55
7cbea963
50980a61
b5f6da8a
b92306a8
4440738b
b9f842cf
ab107b61
b8708df4
2789995a
3dbc73e4
00d36565
c1c14a56
750df474
44e57b39
17806e04
203c36f3
66100a95
37e6b5a2
5b3d18a5
1c7f252a
c41c8238
043c47a1
d23c9ec5
a8ac8aa7
8307648c
c580b3d8
3d72e6c1
a2085380
e3294bcb
ba7a894a
7e28d824
ccd495aa
593b8284
3728f016
193f2820
baa1cb46
4e569a60
22e056cc
55fcea97
6347c6f5
b3df68b8
6c4caf61
761e9b4e
74934342
124b677d
56a2950a
4790ce64
a5a252cf
8a5ec7fa
d3d78592
1cc37f34
08581a17
615ecd78
8c18cfaf
ce38bb5c
3b0e18d9
304747b1
72892b8c
94016bfb
1f911152
a7731376
346f3bb4
1c3a0330
672d9717
cc03cfab
9246466e
c144a712
fcd052c4
1d67d6ba
b8828a6b
88d3b5f2
5fd78d25
7e65b818
0b0d60e6
b4c48c68
1fb726b2
5c6b6b30
0e291c16
9844ec37
731649e9
08b5b108
e04f4b75
d2cd29b6
7c902015
4649b731
109717a6
cf400e00
055ec70f
1172218a
18b98f7d
191765de
f45aa6e6
9ddb2f8d
d1c134a8
099cbf56
1a713695
abab867d
19644d45
998a9b25
35791338
300b7a10
9dda8c66
a041922c
76b5c9a8
84b734a9
fa1a9065
261165bc
3f7680a5
0a6096c6
e86101a4
bd96166d
6a3eb660
86f1ce33
333057c9
e473b9b4
c2537ce5
b73b9844
6f1045cb
db854027
66f795b6
b163b55e
f19e2e28
9c8c4e12
2a5db186
e37668ba
2905e294
8a469c40
d9547979
06c45e64
8e9d7676
3b9bc047
b3a15e90
8f3fd4c5
99379628
8e013031
759d3af9
9ba77786
712cce5a
9c6c3ae7
a07312b1
29a3fd5e
6609743a
17244303
63542a4e
f919ccd8
928da667
4dd9bba6
9627e70b
737bb10c
4242d594
6a3414f1
18fb0570
b712c4b6
5b834708
53512c72
91798f51
b39173cb
eaff9c51
b6ecc463
422f1512
2cd54be1
9896620c
f3c246c5
39f55832
88006fc2
1ac917dc
e798c9d7
4771b329
6fbf6283
2b411e35
52581d29
ec4d12a8
a9293e65
83d68639
325580d6
b7096123
ba178c32
7256b47c
699b0cda
9fa88550
2a9eb2f3
6b6a8632
436a6a63
6b2b580a
82436a01
48db5054
d13a757d
a5c2cd09
4960fe18
a0b32001
0bec3b60
2e8bcc9a
905b6848
c444c8da
32f34ab6
20cfb8b8
ec6581c6
0bd38026
a916a617
024dc721
9b009644
3744256e
326b79fb
3ae00c31
c59e2cce
e64291b6
7fcb98c4
e247391e
a0871608
4456eeb3
304c20b5
f2ca9cc4
56f4dd9e
d0591aee
b87229f2
2b59305c
a823739a
da97c9eb
1205bb6a
299ce9db
c0e4628c
a0ecfb9d
f5c7087e
a17f6809
bc700b0a
bf13950b
931032c6
60e31ebb
03b7a1ef
f46773e1
7771c09c
1058463e
10928135
a7fb4386
73c4a552
82262798
24288a12
a1c539ab
9ccd851b
af04ef0b
8f77bc02
9ae811e0
aae7e61c
a6971412
28d889f8
9cc70b07
7f1613cf
43e2cc65
92092c4f
31a6861c
9bea34c4
6c8c2170
8f5a77b8
3a5d14b0
84eba833
c89d54f1
045b72f5
7e99207c
ba802264
852fb7d9
801cfe0b
d749e8ef
c2a50c07
5cf07d5b
ca151559
53d7b341
5838ddc7
5ea3129f
a2ec2189
b937f792
74c7dc70
647731b7
8c540990
a6cf4bc2
361763ab
69a70525
a3791018
135eaee1
c0483804
cfc6d10f
132737fb
41ba365f
5685c1a9
4878af5f
c876a82d
0e4990fd
d6b007fc
edc1ec4d
b115c8f6
72f8ef38
0f40789f
b36eaee4
d3b4338a
984e9e24
be0ffb28
61a9dc08
c18b8900
3711f36c
a76aff94
285aa3f8
72994276
24a0495c
0d7b75d6
4b13a474
907a2dc9
faa8cb4b
0000001e
00000001
0000002a
00000002
00000031
00000001
00000020
00000020
00000000
000004a0
00000960
00000000
b1110abf
434ebd11
a7bcdb8f
fc86a8f5
52eca482
1dead575
5a2c56b5
280688ea
87a83e0d
a5141279
c6b66e96
54876b45
22954472
d7da64b0
01d9771c
89aa1212
a08748e4
89d15ea7
988ca07f
e09e1c1a
b3c39301
b9b72a2c
473292c8
a63be21f
355eb4a4
835a9647
801c5bbe
f144454f
b09d6176
7631f11b
5f960698
866d758c
4cb5c25d
d09f80cd
eb5304a1
5e6a7cc2
5486930e
698d7423
ccb89b5f
c2588c09
e76281e8
4276b51e
231c494a
c22149f2
726b7c71
327e97ac
bc582a7b
65dae823
417a26d7
15c127c1
4c51fc2e
2051d461
733cc365
60659a88
1a8538e7
3acea2a6
3b3c6a88
42addbd0
72651ed6
26ca0d9b
ba51b944
558b1c20
54c40fa6
5a25b908
2562cfb5
34492420
6994c009
99cb54aa
8ca3fabd
4c873b1c
6605ab99
12334c42
cd485553
da8521f4
221bd99a
3d1f061a
5bac5da2
0856be54
da1aa7c6
b47cccf1
92c00951
8379e57a
67c98469
199bd35f
b6c6228d
e0f1cfda
768c551b
501345b5
087937fb
cf302d3f
aa1c5b48
d2443bf5
c993014d
292e7c2a
261fa95c
8293d81f
4e8fbca7
37bd47b9
381c1b08
39696320
18f95891
1909dec4
1e1f4cc3
c951a6c9
7de1a047
03479a2c
e1b17a96
b7e52230
2356bc4d
439eb777
928d00ae
bd24ebf1
509d32d9
15eb2565
043e8989
a9c27ba5
35705470
0e6db5f1
6c28b1d4
35562d0f
cb03c86e
b9d05f26
16e44d34
15255490
4c619de4
1047b3b5
97951bde
d1a62fb6
2b2a8e71
a08c86f1
d2e42806
7765ba20
43bc4875
b8c678d4
47102549
6151b692
099f1e09
501c9e4a
e3535720
d6ffb36a
94f03c81
1e146bbb
90f68716
31b1628f
fb9fa55f
320aa693
9272df2d
d9c8f75d
f0c6cf45
39b9c3a3
db8066a1
a0207806
85d4449e
86756915
d27885d0
58372906
1880044a
b7c55c34
5b122d6c
7b12ebf6
e3a16ad5
0f7c5f0c
2216f7e5
cb8b1352
cf8a5450
308d7afc
612d4944
7b335740
7a89d923
01e9c92b
a3c12467
7b2923f0
7c1061e6
08398b34
fd0662a0
0cfb09d6
2f03c309
715a98c6
4316bfba
bdf01143
b5a099a8
36091010
7058659d
114de560
7c52ba74
84c82516
0dc170cb
92c3bc36
5833040b
f5bb67e1
598dc789
12d47ab0
22098ca4
168e63d2
0ad41415
cf5237e5
d63a0d07
b1d09bc5
306a1231
f67937f5
cbdc4a25
1baffa78
4ae84228
35646e03
ea159a55
8a0ba3e9
caa72362
937ca3c9
41fe584a
9d6b6bbd
9fc16980
2575209b
b597939d
5a70a55c
06f16e36
581374af
53648707
031ab318
73557931
ff75149e
1cd39320
4ab580a4
7764ec7e
ac8d9e2c
b9a18b80
215b4ba0
b6869caa
868bd442
d423c330
aacb1961
bba01d77
993c92c8
3aa13bf0
89ac4553
91a8e448
ccf94ec5
443c0441
4bc46cd5
e3b89a76
6de3ec92
670ca307
5857255c
a908cda2
d9a9baa7
21054b23
3826fc3c
dc091867
f8253309
b6350200
711e1196
b1faba3c
ac702012
ed8cc858
c4eb4dc4
9c73d459
0854568b
441e50a8
22a99cb0
17be108c
17eda273
3ed061c7
7b126b5f
a2615b41
0e1c5550
ff84cb26
08566d74
73c6e003
9c7f94dd
ab0f32e3
5bfceb9c
23274635
b4f36483
a0c5718f
935d7a86
a1407bc8
c2f61b05
7e0d848e
7a69b5d9
9485b298
3457496c
d4445e15
ad94ed90
d139c241
730b98fa
2cc08396
5d94203b
09ddb042
8fa23a8f
04228de1
e303965f
14775fca
96b92988
a21196c0
da37536d
7c1b5197
d410fa7e
ef9970c7
c78d43f5
881137c7
58538377
47051dec
3242a05a
98c3ab41
d48f0b69
1ceb4f8f
1b84dbb7
62ad1452
bdb6ed92
2240244a
2c6e5304
8a81f0cb
c0b4c601
44f5ae6c
c592c50b
d068935f
3ca47f7c
0c4c07b5
3dbadc01
d0105df9
05e06384
aeac977b
59f840f4
328a4377
7c373a91
9c5e7db6
34941a5e
98b1d396
476b0472
59ca615c
91310b77
b4662bb4
55aae9c6
4a868833
ea0e1ee0
3e010d3b
af814990
32a55869
0f70a0ad
38341100
713e474b
5081503f
b50fac55
51c49338
25fbf71e
2e9828b7
97b59206
4c8165ac
73422b46
d532b2f8
7ea7f493
17ade13e
e3918deb
c9722cc0
ab9ce96c
c5447da1
2009a92e
ddbec11a
da44c2b2
37eac65c
798fac9f
26871d9a
931ab625
177e8577
02d18144
aa689848
4046a78a
240ea08a
86e6e717
e6b47b82
535989a1
c7a6908f
677dfb75
56894a9b
5df48097
7f3216ca
7c90cdd8
7bd94e33
fd644477
a056039c
08c029ba
decb702a
8b60998a
99aa3111
257b60ec
1acb0562
4f29f101
42bb4271
15647923
20d7c34a
5d160625
20b46d04
6e04398b
7d527509
a8e50455
08ec509e
bd0803eb
02732fd5
7af19b96
3825711c
a4227ab9
91816143
0a76e34f
c599a2cb
51e41731
20a218ba
2160a59a
aaa99477
3e7ba51d
2207bb07
22b75212
7a460371
f58a5a11
5963225d
4d82591f
5341c015
3a836e0e
5f477607
f0d653ec
a938676a
e90c544e
7729a122
cbd75e1f
ba6d4901
b7282fa1
6957f170
4f84bb43
a7c8896b
1bd47237
605d7885
07475458
2ca45749
80be604c
f4061156
8da3a808
99c544f4
29b5960a
23e1cb52
8236360e
301ac496
cd9a0469
66771043
1c4faa8c
a904f669
3c91469f
47e43b28
37c1573a
ee62015b
f430a744
1b372235
1bc76879
13426a50
0b71cbc0
739bd43c
c9170092
13a45c8d
94bd8194
1cd7be5b
b459c8c2
51ab6229
2a7803db
0a751e48
209ad4ac
01c7b065
77337286
43c8452a
161020fb
62c4576c
b3010750
1757861a
8db9ad29
9c3f06e7
bb737427
2063391d
6116c8c1
f7c94596
50647491
ef949c4d
9c7abd96
aa723e63
d75d6936
02b94f59
4fe63c52
69c2d4f2
d519aca7
ad2bab93
4c95b27d
29257489
bdb3d57a
fd2a9647
90bf836a
82218f62
d86b801b
bacf98e6
a9e0487a
8f2e082b
4110aac7
b05b06c5
ceb474d2
985d12d5
0d783c9e
fb565aac
690dbb16
83674f60
6d81a0f6
fc705725
06d8816b
ea026105
da4c3f33
9cfa6226
8661832d
799e5c53
2b4a1330
9a06c284
6ab65a06
4db2cc22
9ab842c3
f22a4a91
83d07ac5
f8681b33
3ba89d73
55367795
b9acd307
696960d0
3c801432
3b8789e3
241457c0
75fc5b70
947c0348
589f73b2
3ccb549f
59897686
c9ad78b9
bf454f42
35bbf582
c01c97f9
7bf32c0a
409b49b4
75c66b57
6fe4fd68
59266c41
34e34e05
a5209c3e
420dac27
399ba986
316b7651
29aa0055
b87a3d83
18c107ca
759ccb22
1890367b
7690f64e
6b83b84a
cce92f83
42859e2b
8539d8e4
599d6d14
8c132e7d
206b54ea
d9285295
14f9eb11
7e8c703e
b8ce36c9
11d2fd58
3d7ff89b
715eaeec
b2535d67
77458693
fc3d0566
687c50a7
b54209f5
1b678c49
a3e2767c
9da47962
53815d23
8a232655
9c628159
d22156e6
ab52cc40
b052e061
8bf5989c
852a3e1b
d4a8ca35
0bff4ac8
6aeae67c
b1110abf
434ebd11
a7bcdb8f
fc86a8f5
52eca482
1dead575
5a2c56b5
280688ea
87a83e0d
a5141279
c6b66e96
54876b45
22954472
d7da64b0
01d9771c
89aa1212
a08748e4
89d15ea7
988ca07f
e09e1c1a
b3c39301
b9b72a2c
473292c8
a63be21f
355eb4a4
835a9647
801c5bbe
f144454f
b09d6176
7631f11b
5f960698
866d758c
4cb5c25d
d09f80cd
eb5304a1
5e6a7cc2
5486930e
698d7423
ccb89b5f
c2588c09
e76281e8
4276b51e
231c494a
c22149f2
726b7c71
327e97ac
bc582a7b
65dae823
417a26d7
15c127c1
4c51fc2e
2051d461
733cc365
60659a88
1a8538e7
3acea2a6
3b3c6a88
42addbd0
72651ed6
26ca0d9b
ba51b944
558b1c20
54c40fa6
5a25b908
2562cfb5
34492420
6994c009
99cb54aa
8ca3fabd
4c873b1c
6605ab99
12334c42
cd485553
da8521f4
221bd99a
3d1f061a
5bac5da2
0856be54
da1aa7c6
b47cccf1
92c00951
8379e57a
67c98469
199bd35f
b6c6228d
e0f1cfda
768c551b
501345b5
087937fb
cf302d3f
aa1c5b48
d2443bf5
c993014d
292e7c2a
261fa95c
8293d81f
4e8fbca7
37bd47b9
381c1b08
39696320
18f95891
1909dec4
1e1f4cc3
c951a6c9
7de1a047
03479a2c
e1b17a96
b7e52230
2356bc4d
439eb777
928d00ae
bd24ebf1
509d32d9
15eb2565
043e8989
a9c27ba5
35705470
0e6db5f1
6c28b1d4
35562d0f
cb03c86e
b9d05f26
16e44d34
15255490
4c619de4
1047b3b5
97951bde
d1a62fb6
2b2a8e71
a08c86f1
d2e42806
7765ba20
43bc4875
b8c678d4
47102549
6151b692
099f1e09
501c9e4a
e3535720
d6ffb36a
94f03c81
1e146bbb
90f68716
31b1628f
fb9fa55f
320aa693
9272df2d
d9c8f75d
f0c6cf45
39b9c3a3
db8066a1
a0207806
85d4449e
86756915
d27885d0
58372906
1880044a
b7c55c34
5b122d6c
7b12ebf6
e3a16ad5
0f7c5f0c
2216f7e5
cb8b1352
cf8a5450
308d7afc
612d4944
7b335740
7a89d923
01e9c92b
a3c12467
7b2923f0
7c1061e6
08398b34
fd0662a0
0cfb09d6
2f03c309
715a98c6
4316bfba
bdf01143
b5a099a8
36091010
7058659d
114de560
7c52ba74
84c82516
0dc170cb
92c3bc36
5833040b
f5bb67e1
598dc789
12d47ab0
22098ca4
168e63d2
0ad41415
cf5237e5
d63a0d07
b1d09bc5
306a1231
f67937f5
cbdc4a25
1baffa78
4ae84228
35646e03
ea159a55
8a0ba3e9
caa72362
937ca3c9
41fe584a
9d6b6bbd
9fc16980
2575209b
b597939d
5a70a55c
06f16e36
581374af
53648707
031ab318
73557931
ff75149e
1cd39320
4ab580a4
7764ec7e
ac8d9e2c
b9a18b80
215b4ba0
b6869caa
868bd442
d423c330
aacb1961
bba01d77
993c92c8
3aa13bf0
89ac4553
91a8e448
ccf94ec5
443c0441
4bc46cd5
e3b89a76
6de3ec92
670ca307
5857255c
a908cda2
d9a9baa7
21054b23
3826fc3c
dc091867
f8253309
b6350200
711e1196
b1faba3c
ac702012
ed8cc858
c4eb4dc4
9c73d459
0854568b
441e50a8
22a99cb0
17be108c
17eda273
3ed061c7
7b126b5f
a2615b41
0e1c5550
ff84cb26
08566d74
73c6e003
9c7f94dd
ab0f32e3
5bfceb9c
23274635
b4f36483
a0c5718f
935d7a86
a1407bc8
c2f61b05
7e0d848e
7a69b5d9
9485b298
3457496c
d4445e15
ad94ed90
d139c241
730b98fa
2cc08396
5d94203b
09ddb042
8fa23a8f
04228de1
e303965f
14775fca
96b92988
a21196c0
da37536d
7c1b5197
d410fa7e
568156ea
2b81aa3e
262be246
300846d5
9ad717ae
0fd36381
6859e5e5
50e6823b
8b455fc4
71742d56
aaf901a3
bc405948
bec26b89
c87ae2a6
3f7119d7
b44f28fa
0000001f
00000001
0000002a
00000002
00000032
00000001
00000020
00000020
00000000
000004a0
00000960
00000000
ca80d03d
a95f8c44
97b31661
0a411444
43530bd6
786ca7c3
62bb308e
301a3421
c6264e88
2ac85a57
394a94f5
4701d944
c6a5b0a6
0aaf1de3
04236a9d
b53e4481
35c58f6c
a59af5cf
c3295986
f0f08f4b
572a199c
105ae621
c0476d14
3361701e
ac84c0dc
d8425fd0
b8c1fd2b
90af9179
f2da858c
75835423
95574177
54667a68
321a07b3
da5188f8
3624b611
1cb3bd7c
4b19453d
867da5a3
4466c17c
49672676
23bb144a
0a77a015
b6344c10
d16e32f2
6f556fc9
33ba3456
dc7c7bfb
b2b4ad1d
7f88a5f7
19527ffa
7f60ae8c
e3340280
0802baa7
4d66634d
6e5f0c47
5715c0a8
31e34e05
0d020a86
b9788aa7
938c1bc8
31401bcc
f6b887d0
4eca991e
7a9ee83b
035f7aca
6406dab6
194c00b5
78837c65
8888a56f
e87b23f7
04e0bd09
5c520fcc
e13438fb
616d4130
3759c468
e5b48834
00d125b2
10e4c266
c918e250
074d8bd1
b6525653
63375190
04d17b12
98f12619
1e7381f3
a4c9b8a5
9e49de9f
e8c47b7a
aac90677
6fbb3e6a
30715072
75281f2c
5b6c7b42
23b03911
4232b002
835cf699
458d4ce0
552f19f8
2cfb2053
fb85392f
27671a96
8b87e438
d693421c
a5d98ce5
50768db7
9da3958c
e418728c
c0202b22
251d8537
c895970c
62ca099c
63c744b0
753b2a7b
850a26a4
00226c85
54cbcb79
67b9fa0b
b360c175
5ca65362
b9db77ce
a86fd7d0
55b18db8
29b3be4f
98bb4377
a01f1ef6
5088efc9
21189448
26dd6073
81a3b446
3abae2dc
61efb1e0
6db28aa1
745bc0d6
b4ac6b03
b0331700
b71d3534
47572798
51a11491
c98e179e
db80c839
8d167cb9
53a37931
e97a6058
cc477e44
dbbbca0e
b5289aa2
33550e84
c4b18262
130d600b
2bfab165
7e71c7bd
eb0276c6
c30a2769
6ccbf58d
03aaa7f4
64bb7346
2687a013
8a5d5a3c
24a9d531
5524f623
12e03ae3
7db0f91e
ab74d3ba
e368c962
adac1525
f6b0175e
e4790a44
866a61b3
a135e7b4
28b80443
554c5f1c
dfcc037e
bb320a06
9f966420
5415c5dd
ea831e72
57e60130
2130d914
3cb53c23
0a471a7a
1d707296
f7d68cd6
8ea94551
a2869281
db4143a0
4349eb55
226782ac
0b47aa9b
8f5c6e24
5ab093b7
8be3c565
7bf870a4
17b69779
97fd8e0c
16224fc4
53add72c
b9d79967
7998684f
e27cd556
070ac7e8
812cb277
dc4755af
82816837
064a421c
db0eb076
649c381b
9a85e04d
eb67fcd3
500e68d3
8659d752
7911039d
11dd4c60
a379d5b7
1437a0ae
98121f4b
51689381
33cbca22
282a1c8a
a93341c0
219d8676
844e6c60
97fc34a7
f818f317
00678279
a1e979b1
cb03b100
d4641dba
2bdc4374
128cf2c5
704979d6
79e6d8c4
a0b1b268
823f9029
ce0877c6
ed61f569
67e10f20
ac72e7b5
35b699ee
e7fa3a30
3876e060
a68102c3
aca72fdb
ab497c34
21ae729a
a4b556b3
3ff1db25
b2b9e30d
2520cedc
28800430
23a4e935
c7f50d48
04398a70
cc9a64d6
81c4b57a
b2e3ee19
55543341
491624d8
3d5bca8b
90040a78
291a1d71
467b3899
5a9ee9b2
f90f36a8
47a7a7b1
76c8c98f
d3ae5d54
2b870db7
4479a723
72a08669
481b4536
9d562b84
72839616
79fb8200
18699148
f2b1b08a
5e42fc9e
8d7be938
1584bc75
05e4c822
935ba765
1b4dbd16
447303ba
9043409b
5b600b56
9a871e8c
654be2b1
450081b7
9342f3b2
c59295ec
962bc874
8de11f68
298da6b4
1f318332
19533c81
548f4dec
0c6dd42d
ab140cf5
a24ca40c
71b6478f
4e029b85
1517c434
a957c735
d3b3e992
0c761532
5e09e3cf
237068ec
42174f92
c7357229
67a28caf
dc4416fb
6828891f
95c822c4
15570154
b023f07c
24a14263
c8d99819
7e36972d
5247ea75
0a5fad57
804bc065
78043894
10acc884
9513d870
a98d8187
fa9f4e41
2e9b1e6d
9d301aaa
b1678408
2ad0199e
05918052
5c6b1abc
a6e19caf
dbaf8987
527da293
5e4ca226
204af5d3
eb561006
2fa33e3d
931b274f
e6697cb4
6947fa25
d09b3171
44e89402
63f4af15
049b3af4
a4680b48
7093d33a
9cc916f1
b4755b81
442991b2
ba1c8a61
96288d17
ce41181e
20b18502
fb9f14d0
0315f7bd
700976d6
e7eac293
b5e9e702
4d314b28
b6a7b6b7
12c66806
4aa435ff
f546b844
4d287ebd
0c6066a4
77a54a4c
0c385bca
9ccf982a
b970794a
4c318328
7a04f5c5
29cb6951
8e8a674e
a4ac268a
a2d81c53
9906f346
8c4fd69f
63d12279
16728bb5
b6371783
638605b8
8f98a948
e438e365
86082a2b
b5bccc65
86ae23bf
f1f573e5
98771846
756086b1
33b53206
38d2d3b8
a832cb69
32d7a6b4
61d807c4
cf2f53f5
2368afb6
a2144563
94187771
980d8180
91c47fc4
73887b11
46a6b156
43279116
912f18f2
6302c494
3e6a60ac
c0c905ef
a2de4ce4
c120697a
cd646353
e3cc4124
01e28733
ea8c5c6a
f871b4fb
96493ece
df8e234c
db8a7ed8
a00a6020
c54f6bdd
28a548d0
a0f7c736
67469b66
94dd2eaa
b9582074
ebc2e7cb
a6647205
b17beaa7
1cab08cb
9533b2db
81c19b65
d7b0dc5e
1ae53f72
3ac30979
278082a9
6cd961e2
7b888371
30a66133
66cb6e44
633a4157
b5ae14eb
e2e69752
cdfca17c
fbc7f960
c0a55cf0
cb607f72
260761b1
0ce18aaa
bb2c4b11
f871555e
95b7cd34
b92028a6
31455971
78b886f7
13c1cc4e
536a6816
0a874426
99f41305
b18e792f
d6b648e4
b4c67145
08b95253
f54ace53
9df61585
59877296
8c557e79
5704c770
29c5ba00
4af57827
7283ce3b
182a05d2
bc1e5af8
44b79f3b
8737f014
900a3ea6
79a25d8a
e36b83cc
84324ed5
2e9b2782
a998d98f
727472b9
752094a1
523b9a97
b5203fc3
1dc7c9c0
d1a57be2
099ea7d9
64168c84
833771c6
a0e0314a
b9ab3aa4
5770474f
e5fa9168
3b5b3d50
7e59ab85
68e92e19
1290eb0d
2498e0a9
2b56bdf7
3c9c7e7e
673cb4d8
1bca069a
35758c5f
c3a1e612
39f8270b
30c345ab
fdae0799
527470da
bda9b492
c33162e5
97ccabf9
33f20baa
991c52b1
eb28b1c8
5e742e62
333dd462
67b73013
2ed02f63
721102d9
591eb7aa
0c6b67b0
0c50329e
c8c94bb7
553c6e37
fecd66a1
cc1b9d44
5219187b
ae72fc02
05b7a85b
3b57cb13
3faab2f3
1571b5f2
3573a74c
90cf1a75
250e02ca
1f4b3c02
26595bd8
12e29889
86917069
a4379072
c2985e54
802172a3
b1b8c1da
9b1b5b00
91b52a84
44ba7236
5a3120d5
5970056b
918ff5a3
a17f9b5b
3e58516d
bd6945a9
a9802ca6
c3a0bc78
b28ea72e
32eb3451
6c02de1a
037db01f
eb0592ac
70c81da2
600d0c0d
13dd9e07
46853e53
5cb70272
3ad2b08c
2b683f94
d2b1e0e6
352d1af8
cfb376ce
c08de805
a4bb7734
a854ae44
c3a6cc4a
c193bd72
aea8f339
ee50343f
92075358
c978e0a6
31137117
36dbb834
1cb5d218
7963e49e
a5d56251
99053f46
ca80d03d
a95f8c44
97b31661
0a411444
43530bd6
786ca7c3
62bb308e
301a3421
c6264e88
2ac85a57
394a94f5
4701d944
c6a5b0a6
0aaf1de3
04236a9d
b53e4481
35c58f6c
a59af5cf
c3295986
f0f08f4b
572a199c
105ae621
c0476d14
3361701e
ac84c0dc
d8425fd0
b8c1fd2b
90af9179
f2da858c
75835423
95574177
54667a68
321a07b3
da5188f8
3624b611
1cb3bd7c
4b19453d
867da5a3
4466c17c
49672676
23bb144a
0a77a015
b6344c10
d16e32f2
6f556fc9
33ba3456
dc7c7bfb
b2b4ad1d
7f88a5f7
19527ffa
7f60ae8c
e3340280
0802baa7
4d66634d
6e5f0c47
5715c0a8
31e34e05
0d020a86
b9788aa7
938c1bc8
31401bcc
f6b887d0
4eca991e
7a9ee83b
035f7aca
6406dab6
194c00b5
78837c65
8888a56f
e87b23f7
04e0bd09
5c520fcc
e13438fb
616d4130
3759c468
e5b48834
00d125b2
10e4c266
c918e250
074d8bd1
b6525653
63375190
04d17b12
98f12619
1e7381f3
a4c9b8a5
9e49de9f
e8c47b7a
aac90677
6fbb3e6a
30715072
75281f2c
5b6c7b42
23b03911
4232b002
835cf699
458d4ce0
552f19f8
2cfb2053
fb85392f
27671a96
8b87e438
d693421c
a5d98ce5
50768db7
9da3958c
e418728c
c0202b22
251d8537
c895970c
62ca099c
63c744b0
753b2a7b
850a26a4
00226c85
54cbcb79
67b9fa0b
b360c175
5ca65362
b9db77ce
a86fd7d0
55b18db8
29b3be4f
98bb4377
a01f1ef6
5088efc9
21189448
26dd6073
81a3b446
3abae2dc
61efb1e0
6db28aa1
745bc0d6
b4ac6b03
b0331700
b71d3534
47572798
51a11491
c98e179e
db80c839
8d167cb9
53a37931
e97a6058
cc477e44
dbbbca0e
b5289aa2
33550e84
c4b18262
130d600b
2bfab165
7e71c7bd
eb0276c6
c30a2769
6ccbf58d
03aaa7f4
64bb7346
2687a013
8a5d5a3c
24a9d531
5524f623
12e03ae3
7db0f91e
ab74d3ba
e368c962
adac1525
f6b0175e
e4790a44
866a61b3
a135e7b4
28b80443
554c5f1c
dfcc037e
bb320a06
9f966420
5415c5dd
ea831e72
57e60130
2130d914
3cb53c23
0a471a7a
1d707296
f7d68cd6
8ea94551
a2869281
db4143a0
4349eb55
226782ac
0b47aa9b
8f5c6e24
5ab093b7
8be3c565
7bf870a4
17b69779
97fd8e0c
16224fc4
53add72c
b9d79967
7998684f
e27cd556
070ac7e8
812cb277
dc4755af
82816837
064a421c
db0eb076
649c381b
9a85e04d
eb67fcd3
500e68d3
8659d752
7911039d
11dd4c60
a379d5b7
1437a0ae
98121f4b
51689381
33cbca22
282a1c8a
a93341c0
219d8676
844e6c60
97fc34a7
f818f317
00678279
a1e979b1
cb03b100
d4641dba
2bdc4374
128cf2c5
704979d6
79e6d8c4
a0b1b268
823f9029
ce0877c6
ed61f569
67e10f20
ac72e7b5
35b699ee
e7fa3a30
3876e060
a68102c3
aca72fdb
ab497c34
21ae729a
a4b556b3
3ff1db25
b2b9e30d
2520cedc
28800430
23a4e935
c7f50d48
04398a70
cc9a64d6
81c4b57a
b2e3ee19
55543341
491624d8
3d5bca8b
90040a78
291a1d71
467b3899
5a9ee9b2
f90f36a8
47a7a7b1
76c8c98f
d3ae5d54
2b870db7
4479a723
72a08669
481b4536
9d562b84
72839616
79fb8200
18699148
f2b1b08a
5e42fc9e
8d7be938
1584bc75
05e4c822
935ba765
1b4dbd16
447303ba
9043409b
5b600b56
9a871e8c
654be2b1
450081b7
9342f3b2
c59295ec
962bc874
8de11f68
298da6b4
1f318332
19533c81
548f4dec
0c6dd42d
3d0a72bc
3ae59495
77d8fe52
3cf57773
258fb4bd
4a90e41f
1dda20fe
ac8fe800
80299ca4
ec49039a
16f1cf1f
a1c21193
9a8fa4bc
bf974d9e
5602f3cc
9656b61d
00000020
00000002
0000002a
00000002
0000001b
00000002
000004a0
00000020
00000000
00000440
00000020
00000000
c5b5c705
02e1d87a
6d4c5148
9952604d
3cb23213
0a72271d
5b6fb579
664806ee
2bb093dc
e6778fbf
b9589792
f33bf0cd
3b525a84
f7b17dbc
dacfb829
31bd7aad
112fed83
46989a2b
f053b210
7ed41f8a
79159dae
0f989f1e
98623b24
f1ac87a7
163a1492
220bf791
59282128
051a0035
ca41b44c
5b7b24d6
498e34fd
68b1d720
7dfba84e
8335de6b
fef780ac
118c794a
e8767ce6
d3b9d85d
911bee79
4ec3fd96
e7c1a152
592c3bfc
37da4188
bc8dd556
f33b9821
38b20172
ed748089
f6bc556b
89195f9f
e297587c
977f1090
fbafcd11
94b04bd6
89a0b275
c4b70cac
b7dd1399
8602a23c
b9242d5d
96c3fa8b
1e1468c2
76b2772c
235db936
528db135
89cee97e
887b7d6c
0ac9ef1c
c86ae25a
7c07fd24
a2555cf0
b6a1febe
ff9e853f
b807f5d4
171be47c
3c8ea182
2ec0fab6
5beb2d84
2a66ef8f
9f8cdb83
9851072a
59abb4af
9383b8d4
db0c82b5
f514a764
cb183038
508ac9e2
f7dc93a8
671ba842
4df17aa4
1f8d9d0d
7d2e545d
26a640a5
6596c4b8
8bdf0e67
cc6baf56
eeabce74
ac19f90e
656a76ad
c22ca620
95fe2e25
aec98284
fd264f90
e3f22cb0
5edaaeaf
4ec54974
0760c0b1
10f474d4
e028fbe6
2e5a236c
730551c1
2dd29b2f
3012be67
7d278fa0
867ffc72
b37bd5ea
5be8a28d
65b5696d
b86a7a13
607d28f8
83503982
a40f7c52
8b05f27b
1d9a2e2f
40c873ee
e7145add
f31c798a
b6d1e4d9
a57118f4
4ae17fa8
567ef841
152b31bf
0aee413f
a92d7469
921e1dd2
94fd9a49
a28d3ef0
dd3ca8c5
2569317b
905edd9f
be8eacdf
e05fc921
fe282155
dbb56cc4
97f520d0
f8425fd5
15c04feb
64f67ae3
c2aa786f
28c3c395
fbb827c5
25d605ba
38bf607d
902b718a
f8190da7
a98053b9
6d246245
de7ce674
c23a9f5b
26398f15
e06d7274
b103d6e1
28a8c56f
1092ac4c
c01e58d7
8d4e1a69
08c3ad2e
0fe322ba
656773ea
267c5269
65fe93dc
8cc98282
7d152843
0ee51576
472e1e43
2352c9de
5054ada8
aa60cbc9
81777d50
2266cd5a
89cd461d
20e86a25
441642b3
58fe8a08
39c0b37b
f8eef7cf
b866a978
34a97c19
ff907dd4
63041b30
5d6b32a2
65436ecf
f74de081
9eabb8f9
021d3ff5
fda8b302
6700c61b
f997e9c4
4c673307
fd048d18
65f98d90
8f1f0cb9
f23b306c
c3a91200
0cccc642
b9ca10ed
e35d3364
dc8ede35
b8b7f03f
0c0cf5ac
2122876d
6516c4d8
a8a75b28
55c31536
78ae8381
0ea79c85
9125c900
ae16b0d0
4d267bd8
6beb6305
60f3f120
378f8c95
33c90d67
2bce4ae6
f06b2c2f
3b487e8a
7ab38fca
214e50b5
ec9dd7d7
337c1781
5a0a1175
c8e52de4
efd9c343
baeb43b5
1628c660
c03edbb7
5dc076a3
eedaa039
bafe6427
6acbc5df
b4fbfbac
ba330c8a
27390405
1b618305
cc04a652
b4c4577a
7e3d5482
76dd5094
defd9234
2ce417d6
d6f2e793
c9215f29
bfdb912d
10521ae8
fa9a1455
46bf166c
e5929049
b2f8e93c
2c77bd93
435aa531
8a3c04de
0b04db9b
0b3697c3
043a2236
fbeb4917
d36e09bf
d1ae1053
5353d9d3
7f42a326
735e1ed9
c842d0c9
c52bb5d4
e5913172
8332f603
5ad9583d
5ffc5635
b5b58457
9ca9f437
0ccb833d
e4b1809d
d1f896fa
4e5508ab
00000021
00000002
0000002a
00000002
0000001c
00000002
000004a0
00000020
00000000
00000440
00000020
00000000
46c875f4
363e48d6
aa792e45
79f1b7ab
08847ded
1c5d35d3
7a979c75
4aeba704
85b72b33
47be44f5
78b0ca2a
f95c00f7
e29e17f7
d1a4ccb1
a00c4230
1e3b15df
11daa859
718e2415
25647466
806cab80
e481c1fc
200c11a7
3c36a972
1dd6b74f
cdb08c00
a09b2247
45cfaff5
fc6f70af
4ea4cf9b
9ada8731
eeb1e5d8
c0204d51
f73f059f
41941e62
ab80dafb
5dc0fac1
a5a0830d
97c8c183
af4d42a5
8ba90961
28dfaac4
81caaa77
1e2760c9
19e4680c
4dd9f31f
80fdd05a
3ada9821
d6bf9479
0abde138
456b7611
8d5a78b3
8d188541
a6adb9ba
d4f9567c
c41ea9be
1f6f6bca
3fd4a96d
c3ecc261
4276fde4
dc1c8f70
06be4adb
ae1b9078
096d22bc
0045fca6
688e88f5
6004d6d4
2866d525
f61e8dee
e5e555c3
1e6cf0b3
243e2d9f
1b6008c2
a5a9a24b
e29b8a3f
2d74b291
c4ea8ff2
7630e39f
d0df11e3
53600e22
ffc8c673
f3fc8e81
2184f781
e116a938
99ac0a15
22b30533
1b2e2823
01f04294
6401d16d
8c4c9e0f
069a0238
c2ccfd1d
e0701763
e3f24591
20ded7dc
e5cfcbf4
aadeaec0
77cda783
f9ef66b6
1a2567ef
ac5b2893
86053e50
b1f25202
c7078396
50497dbd
804f78f3
2cb36497
35c138c9
ba9d8653
340789b2
ebcbf015
721dd8d2
4fdd4322
5c34abce
3f45e30a
dd305b0e
01e7707f
29f18647
1ead4b57
040b852c
ad24f704
573b8b3b
2b67b163
4628feb2
81a7edc6
d682cd8a
82c414f3
5cc504c4
cb3fd296
27957840
991bd4ef
bd450480
4d7740b0
fdec8573
595faccf
4eaf81ea
143f550c
15487e86
a7b55e8d
3bbf1a79
1e042b1e
049345f1
31865671
bc17ee9b
934eb052
4b006d8c
86edd387
db39e690
c6129d53
b91ead06
b60fd4ef
efb61cf9
b6689b08
85317261
4ed2e467
25972548
d6c306d1
563d04c9
e8736e2e
a6d13103
07fba0fb
e04cafea
754320b3
d0edc1b3
47fc6741
06258606
b211b24c
45b016b1
a7a5a50d
82d45a7f
8fa41972
0c947e0c
d7d94946
9de6b0ef
75902fd5
8df82ae9
ddbac08a
f66361f7
6dbd2c43
6c1d2c66
72aa253a
e9fa7943
60397316
3c5ee914
17484b3b
95c60043
76943026
964fb657
add5b525
69b335e3
55ebb068
c66cd982
523d877d
30f98a37
0336ad5e
b29d8a8e
8522b780
9ed37443
d79743aa
0e9ac7c1
5e745881
8ace527d
6becd9b0
ac9faa3b
9d375200
b7fb53b9
8aa541d0
783e8080
43dd85ad
67f9daa1
557074fc
2f6a8269
aed3c3a4
53ccc0ae
a5e16065
fdb46763
fdc8c43a
191082c2
e6690a39
79251faa
aef56715
9a5fb19e
b049876e
8f0f290c
0491bac7
587e3631
50cf3571
42c5803d
c6afb976
6f807d45
52729764
87fda859
828edb27
6fa07a55
56bde31d
c1c3ec45
1f58724f
ecd3b7b1
3c42fe92
6be7669a
e1f96adc
4c5f70b4
b71515a1
ccb4700e
b64f2bca
81241e4f
588b31cf
16f7b29b
8349132d
113625f0
216448a3
32f58dcb
ab4e4ab9
4302a679
518ba424
1bd3b360
783ea587
112db77a
5368def3
76fd8d98
7d6c5085
8d5c2ed1
4042401d
0183f251
48a3783d
e7b45a65
89805872
233d0fa7
0906fd82
2c71f320
c7b191a2
27ce085a
e3409d38
d5cbeaed
11204d25
d9f7a83d
06301e39
4f57ea34
3a30a3a1
fce3c865
f9529191
00000022
00000002
0000002a
00000002
0000001d
00000002
000004a0
00000020
00000000
00000440
00000020
00000000
71401c0b
1e27ae5f
014e9414
81b71932
54d94e3a
790c51a4
438d7a8c
413acc56
99d04830
27f6fb13
717a42a1
ef1581d1
6442654b
ac9c21a2
586b7116
a5b840df
5de29d03
e40188cc
347d1dbf
b89a313a
dc606fc1
b121ab48
a1a0f1c7
e9d60a05
9d1c09c3
7d9ca28a
0e61a86d
885d8e81
e903eb93
4b7b39da
288207ef
c6c1920f
bfd636a9
50529e3a
dfdd0a5f
2b2185ec
968c4e96
ab3b6a97
e6fb7397
ed037eb1
2587f74b
38f58030
9b31429d
216e0758
4dd0df50
c83cd5b5
0308a6a5
c699cb06
d13642b1
3f48ded1
4b0ef38c
a38c881b
32117fe7
879012dd
ada70373
cd6973c4
c8470c88
afee1d09
be99dab1
34ba7afd
d9191152
fadf2d1b
d57c014c
ead9ee73
818431c4
88a2b7d3
2e513bcd
3d9bf682
9a6491d4
149295ad
5dfefd92
dcc0a8a6
f110e040
df443be2
56d6d48a
eb120f7c
41a821c1
38f513d3
8ed8dc4d
a87ea7b9
7dedbcad
6da93b71
ec17ec82
04c4f1e2
1e158476
20732d34
2098f25b
237fb44c
6af58b45
32f399ba
a03fbf4f
3b7fe78d
787428f2
79ed8731
7925e4ae
1d3444a2
38405566
06b478d9
71ac5879
58d260f0
7e0aec18
f7f70328
877e6be9
30f337ee
372a8d6c
8abd22e3
1b5ce1fe
680ff894
43ad262f
98f433ce
d1175980
5d2ef13d
606a38df
b7d80dec
18803085
2257dfe2
c049ad70
3bd810e7
829f43ee
4dc8486e
feffca0c
ea34e182
8c203e3b
1adefb98
b9c39bde
59027281
35e65667
9cefb0b5
9f8029a4
1ead9447
7a2ddb02
a343885a
f9596d19
79e0be4f
28340acb
f990a5e0
93376192
27f45b10
f083e0c4
6aa41ee4
639db67f
92e7fd78
1e92be48
1344f23f
370d1262
b6e4c3a4
77cd86d2
2ec4c8cd
c9d16bd3
ac472517
deff5736
282c0a22
34c0e1c2
26359397
35d94599
3cae0be4
bf2fa303
0de8a70c
535115b2
57c9e359
3bb642ed
a06c1790
5289631c
82c796b1
bb4e0d86
0523651c
7293c358
2d6b9d6c
6c305051
4f5a2521
22f63d91
06820023
d28b459e
9d0aeadf
31f907f1
8b370602
bcff99b9
2f0ca0e7
37b540dd
f24bafa8
a1c943d4
1eae43b6
8f88bc8c
a8a3a398
727fa789
7d6941f0
bef551b7
60bb8fe8
ee06e74a
7cc87eb0
dc02ebfb
c5403296
815c4566
2a1d917b
e7bacc04
1226e197
0d2abf7d
a796b8d9
e42060b4
61f61cad
d0e26171
3947a6cd
1cc339ae
c5410a50
1721b071
50369406
e34618ab
e046c2f6
535d88c4
c59b8f5d
3e06816f
97403fd8
922cc71b
24edda06
9505c656
a815ddf1
7aa91dac
a0b7ef29
0399f14e
af72b035
43299ad0
e7ff706a
71c8952c
880160cd
4b2dae2e
6f697631
a86e3cc2
52bb0174
2e823057
c7663c98
2f7e4b5d
30b32710
cf699d91
ee0a135b
d10211a3
e68315a0
489f9ef9
3b77a682
d29d2c4f
97c4435a
16c5817d
fa302132
9d616988
81970128
e4089889
0c1d8336
6017b277
86eec9b9
677ab56c
ce56e7c8
2ce01a9c
d7a42536
e6910635
96caaf36
5030e856
edbd80c7
a578ac44
1565f90f
2bd75cf8
5008f79c
6c509be9
eebd1a7a
71f32723
abb79c1a
4eea3c8a
9a3d392a
7960c405
9be2a04a
422573f2
b2b538b4
66515fa1
aed5e598
51527b63
d14336fb
1544e9eb
ddf0f919
6d9d024c
4510d2d7
1e156e86
84d597f4
00000023
00000002
0000002a
00000002
0000001e
00000002
000004a0
00000020
00000000
00000440
00000020
00000000
210694a1
ac3a884c
4ba75cbc
5dbe57ca
2a157d7c
09e4ce9c
3b9c0ec1
a81b85cc
2aeac1ca
4069d300
edcf20c1
7853ff1a
ceb1b559
1ecb16d2
055b230d
29f323ac
6008a292
cc7cdc36
d132a6bb
29c4f638
1beee9f2
4b7da95c
7ca166b5
83361769
efbe515b
91d859fd
3d2a6d99
4e7fd598
24f79b27
b9c60cdc
ceb05a17
31a95492
c847d2d4
51f76125
81c7d369
23995766
20994ce9
60ce0657
f6818d88
61cdadff
f7ed211d
b92675ae
655c323b
8a5475b9
87a52e18
4d9ea95e
e7ab3d39
c9969067
af34994e
62140d83
b147736e
a3bf5c04
6341d2d9
4a8c8b2a
89d2059b
d3fc0bb2
f1904d86
9645b1e3
6061d8a9
a73eb7fc
37b375f3
69ee803b
c5013954
34e26939
6cf8a28e
233fb91a
b59599f3
cd92f2b9
9627547e
6919d50c
8e872344
259766ad
b5decba7
b005bc84
4d4b566d
faf4b1ee
d49249b4
f4d302f3
20f93fa8
2e466966
d2bca281
2ee1d0ed
8d94939d
73203394
7ab388bd
61765c82
318dc4be
db0fc46e
0141386a
b7178515
bebcb388
9b6994c2
871d5938
10c40c1c
b340826b
edb61e20
6ccddbdf
d470476e
5ccac853
bab59a7c
e6e8ef36
61704641
b903c98a
9153ae75
82919ccc
d73a0357
30df1f9a
47a74ddd
55bed707
bd34cd9c
2edab730
23dc9a9d
ca00a5cb
4dcfa281
634fffb5
483de6a0
c3554dff
efea0866
c950bcaf
546ec7df
594d019b
101da8aa
b2443fff
dfec84ed
54f75b47
fefec90b
9b3821e6
813359bb
8ed2c606
cadc05f8
34ca5ffe
8f13ae6d
c812275e
22d58d7f
b5e7f64a
f9bcb952
ee6af9df
4e329073
873ddbd2
0b937e29
939fa5ac
a6b82d28
a004a426
71bc5b22
662758d3
c3b94fdd
3cb8fddd
e38829f0
aa7c0df0
44401fb3
322643c2
80652a0d
4ac7d1e7
823f04e1
7b8493bf
f24c8f7b
5f79b838
1bbc0546
e9dfae3b
f6e786cc
817c2d61
3491fd7d
62a810a7
3fcc6946
97cedb3b
70e2c691
e4213c73
bd55813a
999930a2
22719dc3
60857fe6
4acfaf09
58a053aa
8504015d
1be02046
4dfba472
fa6d9731
9066ee05
42c75d4e
1f743bf3
656fbb38
576f48f7
ab369ec8
497bf92c
8eac5321
c177f017
6b699407
87541581
e5afdab0
72244f00
4e3a0e54
21024854
5d64f8fd
dbca0349
f0761116
0fdb2d5a
b9237c7d
28cc1620
5cb9c8b7
7122d148
10348971
8e8850e0
6acc29ce
8b9c519f
05345f55
4617d80a
1947db2d
43d0fd10
98a3a872
14d6d6cd
fbc9a0ef
c2bdc98d
eb2acfc9
0554300a
a6ea579d
05347f63
6f188182
11819364
bee7e861
8148c1c2
c5692fae
3f8285b7
38b43a79
13ef9c40
075d6752
79a802a3
a8a1a822
901fd28f
4bef2ec8
2a4f9dba
34573894
2a993456
bfecf7c2
397842cc
565643a7
3abb3c22
994a6039
f64d5537
d825b812
aca55b30
c96272b0
9e059fd1
57a285bc
7271f322
419cf684
041bd6bb
7d99ecbc
9c3e708b
64fb050a
8dbbce2e
ffce45d6
f6e41fde
019fe3fa
ef3ae453
fd2ae1b0
7af033fe
47ca08d7
d1f7d6ca
d10475b3
0214285b
68f210fa
17736f98
c71949fa
e4002878
e61fc27e
16c1d3d2
c9b802d8
1b170ace
a87923ab
7e116d84
2a497b23
1d09bbb0
153f00fc
aaa4d1fc
f169158d
99c291f7
9034b52b
9e9c35b3
40c11835
dcda6270
00000024
00000002
0000002a
00000002
0000001f
00000002
000004a0
00000020
00000000
00000440
00000020
00000000
d3784f14
be85fca7
d9d617a2
6a5e90de
f8de35e8
22cf09d9
09439f28
7ef1a719
6459acf9
43c06af2
0d76dc3f
79793ffc
ebf7433f
13860c50
edffa031
0bd362c3
89ff4f98
938622cf
e0884e40
4d6b3e2e
5b3e49d7
9feef1af
ffbf3d92
01a02533
fcbc515b
6ef200a4
80874bfb
e0631bd0
58858c6d
fa9edb8e
865db29c
81acc3c8
6545e27c
0d5434ea
2adb912b
e77993c1
36a016c3
ecba07bf
1844b87e
76c9a37c
dbb32f82
df08a6ea
972e435d
ae1e842c
5c5e5cad
a0b2441b
0ac6c4ee
6a3477c2
2b52da68
d07a90f3
cbab91e8
8334c08d
5ace4f67
54396acd
3f3258f3
1fe41b7c
556850db
54ad9207
d263f2d7
5e676b23
a00db287
f20baafd
aac31071
71416d73
90766e60
d8f31336
66464fda
e633f41b
6516f195
afa0073d
e43d9caf
bee78626
7528c8e3
e137715a
5c2f33c6
f1f47789
d85a50c1
e608233e
1e37b545
c0f492fa
db75faa1
d31efaae
650c1c12
40b9c649
178d1755
adc9622f
9a9bc829
29ae34f7
51565cbf
0663eef9
b9a5a720
f3416475
f73f7930
d3f904df
a5e388d2
610691cc
3c4ed7ec
8edd1d2f
65bbf1ca
e3988482
36b1d221
54679299
f9757e0c
189ea119
ced86022
b9875125
843f41bc
c94f900c
8b5e7249
26169905
50275880
7094a3ee
2e24be2b
6c6045a7
f098b4c6
eb51bd49
b88b5fd9
754b505b
4f137c57
4a7dc2a2
314151bf
67c61413
19fd0733
c6c8ef76
b7a2e663
1b101b92
52a9947c
fd18ba9e
c2e3296c
1a2c81d5
e3af1f12
19823f8c
154c53b2
2cdbe6de
69fb8f91
2bcad760
0c43488a
449d3990
feb9ae05
e7f71dfc
650fc66a
3f3e110b
b3863a8e
dc7fb8a1
deb02caf
e0e230c6
91034798
56a0e068
7ebd5ec9
7c1f1b30
561a2c52
73e48517
f0686a3d
0d5458bb
c48f0d4f
076e853f
a249b165
d065be65
b21663f0
f44aa2dc
0f8d084e
3076dcdf
d82b4f77
7c7ded31
104d7d4d
5608b35b
eb487a8d
1004bed6
04384f96
d8e9784b
25434828
c36e0d7a
8dac6a87
1c2c6aeb
3b20d69c
23d22601
3b41aa96
c762e4bf
2c7830fa
38ce86b0
bafe38a9
cf48b54b
999a849b
cac3d04c
27dceeec
c68e2307
e6b03e9c
170a68e5
86f99c34
3589bd18
0b8d3b0c
c0595dd0
baa88164
caf2d6d7
e22fbfc8
86a36084
7c6355d9
2b66ae34
3c3876c1
78beff94
03571ff9
96de447a
c0b7c445
7e4f974f
954c25e1
88dd7fac
19d4d2fc
aa38bf47
64672ab7
8584d396
b9b9af18
9743720d
19b67821
838b697c
3c0ad39c
7277619b
19d46f30
29a998e2
c8c34589
b974f3bf
2106d75c
12a81f52
27a6b7d4
26a4af32
7bf5b505
b4396e7c
bda104b7
9b7d6ea9
9052810c
10bb62fc
c7c3028d
286cf186
9c42ee5a
4021e38d
2118c893
9d10b87e
2d8f0439
c09df412
e4922d2c
039c3539
f4f3cb8f
3ed9694c
82367ba6
82b4a047
ea9d46cd
32e5b507
cd85f980
e298f4fd
ffdbf983
499877aa
ac4a7c55
b8d17311
352bad41
233b640e
0a851df4
93a9436e
a18135ab
3c807d4f
7234a9ab
d86d2290
b34c76ab
171da417
55dd4f77
9b2abede
0e778319
2fca09c0
5d03ad43
db38e311
793f0bc8
9e1d93bd
bca2bcc9
5d09bbbe
84b25fe7
79180763
c6473942
c937af21
869ed9a1
dc6a6703
94f37a48
55e646d9
00000025
00000002
0000002a
00000002
00000020
00000002
000004a0
00000020
00000000
00000440
00000020
00000000
635fafa8
4a44d638
dc4edb29
793befcf
edb617c4
05f8033a
b430d6ce
a09969b8
bde04371
c211d17e
12926f80
80cce3ae
b68d03d4
f1c44358
d270cde2
4d50975b
1fd0e0d0
c48d8208
5b1315a8
1e9185a5
15ed7626
dffffd89
541034f7
15f7945d
18d6df0d
c3aeb932
fefeda67
19c52e78
d8856e23
e4212091
19bbdac8
1446b3b4
7f9cfa5f
2d88363e
465194bd
0f15de43
7ffd1db1
7a2c9b75
e3bed1d7
b8cf5a2c
0a5feac1
1bd20f65
138e6d5d
96117ecc
27b2e9ef
64c047b6
567564bc
483b03a5
d70d06b2
830f9c17
389d9e6a
66f1b5d3
e47d5100
90e6428c
98d65029
24a3701e
410009ca
4fe295ac
1a613f8a
6e3d5bbf
596edd79
2d73125f
13b25749
5d00f560
bece748d
157b1f34
ec13dc2b
c3d291ea
fda7ad3a
b4c002e2
e187f278
2370fd71
e37c71ea
dc96e31c
c0ad6b99
e18e1d3e
7f5ad633
96db37f3
c6686fc1
d78aba97
83b8c5e1
fd5cfb82
e20134b6
3bdf4c6c
4c72b282
a28ade87
8ab82257
fe72c8ef
8a09ba45
b6692401
68a879e6
96165e2e
902fd02e
cab2fecf
911d480b
7beb5761
83fa3921
102b72a8
d49c1b8b
2ba57581
5d0e9c7a
d3379aec
5740505e
15678dca
c66eb998
5c099635
cba3ee02
d7611315
a7073099
d962efb0
f5ae2860
fe2884dd
bfd91328
4b4c7e73
d20492d7
647d16bf
79dba692
4c8d33b0
4aa8c3ad
74a354e7
bb5cbcd6
fad228db
aa710008
194407d5
58a3a820
90751d7e
fdbf250f
a263d8dc
7324f7c8
e6c22559
ba5f3796
f606b397
ab29e7c7
88aac658
d0e4b4b5
0c5936bb
fecf1540
091d0738
90328646
7e450b1a
d8d088cd
bf16fec4
bcc2a032
e023c656
188f5592
157bf579
8eda3d0f
eb44b4de
2881f779
01c0735b
398362d8
8bef277e
d5c4ad61
39543c9d
47b54779
a81e0879
cab3c1f7
7f50b503
18d70b1c
3c11597d
56018c42
459a8edc
a50d9dc0
8b8ab777
d0ccc033
f73b13a5
59d20a6e
e89417ba
a0e9432f
180c9042
152d69e3
1c33d047
4ed4cfbb
8530b292
c2ce9b20
3e0e2c4b
cb7463ed
74f381f3
23322e13
6b270c5f
58d8379c
debbd3e4
10a769d6
7490db09
1a7bdffb
2eb56f26
d0ca6308
341da4b8
5525d869
4fca76cd
0cdc4305
c4c424ba
10c3d7b2
932c65e7
bf0fd772
16e667a5
3119e209
9b7d544e
a654a7ff
1d728b4b
003ab53d
8dda939f
262656a9
376978ea
1562ba57
d2fcb8b4
cb597a99
6049eec5
ab3e8aa9
98db3c61
24aae600
cd8d36b8
c206b2df
4a547c52
57a33caf
0514ca49
bdb7a8a0
0ae9e626
22747414
76830fdf
d3ee434a
324b8669
7156b129
41cf0a12
e2f935e6
6cd9c342
deda8037
73a2ee0a
ada480eb
719b9d41
28114a67
a96cec51
b0ea2c7d
382d2d5c
dd2005da
ce5b58bc
cfc51624
4479ec20
17455e31
48dde0e2
68f8bb58
da958377
de7b5ba6
302dbbf4
769e940d
1939ff8a
6194451c
b25d379a
a97a844c
98bdba2d
58b58c8a
8c4768e3
2a3da869
ec903548
1b939653
6cc8dfc1
9744a021
ce14af5b
369bead3
802e17db
e4f27e5d
3a369298
c24b3e80
53abc95e
1b6bbe40
65957520
fdda2920
bc7e70df
6190fe8f
32858011
2cdfa8a1
4c47556c
c1cf4e77
de370c9a
c0fe9d2e
5a3b8079
aff332e8
9174fb45
7a981358
9b668b60
00000026
00000002
0000002a
00000002
00000021
00000002
000004a0
00000020
00000000
00000440
00000020
00000000
f1da461c
3110eb00
aa2bf45e
8608d7de
3546deaa
196f630f
3a35947b
021c6aa9
2edad4f1
d963274b
573375de
72effdae
7de945e9
fe80b1a5
79f08148
3b15b86b
0ad5e4f2
09f41da3
00f572b0
2822e3b1
737b8846
1078352f
7306fc58
9c9a102c
50320311
c16d7c01
3553ab63
9f078da8
b347bbfa
445a10aa
5b681400
b1719218
feaecd78
95e568b4
c5404ca1
44a71046
51ff62ee
a43e09ef
effa6077
03778d33
a54dea5c
ddbb5040
6af76874
d65428ba
d78fdcc7
f288e052
ec3dc1ef
d2584a2f
0672eb73
d7da5054
7c541e95
946905a8
ed919a1f
81fabb5b
2095bc83
41d58633
d9a04adc
a260cc3c
d036214e
f9946526
2b06caa4
4e531d83
384a2ea3
375a3c5d
2b339d50
0b9d5d41
1b8cdd26
7736c3c2
6bab179a
388be52c
782a663a
e459f0ce
283f4b22
a3ef80f0
fd31dc60
dd0042f7
d59af43f
c174e986
7eeed30b
8d84c334
6490f839
d5b7932b
8bedad9d
b0651d15
6320f758
862bb713
1e129e45
0904abcc
1cb6fdab
cb17545c
cb5dff25
6fb101d9
f9873dd0
e4de7984
ba36cec0
91684d33
64df93b6
080dfb38
08dfc3e4
4f1d470b
a25539dc
c1f2c7ee
76fdddf8
4e37941a
477cbc8f
0807a23c
4a43be5b
6fac6ab7
ae055ae6
0bcdf642
08da87da
365c3d38
0e352728
8d44b8c7
eebe7429
246bb7e6
c9ae3547
5f1a7cff
923285d2
5c46fdee
53259866
c366a1b6
12f93f06
4cb2c749
e49d2dee
72ab303e
0e1703b6
256c0929
4671861b
ce75af78
64561741
4fd74315
b81f2a17
99a849a0
b4e8a8eb
618800a5
20c8fedf
ff083f5b
a04776f7
5963ae9d
48adbfbe
1036fbac
d506e4fb
c91ed0c8
c4c5c3bf
306751eb
0047cef3
f5ba022f
98710668
f165daef
29776861
df197be6
22a59edf
d4a7cf4f
f9957b9d
d7bcf294
9d981b43
f1c8e5ed
180567ce
5c0e5b7f
629f7b2b
8ee54353
2980b826
145fd5e6
0fd2af03
f1cf1267
55c910b9
f595bad7
8e1bc6bb
0ce38f12
b6ec35dc
5774a049
56838342
3112649e
6c019dba
246dafee
b584f37a
91510ad5
ee42bde9
6734fd8b
725cd59e
062debe0
59573f69
069dda4f
1adbb47f
57f93beb
72c74d3b
a3296c8e
3a83b928
f9a08fe4
0818f307
030ce593
0f281ad8
65cc6b71
74384bc0
86b6dabe
b22716ed
52ec7973
8dfd6f8a
cb679d2c
49594415
8507da45
ec2cb6c4
062ea987
b06420fd
141d908c
3f600290
5100c18a
405d3fc1
b27f6e83
65092b51
fc132b29
86f62848
f0d66e67
29f899fc
eeb57e99
a8729ba3
aa741f98
80d74f9f
7a0a314a
9bb94827
7673c400
e8f2d94f
133883ca
b048380a
250bcc60
99758c73
fa3d1799
12307f70
01928a24
f1e8b308
15e3a80b
c7f2380a
8d902b55
6f5ab8f8
1559af26
020f78b8
3022b8a8
4673f36b
0d939167
05bf0854
0b070949
ce5b7b25
a1360acb
07b77eb4
135f487a
f367a9f7
191cc316
c1c37d7b
7de20c76
d652a2be
be0ceda5
16b23b3b
e3b3140a
002df2db
f6d0cfa1
f2a18ece
551fd3d4
6aa19a1b
7b7723e0
fb8d134d
cd5e1e38
fb121ffc
9d63568d
28cf55ad
f3a9a69c
f5985e18
94563d49
1372e81a
5fb1a4df
19122cf3
d93c5915
0aa2f3dc
13557021
a761857f
01a9be5b
2fc285dc
26765708
e20076b9
480eb13e
00000027
00000002
0000002a
00000002
00000022
00000002
000004a0
00000020
00000000
00000440
00000020
00000000
823c8e58
959fcbe5
45c27c72
c1646e42
139fd08b
3112a424
a6b16486
aa6c4819
126921e5
d7b7221a
0a045996
c8b3a78b
2b760c90
9644f49d
0e5a58ac
eaff3c6d
acb11515
ae4d955c
4223b516
a45050de
02b4fcbc
7810169a
3d52f7cc
5581dc5b
f7eece5d
4f4cc0c5
005a6823
0008f8db
90afe4d0
9bb1da13
09af434b
91093dbf
6f6390f3
d33a6530
cb8530c1
f9658ac0
a2eb3cac
0595c77a
2472693f
fec13135
fbcf48b9
f753eb74
b91efe0b
d32c6a4f
f1062b22
dfba47fd
e1911490
b1150064
300974d1
dec2ede8
8fa77d10
2150de1d
e3d85f8c
b8fd1606
b1b474a9
bde2dc01
95561424
bc290007
de1a042c
a563361b
fcdee09a
09fee7dc
fef360a4
0af68004
00d5dc08
4f2ec087
94810349
f785fcde
d7e237d5
06029732
8cba29a9
9ca066bc
7a583a50
3867678d
d3f551af
4be6e7a0
956862e0
2e580c77
619ce2da
d407696e
81aa3ed3
3965203c
d15852ba
15420cb3
6efadc5d
68e6dc76
4ef4422f
f9f6d31a
b1fa6c3a
ffc150d1
42350a5e
8167e933
4b7806f2
ab1cce29
3caefb05
81243669
5bf148c5
5dd5c8bc
ffb88bea
96610e57
2f46074f
4ebbe383
47f1cfd5
9990edbc
bd9fd439
d1e15273
03c840fe
a393dc70
9673a177
dfa98dcd
4295eb06
5e525d51
9d5d2d2c
c63384d1
4e750f0b
572f29d0
827aef03
4e67ac90
6e16939a
9155d4b4
2a821361
10bb99ab
c62c32a0
42763ed2
0c45b01d
52e6eb9d
179bb6c6
e11b8f90
72053e9d
67491b11
8242fe01
da21b33c
d606b27c
c10b69fa
bbe931da
75c483b8
b44aef88
feac2b95
2e463282
f1b4c44a
1450d889
a50a8711
876209c3
52e9c5e0
2d5b40fd
d57b6608
c9c5866d
678c481c
d16a3a8f
4c685c60
4e17294f
9fc4a303
b45e7065
6c11e0c2
7382c6b2
aa3343cd
b5ccfd64
27ee29ac
606d1af2
02a3d954
9a06de7e
9199e3c5
39c99a25
0e5acb6f
4b733d73
ffaa5577
9119a041
1556adab
31d8067d
d8c5d0d9
97533826
b6306437
7398a861
f1ad0841
679ff0ef
47f18c26
8be17618
2ee5cb97
4b0e96cc
fd4cfe1a
edb2b6e0
d24b1b8e
b501ff09
04e27534
fa097828
25d735f5
80f4be82
c144490a
0208b342
1391b10e
603fd030
f881b0f1
420036be
b2fdd289
de9a9d87
d13f7bf1
d1950d47
90062f45
1b9f3016
de7253cf
ec028950
0a58a8ce
567709a4
5bc0a344
8f5dbfa8
bb6b4d2a
f5d0a5e5
b45d8576
9db19eb3
36c9dd48
c0ac9e13
bd1e4057
c5697633
ef561aef
470f74cf
33065c34
9d25719e
ca983048
4569f9b5
b36ee8fa
1f1f380a
7ddb94d3
b6060876
71392654
5ead90c6
ee05bdbf
72a914c5
930e6f8b
640355c9
bf6861a6
a17dca95
19564c46
d529ce2e
9ecef4f8
fec836cd
4bc34ff9
074934f7
699546c7
60786b18
0b407c0d
28825d6d
8e53d8ed
45f9bc6f
c72c9ac9
fc7399b6
47ff2d3e
1e872cee
86111f4d
735b9375
76317f2c
7db644e3
902d1906
47988e61
bc50591d
ec3019c9
949048f5
7ec8ac7b
e51e0a93
2731c5d9
3db0d7fa
4e86e33f
35f926d2
06c0414f
5aff55ad
defee783
df0c212c
9a5f9fe1
f8b62d80
adefa248
d1690f70
770fe856
10a59ef5
6c3e72a5
9b9c2e55
8ddcc176
f053cc31
0b384a44
a1fb3c35
ab318f55
fa00fb0f
00000028
00000002
0000002a
00000002
00000023
00000002
000004a0
00000020
00000000
00000440
00000020
00000000
e7162506
55a28cfb
c2ae84e3
4d4f5d3c
a02f2fa7
ec3187d9
187bcb56
b3695196
8c00c7e8
0520ae67
17334d6b
36bea227
ab4b996a
feb9dbb8
0f95a7b3
2cddc1e1
e33a84bf
cae87f74
eed3b15e
b1540850
3c01c7ee
88edff05
be22dc3d
380ead7f
3f3e118e
d8d82088
5cf198ad
1fefac4a
b063fd63
81023973
55b04aa0
72fe14a0
456943c5
9a3179f2
962e7e9c
36b02451
cf806054
20775303
44f0f618
86b4428c
33dbce78
31aae42a
69837413
08931c38
02a4e2c8
09475c99
31fee361
38aa4be8
2ce1beab
5f9ee451
f52350bb
37327aa8
55887cde
f297e6db
18b67fa1
5d97129c
7f42276d
f83d197c
53a726da
cd0b7c31
3893756d
f00e5c7b
12fa74ef
a42c559a
a810e7ae
48b30f8d
bc7b02ba
73635a71
196b2a86
2ea6c2c1
6248db84
282b0aa3
72857d3f
94e2f6ed
049bfd3a
38cca16d
71e94196
df825b53
2932b144
e99f5b26
25e7be6e
46ea0b8f
df4cac1a
2837f7b4
f1154eed
b265e0f5
65c3a68d
051b3302
fd2c1bee
03212d66
87104a45
1fc5a652
5a14fd60
d82512de
d517451f
01a36b7d
b5e5e97f
6ba77828
c24a2014
c43944eb
ef742cdb
2d044b0c
90e5e147
1258b1f1
04b1a024
82dc81f8
31f7023b
6a742f4f
cc3b1802
0ae47059
35a7302f
f5551dee
c102bbf0
17ae9ad4
5acf7642
da938a38
f6db38b9
077b392d
d01eab05
05185190
c9e85577
9548c93e
5976972f
b4bc5495
7f5e47a8
173f883a
377f5a67
f9d4753f
9ee8b0fe
4f6a31e6
e8eccfa7
30d64ff6
3f632f9f
2adffb2e
d3f67350
7d2faec7
a8d12d53
c4280a42
d2b1e060
8f2b39b2
a965fb8e
ffaa3818
2c491536
806dd8e1
7fe92d4e
fae6871a
9806715e
9b6584bf
32389eaf
b2410452
2098a70a
b111492c
9c497c77
8dc50e93
eafc3074
0ba63202
28264ec3
70efdeb4
5942ff6f
2c7aa25c
050ad69d
c5279809
1f135306
68bfe0a8
86308d5f
f5f3cd17
42b65ecb
cef59a75
2cdb5ddf
448ea758
22124371
81957e5a
2743c8d6
9b1c1450
223d2476
def5992f
416d8d0d
6237213e
8d93a13d
3c72c69b
7ede61f4
bc0dca4b
0c891bf7
87cd3ecd
bff7e459
a1ae14e5
84912a60
17ac39a5
be5fa25a
777faee6
6dbe8f62
96bcc22b
5b2bdf0a
a4e906cb
a7054d2e
3bdc913f
19215682
500cf10d
8bf158ce
821138ff
2e96d358
673ffded
9162b3ea
3a00b9f4
c73cb557
54bb1e2a
be5c3731
2fb1cd9e
89b1d3ab
8c64ebef
1b086088
0138d0cd
d217d36d
aa7bdbf6
3310d4e0
0eb897b9
bfc5b8ca
5099eddc
a346d8fd
580d6b0d
a506211e
91974d11
d771f4d3
acafcea0
d63ae556
53908d68
676641e4
70dc6b07
4ddc65c4
fb50953f
c615fcfd
03c8b881
672c7d50
98873264
ae159848
60bacefe
1a16f5e7
485f8e20
1c6de25f
40baa144
60a90d05
7054b933
c6f0be97
94a88e69
300251b9
42bd9901
472fb0a5
0f3e177d
516feb2e
0566d2e0
79a4876f
7b30f0d5
46ed65b0
3c1ae913
9c6ab165
9a54caf1
9da222c8
1596d5f0
7615100a
343076fe
fb349928
0fc57f8d
712c799d
5fa59436
af343612
2b48daa2
e5a0f768
a1bb4d26
2a37cbd8
1bf8e56d
644ba1da
e29b856e
bb33812a
6604a573
d6277af1
b85e5ced
4a4cfab3
24950121
ccc81ce3
9d956463
00000029
00000002
0000002a
00000002
00000024
00000002
000004a0
00000020
00000000
00000440
00000020
00000000
ccccd248
00929a86
08f17ca7
c27f349a
5cf7e435
8edf6967
31228fe7
2a67b2de
96364d69
00ef3127
da4224cd
57090f19
68a493c4
d937e756
24ad9c22
46ca9943
a6fc568a
5e4a4c42
a68d6a3b
e09d3666
e658a544
ee0be60e
5039b6aa
afc00786
eafbd342
f6fa7822
51b72514
22b27d35
f0f50d09
bfb6eca3
5789b173
84ecf95c
fec71865
4911804d
20dd74b7
82ab0062
29e85c6f
ae253aa0
5a6b438b
e72316b7
c4c79cec
b487f0fc
0d12f365
61d7bf7c
d063bca0
a36a8fa1
3e3617a3
4e809edc
10521db1
9fd4c893
7437efe4
e7d6e90d
52c52c0d
c9000fd4
5c57bebc
fbae3178
574156ca
d959ffd9
9ed7ff83
a6b2d237
b889bf9c
cd39dbd5
62c7bc1f
c6d58063
93115276
386a6a8b
4397860e
70dfc0c4
e444b051
e8fc34ef
1afa01a0
3a354d4a
e548a818
0fa5a5f6
d51b3c66
7d9a0aee
ad0e6a42
670cf840
ba9ef3e1
663756bd
382cec7c
0c6e3088
7b024ed7
77dd7c6e
3b858fd5
48bcae32
5915a422
6ea71857
dbb46460
8f3b6fd0
7665c78b
34bbf52d
c40e8774
c072d8e4
fe34fc0d
2d0378fd
7afe66b1
295d1ee1
1f03fd87
afc623dd
ba232b39
333f1392
6805e1c9
db80ab7e
f03ef7c4
cb5c01c3
11934e84
ec83639a
0f2ce9f2
e11c44f0
64bc3536
7e1ed746
f584bb46
3e35d3f6
b0e174e7
052ad1b6
15091e9f
f379eb9c
de1cccd1
83bde382
1cab696d
b0cf086c
88364871
a80d505d
8233f189
a9b45569
1584a4ab
9fe1fa5b
8687d09b
a1c64a1f
38546cdd
fa28070e
87dc7d41
a364679e
49c09632
41838ffa
c4967f31
583fcf75
8d17fec0
83b429c0
22dc576d
055f57f5
2bf2978a
7ac59c23
32cd7d0c
bad8522c
06270000
bac1eb1a
f1489f13
0062f2d9
604937ac
05e10553
3c2cdd42
82b6983a
1cd007f4
68b62b16
e8097793
59462962
a8843b04
38265745
dfcd53f2
f00a1503
a62100bc
7bddc1f3
156f6037
e337aa44
c57e5aa9
20b417a2
f24baa3e
947f28bd
0d3acdb4
ad74584f
8b104da0
813b79f2
74395189
c95fea42
51b20035
823c7c19
d3ba9fb9
ca1031ad
06968008
73f4bb4c
f3815a30
713fd2d0
3b70d035
f3c327fa
8bf32b0b
b2d59d9e
881fabb1
44a56c6d
265a6eed
a9604bc1
e6eb5659
e70b152a
dcb35da8
b9629dc1
bfa6363c
ecc143c8
61c42c3d
e875834e
c064cbce
3a2a7806
085fd9be
65716aff
6b0d35a6
76f3157b
fdc23e72
283849f1
8a1837e5
39e1deeb
2a9a3bbe
49a68b45
cd69a1e4
808aed18
b8a60486
3b528891
d4a4f38d
0c7da397
54ac29be
f453d0b6
66b9695a
e9813035
18668423
00162243
ece0e8d5
fe47f318
05f621c3
0de17e30
6c347658
f7ee0781
fe2c8d65
f80726c2
71acf5f6
fef21efc
c059ce04
be4408ae
48acfd77
11f0b89a
73751c39
c7a5b818
9cadfb60
e829e9bd
33cd3010
58ee8296
2b213531
fbae8853
eafab6a7
451ba0c3
6bcb0252
52696f8c
975d1d3a
59cf77e5
cb4157a1
4cdae7dc
ce2ad407
2d1f8036
aa879f56
9658b7d7
eb4d9891
5022a481
f1e01bce
12410e9a
83f8e79a
7ef69aa2
fad88d7b
cabc8951
354295d1
912362fc
93fd1e1f
042cfd32
067b106a
0b2d77be
dbe7d0f9
568a02f3
1a8c58fb
84fb0ca0
e5afdf7f
bb3fae32
1d471ac0
a6ef348d
0000002a
00000002
0000002a
00000002
00000025
00000002
000004a0
00000020
00000000
00000440
00000020
00000000
6ff6e647
a37345f0
856e6da6
e4fea1ef
53500108
da7b6861
0533eba6
7be8b733
2ef18afe
88d6329e
0c319e61
dc28bd54
bef040d0
7651682d
bfdd2933
aeee0fcf
5d9d9e42
030fd8e0
11d0b58b
2d3a0b0a
f8b0d6fb
f1144e60
7d1c64f4
e4d3c7f8
e57e0125
21a847bf
18f03c8e
5481cf82
87953813
030ff8e9
6d93c5fb
2adcabac
845336b5
4b224ccf
45a8418b
3c5a2d7a
b1e06f63
55805571
ce7f8c93
2e59ea0e
4908e366
6be865ee
fa80a017
373ff4a4
61859465
77ad0ad1
be184bdf
4f7e2034
5bbd7dfe
57151434
d7bcd5d6
f47205de
d5629c71
595e14aa
1d0db603
952cdd2a
43be3d32
687eec27
7896326c
b8f256e0
0ba5b162
ccce6a51
9ee918b0
445a1e7e
6fc956f6
e0f4d258
4dbe080c
6edfe3ee
c3c5443e
119250f8
ff15e566
2d747db2
01d18964
d7cd3b84
3197f6d6
9093771f
c5826856
dba80437
193c2eba
7f857346
34b4f47e
7b8129d9
ad1dc18b
c5f95eb4
8f3333ba
7f2d22a8
f959958b
3b5a5702
c188afbf
76a05214
130e217f
f05096ae
fdbc5dfd
2cb74f84
c36fb963
4359b3cd
dbca1655
5dd4368c
a1c94d34
139c4031
0e5cbc0e
c6dc22c9
e881d0b1
8f8c0b8f
9bb1ffcd
6b8ffb89
56e79c15
1afb534d
37c2e2fd
543b823d
6a6d584a
7fbfacb7
4d6a231c
926cd671
8060e921
d191af53
ff214601
4282fd0b
200087f1
123ba38e
ccacc7b0
9ace9eb6
c3c20012
dd249392
62ee81db
c7a7b305
a5d9a5c6
6a92c1a8
9e7a0f8f
25605ef7
c0118b62
a1bb4731
12cd3c5b
9b1c62b9
fbdbecdc
f204d794
07c57a03
08d12a2f
3a7f3732
636ad6ca
656bfec8
e2c348ba
2fd408b6
9ceb557c
0db06097
62081d9e
a0c5b6f9
2df4f9ef
708b78c5
4f1968fc
c9fe4fa4
a105f53f
2ad522de
c829f57d
eb5577a1
23f88386
07ed6b93
8c34eb46
a3830bc4
98d21ada
ef8ccc79
7d832dcb
57ae7729
d6a527c9
e73aeaef
5aa224ea
9bdf9160
81a4fd9f
d20290cc
e62c6622
5bcda18c
3101a83e
50c85aa3
1673c1e7
14afe0f9
7cde8b41
616e7181
7ae80bb7
9352dc66
0b51c787
5ebe45b8
be4878dd
f4bd0b9e
6a943225
a9330fa4
9ef94581
f749f8f1
452a52b1
01d055f9
e4814a25
772359d9
64110383
34fd2d5c
88eb93b2
c6fd8a13
9beb9f4b
d109a774
93d43f33
3d486e5f
d35d6fdb
573e22d0
8dd4062f
3d8019bc
c5ffdc91
88aaf700
b0f30ce2
066303b3
13a26fdb
f5531a48
1709e630
72db43e9
de59afa5
fe4122c1
4cac5f9f
73f92194
e4899119
cb3fe850
8f6666de
7db6cb81
50548c1d
09dd5f36
db443cb9
256aa1a7
0bdcaf24
011792b7
510d57d2
49b3a24b
de64e16f
d543acaa
79ce1326
7032333e
73541607
4386f2cb
93f11f48
d2c9152c
c56b8b81
627e45af
69e5fd06
13aa5654
17a63e8e
6357d82c
450b2a2e
3c3f6b90
b8d06ba7
2134de77
f7e603c2
d8dae262
20fc2d4f
6aa7a646
1e58cbdf
2ffd610d
cedcec2b
8ce9098f
5edd547d
4b5b3189
90f80718
ac2a23dc
b0a04c15
2c1914f4
bde3df30
dd87416c
5d0b80f0
5ffdd2f4
0d62b4fd
b80ee122
44de00d2
8b161b89
00b22d20
0b1cbdc8
a9f9c1ef
0f9d20cf
993d2a03
189b8b03
4aa2a1d1
89c6227b
7930f530
74dd87b5
ae037792
6c25d431
3448799c
0000002b
00000002
0000002a
00000002
00000026
00000002
000004a0
00000020
00000000
00000440
00000020
00000000
e50a4fcd
93a4b74d
0ca60ad2
c7f8c55e
9c9bb007
adff5cd2
57e2d1cf
12564c6b
18e67a2d
ace35aa0
f1cd4b1c
aa4d887d
6ed743ce
9a50c3a4
26a1ffdb
4a2e52f8
4368157e
bbe0bced
7d07b1e4
04d20af9
1c14530f
a9ea1552
7fb2bce2
08a19517
66432c99
f746a268
ccde8903
4af44540
00b19416
e8ba4dcb
5e352420
01a79e33
f6d191e6
401d9f80
ea8de57e
1fcfd921
4b7afdcb
9aa2b13d
c79be9e0
4b022f98
283f61f9
e6f7cf0e
c7aa0fcd
86f5e487
cf635bbc
bde8a954
7209d067
6007fac1
578f6fe5
1fbd0e32
5e2ece7e
1522eb2d
da682c33
89061ac0
d9df33fc
a7f9d9a0
0d0fd733
b97a80e8
aa8511a9
4f1228d4
9de48bfa
9828833d
5cb20311
71de0b88
d5993088
e91ba550
476767c6
cc4b8dff
9acdc584
9071b234
03abfb14
e9f25dc1
406a0ff2
11fc9a5a
e110f95f
2366cfc1
fd922fba
db7aff78
965aefff
cbaf7381
059414c1
fbe52d98
2dd0e56d
163ce28a
3cb600a5
f476ea09
8abbacb1
b83147a4
0aacc294
84bbcde6
b46adbd5
6edcf0f6
67970b94
67cb37da
5f59e910
fdad5290
a24f426d
15a7b33d
798308ca
b59d48d2
95dc6cd9
df8f1723
ab8a7d66
c5ea98bb
37cd9e8b
608e7b5e
b3dadf50
29882f95
0c3c6853
01725f1f
b2b2766f
f05b8846
3b8f125e
1f72db8e
24b3e167
5aecd405
3270457c
0d5bc735
16138461
a9deb191
6f7487cb
9d3c3974
aadd8f9c
f7680b62
049f69f2
a4911975
66940966
cc95a4f7
abec40ef
3518adde
b4ff88fb
32b10eaa
1c1ac9ad
bea8db07
430d93dd
f3302c6f
fde5f36d
34a6b165
c60afe5a
cfd55a01
a9f95227
6ead6bfb
94bf1db3
06e5eaff
aefd1727
bc2a58f7
2f03f1a0
ff90f944
1dc28dc2
45cc1266
0dafcf00
d9bd7729
6e895055
a6f86055
113a7ec7
561c8b45
149f234b
61a1c933
68b16ec3
ea0065b3
344d1ef6
6c38acd6
3482db0a
4448e712
8c9e1e48
f41734d5
26df95e2
29bb2cd4
c444c4df
968d9931
ca83a4a2
614421ba
2e8cadfc
2b665512
b38fde3c
29c0b28b
badf39de
a11cda9f
a9daeb7a
eb1789ee
cad43432
f8994e04
b6949064
399b3f23
69e36f6f
7bc382ba
b160bd0e
a775d2cb
9244b025
25394ec6
75b8f2a8
e684c15f
fe52a115
e3711c1f
626f9037
cbe4e3b5
0af478a9
673e286e
689b1f56
6d315b4e
82b34e84
d191d35c
e689e2fd
444a43ab
edc24885
1c5e897a
07bb0190
6c02d14e
c27c1a12
78d03a63
76cdedd7
532693f1
c04c89a8
3cc4ef1a
4539f813
87b9601e
39587574
ac1f6b47
775bcf6c
8f5c933a
c860681d
1b771125
d7e9a813
e15d1405
239554f8
3cbf44b7
b0cf214a
ce1b95d9
a0cdd8dd
6289c1f9
4a711392
10ee848e
db31498f
f0bf00c0
32a71802
860a9e86
76faa362
93e05856
d4f9adc5
b1b2ffd9
9b9b4be5
39d8c435
b433af9d
fbce3d6d
0b513293
430fe1a3
70aae780
a0c4d837
7b2256c6
eb230048
bf354b37
4e9dca4b
9e5d9560
3a950f61
a8f55bf6
d623bf52
98ccb7f7
7ea34367
905033a4
47a8588a
26f5693d
363e79ef
3fc4eeec
44c1a67d
d0bb6cab
23295a79
fb23ea44
070201f0
9f7b2b5a
73221530
1d6601af
e04d8464
6a43cbfb
73eed1d7
deb225ce
ed591392
f9e9ed09
44899576
7aabfd61
722ec308
0000002c
00000002
0000002a
00000002
00000027
00000002
000004a0
00000020
00000000
00000440
00000020
00000000
67208cd6
78ab793d
c0d625a2
b48b5582
30c0a0b4
02d2ed49
124973d6
c124788c
46fa02f7
5637cf8b
a375de34
86c13866
fea3bc4d
c01a9f9c
def5bd32
7be0ecf8
c7c81cdd
e9c96e9e
fcbfc259
1cf182b0
efcad56f
5f6dd056
ab519af2
d95c8f72
f79d4b8b
05d06d78
672a1da5
9d1f4b1e
b3688cf0
c75c4d22
f4118a12
5074cf82
cba43614
7bd680cf
9de93911
f17be242
58176db8
0e9086bd
baec1bda
79659d17
d840c71e
a46b4aae
6d4eeedd
ea8d5198
0bc85cca
e0c01f03
a50f9693
3d0aef90
84ec99a4
d560a4ab
f72e7122
7e02493a
1442f7ae
1436dee9
2f86ee79
09b78448
56f97c0e
3f3d801f
3d5452c2
9c8e1469
dfbe1a71
58c7cdf9
ae764d57
57df05fd
0d00eac8
5ec6fce1
8929b55a
1333c8c8
a32bac70
833768ec
aa73efee
0bee2491
4d3b50eb
cd3b0f9d
1aa5098a
0d90ed80
362446dd
e162227f
687fe926
48a3cabb
346a282b
a24ded54
d2bd0597
f81206af
6e5b3947
4d9cd519
890b411a
7760941b
5fa57cab
64df3a6e
551cc3de
511f9c80
6c15f7a6
7d49d8ad
8d617ce5
6311e082
dfd093f9
6d6e888d
94c38d3d
c8eee258
914a3378
34778fe9
72566323
1ea5b7d2
dbfa5672
60303adf
6d2c8ce6
5589be43
3f422acf
c5493685
3ea87fd3
3a51b29e
8e9ca7e0
5d4520aa
4809fdf1
b4137bda
67b07217
5abb6b36
09856101
a346805d
26f5e0b9
adf12c51
b65a437a
ec4a5906
bc75e8d6
9a78a740
1fdcbdf0
e039ace8
1d622dae
77529e62
c6c09abf
6636005b
ee354db1
b6683e1f
712364c8
a6d546da
7dcccc23
29d08d48
cdedf338
231e4008
c60fad02
e2322f19
33541241
f107e0d6
29a2c4ba
1ec34374
4eaaed7d
5dc251e9
ed3a6cb0
9b7158cf
3aebe0d1
cd40e31b
e7b68d3a
126a0a95
356e0663
0539a282
15426e2f
ecd66ce2
7a229bad
81ce8003
949f6283
cad724e8
a82a6d0d
23b29c9a
d7f9b433
0e518b76
e0981364
aa16a2c7
7fd11513
0b339b2b
97472277
e3309a90
7665ad30
68ab5a5b
64de0caa
791a4fd8
0e715217
3781a1e3
e38f9934
14e5b3b7
12239329
ca7d1776
d621e0f9
c8a7b8d6
1084a668
0b29c14d
947970d5
d2b174f3
26af7bfa
38972a4a
230decb5
23a24aeb
f020e82b
a1261114
958975db
ac1322b0
a23dcfd8
acd71643
8c2ee32e
2463bdcb
fa78dd9e
3fd96505
8adbae49
df8649e6
de287f5c
1816c29e
fd7d3df1
3dcc89e6
0228a766
0048cf89
5ae7b885
866f5a40
90b15b0d
03763837
d26784e9
4923f69d
f0b7717c
80ea920f
726185e6
43d56e81
9f1985a5
412e0715
f5f0392d
3dd54dce
148ce702
651bbec6
04cde3bd
0f3ab2cc
93c8b6a5
012c8c5e
d3f58514
8b6ce444
71cbd58c
278b1a04
597e77bf
73534a2f
e4fda6d0
26f898a6
74c0147f
40a6a534
eb1eb26e
6f335020
1f28658d
c04054d4
445c9fd4
929b0abc
17cd257e
96cb9a48
69a163be
20dbef4b
5194ab67
a84cca8f
aa3bf1c6
342f9b01
12c134d4
800d5624
13b9d074
031da79d
6ccc2b34
817aff06
14a75998
bfa92560
21379b69
140bdc2f
445c5909
c83938d2
068703db
67218681
db02b373
3215a618
0349bdd8
0119f678
154aaab0
cdeb9be1
1fd75d89
300c288b
a4cee8eb
2c6bc39f
75241da4
6f25d261
0000002d
00000002
0000002a
00000002
00000028
00000002
000004a0
00000020
00000000
00000440
00000020
00000000
c6dd308b
8fc6a8cd
a7c9d279
ae6d4767
5fb118a9
4e02ea33
2df462db
023f5dba
4f6ad557
f8b0c434
835f2879
4fda8c08
d78c166e
2ccfe22b
44ab31f8
8ceec848
a9f1265d
ad35b1dc
bea2ad53
8e3862c9
45bbd995
300d8f9b
bfd0695f
9b737016
7e6a8fb1
46e346ff
5abfd652
d5b6ea71
42d9e764
af9f864c
8d42cd1d
a476620c
bd96fed7
8ef9aca7
f45fcb7d
0c6a4071
ab8a49e8
887db93b
75865c1a
aea1ccd4
c97fcd83
84d66498
9b270380
b5b608a5
44fab95f
f5043b0a
56612bd2
df91159e
c8b903e5
c7f8a9cd
6388809a
f2285c38
061194a6
59472b7d
26bf57ab
eb9c7862
6f4ff1ee
3bbe9fbe
de93aaa3
e8d47b85
64337604
224fa932
334e9ecb
70145c1e
c44673b2
9e9afaf9
2dd1cd0f
02c4f6bf
df7c567a
b1f3a74a
f7b9cd1d
6204dbc3
0bbad484
34344768
e13c4f86
183b6ebb
7ee92332
3fc58179
5cdfc8fb
629beb0a
846a0cae
43898470
6a626e47
d03388bb
0de2d4a6
9ed2524c
8bfc0416
4943a41a
9e311dfa
2bcb9c76
e2f87d4d
f1c227d7
571b0951
6920cee8
02d1ee8e
486ff4c7
6290603d
5d11ffba
28946e22
eb6f66c6
f7b4b776
554725b0
702bf2bf
cfab2439
7d19b7d9
4ca7e034
89af99b4
4eb024df
17c35d2a
e8e87def
010b0b8a
8d1ac643
b28b5f1f
9d93fd68
aa477260
d05e6ae5
3d4f0fd4
bda5edfe
c84020b7
102affe9
03d1a32f
4047b088
70201921
0362fea8
152e8375
23878267
31a18442
fc8ca9de
adf1e512
1e4e0028
28509812
c22c7bce
b281d767
5f592cc7
2ee27639
2438fb32
597ca5b0
f0ae41e8
e0789621
088f8b08
1aa4caef
aba5d323
7f6330b6
44c1024a
c9b6e347
abf9b1f2
388e3515
83aeed81
061d4c83
3d15bbff
6c0cc2d7
ac7c0258
51d1f2d1
311cad18
0aa83d7c
0abf8edd
0424e1d4
a6e1c11f
adb132ba
bce07093
c521ed28
ec1f4bc4
ca54b9dd
53558251
1908b902
c538023a
b884ff2f
bb854089
4ae3a636
7184bca0
0b3577d4
909daed4
8c87d188
78f09f08
70cb4ece
1c7eb666
3467718a
a9533f29
bb2d6a71
c447bb7f
58825cd2
2bca433f
8e670ef4
5f3b8566
aa1a7828
825ced76
e25d7bb2
605e5418
8a079ea7
2910f610
ed07a7b2
9c53d98d
ac875460
82065213
bb6780fd
f2eba246
6ea3fb58
30368369
453cffe2
64a6005a
13b47dc1
835ab270
e940de83
ccb92d47
02dee692
594148fa
e65e1eb6
209a9732
3851a8f6
cacbba7c
91e87054
e844787b
39ce9418
cca65ab2
91a98124
b427e779
5ff74a13
3209dc55
3064d4d8
a93d6362
b612139d
11accc4a
5e41ed17
84047937
c9a39b75
7ac8a189
d5325856
fabd69a8
18500751
ca0c8fbd
c80d385f
46b01bcb
bff23d5e
57daff5f
f9949019
e425a6aa
99f04ef6
309921d0
fc0deb45
9bbacbed
c618e946
3a8ab8ca
57a47b7c
7029227a
f59fc3d1
fb4aa16c
f53ce200
1e68f229
45c06d3d
1e3c9702
6f766dfd
3bb91bca
48b7e822
351a35a0
4270dae5
99aad8c3
c54c4af1
1e4f7969
1db00185
3584d2b0
c640890a
79deca05
dad3a553
190e0dec
ad99c097
3d3996ae
e494c710
46f7e24f
72c6dced
22899bc4
7cd9cc9d
0212c8ff
7b473fe4
1743e778
5719d4c3
9b51896e
0847a67a
4251b57b
b0cd4f60
5f2ff3c5
0000002e
00000002
0000002a
00000002
00000029
00000002
000004a0
00000020
00000000
00000440
00000020
00000000
3bdbecce
c6a903ef
2de74b4f
8364f547
aaa37635
69848450
debe0486
b428eb71
fc13fb44
dbf8fd85
05388b41
ee15fe48
8c777d38
fb5d6dcc
244d2e1c
d68711d5
9021a86b
ee6c2917
4afe7607
f042e827
085e1c26
9dc6b3ab
bdb6bf20
aeef64c0
483d3f9e
d230ea74
3ecc68d1
da0003df
86fc6296
81ee274d
d00f280e
f00449a7
71ce04b0
ba57bd77
7c89fbc8
e83e6f50
1f010903
3d72bfee
8ba6dde3
0b875e3f
3b3200a0
fa1aab17
82c71bb2
1004f5ff
2edee24f
c094a39d
557fb87b
35bbbb12
72fd6007
cf66b19a
c457f5ef
eab39ae5
5526b664
f0e1ce16
c7dfd331
87a6a8a7
290be379
1862a063
8809aea1
37a9ff15
d40a35a9
eae00f30
620e582a
4fbeb28b
a95ba241
fabd9eb3
a405526d
f6a489fe
b77f1760
f8d1ee27
c42bc064
25297bc5
9204688f
9097283e
ca1d3db0
6d0730fa
52917f33
36cda6e9
2d747376
afb03f31
4719cc31
4e7a7209
0c03d092
5c5d663b
d5e62b70
c8d03dc5
4ff901df
959743a2
fd4264c6
d0b50557
e02d484f
9295fe53
79ed0308
8532dea2
3cf0f324
7d476d8f
91367813
67b6de3e
38858842
2d77a4bd
e41d7caa
64b176da
a3d52fdf
72716ccc
44f361c5
deca394a
141936fa
0a771fcb
5176b72c
95ff9a45
5654b3b7
03f4815e
ad101fe4
0f5a0835
92f85b35
50cfaf65
487e6871
db9eb6ad
fcdaa5c6
c942fbb1
3c9e3d2c
b6123f13
2df4e2a0
cff87faa
aef48f19
0e51a96d
2ecdf2bf
8cfd21bb
d2556ae7
f7f2c5e4
ddcbf32e
1070a968
568dace1
714d07d8
99afb1e0
dcc7f939
f74f3131
900494e4
a084145b
1543d0f0
d9f2d984
98c310ec
4b1bf25c
93476ec4
fd95e9de
d747a97b
279e5531
10f6d82c
f62142a6
058faecc
20d6186a
f9bc1aac
3f95639b
96fa2376
967d3423
6e350c8e
18222671
da65948c
34f26f43
6658e108
4a79515a
fe47030e
7d34a43d
4b18e1ee
597bb20e
234be55d
6207bc7a
b13a8e71
831c23a5
2c7b5c16
03047b0f
fbb15ab9
58bfafa8
7d169a07
e1008c99
edfc7b0e
60f2f177
8c6149ac
42011a3b
acce82fe
c6d05cba
bfb0bef3
440b1b8c
8b4669b8
8329cbb5
d4909f6b
7f6d44c2
547579bf
a911936e
31c6702a
16061c52
7dfc1378
25159262
a7419164
0dcee685
1e95d31f
9fa63de0
d161a935
7c2fecd9
1249e602
f61a6a8d
ba9afc17
95ff72b5
d10bca4b
efd8d80a
fecd5c3d
ce421d6a
f21a444f
abbaa8f6
11bfd4e5
5f52a698
1b53eec6
f9708d58
8a3aae3f
0321b341
44556411
cb505eaf
e8c79ad1
14ff8afc
cd26f3bb
1d290f30
92700787
dd15a2fd
d56d489b
aaf708c2
bb67d85f
acc40dd5
a298f252
a4e988e2
2f0f24f3
94fc5615
099304e4
08258161
e532549a
6dc23773
f869564d
4cbb15f2
6be65981
cd1a3e61
affc7eea
b7060eb2
232ceb82
d00590f8
8510b038
a5e8012d
a3c2496a
9db8d0b8
2e019db3
1a727565
5efdbfc9
38ed851c
48485461
285bc58f
490466f7
e690ed8c
bd4ed2e7
792f61c8
5301b6b3
4720123f
135b2233
98f11634
52928a89
a94d92fe
0c9e710e
0b10d2d4
c97dde31
1faa45e6
ce355647
59825188
0af39498
3f0b14b5
a8b1d6c2
2cf076a0
9ceafb2a
b7fb44bc
5a1b6937
91c2e40b
32adf8d2
6a689e90
2cc591bb
0000002f
00000002
0000002a
00000002
0000002a
00000002
000004a0
00000020
00000000
00000440
00000020
00000000
073a35bc
bd154814
94d3ab24
dc8de4f3
f63fefa8
d43dd9a7
950799a0
4e708355
91622172
d4748d0e
7757425a
6752acf0
c40a644e
15acf305
4d86f151
f1bec63c
30e50ca2
259085ab
a0312546
585c1ae5
047919dd
5e374ea6
6d4d83f1
add46780
d7d4b35a
52c9c67f
34a453c9
1c5955dd
a2ae7ea9
740cce4e
6df83df4
e3f9480d
92b8afff
156dd858
136e69b8
14043535
0e90b167
6da86ba2
e62e38a2
434264ad
30ae423c
41adfa02
2544d9e2
c9578615
9d0446b5
248a41f0
4de3c65b
688ac5f3
c19fbadf
6837dc63
b2d60f4d
0cae2487
6f579870
69b2bd83
c0d1becb
579e01df
53024a35
a098c9f6
16e2f03c
4752efd8
519e465b
12c0eb76
867ab42d
c3746314
fb154c20
f28bc687
7ba75bf1
731e9365
87370d14
e67fa3b6
942670a4
47f04555
a7ca2ee3
b7942a1f
9550fce3
044c6882
4b3623bd
0bafbce6
a4e87229
4e23a60c
bd449ef9
c2ed6dec
0353bece
a257d30a
2b418da9
26fa8075
6528f074
ca4dc553
4286d8f5
05ae2d67
49b897aa
23d94f3b
f8d1f7c6
8128b529
3d5d647d
77991a2a
b2b5db8e
d6884b8a
0277489c
c395708c
ef21ada0
dea76807
3d88df5b
fc40a8b2
b9aed491
8f64820a
2fcaf87a
30c89a19
b6b19826
9d12feac
a4577c53
8ee62f1b
eafb1621
6e59fe20
d0a24548
a37f2e14
6ba8d95d
3a7af50d
5c3d5650
5119dc6e
baa57561
725cf9a3
2cc34cd9
953d4f80
7d69ec79
4a31016a
7d8e2c77
968d4b27
c2fa4669
7ae1a019
5b16f1bd
f7e4fa47
888f68d5
4538865d
33c9e2f4
e5d57ba1
ae16af0e
378903e8
5330facb
fb9c79e8
cf01de67
6d34b6ca
5d642d59
c7eda9c0
88ce9d5c
8f30944e
e6944f80
b4607223
45778508
897cfb22
092085ee
a038b6d8
e7903ae9
26ded94b
cd1a5178
9235dec4
9541c67d
7eb9b765
530d136a
222335de
f7489556
adf118f4
1a3dc1fe
c5878910
a8c11f68
0929338a
b1f780cc
fb35421b
1a52f169
ad434e90
2f57338b
61fcc77f
66c7c857
7ef7aab5
b27fef81
c8901afb
4932354b
d52ffa3a
af2d79ce
cdcb611f
ddf712b1
570588e8
089c2ebf
5ed47351
fa52d98f
d55e3484
7b088cc2
8d7785c2
fc42b06d
83b2bb2d
1c02b1f8
c7b962b8
37579886
1c9614c4
b26543ea
3ffd5247
829c2206
592b37c6
4baf33e4
de01a1c6
5b490bff
de89a2c0
8d37a4a9
2c943820
d5e8a129
8cbdbe66
92808b8f
73538ee4
56e683c7
72f4520d
558e58a5
35e7fd17
06df3b66
53a5a919
ce2a34e9
abe187f9
77411513
d46bab55
fbe007fa
007d54db
e95273d9
654657b5
f00d149c
d298252c
c00b2832
e6ddd6f1
7a49d1ec
9620919d
dee7cfb7
09a4b047
e63431cc
c2adfcb3
5df1c04f
0893909a
12622da6
28571f4a
e0d3d711
296cc4f8
ea70945f
4c7d1620
39717e7d
7143cc08
b9651100
78357742
bdef9517
2a8dffab
7f5e8630
df41f285
32de7034
5aded292
4a514115
c5e3a59e
cb308aae
3961efb9
ccc1433b
166901ce
3b2de088
40887593
6bc4d162
79cea3a3
fb32f06d
6e3fc0ff
137f0c08
0e16f215
ac022b4a
9c24fd35
f94157ff
4350254e
f68442c1
bd903942
11d0f6a0
45f8df46
a995f2cf
8747c239
67dcfdbe
4ef51ab5
ece36930
7802a60a
65ba4721
04bdd40b
00000030
00000002
0000002a
00000002
0000002b
00000002
000004a0
00000020
00000000
00000440
00000020
00000000
6684674c
ae9f68e4
71c2811e
9820f4fe
15a6f911
243e870e
fcc308a4
768249ee
03333f80
a0170fd0
219683ca
4009cef8
99f5b4ee
28bc163f
9deff676
71c564e5
4e7fd975
f997e128
f7ec372b
e44473d3
a42de4f2
457567b6
44f4dfce
49d58d88
81bb7101
7e272888
5a67be8c
6285ef4c
e55b0a78
8b2355e4
3113593f
fd5fc275
8407880f
8ad22182
bb7db814
621a14be
e958e5bc
a3fa56fa
b41ea93c
4667e77f
834e5a49
8b26e340
3726ef20
ddd1149c
80e3a554
312d4cf4
baabd8cc
998f8d30
6934cccc
674a37d6
48152dbc
e633ba5e
c44adf34
ba7ddbe8
1fc74f2d
c3bc2dcb
57c1796a
6511a71f
9f992ac0
846a5698
f992cac3
26134b75
79fb65da
36de76db
ea7f2321
554b76c9
274d19cb
f8d2a1df
1981c13d
533cc436
74156a36
ca01f057
c8225487
72e37baf
8903cc41
6509d411
2b9a0b6d
26a06e20
06b6e536
f84409f1
06d14735
2ca344fd
b18a636f
d0a98c23
99eff189
88cc616b
fced5fe4
a7185f02
03f6f5b9
75ab2aee
50d832f5
a12fc51c
9b57ffee
0fa5efb3
0b1648c8
dd140b36
ad096db2
8091da3a
6c8223da
710b2006
331b747b
44d54672
b48d69ea
faae4eda
6275a2c7
42f7f07b
8d02d22b
c094512e
6382df13
1735b1d9
cf4316ec
f5dfac24
fd53367b
3a4d92c5
d8c89211
d6a620b4
9733a4c4
29790071
f9a75c6c
422ffe94
a1f211b3
84a6e3e6
0d5fd438
920a7222
a7860f1a
ac595f24
c45698f7
c6624a68
63b8935f
aa4410b6
a9b29e60
b403fb93
1176667d
feed2b98
12935bce
34f38221
2e9d269f
b8da8fb4
a103567d
3c43b4fc
832f9ba5
b1f8c31a
0ac49366
1bee9bcf
614987c3
1452b23f
7aed922a
fc649864
0d35d843
385c0cc6
e2a06a52
f4b220f3
94841d50
0c96074a
66e3609a
c6d36937
541fa7c2
b5b6cffd
581b9093
962c7d9a
9e5f17f9
20b9a693
b5907426
a120007b
6482a3d0
2f8ffc8f
49cc5c06
6b95636f
cdd0dfce
248971e1
9c3e96eb
c7e37858
9e496cab
7839e17c
d77ae059
5a196e2e
4b2caf73
2e6f4c62
588b49ba
b292362a
1217996c
05d295d4
0a02d498
a0256330
0e797812
1e1a8cbf
2d564a79
893eddd8
824f10cb
204a3e21
b060ef0c
c4a8b10d
3c8b3bd3
3b11efcc
0e6c4b48
c3f4273c
a5cd32d5
73544473
1c8974ba
be4371a2
9e17ff85
c20ad1f5
d9da05b1
49d63b9d
ecef9925
06748dc3
d28dd964
160132f4
714cee36
5e01ab12
f37bfcf1
72396c96
dceba817
33d69eb8
496f6f3e
78a98539
2a801c3b
4a9eeaa7
af4da38d
151096e7
5fbe86b0
cf3d0314
b64b82ef
cec15ad8
84bc43c0
ad635939
e36bfadd
dd568118
0d4a591d
bc8fe82d
91fbb159
5deade39
5f698c37
084d55d7
505db192
240ca5e1
cf29bb2e
0fd2e856
baf82342
b6fefd20
4982c461
30825840
6787ca34
dfcd9cd8
0f3c40dc
39e08d01
d73e2306
ebe414ff
01055633
69b34808
bda4e4f3
c220962b
458ab86f
a519742e
22592b81
ab9b9aaf
50246ab1
31b2abd2
7c78d76b
34676af4
c7222f90
313102fb
573e4cf5
fa2e440b
febae65c
7cc327fe
8c77187d
38f26ac1
a0e4f54e
29c4dc13
54b03e46
ef76413c
86938cdb
a4e8d442
706701d0
98f939ff
84269642
3529760c
34a07b95
10f6faff
00000031
00000002
0000002a
00000002
0000002c
00000002
000004a0
00000020
00000000
00000440
00000020
00000000
9e80dc82
008f86bf
1a662fed
90eb7c76
589b0601
25dc54b8
844b4912
3eb7ca78
c5404242
816933b0
2be12b8f
e669fc66
4ca13511
aa591cf2
4f3827ee
883eccd8
1de1d62b
7f6047ad
062f4829
8e08c611
5107ccf0
3e46cab1
77ffb3c8
b5b555a4
cc69bee3
e41449fc
b9239ca5
1b0390bc
3a62f22f
f1a14bba
6d3a8a36
d66e3f61
2bc2110d
c3f60de6
5b165244
d50df3d9
0db4a50f
94ee533e
5daedebc
38d44206
85639fc5
12f634dc
d81e84a9
225b032a
f28e888d
67c6adf4
c0492826
924e78e7
6481e2f3
406059d9
0c346712
51c4128d
c284e36c
dde91491
1c87425c
c33a85cb
f0c333b0
235fb25e
925328f8
f22254a4
d9245c73
5a42fe9e
4afb6112
dc5cd1a5
8eb10bf5
b1f97580
8094b1f6
53465dbc
57cb8a02
59c80f45
dd73b288
07f19c18
62269e98
1fec9366
07961679
2cfb9535
b72f3080
96937225
b52223e7
6fc085cd
d3ca2cca
08417979
f82a449c
b6086105
e00d95aa
d7d72f76
81f2c33b
ce3743b0
2bded393
08889375
f6b76d85
a07fbddd
f219eab2
a368134b
7e419607
9e068826
254baadd
d9e17f55
0defc70a
81148299
b1a3fc3e
2500cb0d
16804105
a70a0cdf
76168b7a
ea52b7bd
0eb13b38
20de334c
a87e2f33
e8934b67
feaa2261
0414a2cf
de56ef87
8a13607d
03c0733b
8aeeae7f
ad60aae5
af45df96
15b52606
0a84d1aa
92fa58b9
c6e5d79e
61f6e2fc
e3763bd6
60b1a599
b279d21f
5ba7c142
2bbc0b87
d8b74324
4473a07c
c47cb245
bae1d7f1
1ea4293f
bf1eed77
83a5afea
6c178749
82ab7822
4f431011
0da7dc3c
e09fd298
513e5b94
fa2588ac
dc7eba89
43a7c400
ef246028
a0dcc068
d9433bf3
5d0c5ad9
be297a9d
67f27e82
8b2559e6
ed47c37f
72375eb7
f2abd318
79ba4714
29d5e34a
e5c2c0ec
b0b93e59
cadf2b27
1e931653
fa534203
0782d958
69f28631
b24e2f18
d6b37731
ab83a2ee
c1f263cb
01735b9e
84c4b3e7
90eb174d
73cf6c42
08d106ca
85345adf
b05e3b86
938b7cbb
d94cce43
decd90e0
cf2ecd1e
595a4db3
06850840
dbad2d88
faad8119
1cf25c74
e5bbb7b4
000e6626
9c053daa
2d82f792
5ea7d41c
8cb8823c
a6d30805
edc11ba9
3e1462bb
5c0b0497
446fb0bb
383be680
55ddcd16
15a0f471
d39bfd92
04cfc22b
8ff8622e
795b3685
ca1ff2c4
082a56d6
91b6c04c
11d6249a
cfbd7f9a
9974a22b
a9eba09c
7fe7632e
bbfd504e
1653b913
7069309a
c27b8f03
9e7556c2
fdeef2a3
30f672ef
54940ef6
460fc8cd
47280cf8
e725f7b7
911103d9
9a6df684
ac69050d
ed1f6080
89df5c20
a301d6af
b4e07fda
d2880ef9
66c18726
b9a9c46b
190acbe1
dfdb7694
f47a34e7
6daf98bd
70125c3f
d0fd4848
0cea46f2
b07dd254
9ee9cfd5
949f2807
1d15d3d5
c08605ae
c2941aad
cfd0d781
c6376e70
2c99f24c
a14a3b75
62b78370
a72ba2a2
44e40eab
d2583b98
d1076152
d6783ede
8b058780
a75d1947
83575fd7
2c01a723
d9b39769
a289f11d
55f9c513
2f4559a9
e7866197
01c93bfd
49d89f63
498a747f
6aea5a2e
2c042b5e
48a5cf39
81038dab
885d9d65
fc6b3af9
aacfeed5
391388dc
9335b191
b14d285a
72ef4f92
1eeae53b
9245e22e
a2dbbc6e
62a6a574
00000032
00000002
0000002a
00000002
0000002d
00000002
000004a0
00000020
00000000
00000440
00000020
00000000
e499e36b
82e38eaa
515d46fc
0219bff7
0cb9982b
f586e176
156724f7
9b970e7c
1f65c2fc
c3bddcb8
9b967f1b
89ac7daf
210ca3ea
b6518aec
4d31e4cc
619931d9
e844463f
2b2e1f3d
f886529f
7539df28
93205b7e
ac33ca20
213c5fca
3f62685c
46402d14
841c5c11
51a99e3e
848428a6
2f67d962
10dd5d77
ae8a1e83
2648de65
c8d3fd80
957047d1
cd0dbd5c
2247c77b
6f5263c4
35b8ae1b
51cdef0b
c34e9caf
dcab069a
498ae1a2
96981e19
1e394add
a0c8ee92
9751a178
79ed1a3a
d4923b30
5b663925
a137c8c3
70ef8644
449fe01f
25d29324
4c3f8482
93fb6547
414cff23
3cc3467b
37e6df8f
91b57190
fd86ebcb
754bd0bb
9c3cf95c
03a65593
f1e7c03e
3a385ccf
83f6dcae
89f3d41d
4536d7ef
171db1a9
74d2c0ca
f3e0267a
26c2d3df
f3b6f289
fec43e8c
bcad4359
da33873b
3cae204c
0c31f631
4cbcc225
0e260687
20ed84de
5983792c
f3e0cbd7
52bcf5bf
ca931b38
213704f5
e95424d6
406d7579
8f604292
64217c6a
53fc514b
144b53a9
ec777fa2
88179b0c
04969a63
fef6b0a9
ebaf8b25
14b0eba9
d48b9025
2bee4a9e
8805ce9e
acc947bb
1b831c85
89a786df
9094d210
716620f2
6d5e1088
d1021c1d
f4f32e1d
44a10cdd
c1a73176
2c1e2bb1
399ceb92
9f8e0229
ccb35d33
c6a6c895
11684bb0
96dff57a
752a252c
ae18f7e6
db0e0be8
5c644f82
c29ef2a4
bae5256e
7ef9ad74
b6de25c4
6348efd8
61e0f031
338df90e
8ff1804a
16ddfd3f
3da8f99a
c72c9933
c1ebaaf9
40e4f6dc
760d6d29
5935b776
442f7e6e
c4f102ea
efd707b8
76fc7b23
efc84b53
3069aa27
a8cff4c2
3260ac32
fc128c52
664fb0b3
7f0f76c2
0627f9ee
2412e2f9
b773bded
672f3b03
0a805d82
30f16bd0
6bcf064f
9728384c
ff256c1e
279e5c04
c8815900
b6407475
208c2b83
9cbd0ade
ca0b48a9
cb9c8205
18027df0
540e3c82
b5cb48c9
09bfa2ee
e472f638
9d3aa780
4c968618
54e54cc1
4e4a6f95
a8466848
f5518473
4b1fa1a9
9b5509e4
0871cc6e
131bf2e6
07cbc2b7
af276463
0a79efe5
1d5300fd
c4e82e42
3c6df9d8
74fc9576
d73bbd98
e2690372
0f4cfc6a
c336bf08
b985e352
9cbf2abe
69477192
17e25cd8
72961695
d1fc3b5d
4a750016
7c6aa272
818dc74e
c1084451
ecd389c4
270de1f6
ba3dc0c4
085ac744
7fa8d953
ba5e4f92
72407328
3c9d3607
d92e376e
7b13ef58
3c98856d
81818bf6
25100f3f
1995571d
6aa5f015
9cc10135
22e04e02
169b541a
3b87f944
896bf92c
f54decf4
e9d77692
050e0a6b
92e98f1b
97f3adc9
6ffe34ea
d8c37f01
4a8db084
c32e58c2
9a57ad8c
cc19c08a
c960496c
dc588635
b59192dc
eeb3c303
580e63eb
bdc2030d
890ddd75
7e79001e
aebcb52c
9c9ed823
1693c879
9035d04d
1ed4d513
0e07b465
3df3e265
bdf9dcaa
3c725d26
5b6105ec
cd22bcb8
f211c02d
531b013a
79938090
fe4de9ee
4c2978eb
3ff04bb8
c851495a
4aa853d6
33ba71b6
979de35c
0b5d1a80
b070ecf2
9d6f7a1e
3d9baf31
60d25f65
406d245f
cb5612fe
922751c6
bf8441a1
e2ea7657
d8202ab0
e76dd370
21e459f5
73d231d4
f0912e89
0b3f126c
1ba17bac
c1c76948
cc5aa586
de02e1eb
00000033
00000002
0000002a
00000002
0000002e
00000002
000004a0
00000020
00000000
00000440
00000020
00000000
aa6198f3
40a05157
51095b85
7d2f07e9
d0c748d3
111a57b7
18887463
f74a7aed
fb72ea83
66b325f5
cd36a125
52f2effc
cdfc1a33
e6fb8ec0
074731d3
6ceda64c
277e6390
14d9fbb8
89cf9599
0f36ca6e
f12c1de3
6a7c2e9c
edc6eff9
1fbb25d9
56964a82
4a1e414a
a79d7a9c
54e02f71
5ceb8528
062e8763
4edbc422
efbfe6ea
61590f72
85f305a6
b0a2f887
193d026c
9dcc763f
4edd581a
3fcd3932
8e5f55e7
f2dd0dbb
94a8b8cb
735ee672
787f9ee6
37f81c15
baff001a
0b8f4a6f
22dcb2df
8fd40a99
94b0fbd9
dc3f8f1d
701629b2
d754ae51
54175169
7b8e6be0
e8341c26
81641ca5
ed56d9d7
1685509a
88bde7a1
bda25947
1fde636c
81bb701b
7416235f
c6df1649
337b5e08
25b8cde9
ffb67383
0d97bb30
786b5641
3c7e3183
c485caa5
da80fba8
df605b1e
76be731b
d11eb678
fbfd19e9
13ae06b0
c3611777
97fbd548
105bd276
90792ad5
b7b7914e
182bb0c6
dca3742f
4bb5e96d
9172b831
35495aa1
d1d432d1
d53feb32
57b99174
72203238
6de1f4b3
3d176812
6dc6093c
bfa4c3eb
572c0ade
d328edd2
8df3b4a4
86989377
c29965e1
983977a0
d59bc0ae
491785c3
34e638f0
01f2cad2
26cfd35e
a05fb3ff
eee99336
1b278d2f
cc8b2eae
5223e147
d5c41914
651e558b
9bda0bdc
de2f8273
ea02c73a
28e4862b
77793927
5e6b151d
6f0aaab1
7efcb3ba
3cde7c3a
64d94f14
efec4b04
9ec53627
d7949fb1
75eee4f8
774250d5
06fc3cfd
18a1d9b0
a058c126
0f20bab5
2a5eb5dc
ab3ce002
446a7fd2
333fd38c
58a38c40
2824a8ef
38cbe12a
4f036350
67cade34
9e40fb4d
fe8ad872
68f77386
e74494a4
e16d72ba
0bc6acac
be032398
1ccb287a
6a7a7f65
593a9268
44df5e87
7cefebd5
d00c4265
174b7c69
304eaf17
becb8517
bdf8363b
4679ecce
50324e92
8b4c403f
0930f640
21c23bf2
2df5ddcf
24dcace3
9fc1a886
0671057c
bcf311c2
6df918f1
1b035ec4
d3d7291d
161c6e52
b5b1d5aa
24aea3b4
b24495bc
88d2182a
0efb852d
56cf60cf
17d387c0
086d5abb
b2d6bb45
7b9c05a6
4bc846f5
ccdad997
4b8636cc
4d033057
8d6929cf
304614ec
79403c6d
6cf0b8cf
f82bfe33
67132a8a
d6421895
753d6433
2658dd95
f5ffe880
2b463b05
76685721
1f57176e
752f7018
94536b55
65a09711
12458762
a70e93dc
cdbe1904
b9d7fc58
05d167ff
657eaa04
b5931e29
cb003778
7dad2cc4
28cbb022
402f55e0
cfa0ca8f
327c7dcd
a8d24fca
d5a3ca01
6188c45c
11a253aa
de740f5d
6bd966a5
950b8c2c
0cb131f3
773c3ff4
a9977f2b
c99f43da
50297a19
4f92058b
c03f4603
1c7715ff
34a6130b
50f190f5
ca817d84
5b22e207
2a795bb6
fae54e74
deaaa60f
025dda9b
15acab2b
b0f0745b
d70c2921
82a72c75
e29973ba
91296ae6
34a535a7
3eeb3a9d
4ddb3290
656a88c3
6bab9c97
bb9dec90
8dfac6f9
8b8790e3
31c31d68
420756bc
692f3d64
049967f4
a68f9d00
6cf0b6cc
f940d52c
8025ac40
e2c7ec5b
5711f37e
06f150f1
60be61d8
29ea8f1b
8d3fe680
9b2fd27b
c23b3d27
897c11df
cc2509b5
0f33e43c
1940c264
13cfd902
063a7c6c
40c4048e
90d85a22
34f2fdaf
ed6cc3c7
045d55de
00000034
00000002
0000002a
00000002
0000002f
00000002
000004a0
00000020
00000000
00000440
00000020
00000000
419b23f2
14edc714
a61b307e
8a99c773
fe7293ee
076efbe8
15981c4d
70567ad0
8d389143
2934f799
e42fcabc
e611652b
38c566cb
a6f2cb1e
79826528
bb6aa097
a46926ae
a98605cf
7bcf9a1b
8245d4f4
f27e49ab
1540de52
1a9fba99
b76157f1
c4197051
6af75995
812b9602
3be29ec1
5b5756a0
e6d7dcb7
ee0ba730
2a4b6b60
adcee4a2
21d11b16
b2c65035
897440b3
33137173
24a08094
40c071e4
31e9573c
08d14f78
e7e3d04b
9a4cbb92
974990f3
89e16903
1793df8a
0703f366
5512ad3b
8ecdf5dc
f6ff553a
fd4a5b35
9c2bbbb1
e8001990
0e69597b
819dd7b0
0a5c8b7e
bd38cfc1
c1c4092f
e0c0225e
ec31ba5c
e97059e5
7b8567f4
966cdc15
db6d4775
517498b3
e2542617
b97103cc
80514e8b
03c888f7
50c7ea2e
a00e4ae4
4b3d58d0
a24cb982
56353df9
01a15eb2
e3b49d2d
e9044ab5
d5091309
9c8e8466
2ce52cf0
451d4029
79cef56e
8289a1e2
0377b755
dc47a1fc
597beca9
60fc0147
bbd6e945
3ec17276
b9489266
72a8bb17
e81ba6b0
5138d253
fdee6cb0
5657f200
d2ab7a89
721c23d2
42677575
a78f837c
cb67d711
da9b02d6
ea45aa37
363deb9d
d31a470a
57c4bfe5
aced2f72
7e221a73
964bb185
47dbe9d2
f635b5a8
700a0280
6315349f
2b239fa2
5c3e5475
4411f85e
348967f6
ba6c1884
6da6d54b
a3a0c43f
a5b2109a
7560a84b
c6984fb1
99446d2e
fcadfe7e
668a3cdd
bbf77a3a
79b2214f
213034d5
5421b549
f6a9a195
2e0aab71
1302e528
63e286ac
8ca12457
9e5333e5
a374772b
e182a769
62636401
368b0dfa
d40ce344
60e2a152
8877b623
91dcb724
fa792e8a
3a05e39a
5f955135
c52322c4
4b3ea6ce
f7b23375
3cca875d
18a64f43
0149d616
13a4e1bb
ce1fb0f0
950c2dce
1f44153b
8c178ff1
a3d687c9
c97080eb
02cd57c9
1793f9fc
edffa156
ef03e195
9aa60f0a
1154c86b
697dfaaf
99c44f93
181b94a7
44fe3d5a
34d11263
8edf2330
f3e49386
a896da5c
7a16dc89
3ee59245
eae71693
4b0ad521
3d3c20ab
632ec4cd
8552047b
595c8fa5
16ab9b38
ba5a4846
5885ecd5
e518a10b
64cafdc9
a9289000
14520e13
54b555b3
25109bdb
cf0714e6
0f07c439
8bdc1259
6c48d90f
9ea88061
ce5cdfbe
63fd9287
86e9f500
85963f51
dd4c8009
3b511ee7
e05d7d05
96b79979
3ace0dfc
aa87a5f4
68c2f95c
3cb62113
29d02f6c
383c72bc
4cef76da
f999e5a0
863348c0
89422a9b
4d50d272
689b916a
f950ba48
16f0f19c
0e2c2ff1
13eb186c
99999bba
41f02431
378fb5d8
a5027629
df143673
64b57c75
0b04da87
0678f529
1b859c42
c78fb3f2
e13f0e16
517c3d07
8ac4170a
5aa7d4eb
7c3ce3a6
9434b3ac
c320abad
00c31201
1bf565b6
ad492fb0
aacfa784
1fb12a54
212d4dad
4128fe06
217fe1d6
fb44efaf
6d8280fd
7b6ed01a
e3228516
cbdbeb42
e2abf50b
228ca797
de965737
a52eea66
00c55c5a
22b39c53
0cd89844
6a413009
53bac91f
ce38d893
674e8f52
5c0b128d
162285c0
95cb0b4c
9364f502
cd05a4eb
dbb3ebc5
3fe51914
4d775211
c362b9df
469c7636
f6b95b84
dfd822d6
9a9e2a8f
3c5ca37c
5e496e31
4c66cedf
b9f64058
50a0538e
84b38f29
8ff3c050
00000035
00000002
0000002a
00000002
00000030
00000002
000004a0
00000020
00000000
00000440
00000020
00000000
1dc8689b
577bda5f
3cbe1642
d4a3444a
6538bb26
a7f1a535
b00d9699
6334c703
e04347e1
5e8bfb3a
567100ad
325262ab
7692f1ad
690544c9
e4ae6cd1
d97e2b05
5a2e4589
d0078ab1
4519b1ae
0c5b85b6
f712c261
cef68179
3ce4b4eb
ba39b9de
a703a0dc
78933f3c
26d25520
14273aa8
12a284d3
58b9ed51
a80f6a23
333a5852
69fb706b
3a874faf
f908d689
6ca8ba90
ffb053f3
7cebf3f6
6064af09
19553dba
f041f6da
b018a5ce
3c5356f2
38910bf9
b92e4f4b
9fcb9edb
3c131da3
809c3533
0051dc1e
a8c5657f
62c35a4c
133ea77b
07f32141
2583cf6d
29756c23
8aabec15
71dfff6a
707f39b8
90c14dce
840337c7
000ce2cf
798eccf9
3f77e19c
30864fdd
642fcc9c
7aa04432
a5fdeec8
dd054056
bb40e3b3
2dc5ad0c
bbd68c88
2b0ff480
eb0e6ae5
cb97f54c
f794de12
6c8f128f
50e4a64b
545d18af
a69aa953
13a66281
bb0748a0
263b3f64
b38825b5
6ed2354c
8e12f1d2
201ba1e2
fb615026
d19bea6c
09195bb9
83d21f98
80bc72ad
e09685f9
9be2837c
65ad25db
4180ea14
d4d5e8d5
2b70aabd
d3ad6561
7d996ee1
ef76b64f
2f56f3ee
7ea312f6
3a6145ee
3de64538
2ebbb666
b169d6a4
438a862a
8f473ddc
b477df09
99db5dbd
e4602a43
dcb12d18
1a70932d
48c0b7f0
e736e075
9d5a8039
94c73a07
6acb3791
68ced830
fecc93e1
b42df607
36437c07
6a1d3fc5
27168ee9
fc1d5022
3423810b
49d2cb97
afb7210c
97b0101e
d95fcd20
2169c7b6
47638436
6c9a4548
ea855f90
c02f0285
60e1c48a
4aafa8a8
a6d3f0ef
dd601111
32f77d0d
0f3e4b45
8bf25bf3
cf9e9c50
690a2cea
04faa06a
5c5f19f4
fc67d0e7
404dff26
65037309
84eeb179
c7665d0d
4b178da9
5861a4de
dbc7dd05
b0f95f20
6059ba35
b3e617c5
2437dcb4
4ae03723
34b4bbba
65a53223
16dea1fa
98926921
1c4b7c50
8b0817a2
a296e535
e9176bfd
ff07fc0f
c1c5f0fa
875540fc
19fa3af8
7e273b51
71971f42
6d5e6257
60386308
cd065808
10d89abf
fb566cd0
6b1f6f19
ab133780
23c78fd6
595b9d64
18238aa2
92a40936
da27cb9f
99df8e31
87974f40
2d9fb387
71ac0d03
04223ef4
7c29f359
ff1494e5
e39560a4
0229249e
6c9c7a00
da0a0bbe
35a42112
22857576
6ed371ff
ec1d58a0
3ab6711c
92726340
58cdf8ac
833376a6
644b9e4b
a8eb3d01
819985b9
5dbce55f
b442e7ad
18f4adbd
3c114a29
4e4d9144
9826f9b5
2d419eca
fe680a94
de3b4c19
ec3aad74
c39f27e9
d6290155
4a529fca
3afd8b79
4a725f0a
16829723
996e2114
703f5b58
fb9c5c7b
fb68b888
9d1aef10
6b59eaa3
ec4d9967
0893fe71
1f79c3d5
e733b136
fdb0f870
22232528
56f29a26
e56e7235
175a7d43
b83e97a3
28afb448
3e6056aa
de530df0
8c8ea809
25cd5aa5
38edc466
47434cdc
a547a349
f2629dbd
d940323f
c8de3a34
797d49ad
4e2c789e
165f9854
b812f896
1a5dc8c3
8b76b642
e24889f3
cb798349
7d7c3267
cce28726
b4db3d05
2d92908a
3520ea28
7143cf59
b3fe031b
2ef572f0
4390fc8e
98ba4594
519a0d13
119517ec
9f916fa4
8710a33c
d110d2fd
1e365ad9
38b52b0c
f35a368e
0b249cd7
43b7c1f8
80469dd3
60f91a78
00000036
00000002
0000002a
00000002
00000031
00000002
000004a0
00000020
00000000
00000440
00000020
00000000
503a5a10
39923c26
c078e361
d97b80ec
43651305
ec795482
4d36699f
21f472f2
0b98b75b
3774806e
461089c0
f517b8b6
61587133
a1300a13
29c7d681
6e6efa36
ec3a1263
619802d5
a18784ce
d1e62c69
c303a7bc
de7756c5
fb867de6
606e5af3
6a935423
bb6674b0
4b4648da
fafee33a
22f67226
7d0a90e4
6fdbe2f2
69322a25
618b4988
9a47bbc6
042afa3c
26df96c1
75a696c7
e822011f
c3f46b86
949b905a
9cb5470f
38b1aff7
2816f495
e0cd474a
5aaba425
5158da78
1bec55f9
dd3a7a78
4a7600ec
1ef86465
c7257358
f8076bb5
8b9e49f7
268634cb
c37c6aa6
03246619
2cfea641
97f53f7c
d4be9cd0
abb96c2f
a1ab63ae
2fd86ba9
ba6e6c6f
35e93a55
69cacd5b
45a71534
a846704c
f91f2659
edf4822f
7892b12e
cf79f0de
350b234b
46f4fe42
c56311bf
63fc7628
d8c7e42c
c2c8ab06
8c753dfc
4481cddf
0bc5ec59
11e2f1c4
5022901c
4a3da07e
8a1dba0e
bcb19257
017a3622
2454a66d
eedf7fad
f27847cd
47264c11
19ef924c
bbd44eff
93b624e8
df0168b9
7d2b1244
5f875b47
426d565a
200c6e05
76999723
07e4d78b
7f17d3e0
94c54ccb
0da4f572
cfa3d810
0dc23195
214639c1
70de94db
68990e58
65be39e8
4051ceb1
e34faff4
e351e580
5d9ae67f
8e959bb4
891c8585
cf789456
2e33e391
c10a9881
e9817689
286a353b
f58fb40f
0ca3d187
8f9abd1b
56fc97cf
e580e495
0ec0698a
aaf1dbf9
d265a321
96cb3e36
34c7543b
c228f78f
db847377
54b2cdc3
3fd74355
a0c9ab04
19581555
81e825bc
1aa3cf3c
1fad94fd
90e1d0d5
bc733f51
401713f0
e1f4f9ad
484b8b11
ac761023
cae49dcf
9d0d1045
d7ed8cc3
1b5284be
45e73b9c
ce7c8e01
20ee5489
876770ce
bf474e6f
7746b950
bd8ef231
97d15c1f
70c52cee
c4302dfe
dc926b0f
59d11aee
686e1f54
bfe6eba9
11b70190
de12eb29
260f9c32
0943a3ae
3a7eb032
be0834f8
4e8e52c3
90453745
ba027069
acffc144
be232ae0
b37c6992
0de2079a
6ae42551
13d7d659
03ef5d87
9c9929ef
3be73737
636bcfc1
fa6b621e
e96821f0
8f02cbdf
8729d9c1
2519ff91
6b32c150
9790eb1e
9405f100
96614e66
cd978df2
4291e851
16fe3d4a
5b08a8d8
d77b6e36
23cccf65
206a3fef
1dbeea71
6fcc1ef3
a2b501b8
35fed85c
379096af
e19b2446
8c247156
002276c1
3e460200
db5deee5
d9b89c77
c9f92acd
a809ad6c
85a77f8f
9e64703f
bc0d701f
3493c902
92aaa63a
78c22ada
88085324
49dead13
9142541e
4c135cd0
d69a9531
b76fef6e
d9f1096b
44507028
b747f8e0
205d66fe
44522469
8c159b45
0e0e6b33
fb94c78e
e08747cc
b343f3e6
9857aa32
4909b5b6
6c4f02b0
e9347fca
b2003168
29caf7b9
eebe9ed3
80b09d14
e8e74476
2983a8d9
fa4dbb70
2e508bc5
a56dd15f
34a762cd
e2b99fef
735b641c
4ee9717f
cf6548bc
09bbbeb5
2e165324
3367a283
a2470d85
b857b74d
12231082
d036b8e2
c8c28e3f
467f92a3
8d0a4ad2
4b7a7645
2ed777d0
ae553d82
15c1ffb2
957daf6f
f5510e2e
9aa5c849
2d52969d
97563a00
212234b0
860b916f
8a1e8ecb
743d5c19
1b7e8cda
f44b6815
619e98bf
84eaef41
b188fd30
bf9fac34
00000037
00000002
0000002a
00000002
00000032
00000002
000004a0
00000020
00000000
00000440
00000020
00000000
f0c3c2ca
ede7d73a
bf4b94c7
991563b2
da18a5a5
57d586e0
1e5c19e3
0fb6dec0
3e87aad1
68e919c5
cddd5919
beba30dc
f47548ee
82c1f133
5a54da7f
516d18be
47c2526e
a9f49a93
ec5407d7
c0dd8620
ffeb0c0d
55dc3485
35a1d3a1
6655aa06
45c88158
0e4906d7
60609993
c480e270
d0458a61
1fc6256d
9d5eea3a
8b7d8295
81995b21
31528c5d
187d8503
58077356
a235319c
db3ffe96
4e9113a5
54218acc
adbfb779
1fd9d73e
6e5ced57
080b8ced
b9f02860
eb60fc90
0d07c850
54d44c4e
e6addc85
2eb76223
7118a276
e99eacaa
2f0113cc
9eeb0c6a
d2e3cb81
9188fc8a
27e214a9
8cd1ba85
89592632
b00c843c
a81cb713
54c3219b
bb226803
b6cae93a
5648fff1
03bcbc91
7484dff6
1c3fd2d7
fee9f205
feef8a6b
4ea18f24
ccac5052
7730ad53
372f72c2
eab4736f
cb5b6602
2f161201
2d2e446e
11a7cda1
e1749f6d
e0afd33f
1806f47c
bbf1e5f6
94ec2772
b10fb664
05d860fc
5c677778
b8bae83c
4902dcac
b9062dc8
61a1f512
b93ec7d6
95b04d48
a1a9ff58
4906e1d9
88196e7e
42c81a05
08f53221
e8ea9744
0ef434bd
95979c8a
b991ae55
4d580294
679d3058
8fc01792
f0b5e0de
abe4bd14
a8bdf75d
7626b94c
f146a03d
2049e1e2
f9d5fdbe
ee99ca7f
6e3c912f
7fbd6014
a48cb03c
1003410c
c2917426
b717ab8b
00f93761
3653ce12
5a4988ac
062dbc54
636d1a3c
f027a557
705d5350
20b7de06
e3e7b5ca
2128969e
e0c08b8e
c47c83cf
165584df
1a59b181
9b75366c
282e78a7
001f2f71
19c26679
14866b03
ac66934d
d0eb96e2
2d10b6fb
4142cc7c
f1855942
ee16f1d1
34066da0
3a05a305
b3cba6a9
f6ac96b0
2613b5ef
cc53174e
d5d526cd
351e44c5
2eb68ea1
944d69ba
a58318df
5198c942
47749539
3eef76de
630c1a97
b8b50e66
55ee2aaf
095e0e9a
285f549e
9e3b39ce
b97731cb
e385c507
3a0d4b19
ac8528f5
e354cdf2
8ad280fe
dc6dc061
de8b1ee9
31a30353
6cd69c5e
18ee079f
69ead536
afd04a61
2d92d15e
4a47f48a
a5f64217
2c54ffc8
c2f17fbf
83b1ff7d
6457d666
3a6e2766
95ef95dc
38ab02e2
03ebd078
69e8afe7
69fb85e0
8faff75c
b3b97439
53fa3c05
67c5d254
614f93c4
b1afaf8b
e7bcbd08
b9c79b29
b77030c4
ceee5b05
4cdbb377
1393965a
10ecc7da
8aa1c181
dffc2900
6c1c69fb
7a6f538d
84413ef0
35453510
6011d707
738d9a1c
d0ebe5e1
42c781e3
ae7df2f4
7150b88f
84a72800
a99bd847
224af9f8
f9a5380d
d602b067
1b314b49
b8211f80
c950fe25
2be1e2b0
0330b543
391d499c
bff69d05
a1f9ac68
ce9d6c12
41663ab7
dd441916
2eb32aad
587b957c
b7383d4b
9f2470eb
8bd50f12
580f55c2
da1bffbf
08327543
6f0f4914
aeee3982
2e489f2e
d09e076c
fb8deb9d
26a806ec
16d7bbf7
b6492624
0e72fa0d
1be09c6e
bff6141d
5bd819e9
71e16730
14a16c4c
167e2c84
deac29e8
c52114e8
85541cb3
b9b7cfd3
c93b79d3
ffad6984
322f84d0
323b619b
a9003a81
950723db
802b0039
bf98828f
7f9b45ef
01a1d1c7
bb4de8c5
0c6cbace
34416217
153606ce
fb9dcfe2
f6b17bb2
bbd336b3
f00dbf66
b2f1cd60
eefd901a
88450c35
8db50752
00000038
00000002
0000002a
00000005
00000057
00000003
00000960
00000440
00000000
00000020
00000000
00000000
6842ab14
d0f83f43
eb3660ff
4af05740
2b283caa
a365ed45
1fe711f2
7c45a979
00000039
00000002
0000002a
00000005
00000058
00000003
00000960
00000440
00000000
00000020
00000000
00000000
5769fb2c
37c4a610
0cc2467f
ef0a4813
3060c57a
b50a7ad4
d6dd07af
f4282c06
0000003a
00000002
0000002a
00000005
00000059
00000003
00000960
00000440
00000000
00000020
00000000
00000000
fc7a8c6c
aaf3055b
ed0fd394
89ffa624
2546c8c5
ad2c79b5
f99ae8e7
4754f488
0000003b
00000002
0000002a
00000005
0000005a
00000003
00000960
00000440
00000000
00000020
00000000
00000000
f2d4dfd3
4b5d1974
bf61df54
b2f75561
47aac9e1
c31c2021
67514cf4
e2ddf4be
0000003c
00000002
0000002a
00000005
0000005b
00000003
00000960
00000440
00000000
00000020
00000000
00000000
08663ebb
41cf4d36
3842de35
afd46794
20517858
fa8cb5a5
70758667
106b9ada
0000003d
00000002
0000002a
00000005
0000005c
00000003
00000960
00000440
00000000
00000020
00000000
00000000
b02e0c8a
072c3e6e
ac39cdb8
560c3dfc
5725ffa1
ac53f83e
43e538a4
529392d3
0000003e
00000002
0000002a
00000005
0000005d
00000003
00000960
00000440
00000000
00000020
00000000
00000000
f88a8192
6c3e2163
46e0a65c
7cd9233b
eb085d9b
b7d80ba8
24039647
df0d08cd
0000003f
00000002
0000002a
00000005
0000005e
00000003
00000960
00000440
00000000
00000020
00000000
00000000
54442207
6542daea
4b644752
a066db44
d3a173cf
ab8f395b
bdb649e2
a0dbebd0
00000040
00000002
0000002a
00000005
0000005f
00000003
00000960
00000440
00000000
00000020
00000000
00000000
a6761c2d
471d0daa
70553ee1
8ac7bfde
869aeb83
e604c294
55cdaaae
bee723bc
00000041
00000002
0000002a
00000009
0000007f
00000006
00000960
00000000
00000000
00000000
00000000
00000000
00000042
00000002
0000002a
00000009
00000081
00000006
00000960
00000000
00000000
00000000
00000000
00000000
00000043
00000002
0000002a
00000009
00000082
00000006
00000960
00000000
00000000
00000000
00000000
00000000
00000044
00000002
0000002a
00000009
00000083
00000006
00000960
00000000
00000000
00000000
00000000
00000000
00000045
00000002
0000002a
00000009
00000084
00000006
00000960
00000000
00000000
00000000
00000000
fffffffb
00000046
00000002
0000002a
00000009
00000085
00000006
00000960
00000000
00000000
00000000
00000000
fffffffb
00000047
00000002
0000002a
00000009
00000086
00000006
00000960
00000000
00000000
00000000
00000000
fffffffb
00000048
00000002
0000002a
00000009
00000087
00000006
00000960
00000000
00000000
00000000
00000000
fffffffb
00000049
00000002
0000002a
0000000a
0000008a
00000005
000004a0
00000000
00000000
00000000
00000000
fffffffc
0000004a
00000002
0000002a
0000000a
0000008b
00000005
000004a0
00000000
00000000
00000000
00000000
00000000
0000004b
00000002
0000002a
0000000a
0000008c
00000005
000004a0
00000000
00000000
00000000
00000000
00000000
0000004c
00000002
0000002a
0000000a
0000008d
00000005
000004a0
00000000
00000000
00000000
00000000
fffffffc
0000004d
00000002
0000002a
0000000a
0000008e
00000005
000004a0
00000000
00000000
00000000
00000000
fffffffc
0000004e
00000002
0000002a
0000000a
0000008f
00000005
000004a0
00000000
00000000
00000000
00000000
00000000
0000004f
00000002
0000002a
0000000a
00000090
00000005
000004a0
00000000
00000000
00000000
00000000
00000000
00000050
00000002
0000002a
0000000a
00000091
00000005
000004a0
00000000
00000000
00000000
00000000
fffffffc
00000051
00000003
0000002a
00000002
0000001a
00000002
000004a0
00000020
00000000
00000440
00000020
00000000
3de2e603
1c227173
d7b47e95
e474d17a
5edbf051
2dccdc49
808bfe6f
441a0768
d82c8675
df0ff08f
a0e8ce42
69e782f7
6e2bcd33
d7c7e1bc
85a6f847
256d0ef6
5739bf31
fb99435e
8e3027b7
826f5018
915bb161
13ac8f52
5f23da68
eec307f6
fb83f8ef
c600e80a
4d7b3bd0
2140f013
d6632434
dfd51903
8e022db1
4f05578d
85754068
9035ee47
40b19a9f
655982bb
74e2c732
24f88119
a78d73b8
1ead9b1c
cfad7ac3
d5cbdc44
48ee7e8d
fc8ce568
2feb12c3
ab4a414d
4afa0867
1822fb2e
485fb5c5
447e9568
5a648121
8ec9682c
4a0460e6
33b2b809
323a8fb5
f490ce7c
589d369c
dfc0905f
53b8b5fa
6021dba2
c5d59706
117663c3
2392b4a8
6ae9e249
60302bb0
b3b657b3
55f5d79b
858e6bf2
c2b8bfcb
ade56d1c
b876b555
1105ee50
28e089c7
217fc16d
c9223b3a
9e8f77b6
3d37fe86
ddf7a69d
af12de47
6dc3f7a8
cadaac94
0778d4d3
ba50eba8
f16e5209
617b5939
93635e08
9951a179
4e928a9e
9c2a3686
6ee3db9b
74565a46
680e2ee0
d7f5ce92
b5ccb0e2
ef2f3565
d394cc0d
4dc17506
5d3410ba
4bbf6027
74cb744d
2d4b8921
3f687265
ccd88740
4185058d
2b76a09b
31a79c9d
8e114435
5e4df46f
3ccd0aff
f3082bca
4465cbba
d1e0ffe2
8f88b0a5
cfffc509
554f8ac6
3248b445
1c9bf99d
94db03af
8c99ae07
ed6d6238
6c728c6d
3042634b
d9801f5d
9b3e72a0
6c04ea0d
bdf2f072
439617c8
c3b307e5
8e90c840
e625b708
8be9ca76
8cb3ee0e
528faee4
a29fef75
dac39a7b
32960a10
c67242b0
394ee282
70dfa925
08c0c0e8
a1e37f05
6e1cf4e7
f7674e8a
db5ce416
7aeb677f
a5ce69fd
b2f13dc1
e7e71db0
b19d104a
3b624e3c
da98dedf
1646e19f
d6d60d8f
698261f4
7d9efd95
40369811
b268bac8
d556a33f
ec2522c6
cdfe3b65
4fe59c51
870e2db4
299dc13c
b9088b4e
12821618
07d782c3
a8512ff2
93fbb157
85554c23
56923b6c
3638de35
91db8a69
825180cd
8722321b
dda0be02
1989bbac
47301255
009e99b9
3f916fd3
181a08fd
6d765f3c
4dc2173d
bd65f587
892c704b
483bfd10
b650e481
53e17ac8
c00c37a8
4957928c
40e6ddbd
0a12819f
8e0f46f8
084628d9
01987470
8b5b4ca0
efc3dd20
7fba78ce
a4ef1ef2
9645bc0b
d4a5517b
3f5ce450
b8a40681
42def8f0
42bfbe24
909620d0
af341647
4cb8f1af
41142acd
6c3224cf
5a662b40
93ad73fa
604858cf
257ef6e2
2f2a4149
c2855619
c66956ef
21fa7662
53fefe88
54719a09
b8121896
443552e2
bc28db54
7ca8e2ca
6239da83
5515b3fc
0bd3592e
107b0fba
269f240a
a268a435
3ece86da
d46f52c9
e0b9a25b
b9ec0914
302f23ce
4d6a072e
4ad2b090
07204957
9e22859e
417ab1b7
d0af1e66
e8fa8f2b
114da9ad
77380e49
55bc063e
26af50b2
134a27e8
b29cd176
46ac2763
a3cd5755
2ebbe0fc
f993f6d0
ef511999
e71e70c8
576522bf
ddcffdff
0b31cfd0
8b824487
ebf3744a
28571a93
c845df20
d149ec7d
6e36b701
8823db4c
8e3ce287
3cf1ec40
ea15e8a5
4a286834
c2d5641f
2b6b4b42
e3aaa2ee
d71fd06c
ca9cc461
64def82e
97ebbfbf
8f8ec44e
16fa39b8
8d845bed
ad293457
81936490
75f08184
00000052
00000003
0000002a
00000002
0000001b
00000002
000004a0
00000020
00000000
00000440
00000020
00000000
312ff05e
48c3ad33
69b3d4e9
cb1a35b3
afd3cd5f
3bc1335b
e8c8e942
d4c27aee
978b45d2
cb470169
206a8505
5dc141ea
cbb74750
d7382eb0
51015805
005c5300
750f2c29
7446e087
4dc43f25
6f31a805
c6cd55ce
97f3d695
18f4deda
a0d626a6
56818dc9
14856637
4c14f911
08d904a0
bfa7c060
e6c86a4d
1b59e9b6
d8b9fb75
7cbdfa6d
90b7611b
6385d5bc
38f86ba6
66b9ca9c
ae3801d6
9d622ff5
9db70e6b
3ae77d85
82bb718e
4a326ed6
767b6784
2a819369
dc4e045e
49343acf
d4bdfabc
2d24e596
79f29e40
9bfde0f1
9dbf3538
f6be5764
a28a3493
e13702f7
7ccf6af3
cb75c142
59c85456
276480eb
49cd15c6
cae56325
9f3f7fe5
e7abec88
1bad4788
ddce205b
d7bd6f11
691db0b7
9415e18b
458003fc
30208cdf
e393bb67
c359907e
86e78da0
5d67cc30
84f71e5a
29278a7e
948018b6
a99c3b27
87769026
9d87e1cd
3a8f6218
4285f32f
79b38a9f
c10ed1c5
15f20e9e
e4eb72a7
2c00255e
d8788a8c
bb5c9844
bf216f86
50e88c65
67837032
5e844523
0ffa34f5
2276f24e
b2d60a97
8432e772
3f4d02bb
5031eedd
f4a3a05f
3709b29c
ab86c3c6
8e2841ab
1da75a20
855c5830
b628bad6
b29a35fb
a5f84649
6c8b220c
34688fd4
3c1eb501
d5626a11
58e2e63a
5e24bd89
c090cc48
198c1825
6a24e7ad
7838a3be
a5025860
de5e1085
4cb9143f
c11cb3dd
3c8fafb5
9e277d0a
9039a054
07ca6302
696b82d7
a62038af
8dc1b24f
c9d38919
829f7af2
ee56ada5
f3be29f0
cf446a90
4c4cb3b4
8a915f2e
407d041b
e178cda7
eeb78a31
a099b4d3
283bb8dc
b44a6b48
28c246aa
913f0f41
c14889a2
546d8ef1
b555e31d
114c5eae
1a7147a2
4b8cf733
38751ccd
352a142d
1430c6ad
eb54e115
6f325e30
e247dd0c
c1fabd79
79a4740c
724a41a8
189bc3f0
f53cf361
b84012bb
a80c8b6a
29f215f9
e6cec260
29857f7c
0ef3afba
935a70a7
c2f07c12
6fd43875
a245ddd3
664f0269
0cd446fa
5b1b8877
e66dd8d2
d85fbfeb
a5313211
2c1460c2
f999beaa
64aee0bb
32f4e984
181e83b2
f598ad2e
51d09dbc
628af1ab
5b9cdd1c
5f73e244
ea04e7f9
44234624
d31638cb
fc15aada
da38895c
965d03ee
36c61cd2
98c78429
911ce8e3
26c283e1
88a5b7d7
3096471b
dd8153a6
06fced07
d0e8c6bf
e76b0a9d
62017b23
a0dc94f0
a0c81d54
d26b2d66
f4a1da9c
22c05355
5f7f162d
608e2287
215e4157
59f4bdfd
87222d01
dbd4710b
ce3f9c06
d7f131e6
e1bcfead
293cb1dc
4d1116b4
6a01ec9f
7a633416
d7b17326
be4eb4fd
3a3aec25
2e7ce543
bc78ca42
b8ee0901
cfcc91de
05fd016a
3b4c0503
30e898f3
480cdc7d
f6d3e40e
54ee33b7
07eca845
46a283d7
4f92f3a4
898f9011
71b470e5
25f23193
ed508b64
3b0091e3
b03126c7
a6cb705e
8a6d15ae
02a0a405
f1fcfd21
309f9fc5
52e091b1
f44c227e
bf9e232b
c0fbf893
2eaf10fb
2cf07fb0
30311c82
c7a24ae1
1323821c
f49de174
c8812956
41b3c7f1
2e52f92a
ba392f53
3fb10739
0b531e37
0ff10ae8
0aaac663
398c8681
00cbe219
144cc435
2ed8ff0b
843ef64c
6ae6edd5
18ecd033
8756b6f6
9058c6f7
251a691c
24b1aeb6
1b66976f
eacb7996
00000053
00000003
0000002a
00000002
0000001c
00000002
000004a0
00000020
00000000
00000440
00000020
00000000
e004db60
8a5b30fa
b59801b0
8482ca60
11989b43
b6ba8d05
235da213
c0bd3c06
f7d1a6e5
139e6a88
27538c9b
2d943ab9
508c099e
ef707ab2
052f77d0
d55898e5
c7376c9a
fe30e4ff
4d63f0c9
7ba3c052
faa37747
36ec3996
5da9e496
b70ab5f7
888d5dd6
04efe38e
a24cc295
0d2d5ab2
995fb65d
f86f1fb1
75b2356c
047d21ed
2741fba8
c5f0951f
03bf8a95
5b1e41d2
74414997
b58d09bf
4bea7043
3a2bb277
ffeb298f
a7fc0bea
b1799115
2fc2d83d
e7e2e1d4
09eb013e
202f8414
a3d3860e
40a6a264
3a5a5680
e9d590c9
635cac59
78cad3d6
9729a980
8478fa83
b122d3a3
a160be78
54a4ee07
d244a2b2
9e0d59e7
14b1991d
0d9b0568
72983e97
9884ffec
9c4a5081
dc39cd5a
7242e508
4eab32d2
ef765ca9
d9075088
4df88c8e
a6c8370e
e07ee916
4c79ff0a
fee9b73b
112f2f31
0e1c15f8
5bfb4a93
fb641796
d535198a
920c53b6
9be8089b
905884d5
aaba0989
d1d564d1
c4c4f305
93ef5a2b
2085cd17
a89c735c
1a2af987
dd4a43be
22576136
88a9ede7
17b8c1f0
68d32bf4
ce6763eb
584d48ff
584d85c8
684a7965
1a1ee544
f3e580fd
ca6921d9
b58a52e8
b7f387f0
bc34dc3e
dbcb6cf7
19d1a49d
3606d90f
cf187182
9f4952ec
edf30018
7226c9ed
78a3c065
246e7ccc
53b53e51
5da64a0f
64201d5a
d1e70b1c
b96886a3
11893014
10c91763
fc2641bc
9c21c457
c471094b
bc515c87
86cbf68b
350b4004
a6c80e77
9a42e04a
661d63cc
5d3c5092
7e48e343
b89c5515
a283d715
44512d17
1b1e4e9c
ef905a72
b19f3878
af629539
5b9cb7ec
20895dc6
7df2af29
cb9941f5
f38718da
01ca517d
89603572
8268ccc5
c75a33b9
3ef8b24e
f3969014
fce18032
3f87c22b
b3b2c818
bd9e3754
7b21e9fd
db257fc9
d884eb1d
7427e76c
59c3fa59
2ba30012
e6847f38
ff994528
655042f2
a3aefdc8
0eec70de
106d5877
8794959b
f32cf21a
72262169
e3d65023
12a10f64
0c0c3816
14e8beb0
4599dded
96d3b4ed
73fb9e60
b4a7932c
75d09560
03c51e3c
61c16131
abd12e2a
5cff8a67
7888022f
cc220983
43672c6f
f6c15bd5
7c4bcca0
d65b6ce7
c5a1333c
7d7679df
86627b1e
6e722cc4
37e99f85
c21b9964
97a48e4f
5bd6b926
7b2fa51a
9a9a31ac
33a83d3d
576b85c0
24a7672f
eb986acc
aff25cd9
912c5a26
3932cec0
9775ae86
44a268e2
29d1a356
08d47bfc
921049a8
1d192a74
53e4daf4
285657e7
602ab859
faa394a2
662d3990
1db5669d
ae294f47
e8a0b26c
0fb84d91
62778f8d
c3f1d2be
d2ca4d5a
66c00a7e
f843f444
63b5f48c
1ce4204c
1a895180
e0cdfc9f
443aec95
a63aed05
924acf68
4ad1174f
19995324
f4947293
4a7149a0
872c0f59
cd6d8a43
b8fc077d
0fbd2be4
cf02b445
89decb4f
13f1e96f
1dce7929
f85d5213
68f5a2fe
95a6e886
ad15294f
cc559fa8
e6718a60
91719655
d89ea12b
b21607a2
4379ab98
56a5702d
2df09368
af09369b
27291161
e3845c1b
a0428e69
42e6d455
c77f5cb6
b22c2777
3d25c31d
72d06bbe
86d0919a
143e2fa6
01e2ad98
a676a1b8
3ada14fc
611076a4
f0898923
195dfda0
39a80314
9768c1f9
41866b43
30036fc0
1115a079
7c4914d9
6a1b8d64
00000054
00000003
0000002a
00000002
0000001d
00000002
000004a0
00000020
00000000
00000440
00000020
00000000
e1434447
d5268172
b3faf7d2
90f0fd67
0d8812e2
b2ea0216
0f49162d
6bc7f2f5
e21d2b86
674ddb93
0a517eef
7ceddb65
a372c702
78f2dad3
3adb7879
f2f8ba73
8b622668
510a8925
a8ce80a0
f0889e8b
fbd0223a
8f7a9feb
89553c79
4db64d32
572f7f7e
0c38e294
4ca81d6c
9528f0f8
a23c9ec9
9c9baf00
70467039
44dca555
11d1fdeb
9d291fd6
0fde6d40
4b97d9c0
205cac5d
0a1cc79e
5633821b
36a107af
e010f348
34df747f
7c2c32d5
79d4d6c1
fea00802
ce825977
4a5f4ddd
13829eb1
e36437c8
443288a3
48cb67e0
b8f4b9a9
0bea391e
f5cbea29
20252846
24f8c64d
3937b902
cab8c356
ae9031f4
e395644f
bab9efef
fe58d315
315ed004
06e24383
0b7259d7
aefc5b0f
82724b75
a9ef00e9
da85f9d1
30d77785
0b6cd3e8
92ed550a
5a0a2985
b72511a1
840e179a
6cf3fbf9
34c66415
8f49d7c0
19a56bea
13956a41
65cb3469
bfe5775e
c954eca4
77c8014d
7695dac2
5c83a764
dec4025a
1a40dffb
b503613c
8a1e3a2b
094706c6
e307d419
4b1b8230
0a6200a4
5f1b6544
c6df6717
a5c678be
fcd168d0
e9cb8651
cce4b881
8a16f6fe
93bdba9c
4872552d
c99a8dad
9999d57f
a4c778a4
f32d869d
b4d2873a
030dacaa
9dd1ef66
2a788984
3eb04227
b437b91d
5cff5cd0
01c59dbe
c5ca5097
6b0f4cc8
ef0b81fc
ee190ae8
f7b3e85b
ce5d7664
97c0d030
eb5ff4c1
b992387b
8716d8e2
eb0e6983
f6df3454
1830e4d0
91525d38
d0ac8dd6
40db4d97
57a0d208
bea06344
66bba380
ab35b496
33fddd2b
38e11cb0
608d7dd4
97a7041c
29d8cc6d
0ef41e6d
d2eb53ba
a6932960
1ac21420
3bd10598
63554696
5474e985
47f4884a
a5a0da40
f98bd749
2a317c9c
98c95d98
ecc68145
d0de0bcf
a98124aa
0abd3244
6d35e771
0e42ce4f
2d770f46
432ff776
0c712592
02748966
3c3c30d1
9b197993
aca4ceba
28229a3f
c19a1c71
88a696be
766c0b9f
ed550891
a1973a7c
2d5b3b96
ce10d92a
0918ced3
f9eb2511
42085ea4
fa32e59c
fa47960c
94cfc858
9f3da871
611f496c
a248e971
fc7fa912
c1e69255
eb1f1a72
b0d7d0b0
89e035f3
e65b8397
2eba6ff7
6a825cc9
0dd19782
29efe5e7
6b30c589
f25895bb
d17bf088
d556928b
d73bce93
766e6a7e
023f31e0
d27eb642
4344b70d
d2ab73ae
9a011caf
bdd1b3e7
8366802c
5801bacd
695c68ec
c085c2c6
a805daf9
6667eaab
d3df6881
4d4e86a2
332c6b00
75d780a9
13dd2c0d
1ca288fb
1a023d10
679ed93d
2ecd8fbd
79082542
5629d35d
2a5ffa03
74b94ae4
f281a5d3
e73fafca
b3476fec
6183b23b
a3137092
ad8bdb02
3923c50f
1b77c9fd
9c173b58
d4e88f01
3f5d4abd
7a3f72ab
79424397
d4171c5e
f2188bd6
5641d07a
6d0d57a4
7eeb9057
31a548e6
5df42f0c
e1912333
27998328
b9d6a0c2
06269599
356b1b33
0463a6e7
83995d56
f421d4fb
a33b8aec
0d9bdb0e
00f229da
ac88857c
11e8d98c
24b8eed3
4e93e561
b07d1b37
d3115fc0
d94b7e8d
52ab1aa2
2a676d49
c5f7b817
2643cbdc
097b7e02
3b1898ee
30d5b92c
0edf10fc
43bd9abd
af9797fa
73540007
c1b5e316
ad5896a6
821c71e1
b802e63c
ac164db7
cd3ce4ea
ba5e47d6
a36e6d14
00000055
00000003
0000002a
00000002
0000001e
00000002
000004a0
00000020
00000000
00000440
00000020
00000000
912905ea
c7506e0e
38c95536
340cbd38
7fc019e8
219ac946
52b1c09f
0f3ca7bc
7a69c85f
2e70ef16
bd3e3f3d
d8a85eaa
6abd2338
c1263530
859ade0c
6cf76bcc
d3153410
6ef8fe0c
f63d89d2
8d87f5d0
63dc3dd6
75d54b3c
1db3359e
1b3914f6
ef6572f7
fef5b50a
68f5f7c4
3a9d2b64
f3dae91a
9e99d9ad
a769f6c8
cced9088
cc54999b
766a0078
b6a26b5d
358896b1
3b56ca8e
0ad2bc78
f4d1a7ce
68f45fd1
57fbf3b9
ec2d8fb5
770ea126
fff38012
f8525afc
e451d98b
60b40e1b
0af93261
f06dc2da
d876a392
916132e5
bd9bd4b7
2ae9308c
970987c2
1c26ec79
5ac85e66
1de2f997
a19c8651
e0beeb59
e3d234f5
9e76ed08
c185d09e
48f1395b
65f77474
1d96d683
dc082ee5
cad399b8
81599fe5
e1854259
abae7326
fbe46cc5
6473c3b0
ebae6508
822b0512
d4eacd6f
b50c8510
619978db
d150ac40
99499691
5ad5d1f6
f5f05385
73b8e9ca
c0277e60
9c5e1982
4e544c88
6fdc3427
195b4aa2
d7859293
a7ba2d12
87a043ff
198a941f
6fc3cf69
130204d7
eb04fa26
64ca6818
2db2692c
55db6795
e7f3dddc
36b69ce2
1036f182
790e3b55
51ba4622
1612218f
253a7031
51eb3ac2
6e830ff3
39099edb
6efd9b35
9f178c01
137cc159
8edb7214
f8f8c638
b8cd8433
2420c8c8
5ab7bb90
fb1f0a56
f12033e4
503b8489
f14611b8
218994f2
f9eea7b8
2efad932
eae3660c
dc0bfbd1
e5b8902c
cdacd5f4
ebaf71c0
2ccf64b9
a43b5790
7902f36b
d9adfce1
62fa4832
e7ea7ab4
d428c567
6e3d6733
b54224db
bc77e918
c3b0dbd2
67194961
c6ebce27
0aa1e7bf
ccd10295
60341891
e6c8ccb6
e3bc2abc
279e8b06
4649f42f
bfb85cc4
9d93825e
fc3b6f78
d50def5c
29de3f84
9fbd2e0e
f002077c
b0cdfabd
40636c8c
16960536
78b59d23
5a7957ef
cc382db1
daaa97f5
07a4fc30
cd054509
6b72f8fe
ec42977e
cbdcfc02
e9bd1551
703c938f
2a60bf09
35404b09
c4d583b2
cd39757f
5b7011a2
4710488f
25e58d3f
2798359b
37999c99
2b71bc6f
4dccbf6d
bcc2188b
8279e36e
a54d4b10
a471ae5c
50efea27
93f24512
f319e012
89c716fa
f021b337
cc788ef3
3d9dcd92
d021f171
8b18d491
0ed2fc32
27043d27
7ac079e5
4cacec78
ec3c3a17
7be02f0f
b7ecdb3c
499bac79
0ba4da43
e38135a7
a5f8c81a
a3ea648c
ad7cc86e
a072df7e
5b4121ce
d709a0e9
93226c5e
6537f595
61820b34
24c61011
87956bd1
a1cbdcdd
4b6e44b5
3480692e
97a7c417
3df9ad94
c4af2c3a
31690b06
9da8ecdc
54549514
8f356fc3
fb2264da
0ab115c1
f6947fbb
fa6034ec
eead8f85
ffcb5ed2
c5a89979
7f08aabf
32769a0f
8b46dd65
ec6aab56
6435bdd9
8e780bac
4a1cec07
a555ed50
b62b16d5
b72af9a3
ce672448
ecf3e961
8ae8404a
99272680
38eac803
7c73d294
b4db6d6c
5a97d926
9e81d503
a4ce1b49
c6b8c00d
6f36c2c1
3a07ebbb
df1d3aec
1a90eb45
2d0df2f7
c29bc9d5
0663e6b9
bd8a946f
1a11481f
a0f6bd48
1f5d71c5
54181ca7
27c04f2a
83dafba4
2184647a
ca6900b0
f895474a
409e946e
34907921
28463add
67005bbe
ec4c62e2
da375eb6
b837aa07
880f77fb
571f1cb5
6a3c061b
b73729a3
5bd927e3
00000056
00000003
0000002a
00000002
0000001f
00000002
000004a0
00000020
00000000
00000440
00000020
00000000
3fb5dd26
bad98546
40108118
7698de83
4ae58649
217f8bf2
044dd609
8fa86964
e7c8a688
03a57147
58e063c7
49cd4757
a3458a0b
45bab105
ef0a61ec
61eb8b62
963f1d51
01e3154f
6613f56d
476e409d
2bc072e6
57421d71
5517cd5c
7e27642b
47779596
998665fb
10fb090c
c7a1768f
a5d93d65
3ed3c87b
0a93151f
1c100942
7cfdb3a3
075771bb
1aea5408
47c3f1bf
10babfc7
345a21f9
1c150a0d
4a2ed5a7
a6a72247
8b2ab15d
985c02b0
faf69b34
56fcf354
63a201a5
484fc68b
3ae6d480
263f1968
d7b6e4c7
21437b80
7083bce9
ad7b7b44
c4cbd401
f35afd43
280e9e87
be4e3321
df792852
47d935f3
dd6ce022
44746da1
e6820b7e
2e8c2a5f
f0f407f2
187a218d
4cc2f9a8
8f11e0bd
111fe497
88375c78
6883633b
6ea7d2ee
c8507860
b0b05466
105fedf2
12fe72b1
eeb5b786
b5e5ff00
c327ca8e
63e3aeed
d7635bf0
8b500d1d
400e166c
ddca8c16
92abe96d
db408292
fd5bad89
5b96657d
08d285cf
b9b6097c
f2b30be4
ad92917c
adc52c60
ea41aeb3
bb22ff07
7a515881
8a897788
71480125
e3777dfc
73461a47
99022b06
4e1746a2
bb1766dd
6c876e30
5acada43
ff2b714b
9df632f0
a48eb01d
c0f595f0
91b3e77a
c2ded5c1
67fbd0f9
7692975b
22bcadaa
15860047
bb8b2c68
4b9bce44
f9848e8b
f1d7297d
e4d1d4f0
201514b4
9ebc0e06
42d578c5
31dc6774
d89931cb
7523e357
0fbee5e2
4fd49ec5
4e76dcc7
b897276b
ed86bca9
dd558a93
346fc6a0
4934727c
8decfe60
e0ead7b4
2d8910a9
73341479
e6f76e07
d6746162
336b3d3f
8a50d710
e493293a
a772aa82
debbb928
9391dd24
d3992aed
6b260945
afdce008
4b4941fa
668818fa
c80b91eb
d94618fe
58ed9b13
cd249727
e3f5939a
aeee85ba
f139cdc2
43bad225
39625a76
881a5aa6
c4f8b8d9
1ee951ee
f5eca74c
70adbd39
a9b3d5e8
88d65bd7
e8458aa8
bdfb002b
392b5bdd
679d4f3f
35d57eab
7aebb98b
f170ea10
7f85a9dd
7e19735d
c22e65ca
28563d97
d6f86d23
76907178
3e09d9b1
2f22835f
a35ad015
1dfbd650
760c7ae4
3e958781
ec2aba24
90505262
d0098c49
0ecb782e
8f4b7388
3528e0cf
f72308ea
6c5111dd
bde7a9a9
128bc07a
1cfeee29
8981fd6c
4ebf845d
504f6bee
40daa0fd
8aed02ae
f92dc797
07a89657
cc51bf8b
8a84ecc9
f27fc555
465594be
cf5fdc68
9d974cfe
66cae791
ae4d31cf
4addc99a
30768bed
d0daf733
d6696a7b
3c01259f
ce6ef3e6
c142c66e
fa303cb7
b7dfc093
1d788b09
f97c30d2
266b07a9
e7b7421a
f78fdf79
ea89a32d
540a9b27
4f1b4a1e
27bad23c
f9f57582
07267d8b
f4688115
543c9efe
373c07f2
5ad54aec
1f6e50cc
f52f5161
9a51205c
a4b1af47
14111029
f3cc2edd
111a490a
96db617c
2efdc4be
498682bc
7cb08bd5
ff1fe2b9
e12b4044
a03c5a32
2212763b
29d629c3
8d968581
9be56002
38b808c7
8c5323ef
1c5c8c1f
5f0d645c
711a5870
1b5491cb
f85d0219
f1d4d9b2
80b9e378
352a0daf
e477e2aa
d2b89ce0
2c9008d5
ab6913b4
ecde4e73
72e6f15c
28321753
7308830e
a6ce9d7b
27e0324a
b4e79c01
3d2267d0
bef677a7
f0a41c8d
7738a424
aab8e6c5
b4220a08
00000057
00000003
0000002a
00000002
00000020
00000002
000004a0
00000020
00000000
00000440
00000020
00000000
90e189ad
9985b43f
c0e58500
6186ec42
a06d0eef
347d45e4
b59d759d
fccf6af9
47209d49
5b0a7415
f32c81f8
b941bdff
2f091803
1d80d4d6
dec664c9
610cc440
cbedf8ac
38a8941e
cbf48eed
5b7630f0
fe5d1e14
072f02a4
ce823e49
1c39886a
f5ad5b1f
9ab2e4ab
5e0f458d
dfdeaf4c
3b3cc065
f4c9fb79
cd2507db
f827d79b
b96975d6
c673f425
9b151aa8
a0a66560
26b3d596
07aa3abc
3d894622
0ccbd546
4c98de2d
e1719055
301394ab
1f367486
97543512
0ebe2b3e
1f0e2d24
36d25408
b477b06e
fe162dd0
660f49f9
0d741444
638bab5c
511748a2
779345b5
4d4a1210
204f58e9
9b353b28
242d71fe
23af72f0
af465693
d286245e
18c03cb7
3eabec7a
0258f35b
0ca379e2
11b896f7
fbbf5fe6
764a6db0
ccef2d59
05f2a80b
fdf97143
3430e6f8
24604dd3
d430b859
e6600e31
640013af
3c105871
b27b9433
9eda5c0c
c4de689c
f60e0b64
aa7f95f2
4b1054d0
6148874d
9db62df1
9b5f2761
99a223e2
17251c81
2f625ccf
d0d27b7b
9c95e033
f433c945
99d1eb91
4104ee6b
0cac29ae
55597d9a
6c48a2c0
d3a14199
dd0b57c4
ec01e9b6
72f83914
e53eca68
fe7ce683
ec65ee13
7f98f7ef
b51b779a
3ea7023f
67a9fd45
dca8c32b
9ee898de
d9e9bc44
676f46b5
2e9bc218
6291751b
19438bf5
d8621bb3
3110f451
ec03959e
b5c9d221
a076bc7f
23a299ef
989f6122
66323335
414b68ce
3082ac85
5eaaa224
c3ff0f4e
90bff846
83b2ba25
18465f67
e28dbfba
5734c5e0
86716f64
217a5347
f6c09fd7
7d8d268b
23a3b268
0426ec1d
f5fc19ae
90dbe339
5602fd44
559b9868
c3dfa938
53fcdacf
5de88efb
27a7b371
e0cc2ce7
d955e3c3
edc17335
42aceb82
945189cc
add26897
d5b3d484
6318fd28
c9996e30
2d2fac2e
ddfff303
0a790c45
e876d391
a2033c39
cdc7fa4a
7280769f
ece7c03a
e10752f8
103fc837
722ba293
71b386e2
efa8e286
7103d69f
67329c61
6e26f2cc
c9f94e7a
af5eda2e
1a9f98d3
fb6aadbc
05ceec32
e9303d66
ab3346bb
84d682c6
99e0f866
9d45e068
b47c04b7
dcefeac6
3286be58
4c8abe32
189421d0
e7b0a5ff
dd03e5ee
8fa25d83
5e5d23d0
6caf7b6e
54e79dcb
357a76fe
89d4802a
412dd775
95491522
9b55e57a
0ee9262e
7144ad69
6cfdebbc
1dbd2cd6
77989012
5f3c71c7
6f7e8264
d12ad141
92d81ea2
8b362063
270075f2
958b615a
cb9c24c0
6f0d2a18
d06a9588
64f29d17
63db864f
bebe511d
59313a81
7cfd0bc1
a7f5d350
36e4815b
25052df1
9595595d
86cd8380
a26521da
ddde1df2
2abed872
9d51e459
e6dd689e
663b5e1f
3c40053a
5374f29a
9c1b0a89
61d76b7c
abbb67cd
bfbb8e5f
b6862b4f
69b381f9
1ce3f274
a4f3bf3f
346065bf
7c6b9b5d
6f0c3541
798e7b13
1ca117f7
ef9a4dae
58ffed3a
10bda056
1a9a7304
997115b9
7e229562
21856436
16c1fd99
d7bde4e9
ca640303
84b6bc12
f1f1a002
ca4d4079
f889b9da
679f3ca7
ec8be757
7ff2fe3a
3d799ba6
582041c7
5c757ae3
741d3566
a029d19b
37dfb217
21bbb943
5732231b
ee1f4219
4f5893e4
33e72cee
bf23a69a
f5efb971
6dc2ffcc
0aa95e88
2b1e15f1
bd5fc61c
b1223101
d3b880b1
00000058
00000003
0000002a
00000002
00000021
00000002
000004a0
00000020
00000000
00000440
00000020
00000000
e5116e54
405bb0e1
029df1ef
137a78f3
ab91f183
9ec656db
d35220e9
ca73f415
b891e7f7
79362a1a
9caf3de5
94c776ee
532ce9ce
d29b6ca3
1b2efcb7
c7a45512
59c6470b
5d3eb511
6c275a54
48ce3ca2
0bc02024
0cdbaf5b
d37b83f2
a1f24323
1f94db98
59a5e0d0
8cddc047
ff7ee59f
0033960c
2cc2e153
c2cbeb70
04129809
88514cbf
9c743047
bad93b9e
76b595d9
043553cb
405cfc87
6a216c59
02e3ea48
42de1bf2
11f74239
e46632cc
cc85362a
da12d2f5
a8e33525
a2629bdb
2783b2f4
d1d99952
46a1ddef
1fb4cdff
606eb972
6bba9625
887bd833
4806494f
ddc82376
5c3add6c
5c4dcce4
d49c4463
0ecacb21
9db6d960
a2f2334e
2cd6109e
443a962d
c9e24f22
d19d9972
ce8a3448
2d8909c9
1c53cfec
715565ca
4787915e
6341ab48
9b4d0d57
e8ab2c3b
1014618a
09e4dad3
32da8f41
e89e3f96
dba5d695
6931fd2d
f7586697
d9c61dc3
cbcd0091
240abc34
7bfb7064
b60873a3
a76edfce
691fe3b7
3582e66f
9d1c0bdb
5d7c4e72
6035a6f7
f818a10c
8920f64d
8523a3c7
3f863bc2
bc85a90d
202c7148
d7f37a4d
cf1f7fa0
877e11a2
6ba50c1e
c8f598dc
e3e5983d
7f5e0336
1053081f
9708b63e
ae952f7b
42dcc695
d3fe665d
7d85024d
9e7f7102
9081964a
21907ebe
83ad452f
2aa833ae
b3219f40
b0afdaf9
ce447bbd
d3fcef31
284fd7b4
e1240f72
9bdfddf6
26607531
663179d9
7b6256ff
3dbfff65
68694c98
26f383a7
7c61e3b4
426b967c
c6dff9f6
3798f1ac
fa09012d
296e334a
78305d92
9d1670e9
cedef22c
01d5a36c
8d7e2baf
cf80ad00
3460a9ab
7db46bc3
7ee6163f
159a78ef
bffbb748
91676f71
1ba3a15f
893997d6
c1cf9060
2d8a22e3
b0ad5e71
feb0cff2
612f3feb
c9fd60f0
5e7f519f
cacfc99d
5c374e46
d25b208c
c85720cf
11df99cc
4fac9b81
537cf6ba
4d09be5b
a39677f2
1ea86939
c5fb2a35
fa19bdd0
f8edc3be
0063a2b1
07fce599
307c5fe0
5a0a5885
b0c907ed
8f3ca8c2
37d8fa6a
52793872
ef8a6e11
c0487a5b
9661d515
fdd8425d
6bcda71b
fa10a59b
9ceee39a
91c777db
87d09de4
b6cb556c
e8d3c502
9d494016
4724b3a6
50d466b0
d4baac1c
f8072d6d
84d95cd9
e15a78a6
209aa8a3
1a7674d7
8076e158
6fbbc472
a77894b9
63486aa2
3ac77760
9394c521
f9d8d59e
39b76772
360a737c
6b0252ba
334a6a43
d1920f52
bb0cad70
dbe25ce9
4f98ffcb
9f351b23
85b8b008
9331cf93
9909fdef
39d39efe
37d9dd0f
f4b64121
45053be4
96629942
84b482f9
4a115a89
cd1dac62
443ce7e2
adeaf276
7c83d11c
cb03c5de
4e7c1af9
5d72ad42
46eccda0
c3bb9e59
0608e921
c443d367
a24f11cc
8de234f0
9520521a
8e09fa87
3dc8b57d
dbb86e73
79180d78
8f434bbb
1d542e82
0037174e
0258023a
22428ef1
d3f7a1e5
7edc41eb
13a8bb27
0f6861ed
c48ee648
ca979d1f
0dcb0fdc
26aea40f
4e643730
0f997fe7
b368876a
dcac8cf4
75337448
0358691e
b6f0b06a
8be7dc33
7b408f2e
a6027446
a8158d26
0da00a99
f797bf0a
cb08d9cf
e66174d1
16c149d0
e92f1947
90ce0290
fd83b10b
c121681e
c580da57
6d3cce5e
2371f391
ffba21a2
83b7007a
f3eb4aa4
00000059
00000003
0000002a
00000002
00000022
00000002
000004a0
00000020
00000000
00000440
00000020
00000000
1108f6af
84b81c9f
00f55c1e
e133a9bf
d66bcb4b
da838684
df4f14b6
93aa1824
b6728563
dddc8cb6
7b841225
3335760d
c32d9d60
ea89b691
a6a72844
667f2486
7c00e19d
bff9376f
a420dd3d
a1327f84
ba750fe4
ab3c99b9
fb27cdd7
4c3ed293
48d902c4
339035b5
1a0b7496
38612a67
dc0587f1
3691805f
7f0640e6
62465036
0baa9b3e
d28efd25
cb5b2623
7f4da7f8
c14efc66
9d285641
b9ba1edf
646be564
4918b3c4
793a3862
ed2726a6
3a7b349d
6a6db3a4
f23e7dda
edf90764
e55f18d0
3d50f29a
5d09eae8
ac420d37
9187f6b6
a87d1999
c54cd7e0
c2f0b4e2
44ea83a0
48505d52
f721cbf8
f53f8919
3310f6bf
01080c55
12bf9fc3
c0ce22b8
c213a2bd
98d288e8
759a7547
b712f02f
78798c76
8c65b266
2d367754
1063a0f4
cb92200f
2edbbaa4
631d04c4
9353fc02
f9113a87
678c1921
0534e161
49afcd83
301951c1
d9492f78
4c6a83e1
1700b57b
4e0f5ae7
fbfb009b
00f8a60e
d2a74242
c555bcd7
e4333792
b144d30b
1415a3f3
05d3a678
d82ffe8b
d0518fc0
00be16a3
e9bcc02d
d582f588
2ff781f6
0409e819
cdb65d82
4f56c000
67a4e614
86a4b003
0a7710a8
5cff5a1e
11dbfa7d
7fd6e3ce
7cca3666
18039556
6be8fbdd
b9560723
7d44752a
a6460992
23659fa5
dcc706e9
dfccb6c4
fce797f5
55f2be2e
fc62b8e4
404f1379
4021b243
cfb9da89
5e28daf9
3de0b4d7
223a775c
28ac037e
8b09d7d3
39452982
67a4dacc
3d79e703
81976096
43703b71
7aed6d51
d8e1e126
cb111434
6ecf8bcf
67fd2cb9
61046040
82c2297e
7701eef9
fac9f2b4
57374983
37d07a67
94d3bd77
156fa3a1
3a0a2f27
3c3d1e6d
b49bdc1e
ded25398
72187c07
89e80773
672b3d84
5b3b5fc7
65e73d25
48d76662
c817adad
0252f912
b911b6a4
cf204eb2
811d33dc
cf2ace25
a7a4fbc2
35f87b85
6f066878
36d04235
8abdf614
53aad508
56eaefca
212351a0
339073a7
9fdd2c66
763b206c
4f8dbb8b
c9d63919
50ee6d40
5afc1cd3
8daf9478
635f3343
75cc7a73
ada925eb
2ed46299
cad4e7ca
a5a143f2
6de2201b
2fe86921
32ddaa28
781f3d79
6f648836
af5abedb
4194bedc
85caffbf
cabe3ea6
23dddf36
77193f6e
a9288012
f4a6e921
a2deb5e0
19eb315b
34c7c7fc
6ffadba3
1ba6f86e
a80f7f77
a47cbbc5
ea1207f6
282587c1
dbbc6a1a
e60f7091
ca26ddbf
20b16417
a9e9d5ae
ed907c85
ad486d69
2b886049
14ef469c
d63c7d34
c47e0b9a
b5a990b7
cbe31000
132a441f
18cb902f
bdf26639
d4331cc3
05e70ad6
56210b19
0d9ba1d8
00c1b774
9741bb05
89300cab
fc5cc19d
d87bc526
4dd1defa
944f1d27
b3afb588
2b84367f
cbf22a69
bb54458d
1bb3bef0
01d3c49b
0c26b99b
214e1b36
af69079d
2849887e
ffe505a0
4821b21e
f277f28d
780615d3
204940b6
35eb9e86
a59af86f
a192146b
aafbef8d
076295a9
71cb39ab
00d62ec3
5fa5438c
41bcf126
0c8c2315
ce83236c
cd0ae4ba
cbb55cd8
332d236e
6d646828
9090e6f6
48b1c8b1
7699507d
22922914
01e6377d
6908ca5d
75aef802
fa822757
a285350b
a2f99b89
b938be77
b42b3c2c
49594942
00759270
f402006d
82333253
cd95942d
327d515c
0000005a
00000003
0000002a
00000002
00000023
00000002
000004a0
00000020
00000000
00000440
00000020
00000000
a42c550b
ce457a7a
ba441e24
1cd1f814
649397ed
6d840d2e
271a9e90
41f18767
daea15b1
d30ce68f
d2ab4e86
d19b9d4c
cf851b32
88c3c91b
185420db
724a694a
d3fde592
59f1434a
b58b9e83
5b35562b
877870c2
94cfdd50
da4f6f1a
2e9263a5
447008c2
4302943d
8718227c
d62c7eb0
721dcb99
042ff484
961a8ffb
87122496
b14b970e
d6f0e8bf
1acb15db
c1d50c5c
cefd49fb
5ed013c5
ac55770c
d68c1a97
f41eda47
e0222989
72e2a514
9756d0d4
52ff4a1e
95c0d645
e232a6e4
b5513ed5
5cd77f7f
b1c1598f
b68c7d66
7702f3c9
59a96457
08a496d7
61f5286b
56d69ee4
d34e6faf
703cfd93
daf32cf4
4e09bfef
601ce0d0
5f10f7ef
8c832fff
3494d30b
d0619604
2cb7b825
378dec83
b3ae7410
2991bddd
15955e78
fc6b61f4
7b1b86d4
b8a52a03
436a3222
b6753ce1
98a32b9a
874269c8
f3beabd2
553b323c
fc23d43a
0ee7a5eb
0e186685
b5d90aa0
df2babde
abbf5691
fed403a7
f5a6131e
79aeff79
b874dd9d
860c2d7c
3b80cccb
70f43e6c
ca80b8e1
0b8b0420
c4a3eb7e
de25e7d8
8e81244f
434f6d50
a0293b6a
c3dc8272
9f3b67cd
d8e84a0c
89f87ff3
4db9babd
dae90990
bf9eff19
2fba09d1
60ebe743
8d07b5c2
0770149e
e1a9e5fb
d8523047
45995a04
c4e9f94a
ee3bcc02
49805c6e
7cb358b3
203a3d77
e2cfbe66
ac61dd16
e90afb2f
8cd22d13
3371d709
08c3cf4e
5c8e13fb
65cc1827
70f579fd
62006e64
89d722a9
2096c264
561a4621
f0b8f4b9
43e736ba
cfdecb6f
6c88b6ac
5643bea8
d267a0a4
3339d953
74c41f49
21e69ccc
5137669d
1abdd856
dd08e4cb
76e42eea
b51ceb2a
eee3c677
0f05a317
5fd4d56f
18feb277
4844711c
bd62644a
301b2438
66ccdc4b
108010cd
d1910122
2e3ea577
4bafa6e1
bd4e4a51
438f275e
2ca63278
c882cd34
c3da7ec9
22b0b43c
3a7a2136
2cbf860a
7203a81d
3ddc2ee2
3c4c7335
40cd80ac
c5d7aedc
1aa16aee
894757cc
14536d18
7ddcc8e2
fdb3021d
01f9a836
706925d3
d956de26
e74cad14
d228335b
b52c6f86
b9d2d4c3
508b119b
65ee2c9d
e7bbd82c
c25591ff
4e6bffe6
c0737c70
77932780
c3a44281
2acd8ff6
bd4b7253
cf120b41
c14f7abe
9d02ec1b
daf2a7b2
60b2a122
305f5927
e7be0071
a13766ae
7a57b8d7
709db887
777c6e6f
9089066b
bd72922e
d5afb3a8
cdb5f6ed
08981256
0c6e6be9
ee57a1e5
19f277b4
96b67125
d24ff5fb
b02fbe67
11e373bb
d554d970
73607a22
ee5129a3
ea295b15
5e6f22e4
9839f600
b900b6d2
eee94cf9
a0b89a85
7822d788
4658b1cf
0bb2d929
7828c810
b2614224
af146c47
fb71f8df
47d5c459
0af06aaf
f29ceba0
181d3fb2
f02c34ab
89d0359b
53a6e7d3
2c602fcd
1eb74265
fe648f77
ded550c4
83ad5692
6e6f6790
ab90bf37
8a65c12e
67c92dd4
fc195437
c39f3964
818b2b43
d8191dfc
69c327d3
cb4f7bcf
a826e083
77700710
a42bb3c0
4efed148
95c5a96c
846c3245
d1e99b68
6a9e887e
db6d888f
9372ad1a
2c4d49d3
ef310950
b016f510
26f31d4e
8ba7779f
8d23e950
368460d3
61458960
d70ca7b9
2f41ddc2
eb9a351d
e5a6649d
1081fb4b
25495233
f956ff36
2a927786
c62b57be
0000005b
00000003
0000002a
00000002
00000024
00000002
000004a0
00000020
00000000
00000440
00000020
00000000
40bcc208
bf09b525
fe6e9cee
aba577f5
e34be7ad
1ae0d1aa
e769b573
8997b27a
ce129bfb
1ce20fd5
99226a68
02de4c91
a621e1b0
d9cbb5c8
2b5efd6b
e102e7fb
b05c5bb9
fe52133a
0fe04663
2495e7d3
892b0f4b
6a103f45
1884254e
042fdc21
e854f3b8
4cdc75bc
4287c7fb
1bccd68b
d0614ba7
57408e59
807b5163
11ceb6c3
d69ba4d8
df09963a
ce5cd6bf
af1615e7
76ad6b27
04e5db24
10fdb573
e030f9de
d1516e4f
df19b044
28f388aa
780165bc
68c87afc
fe51036b
a6db03d0
a1cd887c
7efb6730
242bd574
f962612a
5ad886cb
53091591
02bf04e2
a08f548c
8b0523cf
6aa5f3d3
29775631
51331745
702ba7e5
fdda1424
8e1e0ad3
db486309
c81c43bf
7690d17b
5ad0c397
ef699cfe
ebfa891f
edf82070
b833393d
357c2fed
7bdff30c
c79856ac
3b00c575
1d298d8a
1c8c1301
08ec8df2
61a34f37
45e9fd68
5c1aed7d
b5bfc32f
97fab876
80e4e4c4
69df4e0a
52d92b64
6656e95c
c75f4099
c3b6139d
78a1eeb9
d37d1557
f8d9d629
99dd0257
4aafd20d
4fbec4ef
f23fce56
aaf85a7f
efbabb8d
f71f90d7
044dc9e3
0455695b
8326899c
b9d3e851
892c832b
2d5c8dcf
bb3426ea
31b08aca
0d9c3cf8
fe8fedf7
5db48876
3f44ad7a
ea575468
7f606044
f8af28b0
db52ad18
12766e1b
280d6240
597a6057
563469ca
33823215
038641d1
81ab5cb1
94692408
214f57ff
332e3da6
e688f16b
d0f3156f
e90031a1
0772ebbb
7eb4b77a
2b3151ba
46b14c9b
b3e8d046
e088ab86
7f80f621
e1b5e72b
f2c27ebb
fe0699a0
3677cd0e
e752ba86
dd306819
ecaff7d6
100b50fb
92cb1abe
cbf3c5f8
1c1b1727
ad293b5a
d68e1cda
c94c6f97
cc3d2948
280bd6b4
e01c802d
29dce3a9
7cd78fd0
8f621988
6615da2c
f76ac7d9
e326470c
bef52c7a
383e262f
398b48c2
6b3d2ed4
ae1f4574
c589cf67
c6dd8bcd
0d6989b0
d6600c3d
308ce569
cb1a1170
ebd9822f
c3512c0d
8c7877bf
04f5173e
93c48c1c
96a7c418
a3ad7937
7b684096
36e2fe71
cab018b4
7e420de1
1a3b90da
5f1ba628
92024fd8
f8e73ec3
11bdf30c
698e7769
bcc05db9
7216edfa
862a0432
3b6306f5
2b289ffc
05006415
446984f7
6c3d3f68
64476e92
b916aece
5021d63a
82752a83
dbce5a5d
c52ab6b7
d9e1fa45
762fcac3
d7dd182f
ca96d3d8
4990206e
c4d6b672
984568ae
02e1780a
0107dc07
4d2246db
8ecad473
91d9109c
834a2936
05db0725
a09fab75
8756d90f
83ef36ae
57c972b6
a7b1ea6b
5b422ccf
1ad61762
ce165328
cfd3ac0e
6fa216b1
c8f2a738
287227fb
ec7b1f86
fb750e60
c2e559c1
4f83d18f
101dfdbe
4c47e58c
38b82b6b
6f9caced
8a808871
7d41a601
bcddd6db
0329086a
bde49955
4c9c816c
4f4fa212
48fb8264
b015a706
883489b3
a91f03ae
ee052021
b866ef53
2b931eb9
361f24c7
7ac3706d
8b1db66e
c1b0f4a0
a236e057
94d6f029
c403e997
23ecde2a
4862c04a
405d64f7
302d9c59
21a4c026
dd5635dc
921d0fc3
9d8d5704
bbe21f8d
5a533cad
a4b2d26a
62c48cb1
0bf0b3e0
eb3e2034
dff8751e
61a10370
750f3fdc
fc335c76
f81ae8f9
be00b0d3
de9538ba
e5f9458b
bb789005
69752b1b
0d93b676
7fc65e27
0000005c
00000003
0000002a
00000002
00000025
00000002
000004a0
00000020
00000000
00000440
00000020
00000000
09729055
0ec674bb
46985326
4e3b6534
cece2273
2e3a9f14
f7472126
cc6406fb
661846c6
85063bb0
928ccd39
2153873f
44d83fc5
4c2c9a41
916f7d8c
9b779030
b0b63bc5
396a7f0c
dfcc3015
5d3e2169
3ebe4d21
6ee8968d
147b41f8
73e6ab9d
cb2bedf9
ca5e30a4
ec3cdead
1eaf5668
74fc44fe
e8f1cd19
49e75f98
02944a5b
42482edd
df8e055d
bfda8aa5
b0bd7289
095382f7
55bbe789
611eda4e
1e97b4cb
2d556382
3dea9b54
3772f0ec
eeb9fec0
fabeff18
ea07635b
6958b3f5
bb806e07
3c5a0263
5d61d109
941d8dfc
1b6f38b7
2915eba9
355faf1d
87fc2ae9
4ac45846
dee69c6f
f52b642e
384cd115
45a05906
4c9de7dc
22839f4d
6424d2a1
55ff5501
10f62579
c6007577
55a394b5
81667b2c
2e2e19b9
a00663b2
13db68be
5ffb43f9
41132374
0b75fdf5
d075f16f
8cab9e28
71e01577
616f1e69
a28a5015
2400eef1
24b1562b
2f1a16e2
816547b3
fe408be3
0379e2f6
9a8e0c28
f3ce68ae
86d723be
1bc18f4c
879959d7
dbf5602d
1842d42e
0db2f00f
5ba80cb6
ea28f234
e20f2844
6d6d71ae
58dc6dba
e5e77590
efba814d
674481ad
de17342f
c3996c6c
31c0fb78
dd1197be
7ec64b7a
923e205d
2608a18f
68b74efa
a694421f
c1d9feba
7270bf08
2fe295bf
93126dd1
a71d0500
20c4ae62
849790a6
e5ed230d
ac69c9e7
0bf5821a
b5b06192
3c733511
7e679e34
0d53af40
0c8d376f
6d402900
7e993520
08bea685
0fb6c891
1111a661
92c16e71
29a14355
5a2aa38d
49dc5cfb
ae69bb9e
57979de0
a05c8495
1842805b
093f59c8
1d93a93f
44216cb8
a04d7692
08e9d336
3eac2de1
5005c183
5839b33c
b217921f
77a613ca
adf71941
c9ebb7c0
6721f2dc
6244261e
ae73acef
0282a191
f413f73b
c67290fe
fe8b5160
331e1b28
f35a81b8
0bfad897
46adcc80
1b9fa302
9c8b8554
33a4f171
3a8aa5e1
984079fb
87f7913f
42794d81
09f6e5fc
978ba11c
ff66cc20
8e1f6c82
13fafc8e
ff92ff04
cae4dc8b
e5ad40e7
eecdd5a4
4afbeded
81a44bf8
7eb79960
5ba62eb6
ce4c344e
940317a9
478e4b83
f2ad1dc4
0d094338
57271372
0b6f9392
e6bb4c8d
70db81c1
a3b9afc6
b6bb5191
4a70e501
5f9437a2
abce13e8
1bb8ba23
0eb9fb67
3de2c75c
dbe34afa
3e27f44e
5156b4f4
9b15ce5a
c30756bb
9b2dd1a7
2c534574
1833aa36
6be6959d
053e3551
816c101c
0e1c2adf
7aea4b9e
5600e4da
6858ec13
d0ddefeb
91c8814e
909bc8ae
363a4711
50f0f1b3
f8538947
9c3a1989
a55b685d
25ffcf04
679164a6
20fbfdf2
c02686df
f6b9c3ca
8b65d7bd
e38f2080
bdac2329
723b9a7b
4eb9bb4b
9ae73b72
93d245f9
cc397621
b8f0cc7c
48009f55
029f4f64
a7926226
542a407c
45354916
e5129d41
8d557ce9
5f2fa05a
03769752
f8948bdd
c906db87
a386a7e7
f36273b9
97009c5d
d0ab1363
3ed3a8f1
106b8574
bffda73e
c00bc4f4
48594412
e193be6b
bd7758d7
efd1391c
0ff96fe0
6b5f8ca2
b4fc076f
b679b554
a0af82ad
ac98244f
e8fc65ec
e041a0c0
a3115b21
b566d011
0eb4efa1
39459890
eac5779f
5af6f7ad
5d6dd296
1d6f03de
3abda238
0200cd20
3c542604
ba557e5a
a29dc774
cc73501f
0000005d
00000003
0000002a
00000002
00000026
00000002
000004a0
00000020
00000000
00000440
00000020
00000000
ff2221d8
bfffb194
372f21e6
5a546a61
87f98670
929de0a8
a542bb92
809107e0
6e003b3d
7da8071d
0064b139
f870fb23
957d82bb
98b1a04d
48b26276
4b3318f6
d0eb2f4e
59e17834
2718eb75
711c0211
02d6b21f
62d82858
09247e8e
adfffe27
7441a023
c4c23b44
b385198f
2cbb879f
2bd32f0c
2f273166
0b5ba358
b7dbe76b
e9b09e6b
a75b7a8b
8a22a254
4d8777c6
8cf13b12
d010520d
7931fc76
59600949
953e0b6b
12e648fd
f77f6799
d43c456c
bb34566e
752069c5
925789c7
dc5dc86f
33adbb59
0bf2eb29
b61e39e0
2b8ae109
54cb746b
5cbea428
304672e8
d7978193
efcabf82
4608057e
bcc30aeb
cc11e19a
bf6194c9
9fd4c955
b46b72ca
3bf4ce50
89c2bf86
f60fa812
2a285e88
607eedad
771eabd2
62f1c9da
11a8a3df
deb00725
cc768097
e98e98fc
557d9164
2a367531
97008472
c6d4d081
8815d920
9631d3d0
2db7639a
554b6ad1
a8d86552
04b32232
fe078996
5ed98fbb
dbcaef18
786e5b63
2b29529f
6d7b27b2
8274976e
f7f44cab
7d0ffba6
342f588b
5fca2af2
d7f66fc6
01951e7d
d0cbe656
ed344c65
d9da242e
e15ae623
62041ec8
89f8ed41
a2fb738b
e361313a
dad07570
14cb2528
682d3bdb
ae4e80e7
f6b76649
82a730bd
37bed840
41cc063c
5c30755d
917be118
86ba2841
84e2e8a5
1f0c4245
11997e91
a1773df2
17067db5
027ee891
c449f1dd
b21ad6a2
0e2fac31
bb28667b
750017d7
eba18835
1831c452
4eebad62
68510e1d
4dc745d1
0df27a49
d452172d
157c5401
f261c843
d8f2b3ea
7f77f7ca
a0f3796e
d228aa09
936d9a7c
f039ffc1
16ba67ca
48ebee88
9a1f4379
34f0081b
60b6cf7c
9feadc1d
09440078
4c8be215
fda3c412
a92228fa
f52febe3
426551aa
69037d28
4b764374
4ce81713
e592a4c4
469ec3e4
19ad8d14
1a1cf00a
be69af33
6b7ab44c
1fcfc21e
533c114a
c9a30174
a9c74367
230eaef9
1048a3d3
751ff2c3
2400b0ae
539205b8
05ee35ac
2b48032e
5357b337
616cec54
a5aab355
c6463f32
78ae99c2
c11cc278
e76ab074
64c9048c
d571a63c
58102915
f1802676
b1036463
e4984ef0
18a12fb4
082325b9
88d96fb8
e0536d37
f541a43c
13351d93
28e58d06
7f60dcf8
1953cafc
8c4e78aa
404ec1df
f80eb257
be0bca9e
6f07c31d
7d35fcd2
00d26f97
81681bdc
d3cd4fa0
9e36ad01
f6756a14
5c2e3ed1
662b0cfc
fc4c503b
d35f5634
3e8f6c61
3e3c6ded
eb83273b
dcf4143d
9f7aaa16
163a88e0
749fbe6e
c6e0ec20
ec5d2e5e
ebfb2e8f
a5c40557
f6b8378c
5026ea65
81ba455c
29336dd7
85c86da4
dc710fe7
7d17834c
f8ca259e
271556eb
ce8fc4d1
1e3465dc
3869a44b
dff1c1aa
927d0820
e2d1214c
ba67cb85
731f6124
9f472ddd
e2368f74
8cb4a4ba
0889ec14
796d069a
ae4b90e0
2bd78307
83ad093c
df008829
f97299e7
c73311b5
06e69899
309e660c
3e78def1
bcb2d0b6
2000e545
59afc819
5b7e1412
d1c71d68
230dee0d
15eec055
f311c558
3cb54561
befe464d
4eeee39c
c5a430bc
f60c0abe
ec5aa3c7
9bf65474
da4c7de0
13f891b1
57b05084
8d584ed2
fe838087
05797726
c38331ab
57a3183d
21a95c2b
79ddc95d
e87abdea
3bd59ae3
0000005e
00000003
0000002a
00000002
00000027
00000002
000004a0
00000020
00000000
00000440
00000020
00000000
198e842b
7c0d42c0
66dca269
6f801877
35a94d38
eb0d7efb
2c95deee
308bea96
2c32cbed
a04adfb6
7f36f636
46548796
5668e583
0eb4d1ea
f1ed331c
89793d1f
5bb323e1
cede5d80
06ef9adb
7d0db03a
f97cf26b
c35e535f
395b5e33
7b9e5e0b
aca85972
c44f50f5
276a54c5
83824042
e39fcf57
2b1992cf
5ef66ea3
05aaff5a
c6117945
e24f7d60
e36b1be1
b91b0744
3bdb4f3d
12100abf
3cad67ae
751126de
1b883360
46fb8853
e1ec81dc
371589d7
4401d545
2e6c651d
a340226e
c70e2395
5ad1f7a1
f5483edd
1d0c9618
7f9d9afc
00496395
003aacb4
564ddeac
08496f62
c1dd1753
924d09c8
2dd57162
48fccd65
614c261f
eb78ebcd
9e6005f6
49c1998d
b8762911
1fc977c8
4ff355eb
4429496d
f7657637
9d24b633
eb51ff0b
cf047756
6d916574
926cc39f
3903ed97
904b53dd
29e03b25
0769b255
9bdbc872
543258fd
e6fef2fc
c48095b0
25ccdbbe
44db8274
fd10a38d
6a6d3dbc
4cedd971
f3738302
409d925d
a6130a75
bd980929
beef705e
475c03f7
63dbb15c
b0ffe6c9
451f552a
54c145db
0c51d7b7
77f5c941
7bbfb4af
59cb59de
1eb2deb5
6b03baa5
8792d519
070aa4e9
ba5ddf64
e9cfaf7e
ceae5a3c
f792078a
b358b22e
950f69cb
3f1d2ed1
9e2abbfc
967d2743
753ca9ce
2065d6d9
6f8b5254
c057cac3
beb4e703
38617648
b05e38a3
719dce1e
7b8ffb42
4bb5be5e
14672c7b
70df0374
47f318ef
9b5bd240
83e98ad9
d3a006b2
02d1cb61
2e521968
2c0fe14e
94d3073c
17178f33
fab0b3a2
3ea6f857
d9127fb8
eea8333d
5452923f
0ebe8167
5ffb25ae
e5e9a7ef
3fff9bcd
41f6fcd6
6740afa4
84e4d7f9
42bc4235
1c3daffb
54b81385
0853f187
cdbf3ace
d5f6495c
016879de
6d36bccc
68fbda15
c83bc3c4
8c6b66ee
84a87c6c
dec39052
8e73194d
ba1fc4b2
b8b4c964
e9cc8f39
980da8a1
98eb3c0d
8b40decd
4d66a134
fc816a7d
8f1ba69b
d562ac0e
c91990b1
c81cc5ec
eb6d88b7
d6cabf3a
ddbe6503
be4e50d5
a86d2285
76ee8376
315ca2cf
7a5397c5
d2790e28
8f09b05c
5120afc8
d56be46b
fd5779e8
b78a1e74
86077c40
9ae7bbaa
540afcbf
4b528782
40799317
c81da99b
0a70b5a4
56e70982
7795a0e2
a0006623
eefab56e
7536c611
da4203e3
69422063
b6bfa259
167c9313
b0edef98
c2c04f3d
04de910d
6972b602
cd834e6c
3f3153d4
bcc9d315
263c4cb8
c7a24860
f1676e61
08158764
368dda1a
ba6a3c15
47609d75
d4c0ceba
fe22fd69
2fc3aabe
83bf8fdf
78ef7d93
864034f7
c1e399dd
6c7beba9
5e80e98a
ca01508c
89399673
6edd126e
59efd7e2
98d68aa8
06c19468
127c03e1
c4d4b4ee
2dd64e1c
8e57041f
4366f829
6dd7799a
33700928
feba962c
5e51b38e
80be0f1b
c0a6cab0
8bc179db
5a0a0b80
faa6f2cb
711c8e0e
023588b7
2b9c7a8c
309547c6
364636e1
3f68fc25
3dfbefa9
0f49f866
9621d399
5fe4e324
9d5dbe1c
d38a8562
ca98b008
1426ad5d
ef25ab38
8b2007b3
0ed46efb
4d900229
fb9e3f63
3d0d2557
1ff9818d
3aa77bf3
943f4402
b1305f93
352cc5da
22780033
4f576540
426145a6
29f2cbe9
a95aadf3
84cf852c
e2850ada
b1439694
57ac4258
0000005f
00000003
0000002a
00000002
00000028
00000002
000004a0
00000020
00000000
00000440
00000020
00000000
b7df7403
c446c7b9
2d6ac1da
c02360e9
16f50466
9601fdad
92c38324
4a9da609
3962339a
4f51d96d
68ee5d5d
430c525e
5421f03b
693a4d1c
28815bad
065b82b7
2fdd9f54
6ce36874
93be31d9
65ada2a9
b5926812
7290312b
92dacbf1
f41a4f66
eeaad2ff
6e9bcfa0
95f6df43
25e8fe51
a03d2303
104dc1be
953ba509
d8871b9c
4c3a2f1e
7b9a40e9
ffb78a50
dfc7f87d
4e672da4
3e50bd78
b92184cc
408c489d
643f0111
2c0acc40
dbd6522b
6a59b9d1
b8b35196
ec6221eb
08dd29b4
ad48e651
f6134c53
660154a1
4b64b7ee
d263422d
5910bba9
ebe19e64
ae02c35f
e6f956c1
3f195eb8
e0896914
808d2a08
c6c1da5a
a1d7e137
20d759ea
8a0b01f3
867985ea
02c568f5
e726401e
9c6630c8
50134894
01f7b964
0d01bc23
1f6f9987
80ca7f78
7ded431e
94396031
b2def8f8
f59b72c3
b333ed56
ad66259a
3a653742
0e6eeb0f
ea94c036
f8010dbc
dd07ea46
ffced591
4cbfb1fc
91d6f410
32dc4683
4f9ebda6
0cc356f6
efdf1833
927b42ca
6fbe5df1
adf3e5e0
015fad35
837b7c1d
7c76c22f
b934cae4
06454270
a3e58453
3a9f3c95
643ecf99
d1f76a39
291b9d69
b21c387c
89500088
133bef3b
8708ae08
d9a849f2
184e59a3
fa0f71ec
e9f34751
e6fa369a
5bdf19c2
9d3e73b3
32e2f5f2
f199ca10
52c40510
c7bf7cea
b028d128
f86e1ca2
f952d1e2
826a0f4f
5adbd708
a2e5bb9f
6c030b1b
3983f696
f003a584
40654e5c
ba7e36d6
131afc75
038ea45b
53f0c47f
2d9f0b91
d6fdf803
fc2a213e
73acf7d2
3a9d8d39
1e0c569a
b458921b
06e771a1
e603ad09
ad10650a
0e6585fd
b8ccf017
c0933071
5939651f
64f5b736
11bdc2d1
17557624
681db4b2
37cb4aef
bc5701a5
860b91c0
6d40b3d1
f2e2bb22
b06bb603
fcb03ea0
2c3cd3b8
38eebcd0
509892fe
b9f8f2be
34ab0b27
b5157426
554e03c0
600c0ca0
3cb706c4
08cf2443
41757be0
ee618268
dfea88d9
269bb491
c2a4c1e6
69284b9f
60446ace
f3ece041
75b60298
22c78036
5cc2f139
8c532680
2464c525
37adc667
382a0366
c487b305
685db16f
d9689f1a
80a37f18
2543fef3
1eeed3dc
d829101c
883efc40
e97406fa
0b9e3827
5055db59
b88095fd
1b6fec66
398e9739
89faaf3d
d574cdac
ab5e29f9
d646bd6f
47db4c36
a7be5816
0a29dd41
c993579e
ea17c30c
42cff494
616d09da
8de89236
900d32bb
f5a1b790
c811a757
8afcce30
b10ad6e9
2dcab057
b1d75485
32f9fd53
43840f85
23eab0ba
92e035f3
444c2af6
597e605b
cf195d1e
1083c4e8
1ad3f8dc
5b642276
ed77c83c
6edb0bfb
ce1ebe3b
e76dd52f
5f18c717
3f8ba6e9
79d2eda4
70f4a587
6ee0d7b4
61492902
fe1d5051
b39a4dbd
31f85b23
e802b73f
1ba0c771
9d2871ab
1ea0fb0e
9d68c921
c65841d7
f100b21a
7dc99630
10dba057
c67d4ae0
1005dd75
049e8ca7
6f4e33f2
4d743c6b
af8b79d8
bc9a2562
a1ceb3d0
b936a02f
3299e314
3ca6e586
dde8a1d3
fbd8b061
5416b414
ec8d24ec
52f7f5d6
1326350a
892023b9
5082574b
f78272b3
c2df91e8
3a393647
517dc0b1
73b0120a
bf02c799
ddad4f18
57f3dab9
9ca0aba0
9fa89144
aefb8721
f810e29f
cbfd3923
92d7e329
00000060
00000003
0000002a
00000002
00000029
00000002
000004a0
00000020
00000000
00000440
00000020
00000000
37be8a43
754d4600
80c50df9
b8d7c5ec
dfe93717
56019475
7e12d325
75f2e3e1
d8788707
ae76f013
4e05d680
e0cd172e
7376633b
4df8a34c
f3e35f7f
e067eb67
6349b3f3
6ad813a7
16612861
b6f3e3a6
2d9d4d50
45247b1f
6e432bee
de6536ba
7a6ab572
9a997a52
1ce476e3
2251daa4
588762d6
7b05e553
25c477a3
bfe5f0a4
891f6de8
aff1e22b
eb08619c
ff0e4530
acdb7cb4
534885fa
eba4a379
319f3c9b
9dc913cc
953f1791
b2104d35
c2273609
5f604c68
77745815
83c203eb
1f8e94c9
89ccc322
f8337f87
cea14115
0730dd53
ba311965
822e24a7
25360077
33b84013
55d7d77c
b00b4df7
f00d044a
ceab7229
ab8882e5
4039f6c3
8de76d4a
3dd196d6
460317e9
21ff0cd6
e48fbcad
b85db7b7
11bda2ec
2b98f03f
e6143a39
de589d25
19c1f6f9
79ff51e2
7cbf5ae2
af2d49d0
c69f12d0
fda5e544
d707ac27
3a15fdce
3822a509
2aa702ad
2d0e169a
476827c8
40cb8973
2196496b
1a68a947
dd8ac657
3d58c00a
af123fd2
ea50402d
216033b6
2fdda0ea
79497c52
10f5ba96
d845e011
6bcfc67d
14b5210c
5705cb5f
0193f25f
ce47e2c3
f06d698a
7c439dfe
dae40d00
621fccc8
97a2b2ce
4640ebb0
c3d2bc4d
6bbe2187
cbc3715f
7d56c7b1
c32ca029
c79405e2
0af50500
2e73f3d3
dcfc25c1
f4f604b6
d31990a1
23a8f34e
962b3621
e09922db
b858f58b
687e24b2
9f5111a9
e95b061a
167eacc1
e5ae66da
4c19c978
01a50ffc
f0d61a81
f7822d65
5c186d7d
6f805149
c0bfbcb5
4e553af8
88842eff
d7097d42
38431c05
c59ba313
2676eaf0
0dd98222
ba63e318
2e3f5e80
eb1785ec
5bcb432a
095d4f10
e5d91a38
326e6740
1cda3b1d
2d01d70d
721325d6
5c6080c1
eef2545d
ca44d551
538107cc
0159a4f5
16075da1
636f83ac
f9fbc737
62b625d0
882504ef
8115a03d
019ce63b
66da8a69
df2e2322
6f0fb863
611f34f1
95c05bbe
bbeea972
e815dec1
af6346e4
5dac79b6
42daac60
0013dfb9
71eabc85
02fa98e0
98a84870
6ef1400e
c7a38ac7
81558ce8
cff93e72
45a7a945
818b15ba
5a88fed8
16122827
baea3d6e
0944623e
275a680d
62d1d5e5
986b418f
070e9387
b5c9cf9a
467cacf3
936307c5
435ea388
acee1803
7c1e47d5
3475fa61
418c2557
fc7a6774
a3ad3a76
ee700f82
368e1e0e
06d6fab5
6b91bf42
355f0b09
db890168
8f5c233f
5597f662
c0c84691
02e7993f
4fafa8b8
380ea2aa
f975c6f7
38708db1
c8a230b2
c962272a
f4d8760a
61461de5
5a1826f3
568bb060
f73af578
db019faa
5b53195e
9f6d9305
10625b52
22479e2e
03252a76
e1318c6d
ea1fc8c7
0419b362
d9529465
41dca736
b09c1176
cfe3160a
7d71de45
f6164454
b7e499f1
c6f96ec2
696e48aa
5942c351
1a23d674
a7487e3e
e6bba6b3
4166b189
c643374c
e4a3cc30
f2142c1d
3cdd719f
542c7860
c061422b
93743f33
668037b5
88028d9a
e64c98c5
7adfc13a
52c5d896
fab13a81
adb8e4ba
f5117206
36d3a9dd
04ecc794
d2f51cbc
ebd108cc
4305de1f
913d6721
adeed4da
975a8c45
2cc08a50
d5c2fcaa
46f583de
28372821
e38147f8
e6a0c93d
bb472182
321891c8
5a2c9994
f756bb90
19285385
808a7394
00000061
00000003
0000002a
00000002
0000002a
00000002
000004a0
00000020
00000000
00000440
00000020
00000000
5e23653e
ea749e4c
0e599063
bedddb06
2ad940d1
b633ab6a
b4610812
cb838c42
8f35248f
950f1564
de4d7f1c
67b0ba5d
a5881e64
50919777
970e2643
220d4df8
1ecffbdd
e0d5069f
f8e0e7c0
f5ba6551
5cfd2da7
44cbd8eb
55baec2e
cc370740
fe5d02ee
cae766c3
08cf6d9b
840301b0
6fee907d
2e46de6f
a55f98d8
f3558280
3b3c8d23
9bec7701
9a7d567b
0b15c16a
321f1798
1daddc79
a61ef342
3e02bbbe
2094b148
30b4825c
c1657080
0a7402a8
460238cb
9b6df8f3
87b1498d
6a79fb88
26b7e489
568dd766
d14c9e38
8f7be006
e665d803
17276d79
b0fa6262
0326a014
cc1d0a88
1d18b51f
576352e4
ca17b9e6
ee1ea1bf
36f5126a
63f946c4
b664819d
89cb5769
80a983d6
80faba3a
cb6b4280
30262911
cc60e94c
52d8c33f
ff2d62ee
5087c33c
49fb02dc
45534bea
34005639
336f4e70
13647712
0f7b3d30
ec831827
e0ac99e8
ab5ed2a8
a662b206
d8813e7d
0dad8bee
625fa7b1
2b7250d2
aeb925ad
f36f09b2
c1aa8340
d2a0193f
df507da6
5e8676d5
a4db48f6
babccc2d
8e97e26b
2552bf83
f2d03f6f
c55919ee
5187abfd
2cf108f8
268295eb
a71b1ba1
987f5194
7f696cfc
ffa397ea
60761cf5
46009094
aaf96835
1571a081
838c8fe0
e20c62af
ad67f044
baf86062
7690430c
f32872c1
c9e1c07f
b6c0bfdd
cc9515a9
aa07aefe
dc6f1d59
d3a7d258
67985f2a
b01fb3c3
2ad9c628
fa3531e0
bab9fbcb
f57896e0
ee09b24f
b40e564c
29dc2c7d
1fe282e5
07175703
3225d0e9
891330cb
34622e4b
9e653788
0b2b1af1
4b99c291
9cf17373
5d8be7bd
ace42a16
72c960bd
a117bd5b
e3e22a6e
fb46d1b0
0ce5923f
8b68a47b
07bbb412
a98f4262
9b5c573d
a966e5c7
160e4f7d
79871eb2
0c55cf85
61038d81
3bb7063d
ff415a7e
f5e3416f
927848c4
60246950
eb3b5343
a573919e
94b65b78
0d259e47
2151f1bf
8567ff9d
b878dcb8
e82bd0af
a41f7d52
f1a90006
4f3a0c03
5990f9a0
f9f4e4ff
54950bff
9a46d133
b6cb3bb8
b084a80b
008696d8
0d244962
bffa9cfc
33c9647b
e648b3f8
35715715
7b574ac8
1c6b8e8d
eea4707f
7bc64ef5
d186d68a
88243bc6
0ebef934
323eee44
79795aa4
598007f7
bd0bfb95
4e8d86f5
86401a52
697e5da2
1ae09323
dd1c066a
dc4e3965
ee22d9c9
8ec535b0
0b5e2853
ee93d50f
1ad48fc1
aa29b31b
c9135252
8adb3398
8b965200
21c50623
86bf4590
a490e1b8
180310af
69f12ebc
8b2870cd
572b30ac
9e97e6f6
6447ff61
d5654351
bb36d0e3
0d7d506e
9eebf1a6
8534f225
ffd66608
44f54681
8203c94c
96b1892c
d4830744
48f9da72
231fe55c
f7d2148e
2ff0649f
cf7b960a
a7e3bd11
a7f9dc86
17426929
ab750789
b9eaf8cb
f5995bd9
aa481f7b
60d2e124
4939f475
adef2dbc
7332147b
95b7a6ad
b2f92872
058ada45
4ffd08a6
95887ade
aee28737
ea1635bf
7080a8df
0a59709f
23e3525c
26022921
09ccee47
39e97e21
29392327
50cb4e7e
0bd26986
b4015483
a3b0064a
b4525d38
829153c8
ebec2036
80853091
a672e6f1
5aae6437
db1b3e82
c1e54eef
26193349
9480d10b
2578206d
d59c6dfb
36128ca5
76868227
cb6f6a44
79be9634
f0b2989d
00000062
00000003
0000002a
00000002
0000002b
00000002
000004a0
00000020
00000000
00000440
00000020
00000000
47fd03e1
cc1ea58c
dc8ebd14
42ef375a
dc1d7014
1c4d10ae
0284c947
61aa1742
fb942a83
24e6b875
c5a7750f
7ee20ffd
3d0dcc88
b8e05a48
7cb7f66c
2a85961a
eda27882
31a68a3f
293d7385
db941b59
2a41b59a
a0590b6f
d283d752
21009984
a2cc5f77
5c85a412
edccb000
a5acc8ac
174e8862
b1437944
fca6dac7
722b47db
dd08351d
62ea1842
24a06e54
f1a4b279
90aab047
130af0fa
69ad8a7c
a0829b97
e605b896
3c08ccb6
d46ff543
a809b05c
e1a4791d
d122ac73
525aef1e
7f7e6b46
644016aa
7061be95
dcf92ff8
4fbc2657
e2850610
5ad39dd3
cb95d998
6e4f6054
7f8a77e3
61319eb1
987b1066
d5399961
734666f1
5a7b3108
15975252
b2ff5b97
1c745649
fde68831
8601c4ff
f8040f59
b82839a2
6440343e
e7ad9361
5e27e1ba
ec1e9556
c5b4b7b8
aadf4a62
9b481dc2
f1db9d12
99a834b6
23424a65
d4826817
8a820788
f3be2706
bc3b05c1
0f7c43cc
ee038589
423eaffc
b9a14ecd
1f1ac0df
a40fa9f6
57ebcf1a
26490054
de144433
501aba5b
af8af9a2
1852c712
e1c7ba6a
e6d6e86f
5536a7d7
cc628003
c73e769e
3a2414f0
e746d0ea
2da8cf8f
d33e57bb
07171f79
7571deaf
367ce1a0
872c8b7d
2267f1bc
7a5c28ee
1fae2de9
9ebc986a
ec964122
ddbe3589
fbe75c84
8125a253
32a5ed88
d6ca3067
c6d063e0
c90763f5
a1cb2b2f
ab12774d
53ef4065
365fcd83
1dbacd17
c9f03cd5
144db284
5b8b40e4
7094db3f
af01d0fe
2243a38f
5971e64d
155a4e66
9498df2c
5a752a7c
7ece90c8
363dd728
e2644cc3
9e299d9c
95089e6f
a995ddad
8f42511c
98f90c33
ba53234b
d42f4f2b
2e7e290b
151e5446
903ed6b9
9f3d1660
f4edc534
ef760c6a
110bbf4b
ed37bff2
f536e044
c391516b
1260c9e3
772be813
a101f530
55d97b38
342b8a2c
e3a0ec52
319325d8
cc9548a5
9ca2c4fd
3cb39135
5038f4f0
069267c4
c17118ba
5b09eff9
d14bfe8f
b1739162
6da11a8a
ee0f18ae
6e85ad9b
2d3676e7
19506085
4ef122ea
3c1ce099
9ffddc8e
e7b9b587
06282759
da53cce5
5c4259db
aca57572
e9d3bfe6
79f2ca62
85e5bfdd
f3c5f2d3
8b1d0320
795cbb52
10c392cc
7521030d
974fc6a7
aa2b436f
770d043f
d2863c6d
15b51251
dbe17518
eb4a415d
a0a43952
3b100ae7
fca97fbd
54be7df6
2bd97e09
55edd2ac
c08e6649
5c71808a
d8ce1d8b
dfb9c505
5fee65f2
e912f64f
8d481fba
e8b5b9f0
813a67c4
bf721dc2
58172307
c55c0b09
80f050ec
482050b1
c3934d33
d9a7a500
18abfade
b42a88ef
23f33dfa
9f1f3c99
b26538a3
0d66ebf6
ef39efaf
71594894
b2210384
38aaa624
19803ec0
0a61e5c5
ff781943
0e1dde50
4217c643
fe772846
6b47840b
54601977
3788a8a8
a473d6f4
74f5aa3b
a538d8f5
407fd2b2
e9acf003
19ad4512
151f7b65
5af4e908
28b7aaea
bcf9c34c
2593bf47
4969d91f
1887fda2
769f96fd
e72548f1
9f073900
3b5d30d8
a5068f3a
6737e83a
e8263f3b
9b57d7d6
c5dd802b
4af8fa62
a09de52c
14a315b3
bcd1665b
8b0cc96f
599c696b
7c4f2876
d1849d54
5a2ecc8b
cd3a4b18
0a6b126c
974ee9fd
1eace053
7b27b7a9
f1616170
d85947eb
7071bf25
1cbb96f5
00000063
00000003
0000002a
00000002
0000002c
00000002
000004a0
00000020
00000000
00000440
00000020
00000000
29464a37
463a6089
aebe4576
ebfd89cd
bbeeebb4
50496150
52b8eee6
ac6495f0
32dd41fa
87ed67c7
77a75558
0b89b6d5
0a6024bf
1c3cf6c4
8a99c0d4
ce9c9fc1
38475ea4
abcc6dc8
3f7910c3
5f687b85
0acf6fdf
2737cb63
1f87ec5f
2d011433
33902591
f0325ca0
1a5daef4
edd7adfa
73f1ad3a
02658576
00ab6cec
00b79c6f
329456e0
87003a0c
b7cd3005
87ee1a71
e261d3f6
da0d986b
c75e852c
b30cd4e5
7e09f40b
839652b1
8c57a1b6
8d96283a
d1347fae
f4b64c9d
f92062be
2d75afc0
c59409ec
7f0b72fc
5593b4aa
bc16aa5d
03eb6d03
12de0655
ec9c7273
476cd358
35dbacc3
0abf1dae
9b3ac140
9583d69d
5848219e
1623df7e
20670aa5
76e5f465
74520882
a69e9f5a
7e19ee35
5d9d1032
bdda8d9f
80165581
a8dbe86c
450bdd55
88dcbd9f
3b67bd35
0add5c20
6f45f603
2a63f6bd
58a708bc
7c926046
1983b34a
64e2ae08
d09fde9e
4a68a74f
f5900085
3308d22e
b80b0648
c91a34e1
13d7df1b
bdf3f3d1
b325b825
b804cc16
31e09191
ac8ee69e
76ab000b
2fabd9da
dcff1600
170d63c1
4b8cc19f
e3ab9e2d
e2608217
1cffe1e0
9b948ffa
9a353e4a
f4325b1b
9ebd6c91
ecaad283
552dfae1
4f4e895a
a2d01b7a
afcf4979
b9d43716
aba612b8
387a8377
47b1d461
115f3ea2
2446fc0a
79f2bd6a
dd7749dc
f2feb98c
2f4cc2cb
89799e8f
24d0224f
6368aa69
d8c8e577
9857af27
087e5f03
93d59030
eb04c2b4
7ef65907
1073f055
5cd2361c
68423351
5dc19d1d
69d1b7c2
8e0ff266
75ce997c
dd73ea7c
7754f2cd
b27c6c63
648b8d90
ae87f41d
b2415f6c
3f4ccb77
f685bc81
4859fee5
58e9d74d
157f1c09
fcc21cb0
d89424e5
a42264c4
2387d114
48535fa8
abf63983
04488ba1
918890ea
2e9aa537
e12bc4a9
b00de2d0
585b9e0a
6b4787a2
5041643e
91945a59
938b412f
949ace6d
2b8a6cae
1291638e
d728951a
be1bc349
9d6a744b
40edf3c1
e93554a2
fa738c9b
7a593926
2c56ecb9
0e5e9602
211630fa
0edb52b0
3a77c0ce
b9294148
4c9cbe60
92b5f2a4
4fe0f197
691f0be7
e77ffe12
df62996d
daf5d5c6
06e3b406
6b522bf4
a70b7315
68b07f1e
f2709655
e40c68c3
8e3b5e9c
19e50571
8a2a5c11
bf6b41d0
c5a51afe
1f9741fe
3d57da1f
ca19ee1f
b3c98c1a
7666088d
246a5949
e5870bfa
ddd82b2c
d8ee0f0c
a36b03a1
85267f21
b3300faf
6d906091
c49b3b63
d767eca4
4b379d95
49bfcb56
180af21e
6ca2c6a5
d14dc4a9
ddd779b8
647b0cdb
e0ad0e68
dc7f30f8
c2fca969
4b4fe299
7c03bfb4
3ea4a913
b3ee07fa
3324334a
14b39f7d
96d8b6e2
b8db2148
0762b70b
0a8ffa78
6747f3a3
d5d6c741
fe65c5ae
ae3c604b
93e324c2
65c3b3c1
8cc17d75
1df1c297
ee55a36f
00862327
652f7552
a4f25a6a
c871fbda
275c2a04
79899f87
e26c84e1
8b150692
b29ec295
b24e88bd
e31c3a5f
1e93fbe1
d37b5124
e00270fa
16d691d3
e84aca60
dd1b5d0c
258e17b6
cf730383
26d3b365
f90641e5
c89e6a99
d5185b98
ba48657d
535ac9ef
414e0a9f
2c948da4
8ea3f21b
d8699d83
29d457aa
3010bcd1
7d1a81e8
22c0884e
c480093c
63c2cd8f
25c45487
13b47bd8
ccb6edf6
4c240cad
00000064
00000003
0000002a
00000002
0000002d
00000002
000004a0
00000020
00000000
00000440
00000020
00000000
70f661da
5ae1c051
d7863df2
c14b4d82
b3ee3073
cd423624
93a45dc2
63c29a58
f4367ea7
e4f64fe0
49bf34b4
370282f3
74211393
7f5db79c
f070029b
0bc1fd73
1f3598fc
d20bb194
b93123f2
04a5d30b
5d50316b
e253bd9f
1a6d7842
45e082d8
c10a50fa
fdaf096c
5d9a1cae
a8e97e3d
8d772b78
0d5ea1d9
8692c58a
20f4351b
ed6928f8
48cf8e1f
5ac5b33b
a6d6f798
b16c7fcc
aad3ebb8
a789b33e
7cb155fe
43c4f68c
6a7ea525
df9008de
c8de4046
04507a86
48d3ee42
1c8cbc99
26040643
439a2daf
a619d4b8
46da523c
ae064a58
c6b71e7f
5dffe7d5
50d5e03a
923e9392
0d83641d
d3b4fe37
d4db4de7
0f74d297
2680415a
76defce5
39ccf671
d5684dda
1976d008
e9bf2897
1c535eec
af3502bc
22ba3c60
8c00e985
4b5318eb
58f98a89
a9050212
70bff87b
fc1aed24
3b18f390
a56620bc
6ef17bf5
9fa0b335
baffacd4
d711f45e
4c522366
fb9f583e
8953441a
bac761fb
f7e1c102
538627ee
126780c3
8767d33f
2aa1421e
7f6e540f
31e1815d
38752437
be333eb0
645a249d
f7192610
e0d72a62
979ba3be
0e64f8c2
abdd4ab7
bc99c780
aee4d9fd
6f378f73
aa6c0c6f
915f0406
e119d1ac
7ad56217
4ab2bdf1
4028233e
4cb16667
2dd9c4a3
c7fc5d31
caaa77f9
a4219b11
9b39131d
917c5e34
5e7aa5f4
6791b0e9
c03e27af
30b0047f
39fe2aa7
91166b78
6083b0d6
d4259258
226de3f6
8f688d07
a9f361bd
bcefae65
910a66cb
70135b00
9dc4a8e1
78115909
cb32b2fa
b06351f4
0a17ed77
86bc1215
94326b34
2c502457
513bbd8f
792d2d70
a6c4b794
3ee1c61f
89c4abfe
87dab1c1
fd0b0f49
008245d8
b115d614
7531295c
d4930167
af787d4d
cf393e79
06edd967
a823cde0
5f987d08
f3f735ae
9a8bbcae
a67ee216
d9340a92
a2b4110f
cac43f73
d2a45b29
a8291c40
89352fe6
955e4e3c
8e229908
a5120b9a
6105d2b0
6e283f42
33905819
b8d56904
dd8c442b
245b8d37
5fc98382
454dc2d2
bda8a69d
bde00bb2
9e2a04f1
de0b3989
f5e949c7
43c90f26
d404c641
0576fc14
ccd22784
4c69048f
9b1fa891
7af0ff56
59b46c49
eb10567c
f57e3ef8
12a645f4
0f67ed28
4db0a916
ff235bf5
c7b2f391
6f8c52fc
7f0790e1
68bf17a8
692cab0c
709c7194
9c918a81
19bb063b
5faad757
73d30d51
eea0f4e3
db8cac6d
31526cc4
76d96e47
2d93e8ee
ff2874bc
260abc01
c50a0ffe
d1197385
35be1396
6c7a1ca4
7ab13af8
3ba76ea9
2311208b
d2b81880
708b81e2
a334676d
8a4289b1
e3c238e5
eb4dd9ae
ad790361
13fc8e98
81e33c3e
05ae4aad
0b008b47
11e63135
ab2bdad3
b5f3a311
29c08772
eb479454
927219ba
e7fba0eb
86e385f1
d8d3408c
8acb2559
cbeea29e
caf77fa3
7b981998
c80d6fd1
226082c4
808e9c40
e370a151
2834a0ce
6bd42da5
848379f9
01369c93
eb5ae8be
5b8e4210
d18f9c1d
04584a2b
1726c663
78337c16
23798ffe
42b94b28
dd09bd83
09b1d17e
1f9a5157
3e9f15a6
c525cdd2
818b6931
2f4ee1a7
2f4d901b
e58ee352
931dc59a
a9b9ff44
c49702ab
25cc49eb
b40e4eb4
6d9aa1f6
964ab5df
76e15241
5898367b
1ad59727
3edff597
7b20da8d
d5e1642f
7575c586
00000065
00000003
0000002a
00000002
0000002e
00000002
000004a0
00000020
00000000
00000440
00000020
00000000
4d6d252d
37a2eade
10030ca8
9c67e884
d22c17b3
faa4de8d
198804e3
5838deec
4aa8fc77
eb7c423f
274c2679
e5a4e286
2ff5650d
3d5f2934
528d9ba4
e8623f75
09f75037
87612e31
d326f001
e6ef292b
8279c11a
9e981003
a087e7ff
207dbcd6
13302c78
c3d2ee20
e7fc0876
e7dd907f
7ba6f57b
4e9b2c2e
d16aefed
4dad4a6a
d529dbcc
1ba06c5e
35285487
28e35fff
2415fcf7
0dec2904
6a92a6e8
63342055
8669e0a6
7abd2937
0b52a842
e85b24c8
07c95267
be2bb4e0
652b35ca
0b5797b4
72a6b686
564dd9ed
6cfd9633
8d1ea8b9
6a64bdae
70f6f923
33e4ca5a
4cf4e55c
ce475263
debbb0cd
e2a1f9ec
2240d42a
50f01549
60a6d1b9
93a91dcc
4e3a1dc8
7fb03e19
fc736cde
be6404c4
d679a8c1
81366799
bee3c749
76c89353
27fa7860
7ed0ed3e
7611e227
c26d27ec
50cbbce3
f9fca155
b80c9477
fa22c85f
828dd4c9
55b0ef51
1d6f07f0
81aed1cf
f9e50035
0b9c2cff
9caac61a
fd98c25e
287e25ee
ba0466ef
9404f9a2
4ca31537
4d0e9138
138ed91a
3e6b1c07
e8a9b9c7
162a3541
c91f44e4
a0cda9a7
d81de954
ff84da25
a407c306
ec241ef9
9c6df925
2f7166b5
4afccf11
8a136d0d
68d047ff
326ed757
675d48a0
049886e6
0f60e328
f3783a0e
99288e72
0cbaba41
3f775e7f
5f08173c
8cc08e9c
449eb297
f9fe3b59
ea3b7a84
4f2e1637
ae4aa163
492c04e2
69c928df
1b019cf7
4a2ae951
a344d86e
f235224a
4ecee39c
cc088c0c
64b9ea79
d2883f3a
e73ff957
22092532
acfb007c
37f9f8ab
73b967d7
01d91043
8877678e
df463041
0eeaf683
292d0666
c9dbb5bf
ded00aef
abd13752
8772cde4
41fe7eb2
aac3882e
95d58d8d
417c285b
37749124
99c2a8d4
6527b7ef
d362e8a3
2973948e
7f8a6eec
9ca777d8
22a5f8a4
6d319748
278dbb89
55017830
a5ff1b56
fedd6d1e
e30aad74
1453dc96
0bc1d432
bed15686
e38cddca
026c3af5
669f4b78
ac972546
6d3f0ec2
4572c009
3b406471
a6eb2f2f
9535fe5e
8af39c94
e4352605
8360ea23
13324f73
da379b18
78ac7fd0
543969a2
a408e203
b1268785
322e415e
c140c7f7
100fba6e
c345e732
a03f8ef4
c16f0f9f
89688ba2
af34264d
3a69d81c
e890af70
35072c45
162b0400
1f24210f
ab8524c6
0265456a
c9d13be5
9b27775e
92c9337a
9b8f82e5
45795adf
991ea9d7
960143f9
e938af40
726b2435
b80e3be0
ce3aa9fc
f679649a
46d1ac01
102bce45
38c7abff
68537782
2bdde277
7a9af0e3
87b48020
545bf6f1
8861feae
a049bd9a
fcdb113c
5fb44fdf
7ac1e0fe
8668259b
a89b77df
e93c646f
5fb8c26a
f748cf88
239d0dc3
549acf15
55d0c2a4
f0ac421d
04d2ddad
b53e2e54
f693783b
506fbc01
0d9bc4f4
f6f2fb67
cce72b7c
22fedf4e
74a54e7a
deeb0493
1233def0
9840cb14
64fbb006
29c7fb6c
b801b4ad
bc77ee28
b584bf81
0e903f97
6574fc8f
b08c133e
7ba77b3d
5a5d5b7e
4f7d87df
01b76eee
50b3bf99
7a6b4c20
0c7de758
65df1566
0a413057
bdf2110b
4c434208
2c44d2b0
7528e147
f5ab5fe5
f7e1d78a
c1371d32
a93ce2c7
bb75225b
2841c55e
85139f1c
f201bac9
6cbe2c1c
e4f16399
0a145809
b7b33d4e
ce4fc8da
00000066
00000003
0000002a
00000002
0000002f
00000002
000004a0
00000020
00000000
00000440
00000020
00000000
3741ed02
850014d6
7513f03b
f89a2e10
a329f313
220756bb
a695fda1
cbc04038
dc6cd327
14b05988
2070e3fe
d196eec6
a688326c
fd94c498
1a6c40c8
bfe149a8
bd62742e
fa20f489
ae31799f
6c319f21
9b156cf1
03b80c2b
91ae7cde
e01609f9
abc7a3b4
a3ded051
18739a6d
e9d3ec4c
033d6ec2
9e3f8696
4ff90ba4
364aef9b
a2832da2
c977e615
361db6f1
def816b4
afaf2b8b
d39dc2e9
02d9e272
d736fb56
e986d200
f9bb685a
a5c2bde9
b215716d
f97d4de5
92413da1
5141adfb
f38fcc87
504d0ffb
37951975
5240af3d
2100db88
c48f5508
eb08b2bc
a2d902e3
57eb8c2c
ee5ee935
8ad87158
1540ddf7
6147bcdf
95da596c
db5575df
23cd0ba1
8116e7d3
eab2057c
a2fc7df3
db722508
d36edc05
dbcbfd98
2c670ab6
0e9520cc
60ec71b1
1ea3a487
33afda23
d1cd1b52
02011f42
1843c354
192378d9
8615bb63
9a420255
1c85be96
40383503
d82b8b4e
213e77fc
71c53682
9ce89c30
4119aee5
8aca4128
43aa751f
cbfe5519
aed0a198
4bae086f
4074db68
85f6cb94
552a21ee
e7de49e3
c83d607f
82c609f2
4d5e5842
f02d60df
baee7f24
19159e00
4d105126
f3bf4658
2c269a3b
f91e93e7
14515ee8
3ba91bee
e625cfdf
745a2aa7
cf45a7b4
74037ace
d7bbfb4f
639aa7b6
82d5b714
84874e4c
2c13d555
36292888
b72a5fcd
b02e53ea
33738ba0
45bc9dde
94c0da5f
f4cce69e
3f9776ee
78a8a3de
eef2ab58
d10fd966
bd81a90c
5242c6a4
a6c66931
c9d28f81
157e3953
6ad1b094
23da6922
6a3eb57d
ab76d73a
26de4b25
162602e5
2e7c9e1f
162f80cd
7dca66a4
ed4a080c
5adf029d
e7cf9e9f
24079560
da92670b
1825ae91
e4fb5f03
585bee53
2b33d59f
00992923
7b90e03b
eb6d6cbb
a95359fd
e20b0587
f588f2a2
141d6612
d5eb7449
650928ea
4eaaf112
80c3f384
62101e56
30acee4b
465dc3ac
98cfbf00
ae3cb6f4
e5d2396a
46729990
14acbb13
f3508aaa
59f0954b
cfa2544b
07fcfc66
d8dfc8c2
4f77e447
813fd92f
d4b5d227
08cce08e
5bbf7cab
e54af5f1
1d997134
b10b8034
f2f01a6d
f07b66f1
840f4e75
95ba11bc
ecb2c7b2
2370cbc3
3b524e6f
9baac119
699a95ea
c813b06a
915bf08e
daed6adf
49eaa4fc
c8141d63
c1cd9fd4
37d8a8ea
85fa77df
70928c82
76c3e04f
2707afa9
c1cfff8a
ccc4cc7a
1acabad9
8ef2688c
7a247825
c648233a
b366aa3e
f299827c
f15b1bd6
125c16f3
579c6a7d
29552d0e
8d9c081c
4c93358a
669dc78c
4a4fb853
e29f3043
850d0676
bb7dacae
9a7c3bba
f6acf0f1
0c850f6b
3ef558b3
6f1a967b
e6a3058b
400c5a20
93544331
cdc61b95
817d4846
3687961a
24616813
2037bda9
c2d1589d
2b7ad7c2
c7ecba54
f08f03c7
ae29616f
7d540a14
73bb95bf
382158e7
e38f4215
497c7210
c6edd127
89310819
733f9835
c1e3a640
403bafb0
be466beb
49dbfb30
409128bb
b0070c55
3dc5cb83
decaf245
10db3b02
94693ddc
c20d8e81
ed665d09
fa9eaf11
5348564e
24ffe9ab
24d6e462
be682e17
f27da07b
5b5b3281
66d95208
2341dab5
5154c140
40ec9677
82e7fe1b
f9d0e3db
35597e6a
cf4f9356
1d30b3d8
f71523cb
24a00c96
6fdb0838
e6a81418
00000067
00000003
0000002a
00000002
00000030
00000002
000004a0
00000020
00000000
00000440
00000020
00000000
b5330437
d6ab2c4a
1efe7bd9
179571d8
e8992579
c65c05d7
aa1f4297
1baaecf5
77fda86c
9deed5e0
20f569c4
d6f39092
9e91f2c5
abee5d1d
9e215711
40313639
b4415b5e
e0518291
a1e38f2d
b45a42e4
a551182e
02fce3fa
376f5aa8
c6aa16e2
2a1e6206
8fb0cb66
7387409c
2fdd09bf
d6057e5c
15aab970
2857e615
5f1bc53d
d45b8717
ece992f0
41e9ae85
c4c1bbe2
6823d090
badae335
1ac7e1ba
7a9b749b
a9469299
fd17b856
fbf3bc7e
9fad5e39
dcae4313
a78d2b54
ded7531e
bc19d23b
c2975d00
f4fb16da
39254e0a
2e91fa41
1dd252ac
623ad88b
82ee965a
22f25e9c
845dcf89
22666e2b
2a986bc7
0b432056
15485a34
3e59adc9
d44f0031
4a61eda7
0909e80c
786ed502
b1afc9cb
7836e395
c09f250e
270f734c
5dd1912a
a28891dc
688a6e83
7df44f58
ad4e851f
8ee5470f
56f371a2
d192d0ea
43d5509f
ad9774bb
8b0ec34b
2cb1b95e
ea6f078f
420cbade
c285ae55
525c10c3
ac7d65ce
c2f0306d
a8126c43
9a160c9c
ed84ed16
08383f0e
6aba90c7
6c542fb7
89fd3039
8b37e6ce
94b07be5
59d64277
e38d2f85
064a2f86
5b1260dd
ea4ec34b
3ed7abd4
002fd298
18b8302f
e9a45e4c
783d7cf1
1bdab324
d760ab90
7c90afb9
e015fb47
70b7bc54
dc45ba40
d2948f54
c7c425b9
a0bb9522
cabb6497
c4d5adf8
4a6a0645
b6f4f24c
ddd2de5f
27f65ce3
6db410e6
067fa950
a7707cf8
d56d8c7d
d600ebdd
2e6d232c
996f365a
8e8ea174
7a5b8bce
9a91dba6
d55d4379
09777e81
3abb3414
70721610
4a66d39f
4a0cb6af
4deafe20
2784625a
ff870b61
1640fe4d
8ae5a180
eaa4748d
b34ff73f
5e78f2e9
b5ca0d41
ddb7c747
46a6ffbf
b5f167e5
69b1e46e
a1002d7d
ce3c5767
0986d1c3
637284c1
522d4da1
bfbd8d8d
36e855c1
0af4ffd7
ac0c3854
52fb2895
d96a7d6a
c19a5c17
a2ab2b89
1d64a0db
4428dbc5
9e78c64f
8cc8d112
5a725bda
c382e6a4
d5d19a2a
e0d86e02
0d9686d6
d25004b9
def423c8
9bfa924e
644e038f
8260bcc8
79b520ab
b2b2913a
599165b5
0196bdc8
1e729b51
371bf9e3
3aa7f369
3a42c6b0
f61e34f8
479d8618
1b832775
cb8d5e52
3af7ae56
9820e974
486e1d35
e25a629e
bfef88fe
0f09cbbd
1c40337e
a72fceca
2330e598
089be12e
6f9d921a
e821ff6e
26fa8a50
0beca41a
ed38d1e7
8e84c05c
535ffecd
51ddd763
734c1ce2
f9a5a5f3
6420047a
2d1c463f
ec054272
bb0b84c2
1ce3f704
36747068
b25b4e70
2be8b500
5cac5d11
661c1fc7
7d165ad7
6f587361
57c8010e
1e189c8e
ed2df003
53261385
0a952d6b
2df269c2
5c680a82
c00e0696
1232d689
ffeae56a
f6b99105
7e057278
4801c571
14400658
119ff28f
220db1dc
af7e5d89
48e85385
1b3cfe96
e2c52d4b
da04540f
cc1df1db
a4473e57
b483376d
b405d2c2
2e21ae35
c7c117f2
5a1bb74b
b948f2b3
55113fc3
4dc40cf9
a0691a0b
58bd9c32
df7723e0
d5c48efb
af3c2305
c0c867bb
c1d12651
bdc946d7
05ee9242
7040e21c
7ac796ce
383e640c
58b55704
aab9e016
47b83346
d406c4c4
32c4aceb
d492ad89
514a32a7
91fc6665
4d4eb4ea
6ca83eaa
8187186d
a226aeec
7078356f
04a10020
30bbafaa
00000068
00000003
0000002a
00000002
00000031
00000002
000004a0
00000020
00000000
00000440
00000020
00000000
789aa9ae
15594b77
b931e326
664904c7
4092ff8c
366d0f94
a42d3984
92d7a8c3
b4902d9f
23548d1b
4b9dec64
71636795
b6bb5a68
0c5e4c6f
b8457b10
1ab882ad
000149b8
6f97257e
499b0e4b
67222553
fc15589b
c892468a
a7807e24
14a574f5
a3d8533f
e150ca4d
a59f0eb0
36621998
42bf2a89
2e6eee9f
6d93581f
f9a87a98
1eb780ee
9e8cc0ad
0595834c
25a1921b
9d6cdbbd
9559416a
e4ac8e00
297d5469
f76dde0c
0ceae759
44cb6335
6d756490
679bae03
b5022ff2
48853e30
3328f570
c12095de
3006ff54
e924ebdd
dccefff5
a659a55d
22194b2c
40b1dfc8
7e330329
d4bf55bb
6784ec53
3480e280
3eef3785
0f15ca9a
81c5e1a4
3a18fbb6
3f44ccf3
c1775b75
d6750f5a
1e2303c2
59c4d531
d354fe2e
e5842789
aff5f298
5b56cb3f
f11d7711
7045ba53
d9ddd552
3fe1bf6b
370f3747
d08fc201
da9d0878
31b7449a
39adc4f7
b7237d5b
cf07acb4
593f6c43
3b2e703c
be43df7d
40c48476
3ad1ebe6
37611c02
eeabc165
e85a626d
a1388656
480b4c4d
e918ebc9
179513e9
7344c485
f46d763f
77466f2a
ab1626b0
ddf5188e
077ae7ce
2dcce9e6
1660a9fd
d8d804e5
c5c73cba
dc3fdfa1
a021507b
36957706
a644bbf3
77920ee7
b009b001
7f589b78
aef94fed
561f0d15
f4822446
dfffb7d4
1357dd3d
daa6caf4
fdfb8b42
8203c0b3
c6cbd2ff
3e78c6e1
d9b05e42
70eca324
aaa18b13
8ca56139
ea3f7892
447dc5b8
7523641f
e4a47998
f5bbe418
ededb391
c5735d23
75a4fd43
252f37be
7e6bee93
5e73a2f5
c590af5a
c8eb5876
e1b86fab
13c910f6
6161fff3
5f1534b5
bf02ec93
91c7af8d
a0a52a94
ddf9afb1
7a464cd7
c9d225e7
b838180a
29deb6eb
1084df45
97c7b348
e0fcab81
c79c1c2f
7d328f04
4cb6fdc8
74dcc685
f1308b23
75b2d7f4
b574044e
5ca6011d
277a84d8
444b2b74
e9b242ff
f8aa9cd7
e395c195
b02b4629
8fe5f195
eeeb4816
2f32d238
f4c0c437
34e60b2b
212d4e7b
adc3a911
a6172b51
626ec4b9
361b2385
cc2eb089
491ea059
5594d3d8
6ea2290a
181afa80
7c9b8b04
a0bc5926
8620a5be
01cb7059
2cf6c752
df6895be
7c9ccf01
8d44d6fd
e6519eaa
34c74b8d
660f8ef0
f06d27d3
4ad89fa2
46df25e1
1574f314
213ed071
46f4eeaa
14298b29
252d6f1c
3dc424a4
cfc66abb
818bd7f6
bae27df8
b47f79dd
e0cabdc8
fd7449d6
24dbe1b6
240287cb
ef220059
7e554002
513a166c
7bad0d52
823c1ed9
557bafcb
14201e8f
b14303ac
205d8000
f1a450a7
9cfacd39
75f63e4b
a3c9026e
9944aa36
d1e9a126
c4a8d529
70d684cd
eafa207c
6820025b
5edd6ecc
6ac61fa8
1a7a44aa
f7b0f2f9
12a87489
438b6f10
6a75279d
b67da87d
76c629f8
30b2eceb
de4b8a13
6b944c21
6cab38b5
7b34dbf1
2233d55d
af05bbe3
02563aa0
66c29093
4eee90b5
eda0efd2
0e49066e
9f25000f
2008d150
f81668dd
2aa0e121
edb1f34e
5614c1ca
b76e2a92
3b202832
8bb18257
b13bdd6a
12957cc8
ce21380b
cb9da830
ae6de12d
e4a40276
0f5fc258
d80d9fce
615ddbdf
9f2cb9e6
c90bbaef
9c667ffe
3061f1f0
a6e96069
04b4c150
52adce3f
63653643
8913af46
ce095fa7
fb66b1ab
00000069
00000003
0000002a
00000002
00000032
00000002
000004a0
00000020
00000000
00000440
00000020
00000000
b35684b8
4b5397e2
bddefc57
fbed41aa
8a31cfc3
757c15e0
f91de80a
57ff78cf
5169371a
1fb1216e
6307362d
daf38c1d
33d390e2
1566ed99
aa47c2e4
94550cef
50c0c43b
89403a81
72035bae
1df420db
57d2995f
c8d3886e
9b22186d
db00406e
1bc9c554
b259b907
413f0bfe
36f0fe2b
4d1f2c0e
66ef1fbf
1ed3092e
5aec0157
bf1ea8d6
88b0d1ab
6372e6e1
49005707
d7d93c3c
e7e6d097
3c06dd7a
c388b2eb
8ea9e9c3
f8d8684f
4a725372
daff8aec
59c01c62
532096ee
7f00cee7
276a2c79
eb5579bd
a9ac1adf
9c9f5340
5280d1d2
83b0a1f4
23d42ac6
3eeeb922
b74fc644
be0fdd7b
999c2bcc
352d6826
2ced53b6
5889dfd7
fa3a93f5
aa07337d
867cdebe
d6bd21f7
07e6a7f5
9f2dff9b
dc40256d
c2189b05
2159350d
7ea5c9ee
f5188ae0
b08238f5
670a9a79
9f760896
47857153
ccdb746f
4a8a8aa5
8a97a8e5
6d571abb
90e175ea
f2986f84
67d3272f
f04dead2
9ccaa6f0
641be1c0
fc5ee166
05578418
38b9fd25
fd4bed0c
a06139c3
13e7bad8
93a391a8
6ff7f633
096ad4ea
7b45c6d6
ed7a7df5
f5478212
674b89a6
50bb3b34
537bb16f
4d854ce5
e50facce
dacceaa4
b952929d
83016d6b
27f18d4e
b4ffafe7
84c529d4
001f79e5
f81ea46e
8a423498
d3345224
5bc3ed61
18e9c6d6
bd5a83e0
543da660
0a53037e
b47f94e8
c979761e
59846955
d77adbe6
44243753
909581d7
e61a60fb
1c2058e5
8b3ff603
e4542eff
b3f5b182
3d151c58
32fa857f
7eee703c
1898146e
409eb459
71ea8ff2
8220a09d
672a0014
23e3f876
6b95f8d4
b9b0506b
62929450
c001004e
174732de
9b6c0677
c68cabbf
70e8bf29
692bdc4d
28aaadfc
c01ef484
466bdfa8
b28aed1f
0528c60e
d3a27823
0ca4c59d
03603d64
0b966145
4056e3fe
55c62113
48b93973
28d46161
5e04c1fd
88946da6
84e818c6
58976c11
e2014f65
ba5fc90f
147c7511
060ca49b
f4b3cf45
1d0a1282
911e3062
36171d47
314a4961
9c2302ac
a69baffa
700c4f8d
c0ebf934
bbbc03b1
4b978116
2621cfc6
fc046abc
c17a8131
4ffbe0b4
a028d560
644c65b2
683d8314
ef5204cd
aba2d385
46ae60ed
9e6a1f9f
888a17f7
3d357e89
8544d700
f99d6e7c
89a80b7f
9be51701
3dee3d5c
772057a9
107281d3
5db95476
43058d8c
a2487f3d
a5716d08
105a4998
d716826f
fff696cc
c7a02270
f21583ae
1aae41b2
1dd02544
c526c670
8186768d
cbe51eb1
6c50a606
f622a53a
017edda4
e78bfa0b
71de77a3
dcd2c633
50540c62
44de67cd
27c2667c
ecacba57
96577b54
d28fd16e
eac57980
5ab18c74
a7ce7df0
d3905e3c
eacc58f5
edc75e5a
12436cc3
88d5e842
81650ffc
90feaf38
25a1a4c2
c62d906f
fb4ea298
4a211628
5b1c7f6f
1a714d2b
95fc4dac
4b05bcf6
1bbd07e7
4c09d350
f5ccc7ef
39920e04
50e0d514
3b147643
d0e73a2b
6792f26d
5ba8a545
5ef9adef
6cc7ad3a
b199b93c
d8a830f1
c1dfc61f
b8b2e47c
2d6f5b46
62c3a7f0
50a17269
a80c46fa
54bee56c
ca3b449c
d1f8316b
2b217fdc
f7b154b5
eed75f28
efebe86e
d922312e
dc4024dd
a13f5bfc
dd600331
bd981c4f
901f89ae
88e3f751
acb8fdff
d5804848
e8c22336
b4c38022
0000006a
00000003
0000002a
00000006
00000061
00000004
00000020
00000020
00000440
00000020
00000000
00000000
a82fe5bb
235523ec
bf4076e7
fd0cc951
ad764b26
e7a0bfd6
b459ba5c
04bf3c22
0000006b
00000003
0000002a
00000006
00000062
00000004
00000020
00000020
00000440
00000020
00000000
00000000
21704626
0b98a424
7ccfc5b1
b2de0609
6b1f7b37
b119a207
3e4778bf
9d92d91b
0000006c
00000003
0000002a
00000006
00000063
00000004
00000020
00000020
00000440
00000020
00000000
00000000
6156e1a9
61f39530
d8949774
e895d800
bf9dd7eb
e26b27b9
0ed14c85
dc8b9f22
0000006d
00000003
0000002a
00000006
00000064
00000004
00000020
00000020
00000440
00000020
00000000
00000000
d1f7371d
f8531669
2b262b7e
38d62523
ef7eaad9
91f6defc
ef9e6f1e
b88608d5
0000006e
00000003
0000002a
00000006
00000065
00000004
00000020
00000020
00000440
00000020
00000000
00000000
e9cce30a
1463d0f9
dbeb566e
4de20cfa
e4c6ac04
9084f5ef
03fe5b9f
f9b935de
0000006f
00000003
0000002a
00000006
00000066
00000004
00000020
00000020
00000440
00000020
00000000
00000000
5ffceef8
7944f5ec
bf193c43
200a17e6
123e45b1
411d06a5
729727b4
73b8770f
00000070
00000003
0000002a
00000006
00000067
00000004
00000020
00000020
00000440
00000020
00000000
00000000
7c72493e
b0d2ce03
578f6303
9b4991f6
aa58caa8
6c5e83e3
a9ff1602
88d8e34b
00000071
00000003
0000002a
00000006
00000068
00000004
00000020
00000020
00000440
00000020
00000000
00000000
364191e3
181a239a
8d1a2346
8f81f5bc
6e870e19
f7ce578f
8b60bf6f
8ee3768d
00000072
00000003
0000002a
00000006
00000069
00000004
00000020
00000020
00000440
00000020
00000000
00000000
d13c5ff5
db6b687d
66505d43
c53c038e
b1ed0ff6
1a25123d
724fe7fa
5e47dddc
00000073
00000003
0000002a
00000007
0000006a
00000003
00000960
00000440
00000000
00000020
00000000
00000000
5f1d32cb
aacf3b18
94277578
bbe92699
8e2d5e96
7c3d94d5
15cef828
481ecba2
00000074
00000003
0000002a
00000007
0000006b
00000003
00000960
00000440
00000000
00000020
00000000
00000000
25c25daf
e34518d5
d2287317
6fde8f14
e1fe4d81
d5021243
bbfb9a6e
9c40e92d
00000075
00000003
0000002a
00000007
0000006c
00000003
00000960
00000440
00000000
00000020
00000000
00000000
f8f5db30
88fc8ad3
e0f5ea96
3b89f527
2cbc7a2a
ed3c860c
52c3192b
190e9a89
00000076
00000003
0000002a
00000007
0000006d
00000003
00000960
00000440
00000000
00000020
00000000
00000000
b28f6bd9
c630afe8
2ca85ecb
39d4e6e6
f5020673
b3822d3b
c67985cc
7062285b
00000077
00000003
0000002a
00000007
0000006e
00000003
00000960
00000440
00000000
00000020
00000000
00000000
5da9e9a8
9e132a7c
dda02e35
08fda964
aa5b023e
1bbbdf9b
c194a12a
ed097a0a
00000078
00000003
0000002a
00000007
0000006f
00000003
00000960
00000440
00000000
00000020
00000000
00000000
b207e06e
0c1dd6d3
be0b19fe
a07b93f7
65c43e90
26c0afce
f3dde4a6
b96c9a80
00000079
00000003
0000002a
00000007
00000070
00000003
00000960
00000440
00000000
00000020
00000000
00000000
3285c7d2
ca560d58
4706c94b
6ee8294b
b7e012d2
3de258bf
5f46de7d
761473dd
0000007a
00000003
0000002a
00000007
00000071
00000003
00000960
00000440
00000000
00000020
00000000
00000000
db5f6748
9456ba4a
f43aeebf
56aced56
94becf64
3d405989
ed7c7aa4
6585ac65
0000007b
00000003
0000002a
00000007
00000072
00000003
00000960
00000440
00000000
00000020
00000000
00000000
6ea26aeb
bd739d40
40076088
db30cbf8
60226106
5de34b20
0f576b02
bc316d29
0000007c
00000003
0000002a
00000007
00000073
00000003
00000960
00000440
00000000
00000020
00000000
00000000
032070f1
81e1adc6
7201db49
e3be2974
50d4095d
bf4c3fc1
a6c2dd33
1d5d8931
0000007d
00000003
0000002a
0000000c
0000009c
00000006
00000960
00000000
00000000
00000000
00000000
fffffffb
0000007e
00000003
0000002a
0000000c
0000009d
00000006
00000960
00000000
00000000
00000000
00000000
00000000
0000007f
00000003
0000002a
0000000c
0000009e
00000006
00000960
00000000
00000000
00000000
00000000
00000000
00000080
00000003
0000002a
0000000c
0000009f
00000006
00000960
00000000
00000000
00000000
00000000
fffffffb
00000081
00000003
0000002a
0000000c
000000a0
00000006
00000960
00000000
00000000
00000000
00000000
00000000
00000082
00000003
0000002a
0000000c
000000a1
00000006
00000960
00000000
00000000
00000000
00000000
00000000
00000083
00000003
0000002a
0000000c
000000a2
00000006
00000960
00000000
00000000
00000000
00000000
fffffffb
00000084
00000003
0000002a
0000000c
000000a3
00000006
00000960
00000000
00000000
00000000
00000000
00000000
00000085
00000003
0000002a
0000000c
000000a4
00000006
00000960
00000000
00000000
00000000
00000000
fffffffb
00000086
00000003
0000002a
0000000c
000000a5
00000006
00000960
00000000
00000000
00000000
00000000
fffffffb
00000087
00000003
0000002a
0000000d
000000a6
00000005
000004a0
00000000
00000000
00000000
00000000
fffffffc
00000088
00000003
0000002a
0000000d
000000a7
00000005
000004a0
00000000
00000000
00000000
00000000
fffffffc
00000089
00000003
0000002a
0000000d
000000a8
00000005
000004a0
00000000
00000000
00000000
00000000
fffffffc
0000008a
00000003
0000002a
0000000d
000000a9
00000005
000004a0
00000000
00000000
00000000
00000000
fffffffc
0000008b
00000003
0000002a
0000000d
000000aa
00000005
000004a0
00000000
00000000
00000000
00000000
fffffffc
0000008c
00000003
0000002a
0000000d
000000ab
00000005
000004a0
00000000
00000000
00000000
00000000
00000000
0000008d
00000003
0000002a
0000000d
000000ac
00000005
000004a0
00000000
00000000
00000000
00000000
00000000
0000008e
00000003
0000002a
0000000d
000000ad
00000005
000004a0
00000000
00000000
00000000
00000000
00000000
0000008f
00000003
0000002a
0000000d
000000ae
00000005
000004a0
00000000
00000000
00000000
00000000
00000000
00000090
00000003
0000002a
0000000d
000000af
00000005
000004a0
00000000
00000000
00000000
00000000
00000000
