00008197
2e018193
00010117
fe810113
00008297
ad028293
00009317
0f030313
0062f863
0002a023
00428293
ff5ff06f
0c0000ef
0000006f
50000737
4b4156b7
00a72223
44668693
50000637
500007b7
00d62023
1ff00713
02e7ae23
00000013
00000013
ff9ff06f
08058263
000088b7
ae48a703
50000fb7
50000f37
500006b7
50000eb7
01000e37
00000813
030f8f93
03cf0f13
20000293
02c68693
028e8e93
fffe0e13
00efa023
005f2023
ae48a703
00170713
aee8a223
0006a783
fef71ee3
000ea603
01050333
00480813
00861793
0087d793
01865613
01861613
01c7f7b3
00c7e7b3
00f32023
fab86ee3
00008067
f6010113
4b415737
08112e23
08812c23
08912a23
09212823
09312623
09412423
09512223
09612023
07712e23
07812c23
07912a23
07a12823
07b12623
45270713
500006b7
500007b7
00e6a023
0007a223
c00026f3
c0002773
500007b7
40d70733
00008437
02e7a023
ae442703
50000837
50000537
500006b7
500005b7
01010613
03010493
03080813
03c50513
20000893
02c68693
02858593
00e82023
01152023
ae442703
00170713
aee42223
0006a783
fef71ee3
0005a783
00460613
fef62e23
fc961ce3
01012703
325447b7
14b78793
00f71863
01412703
00100793
00f70663
00100513
e65ff0ef
01812703
20000793
fef718e3
01c12783
09000713
fff78693
fed760e3
02012683
00700713
fcd77ae3
02812703
02412683
00e6e6b3
02c12703
00e6ec33
fa0c1ee3
00008737
00009cb7
ea818a13
b2870993
62fc7c63
50000837
50000537
500006b7
500005b7
00048613
03080813
03c50513
20000893
02c68693
02858593
ae442783
00f82023
01152023
ae442703
00170713
aee42223
0006a783
fef71ee3
0005a783
00460613
fef62e23
06010793
fcf618e3
03012783
5d879663
03412783
00200713
fff78793
5af76e63
05c12783
5a079a63
04412d83
00100793
04812803
04c12d03
05012b03
05412a83
05812903
56fd8863
00ed9a63
32000793
5af80263
00300513
d61ff0ef
00300793
2afd9a63
66000793
fef816e3
30000793
fefd12e3
02000793
fcfa9ee3
012b67b3
fc079ae3
000097b7
00080593
aa878513
01012623
d55ff0ef
4c818513
000d0593
d49ff0ef
000b0593
1c818513
d3dff0ef
00c12803
00000793
fa500593
32000613
00fa0733
00b70023
00178793
fec79ae3
00000793
fa500593
66000613
00f98733
00b70023
00178793
fec79ae3
00100793
28fd8263
00400793
26fd8e63
500002b7
0182a423
50000fb7
000fa623
50000f37
01bf2823
03412783
50000537
500005b7
00f52a23
04012703
01a807b3
016787b3
00e5ac23
50000637
00f62e23
50000737
02072223
50000eb7
020ea823
50000e37
020e2a23
50000337
500008b7
02032c23
10000793
03c88893
00f8a023
030e8e93
034e0e13
03830313
00000513
00000793
02000593
00400f93
20100f13
05057863
00178393
00fea023
000097b7
aa878793
00a78633
00000293
00000793
00064703
00160613
00f71733
00878793
00e2e2b3
feb796e3
005e2023
01f32023
01e8a023
00450513
00038793
fb5ff06f
50000e37
50000337
500008b7
50000837
00000513
030e0e13
4c818f93
02000593
03430313
03888893
00400f13
03c80813
20100e93
05a57463
00178393
00fe2023
00af8633
00000793
00000293
00064703
00160613
00f71733
00878793
00e2e2b3
feb796e3
00532023
01e8a023
01d82023
00450513
00038793
fbdff06f
50000eb7
50000e37
50000337
500008b7
00000813
030e8e93
1c818293
02000513
034e0e13
03830313
00400f93
03c88893
20100f13
05687463
00178393
00fea023
00580633
00000793
00000593
00064703
00160613
00f71733
00878793
00e5e5b3
fea796e3
00be2023
01f32023
01e8a023
00480813
00038793
fbdff06f
500007b7
10800713
02e7ae23
c0002d73
00100793
00008b37
aefb2023
fffd8d93
00400793
2bb7e663
000087b7
002d9d93
90078793
00fd87b3
0007a783
00078067
00400793
02fd9263
02000793
d2f81ae3
d2fd18e3
30000793
d2fb14e3
d3aa92e3
d40908e3
d1dff06f
00500793
02fd9063
32000793
d0f816e3
016d67b3
0157e7b3
0127e7b3
d20786e3
cf9ff06f
00600793
cefd98e3
66000793
fef800e3
ce5ff06f
000087b7
000095b7
ae878793
00000713
aa858593
4c818613
02000513
00e58333
00e608b3
00034303
0008c883
00170713
00678023
03178023
00178793
fea710e3
d49ff06f
000087b7
00008637
b2878593
ae860613
ea818513
6c5010ef
00050793
14050663
ae0b2023
c0002673
50000837
10900713
02e82e23
500006b7
41a60633
50000737
50000e37
50000337
500008b7
00c6a623
03c80813
02f72223
00000513
00000793
030e0e13
02000593
03430313
03888893
00400f13
20200e93
05557463
00178f93
00fe2023
00aa06b3
00000793
00000613
0006c703
00168693
00f71733
00878793
00e66633
feb796e3
00c32023
01e8a023
01d82023
00450513
000f8793
fbdff06f
50000e37
50000337
500008b7
50000837
00000513
030e0e13
02000593
03430313
03888893
00400f13
03c80813
20200e93
05257463
00178f93
00fe2023
00a986b3
00000793
00000613
0006c703
00168693
00f71733
00878793
00e66633
feb796e3
00c32023
01e8a023
01d82023
00450513
000f8793
fbdff06f
50000637
02062823
500006b7
0206aa23
50000737
500007b7
02072c23
10500593
02b7ae23
01c12783
001c0c13
a8dff06f
000087b7
b2878613
1c818593
ea818513
090020ef
00050793
ea1ff06f
4c818593
aa8c8613
ea818513
078020ef
00050793
e89ff06f
4c818693
000087b7
b2878593
aa8c8613
ea818513
699010ef
00050793
e69ff06f
000087b7
00008637
b2878593
ae860613
ea818513
509010ef
00050793
e49ff06f
aa8c8513
0e5010ef
00050793
e39ff06f
aa8c8513
2e5010ef
00050793
e29ff06f
02000793
a8f81ee3
a90d1ce3
a80b1ae3
32000793
a8fa96e3
66000793
a8f912e3
ab1ff06f
00200513
fdcff0ef
02012703
ae442783
02f70663
00400513
fc8ff0ef
02000793
a4fd1ee3
a40b1ce3
30000793
a4fa98e3
02000793
a4f914e3
a75ff06f
4b415737
45070713
500006b7
00e6a023
500007b7
1ff00713
02e7ae23
00000013
00000013
ff9ff06f
000087b7
ae07a303
0e030063
30000737
500007b7
02a70713
02e7ac23
02a00313
0a060a63
00700793
08c7f663
00b567b3
0037f793
08079063
00158793
40f507b3
0037b793
06079863
ffc67813
00058793
00050713
010588b3
0007a683
00478793
00470713
fed72e23
fef898e3
05060063
0008c683
01050733
00180793
00d70023
02c7f663
00f58733
00074703
00f507b3
00280813
00e78023
00c87a63
010585b3
0005c783
01050833
00f80023
02031463
00008067
00000793
00f58733
00074683
00f50733
00178793
00d70023
fec7e6e3
fe0300e3
40000737
500007b7
02a70713
02e7ac23
00008067
f2061ee3
00008067
0e060063
40a006b3
fff60813
00500893
0ff5f713
0036f793
0d08f663
00000593
02078663
00e50023
0026f693
00100593
00068e63
00e500a3
00300693
00200593
00d79663
00e50123
00300593
00871693
40f60333
01071893
00d766b3
01871813
0116e6b3
00f507b3
ffc37893
0106e6b3
01178833
00d7a023
00478793
ff079ce3
011587b3
05130e63
00f506b3
00e68023
00178693
04c6f663
00d506b3
00e68023
00278693
02c6fe63
00d506b3
00e68023
00378693
02c6f663
00d506b3
00e68023
00478693
00c6fe63
00d506b3
00e68023
00578793
00c7f663
00f507b3
00e78023
00008067
00000793
fa1ff06f
000087b7
ae07ae83
00058713
000e8c63
300006b7
500007b7
02168693
02d7ac23
02100e93
0013b337
00050f13
20070f93
fb030313
08000e37
00a71503
00871583
00e71603
02650533
00c71683
00671883
00271783
00471803
00071283
004f0f13
01070713
026585b3
01c50533
01c55513
00451513
02660633
01c585b3
01c5d593
00a5e5b3
febf0f23
026686b3
01c60633
01c65613
00461613
026888b3
01c686b3
01c6d693
00c6e6b3
fedf0fa3
026787b3
01c888b3
01c8d893
00489893
02680833
01c787b3
01c7d793
00479793
026285b3
01c80833
01c85813
01186833
ff0f0ea3
01c586b3
01c6d693
00d7e7b3
feff0e23
f4ef94e3
000e8a63
40000737
500007b7
02170713
02e7ac23
00008067
000087b7
ae07a803
00050613
00080c63
30000737
500007b7
02270713
02e7ac23
02200813
9d7dc537
14060893
c0050513
00059f83
00259f03
00459e83
41ffd313
41ff5713
02afbfb3
41fed793
00659e03
00560613
00858593
41fe5693
02a30333
02a70733
01f30333
00130313
00135313
3ff37313
00835f93
fe660da3
02af3f33
02a787b3
01e70733
00170713
00175713
3ff77713
00271313
006fe333
00675713
fe660e23
02aebeb3
02a686b3
01d787b3
00178793
0017d793
3ff7f793
00479313
00676733
fee60ea3
0047d793
02ae3e33
01c68733
00170713
00175713
3ff77713
00671693
00d7e7b3
00275713
fef60f23
fee60fa3
f2c89ee3
00080a63
40000737
500007b7
02270713
02e7ac23
00008067
000087b7
ae07a603
00060c63
30000737
500007b7
02370713
02e7ac23
02300613
00001737
20050693
d0170713
0005c783
00450513
00158593
00f7f793
02e787b3
00878793
0047d793
fef51e23
fff5c783
0047d793
02e787b3
00878793
0047d793
fef51f23
fca694e3
00060a63
40000737
500007b7
02370713
02e7ac23
00008067
000087b7
ae07a883
00058613
00088c63
30000737
500007b7
02470713
02e7ac23
02400893
00001837
00050593
00010537
14060313
d0180813
fff50513
00164e03
00264e83
00064f83
002e5f13
008e1793
006e9e13
00364703
01ee6e33
01f7e7b3
00464683
3ff7f793
3ffe7e13
030787b3
00675f13
004ede93
00471713
00269693
01d76733
01e6e6b3
3ff77713
01069693
4106d693
030e0e33
20078793
00a7d793
00a7f7b3
00858593
00560613
03070733
200e0e13
00ae5e13
010e1e13
01c7e7b3
fef5ac23
030686b3
20070793
00a7d793
fef59e23
20068793
00a7d793
fef59f23
f4661ee3
00088a63
40000737
500007b7
02470713
02e7ac23
00008067
000087b7
ae07a883
00088c63
30000737
500007b7
02570713
02e7ac23
02500893
18050813
00059683
00259783
00350513
01069713
00479613
01075713
01079793
00875713
0107d793
00c76733
0047d793
fee50f23
fef50fa3
fed50ea3
00458593
fca812e3
00088a63
40000737
500007b7
02570713
02e7ac23
00008067
000087b7
ae07a303
00030c63
30000737
500007b7
02670713
02e7ac23
02600313
00001837
18058893
fff80813
0015c683
0025c783
0005c603
00869713
01077733
0046d693
00479793
00c76733
00d7e7b3
00e51023
00f51123
00358593
00450513
fcb896e3
00030a63
40000737
500007b7
02670713
02e7ac23
00008067
000087b7
ae07ae83
00050713
00058693
000e8c63
30000637
500007b7
02760613
02c7ac23
02700e93
20070f93
00100f13
00200e13
00400313
00800893
01000813
02000513
04000593
f8000613
000f0293
0006c783
0057f7b3
40f007b3
4107d793
6817f793
00f71023
000e0293
0006c783
0057f7b3
40f007b3
4107d793
6817f793
00f71123
00030293
0006c783
0057f7b3
40f007b3
4107d793
6817f793
00f71223
00088293
0006c783
0057f7b3
40f007b3
4107d793
6817f793
00f71323
00080293
0006c783
0057f7b3
40f007b3
4107d793
6817f793
00f71423
00050293
0006c783
0057f7b3
40f007b3
4107d793
6817f793
00f71523
00058293
0006c783
0057f7b3
40f007b3
4107d793
6817f793
00f71623
00060293
0006c783
0057f7b3
40f007b3
4107d793
6817f793
00f71723
01070713
00168693
f0ef9ce3
000e8a63
40000737
500007b7
02770713
02e7ac23
00008067
000087b7
ae07a803
00050693
00058713
00080c63
30000637
500007b7
02860613
02c7ac23
02800813
0013b5b7
20070893
fb858593
40000537
00068023
00071783
00168693
01070713
02b787b3
00a787b3
01f7d793
fef68fa3
ff271603
02b60633
00a60633
01f65613
00161613
00c7e7b3
fef68fa3
ff471603
02b60633
00a60633
01f65613
00261613
00c7e7b3
fef68fa3
ff671603
02b60633
00a60633
01f65613
00361613
00c7e7b3
fef68fa3
ff871603
02b60633
00a60633
01f65613
00461613
00c7e7b3
fef68fa3
ffa71603
02b60633
00a60633
01f65613
00561613
00c7e7b3
fef68fa3
ffc71603
02b60633
00a60633
01f65613
00661613
00c7e7b3
fef68fa3
ffe71603
02b60633
00a60633
01f65613
00761613
00c7e7b3
fef68fa3
f1171ee3
00080a63
40000737
500007b7
02870713
02e7ac23
00008067
eb010113
13712623
00008bb7
13612823
ae0bab03
14912223
15212023
13312e23
13512a23
01f10493
14112623
14812423
13412c23
00050913
00058993
00060a93
fe04f493
000b0c63
30000737
500007b7
00970713
02e7ac23
00900b13
00048413
10048a13
00040513
02000613
00098593
04040413
e98ff0ef
ff4416e3
0a0a8863
00100793
10000813
0af49023
00048713
10100793
60090693
40090613
20090593
00090513
0ef49023
02049023
07049023
191020ef
ae0ba783
08078063
50000437
300007b7
02978793
10000613
00000593
00048513
02f42c23
f24ff0ef
03840413
400007b7
02978793
00f42023
000b0a63
40000737
500007b7
00970713
02e7ac23
14c12083
14812403
14412483
14012903
13c12983
13812a03
13412a83
13012b03
12c12b83
15010113
00008067
10000793
00100813
f55ff06f
10000613
00000593
00048513
eb8ff0ef
fa5ff06f
94010113
6a812c23
6b312623
fffff437
000089b7
000017b7
6b412423
99f40413
fffff2b7
69078793
ae09aa03
6b512223
6b612023
6a112e23
6a912a23
6b212823
69712e23
69812c23
69912a23
008787b3
00510133
00278433
00058b13
00050a93
00060593
fe047413
000a0c63
30000737
500007b7
00670713
02e7ac23
00600a13
000017b7
64078793
00f404b3
00001bb7
02000613
00048513
600b8b93
d24ff0ef
01740bb3
00001c37
01840c33
00200793
00048593
02100613
000b8513
66fc0023
370030ef
00000613
000b8593
00040513
000014b7
de1ff0ef
80048493
009404b3
00300793
00200893
00100813
020b8713
000c0613
200c0693
20048593
00f12023
00048513
00000793
0c8020ef
00048513
675010ef
000c0513
66d010ef
000016b7
40068693
00d40cb3
00001937
00048593
000c8513
c0090913
7d9010ef
01240933
000c8693
00048613
00040593
00090513
685010ef
000c8693
00048613
40040593
20090513
671010ef
00090513
03c020ef
000c0593
00090513
7f9010ef
00090513
7c9010ef
00048513
7c1010ef
00048593
000b0513
581010ef
00090593
000a8513
575010ef
02000613
000b8593
300a8513
c10ff0ef
ae09a783
20078a63
500004b7
300007b7
02978793
20000613
00000593
000c8513
02f4ac23
cd8ff0ef
03848493
400007b7
02978793
00f4a023
ae09a783
1e078a63
00001537
50000937
80050513
300007b7
02978793
00a404b3
40000613
00000593
00048513
02f92c23
c94ff0ef
03890913
400007b7
02978793
00f92023
ae09a783
1c078a63
00001537
50000937
c0050513
300007b7
02978793
00a404b3
40000613
00000593
00048513
02f92c23
c50ff0ef
03890913
400007b7
02978793
00f92023
ae09a783
1a078a63
500004b7
300007b7
00001937
02978793
01240933
40000613
00000593
00090513
02f4ac23
c10ff0ef
03848493
400007b7
02978793
00f4a023
ae09a783
18078a63
500004b7
300007b7
02978793
00001637
80060613
00000593
00040513
02f4ac23
bd4ff0ef
03848493
400007b7
02978793
00f4a023
ae09a783
16078a63
00001537
50000937
64050513
300007b7
02978793
00a404b3
02100613
00000593
00048513
02f92c23
b90ff0ef
03890913
400007b7
02978793
00f92023
ae09a783
14078a63
00001537
500004b7
60050513
300007b7
02978793
00a40433
04000613
00000593
00040513
02f4ac23
b4cff0ef
03848493
400007b7
02978793
00f4a023
000a0a63
40000737
500007b7
00670713
02e7ac23
000012b7
00510133
6bc12083
6b812403
6b412483
6b012903
6ac12983
6a812a03
6a412a83
6a012b03
69c12b83
69812c03
69412c83
00000513
6c010113
00008067
20000613
00000593
000c8513
ad8ff0ef
ae09a783
e0079ae3
00001537
80050513
00a404b3
40000613
00000593
00048513
ab4ff0ef
ae09a783
e2079ae3
00001537
c0050513
00a404b3
40000613
00000593
00048513
a90ff0ef
ae09a783
e4079ae3
000014b7
009404b3
40000613
00000593
00048513
a70ff0ef
ae09a783
e6079ae3
00001637
80060613
00000593
00040513
a54ff0ef
ae09a783
e8079ae3
00001537
64050513
00a404b3
02100613
00000593
00048513
a30ff0ef
ae09a783
ea079ae3
000017b7
60078793
00f40433
04000613
00000593
00040513
a0cff0ef
ed1ff06f
f7010113
08812423
08912223
ffffe437
000084b7
000027b7
07812423
fdf40413
ffffe2b7
05078793
ae04ac03
07312e23
07412c23
07512a23
07912223
08112623
09212023
07612823
07712623
07a12023
05b12e23
008787b3
00510133
00278433
00050c93
00058a93
00060a13
00068993
fe047413
000c0c63
30000737
500007b7
00770713
02e7ac23
00700c13
00001db7
01b40db3
000a0593
000d8513
00002937
201010ef
01240933
00002bb7
02000613
300a0593
00090513
c00b8b93
858ff0ef
01740bb3
000a8593
000b8513
eb4ff0ef
00090593
00100613
00040513
00001b37
00001937
925ff0ef
c00b0b13
40090913
01240933
01640b33
00300793
00098713
00200893
00100813
200b0693
00f12023
000b0613
00000793
20090593
00090513
7e9010ef
00002537
a0050513
00a40d33
00400613
00098593
000d0513
675010ef
000029b7
00090513
80098993
18d010ef
013409b3
00001ab7
00090593
00098513
800a8a93
301010ef
01540ab3
00098693
00090613
00040593
000a8513
1ad010ef
00002a37
00098693
00090613
40040593
200a8513
e00a0a13
191010ef
01440a33
00098693
00090613
000d8593
000a0513
179010ef
000a8513
149010ef
000a0513
644010ef
000b0593
000a8513
2f9010ef
000d0593
000a0513
334010ef
000b8593
000a0513
328010ef
000a8513
2b1010ef
000a0513
274010ef
000a8593
000c8513
7f8010ef
000a0593
280c8513
8e4ff0ef
ae04a783
2e078263
50000937
300007b7
02978793
20000613
00000593
00098513
02f92c23
fd1fe0ef
03890913
400007b7
02978793
00f92023
ae04a783
2c078263
00002537
500009b7
a0050513
300007b7
02978793
00a40933
20000613
00000593
00090513
02f9ac23
f8dfe0ef
03898993
400007b7
02978793
00f9a023
ae04a783
2a078263
00002537
500009b7
c0050513
300007b7
02978793
00a40933
20000613
00000593
00090513
02f9ac23
f49fe0ef
03898993
400007b7
02978793
00f9a023
ae04a783
28078263
00002537
500009b7
e0050513
300007b7
02978793
00a40933
20000613
00000593
00090513
02f9ac23
f05fe0ef
03898993
400007b7
02978793
00f9a023
ae04a783
26078263
00001537
500009b7
80050513
300007b7
02978793
00a40933
40000613
00000593
00090513
02f9ac23
ec1fe0ef
03898993
400007b7
02978793
00f9a023
ae04a783
24078263
00001537
500009b7
c0050513
300007b7
02978793
00a40933
40000613
00000593
00090513
02f9ac23
e7dfe0ef
03898993
400007b7
02978793
00f9a023
ae04a783
22078263
50000937
300007b7
000019b7
02978793
013409b3
40000613
00000593
00098513
02f92c23
e3dfe0ef
03890913
400007b7
02978793
00f92023
ae04a783
20078263
00001537
500009b7
40050513
300007b7
02978793
00a40933
40000613
00000593
00090513
02f9ac23
df9fe0ef
03898993
400007b7
02978793
00f9a023
ae04a783
1e078263
50000937
300007b7
02978793
00001637
80060613
00000593
00040513
02f92c23
dbdfe0ef
03890913
400007b7
02978793
00f92023
ae04a783
1c078263
000027b7
500004b7
30000737
02970713
00f40433
02000613
00000593
00040513
02e4ac23
d7dfe0ef
03848493
400007b7
02978793
00f4a023
000c0a63
40000737
500007b7
00770713
02e7ac23
000022b7
00510133
08c12083
08812403
08412483
08012903
07c12983
07812a03
07412a83
07012b03
06c12b83
06812c03
06412c83
06012d03
05c12d83
00000513
09010113
00008067
20000613
00000593
00098513
d01fe0ef
ae04a783
d40792e3
00002537
a0050513
00a40933
20000613
00000593
00090513
cddfe0ef
ae04a783
d60792e3
00002537
c0050513
00a40933
20000613
00000593
00090513
cb9fe0ef
ae04a783
d80792e3
00002537
e0050513
00a40933
20000613
00000593
00090513
c95fe0ef
ae04a783
da0792e3
00001537
80050513
00a40933
40000613
00000593
00090513
c71fe0ef
ae04a783
dc0792e3
00001537
c0050513
00a40933
40000613
00000593
00090513
c4dfe0ef
ae04a783
de0792e3
00001937
01240933
40000613
00000593
00090513
c2dfe0ef
ae04a783
e00792e3
00001537
40050513
00a40933
40000613
00000593
00090513
c09fe0ef
ae04a783
e20792e3
00001637
80060613
00000593
00040513
bedfe0ef
ae04a783
e40792e3
000027b7
00f40433
02000613
00000593
00040513
bcdfe0ef
e61ff06f
81010113
7e812423
7d512a23
fffff437
00008ab7
000017b7
7d612823
1ff40413
e2078793
ae0aab03
7e912223
7d312e23
7d712623
7e112623
7f212023
7d412c23
008787b3
9a010113
00278433
00050b93
00058493
00060993
fe047413
000b0c63
30000737
500007b7
00870713
02e7ac23
00800b13
40040a13
00001937
00048593
000a0513
c0090913
368010ef
01240933
28048593
00090513
e35fe0ef
00098593
00040513
3bc010ef
000014b7
000a0513
80048493
3e4010ef
009404b3
000019b7
000a0593
00048513
a0098993
558010ef
013409b3
00048693
000a0613
00040593
00098513
404010ef
00098513
0d8010ef
00098593
00090513
62d000ef
00090513
529000ef
00090593
000b8513
984ff0ef
ae0aa783
16078a63
50000937
300007b7
02978793
20000613
00000593
00048513
02f92c23
a91fe0ef
03890913
400007b7
02978793
00f92023
ae0aa783
14078a63
00001537
50000937
a0050513
300007b7
02978793
00a404b3
20000613
00000593
00048513
02f92c23
a4dfe0ef
03890913
400007b7
02978793
00f92023
ae0aa783
12078a63
00001537
50000937
c0050513
300007b7
02978793
00a404b3
20000613
00000593
00048513
02f92c23
a09fe0ef
03890913
400007b7
02978793
00f92023
ae0aa783
10078a63
500004b7
300007b7
02978793
40000613
00000593
00040513
02f4ac23
9d1fe0ef
03848493
400007b7
02978793
00f4a023
ae0aa783
0e078a63
50000437
300007b7
02978793
40000613
00000593
000a0513
02f42c23
999fe0ef
03840413
400007b7
02978793
00f42023
000b0a63
40000737
500007b7
00870713
02e7ac23
66010113
7ec12083
7e812403
7e412483
7e012903
7dc12983
7d812a03
7d412a83
7d012b03
7cc12b83
00000513
7f010113
00008067
20000613
00000593
00048513
931fe0ef
ae0aa783
ea079ae3
00001537
a0050513
00a404b3
20000613
00000593
00048513
90dfe0ef
ae0aa783
ec079ae3
00001537
c0050513
00a404b3
20000613
00000593
00048513
8e9fe0ef
ae0aa783
ee079ae3
40000613
00000593
00040513
8d1fe0ef
ae0aa783
f0079ae3
40000613
00000593
000a0513
8b9fe0ef
f31ff06f
8c010113
73312623
000089b7
72912a23
ae09a483
72812c23
73212823
01f10413
72112e23
73412423
73512223
00050913
fe047413
00048c63
30000737
500007b7
00470713
02e7ac23
00400493
00090593
00040513
0f8010ef
00040513
2ec010ef
40040a13
000a0513
00040593
0a8010ef
00397793
00090513
14079e63
000a0713
00000613
00000693
70040813
00072783
00052583
00470713
00450513
00b7c7b3
00f6e6b3
00f64633
ff0712e3
00865713
0086d793
00e64733
01065513
00f6e7b3
0106d593
00a74733
01865613
00b7e7b3
0186d693
00c74733
00d7e7b3
0ff77713
0ff7f793
40f007b3
4107d793
00f747b3
0ff7f793
00000a93
10e79863
ae09a783
0a078463
50000937
300007b7
02978793
30000613
00000593
000a0513
02f92c23
f90fe0ef
03890913
400007b7
02978793
00f92023
ae09a783
08078463
50000937
300007b7
02978793
40000613
00000593
00040513
02f92c23
f58fe0ef
03890913
400007b7
02978793
00f92023
00048a63
40000737
500007b7
00470713
02e7ac23
73c12083
73812403
73412483
73012903
72c12983
72812a03
000a8513
72412a83
74010113
00008067
30000613
00000593
000a0513
efcfe0ef
ae09a783
f80790e3
40000613
00000593
00040513
ee4fe0ef
f9dff06f
000a0613
70040813
00000713
00000793
00064683
00054583
00160613
00150513
00b6c6b3
00f6e7b3
00e6c733
fec812e3
ee1ff06f
ffc00a93
ef1ff06f
fa010113
05212823
00008937
04812c23
ae092403
04912a23
05312623
01f10493
04112e23
00050993
fe04f493
00040c63
30000737
500007b7
00570713
02e7ac23
00500413
30098593
32000613
00048513
2ec020ef
0039f793
62098593
16079663
6209a503
0044a583
0004a703
6249a783
6289a683
0084a883
62c9a603
00c4a803
00b7c7b3
00a74733
6309ae83
0104a503
00d8c8b3
0144a583
00e7e6b3
6349ae03
00e7c733
00c84833
0116e6b3
01174733
6389a603
0184a303
01d54533
63c9a783
01c4a883
0106e6b3
01074733
01c5c5b3
00a6e6b3
00a74733
00664633
00b6e6b3
00b74733
0117c7b3
00c6e6b3
00c74733
00f74733
00f6e6b3
00875613
0086d793
00c74633
01075513
00f6e7b3
0106d593
00a64633
01875713
00b7e7b3
0186d693
00e64733
00d7e7b3
0ff77713
0ff7f793
40f007b3
4107d793
00f747b3
0ff7f793
00000993
0ae79c63
ae092783
06078463
50000937
300007b7
02978793
02000613
00000593
00048513
02f92c23
d34fe0ef
03890913
400007b7
02978793
00f92023
00040a63
40000737
500007b7
00570713
02e7ac23
05c12083
05812403
05412483
05012903
00098513
04c12983
06010113
00008067
02000613
00000593
00048513
ce0fe0ef
fbdff06f
00048613
02048813
00000713
00000793
00064683
0005c503
00160613
00158593
00a6c6b3
00f6e7b3
00e6c733
ff0612e3
f39ff06f
ffb00993
f49ff06f
fe010113
01312623
000089b7
01512223
ae09aa83
00812c23
00912a23
01212823
00112e23
01412423
00050493
00058413
00060913
000a8c63
30000737
500007b7
00170713
02e7ac23
00100a93
00090613
00040593
00048513
d95fe0ef
00050a13
06051863
32000613
00048593
30040513
b3cfe0ef
32000613
00048593
62040513
0b8020ef
02000613
02090593
64040513
b1cfe0ef
000a8a63
40000737
500007b7
00170713
02e7ac23
01c12083
01812403
01412483
01012903
00c12983
00412a83
000a0513
00812a03
02010113
00008067
ae09a783
06078863
50000937
300007b7
02978793
32000613
00000593
00048513
02f92c23
ba8fe0ef
03890913
400007b7
02978793
00f92023
ae09a783
04078863
500004b7
300007b7
02978793
66000613
00000593
00040513
02f4ac23
b70fe0ef
03848493
400007b7
02978793
00f4a023
f55ff06f
32000613
00000593
00048513
b4cfe0ef
ae09a783
fa079ce3
66000613
00000593
00040513
b34fe0ef
f29ff06f
f3010113
0b412c23
00008a37
0b512a23
ae0a2a83
0c812423
0d212023
0b612823
0b712623
0b812423
01f10413
0c112623
0c912223
0b312e23
00050b13
00058c13
00060913
00068b93
fe047413
000a8c63
30000737
500007b7
00270713
02e7ac23
00200a93
00090513
a15ff0ef
00050493
04040993
0a050e63
ae0a2783
10078c63
50000937
300007b7
02978793
04000613
00000593
00040513
02f92c23
a90fe0ef
03890913
400007b7
02978793
00f92023
ae0a2783
0e078c63
50000437
300007b7
02978793
04000613
00000593
00098513
02f42c23
a58fe0ef
03840413
400007b7
02978793
00f42023
000a8a63
40000737
500007b7
00270713
02e7ac23
0cc12083
0c812403
0c012903
0bc12983
0b812a03
0b412a83
0b012b03
0ac12b83
0a812c03
00048513
0c412483
0d010113
00008067
02000613
000b8593
00098513
900fe0ef
32000613
00090593
06040513
67d010ef
04000613
00098593
00040513
751010ef
02040693
00090613
00098593
000b0513
fb9fe0ef
00050493
f00510e3
02000613
00040593
000c0513
8b4fe0ef
ae0a2783
ee0798e3
04000613
00000593
00040513
98cfe0ef
ae0a2783
f00798e3
04000613
00000593
00098513
974fe0ef
f2dff06f
c1010113
3f212023
00008937
3d412c23
ae092a03
3e812423
3d612823
3d812423
3d912223
01f10413
3e112623
3e912223
3d312e23
3d512a23
00050b13
00058c13
00060c93
fe047413
000a0c63
30000737
500007b7
00370713
02e7ac23
00300a13
000c8513
a69ff0ef
00050493
36040993
32040a93
0e050a63
ae092783
24078a63
50000b37
300007b7
02978793
32000613
00000593
00040513
02fb2c23
8d0fe0ef
038b0b13
400007b7
02978793
00fb2023
ae092783
22078a63
50000437
300007b7
02978793
04000613
00000593
000a8513
02f42c23
898fe0ef
03840413
400007b7
02978793
00f42023
ae092783
20078a63
50000437
300007b7
02978793
04000613
00000593
00098513
02f42c23
860fe0ef
03840413
400007b7
02978793
00f42023
000a0a63
40000737
500007b7
00370713
02e7ac23
3ec12083
3e812403
3e012903
3dc12983
3d812a03
3d412a83
3d012b03
3c812c03
3c412c83
00048513
3e412483
3f010113
00008067
000c8613
000c0593
00098513
c34ff0ef
00050493
32040a93
ee051ce3
02000613
620c8593
38040513
3da12023
ee9fd0ef
04000613
00098593
000a8513
549010ef
34040d13
000d0693
300c8613
00098593
00040513
dadfe0ef
00050493
14051863
3d712623
003c7793
14079663
000c0693
00040713
00000593
00000613
30040813
00072783
0006a503
00470713
00468693
00a7c7b3
00f66633
00f5c5b3
ff0712e3
0085d713
00865793
00e5c733
0105d513
00f667b3
01065693
00a74733
0185d593
00d7e7b3
01865613
00b74733
00c7e7b3
0ff77713
0ff7f793
40f007b3
4107d793
00f747b3
02000613
0ff7f793
640c8593
00040513
00e7cbb3
e1dfd0ef
30000613
000c0593
02040513
e0dfd0ef
32000693
02000593
000b0513
00040613
259010ef
417005b3
000b0693
000a8513
00054603
00058713
0006c783
41075713
00150513
00f647b3
00e7f7b3
00f64633
00c68023
00168693
fcad1ce3
ae092783
3cc12b83
3c012d03
da079ae3
32000613
00000593
00040513
e91fd0ef
ae092783
dc079ae3
04000613
00000593
000a8513
e79fd0ef
ae092783
de079ae3
04000613
00000593
00098513
e61fd0ef
e11ff06f
3c012d03
d61ff06f
000c0593
00040613
30040813
00000713
00000793
00064683
0005c503
00160613
00158593
00a6c6b3
00f6e7b3
00e6c733
ff0612e3
ef1ff06f
000087b7
ae07a883
00088c63
30000737
500007b7
01e70713
02e7ac23
01e00893
fffff637
fffff6b7
20050813
54900593
30160613
2ff68693
00051703
00250513
02b70733
02c707b3
01079793
4107d793
02d787b3
00e787b3
4107d793
fef51f23
fca81ce3
00088a63
40000737
500007b7
01e70713
02e7ac23
00008067
000087b7
ae07ae03
000e0c63
30000737
500007b7
01d70713
02e7ac23
01d00e13
00005837
00001637
20050313
ebf80813
020008b7
d0160613
00051703
030707b3
011787b3
41a7d793
02c787b3
40f70733
01071693
4106d693
01071713
01075713
00068793
0107d793
40f007b3
00c705b3
00b74733
4107d793
00f77733
00e6c6b3
00d51023
00250513
faa318e3
000e0a63
40000737
500007b7
01d70713
02e7ac23
00008067
000087b7
ae07a603
00060c63
30000737
500007b7
01f70713
02e7ac23
01f00613
20050693
00055783
0005d703
00250513
00258593
00e787b3
fef51f23
fea694e3
00060a63
40000737
500007b7
01f70713
02e7ac23
00008067
000087b7
ae07a603
00060c63
30000737
500007b7
02070713
02e7ac23
02000613
20050693
00055783
0005d703
00250513
00258593
40e787b3
fef51f23
fea694e3
00060a63
40000737
500007b7
02070713
02e7ac23
00008067
000087b7
ae07ae03
000e0c63
30000737
500007b7
01c70713
02e7ac23
01c00e13
fffff337
fffff8b7
00008837
00008f37
00010eb7
00258593
9a080813
a20f0f13
30130313
2ff88893
fffe8e93
00081703
00059603
00459683
40e007b3
01079793
4107d793
02e60633
00450513
00280813
00858593
02f686b3
026607b3
02668733
01079793
4107d793
01071713
41075713
031787b3
03170733
00c787b3
0107d793
01d7f7b3
00d70733
01075713
01071713
00e7e7b3
fef52e23
f90f1ae3
000e0a63
40000737
500007b7
01c70713
02e7ac23
00008067
fe010113
000087b7
01512423
ae07aa83
01312823
00812e23
00912c23
01212a23
01412623
01612223
01712023
00050993
000a8c63
30000737
500007b7
01970713
02e7ac23
01900a93
fffff337
fffff8b7
000084b7
00000793
d0a00813
92048493
10000b13
00100913
30130313
2ff88893
0ff00393
00700a13
00178413
008b5f33
00f91eb3
000f0513
002f1293
001e8e93
001f1f13
001e9e93
405502b3
01d48eb3
01e98633
00000e13
00129293
41e60fb3
000f8713
000e0593
00061683
00075b83
00260613
030686b3
00270713
00158593
026687b3
01079793
4107d793
031787b3
00d787b3
0107d793
40fb8bb3
ff761f23
ffe75683
00d787b3
fef71f23
faa5eee3
01ee0e33
01e50533
01c3ea63
000e9803
405f8633
002e8e93
f95ff06f
01440e63
008917b3
00179793
00f487b3
00079803
00040793
f45ff06f
000a8a63
40000737
500007b7
01970713
02e7ac23
01c12403
01812483
01412903
01012983
00c12a03
00812a83
00412b03
00012b83
02010113
00008067
fd010113
000087b7
02912423
ae07a483
03212223
02812623
03312023
01412e23
01512c23
01612a23
01712823
01812623
01912423
00050913
00048c63
30000737
500007b7
01a70713
02e7ac23
01a00493
fffff5b7
fffff637
20090813
00090713
5a100513
30158593
2ff60613
00071683
00270713
02a686b3
02b687b3
01079793
4107d793
02c787b3
00d787b3
4107d793
fef71f23
fce81ce3
80000b37
000052b7
00001fb7
ffffff37
fffffeb7
00008a37
65c00893
00700993
920a0a13
10000b93
00100a93
ffeb0b13
ebf28293
020003b7
d01f8f93
301f0f13
2ffe8e93
0ff00413
013a95b3
016585b3
013bd333
00159593
00131e13
00ba05b3
00090613
00000713
00ce0833
00080693
00e30533
00065c83
0006dc03
00260613
00268693
018c8c33
010c1793
4107d793
025787b3
00170713
007787b3
41a7d793
03f787b3
40fc0c33
ff861f23
ffe6dc03
419c0c33
010c1c13
410c5c13
031c0c33
03ec07b3
01079793
4107d793
03d787b3
018787b3
4107d793
fef69f23
f8a76ce3
00a30733
00e46a63
00059883
010e0633
ffe58593
f75ff06f
fff98993
00098e63
013a97b3
fff78793
00179793
00fa07b3
00079883
f35ff06f
00048a63
40000737
500007b7
01a70713
02e7ac23
02c12403
02812483
02412903
02012983
01c12a03
01812a83
01412b03
01012b83
00c12c03
00812c83
03010113
00008067
ff010113
00812423
00912223
00112623
00050413
00058493
9edfd0ef
14040513
00812403
00c12083
20048593
00412483
01010113
9d1fd06f
ff010113
00812423
00912223
00112623
00050413
00058493
b45fd0ef
20040513
00812403
00c12083
14048593
00412483
01010113
b29fd06f
ff010113
00812423
00912223
00112623
00050413
00058493
c09fd0ef
18040513
00812403
00c12083
20048593
00412483
01010113
bedfd06f
ff010113
00812423
00912223
00112623
00050413
00058493
c4dfd0ef
20040513
00812403
00c12083
18048593
00412483
01010113
c31fd06f
ff010113
00812423
00112623
00050413
ba9ff0ef
20040513
00812403
00c12083
01010113
b95ff06f
ff010113
00812423
00112623
00050413
cf5ff0ef
20040513
00812403
00c12083
01010113
ce1ff06f
000087b7
ae07a883
fe010113
00812e23
00912c23
01212a23
01312823
01412623
00088c63
30000737
500007b7
01b70713
02e7ac23
01b00893
fffffe37
fffff337
00010eb7
00068813
20058f13
301e0e13
2ff30313
fffe8e93
00259283
00059983
00061903
00081f83
00261683
20259783
025f8fb3
20059703
10081403
20261383
20061483
00450513
00458593
00280813
00460613
032282b3
033686b3
03298a33
005686b3
02f40433
014f8fb3
02e382b3
008f8fb3
02970733
005686b3
029787b3
00ef8fb3
00f686b3
03c68733
03cf87b3
01071713
41075713
01079793
4107d793
026787b3
02670733
01f787b3
0107d793
01d7f7b3
00d70733
01075713
01071713
00e7e7b3
fef52e23
f5e598e3
00088a63
40000737
500007b7
01b70713
02e7ac23
01c12403
01812483
01412903
01012983
00c12a03
02010113
00008067
ff010113
00812423
00912223
00112623
00050413
00058493
941ff0ef
10040513
00812403
00c12083
20048593
00412483
01010113
925ff06f
ff010113
00812423
00112623
00050413
fbcff0ef
20040513
00812403
00c12083
01010113
fa8ff06f
ff010113
00812423
00912223
00112623
00050413
00058493
831ff0ef
20040513
00812403
00c12083
20048593
00412483
01010113
815ff06f
ff010113
00812423
00112623
00050413
ee0ff0ef
20040513
00812403
00c12083
01010113
eccff06f
b9010113
45612823
00008b37
45a12023
ae0b2d03
46812423
46912223
45512a23
45712623
45812423
45912223
02f10413
46112623
47212023
45312e23
45412c23
43b12e23
00a12223
00b12423
00c12623
00068a93
00070493
00078c93
00080c13
00088b93
fe047413
000d0c63
300006b7
50000737
00b68693
02d72c23
00b00d13
30040913
00048593
02000613
00090513
b60fd0ef
34040a13
00048593
02000613
000a0513
b4cfd0ef
38040993
00048593
02000613
00098513
b38fd0ef
3c040d93
00048593
02000613
000d8513
b24fd0ef
47014783
02100693
00090613
0c000593
00040513
3ef40023
33940023
37840023
3b740023
0c040493
759000ef
000a0613
02100693
0c000593
00048513
745000ef
18040a13
02100693
00098613
0c000593
000a0513
72d000ef
100a8663
24040993
02100693
000d8613
0c000593
00098513
711000ef
00412503
00040593
4e9000ef
00812503
00048593
4dd000ef
00c12503
000a0593
4d1000ef
00098593
000a8513
4c5000ef
ae0b2783
0e078463
500004b7
300007b7
02978793
30000613
00000593
00040513
02f4ac23
b48fd0ef
03848493
400007b7
02978793
00f4a023
ae0b2783
0c078463
50000437
300007b7
02978793
10000613
00000593
00090513
02f42c23
b10fd0ef
03840413
400007b7
02978793
00f42023
000d0a63
40000737
500007b7
00b70713
02e7ac23
46c12083
46812403
46412483
46012903
45c12983
45812a03
45412a83
45012b03
44c12b83
44812c03
44412c83
44012d03
43c12d83
47010113
00008067
00412503
00040593
3f9000ef
00812503
00048593
3ed000ef
00c12503
000a0593
3e1000ef
ae0b2783
f20790e3
30000613
00000593
00040513
a74fd0ef
ae0b2783
f40790e3
10000613
00000593
00090513
a5cfd0ef
f5dff06f
f2010113
0d212823
00008937
0d512223
ae092a83
0c812c23
0d312623
0d412423
01f10413
0c112e23
0c912a23
00050993
00060a13
fe047413
000a8c63
30000737
500007b7
00c70713
02e7ac23
00c00a93
08040493
02000613
00048513
908fd0ef
02100693
00048613
08000593
00040513
0b440023
551000ef
00040593
00098513
189000ef
ae092783
0a078263
500009b7
300007b7
02978793
08000613
00000593
00040513
02f9ac23
9acfd0ef
03898993
400007b7
02978793
00f9a023
ae092783
08078263
50000437
300007b7
02978793
02100613
00000593
00048513
02f42c23
974fd0ef
03840413
400007b7
02978793
00f42023
000a8a63
40000737
500007b7
00c70713
02e7ac23
0dc12083
0d812403
0d412483
0d012903
0cc12983
0c812a03
0c412a83
0e010113
00008067
08000613
00000593
00040513
91cfd0ef
ae092783
f80792e3
02100613
00000593
00048513
904fd0ef
fa1ff06f
b9010113
45412c23
00008a37
45812423
ae0a2c03
46812423
46912223
45512a23
45612823
45712623
45912223
02f10413
46112623
47212023
45312e23
45a12023
43b12e23
00d12223
00050b93
00058b13
00060a93
00070493
00088c93
fe047413
000c0c63
300006b7
50000737
00d68693
02d72c23
00d00c13
30040913
00048593
02000613
00090513
01012623
00f12423
34040993
f79fc0ef
00048593
02000613
00098513
f69fc0ef
38040d93
00048593
02000613
000d8513
f55fc0ef
3c040d13
00048593
02000613
000d0513
f41fc0ef
00812783
00c12803
02100693
32f40023
47014783
00090613
0c000593
00040513
3ef40023
37040023
3b940023
371000ef
0c040c93
00098613
02100693
0c000593
000c8513
359000ef
18040993
02100693
000d8613
08000593
00098513
341000ef
24040493
02100693
000d0613
08000593
00048513
329000ef
00040593
000b8513
101000ef
000c8593
000b0513
0f5000ef
00098593
000a8513
748000ef
00412503
00048593
73c000ef
ae0a2783
0a078e63
500004b7
300007b7
02978793
30000613
00000593
00040513
02f4ac23
f61fc0ef
03848493
400007b7
02978793
00f4a023
ae0a2783
08078e63
50000437
300007b7
02978793
10000613
00000593
00090513
02f42c23
f29fc0ef
03840413
400007b7
02978793
00f42023
000c0a63
40000737
500007b7
00d70713
02e7ac23
46c12083
46812403
46412483
46012903
45c12983
45812a03
45412a83
45012b03
44c12b83
44812c03
44412c83
44012d03
43c12d83
47010113
00008067
30000613
00000593
00040513
eb9fc0ef
ae0a2783
f60796e3
10000613
00000593
00090513
ea1fc0ef
f89ff06f
000087b7
ae07ae03
00050893
000e0c63
30000737
500007b7
00a70713
02e7ac23
00a00e13
00001837
00001337
1f858e93
00000513
fff30313
d0080813
10000f13
0280006f
00e84e63
00050613
00161793
00f887b3
00e79023
00160513
05e50c63
00358593
04be8a63
0015c603
0005c683
0025c703
00861793
00d7e7b3
00465613
0067f7b3
00471713
00c76733
01079793
00151693
01071713
4107d793
00d886b3
00150613
41075713
f8f84ee3
00f69023
03e61063
10000513
000e0a63
40000737
500007b7
00a70713
02e7ac23
00008067
00060513
f8e846e3
f75ff06f
81010113
fffff7b7
00001837
7e112623
7e812423
7e912223
7f212023
7d312e23
7d412c23
7d512a23
7d612823
7d712623
7d812423
7d912223
7da12023
7bb12e23
4df78793
c5010113
b4080813
00f80833
02010793
00f807b3
00001837
fe07fc13
80080813
010c07b3
00050893
00078513
00070413
00078493
01112c23
00060d93
00068d13
00f12e23
00b12a23
705000ef
0c040713
08040693
04040613
00040593
00048513
02200793
45d000ef
200c0813
00048413
600c0693
400c0613
00040793
00300713
00080593
000c0513
00060493
00068413
00d12823
00c12623
00080913
01012423
5c5000ef
01812883
000c0593
50000b37
00088513
e2dff0ef
01412803
00090593
00050c93
00080513
e19ff0ef
00048593
00050913
000d8513
e09ff0ef
00040593
00050993
000d0513
df9ff0ef
01412803
01812883
00001437
000014b7
00050a13
00008ab7
0a8c0b93
fff48493
d0040413
038b0b13
0ff00793
1f97f263
0127f663
0137f463
3547ea63
01c12783
01012683
00c12603
00812583
00100713
000c0513
01012c23
01112a23
51d000ef
ae0aa783
01412883
01812803
00078e63
300007b7
00a78793
00fb2023
400007b7
00a78793
00fb2023
ae0aa503
20050863
300007b7
00a78793
00fb2023
0ff00793
00a00513
0527ec63
00812703
2a8c0613
10000593
00174f83
00074283
00191693
008f9793
0057e7b3
0097f7b3
01079793
4107d793
00274283
004fdf93
00d806b3
00190393
00370713
1ef44263
00f69023
1cb39c63
10000913
00050863
400007b7
00a78793
00fb2023
ae0aa503
1a050063
300007b7
00a78793
00fb2023
0ff00793
00a00513
0537ec63
00c12703
4a8c0613
10000593
00174f83
00074283
00199693
008f9793
0057e7b3
0097f7b3
01079793
4107d793
00274283
004fdf93
00dd86b3
00198393
00370713
18f44a63
00f69023
18b39463
10000993
00050863
400007b7
00a78793
00fb2023
ae0aa503
12050863
300007b7
00a78793
00fb2023
0ff00793
00a00513
0547ec63
01012703
6a8c0613
10000593
00174f83
00074283
001a1693
008f9793
0057e7b3
0097f7b3
01079793
4107d793
00274283
004fdf93
00dd06b3
001a0393
00370713
14f44263
00f69023
12b39c63
10000a13
e20508e3
400007b7
00a78793
00fb2023
0ff00793
e397e2e3
00812583
01c12783
01012683
00c12603
00100713
000c0513
01012c23
01112a23
349000ef
ae0aa583
01412883
01812803
1c059a63
000c0713
10000613
00174503
00074f83
001c9693
00851793
01f7e7b3
0097f7b3
01079793
4107d793
00274f83
00455513
00d886b3
001c8293
00370713
0cf44e63
00f69023
0cc29863
10000c93
de0596e3
ae0aa503
de051ce3
0ff00793
e127f4e3
ae0aa503
e60514e3
0ff00793
e737fce3
ae0aa503
ec051ce3
0ff00793
ef47f4e3
d65ff06f
00038913
00429293
00191793
01f2e2b3
00f807b3
00190693
00544863
00579023
e0b686e3
00068913
dce612e3
e05ff06f
00038993
00429293
00199793
01f2e2b3
00fd87b3
00198693
00544863
00579023
e4b68ee3
00068993
e0e61ae3
e55ff06f
00038a13
00429293
001a1793
01f2e2b3
00fd07b3
001a0693
00544863
00579023
eab686e3
00068a13
e6e612e3
ea5ff06f
00028c93
004f9f93
001c9793
00afefb3
00f887b3
001c8693
01f44863
01f79023
f0c68ae3
00068c93
eceb96e3
f00588e3
cf5ff06f
00001437
80040413
008c0533
2cd000ef
ae0aa783
08078663
500004b7
300007b7
02978793
00040613
00000593
000c0513
02f4ac23
8cdfc0ef
03848493
400007b7
02978793
00f4a023
3b010113
7ec12083
7e812403
7e412483
7e012903
7dc12983
7d812a03
7d412a83
7d012b03
7cc12b83
7c812c03
7c412c83
7c012d03
7bc12d83
7f010113
00008067
30000737
500007b7
00a70713
02e7ac23
00a00593
e1dff06f
00040613
00000593
000c0513
855fc0ef
f99ff06f
000087b7
ae07a883
ff010113
00812623
00912423
01212223
01312023
00088c63
30000737
500007b7
00e70713
02e7ac23
00e00893
55555337
00010837
20050e13
55530313
fff80813
0015c683
0005c603
0025c783
0035c703
00869693
00c6e6b3
01079793
00d7e7b3
01871713
00f76733
00175793
0067f7b3
00677733
00e787b3
0027d993
0087d693
00a7d913
0107d713
0127d493
0037f613
0039f993
0036f693
00397913
00377713
0034f493
0047df93
0067d413
00c7df13
00e7d393
0147de93
0167d293
41360633
412686b3
40970733
00347413
0033f393
0032f293
003fff93
003f7f13
003efe93
01061613
01069693
01071713
408f8fb3
407f0f33
405e8eb3
0187d393
01a7d413
01c7d293
01065613
0106d693
01075713
010e9e93
010f9f93
01067633
010f1f13
0106f6b3
01077733
0033f393
00347413
0032f293
01e7d793
01d76733
01f66633
01e6e6b3
40838eb3
40f287b3
00c52023
00d52223
00e52423
01d51623
00f51723
01050513
00458593
edc51ce3
00088a63
40000737
500007b7
00e70713
02e7ac23
00c12403
00812483
00412903
00012983
01010113
00008067
000087b7
ae07a883
00058613
00088c63
30000737
500007b7
00f70713
02e7ac23
00f00893
00249837
00010337
0c060e13
24980813
fff30313
00164703
00264783
00064683
00871713
01079793
00f76733
00d76733
00175793
00275693
0106f6b3
0107f7b3
01077733
00d787b3
00e787b3
0037de93
0077f713
007efe93
0067d693
0097d593
41d70733
0075f593
0076f693
01071713
40b686b3
00c7de93
00f7df13
0127d593
01075713
01069693
00677733
007efe93
007f7f13
0075f593
0157d793
00d76733
40f587b3
41ee86b3
00e52023
00d51223
00f51323
00360613
00850513
f4ce1ce3
00088a63
40000737
500007b7
00f70713
02e7ac23
00008067
fd010113
02812423
02912223
03212023
02112623
00050913
00058493
00060413
00d107a3
00050793
0c850713
00000613
00000693
00c7a023
00d7a223
00878793
fee796e3
08700793
0287fc63
01312e23
08700993
00048593
08800693
00000613
00090513
375020ef
00090513
f7840413
434030ef
08848493
fc89eee3
01c12983
04041663
00040613
00f10593
00090513
00100693
345020ef
00f10593
00090513
f8000793
00100693
08700613
00f107a3
329020ef
02c12083
02812403
02412483
02012903
03010113
00008067
00040693
00000613
00048593
00090513
2fd020ef
08700793
faf410e3
00f14783
00f10593
00090513
f807e793
00100693
08700613
00f107a3
2d5020ef
02c12083
02812403
02412483
02012903
03010113
00008067
ee010113
11612023
00008b37
11512223
ae0b2a83
10812c23
11212823
11312623
10112e23
01f10993
00058413
00050913
00060593
fe09f993
00068613
000a8c63
30000737
500007b7
01370713
02e7ac23
01300a93
01f00693
00098513
e85ff0ef
04040663
11412423
10912a23
08800a13
00098513
310030ef
00000613
00090593
00098513
00040493
008a7463
08800493
00048693
40940433
155020ef
00990933
fc0418e3
11412483
10812a03
ae0b2783
06078463
50000437
300007b7
02978793
0e000613
00000593
00098513
02f42c23
bc0fc0ef
03840413
400007b7
02978793
00f42023
000a8a63
40000737
500007b7
01370713
02e7ac23
11c12083
11812403
11012903
10c12983
10412a83
10012b03
12010113
00008067
0e000613
00000593
00098513
b6cfc0ef
fbdff06f
f1010113
0d312e23
000089b7
0f212023
ae09a903
0e912223
0e112623
0e812423
00050493
00090c63
30000737
500007b7
01470713
02e7ac23
01400913
00810413
00600693
00040513
d6dff0ef
00040513
208030ef
02000693
00000613
00048593
00040513
05d020ef
ae09a783
06078263
500004b7
300007b7
02978793
0c800613
00000593
00040513
02f4ac23
ad8fc0ef
03848493
400007b7
02978793
00f4a023
00090a63
40000737
500007b7
01470713
02e7ac23
0ec12083
0e812403
0e412483
0e012903
0dc12983
0f010113
00008067
0c800613
00000593
00040513
a88fc0ef
fc1ff06f
f1010113
0d612823
00008b37
0d512a23
ae0b2a83
0e812423
0e912223
0d412c23
0e112623
0f212023
00050a13
00058493
00060413
000a8c63
30000737
500007b7
01570713
02e7ac23
01500a93
00600793
00810913
00f103a3
0d010713
00090793
00000613
00000693
00c7a023
00d7a223
00878793
fee796e3
04700793
0287fc63
0d312e23
04700993
00048593
04800693
00000613
00090513
011020ef
00090513
fb840413
0d0030ef
04848493
fc89eee3
0dc12983
0c041a63
00100693
00040613
00710593
00090513
7e0020ef
f8000793
00100693
04700613
00710593
00090513
00f103a3
7c4020ef
00090513
088030ef
04000693
00000613
000a0593
00090513
6dc020ef
ae0b2783
06078663
50000437
300007b7
02978793
0c800613
00000593
00090513
02f42c23
958fc0ef
03840413
400007b7
02978793
00f42023
000a8a63
40000737
500007b7
01570713
02e7ac23
0ec12083
0e812403
0e412483
0e012903
0d812a03
0d412a83
0d012b03
0f010113
00008067
0c800613
00000593
00090513
900fc0ef
fb9ff06f
00040693
00000613
00048593
00090513
710020ef
04700793
f0f41ce3
00714783
00100693
04700613
f807e793
00710593
00090513
00f103a3
6e8020ef
f25ff06f
fc010113
00008837
03612023
ae082b03
02812c23
02912a23
03212823
03312623
03412423
03512223
02112e23
00050a93
00058493
00060913
00068993
00070a13
00078413
000b0c63
30000737
500007b7
01670713
02e7ac23
01600b13
32000613
00000593
000a8513
850fc0ef
01f00793
00f107a3
0a700793
0487f863
01712e23
0a700b93
000a0713
00098693
00090613
00048593
0a800813
00000793
000a8513
239020ef
000a8513
f5840413
5c9020ef
0a848493
0a890913
0a898993
0a8a0a13
fc8be2e3
01c12b83
08041463
00f10713
00070693
00070613
00070593
00100813
00040793
000a8513
1f1020ef
00f10713
f8000893
00100813
0a700793
00070693
00070613
00070593
000a8513
011107a3
1c9020ef
000b0a63
40000737
500007b7
01670713
02e7ac23
03c12083
03812403
03412483
03012903
02c12983
02812a03
02412a83
02012b03
04010113
00008067
00000793
00040813
000a0713
00098693
00090613
00048593
000a8513
16d020ef
0a700793
f4f41ce3
00f14883
00f10713
00100813
f808e893
00070693
00070613
00070593
000a8513
011107a3
13d020ef
f75ff06f
fd010113
00008837
01712623
ae082b83
02912223
03212023
01312e23
01412c23
01512a23
01612823
02112623
00050993
00058a13
00060a93
00068b13
00070493
00078913
080b8e63
30000737
500007b7
01770713
02e7ac23
01700b93
06048863
02812423
00000413
00090513
465020ef
008b0733
008a86b3
008a0633
008985b3
0a800813
00000793
00090513
fff48493
59c020ef
0a840413
fc0498e3
02812403
020b9663
02c12083
02412483
02012903
01c12983
01812a03
01412a83
01012b03
00c12b83
03010113
00008067
40000737
500007b7
01770713
02e7ac23
fc9ff06f
f80710e3
fc1ff06f
00008067
000087b7
ae07a783
ff010113
00812423
00112623
00050413
04078463
00912223
500004b7
300007b7
02978793
32000613
00000593
02f4ac23
df1fb0ef
03848493
400007b7
00c12083
00812403
02978793
00f4a023
00412483
01010113
00008067
32000613
00000593
dc1fb0ef
00c12083
00812403
01010113
00008067
00052783
e8010113
17212a23
0af12823
00452783
17312823
17512423
0af12a23
00852783
17612223
17712023
00f12823
00c52783
15812e23
15912c23
0af12c23
01052783
15a12a23
15b12823
0af12e23
01452783
16812e23
16912c23
0cf12023
01852783
17412623
0cf12223
01c52783
0cf12423
02052783
0cf12623
02452783
0cf12823
02852783
03052d83
06052c83
0cf12a23
02c52783
06452c03
0cf12c23
03452783
00f12a23
03852783
00f12e23
03c52783
02f12023
04052783
0cf12e23
04452783
0ef12023
04852783
00f12c23
04c52783
02f12223
05052783
02f12423
05452783
02f12623
05852783
0ef12223
05c52783
0ef12423
06852783
02f12823
06c52783
02f12a23
07052783
09052b03
09452983
0ef12623
07452783
000b0b93
00098d13
0ef12823
07852783
000c0b13
0ef12a23
07c52783
0ef12c23
08052783
02f12c23
08452783
02f12e23
08852783
04f12e23
08c52783
06f12023
09852783
04f12023
09c52783
04f12223
0a052783
04f12423
0a452783
04f12623
0a852783
06f12623
0ac52783
06f12823
0b052783
04f12823
0b452783
0c052903
0c452a83
04f12a23
0b852783
0fb12e23
14a12623
06f12223
0bc52783
00090d93
000c8913
06f12423
000087b7
a2078793
00f12623
0b012783
0d412703
0b412683
0bc12303
01c12e03
0c012e83
02012f03
0c412383
0dc12403
0d812603
01012503
0b812803
01412883
0cc12c03
01812c83
02c12283
00e7c5b3
0fc12703
0c812483
0e012983
02812f83
01c347b3
00c6c633
01eece33
0083c333
0d012e83
02412f03
0e812403
0e412383
00e546b3
00564633
01184733
03c12283
019c4833
0f012c83
0ec12c03
0134c8b3
01eec533
03012483
03412983
0f412e83
0f812f03
01f5c5b3
0076c6b3
03812f83
00874733
05c12383
06012403
01954533
00574733
04c12c83
05412283
016e4e33
008e4e33
01d5c5b3
01e64633
06c12e83
07012f03
01964633
01884833
005e4cb3
04812c03
06412e03
00934333
01f6c6b3
04012483
05012f83
01e74733
01d6c6b3
01734333
0127c7b3
0185c5b3
00171a13
01c34c33
0138c8b3
06812303
04412983
0077c7b3
01f6d413
01f7c7b3
01446433
00984833
00169a13
01f75493
01a8c8b3
0144e4b3
01f7d293
001c9a13
0142e2b3
01354533
01fcda13
0068c9b3
00179393
007a63b3
01fc5f13
00199a13
01b84833
01554533
001c1f93
014f6f33
01f9da13
01fa6fb3
00151e13
01f85a13
01f55e93
01ca6e33
00181a13
00161893
01f65313
014eeeb3
00c2c633
01f5da13
01412283
011a68b3
0138c8b3
005649b3
0158c2b3
0c412a83
00feceb3
019e4e33
00159a13
000e8c93
00b3c5b3
017ec3b3
015eceb3
0c812a83
00ef4f33
01436333
01834333
0104c833
000f0c13
016f44b3
015e4f33
01812a83
00dfc6b3
02812b83
01b34fb3
00030d93
01534333
02412a83
00a44533
01ae4433
000e0d13
0158ce33
00080a93
01784833
02c12b83
01112c23
00050b13
017548b3
03812b83
0fc12703
00058793
0175c533
04a12c23
01012503
03c12b83
06f12a23
00a7c7b3
0b812503
00e5ca33
00060713
017645b3
0126c933
00068b93
06e12c23
05012683
00a74733
01c12503
00dbc633
07712e23
00abcbb3
05412683
0b712623
02012503
09912223
09a12423
00ac4bb3
03012503
0b712c23
09b12623
00acccb3
03412503
01812b83
01512823
00ad4d33
04012503
0da12423
0d912223
00adcdb3
04412503
00b49c93
0fb12e23
00abc533
10a12023
04812503
014a5d93
0154d493
00aacab3
04c12503
11512223
00c12a83
00ab4533
10a12423
000aa503
004aad03
09812023
08a12823
00c99513
00a12e23
01595513
00b91913
01612a23
09a12e23
03b12023
03912223
02a12423
03212623
00d59513
02912823
00b3d493
02912a23
04a12623
05812503
01541493
02912c23
00dc46b3
01355493
04912823
01d69493
04912a23
00365493
01f7d913
04912c23
00171493
0b212023
0a912223
01c12903
02012483
00ca1a13
0149d993
00996933
013a69b3
02412483
02812a03
09212a23
02c12903
0144ea33
03012483
01412e23
03412a03
009964b3
02912023
03812483
012fdc13
03812e23
009a6a33
03c12483
004edd13
01cf1c93
00c35c13
014e1b93
004f5f13
00ce5e13
01ce9e93
01431313
00e29d93
01d85b13
00389a93
01df6eb3
006e6333
01539393
0122d293
01d8d893
00b45413
00ef9f93
00381813
00746433
01f2efb3
01b4e3b3
019d62b3
0108e833
03d12a23
02612e23
017c6eb3
015b6333
09312c23
03412423
02812223
02712823
03f12623
02512c23
05d12023
04612423
05012223
04c12803
05012f83
05812483
01d61613
01f86fb3
05412803
0036d693
00d666b3
009862b3
0a412483
0a012803
0135d593
00d51513
00986633
01012f03
01412b03
08c12d83
0cc12903
00b56533
0ac12423
0d412583
0d812603
01f75713
00179793
00f76433
00cb4e33
012dc733
00bf47b3
01812303
0d012903
07412603
0e412583
04d12c23
012346b3
00b64c33
0e812903
07812583
04a12823
07c12503
0125cbb3
05c12903
08012803
08412883
01254333
06012903
05f12623
04512a23
01284cb3
06412903
0a812223
11c12623
0128cd33
08812e03
06812903
0b812603
0c812283
012e4db3
00661a13
0ac12903
01a65e93
0c412603
0b012f83
0072d493
06912023
00691e13
00765993
01961893
01a95a93
0fc12603
01929913
10012283
01ff4fb3
014aeab3
000b0f13
06012a03
0b412b03
0182d813
00861513
016f4f33
0129e933
0bc12b03
011a69b3
00a86a33
07c12503
08012803
01865493
01654533
0c012b03
00829413
0084e8b3
01684833
07112423
0dc12b03
08412883
10412603
10812583
01ceeeb3
13012623
08812e03
0168c833
0e012b03
00e65393
01259293
01261613
00e5d593
016e4433
00c5e633
05512e23
0b212623
07312023
07412223
0ac12823
12a12423
13012823
08c12503
12812a23
0ec12b03
01812883
01012583
01654ab3
0f012b03
09812503
01c12e03
0168ca33
0f412883
02012483
0053e2b3
0115c9b3
01412583
0f812883
02412383
fff54813
0115c933
07412583
06c12883
fffe4513
03012e03
0115c8b3
09112223
07812583
07012883
fff3cb13
02812383
0115c633
09412583
09612423
fff3c413
fff5c893
fff4c593
02c12483
04012383
08812623
fff4cb13
fffe4493
04812e03
0b612023
fff3c413
fffe4b13
04c12e03
12c12c23
0a912a23
0a812c23
0b612e23
fffe4413
03c12483
04412383
0c812023
05012e03
fff4c493
fff3c393
fffe4b13
05412e03
0d612223
fffe4413
05812e03
0c812423
fffe4b13
03412e03
0d612623
fffe4413
03812e03
0c812823
fffe4b13
0a412e03
0d612a23
01b69b13
fffe4413
0a812e03
0c812c23
01612823
fffe4413
10c12e03
12812223
0056d693
004e1613
00c12a23
01c7d613
00c12c23
016c5613
06c12623
00ab9613
06c12823
01012603
00575413
01b71713
00c46433
00e6e733
01412603
00812823
00070413
01812703
07012683
016bdb93
00e66733
06c12603
00479793
01ce5b13
07712a23
00ac1b93
01135c13
0167eb33
00d666b3
07812c23
00fc9c13
07812e23
00e12a23
01612c23
06d12823
07412603
011cdc13
018d9e13
00f31c93
008d5313
07c12783
02012703
01766bb3
019c6cb3
07812603
006e6c33
09012303
00e876b3
00f667b3
02c12803
01f34633
08812303
018d1d13
008ddd93
01bd6db3
09c12d03
07912a23
01037cb3
08c12303
03012803
0ed12423
02412683
01ed4d33
01c12e03
0fa12023
01037d33
0a012303
07812e23
00d57c33
02812683
01c8f8b3
01f37333
0f112223
0e612e23
00d5f8b3
0b412303
0f112823
04412883
01e37333
0b812583
07712623
06f12c23
09b12023
0cc12e23
0f812623
0f912a23
0fa12c23
10612023
0114f4b3
04812883
ffff4313
05012b83
0115ff33
0bc12583
05412c03
05812c83
0175f533
0c012583
ffffce13
03412883
0185ffb3
0c412583
11e12223
04c12f03
0195f733
0c812583
01e3f3b3
03c12f03
0115f7b3
03812883
0cc12583
06012d83
10a12423
0115f5b3
10b12a23
0d012583
fffdc513
0ac12d83
01e5f5b3
10b12c23
04012f03
0d412583
10f12823
06412783
01e5f5b3
10b12e23
fffdc593
0d812d83
05c12d03
10e12623
01ddff33
12412d83
fff7c713
12e12023
01adfdb3
06812703
0b012603
13b12223
12c12b03
12812c83
13412b83
01eb1d93
002b5c13
13012b03
09812623
fffd4813
009b5c13
002cdd13
017b1b13
01ec9c93
09912423
09612823
01aded33
009bdb13
08812d83
09612e23
0da12023
019adb13
08c12d03
007a9a93
0b512023
019a5a93
0b512a23
00991a93
01795913
0b212e23
01aded33
08412903
fff74693
017b9c93
fff64713
007a1b93
13812603
018cecb3
0da12223
0b412c03
016bed33
0a012b03
0179da13
00999993
0b312c23
014aeab3
01e95993
00261913
01e65613
018b6b33
09012d83
0bc12c03
0cc12c23
0d912423
08412603
09c12c83
09512223
0b812a83
019dedb3
0129e933
018aeab3
0db12623
0da12823
0d612a23
09512423
09212823
0d812983
00261613
0e412903
00c9e9b3
0dc12603
09312623
09812983
01264633
08c12e23
0e812903
0e012603
01c12a03
0fc12b83
01264633
0ac12023
09412903
0ec12603
02412b03
0f812a83
01264633
08c12a23
0f012603
016bcb33
03612223
01364633
08c12c23
0f412603
03412b03
10012b83
01464633
02012a03
0164c4b3
02912a23
014acab3
02812a03
10412483
00c12e23
014bca33
03412423
03812a03
03512023
01337333
0144c4b3
03c12a03
02912c23
fffec893
0143ca33
03412e23
04012383
10812b03
05012b83
05412c03
007b43b3
04712023
04412383
05812c83
0b012603
007fc3b3
04712223
04812f83
10c12383
06412a03
00cf4f33
01f3cfb3
05f12423
11012383
04c12f83
06012983
0be12a23
01f3cfb3
11412383
06812f03
01457533
0173cbb3
05712823
11812b83
01d54533
0ac12383
018bcc33
11c12b83
05f12623
05812a23
019bccb3
12412b83
0a412f83
05912c23
005bcbb3
0b712c23
012e7e33
0138f8b3
01412903
12012983
01e5f5b3
0a812f03
01812b03
07c12a03
08012483
0aa12623
05c12503
0056f6b3
fffa4a93
00a5c5b3
fff4ca13
02c12483
0076c533
04b12e23
06412683
06012583
00c9f633
01f77733
009e4e33
06c12c03
00b645b3
00d746b3
03c12623
06812703
03012e03
06c12603
fff2c793
00787833
07812283
06b12023
07412583
01e7f7b3
01e84833
07012b83
07412983
01c34333
01f8c8b3
fff94d93
fffc4c93
0b012423
00e7c833
08012483
01412703
00cdfdb3
fffb4d13
07012603
fff2cb13
02612823
01012283
0b112223
0aa12823
07012423
07c12503
00bcfcb3
0a812e23
07812583
06d12223
01812683
0c812803
08812f03
08c12f83
fffbcc13
fff9cb93
0cc12883
0d412e03
08412e83
09c12783
00abfbb3
009b7b33
ffffc513
fff84493
09012f83
ffff4813
03412f03
00bc7c33
008afab3
005a7a33
fff44993
fff2c913
fff8c413
fffe4293
fffec893
0c412e03
0a012e83
ffffc593
01e7cfb3
03812f03
0d012303
09412783
00e9f9b3
00d97933
04012703
fffe4693
01eecf33
09812e03
03c12e83
fff34393
00ee4e33
0c012303
04412703
01d7ceb3
01c12783
00cd7d33
fff34613
00e7c333
04812783
02012703
0d212c23
04c12903
00f74733
02412783
0c712e23
05012383
0127c7b3
02812903
007943b3
0e712023
0b412903
05412383
0123c3b3
0e712223
0b812903
05812383
0123c3b3
0bc12903
0e712423
012dc3b3
01412903
01012d83
0a712e23
012cccb3
01812903
01bd4d33
0dc12383
012c4db3
06c12c03
07812903
01b12c23
018bcc33
07012b83
08012d83
01a12823
017b4bb3
07412b03
0d012d03
01912a23
016acb33
012a4ab3
07c12a03
0d812903
07612a23
0149cb33
08c12a03
08812983
01b94db3
0148f8b3
08412903
09012a03
07812623
07612c23
07b12e23
0c012b03
0d412d83
0132f2b3
0d112823
07712823
0c412b83
0a412983
01487833
05c12a03
013fcfb3
0a812983
0cc12c83
014e4e33
013f4f33
0ac12983
0b012a03
0192c2b3
013eceb3
06012983
0123f3b3
01474733
06412903
0e012a03
01334333
0c512023
06812983
01b842b3
08412803
01657533
0127c7b3
01054833
013a4933
08812503
0e412a03
02c12983
0c812c03
0175f5b3
0e812883
013a49b3
00a5c533
03012a03
08c12583
01867633
0148ca33
00b64633
0d012883
08c12423
09012603
01b47433
01744433
0196f6b3
0183cbb3
01a8c8b3
00c6cdb3
01412c83
0bc12683
01012603
01812583
06c12c03
0d112223
0c512423
09012223
09712023
07012b83
07c12803
01a4f4b3
0164c4b3
07412b03
00050d13
010a42b3
07812503
08412803
00dfcfb3
00cf4f33
08012683
0c012603
0167c7b3
00a9c3b3
019eceb3
0107c9b3
00be4e33
08812783
00deceb3
00ce4e33
0c812583
01594933
008f4f33
01a94933
0c412883
08812823
0da12623
01fed413
001e1d13
009fcfb3
00f3c3b3
01b2c2b3
01774733
01a46433
08912623
001e9d13
01fe5493
00b74a33
01a4e4b3
01834333
01f3dd13
00129593
01134333
01f95b13
00199893
00bd65b3
01f2dd13
005442b3
06012403
00131c13
01fa5713
011b68b3
01d8c8b3
01f9db93
00191813
00139513
01876733
01f74733
001a1c93
01f35793
001f9613
010be833
00ad6533
01144bb3
01ffdd13
0b012403
04012f83
0197e7b3
01e7c7b3
01c84833
001f1693
0145c5b3
00ffcc33
01044b33
05412f83
03c12a03
07412403
00dd66b3
01ff5d13
00cd6633
00654533
01364633
00ea4cb3
00a44a33
00cfc433
05812f83
0126c6b3
02412f03
0074c3b3
00dfc4b3
0a412f83
08812303
00af4933
01812e03
02812f03
007fceb3
0a812f83
00c34d33
09412303
00bf49b3
00fe4f33
0c412e03
005fcfb3
00e34333
05d12a23
05f12c23
011e4eb3
01412f83
0c812e03
06612a23
09812303
010e4e33
00bacab3
00f34333
08612423
04412303
00ddcdb3
00efcfb3
01134333
08612a23
04812303
01034333
08612c23
06412303
00a34333
0a612223
06812303
00b34333
0a612423
07812303
00c34333
0a612823
07c12303
00d34333
0c612223
08c12303
00734333
0c612423
09012303
00534333
0c612c23
02c12303
00c34333
0c612e23
03012303
00d34333
0e612023
03412303
00734333
0e612223
03812303
00534333
0e612423
0ac12303
00e34333
0e612623
05c12303
00f34333
0e612823
06c12303
01134333
0e612a23
07012303
01034333
0e612c23
08412303
00a34333
10612423
0cc12303
00b34333
10612223
01c12303
011348b3
02012303
01034833
04c12303
00a34533
05012303
00b345b3
0b412303
00c34633
0b812303
00d346b3
0bc12303
00734333
14612223
01012303
00534333
14612023
08012303
00e34733
0c012303
14e12423
00f34733
00c12783
0087a303
00c7a783
0c612823
0cf12a23
00cc1793
00f12823
014cd793
00f12a23
00bb1793
00f12c23
015bd793
00f12e23
00ba5793
02f12023
015a9793
02f12223
012d5793
02f12423
00ed9793
01c99313
02f12623
00495793
02f12823
02612a23
01449313
00c45793
02612e23
05412303
02f12c23
05812783
01441413
04812023
01d35413
04812223
00379413
04812423
01d7d413
07412783
04812623
00331413
04812823
01f7d313
00df1413
04812a23
06612423
013fd413
08812303
00179793
04812c23
06f12823
01de1413
09412783
003e5e13
04812e23
07c12223
003ed413
09812e03
06812023
00131413
06812623
01a7d413
06812a23
006e1413
06812c23
01ae5413
06812e23
0a412403
00679793
08f12023
00745793
08f12223
0a812783
00cc9c93
014c5c13
01979e13
09c12423
0077de13
09c12623
01941e13
09c12823
0b012403
0c412783
018cec33
01845e13
09c12a23
00879e13
09c12c23
0187de13
0bc12223
00841e13
0c812403
0d812783
0bc12423
00e45e13
0bc12623
01279e13
0bc12823
00e7de13
0bc12a23
01241e13
0dc12403
0e012783
0bc12c23
00545e13
0bc12e23
01b79e13
0dc12023
0057de13
0e812783
0dc12223
01b41e13
0e412403
0dc12423
00479e13
0dc12623
01c45e13
00441413
0c812e23
0ec12403
01c7d793
0ef12023
01645793
0ef12223
0f012783
0dc12c23
015b5b13
00a79e13
0167d793
0ef12623
00a41793
0f412403
0ef12823
0fc12423
01145793
0ef12a23
0f812783
00f41413
10812023
00f79e13
0117d793
0ef12e23
10412783
0fc12c23
00bb9b93
01879413
10812223
10812403
0087d793
10f12823
00845e13
0028d793
01841413
01e89893
10812623
11112e23
01e81413
00955893
00285813
01751513
13012023
12a12623
01759813
14012503
0095d593
12b12823
00769593
12b12a23
01965593
00761613
12c12e23
00951613
14c12023
14412603
13112423
12b12c23
01765893
00961593
01755613
00271513
01e75713
14e12223
09c12703
10812a23
14812403
007743b3
0a012703
10f12c23
13012223
005742b3
01e45813
01012703
00241793
01412403
11c12423
016bebb3
00876733
00e12823
01812403
01c12c83
02412b03
00bada93
01946cb3
02012403
015a1a13
014aea33
01646b33
02c12a83
02812403
012ddd93
00ed1d13
01546ab3
01512a23
03012403
01adeab3
03412d03
0049d993
01c91913
01a46d33
0129e933
03812403
03c12983
00c4d493
01a12e23
013469b3
04012403
03312023
04812983
0084e433
04412483
05812d03
00df9f93
0134e4b3
02912423
05012983
04c12483
013f5f13
01efef33
0134e4b3
05412983
05c12f83
06412e03
01a9e9b3
06012d03
01de9e93
01ceee33
01afefb3
06812e83
03f12823
06c12f83
01f35313
01212c23
01feeeb3
07012f83
02912223
03312623
01f36333
03c12a23
03d12e23
02612c23
07812d03
07412f83
08012903
08812e03
01afefb3
07c12d03
08c12d83
09812e83
012d6d33
08412903
0b012703
05f12223
01c96933
09012e03
0bc12f83
0c412483
01cdedb3
09412e03
0cc12983
05a12023
01de6333
0a812e83
0a412e03
05212623
05b12423
01de6e33
0ac12e83
05c12823
0b812e03
00eeeeb3
0b412703
04612a23
05d12e23
01c76733
0c012e03
04e12c23
0196d693
01cfefb3
0c812e03
07f12223
00c5e5b3
01c4e4b3
0d812e03
06912023
00a86633
01c9e9b3
07312423
0e012903
0dc12d03
0e812e03
0f012e83
012d6d33
0e412903
10012d83
10812703
01c96933
0ec12e03
11012f83
11812483
01de6333
0f812e83
0f412e03
12012983
07a12623
01de6e33
0fc12e83
12812d03
07212a23
01beeeb3
10412d83
13012903
06612823
00ededb3
10c12703
07c12e23
07d12c23
01f76733
11412f83
09b12023
08e12223
009fefb3
11c12483
09f12423
0134e4b3
12412983
08912623
fff44493
01a9e9b3
12c12d03
09312823
fff3c993
012d6d33
09a12a23
13812e03
13412903
14412703
02812303
01c96933
13c12e03
00f76533
02c12e83
00de66b3
08d12e23
14012683
02412e03
03412803
0aa12423
03012503
0116e8b3
fffb4793
09212c23
0a512a23
fff2c913
fff34293
01012703
0b112023
0ab12223
02012883
0ac12623
0b812c23
01412603
0b912e23
0d712023
0d412223
0d612423
0ef12223
0d512623
0a712823
0c812e23
fffe4393
0e512423
fffecf93
0fe12023
fff54e93
fff84e13
01812803
01c12503
05c12b03
04412683
05412783
fffb4293
03812b03
0e512623
fff74d93
fffb4293
03c12b03
0e512823
04c12703
fffb4293
06812b03
0e512a23
fffc4d13
fffb4293
06c12b03
0e512c23
fffbcc13
fffb4293
07012b03
0e512e23
fffa4b93
fffb4293
07412b03
10512223
fff64a13
fffb4293
07812b03
10512423
04012603
fffb4293
07c12b03
10512623
04812583
fffb4293
08012b03
10512823
fff8c413
fffb4293
08412b03
10512a23
fff84313
fffb4293
06012b03
10512c23
fff54893
fffb4293
fff64813
fff6c513
fff74613
05012683
fff7c713
10512e23
05812783
06412b03
fffccc93
fffaca93
fffb4293
09012b03
12512023
ffff4f13
fffb4293
09412b03
12512223
fff5c593
fffb4293
09812b03
12512423
fff6c693
fffb4293
09c12b03
12512623
fff7c793
fffb4293
0a012b03
12512823
fffb4293
0a412b03
12512a23
fffb4293
0a812b03
12512c23
fffb4293
0ac12b03
12512e23
fffb4293
08812b03
14512023
fffb4293
08c12b03
14512223
fffb4293
14512423
0b012b03
0d012283
0162c2b3
0c512823
0b412b03
0d412283
0162c2b3
0bc12b03
0c512a23
016dfb33
0d612c23
0c012b03
0c412d83
016d7d33
0c812b03
01bcfcb3
0e412d83
016c7c33
0cc12b03
0e812283
016bfbb3
01412b03
016dfb33
0b012d83
01bafab3
0b412d83
01ba7a33
01012d83
01b9f9b3
0b812d83
01b97933
02412d83
01b4f4b3
02812d83
01b47433
02c12d83
01b3f3b3
0e012d83
0e712223
0ec12383
01b2f2b3
03012d83
01bfffb3
03412d83
01bf7f33
01812d83
01befeb3
01c12d83
01be7e33
0dc12d83
01b37333
02012d83
01b8f8b3
04812d83
01b87833
04c12d83
01b57533
05012d83
01b5f5b3
05412d83
01b67633
05812d83
01b6f6b3
05c12d83
01b77733
03812d83
01b7f7b3
03c12d83
01b3f3b3
0e712623
04012d83
0f012383
01b3f3b3
0e712823
0f412383
04412d83
01b3f3b3
0e712a23
07012d83
0f812383
01b3f3b3
0e712c23
07412d83
0fc12383
01b3f3b3
10712023
07812d83
10412383
01b3f3b3
10712223
07c12d83
10812383
01b3f3b3
10712423
08012d83
10c12383
01b3f3b3
10712623
08412d83
11012383
01b3f3b3
10712823
06012d83
11412383
01b3f3b3
10712a23
06412d83
11812383
01b3f3b3
10712c23
06812d83
11c12383
01b3f3b3
10712e23
06c12d83
12012383
01b3f3b3
12712023
12412383
09812d83
01b3f3b3
12712223
09c12d83
12812383
01b3f3b3
12712423
0a012d83
12c12383
01b3f3b3
12712623
0a412d83
13012383
01b3f3b3
12712823
0a812d83
13412383
01b3f3b3
12712a23
0ac12d83
13812383
01b3f3b3
12712c23
08812d83
13c12383
01b3f3b3
12712e23
08c12d83
14012383
01b3f3b3
14712023
09012d83
14412383
01b3f3b3
14712223
09412d83
14812383
01b3f3b3
00c12d83
14712423
010d8d93
01b12623
0d012383
0d812d83
01b3c3b3
0a712823
0d412383
01012d83
01a3cd33
0ba12a23
01bccd33
0b812d83
0bc12c83
0e412383
01bc4c33
0b812c23
019bcc33
0c012b83
0c412d83
01a12823
017b4bb3
0c812b03
0d712023
01bacbb3
0cc12a83
016a4a33
01412b03
0159c9b3
0d312623
016949b3
01812903
01c12d83
0d712223
0124c4b3
0c912a23
01b444b3
0dc12403
02012d83
0b812e23
0083c3b3
01b2c433
02412283
0d412423
0d312823
005fcfb3
01f12e23
0c912c23
0e712e23
00812a23
02812d83
01bf4fb3
02c12d83
03f12023
01beceb3
0e012d83
0dd12e23
01be4e33
03012d83
0fc12023
01b34333
03412d83
00612c23
01b8c333
03812883
03c12d83
02612223
01184833
03012423
01b54833
04012503
04412d83
03012623
00a5c533
04812583
01b64633
04c12d83
00b6c933
05012683
0ec12423
01b74b33
00d7c633
05412d83
0ec12683
05812783
02c12823
01b6c633
0f012683
05c12d83
02c12a23
00f6c633
0f412683
0ec12623
0ea12223
01b6c633
0ec12823
0f812683
06012783
06412d83
00f6c633
10012683
0ec12a23
07012783
01b6c633
10412683
06812d83
0ec12c23
01b6c633
10812683
06c12d83
02c12c23
01b6c633
10c12683
07412d83
02c12e23
00f6c633
11012683
07812783
04c12e23
01b6c633
11412683
07c12d83
06c12023
00f6cbb3
11812683
01b6cd33
11c12683
08012d83
01b6c633
12012683
08412d83
04c12023
01b6c633
12412683
08812d83
04c12223
01b6c633
12812683
08c12d83
04c12423
01b6c633
04c12623
12c12683
09012d83
0a812703
0ac12783
01b6c633
13012683
09412d83
06c12623
01b6c633
13412683
09812d83
06c12823
01b6c633
13812683
09c12d83
04c12823
01b6c633
13c12683
0a012d83
04c12a23
01b6c633
14012683
0a412d83
06c12223
01b6c633
14412683
06c12423
00e6cdb3
14812703
00f74ab3
00c12783
00008737
ae070713
00f70463
858fe06f
14c12503
0b012783
01452e23
00f52023
0b412783
02952623
02852a23
00f52223
01012783
02752823
03f52e23
00f52423
0b812783
05d52023
05c52223
00f52623
0bc12783
00f52823
0c012783
00f52a23
0c412783
00f52c23
0cc12783
02f52023
0d012783
02f52223
0d412783
02f52423
01c12783
02f52c23
01812783
04f52423
04652623
02812783
07252023
07652223
04f52823
0e412783
09752823
09a52a23
04f52c23
0e812783
05052a23
04f52e23
03012783
06f52423
03412783
06f52623
0ec12783
06f52823
0f012783
06f52a23
0f412783
06f52c23
0f812783
06f52e23
03812783
08f52023
03c12783
08f52223
05c12783
08f52423
06012783
08f52623
04012783
08f52c23
04412783
17c12403
0db52023
08f52e23
04812783
0d552223
0ac52e23
0af52023
04c12783
17812483
17412903
0af52223
06c12783
17012983
16c12a03
0af52423
07012783
16812a83
16412b03
0af52623
05012783
16012b83
15c12c03
0af52823
05412783
15812c83
15412d03
0af52a23
06412783
15012d83
0af52c23
18010113
00008067
0c068463
fff68793
00600713
08f77e63
00160713
00e50733
40e58733
00373713
00c507b3
08071463
00f5e733
00377713
06071e63
ffc6f893
00058713
01178333
0007a803
00478793
00470713
ff072e23
fe6798e3
07168a63
011507b3
00c787b3
0007c803
01158733
00188793
01070023
04d7fc63
00f50733
00c70733
00074703
00f587b3
00288893
00e78023
02d8fe63
01150533
00c50533
00054783
011588b3
00f88023
00008067
00c507b3
00d606b3
00d50533
0007c703
00178793
00158593
fee58fa3
fea798e3
00008067
0e068663
fff68793
00400713
0af77c63
00c507b3
00f5e733
00377713
0a071663
00158713
40e78733
00373713
08071e63
ffc6f313
00058813
00678e33
00082703
0007a883
00478793
00480813
01174733
fee7ae23
ffc794e3
08668a63
00660733
00e50733
006587b3
0007c803
00074883
00130793
01184833
01070023
06d7f863
00f60733
00e50733
00f587b3
0007c783
00074803
00230313
0107c7b3
00f70023
04d37663
00660633
00c50633
00658333
00034783
00064703
00e7c7b3
00f60023
00008067
00c507b3
00d606b3
00d50533
0007c703
0005c803
00178793
00158593
01074733
fee78fa3
fea794e3
00008067
30080263
fff80e13
00600893
25c8fe63
00178313
00650333
40658333
00333313
00f508b3
24031463
0115e333
00337313
22031e63
ffc87f13
00058313
01e88fb3
0008ae83
00488893
00430313
ffd32e23
fff898e3
05e80863
01e508b3
00f888b3
0008ce83
01e58333
001f0893
01d30023
0308fa63
01150333
00f30333
00034303
011588b3
002f0f13
00688023
010f7c63
01e508b3
00f888b3
0008c883
01e58f33
011f0023
0c878313
0c978893
011508b3
411608b3
0038b893
006505b3
1c089e63
00b668b3
0038f893
1c089863
ffc87f13
00058893
00060313
01e58fb3
0008ae83
00488893
00430313
ffd32e23
fff898e3
05e80263
01e588b3
0008ce83
01e60333
001f0893
01d30023
0308f663
01158333
00034303
011608b3
002f0f13
00688023
010f7a63
01e585b3
0005c583
01e60f33
00bf0023
19078f13
19178593
00b505b3
40b685b3
0035b593
01e50633
16059a63
00c6e5b3
0035f593
16059463
ffc87e13
00060593
00068893
01c60eb3
0005a303
00458593
00488893
fe68ae23
ffd598e3
05c80663
01c60633
00064883
01c685b3
001e0613
01158023
03067a63
00c505b3
01e585b3
0005c583
00c68633
002e0e13
00b60023
010e7c63
01c50633
01e60633
00064603
01c68e33
00ce0023
25878e93
25978793
00f507b3
40f707b3
0037b793
01d506b3
10079263
00d767b3
0037f793
0e079c63
ffc87893
00068793
00070613
01168333
0007a583
00478793
00460613
feb62e23
fef318e3
0f180663
011687b3
0007c603
011706b3
00188793
00c68023
0d07fa63
00f506b3
01d686b3
0006c683
00f707b3
00288893
00d78023
0b08fc63
01150533
01d50533
00054783
011708b3
00f88023
00008067
00f508b3
01078eb3
01d50eb3
0008c303
00188893
00158593
fe658fa3
ffd898e3
0c878313
00600893
006505b3
e1c8eae3
01060333
0005c883
00160613
00158593
ff160fa3
fe6618e3
19078f13
00600593
01e50633
e7c5eee3
010688b3
00064583
00168693
00160613
feb68fa3
fed898e3
25878e93
00600613
01d506b3
efc666e3
00068793
01070833
0007c683
00170713
00178793
fed70fa3
fee818e3
00008067
38080c63
fff80e13
00400893
2dc8fa63
00f508b3
0115e333
00337313
2c031463
00158313
40688333
00333313
2a031c63
ffc87f93
00058e93
01f882b3
000ea303
0008af03
00488893
004e8e93
01e34333
fe68ae23
fe5894e3
07f80463
01f78333
00650333
01f588b3
0008ce83
00034f03
001f8893
01eeceb3
01d30023
0508f263
01178333
00650333
011588b3
0008c883
00034e83
002f8f93
01d8c8b3
01130023
030ff063
01f788b3
011508b3
01f58fb3
000fc583
0008c303
0065c5b3
00b88023
0c878f13
01e505b3
00b668b3
0038f893
24089463
00160893
411588b3
0038b893
22089c63
ffc87f93
00060313
01f582b3
00032883
0005ae83
00458593
00430313
01d8c8b3
ff15ae23
fe5594e3
07f80463
01ff08b3
011508b3
01f605b3
0005c303
0008ce83
001f8593
01d34333
00688023
0505f263
00bf08b3
011508b3
00b605b3
0005c583
0008c303
002f8f93
0065c5b3
00b88023
030ff063
01ff0f33
01e50f33
01f60fb3
000fc603
000f4583
00b64633
00cf0023
19078e93
01d50633
00c6e5b3
0035f593
1c059263
00168593
40b605b3
0035b593
1a059a63
ffc87e13
00068893
01c60f33
00062583
0008a303
00460613
00488893
0065c5b3
feb62e23
fecf14e3
07c80463
01de05b3
00b505b3
01c68633
00064883
0005c303
001e0613
0068c8b3
01158023
05067263
01d605b3
00b505b3
00c68633
00064603
0005c883
002e0e13
01164633
00c58023
030e7063
01de0eb3
01d50eb3
01c68e33
000e4683
000ec603
00c6c6b3
00de8023
25878313
006507b3
00170693
40d786b3
0036b693
12069e63
00f766b3
0036f693
12069863
ffc87893
00070613
01178e33
0007a683
00062583
00478793
00460613
00b6c6b3
fed7ae23
ffc794e3
13180263
011306b3
00d506b3
011707b3
0007c603
0006c583
00188793
00b64633
00c68023
1107f063
006786b3
00d506b3
00f707b3
0007c783
0006c603
00288893
00c7c7b3
00f68023
0d08fe63
006887b3
00f50533
011708b3
0008c783
00054703
00e7c7b3
00f50023
00008067
00f508b3
01078f33
01e50f33
0008c303
0005ce83
00188893
00158593
01d34333
fe688fa3
ffe894e3
0c878f13
00400893
01e505b3
dbc8e8e3
01060eb3
0005c883
00064303
00158593
00160613
0068c8b3
ff158fa3
ffd614e3
19078e93
00400593
01d50633
e3c5eae3
01068333
00064583
0006c883
00160613
00168693
0115c5b3
feb60fa3
fe6694e3
25878313
00400693
006507b3
ebc6ece3
01070833
00074683
0007c603
00178793
00170713
00c6c6b3
fed78fa3
ff0714e3
00008067
ff010113
00912223
000084b7
ae04a783
00812423
00112623
01212023
00050413
0c078863
50000937
300007b7
01078793
02f92c23
03890913
c60fd0ef
400007b7
01078793
00f92023
ae04a783
0c840513
0a078863
50000937
300007b7
01078793
02f92c23
03890913
c30fd0ef
400007b7
01078793
00f92023
ae04a783
19040513
08078863
50000937
300007b7
01078793
02f92c23
03890913
c00fd0ef
400007b7
01078793
00f92023
ae04a783
25840513
06078863
50000437
300007b7
01078793
02f42c23
bd4fd0ef
03840413
400007b7
01078793
00c12083
00f42023
00812403
00412483
00012903
01010113
00008067
ba8fd0ef
ae04a783
0c840513
f4079ce3
b98fd0ef
ae04a783
19040513
f6079ce3
b88fd0ef
ae04a783
25840513
f8079ce3
00812403
00c12083
00412483
00012903
01010113
b64fd06f
000087b7
ae07a783
04078263
ff010113
00112623
00812423
50000437
300007b7
01078793
02f42c23
b38fd0ef
03840413
400007b7
01078793
00c12083
00f42023
00812403
01010113
00008067
b14fd06f
00000000
00000000
00000000
00000000
000007f4
000007d4
000007bc
00000638
00000814
00000000
00000000
00000000
fd0afbec
fa13fe99
058e05d5
00ca011f
026eff55
00b60629
fb4e03c2
05bcfa3e
fad3023d
017f0108
05b2fcc3
ff7ef9be
03f9fd57
026002dc
019bf9fa
f9ddff33
028c04c7
03f7fdd8
05d3faf3
f9f8fee6
fff80204
fd66fec0
fb76f9ae
05bd007e
ffa6fcab
033efef1
fa73006b
fc49ff09
03c1fe72
fd2bfa1c
fbd701c0
fb0502a5
01aefbb1
034b022b
0367fb1d
0069060e
024b01a6
ff1500b1
fe34fedd
06750626
030aff0a
ff6d0487
05cbfcf7
045ffda6
0284f9ca
015dfc98
014901a2
ffb5ff64
04490331
0262025b
fafb052a
0180fa47
ff78fb41
fac904c2
00dcfc96
f985fb5d
fa06fb5f
031afb02
fcaafa1a
01defc9a
feccff94
03df03e4
fa4c03be
065c05f2
00000001
00000000
00008082
00000000
0000808a
80000000
80008000
80000000
0000808b
00000000
80000001
00000000
80008081
80000000
00008009
80000000
0000008a
00000000
00000088
00000000
80008009
00000000
8000000a
00000000
8000808b
00000000
0000008b
80000000
00008089
80000000
00008003
80000000
00008002
80000000
00000080
80000000
0000800a
00000000
8000000a
80000000
80008081
80000000
00008080
80000000
80000001
00000000
80008008
80000000
00000000
00000000
00000000
00000000
00000000
00000000
00000000
00000000
00000000
00000000
00000000
00000000
00000000
00000000
00000000
00000000
00000000
00000000
00000000
00000000
00000000
00000000
00000000
00000000
00000000
00000000
00000000
00000000
00000000
00000000
00000000
00000000
00000000
00000000
00000000
00000000
00000000
00000000
00000000
00000000
00000000
00000000
00000000
00000000
00000000
00000000
00000000
00000000
00000000
00000000
00000000
00000000
00000000
00000000
00000000
00000000
00000000
00000000
00000000
00000000
00000000
00000000
00000000
00000000
00000000
00000000
00000000
00000000
00000000
00000000
00000000
00000000
00000000
00000000
00000000
00000000
00000000
00000000
00000000
00000000
00000000
00000000
00000000
00000000
00000000
00000000
00000000
00000000
00000000
00000000
00000000
00000000
00000000
00000000
00000000
00000000
00000000
00000000
00000000
00000000
00000000
00000000
00000000
00000000
00000000
00000000
00000000
00000000
00000000
00000000
00000000
00000000
00000000
00000000
00000000
00000000
00000000
00000000
00000000
00000000
00000000
00000000
00000000
00000000
00000000
00000000
00000000
00000000
00000000
00000000
00000000
00000000
00000000
00000000
00000000
00000000
00000000
00000000
00000000
00000000
00000000
00000000
00000000
00000000
00000000
00000000
00000000
00000000
00000000
00000000
00000000
00000000
00000000
00000000
00000000
00000000
00000000
00000000
00000000
00000000
00000000
00000000
00000000
00000000
00000000
00000000
00000000
00000000
00000000
00000000
00000000
00000000
00000000
00000000
00000000
00000000
00000000
00000000
00000000
00000000
00000000
00000000
00000000
00000000
00000000
00000000
00000000
00000000
00000000
00000000
00000000
00000000
00000000
00000000
00000000
00000000
00000000
00000000
00000000
00000000
00000000
00000000
00000000
00000000
00000000
00000000
00000000
00000000
00000000
00000000
00000000
00000000
00000000
00000000
00000000
00000000
00000000
00000000
00000000
00000000
00000000
00000000
00000000
00000000
00000000
00000000
00000000
00000000
00000000
00000000
00000000
00000000
00000000
00000000
00000000
00000000
00000000
00000000
00000000
00000000
00000000
00000000
00000000
00000000
00000000
00000000
00000000
00000000
00000000
00000000
00000000
00000000
00000000
00000000
00000000
00000000
00000000
00000000
00000000
00000000
00000000
00000000
00000000
00000000
00000000
00000000
00000000
00000000
00000000
00000000
00000000
00000000
00000000
00000000
00000000
00000000
00000000
00000000
00000000
00000000
00000000
00000000
00000000
00000000
00000000
00000000
00000000
00000000
00000000
00000000
00000000
00000000
00000000
00000000
00000000
00000000
00000000
00000000
00000000
00000000
00000000
00000000
00000000
00000000
00000000
00000000
00000000
00000000
00000000
00000000
00000000
00000000
00000000
00000000
00000000
00000000
00000000
00000000
00000000
00000000
00000000
00000000
00000000
00000000
00000000
00000000
00000000
00000000
00000000
00000000
00000000
00000000
00000000
00000000
00000000
00000000
00000000
00000000
00000000
00000000
00000000
00000000
00000000
00000000
00000000
00000000
00000000
00000000
00000000
00000000
00000000
00000000
00000000
00000000
00000000
00000000
00000000
00000000
00000000
00000000
00000000
00000000
00000000
00000000
00000000
00000000
00000000
00000000
00000000
00000000
00000000
00000000
00000000
00000000
00000000
00000000
00000000
00000000
00000000
00000000
00000000
00000000
00000000
00000000
00000000
00000000
00000000
00000000
00000000
00000000
00000000
00000000
00000000
00000000
00000000
00000000
00000000
00000000
00000000
00000000
00000000
00000000
00000000
00000000
00000000
00000000
00000000
00000000
00000000
00000000
00000000
00000000
00000000
00000000
00000000
00000000
00000000
00000000
00000000
00000000
00000000
00000000
00000000
00000000
00000000
00000000
00000000
00000000
00000000
00000000
00000000
00000000
00000000
00000000
00000000
00000000
00000000
00000000
00000000
00000000
00000000
00000000
00000000
00000000
00000000
00000000
00000000
00000000
00000000
00000000
00000000
00000000
00000000
00000000
00000000
00000000
00000000
00000000
00000000
00000000
00000000
00000000
00000000
00000000
00000000
00000000
00000000
00000000
00000000
00000000
00000000
00000000
00000000
00000000
00000000
00000000
00000000
00000000
00000000
00000000
00000000
00000000
00000000
00000000
00000000
00000000
00000000
00000000
00000000
00000000
00000000
00000000
00000000
00000000
00000000
00000000
00000000
00000000
00000000
00000000
00000000
00000000
00000000
00000000
00000000
00000000
00000000
00000000
00000000
00000000
00000000
00000000
00000000
00000000
00000000
00000000
00000000
00000000
00000000
00000000
00000000
00000000
00000000
00000000
00000000
00000000
00000000
00000000
00000000
00000000
00000000
00000000
00000000
00000000
00000000
00000000
00000000
00000000
00000000
00000000
00000000
00000000
00000000
00000000
00000000
00000000
00000000
00000000
00000000
00000000
00000000
00000000
00000000
00000000
00000000
00000000
00000000
00000000
00000000
00000000
00000000
00000000
00000000
00000000
00000000
00000000
00000000
00000000
00000000
00000000
00000000
00000000
00000000
00000000
00000000
00000000
00000000
00000000
00000000
00000000
00000000
00000000
00000000
00000000
00000000
00000000
00000000
00000000
00000000
00000000
00000000
00000000
00000000
00000000
00000000
00000000
00000000
00000000
00000000
00000000
00000000
00000000
00000000
00000000
00000000
00000000
00000000
00000000
00000000
00000000
00000000
00000000
00000000
00000000
00000000
00000000
00000000
00000000
00000000
00000000
00000000
00000000
00000000
00000000
00000000
00000000
00000000
00000000
00000000
00000000
00000000
00000000
00000000
00000000
00000000
00000000
00000000
00000000
00000000
00000000
00000000
00000000
00000000
00000000
00000000
00000000
00000000
00000000
00000000
00000000
00000000
00000000
00000000
00000000
00000000
00000000
00000000
00000000
00000000
00000000
00000000
00000000
00000000
00000000
00000000
00000000
00000000
00000000
00000000
00000000
00000000
00000000
00000000
00000000
00000000
00000000
00000000
00000000
00000000
00000000
00000000
00000000
00000000
00000000
00000000
00000000
00000000
00000000
00000000
00000000
00000000
00000000
00000000
00000000
00000000
00000000
00000000
00000000
00000000
00000000
00000000
00000000
00000000
00000000
00000000
00000000
00000000
00000000
00000000
00000000
00000000
00000000
00000000
00000000
00000000
00000000
00000000
00000000
00000000
00000000
00000000
00000000
00000000
00000000
00000000
00000000
00000000
00000000
00000000
00000000
00000000
00000000
00000000
00000000
00000000
00000000
00000000
00000000
00000000
00000000
00000000
00000000
00000000
00000000
00000000
00000000
00000000
00000000
00000000
00000000
00000000
00000000
00000000
00000000
00000000
00000000
00000000
00000000
00000000
00000000
00000000
00000000
00000000
00000000
00000000
00000000
00000000
00000000
00000000
00000000
00000000
00000000
00000000
00000000
00000000
00000000
00000000
00000000
00000000
00000000
00000000
00000000
00000000
00000000
00000000
00000000
00000000
00000000
00000000
00000000
00000000
00000000
00000000
00000000
00000000
00000000
00000000
00000000
00000000
00000000
00000000
00000000
00000000
00000000
00000000
00000000
00000000
00000000
00000000
00000000
00000000
00000000
00000000
00000000
00000000
00000000
00000000
00000000
00000000
00000000
00000000
00000000
00000000
00000000
00000000
00000000
00000000
00000000
00000000
00000000
00000000
00000000
00000000
00000000
00000000
00000000
00000000
00000000
00000000
00000000
00000000
00000000
00000000
00000000
00000000
00000000
00000000
00000000
00000000
00000000
00000000
00000000
00000000
00000000
00000000
00000000
00000000
00000000
00000000
00000000
00000000
00000000
00000000
00000000
00000000
00000000
00000000
00000000
00000000
00000000
00000000
00000000
00000000
00000000
00000000
00000000
00000000
00000000
00000000
00000000
00000000
00000000
00000000
00000000
00000000
00000000
00000000
00000000
00000000
00000000
00000000
00000000
00000000
00000000
00000000
00000000
00000000
00000000
00000000
00000000
00000000
00000000
00000000
00000000
00000000
00000000
00000000
00000000
00000000
00000000
00000000
00000000
00000000
00000000
00000000
00000000
00000000
00000000
00000000
00000000
00000000
00000000
00000000
00000000
00000000
00000000
00000000
00000000
00000000
00000000
00000000
00000000
00000000
00000000
00000000
00000000
00000000
00000000
00000000
00000000
00000000
00000000
00000000
00000000
00000000
00000000
00000000
00000000
00000000
00000000
00000000
00000000
00000000
00000000
00000000
00000000
00000000
00000000
00000000
00000000
00000000
00000000
00000000
00000000
00000000
00000000
00000000
00000000
00000000
00000000
00000000
00000000
00000000
00000000
00000000
00000000
00000000
00000000
00000000
00000000
00000000
00000000
00000000
00000000
00000000
00000000
00000000
00000000
00000000
00000000
00000000
00000000
00000000
00000000
00000000
00000000
00000000
00000000
00000000
00000000
00000000
00000000
00000000
00000000
00000000
00000000
00000000
00000000
00000000
00000000
00000000
00000000
00000000
00000000
00000000
00000000
00000000
00000000
00000000
00000000
00000000
00000000
00000000
00000000
00000000
00000000
00000000
00000000
00000000
00000000
00000000
00000000
00000000
00000000
00000000
00000000
00000000
00000000
00000000
00000000
00000000
00000000
00000000
00000000
00000000
00000000
00000000
00000000
00000000
00000000
00000000
00000000
00000000
00000000
00000000
00000000
00000000
00000000
00000000
00000000
00000000
00000000
00000000
00000000
00000000
00000000
00000000
00000000
00000000
00000000
00000000
00000000
00000000
00000000
00000000
00000000
00000000
00000000
00000000
00000000
00000000
00000000
00000000
00000000
00000000
00000000
00000000
00000000
00000000
00000000
00000000
00000000
00000000
00000000
00000000
00000000
00000000
00000000
00000000
00000000
00000000
00000000
00000000
00000000
00000000
00000000
00000000
00000000
00000000
00000000
00000000
00000000
00000000
00000000
00000000
00000000
00000000
00000000
00000000
00000000
00000000
00000000
00000000
00000000
00000000
00000000
00000000
00000000
00000000
00000000
00000000
00000000
00000000
00000000
00000000
00000000
00000000
00000000
00000000
00000000
00000000
00000000
00000000
00000000
00000000
00000000
00000000
00000000
00000000
00000000
00000000
00000000
00000000
00000000
00000000
00000000
00000000
00000000
00000000
00000000
00000000
00000000
00000000
00000000
00000000
00000000
00000000
00000000
00000000
00000000
00000000
00000000
00000000
00000000
00000000
00000000
00000000
00000000
00000000
00000000
00000000
00000000
00000000
00000000
00000000
00000000
00000000
00000000
00000000
00000000
00000000
00000000
00000000
00000000
00000000
00000000
00000000
00000000
00000000
00000000
00000000
00000000
00000000
00000000
00000000
00000000
00000000
00000000
00000000
00000000
00000000
00000000
00000000
00000000
00000000
00000000
00000000
00000000
00000000
00000000
00000000
00000000
00000000
00000000
00000000
00000000
00000000
00000000
00000000
00000000
00000000
00000000
00000000
00000000
00000000
00000000
00000000
00000000
00000000
00000000
00000000
00000000
00000000
00000000
00000000
00000000
00000000
00000000
00000000
00000000
00000000
00000000
00000000
00000000
00000000
00000000
00000000
00000000
00000000
00000000
00000000
00000000
00000000
00000000
00000000
00000000
00000000
00000000
00000000
00000000
00000000
00000000
00000000
00000000
00000000
00000000
00000000
00000000
00000000
00000000
00000000
00000000
00000000
00000000
00000000
00000000
00000000
00000000
00000000
00000000
00000000
00000000
00000000
00000000
00000000
00000000
00000000
00000000
00000000
00000000
00000000
00000000
00000000
00000000
00000000
00000000
00000000
00000000
00000000
00000000
00000000
00000000
00000000
00000000
00000000
00000000
00000000
00000000
00000000
00000000
00000000
00000000
00000000
00000000
00000000
00000000
00000000
00000000
00000000
00000000
00000000
00000000
00000000
00000000
00000000
00000000
00000000
00000000
00000000
00000000
00000000
00000000
00000000
00000000
00000000
00000000
00000000
00000000
00000000
00000000
00000000
00000000
00000000
00000000
00000000
00000000
00000000
00000000
00000000
00000000
00000000
00000000
00000000
00000000
00000000
00000000
00000000
00000000
00000000
00000000
00000000
00000000
00000000
00000000
00000000
00000000
00000000
00000000
00000000
00000000
00000000
00000000
00000000
00000000
00000000
00000000
00000000
00000000
00000000
00000000
00000000
00000000
00000000
00000000
00000000
00000000
00000000
00000000
00000000
00000000
00000000
00000000
00000000
00000000
00000000
00000000
00000000
00000000
00000000
00000000
00000000
00000000
00000000
00000000
00000000
00000000
00000000
00000000
00000000
00000000
00000000
00000000
00000000
00000000
00000000
00000000
00000000
00000000
00000000
00000000
00000000
00000000
00000000
00000000
00000000
00000000
00000000
00000000
00000000
00000000
00000000
00000000
00000000
00000000
00000000
00000000
00000000
00000000
00000000
00000000
00000000
00000000
00000000
00000000
00000000
00000000
00000000
00000000
00000000
00000000
00000000
00000000
00000000
00000000
00000000
00000000
00000000
00000000
00000000
00000000
00000000
00000000
00000000
00000000
00000000
00000000
00000000
00000000
00000000
00000000
00000000
00000000
00000000
00000000
00000000
00000000
00000000
00000000
00000000
00000000
00000000
00000000
00000000
00000000
00000000
00000000
00000000
00000000
00000000
00000000
00000000
00000000
00000000
00000000
00000000
00000000
00000000
00000000
00000000
00000000
00000000
00000000
00000000
00000000
00000000
00000000
00000000
00000000
00000000
00000000
00000000
00000000
00000000
00000000
00000000
00000000
00000000
00000000
00000000
00000000
00000000
00000000
00000000
00000000
00000000
00000000
00000000
00000000
00000000
00000000
00000000
00000000
00000000
00000000
00000000
00000000
00000000
00000000
00000000
00000000
00000000
00000000
00000000
00000000
00000000
00000000
00000000
00000000
00000000
00000000
00000000
00000000
00000000
00000000
00000000
00000000
00000000
00000000
00000000
00000000
00000000
00000000
00000000
00000000
00000000
00000000
00000000
00000000
00000000
00000000
00000000
00000000
00000000
00000000
00000000
00000000
00000000
00000000
00000000
00000000
00000000
00000000
00000000
00000000
00000000
00000000
00000000
00000000
00000000
00000000
00000000
00000000
00000000
00000000
00000000
00000000
00000000
00000000
00000000
00000000
00000000
00000000
00000000
00000000
00000000
00000000
00000000
00000000
00000000
00000000
00000000
00000000
00000000
00000000
00000000
00000000
00000000
00000000
00000000
00000000
00000000
00000000
00000000
00000000
00000000
00000000
00000000
00000000
00000000
00000000
00000000
00000000
00000000
00000000
00000000
00000000
00000000
00000000
00000000
00000000
00000000
00000000
00000000
00000000
00000000
00000000
00000000
00000000
00000000
00000000
00000000
00000000
00000000
00000000
00000000
00000000
00000000
00000000
00000000
00000000
00000000
00000000
00000000
00000000
00000000
00000000
00000000
00000000
00000000
00000000
00000000
00000000
00000000
00000000
00000000
00000000
00000000
00000000
00000000
00000000
00000000
00000000
00000000
00000000
00000000
00000000
00000000
00000000
00000000
00000000
00000000
00000000
00000000
00000000
00000000
00000000
00000000
00000000
00000000
00000000
00000000
00000000
00000000
00000000
00000000
00000000
00000000
00000000
00000000
00000000
00000000
00000000
00000000
00000000
00000000
00000000
00000000
00000000
00000000
00000000
00000000
00000000
00000000
00000000
00000000
00000000
00000000
00000000
00000000
00000000
00000000
00000000
00000000
00000000
00000000
00000000
00000000
00000000
00000000
00000000
00000000
00000000
00000000
00000000
00000000
00000000
00000000
00000000
00000000
00000000
00000000
00000000
00000000
00000000
00000000
00000000
00000000
00000000
00000000
00000000
00000000
00000000
00000000
00000000
00000000
00000000
00000000
00000000
00000000
00000000
00000000
00000000
00000000
00000000
00000000
00000000
00000000
00000000
00000000
00000000
00000000
00000000
00000000
00000000
00000000
00000000
00000000
00000000
00000000
00000000
00000000
00000000
00000000
00000000
00000000
00000000
00000000
00000000
00000000
00000000
00000000
00000000
00000000
00000000
00000000
00000000
00000000
00000000
00000000
00000000
00000000
00000000
00000000
00000000
00000000
00000000
00000000
00000000
00000000
00000000
00000000
00000000
00000000
00000000
00000000
00000000
00000000
00000000
00000000
00000000
00000000
00000000
00000000
00000000
00000000
00000000
00000000
00000000
00000000
00000000
00000000
00000000
00000000
00000000
00000000
00000000
00000000
00000000
00000000
00000000
00000000
00000000
00000000
00000000
00000000
00000000
00000000
00000000
00000000
00000000
00000000
00000000
00000000
00000000
00000000
00000000
00000000
00000000
00000000
00000000
00000000
00000000
00000000
00000000
00000000
00000000
00000000
00000000
00000000
00000000
00000000
00000000
00000000
00000000
00000000
00000000
00000000
00000000
00000000
00000000
00000000
00000000
00000000
00000000
00000000
00000000
00000000
00000000
00000000
00000000
00000000
00000000
00000000
00000000
00000000
00000000
00000000
00000000
00000000
00000000
00000000
00000000
00000000
00000000
00000000
00000000
00000000
00000000
00000000
00000000
00000000
00000000
00000000
00000000
00000000
00000000
00000000
00000000
00000000
00000000
00000000
00000000
00000000
00000000
00000000
00000000
00000000
00000000
00000000
00000000
00000000
00000000
00000000
00000000
00000000
00000000
00000000
00000000
00000000
00000000
00000000
00000000
00000000
00000000
00000000
00000000
00000000
00000000
00000000
00000000
00000000
00000000
00000000
00000000
00000000
00000000
00000000
00000000
00000000
00000000
00000000
00000000
00000000
00000000
00000000
00000000
00000000
00000000
00000000
00000000
00000000
00000000
00000000
00000000
00000000
00000000
00000000
00000000
00000000
00000000
00000000
00000000
00000000
00000000
00000000
00000000
00000000
00000000
00000000
00000000
00000000
00000000
00000000
00000000
00000000
00000000
00000000
00000000
00000000
00000000
00000000
00000000
00000000
00000000
00000000
00000000
00000000
00000000
00000000
00000000
00000000
00000000
00000000
00000000
00000000
00000000
00000000
00000000
00000000
00000000
00000000
00000000
00000000
00000000
00000000
00000000
00000000
00000000
00000000
00000000
00000000
00000000
00000000
00000000
00000000
00000000
00000000
00000000
00000000
00000000
00000000
00000000
00000000
00000000
00000000
00000000
00000000
00000000
00000000
00000000
00000000
00000000
00000000
00000000
00000000
00000000
00000000
00000000
00000000
00000000
00000000
00000000
00000000
00000000
00000000
00000000
00000000
00000000
00000000
00000000
00000000
00000000
00000000
00000000
00000000
00000000
00000000
00000000
00000000
00000000
00000000
00000000
00000000
00000000
00000000
00000000
00000000
00000000
00000000
00000000
00000000
00000000
00000000
00000000
00000000
00000000
00000000
00000000
00000000
00000000
00000000
00000000
00000000
00000000
00000000
00000000
00000000
00000000
00000000
00000000
00000000
00000000
00000000
00000000
00000000
00000000
00000000
00000000
00000000
00000000
00000000
00000000
00000000
00000000
00000000
00000000
00000000
00000000
00000000
00000000
00000000
00000000
00000000
00000000
00000000
00000000
00000000
00000000
00000000
00000000
00000000
00000000
00000000
00000000
00000000
00000000
00000000
00000000
00000000
00000000
00000000
00000000
00000000
00000000
00000000
00000000
00000000
00000000
00000000
00000000
00000000
00000000
00000000
00000000
00000000
00000000
00000000
00000000
00000000
00000000
00000000
00000000
00000000
00000000
00000000
00000000
00000000
00000000
00000000
00000000
00000000
00000000
00000000
00000000
00000000
00000000
00000000
00000000
00000000
00000000
00000000
00000000
00000000
00000000
00000000
00000000
00000000
00000000
00000000
00000000
00000000
00000000
00000000
00000000
00000000
00000000
00000000
00000000
00000000
00000000
00000000
00000000
00000000
00000000
00000000
00000000
00000000
00000000
00000000
00000000
00000000
00000000
00000000
00000000
00000000
00000000
00000000
00000000
00000000
00000000
00000000
00000000
00000000
00000000
00000000
00000000
00000000
00000000
00000000
00000000
00000000
00000000
00000000
00000000
00000000
00000000
00000000
00000000
00000000
00000000
00000000
00000000
00000000
00000000
00000000
00000000
00000000
00000000
00000000
00000000
00000000
00000000
00000000
00000000
00000000
00000000
00000000
00000000
00000000
00000000
00000000
00000000
00000000
00000000
00000000
00000000
00000000
00000000
00000000
00000000
00000000
00000000
00000000
00000000
00000000
00000000
00000000
00000000
00000000
00000000
00000000
00000000
00000000
00000000
00000000
00000000
00000000
00000000
00000000
00000000
00000000
00000000
00000000
00000000
00000000
00000000
00000000
00000000
00000000
00000000
00000000
00000000
00000000
00000000
00000000
00000000
00000000
00000000
00000000
00000000
00000000
00000000
00000000
00000000
00000000
00000000
00000000
00000000
00000000
00000000
00000000
00000000
00000000
00000000
00000000
00000000
00000000
00000000
00000000
00000000
00000000
00000000
00000000
00000000
00000000
00000000
00000000
00000000
00000000
00000000
00000000
00000000
00000000
00000000
00000000
00000000
00000000
00000000
00000000
00000000
00000000
00000000
00000000
00000000
00000000
00000000
00000000
00000000
00000000
00000000
00000000
00000000
00000000
00000000
00000000
00000000
00000000
00000000
00000000
00000000
00000000
00000000
00000000
00000000
00000000
00000000
00000000
00000000
00000000
00000000
00000000
00000000
00000000
00000000
00000000
00000000
00000000
00000000
00000000
00000000
00000000
00000000
00000000
00000000
00000000
00000000
00000000
00000000
00000000
00000000
00000000
00000000
00000000
00000000
00000000
00000000
00000000
00000000
00000000
00000000
00000000
00000000
00000000
00000000
00000000
00000000
00000000
00000000
00000000
00000000
00000000
00000000
00000000
00000000
00000000
00000000
00000000
00000000
00000000
00000000
00000000
00000000
00000000
00000000
00000000
00000000
00000000
00000000
00000000
00000000
00000000
00000000
00000000
00000000
00000000
00000000
00000000
00000000
00000000
00000000
00000000
00000000
00000000
00000000
00000000
00000000
00000000
00000000
00000000
00000000
00000000
00000000
00000000
00000000
00000000
00000000
00000000
00000000
00000000
00000000
00000000
00000000
00000000
00000000
00000000
00000000
00000000
00000000
00000000
00000000
00000000
00000000
00000000
00000000
00000000
00000000
00000000
00000000
00000000
00000000
00000000
00000000
00000000
00000000
00000000
00000000
00000000
00000000
00000000
00000000
00000000
00000000
00000000
00000000
00000000
00000000
00000000
00000000
00000000
00000000
00000000
00000000
00000000
00000000
00000000
00000000
00000000
00000000
00000000
00000000
00000000
00000000
00000000
00000000
00000000
00000000
00000000
00000000
00000000
00000000
00000000
00000000
00000000
00000000
00000000
00000000
00000000
00000000
00000000
00000000
00000000
00000000
00000000
00000000
00000000
00000000
00000000
00000000
00000000
00000000
00000000
00000000
00000000
00000000
00000000
00000000
00000000
00000000
00000000
00000000
00000000
00000000
00000000
00000000
00000000
00000000
00000000
00000000
00000000
00000000
00000000
00000000
00000000
00000000
00000000
00000000
00000000
00000000
00000000
00000000
00000000
00000000
00000000
00000000
00000000
00000000
00000000
00000000
00000000
00000000
00000000
00000000
00000000
00000000
00000000
00000000
00000000
00000000
00000000
00000000
00000000
00000000
00000000
00000000
00000000
00000000
00000000
00000000
00000000
00000000
00000000
00000000
00000000
00000000
00000000
00000000
00000000
00000000
00000000
00000000
00000000
00000000
00000000
00000000
00000000
00000000
00000000
00000000
00000000
00000000
00000000
00000000
00000000
00000000
00000000
00000000
00000000
00000000
00000000
00000000
00000000
00000000
00000000
00000000
00000000
00000000
00000000
00000000
00000000
00000000
00000000
00000000
00000000
00000000
00000000
00000000
00000000
00000000
00000000
00000000
00000000
00000000
00000000
00000000
00000000
00000000
00000000
00000000
00000000
00000000
00000000
00000000
00000000
00000000
00000000
00000000
00000000
00000000
00000000
00000000
00000000
00000000
00000000
00000000
00000000
00000000
00000000
00000000
00000000
00000000
00000000
00000000
00000000
00000000
00000000
00000000
00000000
00000000
00000000
00000000
00000000
00000000
00000000
00000000
00000000
00000000
00000000
00000000
00000000
00000000
00000000
00000000
00000000
00000000
00000000
00000000
00000000
00000000
00000000
00000000
00000000
00000000
00000000
00000000
00000000
00000000
00000000
00000000
00000000
00000000
00000000
00000000
00000000
00000000
00000000
00000000
00000000
00000000
00000000
00000000
00000000
00000000
00000000
00000000
00000000
00000000
00000000
00000000
00000000
00000000
00000000
00000000
00000000
00000000
00000000
00000000
00000000
00000000
00000000
00000000
00000000
00000000
00000000
00000000
00000000
00000000
00000000
00000000
00000000
00000000
00000000
00000000
00000000
00000000
00000000
00000000
00000000
00000000
00000000
00000000
00000000
00000000
00000000
00000000
00000000
00000000
00000000
00000000
00000000
00000000
00000000
00000000
00000000
00000000
00000000
00000000
00000000
00000000
00000000
00000000
00000000
00000000
00000000
00000000
00000000
00000000
00000000
00000000
00000000
00000000
00000000
00000000
00000000
00000000
00000000
00000000
00000000
00000000
00000000
00000000
00000000
00000000
00000000
00000000
00000000
00000000
00000000
00000000
00000000
00000000
00000000
00000000
00000000
00000000
00000000
00000000
00000000
00000000
00000000
00000000
00000000
00000000
00000000
00000000
00000000
00000000
00000000
00000000
00000000
00000000
00000000
00000000
00000000
00000000
00000000
00000000
00000000
00000000
00000000
00000000
00000000
00000000
00000000
00000000
00000000
00000000
00000000
00000000
00000000
00000000
00000000
00000000
00000000
00000000
00000000
00000000
00000000
00000000
00000000
00000000
00000000
00000000
00000000
00000000
00000000
00000000
00000000
00000000
00000000
00000000
00000000
00000000
00000000
00000000
00000000
00000000
00000000
00000000
00000000
00000000
00000000
00000000
00000000
00000000
00000000
00000000
00000000
00000000
00000000
00000000
00000000
00000000
00000000
00000000
00000000
00000000
00000000
00000000
00000000
00000000
00000000
00000000
00000000
00000000
00000000
00000000
00000000
00000000
00000000
00000000
00000000
00000000
00000000
00000000
00000000
00000000
00000000
00000000
00000000
00000000
00000000
00000000
00000000
00000000
00000000
00000000
00000000
00000000
00000000
00000000
00000000
00000000
00000000
00000000
00000000
00000000
00000000
00000000
00000000
00000000
00000000
00000000
00000000
00000000
00000000
00000000
00000000
00000000
00000000
00000000
00000000
00000000
00000000
00000000
00000000
00000000
00000000
00000000
00000000
00000000
00000000
00000000
00000000
00000000
00000000
00000000
00000000
00000000
00000000
00000000
00000000
00000000
00000000
00000000
00000000
00000000
00000000
00000000
00000000
00000000
00000000
00000000
00000000
00000000
00000000
00000000
00000000
00000000
00000000
00000000
00000000
00000000
00000000
00000000
00000000
00000000
00000000
00000000
00000000
00000000
00000000
00000000
00000000
00000000
00000000
00000000
00000000
00000000
00000000
00000000
00000000
00000000
00000000
00000000
00000000
00000000
00000000
00000000
00000000
00000000
00000000
00000000
00000000
00000000
00000000
00000000
00000000
00000000
00000000
00000000
00000000
00000000
00000000
00000000
00000000
00000000
00000000
00000000
00000000
00000000
00000000
00000000
00000000
00000000
00000000
00000000
00000000
00000000
00000000
00000000
00000000
00000000
00000000
00000000
00000000
00000000
00000000
00000000
00000000
00000000
00000000
00000000
00000000
00000000
00000000
00000000
00000000
00000000
00000000
00000000
00000000
00000000
00000000
00000000
00000000
00000000
00000000
00000000
00000000
00000000
00000000
00000000
00000000
00000000
00000000
00000000
00000000
00000000
00000000
00000000
00000000
00000000
00000000
00000000
00000000
00000000
00000000
00000000
00000000
00000000
00000000
00000000
00000000
00000000
00000000
00000000
00000000
00000000
00000000
00000000
00000000
00000000
00000000
00000000
00000000
00000000
00000000
00000000
00000000
00000000
00000000
00000000
00000000
00000000
00000000
00000000
00000000
00000000
00000000
00000000
00000000
00000000
00000000
00000000
00000000
00000000
00000000
00000000
00000000
00000000
00000000
00000000
00000000
00000000
00000000
00000000
00000000
00000000
00000000
00000000
00000000
00000000
00000000
00000000
00000000
00000000
00000000
00000000
00000000
00000000
00000000
00000000
00000000
00000000
00000000
00000000
00000000
00000000
00000000
00000000
00000000
00000000
00000000
00000000
00000000
00000000
00000000
00000000
00000000
00000000
00000000
00000000
00000000
00000000
00000000
00000000
00000000
00000000
00000000
00000000
00000000
00000000
00000000
00000000
00000000
00000000
00000000
00000000
00000000
00000000
00000000
00000000
00000000
00000000
00000000
00000000
00000000
00000000
00000000
00000000
00000000
00000000
00000000
00000000
00000000
00000000
00000000
00000000
00000000
00000000
00000000
00000000
00000000
00000000
00000000
00000000
00000000
00000000
00000000
00000000
00000000
00000000
00000000
00000000
00000000
00000000
00000000
00000000
00000000
00000000
00000000
00000000
00000000
00000000
00000000
00000000
00000000
00000000
00000000
00000000
00000000
00000000
00000000
00000000
00000000
00000000
00000000
00000000
00000000
00000000
00000000
00000000
00000000
00000000
00000000
00000000
00000000
00000000
00000000
00000000
00000000
00000000
00000000
00000000
00000000
00000000
00000000
00000000
00000000
00000000
00000000
00000000
00000000
00000000
00000000
00000000
00000000
00000000
00000000
00000000
00000000
00000000
00000000
00000000
00000000
00000000
00000000
00000000
00000000
00000000
00000000
00000000
00000000
00000000
00000000
00000000
00000000
00000000
00000000
00000000
00000000
00000000
00000000
00000000
00000000
00000000
00000000
00000000
00000000
00000000
00000000
00000000
00000000
00000000
00000000
00000000
00000000
00000000
00000000
00000000
00000000
00000000
00000000
00000000
00000000
00000000
00000000
00000000
00000000
00000000
00000000
00000000
00000000
00000000
00000000
00000000
00000000
00000000
00000000
00000000
00000000
00000000
00000000
00000000
00000000
00000000
00000000
00000000
00000000
00000000
00000000
00000000
00000000
00000000
00000000
00000000
00000000
00000000
00000000
00000000
00000000
00000000
00000000
00000000
00000000
00000000
00000000
00000000
00000000
00000000
00000000
00000000
00000000
00000000
00000000
00000000
00000000
00000000
00000000
00000000
00000000
00000000
00000000
00000000
00000000
00000000
00000000
00000000
00000000
00000000
00000000
00000000
00000000
00000000
00000000
00000000
00000000
00000000
00000000
00000000
00000000
00000000
00000000
00000000
00000000
00000000
00000000
00000000
00000000
00000000
00000000
00000000
00000000
00000000
00000000
00000000
00000000
00000000
00000000
00000000
00000000
00000000
00000000
00000000
00000000
00000000
00000000
00000000
00000000
00000000
00000000
00000000
00000000
00000000
00000000
00000000
00000000
00000000
00000000
00000000
00000000
00000000
00000000
00000000
00000000
00000000
00000000
00000000
00000000
00000000
00000000
00000000
00000000
00000000
00000000
00000000
00000000
00000000
00000000
00000000
00000000
00000000
00000000
00000000
00000000
00000000
00000000
00000000
00000000
00000000
00000000
00000000
00000000
00000000
00000000
00000000
00000000
00000000
00000000
00000000
00000000
00000000
00000000
00000000
00000000
00000000
00000000
00000000
00000000
00000000
00000000
00000000
00000000
00000000
00000000
00000000
00000000
00000000
00000000
00000000
00000000
00000000
00000000
00000000
00000000
00000000
00000000
00000000
00000000
00000000
00000000
00000000
00000000
00000000
00000000
00000000
00000000
00000000
00000000
00000000
00000000
00000000
00000000
00000000
00000000
00000000
00000000
00000000
00000000
00000000
00000000
00000000
00000000
00000000
00000000
00000000
00000000
00000000
00000000
00000000
00000000
00000000
00000000
00000000
00000000
00000000
00000000
00000000
00000000
00000000
00000000
00000000
00000000
00000000
00000000
00000000
00000000
00000000
00000000
00000000
00000000
00000000
00000000
00000000
00000000
00000000
00000000
00000000
00000000
00000000
00000000
00000000
00000000
00000000
00000000
00000000
00000000
00000000
00000000
00000000
00000000
00000000
00000000
00000000
00000000
00000000
00000000
00000000
00000000
00000000
00000000
00000000
00000000
00000000
00000000
00000000
00000000
00000000
00000000
00000000
00000000
00000000
00000000
00000000
00000000
00000000
00000000
00000000
00000000
00000000
00000000
00000000
00000000
00000000
00000000
00000000
00000000
00000000
00000000
00000000
00000000
00000000
00000000
00000000
00000000
00000000
00000000
00000000
00000000
00000000
00000000
00000000
00000000
00000000
00000000
00000000
00000000
00000000
00000000
00000000
00000000
00000000
00000000
00000000
00000000
00000000
00000000
00000000
00000000
00000000
00000000
00000000
00000000
00000000
00000000
00000000
00000000
00000000
00000000
00000000
00000000
00000000
00000000
00000000
00000000
00000000
00000000
00000000
00000000
00000000
00000000
00000000
00000000
00000000
00000000
00000000
00000000
00000000
00000000
00000000
00000000
00000000
00000000
00000000
00000000
00000000
00000000
00000000
00000000
00000000
00000000
00000000
00000000
00000000
00000000
00000000
00000000
00000000
00000000
00000000
00000000
00000000
00000000
00000000
00000000
00000000
00000000
00000000
00000000
00000000
00000000
00000000
00000000
00000000
00000000
00000000
00000000
00000000
00000000
00000000
00000000
00000000
00000000
00000000
00000000
00000000
00000000
00000000
00000000
00000000
00000000
00000000
00000000
00000000
00000000
00000000
00000000
00000000
00000000
00000000
00000000
00000000
00000000
00000000
00000000
00000000
00000000
00000000
00000000
00000000
00000000
00000000
00000000
00000000
00000000
00000000
00000000
00000000
00000000
00000000
00000000
00000000
00000000
00000000
00000000
00000000
00000000
00000000
00000000
00000000
00000000
00000000
00000000
00000000
00000000
00000000
00000000
00000000
00000000
00000000
00000000
00000000
00000000
00000000
00000000
00000000
00000000
00000000
00000000
00000000
00000000
00000000
00000000
00000000
00000000
00000000
00000000
00000000
00000000
00000000
00000000
00000000
00000000
00000000
00000000
00000000
00000000
00000000
00000000
00000000
00000000
00000000
00000000
00000000
00000000
00000000
00000000
00000000
00000000
00000000
00000000
00000000
00000000
00000000
00000000
00000000
00000000
00000000
00000000
00000000
00000000
00000000
00000000
00000000
00000000
00000000
00000000
00000000
00000000
00000000
00000000
00000000
00000000
00000000
00000000
00000000
00000000
00000000
00000000
00000000
00000000
00000000
00000000
00000000
00000000
00000000
00000000
00000000
00000000
00000000
00000000
00000000
00000000
00000000
00000000
00000000
00000000
00000000
00000000
00000000
00000000
00000000
00000000
00000000
00000000
00000000
00000000
00000000
00000000
00000000
00000000
00000000
00000000
00000000
00000000
00000000
00000000
00000000
00000000
00000000
00000000
00000000
00000000
00000000
00000000
00000000
00000000
00000000
00000000
00000000
00000000
00000000
00000000
00000000
00000000
00000000
00000000
00000000
00000000
00000000
00000000
00000000
00000000
00000000
00000000
00000000
00000000
00000000
00000000
00000000
00000000
00000000
00000000
00000000
00000000
00000000
00000000
00000000
00000000
00000000
00000000
00000000
00000000
00000000
00000000
00000000
00000000
00000000
00000000
00000000
00000000
00000000
00000000
00000000
00000000
00000000
00000000
00000000
00000000
00000000
00000000
00000000
00000000
00000000
00000000
00000000
00000000
00000000
00000000
00000000
00000000
00000000
00000000
00000000
00000000
00000000
00000000
00000000
00000000
00000000
00000000
00000000
00000000
00000000
00000000
00000000
00000000
00000000
00000000
00000000
00000000
00000000
00000000
00000000
00000000
00000000
00000000
00000000
00000000
00000000
00000000
00000000
00000000
00000000
00000000
00000000
00000000
00000000
00000000
00000000
00000000
00000000
00000000
00000000
00000000
00000000
00000000
00000000
00000000
00000000
00000000
00000000
00000000
00000000
00000000
00000000
00000000
00000000
00000000
00000000
00000000
00000000
00000000
00000000
00000000
00000000
00000000
00000000
00000000
00000000
00000000
00000000
00000000
00000000
00000000
00000000
00000000
00000000
00000000
00000000
00000000
00000000
00000000
00000000
00000000
00000000
00000000
00000000
00000000
00000000
00000000
00000000
00000000
00000000
00000000
00000000
00000000
00000000
00000000
00000000
00000000
00000000
00000000
00000000
00000000
00000000
00000000
00000000
00000000
00000000
00000000
00000000
00000000
00000000
00000000
00000000
00000000
00000000
00000000
00000000
00000000
00000000
00000000
00000000
00000000
00000000
00000000
00000000
00000000
00000000
00000000
00000000
00000000
00000000
00000000
00000000
00000000
00000000
00000000
00000000
00000000
00000000
00000000
00000000
00000000
00000000
00000000
00000000
00000000
00000000
00000000
00000000
00000000
00000000
00000000
00000000
00000000
00000000
00000000
00000000
00000000
00000000
00000000
00000000
00000000
00000000
00000000
00000000
00000000
00000000
00000000
00000000
00000000
00000000
00000000
00000000
00000000
00000000
00000000
00000000
00000000
00000000
00000000
00000000
00000000
00000000
00000000
00000000
00000000
00000000
00000000
00000000
00000000
00000000
00000000
00000000
00000000
00000000
00000000
00000000
00000000
00000000
00000000
00000000
00000000
00000000
00000000
00000000
00000000
00000000
00000000
00000000
00000000
00000000
00000000
00000000
00000000
00000000
00000000
00000000
00000000
00000000
00000000
00000000
00000000
00000000
00000000
00000000
00000000
00000000
00000000
00000000
00000000
00000000
00000000
00000000
00000000
00000000
00000000
00000000
00000000
00000000
00000000
00000000
00000000
00000000
00000000
00000000
00000000
00000000
00000000
00000000
00000000
00000000
00000000
00000000
00000000
00000000
00000000
00000000
00000000
00000000
00000000
00000000
00000000
00000000
00000000
00000000
00000000
00000000
00000000
00000000
00000000
00000000
00000000
00000000
00000000
00000000
00000000
00000000
00000000
00000000
00000000
00000000
00000000
00000000
00000000
00000000
00000000
00000000
00000000
00000000
00000000
00000000
00000000
00000000
00000000
00000000
00000000
00000000
00000000
00000000
00000000
00000000
00000000
00000000
00000000
00000000
00000000
00000000
00000000
00000000
00000000
00000000
00000000
00000000
00000000
00000000
00000000
00000000
00000000
00000000
00000000
00000000
00000000
00000000
00000000
00000000
00000000
00000000
00000000
00000000
00000000
00000000
00000000
00000000
00000000
00000000
00000000
00000000
00000000
00000000
00000000
00000000
00000000
00000000
00000000
00000000
00000000
00000000
00000000
00000000
00000000
00000000
00000000
00000000
00000000
00000000
00000000
00000000
00000000
00000000
00000000
00000000
00000000
00000000
00000000
00000000
00000000
00000000
00000000
00000000
00000000
00000000
00000000
00000000
00000000
00000000
00000000
00000000
00000000
00000000
00000000
00000000
00000000
00000000
00000000
00000000
00000000
00000000
00000000
00000000
00000000
00000000
00000000
00000000
00000000
00000000
00000000
00000000
00000000
00000000
00000000
00000000
00000000
00000000
00000000
00000000
00000000
00000000
00000000
00000000
00000000
00000000
00000000
00000000
00000000
00000000
00000000
00000000
00000000
00000000
00000000
00000000
00000000
00000000
00000000
00000000
00000000
00000000
00000000
00000000
00000000
00000000
00000000
00000000
00000000
00000000
00000000
00000000
00000000
00000000
00000000
00000000
00000000
00000000
00000000
00000000
00000000
00000000
00000000
00000000
00000000
00000000
00000000
00000000
00000000
00000000
00000000
00000000
00000000
00000000
00000000
00000000
00000000
00000000
00000000
00000000
00000000
00000000
00000000
00000000
00000000
00000000
00000000
00000000
00000000
00000000
00000000
00000000
00000000
00000000
00000000
00000000
00000000
00000000
00000000
00000000
00000000
00000000
00000000
00000000
00000000
00000000
00000000
00000000
00000000
00000000
00000000
00000000
00000000
00000000
00000000
00000000
00000000
00000000
00000000
00000000
00000000
00000000
00000000
00000000
00000000
00000000
00000000
00000000
00000000
00000000
00000000
00000000
00000000
00000000
00000000
00000000
00000000
00000000
00000000
00000000
00000000
00000000
00000000
00000000
00000000
00000000
00000000
00000000
00000000
00000000
00000000
00000000
00000000
00000000
00000000
00000000
00000000
00000000
00000000
00000000
00000000
00000000
00000000
00000000
00000000
00000000
00000000
00000000
00000000
00000000
00000000
00000000
00000000
00000000
00000000
00000000
00000000
00000000
00000000
00000000
00000000
00000000
00000000
00000000
00000000
00000000
00000000
00000000
00000000
00000000
00000000
00000000
00000000
00000000
00000000
00000000
00000000
00000000
00000000
00000000
00000000
00000000
00000000
00000000
00000000
00000000
00000000
00000000
00000000
00000000
00000000
00000000
00000000
00000000
00000000
00000000
00000000
00000000
00000000
00000000
00000000
00000000
00000000
00000000
00000000
00000000
00000000
00000000
00000000
00000000
00000000
00000000
00000000
00000000
00000000
00000000
00000000
00000000
00000000
00000000
00000000
00000000
00000000
00000000
00000000
00000000
00000000
00000000
00000000
00000000
00000000
00000000
00000000
00000000
00000000
00000000
00000000
00000000
00000000
00000000
00000000
00000000
00000000
00000000
00000000
00000000
00000000
00000000
00000000
00000000
00000000
00000000
00000000
00000000
00000000
00000000
00000000
00000000
00000000
00000000
00000000
00000000
00000000
00000000
00000000
00000000
00000000
00000000
00000000
00000000
00000000
00000000
00000000
00000000
00000000
00000000
00000000
00000000
00000000
00000000
00000000
00000000
00000000
00000000
00000000
00000000
00000000
00000000
00000000
00000000
00000000
00000000
00000000
00000000
00000000
00000000
00000000
00000000
00000000
00000000
00000000
00000000
00000000
00000000
00000000
00000000
00000000
00000000
00000000
00000000
00000000
00000000
00000000
00000000
00000000
00000000
00000000
00000000
00000000
00000000
00000000
00000000
00000000
00000000
00000000
00000000
00000000
00000000
00000000
00000000
00000000
00000000
00000000
00000000
00000000
00000000
00000000
00000000
00000000
00000000
00000000
00000000
00000000
00000000
00000000
00000000
00000000
00000000
00000000
00000000
00000000
00000000
00000000
00000000
00000000
00000000
00000000
00000000
00000000
00000000
00000000
00000000
00000000
00000000
00000000
00000000
00000000
00000000
00000000
00000000
00000000
00000000
00000000
00000000
00000000
00000000
00000000
00000000
00000000
00000000
00000000
00000000
00000000
00000000
00000000
00000000
00000000
00000000
00000000
00000000
00000000
00000000
00000000
00000000
00000000
00000000
00000000
00000000
00000000
00000000
00000000
00000000
00000000
00000000
00000000
00000000
00000000
00000000
00000000
00000000
00000000
00000000
00000000
00000000
00000000
00000000
00000000
00000000
00000000
00000000
00000000
00000000
00000000
00000000
00000000
00000000
00000000
00000000
00000000
00000000
00000000
00000000
00000000
00000000
00000000
00000000
00000000
00000000
00000000
00000000
00000000
00000000
00000000
00000000
00000000
00000000
00000000
00000000
00000000
00000000
00000000
00000000
00000000
00000000
00000000
00000000
00000000
00000000
00000000
00000000
00000000
00000000
00000000
00000000
00000000
00000000
00000000
00000000
00000000
00000000
00000000
00000000
00000000
00000000
00000000
00000000
00000000
00000000
00000000
00000000
00000000
00000000
00000000
00000000
00000000
00000000
00000000
00000000
00000000
00000000
00000000
00000000
00000000
00000000
00000000
00000000
00000000
00000000
00000000
00000000
00000000
00000000
00000000
00000000
00000000
00000000
00000000
00000000
00000000
00000000
00000000
00000000
00000000
00000000
00000000
00000000
00000000
00000000
00000000
00000000
00000000
00000000
00000000
00000000
00000000
00000000
00000000
00000000
00000000
00000000
00000000
00000000
00000000
00000000
00000000
00000000
00000000
00000000
00000000
00000000
00000000
00000000
00000000
00000000
00000000
00000000
00000000
00000000
00000000
00000000
00000000
00000000
00000000
00000000
00000000
00000000
00000000
00000000
00000000
00000000
00000000
00000000
00000000
00000000
00000000
00000000
00000000
00000000
00000000
00000000
00000000
00000000
00000000
00000000
00000000
00000000
00000000
00000000
00000000
00000000
00000000
00000000
00000000
00000000
00000000
00000000
00000000
00000000
00000000
00000000
00000000
00000000
00000000
00000000
00000000
00000000
00000000
00000000
00000000
00000000
00000000
00000000
00000000
00000000
00000000
00000000
00000000
00000000
00000000
00000000
00000000
00000000
00000000
00000000
00000000
00000000
00000000
00000000
00000000
00000000
00000000
00000000
00000000
00000000
00000000
00000000
00000000
00000000
00000000
00000000
00000000
00000000
00000000
00000000
00000000
00000000
00000000
00000000
00000000
00000000
00000000
00000000
00000000
00000000
00000000
00000000
00000000
00000000
00000000
00000000
00000000
00000000
00000000
00000000
00000000
00000000
00000000
00000000
00000000
00000000
00000000
00000000
00000000
00000000
00000000
00000000
00000000
00000000
00000000
00000000
00000000
00000000
00000000
00000000
00000000
00000000
00000000
00000000
00000000
00000000
00000000
00000000
00000000
00000000
00000000
00000000
00000000
00000000
00000000
00000000
00000000
00000000
00000000
00000000
00000000
00000000
00000000
00000000
00000000
00000000
00000000
00000000
00000000
00000000
00000000
00000000
00000000
00000000
00000000
00000000
00000000
00000000
00000000
00000000
00000000
00000000
00000000
00000000
00000000
00000000
00000000
00000000
00000000
00000000
00000000
00000000
00000000
00000000
00000000
00000000
00000000
00000000
00000000
00000000
00000000
00000000
00000000
00000000
00000000
00000000
00000000
00000000
00000000
00000000
00000000
00000000
00000000
00000000
00000000
00000000
00000000
00000000
00000000
00000000
00000000
00000000
00000000
00000000
00000000
00000000
00000000
00000000
00000000
00000000
00000000
00000000
00000000
00000000
00000000
00000000
00000000
00000000
00000000
00000000
00000000
00000000
00000000
00000000
00000000
00000000
00000000
00000000
00000000
00000000
00000000
00000000
00000000
00000000
00000000
00000000
00000000
00000000
00000000
00000000
00000000
00000000
00000000
00000000
00000000
00000000
00000000
00000000
00000000
00000000
00000000
00000000
00000000
00000000
00000000
00000000
00000000
00000000
00000000
00000000
00000000
00000000
00000000
00000000
00000000
00000000
00000000
00000000
00000000
00000000
00000000
00000000
00000000
00000000
00000000
00000000
00000000
00000000
00000000
00000000
00000000
00000000
00000000
00000000
00000000
00000000
00000000
00000000
00000000
00000000
00000000
00000000
00000000
00000000
00000000
00000000
00000000
00000000
00000000
00000000
00000000
00000000
00000000
00000000
00000000
00000000
00000000
00000000
00000000
00000000
00000000
00000000
00000000
00000000
00000000
00000000
00000000
00000000
00000000
00000000
00000000
00000000
00000000
00000000
00000000
00000000
00000000
00000000
00000000
00000000
00000000
00000000
00000000
00000000
00000000
00000000
00000000
00000000
00000000
00000000
00000000
00000000
00000000
00000000
00000000
00000000
00000000
00000000
00000000
00000000
00000000
00000000
00000000
00000000
00000000
00000000
00000000
00000000
00000000
00000000
00000000
00000000
00000000
00000000
00000000
00000000
00000000
00000000
00000000
00000000
00000000
00000000
00000000
00000000
00000000
00000000
00000000
00000000
00000000
00000000
00000000
00000000
00000000
00000000
00000000
00000000
00000000
00000000
00000000
00000000
00000000
00000000
00000000
00000000
00000000
00000000
00000000
00000000
00000000
00000000
00000000
00000000
00000000
00000000
00000000
00000000
00000000
00000000
00000000
00000000
00000000
00000000
00000000
00000000
00000000
00000000
00000000
00000000
00000000
00000000
00000000
00000000
00000000
00000000
00000000
00000000
00000000
00000000
00000000
00000000
00000000
00000000
00000000
00000000
00000000
00000000
00000000
00000000
00000000
00000000
00000000
00000000
00000000
00000000
00000000
00000000
00000000
00000000
00000000
00000000
00000000
00000000
00000000
00000000
00000000
00000000
00000000
00000000
00000000
00000000
00000000
00000000
00000000
00000000
00000000
00000000
00000000
00000000
00000000
00000000
00000000
00000000
00000000
00000000
00000000
00000000
00000000
00000000
00000000
00000000
00000000
00000000
00000000
00000000
00000000
00000000
00000000
00000000
00000000
00000000
00000000
00000000
00000000
00000000
00000000
00000000
00000000
00000000
00000000
00000000
00000000
00000000
00000000
00000000
00000000
00000000
00000000
00000000
00000000
00000000
00000000
00000000
00000000
00000000
00000000
00000000
00000000
00000000
00000000
00000000
00000000
00000000
00000000
00000000
00000000
00000000
00000000
00000000
00000000
00000000
00000000
00000000
00000000
00000000
00000000
00000000
00000000
00000000
00000000
00000000
00000000
00000000
00000000
00000000
00000000
00000000
00000000
00000000
00000000
00000000
00000000
00000000
00000000
00000000
00000000
00000000
00000000
00000000
00000000
00000000
00000000
00000000
00000000
00000000
00000000
00000000
00000000
00000000
00000000
00000000
00000000
00000000
00000000
00000000
00000000
00000000
00000000
00000000
00000000
00000000
00000000
00000000
00000000
00000000
00000000
00000000
00000000
00000000
00000000
00000000
00000000
00000000
00000000
00000000
00000000
00000000
00000000
00000000
00000000
00000000
00000000
00000000
00000000
00000000
00000000
00000000
00000000
00000000
00000000
00000000
00000000
00000000
00000000
00000000
00000000
00000000
00000000
00000000
00000000
00000000
00000000
00000000
00000000
00000000
00000000
00000000
00000000
00000000
00000000
00000000
00000000
00000000
00000000
00000000
00000000
00000000
00000000
00000000
00000000
00000000
00000000
00000000
00000000
00000000
00000000
00000000
00000000
00000000
00000000
00000000
00000000
00000000
00000000
00000000
00000000
00000000
00000000
00000000
00000000
00000000
00000000
00000000
00000000
00000000
00000000
00000000
00000000
00000000
00000000
00000000
00000000
00000000
00000000
00000000
00000000
00000000
00000000
00000000
00000000
00000000
00000000
00000000
00000000
00000000
00000000
00000000
00000000
00000000
00000000
00000000
00000000
00000000
00000000
00000000
00000000
00000000
00000000
00000000
00000000
00000000
00000000
00000000
00000000
00000000
00000000
00000000
00000000
00000000
00000000
00000000
00000000
00000000
00000000
00000000
00000000
00000000
00000000
00000000
00000000
00000000
00000000
00000000
00000000
00000000
00000000
00000000
00000000
00000000
00000000
00000000
00000000
00000000
00000000
00000000
00000000
00000000
00000000
00000000
00000000
00000000
00000000
00000000
00000000
00000000
00000000
00000000
00000000
00000000
00000000
00000000
00000000
00000000
00000000
00000000
00000000
00000000
00000000
00000000
00000000
00000000
00000000
00000000
00000000
00000000
00000000
00000000
00000000
00000000
00000000
00000000
00000000
00000000
00000000
00000000
00000000
00000000
00000000
00000000
00000000
00000000
00000000
00000000
00000000
00000000
00000000
00000000
00000000
00000000
00000000
00000000
00000000
00000000
00000000
00000000
00000000
00000000
00000000
00000000
00000000
00000000
00000000
00000000
00000000
00000000
00000000
00000000
00000000
00000000
00000000
00000000
00000000
00000000
00000000
00000000
00000000
00000000
00000000
00000000
00000000
00000000
00000000
00000000
00000000
00000000
00000000
00000000
00000000
00000000
00000000
00000000
00000000
00000000
00000000
00000000
00000000
00000000
00000000
00000000
00000000
00000000
00000000
00000000
00000000
00000000
00000000
00000000
00000000
00000000
00000000
00000000
00000000
00000000
00000000
00000000
00000000
00000000
00000000
00000000
00000000
00000000
00000000
00000000
00000000
00000000
00000000
00000000
00000000
00000000
00000000
00000000
00000000
00000000
00000000
00000000
00000000
00000000
00000000
00000000
00000000
00000000
00000000
00000000
00000000
00000000
00000000
00000000
00000000
00000000
00000000
00000000
00000000
00000000
00000000
00000000
00000000
00000000
00000000
00000000
00000000
00000000
00000000
00000000
00000000
00000000
00000000
00000000
00000000
00000000
00000000
00000000
00000000
00000000
00000000
00000000
00000000
00000000
00000000
00000000
00000000
00000000
00000000
00000000
00000000
00000000
00000000
00000000
00000000
00000000
00000000
00000000
00000000
00000000
00000000
00000000
00000000
00000000
00000000
00000000
00000000
00000000
00000000
00000000
00000000
00000000
00000000
00000000
00000000
00000000
00000000
00000000
00000000
00000000
00000000
00000000
00000000
00000000
00000000
00000000
00000000
00000000
00000000
00000000
00000000
00000000
00000000
00000000
00000000
00000000
00000000
00000000
00000000
00000000
00000000
00000000
00000000
00000000
00000000
00000000
00000000
00000000
00000000
00000000
00000000
00000000
00000000
00000000
00000000
00000000
00000000
00000000
00000000
00000000
00000000
00000000
00000000
00000000
00000000
00000000
00000000
00000000
00000000
00000000
00000000
00000000
00000000
00000000
00000000
00000000
00000000
00000000
00000000
00000000
00000000
00000000
00000000
00000000
00000000
00000000
00000000
00000000
00000000
00000000
00000000
00000000
00000000
00000000
00000000
00000000
00000000
00000000
00000000
00000000
00000000
00000000
00000000
00000000
00000000
00000000
00000000
00000000
00000000
00000000
00000000
00000000
00000000
00000000
00000000
00000000
00000000
00000000
00000000
00000000
00000000
00000000
00000000
00000000
00000000
00000000
00000000
00000000
00000000
00000000
00000000
00000000
00000000
00000000
00000000
00000000
00000000
00000000
00000000
00000000
00000000
00000000
00000000
00000000
00000000
00000000
00000000
00000000
00000000
00000000
00000000
00000000
00000000
00000000
00000000
00000000
00000000
00000000
00000000
00000000
00000000
00000000
00000000
00000000
00000000
00000000
00000000
00000000
00000000
00000000
00000000
00000000
00000000
00000000
00000000
00000000
00000000
00000000
00000000
00000000
00000000
00000000
00000000
00000000
00000000
00000000
00000000
00000000
00000000
00000000
00000000
00000000
00000000
00000000
00000000
00000000
00000000
00000000
00000000
00000000
00000000
00000000
00000000
00000000
00000000
00000000
00000000
00000000
00000000
00000000
00000000
00000000
00000000
00000000
00000000
00000000
00000000
00000000
00000000
00000000
00000000
00000000
00000000
00000000
00000000
00000000
00000000
00000000
00000000
00000000
00000000
00000000
00000000
00000000
00000000
00000000
00000000
00000000
00000000
00000000
00000000
00000000
00000000
00000000
00000000
00000000
00000000
00000000
00000000
00000000
00000000
00000000
00000000
00000000
00000000
00000000
00000000
00000000
00000000
00000000
00000000
00000000
00000000
00000000
00000000
00000000
00000000
00000000
00000000
00000000
00000000
00000000
00000000
00000000
00000000
00000000
00000000
00000000
00000000
00000000
00000000
00000000
00000000
00000000
00000000
00000000
00000000
00000000
00000000
00000000
00000000
00000000
00000000
00000000
00000000
00000000
00000000
00000000
00000000
00000000
00000000
00000000
00000000
00000000
00000000
00000000
00000000
00000000
00000000
00000000
00000000
00000000
00000000
00000000
00000000
00000000
00000000
00000000
00000000
00000000
00000000
00000000
00000000
00000000
00000000
00000000
00000000
00000000
00000000
00000000
00000000
00000000
00000000
00000000
00000000
00000000
00000000
00000000
00000000
00000000
00000000
00000000
00000000
00000000
00000000
00000000
00000000
00000000
00000000
00000000
00000000
00000000
00000000
00000000
00000000
00000000
00000000
00000000
00000000
00000000
00000000
00000000
00000000
00000000
00000000
00000000
00000000
00000000
00000000
00000000
00000000
00000000
00000000
00000000
00000000
00000000
00000000
00000000
00000000
00000000
00000000
00000000
00000000
00000000
00000000
00000000
00000000
00000000
00000000
00000000
00000000
00000000
00000000
00000000
00000000
00000000
00000000
00000000
00000000
00000000
00000000
00000000
00000000
00000000
00000000
00000000
00000000
00000000
00000000
00000000
00000000
00000000
00000000
00000000
00000000
00000000
00000000
00000000
00000000
00000000
00000000
00000000
00000000
00000000
00000000
00000000
00000000
00000000
00000000
00000000
00000000
00000000
00000000
00000000
00000000
00000000
00000000
00000000
00000000
00000000
00000000
00000000
00000000
00000000
00000000
00000000
00000000
00000000
00000000
00000000
00000000
00000000
00000000
00000000
00000000
00000000
00000000
00000000
00000000
00000000
00000000
00000000
00000000
00000000
00000000
00000000
00000000
00000000
00000000
00000000
00000000
00000000
00000000
00000000
00000000
00000000
00000000
00000000
00000000
00000000
00000000
00000000
00000000
00000000
00000000
00000000
00000000
00000000
00000000
00000000
00000000
00000000
00000000
00000000
00000000
00000000
00000000
00000000
00000000
00000000
00000000
00000000
00000000
00000000
00000000
00000000
00000000
00000000
00000000
00000000
00000000
00000000
00000000
00000000
00000000
00000000
00000000
00000000
00000000
00000000
00000000
00000000
00000000
00000000
00000000
00000000
00000000
00000000
00000000
00000000
00000000
00000000
00000000
00000000
00000000
00000000
00000000
00000000
00000000
00000000
00000000
00000000
00000000
00000000
00000000
00000000
00000000
00000000
00000000
00000000
00000000
00000000
00000000
00000000
00000000
00000000
00000000
00000000
00000000
00000000
00000000
00000000
00000000
00000000
00000000
00000000
00000000
00000000
00000000
00000000
00000000
00000000
00000000
00000000
00000000
00000000
00000000
00000000
00000000
00000000
00000000
00000000
00000000
00000000
00000000
00000000
00000000
00000000
00000000
00000000
00000000
00000000
00000000
00000000
00000000
00000000
00000000
00000000
00000000
00000000
00000000
00000000
00000000
00000000
00000000
00000000
00000000
00000000
00000000
00000000
00000000
00000000
00000000
00000000
00000000
00000000
00000000
00000000
00000000
00000000
00000000
00000000
00000000
00000000
00000000
00000000
00000000
00000000
00000000
00000000
00000000
00000000
00000000
00000000
00000000
00000000
00000000
00000000
00000000
00000000
00000000
00000000
00000000
00000000
00000000
00000000
00000000
00000000
00000000
00000000
00000000
00000000
00000000
00000000
00000000
00000000
00000000
00000000
00000000
00000000
00000000
00000000
00000000
00000000
00000000
00000000
00000000
00000000
00000000
00000000
00000000
00000000
00000000
00000000
00000000
00000000
00000000
00000000
00000000
00000000
00000000
00000000
00000000
00000000
00000000
00000000
00000000
00000000
00000000
00000000
00000000
00000000
00000000
00000000
00000000
00000000
00000000
00000000
00000000
00000000
00000000
00000000
00000000
00000000
00000000
00000000
00000000
00000000
00000000
00000000
00000000
00000000
00000000
00000000
00000000
00000000
00000000
00000000
00000000
00000000
00000000
00000000
00000000
00000000
00000000
00000000
00000000
00000000
00000000
00000000
00000000
00000000
00000000
00000000
00000000
00000000
00000000
00000000
00000000
00000000
00000000
00000000
00000000
00000000
00000000
00000000
00000000
00000000
00000000
00000000
00000000
00000000
00000000
00000000
00000000
00000000
00000000
00000000
00000000
00000000
00000000
00000000
00000000
00000000
00000000
00000000
00000000
00000000
00000000
00000000
00000000
00000000
00000000
00000000
00000000
00000000
00000000
00000000
00000000
00000000
00000000
00000000
00000000
00000000
00000000
00000000
00000000
00000000
00000000
00000000
00000000
00000000
00000000
00000000
00000000
00000000
00000000
00000000
00000000
00000000
00000000
00000000
00000000
00000000
00000000
00000000
00000000
00000000
00000000
00000000
00000000
00000000
00000000
00000000
00000000
00000000
00000000
00000000
00000000
00000000
00000000
00000000
00000000
00000000
00000000
00000000
00000000
00000000
00000000
00000000
00000000
00000000
00000000
00000000
00000000
00000000
00000000
00000000
00000000
00000000
00000000
00000000
00000000
00000000
00000000
00000000
00000000
00000000
00000000
00000000
00000000
00000000
00000000
00000000
00000000
00000000
00000000
00000000
00000000
00000000
00000000
00000000
00000000
00000000
00000000
00000000
00000000
00000000
00000000
00000000
00000000
00000000
00000000
00000000
00000000
00000000
00000000
00000000
00000000
00000000
00000000
00000000
00000000
00000000
00000000
00000000
00000000
00000000
00000000
00000000
00000000
00000000
00000000
00000000
00000000
00000000
00000000
00000000
00000000
00000000
00000000
00000000
00000000
00000000
00000000
00000000
00000000
00000000
00000000
00000000
00000000
00000000
00000000
00000000
00000000
00000000
00000000
00000000
00000000
00000000
00000000
00000000
00000000
00000000
00000000
00000000
00000000
00000000
00000000
00000000
00000000
00000000
00000000
00000000
00000000
00000000
00000000
00000000
00000000
00000000
00000000
00000000
00000000
00000000
00000000
00000000
00000000
00000000
00000000
00000000
00000000
00000000
00000000
00000000
00000000
00000000
00000000
00000000
00000000
00000000
00000000
00000000
00000000
00000000
00000000
00000000
00000000
00000000
00000000
00000000
00000000
00000000
00000000
00000000
00000000
00000000
00000000
00000000
00000000
00000000
00000000
00000000
00000000
00000000
00000000
00000000
00000000
00000000
00000000
00000000
00000000
00000000
00000000
00000000
00000000
00000000
00000000
00000000
00000000
00000000
00000000
00000000
00000000
00000000
00000000
00000000
00000000
00000000
00000000
00000000
00000000
00000000
00000000
00000000
00000000
00000000
00000000
00000000
00000000
00000000
00000000
00000000
00000000
00000000
00000000
00000000
00000000
00000000
00000000
00000000
00000000
00000000
00000000
00000000
00000000
00000000
00000000
00000000
00000000
00000000
00000000
00000000
00000000
00000000
00000000
00000000
00000000
00000000
00000000
00000000
00000000
00000000
00000000
00000000
00000000
00000000
00000000
00000000
00000000
00000000
00000000
00000000
00000000
00000000
00000000
00000000
00000000
00000000
00000000
00000000
00000000
00000000
00000000
00000000
00000000
00000000
00000000
00000000
00000000
00000000
00000000
00000000
00000000
00000000
00000000
00000000
00000000
00000000
00000000
00000000
00000000
00000000
00000000
00000000
00000000
00000000
00000000
00000000
00000000
00000000
00000000
00000000
00000000
00000000
00000000
00000000
00000000
00000000
00000000
00000000
00000000
00000000
00000000
00000000
00000000
00000000
00000000
00000000
00000000
00000000
00000000
00000000
00000000
00000000
00000000
00000000
00000000
00000000
00000000
00000000
00000000
00000000
00000000
00000000
00000000
00000000
00000000
00000000
00000000
00000000
00000000
00000000
00000000
00000000
00000000
00000000
00000000
00000000
00000000
00000000
00000000
00000000
00000000
00000000
00000000
00000000
00000000
00000000
00000000
00000000
00000000
00000000
00000000
00000000
00000000
00000000
00000000
00000000
00000000
00000000
00000000
00000000
00000000
00000000
00000000
00000000
00000000
00000000
00000000
00000000
00000000
00000000
00000000
00000000
00000000
00000000
00000000
00000000
00000000
00000000
00000000
00000000
00000000
00000000
00000000
00000000
00000000
00000000
00000000
00000000
00000000
00000000
00000000
00000000
00000000
00000000
00000000
00000000
00000000
00000000
00000000
00000000
00000000
00000000
00000000
00000000
00000000
00000000
00000000
00000000
00000000
00000000
00000000
00000000
00000000
00000000
00000000
00000000
00000000
00000000
00000000
00000000
00000000
00000000
00000000
00000000
00000000
00000000
00000000
00000000
00000000
00000000
00000000
00000000
00000000
00000000
00000000
00000000
00000000
00000000
00000000
00000000
00000000
00000000
00000000
00000000
00000000
00000000
00000000
00000000
00000000
00000000
00000000
00000000
00000000
00000000
00000000
00000000
00000000
00000000
00000000
00000000
00000000
00000000
00000000
00000000
00000000
00000000
00000000
00000000
00000000
00000000
00000000
00000000
00000000
00000000
00000000
00000000
00000000
00000000
00000000
00000000
00000000
00000000
00000000
00000000
00000000
00000000
00000000
00000000
00000000
00000000
00000000
00000000
00000000
00000000
00000000
00000000
00000000
00000000
00000000
00000000
00000000
00000000
00000000
00000000
00000000
00000000
00000000
00000000
00000000
00000000
00000000
00000000
00000000
00000000
00000000
00000000
00000000
00000000
00000000
00000000
00000000
00000000
00000000
00000000
00000000
00000000
00000000
00000000
00000000
00000000
00000000
00000000
00000000
00000000
00000000
00000000
00000000
00000000
00000000
00000000
00000000
00000000
00000000
00000000
00000000
00000000
00000000
00000000
00000000
00000000
00000000
00000000
00000000
00000000
00000000
00000000
00000000
00000000
00000000
00000000
00000000
00000000
00000000
00000000
00000000
00000000
00000000
00000000
00000000
00000000
00000000
00000000
00000000
00000000
00000000
00000000
00000000
00000000
00000000
00000000
00000000
00000000
00000000
00000000
00000000
00000000
00000000
00000000
00000000
00000000
00000000
00000000
00000000
00000000
00000000
00000000
00000000
00000000
00000000
00000000
00000000
00000000
00000000
00000000
00000000
00000000
00000000
00000000
00000000
00000000
00000000
00000000
00000000
00000000
00000000
00000000
00000000
00000000
00000000
00000000
00000000
00000000
00000000
00000000
00000000
00000000
00000000
00000000
00000000
00000000
00000000
00000000
00000000
00000000
00000000
00000000
00000000
00000000
00000000
00000000
00000000
00000000
00000000
00000000
00000000
00000000
00000000
00000000
00000000
00000000
00000000
00000000
00000000
00000000
00000000
00000000
00000000
00000000
00000000
00000000
00000000
00000000
00000000
00000000
00000000
00000000
00000000
00000000
00000000
00000000
00000000
00000000
00000000
00000000
00000000
00000000
00000000
00000000
00000000
00000000
00000000
00000000
00000000
00000000
00000000
00000000
00000000
00000000
00000000
00000000
00000000
00000000
00000000
00000000
00000000
00000000
00000000
00000000
00000000
00000000
00000000
00000000
00000000
00000000
00000000
00000000
00000000
00000000
00000000
00000000
00000000
00000000
00000000
00000000
00000000
00000000
00000000
00000000
00000000
00000000
00000000
00000000
00000000
00000000
00000000
00000000
00000000
00000000
00000000
00000000
00000000
00000000
00000000
00000000
00000000
00000000
00000000
00000000
00000000
00000000
00000000
00000000
00000000
00000000
00000000
00000000
00000000
00000000
00000000
00000000
00000000
00000000
00000000
00000000
00000000
00000000
00000000
00000000
00000000
00000000
00000000
00000000
00000000
00000000
00000000
00000000
00000000
00000000
00000000
00000000
00000000
00000000
00000000
00000000
00000000
00000000
00000000
00000000
00000000
00000000
00000000
00000000
00000000
00000000
00000000
00000000
00000000
00000000
00000000
00000000
00000000
00000000
00000000
00000000
00000000
00000000
00000000
00000000
00000000
00000000
00000000
00000000
00000000
00000000
00000000
00000000
00000000
00000000
00000000
00000000
00000000
00000000
00000000
00000000
00000000
00000000
00000000
00000000
00000000
00000000
00000000
00000000
00000000
00000000
00000000
00000000
00000000
00000000
00000000
00000000
00000000
00000000
00000000
00000000
00000000
00000000
00000000
00000000
00000000
00000000
00000000
00000000
00000000
00000000
00000000
00000000
00000000
00000000
00000000
00000000
00000000
00000000
00000000
00000000
00000000
00000000
00000000
00000000
00000000
00000000
00000000
00000000
00000000
00000000
00000000
00000000
00000000
00000000
00000000
00000000
00000000
00000000
00000000
00000000
00000000
00000000
00000000
00000000
00000000
00000000
00000000
00000000
00000000
00000000
00000000
00000000
00000000
00000000
00000000
00000000
00000000
00000000
00000000
00000000
00000000
00000000
00000000
00000000
00000000
00000000
00000000
00000000
00000000
00000000
00000000
00000000
00000000
00000000
00000000
00000000
00000000
00000000
00000000
00000000
00000000
00000000
00000000
00000000
00000000
00000000
00000000
00000000
00000000
00000000
00000000
00000000
00000000
00000000
00000000
00000000
00000000
00000000
00000000
00000000
00000000
00000000
00000000
00000000
00000000
00000000
00000000
00000000
00000000
00000000
00000000
00000000
00000000
00000000
00000000
00000000
00000000
00000000
00000000
00000000
00000000
00000000
00000000
00000000
00000000
00000000
00000000
00000000
00000000
00000000
00000000
00000000
00000000
00000000
00000000
00000000
00000000
00000000
00000000
00000000
00000000
00000000
00000000
00000000
00000000
00000000
00000000
00000000
00000000
00000000
00000000
00000000
00000000
00000000
00000000
00000000
00000000
00000000
00000000
00000000
00000000
00000000
00000000
00000000
00000000
00000000
00000000
00000000
00000000
00000000
00000000
00000000
00000000
00000000
00000000
00000000
00000000
00000000
00000000
00000000
00000000
00000000
00000000
00000000
00000000
00000000
00000000
00000000
00000000
00000000
00000000
00000000
00000000
00000000
00000000
00000000
00000000
00000000
00000000
00000000
00000000
00000000
00000000
00000000
00000000
00000000
00000000
00000000
00000000
00000000
00000000
00000000
00000000
00000000
00000000
00000000
00000000
00000000
00000000
00000000
00000000
00000000
00000000
00000000
00000000
00000000
00000000
00000000
00000000
00000000
00000000
00000000
00000000
00000000
00000000
00000000
00000000
00000000
00000000
00000000
00000000
00000000
00000000
00000000
00000000
00000000
00000000
00000000
00000000
00000000
00000000
00000000
00000000
00000000
00000000
00000000
00000000
00000000
00000000
00000000
00000000
00000000
00000000
00000000
00000000
00000000
00000000
00000000
00000000
00000000
00000000
00000000
00000000
00000000
00000000
00000000
00000000
00000000
00000000
00000000
00000000
00000000
00000000
00000000
00000000
00000000
00000000
00000000
00000000
00000000
00000000
00000000
00000000
00000000
00000000
00000000
00000000
00000000
00000000
00000000
00000000
00000000
00000000
00000000
00000000
00000000
00000000
00000000
00000000
00000000
00000000
00000000
00000000
00000000
00000000
00000000
00000000
00000000
00000000
00000000
00000000
00000000
00000000
00000000
00000000
00000000
00000000
00000000
00000000
00000000
00000000
00000000
00000000
00000000
00000000
00000000
00000000
00000000
00000000
00000000
00000000
00000000
00000000
00000000
00000000
00000000
00000000
00000000
00000000
00000000
00000000
00000000
00000000
00000000
00000000
00000000
00000000
00000000
00000000
00000000
00000000
00000000
00000000
00000000
00000000
00000000
00000000
00000000
00000000
00000000
00000000
00000000
00000000
00000000
00000000
00000000
00000000
00000000
00000000
00000000
00000000
00000000
00000000
00000000
00000000
00000000
00000000
00000000
00000000
00000000
00000000
00000000
00000000
00000000
00000000
00000000
00000000
00000000
00000000
00000000
00000000
00000000
00000000
00000000
00000000
00000000
00000000
00000000
00000000
00000000
00000000
00000000
00000000
00000000
00000000
00000000
00000000
00000000
00000000
00000000
00000000
00000000
00000000
00000000
00000000
00000000
00000000
00000000
00000000
00000000
00000000
00000000
00000000
00000000
00000000
00000000
00000000
00000000
00000000
00000000
00000000
00000000
00000000
00000000
00000000
00000000
00000000
00000000
00000000
00000000
00000000
00000000
00000000
00000000
00000000
00000000
00000000
00000000
00000000
00000000
00000000
00000000
00000000
00000000
00000000
00000000
00000000
00000000
00000000
00000000
00000000
00000000
00000000
00000000
00000000
00000000
00000000
00000000
00000000
00000000
00000000
00000000
00000000
00000000
00000000
00000000
00000000
00000000
00000000
00000000
00000000
00000000
00000000
00000000
00000000
00000000
00000000
00000000
00000000
00000000
00000000
00000000
00000000
00000000
00000000
00000000
00000000
00000000
00000000
00000000
00000000
00000000
00000000
00000000
00000000
00000000
00000000
00000000
00000000
00000000
00000000
00000000
00000000
00000000
00000000
00000000
00000000
00000000
00000000
00000000
00000000
00000000
00000000
00000000
00000000
00000000
00000000
00000000
00000000
00000000
00000000
00000000
00000000
00000000
00000000
00000000
00000000
00000000
00000000
00000000
00000000
00000000
00000000
00000000
00000000
00000000
00000000
00000000
00000000
00000000
00000000
00000000
00000000
00000000
00000000
00000000
00000000
00000000
00000000
00000000
00000000
00000000
00000000
00000000
00000000
00000000
00000000
00000000
00000000
00000000
00000000
00000000
00000000
00000000
00000000
00000000
00000000
00000000
00000000
00000000
00000000
00000000
00000000
00000000
00000000
00000000
00000000
00000000
00000000
00000000
00000000
00000000
00000000
00000000
00000000
00000000
00000000
00000000
00000000
00000000
00000000
00000000
00000000
00000000
00000000
00000000
00000000
00000000
00000000
00000000
00000000
00000000
00000000
00000000
00000000
00000000
00000000
00000000
00000000
00000000
00000000
00000000
00000000
00000000
00000000
00000000
00000000
00000000
00000000
00000000
00000000
00000000
00000000
00000000
00000000
00000000
00000000
00000000
00000000
00000000
00000000
00000000
00000000
00000000
00000000
00000000
00000000
00000000
00000000
00000000
00000000
00000000
00000000
00000000
00000000
00000000
00000000
00000000
00000000
00000000
00000000
00000000
00000000
00000000
00000000
00000000
00000000
00000000
00000000
00000000
00000000
00000000
00000000
00000000
00000000
00000000
00000000
00000000
00000000
00000000
00000000
00000000
00000000
00000000
00000000
00000000
00000000
00000000
00000000
00000000
00000000
00000000
00000000
00000000
00000000
00000000
00000000
00000000
00000000
00000000
00000000
00000000
00000000
00000000
00000000
00000000
00000000
00000000
00000000
00000000
00000000
00000000
00000000
00000000
00000000
00000000
00000000
00000000
00000000
00000000
00000000
00000000
00000000
00000000
00000000
00000000
00000000
00000000
00000000
00000000
00000000
00000000
00000000
00000000
00000000
00000000
00000000
00000000
00000000
00000000
00000000
00000000
00000000
00000000
00000000
00000000
00000000
00000000
00000000
00000000
00000000
00000000
00000000
00000000
00000000
00000000
00000000
00000000
00000000
00000000
00000000
00000000
00000000
00000000
00000000
00000000
00000000
00000000
00000000
00000000
00000000
00000000
00000000
00000000
00000000
00000000
00000000
00000000
00000000
00000000
00000000
00000000
00000000
00000000
00000000
00000000
00000000
00000000
00000000
00000000
00000000
00000000
00000000
00000000
00000000
00000000
00000000
00000000
00000000
00000000
00000000
00000000
00000000
00000000
00000000
00000000
00000000
00000000
00000000
00000000
00000000
00000000
00000000
00000000
00000000
00000000
00000000
00000000
00000000
00000000
00000000
00000000
00000000
00000000
00000000
00000000
00000000
00000000
00000000
00000000
00000000
00000000
00000000
00000000
00000000
00000000
00000000
00000000
00000000
00000000
00000000
00000000
00000000
00000000
00000000
00000000
00000000
00000000
00000000
00000000
00000000
00000000
00000000
00000000
00000000
00000000
00000000
00000000
00000000
00000000
00000000
00000000
00000000
00000000
00000000
00000000
00000000
00000000
00000000
00000000
00000000
00000000
00000000
00000000
00000000
00000000
00000000
00000000
00000000
00000000
00000000
00000000
00000000
00000000
00000000
00000000
00000000
00000000
00000000
00000000
00000000
00000000
00000000
00000000
00000000
00000000
00000000
00000000
00000000
00000000
00000000
00000000
00000000
00000000
00000000
00000000
00000000
00000000
00000000
00000000
00000000
00000000
00000000
00000000
00000000
00000000
00000000
00000000
00000000
00000000
00000000
00000000
00000000
00000000
00000000
00000000
00000000
00000000
00000000
00000000
00000000
00000000
00000000
00000000
00000000
00000000
00000000
00000000
00000000
00000000
00000000
00000000
00000000
00000000
00000000
00000000
00000000
00000000
00000000
00000000
