3254414b
00000001
00000300
00000091
0000d924
00000000
00000000
00000000
00000000
00000001
0000002a
00000002
0000001a
00000001
00000020
00000020
00000000
000004a0
00000960
00000000
d7b782e5
b0806c5e
a192e35a
53719ffc
fd9023b1
68039399
68a767cc
a0c8ebba
87cbda1c
7cb8c040
7595374a
67b387f1
303bfacb
b191f50b
1698f709
f0e8cbe9
00000001
00000002
0000002a
00000002
0000001a
00000002
000004a0
00000020
00000000
00000440
00000020
00000000
3539689c
9b918640
47a5b8c7
23b518ff
70d15f07
09405668
4c9e4852
b1d83ed1
307a817a
7b94e076
55c90e86
c9d3d98b
8a41f54d
7601737a
99c09939
e35c7196
f7feac2a
6949a467
cc495992
cb20819b
cf3b9578
2428b86f
4c3fcb27
b20ac5bb
3a497432
c0e5a78b
0f168890
551b73da
91670898
1253ac2b
3b07275b
acaf02b5
3e97745e
dc01360f
cc08ce50
4ca43f7f
3fa431e3
74be7396
93e69552
a8647207
a9f038e2
9ca5c012
e261d544
1583bda8
9b86fe41
51b01031
51b30d10
0e51877f
1c65d8ca
b68b99e4
a42b0048
fa51531a
4ad94e2a
7270cb58
889fa514
f86c1776
93b9ce2f
7c1c9764
b6e89608
4644052c
9801f13f
9845203c
7391cd1c
18ba33eb
15d93e48
95ea11bd
78a8b30d
6352107c
643a2e24
b1b848c7
807894a5
9638bfc5
994b8be0
d79fa316
bdf82f0c
182b1a04
6ad151e2
10386e27
a93e610a
36cb866a
3fc8dc52
9fcd312d
25e4798b
5267a641
6c4391d1
35d8b5f5
5c83e70e
552812db
a51d2c39
12da3fc3
f22810ad
a2616880
78639cab
221ed15f
2c324603
ab360925
73549281
24c98d4a
90ac7119
6a69a6cd
e3d190db
7897dc27
83a3ab41
20fbc824
42497892
08083a00
036d54e5
3bf09245
319ec1ac
0c07c938
930aa8ce
496c533d
911077e4
20708aaf
7445477d
1c9f4bc6
4122478e
17110674
89188ce9
3c1b7b7a
55c67844
891a328c
506c4ba8
61cb4789
fb0492c8
aabc43ca
768f681d
0be5028b
c5f0ebab
b26289fb
c4735935
2ea93f19
f8b9e40c
48153e47
bf86c928
98cde163
62046f5c
4537b4c9
c526d294
848a9be9
8ddb7849
279e83d2
f7ac8a13
3576915e
07b4c4ce
4c184fa5
8129f622
2f55f4b9
2bff34b3
478bf67f
991bd60f
1c58323c
8198f3c0
69a7a6a5
f49702a6
cb9a57b0
bb8a2af5
88853814
26ca4562
9804e236
284f9e95
7096ab57
c409646e
8ca84b16
68e59371
206144e4
846d5a21
bcb4c699
a9289655
dbc781f4
0de1e251
9a33f4f1
cc4c7b64
9fb70504
a90ca970
7807ada8
6eba2292
f4afc366
a6ba612b
1215af37
e2b2886c
d9caa710
b5cb08cb
9b7f3a12
da63adb4
3fb4a6ae
61a5ab9a
cb232821
6c678a89
642d7b96
3433b6f4
3b99f839
8796b1d7
e0268924
0470a977
5791a531
e08e66b9
13d3b622
085cf143
878844f1
a530fb7d
966fc052
4b356fa1
09193f9a
43a0320b
ba5632b4
b588105b
5825416a
d446878c
1ca29e09
8cad334f
28327c5c
a72cee6d
1d65c26f
d8e9ae57
c64a8247
d5bfb509
c21673c8
53e1e0af
f86a32d6
b7ec8799
a7a0f00c
e000a07f
68c2ace0
4217235e
13753a9c
cb7328f4
7069f698
6914e93a
b56d2219
932b6c8d
7c0cf5b6
b577b6da
0f5a9405
6c882325
a7a6821b
92ba7ecc
886d0951
f67e0d36
cdcb3a47
200d9a35
c2954b41
3b41b209
a0a38314
77633861
96388eb2
e2c5d8bc
cc812669
94163e80
35ceb6ef
caff8230
9bea7940
5b02b2b7
049968cb
0328ed66
6d5111ab
c45d3280
9edae3cd
e0530602
835fc484
1d71887c
7560aaf3
83121c74
1c8b1c12
96131069
56b2629a
0662553e
841008cf
c4c79186
6118d008
ad00737a
9a183e94
2e51449b
98663bf1
132f3931
7cace229
44a03a62
13793022
211c7f9b
2e68933e
466561d8
08d47783
63013184
279f53a5
7a665e74
966850df
003b93ba
b2504d2e
f0cf7e49
a4bc0b9d
dbf9e6f7
43c6109e
bd0137d2
63e18563
e9c171cf
0ae2a619
6159774e
911e7168
17d86539
76bdc35a
7f8bb0aa
2aa08593
6ccf83e8
81dd176e
00000002
00000002
0000002a
00000005
00000056
00000003
00000960
00000440
00000000
00000020
00000000
00000000
df849385
a607c2c0
bccb6c46
df267c50
e013a4ec
0ce3466e
572885f1
08c1767b
6e1b1ec3
04418bfa
15b24f4a
91f33f2d
b54364bc
65ae6070
bafc0e5b
329088bc
d286c9ec
3c1544a1
5c508981
14bbc637
8ceae571
0d772115
a1882e73
4e62b0a3
66422a5a
6743171c
6b299175
69714481
f8605163
1cf3610d
355d0a42
a3feadf5
be54427e
191e7439
2c085670
0a39d91b
632a0b03
a5df37fc
1d09ae61
6411dad9
6440b79b
c28b8364
2324873c
345e51b7
2b86fb44
ec1bd5a7
459bcfab
0529308f
d083f9cf
89ad7805
43216768
2b782122
e034a1a7
87a7bb52
4c65369a
3b4c1e08
761c5a61
fb8a124c
d8f09ed7
afe5c716
44515a13
3ccf148c
22e07261
9d881b74
08c285a4
bb909189
0b09b82c
21f8b7d2
90e01332
3c9c7ab2
0287bf56
00e3d24b
1b03ea1c
9b950ee2
8152a7c1
9f63a3b8
f4127c48
45e58607
7d74148b
290e5e96
a4d64749
3849d487
d02908d5
08913a72
6e37b906
41014876
cf570796
03ace237
7a76a6b4
691a3868
275cb4f6
00b8624c
991c3c40
d3840b2d
6b0d5636
a3d4fe4b
3ccadc8e
319d6961
8cb86bcb
c69c9010
c91b1d08
04f649a5
f2763537
454db1b5
765cec3e
9fa3b573
226a8bfa
9f017239
0b30e70e
74a72dc8
3641e414
c88fb648
c61db5e7
0983f0cb
2c2f1a8c
2ae580c6
64897a9e
f12dcbea
d6a18d8b
98723103
17bc97b7
33a04e52
413bba76
b2b1f10f
ebd32635
3855827a
d9c59307
491e8638
3cd2d483
bb343aad
dc346425
0cc415c3
219d0a8d
b795a532
55b6fb8d
1a36f2f9
70479037
cfe50064
c74a65a1
071c8479
1d8cac67
595472d2
f3d93791
cd285335
e181e534
4cd6bde1
29aa2e08
1016f7a7
886657b6
1004a82c
5ebce06c
440a6320
7df85fbc
cfc291b4
15b34677
bd3aa00b
d8967090
03a24f00
4f15fb84
bb593655
9cc051c4
30a4420d
c24c9935
8b794f4b
c661c9c7
f2924cc6
14873ec6
82e9899d
7f33a921
2632970a
95567055
ab05bc2b
ecc746ba
72b2e16c
6887041a
f6cf167c
bdd50cb5
a73c4459
48383565
3e3242aa
6c77d3be
d8604d01
b3d6b6a6
116fe21d
992258c1
6cf74912
5d733031
d4d5222c
340a55b4
49430028
293f3e07
3a6c286a
c372650d
27fdb383
5ac83974
582bb403
77b5974c
5b672d9a
9424e06d
87aa3894
c9ebae00
c810caff
6bca27b3
9d897b91
c417d83e
28df3c54
2e9c488b
952faaf3
68b010f3
aa813e8e
71550083
67522a81
1cc21a78
1fc4f792
48e79d35
2491c177
3a2b46fa
85d81b18
4f53c3a3
fe9ad916
436abba4
c977e14c
80c82090
d28f36eb
72112611
e47abbf0
aac90f27
98b5fd6d
9f061c5a
27e91518
cd24ee7b
0cbaecb1
81c4c3f2
a240f500
f950404e
808676b3
36518098
0c1573e6
ea737b95
b0ba7b3e
d259b476
509e7e15
0b503417
b974b5d2
caa763c5
6c3bd88a
7276ecfb
613c1d7b
8f9589c2
e65a80c8
525a45e4
3890e857
1251e354
1846cdb7
3963a15e
e13808dc
ba1c9718
5f02785a
33947486
9bb78aa3
88e6e658
0e470350
17358720
38d7827f
2da5f7c3
2a748b84
a515d175
5091f428
bb2f6378
66459163
304c508b
2969b9ab
5dec5fa7
7309e9ea
681d43b2
8dc9745f
3b26db36
d7736cbb
3e997419
4202b513
26107116
06b48e2a
1e4887c9
0644cdaa
b9c2539d
d23d0067
d879b9dc
23f6971a
c44b3451
30206b0a
408c9183
a29e45aa
519208e2
62554947
b34c5394
f148b9e3
41a9f7c0
7498e4fd
3a9709c6
115b844e
4b975624
7798af3a
7e9b15b3
23c4c4d0
8b8a9c88
40335b1c
266b8c9a
66a673f5
c7e05f8a
28cad04a
7a1c4d30
bc938a49
391d9208
982f0443
ccab3864
c658a361
a5392848
045b8424
cb16caff
b57d1f74
b9d7afb0
536b4b87
e0b356d1
1ed4b336
ac273b96
11b4870c
59716443
5e630110
3a904064
2a30380b
7f77c892
29e54d26
11e5d10d
680a7cbc
826826e3
ac30ddce
968592a8
28fbafb7
11874db9
9e8c1ae3
56a9c25a
0d63557b
7e62f85f
08643852
c23bbba1
7c0ab9d6
aa4ac033
6e04e960
419bd810
e2e3b8fb
c127bc6c
144162c0
d622cc36
1c02dd37
72693bb9
5cee7acb
0064ad98
70d00c6b
d499adb0
858c1567
66882b85
29dea16b
7304a3cf
dcbda596
abafb176
2e622da6
e146f817
67a18774
07459bca
6e520903
649187e0
b781ee7c
a91cf2af
a7097d7c
0d88a2b0
610411b0
f5a868f1
5804faba
17323764
22d15eb0
0ab0d03f
e310781d
e65cc141
26e86795
8b911051
46257f85
1d76b5be
de9f84e3
c62c1e97
c063c349
2d6e29ef
49074bc9
1b856998
482203a3
2928a6e4
6f6c624d
3025c438
d65279a0
01654bb4
8d7cf712
9193c5f5
810c0902
f361db88
c4933e71
c9612aa2
ea79ea1f
4413bb06
38d6cca5
a840f512
f6fc7f90
34d7bd2f
9540744a
50f65dbc
36f8dc47
f9bf382a
98605b2b
62e93a89
9f19f486
35c57d85
0422961b
21947b80
000f2a60
b6822a22
af5d78f4
f9543330
74cb97c0
bf3c72a0
c45305da
4e45b4b0
691cd11e
e96b3926
60d15cad
a133d311
23e180a8
54434293
84a07627
44cc0c8b
7c11cb2b
422c9824
681005d1
4a537d3e
31667cc4
0387b1ac
7d8b099d
68b851e5
42fc8fa2
ae532211
4c6ff8f0
80778c35
0c0cb317
4e251035
6650bf6a
194cb54f
79bbac7b
35a9320c
c8933078
5cb62789
696c695c
844aab5c
1922265b
f0c439c6
3966cf7d
1d4b0914
41d08db5
bcc6d705
2d39b632
54f91b48
75acacab
bd30cb70
55e965f2
a3f31dac
c859ab56
dbc60c9b
8541cf7e
afa91bf8
47caa87b
78a269bf
821c1c68
48bbca16
2066a387
46761841
509d2069
c83be62b
e72914f2
1b384b43
535cc955
334e86da
81e7133c
8a784486
a4151238
a0f34c95
7ce2da38
134b68a4
6c436802
00a12fc2
d643d8eb
d00da2d9
8dbcc4b8
d39f8956
a12c27e4
42c91a30
7a978699
a710499a
29069985
f27efcdf
64aa3a09
5e824167
436cac53
62b562b9
a5314d4a
6a4354e0
04887b2b
6220a560
b2c9c5e4
dc2522e7
4dd45523
182ab2d6
09056aca
b2d3f84b
138cc5a0
44be7b77
2b18d08f
6e596a87
e7d45a59
c1f0b69d
5543e1b4
2b2e8007
25dc9e53
e7230b82
e1557612
aaa5341b
1ac125ff
d77e617b
c9503608
a7620403
e67bb79a
5fa48037
cb6da98c
568e3515
3631dcae
0130200b
67ca8202
9916e5cd
8e80fa93
a0bd75e4
16c249af
330695af
84039b0c
513c2cbd
f0cf14b8
0c533c9b
79e654a7
442ec266
b75086f6
23787f11
9225845d
6b521698
47f6460a
29795aa8
7a679db4
68834138
fd901509
96ee7612
4439e629
b77047db
b2302ec2
b6a5fbcf
129a6ad4
44fab717
66824bb5
b35475f0
c30c97ea
c0921e0d
2ace413f
8af59320
53431a83
cb9323e0
82a56989
ec4555d5
0411a639
f05b2eba
57d9d082
26cc8839
27229b08
cf9bd218
5b3665b3
559c52d9
3556baaa
b3090885
91406105
b48b7e24
3a501573
d47e3307
3c9da70c
0d248d8b
8a8cf33a
18ed657a
60927b04
b59ef00f
0e0f8209
03aefff8
56e126ca
62a53aaf
5941f8e6
983a6d59
a42de45a
ba7151e4
fe1c8a7c
fd9e54e2
274b41dc
207969ff
06a0c8bf
b05116be
918fd1ec
f91d1fc9
782133e6
4045bac3
c5c09970
c8e923c2
97ed4b8d
e1a3d842
f46a1c25
9ff73cb0
74d87126
eb867c6e
540c0f27
692f36b3
9f538713
68167b5e
1f1cb50a
d498d093
8869b80c
b19eae27
19525fa8
61d58995
4011fba0
ab88d8fa
e0fc030b
101d9d3a
e2fff069
3f2f3674
406e651b
ef75302e
cdfd9cc2
63413a3d
b1e64cf7
62f46c56
4a54146d
f5dd332a
af120686
6b7c335d
e0eaa755
01ca2214
59aa2b88
a6dd9e1f
fd2b6e97
7b2745f9
db5c144c
b6225fea
6197dd36
18c5edf8
fd2332c3
e371d746
6db25697
8d7935fd
f971a03a
2250220d
c569480d
02ad3c9b
6e781e0b
d256c8b8
a1ff33ab
1cb65f60
de641cb9
1dcc5f69
9406ba61
cb36531b
b448e667
b2f27a19
d2eef497
216e99df
bfe0633d
c4864ab5
9d6a287b
0d585950
e40740ad
44b96fdc
f31737a5
b64ed925
3ec114a5
8e5f44fc
e3fdbf4e
950bb0d7
82ceeb5a
68954e6e
69ebe4c5
52bef3e0
cb41b4c7
44ee097f
5810c01b
decc3a18
8873940a
999cf01b
51c6862a
5aee1913
00a86ff7
ea11de79
099d8b7c
3408c347
a886655a
0ad0a5ed
4663a2a7
0cc9e2c3
2ee50917
2e29cae7
2bc2e189
9a444754
0fba08e5
e301c8e2
2ed1f6a0
d93bc922
19ce198d
d255a09a
dd1f4309
b5ea6bc4
d6fa20db
e1933bb5
5e7823e7
86d429bc
6a0d24fb
3e681348
05ff712e
b53ef5b4
2c8c067c
ddb0f035
7be1d8ab
7747f848
7ad9d147
d13454ff
dde19cf0
bbc25d32
3d52795f
d35d18d4
b629368d
25763fe8
d6dcbb7b
df1e3b96
5644dffb
64d2a6c6
085d031f
7f3aeea7
d36c041c
b90a55be
68fc5338
e1e01399
a13ba836
8f8d945f
6efd9c22
2f9cd112
7df1c9dd
8ab2e4fd
0409ac7e
374f1d3f
3192d4dd
d737e851
4dfcc9c9
7615dec9
f6506b68
40744493
9d43532d
ba15a045
03c35865
b3e17125
e6c73b26
d149d5ca
49dd0f05
20cbb5f9
3b54cf24
b606b76f
546b1036
eaf838e9
bd9c4d66
4270ff75
54819ded
5d25da6b
35737d17
b506dfa7
8cc9edd0
8f317866
75ed3171
4d34d564
240248f5
2e504411
7b05cbed
3f1dcae3
a75fc6f8
dc217548
92b44d9d
15f8df65
a1e24c8b
bc993389
d2fcbbb4
c2d9f7c3
cded6e28
26805176
106f58d6
47029ea7
f98ffd7e
12b03139
0fadc610
623ad275
204480f6
27dd9705
9babeb7c
4cc7215c
634bd75c
97d5b6a8
0cc5f589
6c67e6ac
b20d9993
9ef3b4f7
ac55f400
36122c00
0cfd7b7d
f07e32b0
8253c477
554245f0
941ae1b2
8b605422
01891bc4
e338be72
d00ed2ed
0670c328
90d56eaa
4761787c
7e3be548
7c2a24e3
2e550010
547ab6dd
0888fe36
e99936d5
0f193cbb
1f6a965b
68dab1db
0d63fce8
f5631c84
1b16e7fb
bf7006aa
613e0c97
2cc1aa7a
1d3cff83
741b7619
1f5f6821
eb939c6c
540e9035
d94407f1
4e444d0f
2a5ec406
a9f1ae9f
2d750b6f
86dff14d
8d3d50a9
a6f8cd99
4a182226
df199e91
01e73082
1a415f7d
4b30da89
c33ce667
f901d9e3
ca63f598
bec9d49b
00000003
00000003
0000002a
00000006
00000060
00000004
00000020
00000020
00000440
00000020
00000000
00000000
6725932f
97315671
2451d938
5213f406
ebcedd75
73c22570
aac530c2
6ef09835
267bae95
5d98b6b8
4134e8e3
846a5d74
dd73b224
ab6ab158
0a1dddb9
6d7f15b4
2d32ee62
3de033f5
d1bfed53
bbaeb2dd
b50fe17f
74eed670
9cc1909a
2a5f56ec
03c20608
29ca97ba
a8a7adac
e7e37d0f
a9a33350
7897b926
6d7820d6
bd64244a
38df371b
665b1e0a
fe60523b
5bd64300
1a74cca8
dd9b747a
f44fc31d
5054b631
7a758aaf
cbdc3c05
f8c43447
ca904e5f
21cc1798
ca5e6b67
43df9768
88c30c87
531a5ac7
03324c60
d510b8fa
c7195243
b3822572
c65c8335
5e264de3
5b2cbf4a
3b2afebb
1b1eea72
97b6f489
42749f86
11d174d7
bb291b64
25464cc0
f3fb9e5b
a0819f6d
79afd841
17185cdc
7c19af64
698447e5
79469f5e
38664cdb
6ce83855
ad6b1fa4
d3bac2b9
dc0dcd16
1dbab6e6
61dabfd8
e5cdbdf8
7e083c0c
005b111a
ebdf6e34
39154cf1
b6135d5e
7ecabccb
08c1c12d
eb4516d3
8b2531b9
8fb96242
4565b9a2
8b37210a
6f642c45
8c58e7a2
890f800a
6640603c
204c6927
c2ef6655
497b0ea2
d38c7b7f
df5a1964
e516c437
385e2e91
f9b6243a
ef8686cf
fc48f452
5809dc93
532f71eb
ad3b7a4a
de8312e3
cc3eb418
0d2b7943
433661b9
17982949
18e1577d
10a97a4a
a2ec8ee5
10b6bab8
13133d19
9c164309
9fc0fd8a
a04f7ba4
38dbdee9
f40b5cc7
db3447bf
592dc84c
d5c87428
4ca965ed
b28b5ddf
1e968d19
cdb7169f
ae655246
1799cf32
624f6942
f856954e
3724ec94
5962602c
a5cf0fa5
b15f66ed
9d46c7c8
5464acd7
5d3926d3
eec9d564
647f4840
0261a041
4e678e2b
205b5057
5623df92
0d58132d
5dda3491
0eab6e59
3404d5bc
edb94834
ad52868e
a64ee53b
110bf662
3295e256
f09f81c3
c531ca24
051358a4
70d2ea87
d7f7329b
e99ebca8
9be0f457
a13e3263
fb80c662
6baf0c8e
dbda7158
46f3aa3c
25e9acfb
550201eb
c1ca73ff
c9910f59
2dcd9eb9
67edebe5
0bcf0882
44e33307
6de34a7f
a884ce0f
9af9188c
099d6f7a
56539b7b
fc4f1e7b
abeae4ad
84e5fe8f
21bbc6d8
515e5c5c
66d56cd7
6f6ca07f
8c88ba5b
857eef00
81d54d42
add83aa0
852addb1
db19c8bf
0d305c77
8ca46c0c
42af7549
d1c99273
3ac0a30c
e1546733
5cbee83e
0f267f10
acc6403d
e169ab13
37c5aff5
5dd5e748
5865986c
a35ae21d
6cb5293f
493974f5
86bb6411
f976844b
678baf43
5ec99091
6550234a
285a9cf2
efe811e2
80518e06
4e954ef3
79616989
1667d0a9
801e661e
45029ee0
37073ba7
743da07b
2188e7a3
0c1fea39
ff2bb518
a13e2ff2
61feb9aa
d3bfcd7d
7e3a3878
4ab169c1
a2d4d542
af9f8011
c79923bb
71565139
cc47cf43
f02b9893
9b505d32
cafaf742
a762a619
c176ff98
e48e931f
89370bbd
c2f748ea
cd9772a4
9236cf07
3562525a
23e42d4c
3cb9cee6
2b35f96f
3b97cc63
291eded7
c7c17a26
8ec525e2
134b531d
74c34240
54337f9e
91dc18d9
4170bd54
955a0e82
2a997cd1
84b11973
59219d81
498cdaa2
e4bdf7f8
26df957b
b457ba2c
71dd404e
1ed26540
de8121b9
309b7c1b
a30b76f2
0d4c7f2f
016f043e
253d5863
8143b6b9
e64ad4cc
bfb477be
5e07565d
85c9fc01
56cbacd4
6df37493
83465fbd
9f499f60
7e3b9653
d1bb2194
8532220b
00000004
00000002
0000002a
0000000a
00000088
00000005
000004a0
00000000
00000000
00000000
00000000
00000000
c3ca1606
7c531ea4
a6e00a5b
a0153211
122b8daa
23075185
4a2c532d
61064f49
410aacc3
f050b97d
91478bf3
6136ff2e
cb11235f
25b83834
0de26e42
9a752426
15545de9
b41cb15e
ad1ec81a
ba1e8c02
207a29a6
18049c8e
c94b95f3
8040e881
a6457196
49762279
13a4bf64
98c359c3
c08928f1
64779442
55be537b
ea408e26
aae5fa76
83007292
c21771ec
984a4db1
af48996d
14678e81
c8dc4841
c304575f
40664b92
76505f36
ecaeb1ef
c5d02d69
3d49e27e
c73acbf0
49ad1c34
3455715b
d768a887
ba6ea2e3
183cb981
7d0e8467
7bd76460
0383f020
663453e3
69ec6b44
cab29679
e5203797
da093b0a
6dd01cac
7c07735b
161803d8
0af8ab92
5f41fc8f
abce8950
03d6bd51
a45f9575
2b28af6c
3f0b249e
5e8b99aa
d9f5a984
5d4c2135
f47ba9e1
63cf1956
0eead92e
619ce0d2
1a21aa51
7fb581a3
80b83715
e5f3412c
6d4a5a08
a6861319
6150a6f6
871c0205
7203488c
1c072882
71e5113b
70cf15db
92c71895
b435d886
cb7ceb62
01420eb0
c744dd42
df01b2ce
a23b3483
31b95783
15c2fb3f
642c1823
b1dac243
c103099f
6781c34c
065ca187
35856a07
e4156b53
b7b8004a
59b20b6a
03c55979
3875b7b1
5aa1c937
f1365641
c6042401
f279291e
c86cb2e3
79e74d29
983cfbbd
d6f07059
10f04343
38c26140
1bb8b044
95c8267f
a5647158
7b086994
a873f380
8c2c0082
d601b973
8296521e
876fc8ab
f96a3ea3
3ac4c085
4f36a0df
a9c29082
607bcf23
8caf72d0
435f4994
81eb2095
856457e4
07152400
cb05b79a
653f5b4c
915f602b
1da8ab5d
7b66ec71
f7a7c003
b17a3c7f
3a1f6488
803e4c33
b57b9730
4fc5d42f
15a4ba39
32c8493e
0e9436f8
e0eacab3
4263aebd
71867141
ca573ed4
08e6cb24
cb8fd21e
92410a18
4e8a1397
6992a490
40a902a5
5ecbf2b3
f16112fe
836f377b
14950598
0c10e313
577ac184
6f1c736f
c602dafd
a4ff5296
0448320e
3dcf16c9
62051951
cfd41a6a
ac2cb525
9b910f5b
37dc19bf
f1651343
35526b5c
2113f840
21c0a9f8
c4fbca09
9fc1e0b7
80909bc8
3052c9aa
8632666f
b05cfa6e
493cc5d0
96591f92
d97b6a51
0a894951
73bbd74f
fd3d0382
015d5b2b
c79c850d
e4689a9c
48745518
592bce32
b701f316
e327a6a5
12958b85
bdafe4cb
29a24990
67202597
db9afc3e
340370ea
c27c5f72
740bfc56
f10cafea
bf02d8ba
7b737ad5
008c7452
4adb469f
a81d6174
d649a5f8
acc6aeba
2244a151
194d83c1
10d2309e
4062e0fd
a4d27e2b
40a5e66d
5ec1d175
1ca18280
92e14fce
305aa889
621f379a
69e19803
447e5bc7
593a6205
4df9a701
40c2b1e7
e3883671
971cd86e
a550cb1b
3b057be1
9ed7a237
c2bb4c72
b66f85eb
c97c996b
c4178b4d
389372a9
36162e02
dda73be6
8728ba66
bf72ac93
b96cf31e
f9199b43
401386a2
091971db
4cdda6eb
7c341922
c63584d6
1c1034b6
08ca524f
9d933cdc
38c59f50
2251d52d
519d6010
832d6f24
bd00ec2d
89adc1f4
e13353b4
5aab0344
c3cc512c
ec7e4253
b8846274
ac63b9ac
41905276
cef97c7e
0d944998
55ad8911
903c2ea1
1f8f71de
731f62a0
2f0b3689
f823695b
8ad5b041
cfa05c9a
7bbef48a
03e289b6
7efa4191
30869367
5cd65bb5
40f13006
0d766c5e
47c60e89
6ba3db52
7783f423
b363a50b
cf16a968
a5fd68da
b69159d3
8d5caf32
a1ac2c8f
b626f912
00000005
00000002
0000002a
00000009
0000007e
00000006
00000960
00000000
00000000
00000000
00000000
00000000
0f7229f6
bcee6841
40e07297
df8558cf
f1df4e69
331129a2
77630147
d909b74b
9a133133
c712a860
49c73803
380cb970
a26cc1d5
08ba4552
cf1cbe47
0779f9b6
daf31e97
5bea8881
6d8f5a76
5ce83ca1
c43c18b6
9ec3a9c9
695d08a1
2cfb8ac8
141101d4
cc677cc4
3f863db7
0d5dc4c1
81c42cac
5795f542
489db98b
317a5881
6103ffc2
767fc93a
e4be0aa9
71a4c451
0b82e5e9
e340a3b9
803bac78
fd0bc084
e1ef9b30
8cda7942
f940f538
5a173144
1e67a1aa
7bcaa029
dbb61d49
3f93727a
cf191092
d60e8d5b
c203084a
22b0ea64
2bf36243
45120b4c
c9c11919
a6bd7853
ab2552b5
da436cfa
83cb7809
6e227809
405d3768
10da94ba
8f882f30
ce7381de
a880b021
7d002860
fb43b72d
e6ab7347
21525179
b7788ac4
f5ba1430
42014638
8056165e
87659c97
3a3b7d1c
1c8e4778
2c792a77
7091181f
50bf6800
18ab00c0
66d7d304
b200f619
35ee7047
2a7a806a
4e0007cc
438442c9
b74533ab
a16ae3c2
723a5334
97b07272
26af1cf2
9c56cd19
31b4d53b
d27e2b28
c4ea4f87
643285b5
b812bc21
4a723d62
a416957f
f3587421
42ec65e3
052a77cd
d58f1534
c91b7f24
adb98526
2f67b960
69570007
77614ace
48bd9332
43e58c29
5e43c297
f34dea0d
ebad9a9b
613784c9
64860b7c
817487dc
1840e270
65b76880
3c69b9e3
0a50b1aa
a0ba64ee
5c1d7023
4e847a64
65a67714
53474051
b241977f
9146bb70
43f83445
91acac03
e7c43454
601d92b6
355b8771
bdba568d
66175049
29f963b8
1aa745d0
e19d8b16
6c99236f
63cac1a1
699bb50c
0b0ae32d
2954971e
b06e13ab
937b4320
ad96e600
925a8f86
60782209
8c16316c
90541cf2
5944c133
06738896
76ba4e93
1c029d51
93b8d267
34874a73
a9b4e903
c539781c
6bbb0f32
c051f5ab
f8b810b4
0c1dce4c
a9b61104
e7625676
935f4ecb
51e4d878
957a845d
2214550a
299577a6
c9496c43
3b706a7b
6ac08295
7a38316b
8a56ba94
6862bf31
164d13e4
032ac471
0af19e94
7ab08063
43635560
7d0861cb
fd0555bc
14a81295
91464d33
58b8b75d
f82e1fb5
c546e40d
73a4ebe2
66ba7a96
66f0c327
7d3b35f3
5395bedb
40496854
3bbd630c
7015a5f7
4687dc0d
a55d5229
5335256a
8e7b1152
624f4925
a5d83c38
2245a3ae
e4627a91
8a124ab0
30a33472
d98a4494
78368297
75b7d810
e085398e
2062bce3
2677363e
a19d7a33
164f9c90
c14a6390
657b4099
832fcdb9
8f681bc7
292924f3
13fa07a1
5641f183
31c6329a
59d497c0
30d71a38
cb748425
288978d8
6e5aaf0d
d25ef49c
b0858ee7
45175552
66025a08
87ed4640
c2317366
4c47bbfc
c89b28b6
ad0a3e5a
c949a972
b9e28a45
bd806858
6c3052ca
e7b383a4
0934fb11
fc7caad4
12a27ceb
88371b19
6073aa65
e3c729c6
a19b6875
6117706e
12b0a389
6133da0e
653ce87e
8b7d34c2
3bea9666
7094c493
c36f0e57
a5595a27
3e752182
e63dabea
c795a387
ce2488f6
2cbd1cb6
11641d9c
58425713
7ba3c5a6
c139b0ab
c12f04c3
e4936579
8e94193f
f6bb8acb
0be06dd5
941bff18
b59aabe3
965fac60
67f2fba7
a6648bcf
84ff7db8
26acb609
8a7106fa
15a82b30
399a3204
fa56e475
baa8bc86
99e85b66
d71c26c8
d9044909
bbb8777f
cfbe63fb
28588fe3
04c3d142
014609d2
5bc41e90
1e39ab32
a6823226
e10268c8
268ce8bd
02328224
e9f00e46
9c2c784f
482254a4
b4170254
7146cc62
b33d79c6
57223db8
7089ba91
48b35201
01979633
2a504e81
30926c20
b3a10a74
91bc6d5b
84babc32
abb97aeb
1205ff06
2178f8ec
2c4a8ca6
a96b93c3
8f84d645
71cd5e68
a9bc2282
54274bbd
b700abd1
4fcb7e0e
8dc3186e
cc8f4f21
8479e328
be68f26f
cb588575
a2d9fd56
f54aa6c3
fccaacb1
9cc03f1e
009e251f
4a1f6fd3
3f470b8c
a69a06ae
e554cddc
92c73e50
28aad878
d86232a4
08f6340c
0b259077
8aca1e47
2d9bf531
9996f55f
a7e81ca4
6893a52b
949a3b47
178c07b4
01300a8b
23b43680
2137275b
c7cb187d
629fc96a
884181db
c693738c
d95d0108
b1829f24
54f1ef19
025c355f
040dac8c
02d70bb6
15519107
68fd2501
9f599c43
eaa2b161
33377375
5ea14b33
d6a75465
123ca88c
99e94a2c
eb964226
487f0460
1d4ac81a
d98c126d
f3bc07b6
c7acffa0
9b887b8f
18bdc673
4076e76c
2a9cf88d
92786faa
cc78c39e
406d5c2b
21fa3a77
2edb45bc
e01e04ed
b69a84c6
bec6a877
526b80b3
3ba127c5
825c067d
b82fd0f9
362b8061
1be13abd
a1b59862
f8f5b397
55cc5b5a
e18d39fb
cab86511
0866e2ce
8a537ce1
4207c46b
cc4121cb
7a52151e
4baa54fc
704a8516
54ccf157
95b70ecc
59fc10a1
b63ac5b5
92998c63
13e1d334
fd3ed8b5
e64a16e9
8697fa04
ea35539f
c68b28b2
9af9ec50
f961c416
045d6a14
62c7417d
be1db986
636fbad5
6bea36b0
b0c5236f
323f19ec
19079386
1f289035
12619dc3
53ca41bd
fc7e8472
0878c4a3
9fcc49c2
3662e0a6
288dad2a
25f7b261
2327d809
e766199b
54ea1a01
7ec23765
b49063c8
9b3826a1
ff6f557f
b7335457
7ef5d70e
9b07cbba
e4466df1
8cd99224
6146c756
7928b284
1407bca1
a73c7ab3
ba489943
a09c0b92
62cff8d5
d32708fa
be175805
f7b41703
132599a2
2a006872
c8c677e5
f21554c1
c4432e2b
f7215134
9cfb016c
3f629e15
25ad66b7
9a2d4191
5da78028
0469358f
6c064e04
1438394a
a1a6a262
e64a8cac
412b94b7
32bd3037
92714934
34c6e48d
772c26ce
aa223798
0853a103
f4a342d0
87b424a8
0711d510
cca73103
02c61715
5ca3224b
8e920321
72eeaae2
1723f138
5cbb4776
278970bb
2ae501cd
ce82b221
15162fa8
9786ac20
1a4937d6
f16d2348
a8c7ef00
18b5416e
06f3b8b0
8125b8b8
493e9b25
495c6266
8a49259b
646a541f
1bbc86d2
a90082c8
b91f24f2
96ccc407
7e344428
71315358
7cac90a0
8ed4a286
ce758c90
8ba2250a
54bbc981
c90a3923
db7f44a1
8cd6f46c
0fb1faf7
82a36b41
88a04131
f9adc8d0
d04d9828
a995d4a5
92a2516d
2bb0095c
9b95a29d
623ccbcb
387a179b
a1f3752c
02a5d0d6
f82db820
c975af15
5e874ace
31093c72
9e638c90
6cc09258
10a22645
69f59e3a
080625b2
58874a62
a3d3e8cf
646bdaf2
97279f75
99f1c750
683f30a2
726b824a
8c9abbbc
d98082c7
9b00c13a
85304158
d2564110
8baa65da
66649e66
b9cdf4e3
7675bf07
12411714
94ade468
eabc0a61
4d560e56
489b5065
43ae5c94
084b3c33
da223c36
0a517784
045b5b89
c639f843
a320427b
90e280c0
57bed852
da5818c3
5081a273
bf15668f
91a52aca
0529dba6
8ea8ff62
6f58adf2
66bae06f
c16c1043
80c00e09
a36a1f57
8087723f
2efe6b24
d3ba7430
12d69702
1eff2052
9829c666
be40a96e
ffb494e2
f60829c6
f573e0ca
5836df55
77af8ee5
37171dac
b6e49bb4
768fe897
796132d4
0f12c5bc
1cc558e4
00000006
00000002
0000002a
0000000a
00000089
00000005
000004a0
00000000
00000000
00000000
00000000
00000000
a9bc6d02
dc209a31
aea08abd
71441372
1c099304
2743de20
4310823a
2a06cab0
4d3aaf37
03b533be
ba7513d0
4f6af011
61a9c710
45686f74
4934016b
d016e4f3
74403ae6
c523110a
fd1f05c1
f98bacc8
4612eac5
f7a916ca
758e1cfc
0fc4d00c
474a5818
5919073a
c240101f
ad72dbd7
27ac62d9
83b4968a
2c6f1b6c
c3acb633
4865480e
eab21c7b
60ef9c60
711577cd
0a1dcc5e
86721a54
ad262c96
217fd8ba
73605c6c
331579c5
1767a771
eaf58427
7307e7ba
28072b10
a8b122d4
ac091eb5
1fa1f856
0bf7404b
80737e9d
75970c13
0bf5c663
c34176a0
d1633363
391da102
3e36cb56
e8c9facd
53716724
bd73de19
03189382
529e9bb0
9e3b5f31
e734d690
7b093ab4
61200f02
d92ae43f
748ea841
cc31d861
b8cd93e0
28e83183
8be1c03c
890fc4e0
09bf3e52
c4c535ad
d40847c4
26e628e0
2177bd9b
dfc2f5c8
6c0f57c5
6d1b72b9
d703c39b
656425c5
2009a839
30ccf30b
c0ea02f9
79fb7144
2bb84c74
d931ccea
4c93ec7e
60bd13aa
11c81777
79431e24
71642476
fcd43036
90e8c9ad
5064a9a6
84b586a7
29600891
c90a9651
0af184da
664bb097
f24c30e7
da4e8034
55938cab
2caf05bf
94a64663
01907ac8
4e907937
f78c3d18
0b95a6bd
784afa58
76cc5b19
0e04bb59
4127646a
274e0eb9
a7402329
d62c4b22
31213fd5
1675491a
eb060603
62e96e20
62dbb05f
fc0ea11b
692f4f60
67e6116d
1943b2ef
c4163e19
a07b315e
000a12e7
3ad3cd12
35613562
f88ae1f3
8286ca37
2fa9e794
2c497026
83539609
2975b360
3a31474e
aa1884f7
cc962c26
2f338629
d5af0771
3c44530c
58181697
21b83b36
09a25b62
c3aa40dd
c8f448bc
35259a06
f7360404
a21d4299
29b7f505
147e1af3
073d8869
2ab6c1ba
1178bc6c
13516b64
307bf24c
1ca6a37f
630bccf9
9f85c093
34c7ab91
73a59aec
13745637
fe5be64d
e5f539db
cdf0cb46
165cfc98
ec0864b3
42518a05
e4ba5a03
2abb9465
cfbab15f
5b5148b6
04ad7266
bc3982a8
ca4d4cfe
92ab68b7
77a3cd94
c02fe616
1a0c4e8c
595658ba
179be119
a3f395b7
a475347a
ee1f1399
f8aab757
42e6fab7
e3b2d407
63e43226
8e272029
614d86db
c6e8b1d4
2dd42b2a
5e4780c9
6190cf1c
3b574bc6
f7a27bad
70a3c599
8635ef54
6a0594be
e92c7149
23c34347
39053769
e2b8c974
a0d7f674
f527d4b0
9a7ca365
2e24b0ac
d0862c7c
62c83016
95ea7373
6c472513
847a611a
2e584957
b424c793
10b832c0
01f1e46f
5eaa9bd9
fa3d9f4b
9c270582
4b832729
3cb71264
a5f3e984
5faa98e3
89de5604
1d380fa1
ef190c84
d9ffb492
6605a96d
e8b51ac5
54dc7aeb
596ba744
debf1ca6
749e881b
9b381e4d
f15beb90
427c8e88
c528cfac
e0634ac3
e9646ee3
7ab03696
1b5f25e6
87a880f9
46f265cd
0730ab7e
d0f43315
8154f4b1
1703331c
418d9e6a
537bf540
94b7898d
0569c0d7
a7f93706
b2ad6bed
4b0610a9
81dacd21
2ccfd43f
8cf5cddc
373cd3ba
eb30a977
bba2a49a
7b2cd21c
697ba13b
96fea805
0ce05d87
02727534
25231858
5a913301
599565cc
90545e21
22753926
8aac295f
68cc24ca
79d7a488
697a6827
ac574a34
80779e81
82a7aba7
88f00aba
00d22668
7137b540
9ad9879c
1a60b4a4
a6cfa7cf
ec07ba1b
5ca7c3c9
0a1eb0e3
8e1b3f16
2aadd9d4
1a1114e7
dd0c2925
f6427d16
75766bf5
ac8cf783
00000007
00000002
0000002a
00000009
00000080
00000006
00000960
00000000
00000000
00000000
00000000
00000000
ce25a843
d9faa9c4
a4f1e61b
aec6a202
06957519
2bc67443
8d6deb7b
9cb6c9c9
6dfc6a38
7fbd1516
c8d76194
48526b51
ffc8fbf7
1aba3e15
a42c8c93
984b6a52
d767c2a3
baeadb58
29b44107
48911408
802c44bc
0612bb96
8910034b
366051c5
d78d2904
43985286
7fa698a0
5f31b4d2
4a795f26
45980825
f519c338
3cb8afe7
43a09db6
d21b03d2
0c942ddc
89109a89
77583370
5c3d9346
1d172a31
cbcb8ba9
f3227a77
2a3a3300
405b5361
24069781
1b947301
6d86a3da
38323cc0
a7055546
5aaa7cc5
62658516
1d2bec65
4a6c94e6
779a298b
1f5a1d51
495347f2
e6f42dfc
b7395976
a22c8c25
c33a21c7
2fe7a957
2a03507e
c12196c5
b0e14509
a4c57643
e7b2846b
0bb238c8
0724330b
c380072b
af594e81
229cbc30
19751f12
b8b29bae
95020682
31ff613a
43111511
0e647cd3
98490502
b263d85e
c7c0d702
c1b567d0
74059684
1899c8e7
d39b5332
16a8684a
8faee8e2
bc96b58b
4d047bbc
056df16e
2bf15a91
69a0baba
747117ec
14803733
ad49890d
cac6b085
219467d7
01f646a1
56aaa5f9
976b2a21
4c2681ae
2767b1b8
61c64773
0c36899b
5c7f29e6
70fe8a93
7a09a12a
57702670
f6a29ac6
44732466
ada91271
5c5bb122
87d2906a
074a4354
ea796bf1
989212bd
6fafa5aa
abff3e91
86182ecf
93573343
7c375390
16fae40d
7ace6874
0047cda7
47e1bec2
fe32a444
846d2ac9
c6784a30
0a66e197
b7008d84
2e20eb22
b123e6b0
97e7687c
91c432b7
8dc70b80
34fe6e12
51927a20
6a31b6d6
f51b7c45
78cca05a
0c0cd3b9
01d98243
527c1e88
125de8b7
84710983
6dc3958d
ad8fb19d
6094c8b0
a02bc151
57c5bc2c
f9310517
b7a5dd9f
d3419b19
b9464707
9feceb68
1e7dc02d
6bdf9a3b
8d140f05
040c0319
91995d70
6bf3a930
664b5c8e
c085a5ac
9613b252
493dc0e0
a861a6a7
50297ac7
4a2dd38b
519c5d51
b559c25d
963465d9
94dda108
96c03728
1655d077
8b3c6e0c
15f80b70
8621e25f
8a6a0e73
88777aa9
a92355da
c683828c
2e053113
0e66806d
c4c82188
88789ac1
416376c3
b1b9053c
5e45631c
ec1de58a
041037a9
5e470100
63ca6811
a4514443
cc46d96d
dc9f58d8
61a15c4a
52354406
1726fa8b
d99c66a8
b293f3c2
2b49da6c
04b93713
0a61b184
e0ac3c6e
bc6c1044
b798575c
d6c38c17
676d162b
97acf622
d018e920
635a27e0
6ac72b17
8957c9da
bbd75366
0eac8033
478697f9
fc57b48c
868ca280
921d6956
f768aca3
a32c1821
71b4e576
66d6c9b1
0747e67e
630e9421
410f9ce4
b3026721
e7247932
b5bf030a
67b078b2
5790ec5d
d8817557
37a2a2b0
c561989c
96f37895
89d65291
7336abe9
381e6ff6
38a96ece
5b409cd5
05336a5c
9055d689
e973d322
a7574f28
449a7427
7f7f27b1
cd0052e4
3b84310b
b959d716
8a3a9797
61dc03a6
5028c6d3
0ca48ec7
cddca31f
5f91846c
e8db87a9
01ecd538
27b5c58e
c0da2afc
ca533475
912eb690
02c51b07
82715167
84bcb053
bc4fc7d3
24220171
da7697a5
a1e339db
2ffb0d2d
aa25d183
07995407
98f5be90
7b54ecca
77165e84
27e89993
56176bfc
e9299fc2
3f2a571e
813af505
bc774c31
23046ca2
425bf750
c129a6b9
be2853c4
85509a76
26b28e1a
c125143a
a0ad591e
52342f47
38059666
28a6bc43
fa9a9c8a
a02592cc
c198e58f
c7c731ca
4dc0b3b5
6322568f
3a726b66
2779b4b1
c7afb7cd
9122b404
80f45219
db4af069
7a8660ac
3f688c0a
7d0da35a
a828ad7c
52158145
bd347ce1
b9197f29
a472adba
4e925858
293d5fb9
9c2695cd
0a56d755
125ab841
49106804
084fd0ca
bc5d5c02
72729d2d
99cc675d
87893a41
87120151
8544c7f2
9815a7a6
4060f678
ab9b85cf
1aa201d9
86fbd457
f740e95b
e3cb9552
c4063928
8b382c5c
bc475c3a
6cd5c756
feadb64d
7aec6580
bd1c78c6
891abba9
c6c611d2
02429a8b
9f103b03
f13d9bc9
23b5eb91
4742b3ac
35599b37
568a4ace
b7491196
cbc218c9
88141b80
311a1517
80a77073
8c06339a
acb1b489
39031183
34baf01a
5ea4d263
4abe5ae3
8d3c7506
d12e862b
a24740b0
4229881f
ed73e71a
323075fa
7de61b27
ecc8fcc4
298f3373
c3678a5c
a3a5b2d5
651f6e6c
cb416338
04b54270
79953beb
058a4344
a1a96ca3
460d0ce4
3a54f500
ba9db915
e52f2291
31079f76
8bb51583
65dbb15c
8b3cd996
124b706b
e6babbc1
b9295314
6b963a2e
64387c2c
382c0a3a
424682d4
54c690ab
96fa7cc5
f83a9b81
ccf93410
77f48265
4283a5e8
c76a6aa3
83f1ff76
6b3db0fe
21e9ce34
7ea7961f
a0bafc05
952f3e78
9db91a30
1c415683
a26b19b6
6b47e6bf
0fb51977
3cbcb22a
0afae492
391d1277
95afcf67
49420842
a8997355
797d8eeb
78825f31
594e618a
c15b7c80
098cdda3
b32f0c98
1ba39532
21ea2847
3429398c
5ac3737b
b486265a
01154758
e5d0ab7c
878c5ca3
932c33d5
24f48375
7f5a382a
77aa7ab6
ac375181
56461b99
1936d9d8
83571b07
2683926a
48274014
62399937
734c9838
580566d9
f719ae61
9e992464
d9853821
ccc067d9
73308a82
e31df476
da577b8b
77563566
4bbcfcd0
41355eb1
353c7c3d
89a3a9b1
0412c4cb
35410115
1f6435b1
c8140b06
a6566494
27121803
25591c12
02c7a0c3
fd03fb10
b7dba7ac
b74af13a
7d0a8094
8b7db22b
b99ccb2d
c4a056c3
5c818be3
360091a3
044897dc
6839405b
5fba6e48
4779a6c2
244f2db9
86c66d7d
e7c228dc
89bd4866
31271e20
86b2c621
86b6b3c9
9fb66e40
e858c4c5
00dbafc7
aee473c8
047930dd
69a40e60
5b6c8181
6002b187
813565e1
7c82b347
a88a0a38
930b3149
14f9ca89
22bc1157
28af4be7
1d99560d
45166a34
fa372ea1
27c166cc
cb39dc00
c5b62186
18a601c0
52b2421b
d0ff7371
57d11ca9
279f8319
c88da603
83a07b2a
4d8351a0
f0183f39
4872891c
979864c1
b8bea2bb
6ae6deb0
6441ab39
b7413048
9dfc3e33
b42b3554
58ce9c65
777c441d
4d5e3c26
27574ff7
bf2a39b8
9c730325
5ccd985c
62e5c13c
e01f1af4
c1074e66
9536267a
7eb1519a
199d91b1
a3cacf42
4d552aa3
05129b49
037606a6
80cacb3b
988f9756
3e683a29
6e6de080
85611f26
121386c8
4bc042c6
916239d9
6756af2e
6391012a
d8f091dc
82f8ad44
431ff512
9bb91e60
a3aa3b04
4879921a
29b6b09b
731837a1
572f8017
8bc89113
7a755e2e
b03ed617
b9404f37
42d718a9
201485a9
e35553b6
48e041c4
5718d5a9
1a414eb6
5e5717a2
9f7a95d8
f0a74702
ba9b2871
6c0dc7ed
271f4ec2
b9c04636
c46d2b83
cc381686
34d634a4
f545861c
7a1861e5
b678a4b9
eea3f55b
6d84d796
5d14ac34
be703bb0
82d720f6
d2a9f1ae
b03b3b98
487ad386
0b025c6c
4b54c273
e51ca91e
23a25acd
f9cadc48
59402fb6
b28c9160
7ddf2ec2
fd1682f5
ae03197f
fe0cb1b2
3eede0ff
0e983bf7
0e500c6d
3b109898
5b9d8cde
00000008
00000001
0000002a
00000002
0000001b
00000001
00000020
00000020
00000000
000004a0
00000960
00000000
db48583e
f7134662
574414ac
f07513cc
b98cfa06
dc67e753
d028749e
8bad5d0f
c2d62d01
9e8b91f0
742418b6
48d886eb
757459f6
15ce599d
ee6d391a
d110cae4
00000009
00000001
0000002a
00000002
0000001c
00000001
00000020
00000020
00000000
000004a0
00000960
00000000
a5de2f88
7a496b5c
21132a6f
0c1682fc
1f9a0d63
e0bb352e
3a2e33d3
c9c8fb0c
01f6213a
91553c92
58aaa379
4848a139
adea7973
7ff24b93
b1e17130
1a1dc2fd
0000000a
00000001
0000002a
00000002
0000001d
00000001
00000020
00000020
00000000
000004a0
00000960
00000000
3113e0ae
5b21040d
a773f077
bf772be2
4a392102
d06be908
a9993c7e
6bf145af
6a9dcb7d
e532382c
e26192fe
5a377291
daeccb78
4c48f50e
40693f4b
d9ed20ea
0000000b
00000001
0000002a
00000002
0000001e
00000001
00000020
00000020
00000000
000004a0
00000960
00000000
9fc0dcb5
daf50254
d6e19576
e11c4c1b
7d348013
40ef6b4c
4ee911ba
fc1a5b75
98ae6eab
0800da2d
59dc1bcf
88acc8b5
69f111ba
63a58a79
557aed74
52f5c40b
0000000c
00000001
0000002a
00000002
0000001f
00000001
00000020
00000020
00000000
000004a0
00000960
00000000
bca364a8
95c41104
e6cd5ef2
492fd2ef
8be11f04
0a3194e4
9b91439e
5e9ca865
5b31ade3
bafbd6b1
bf62e55e
5e3ee505
8c2aced7
d9cbb22e
ff9255c0
557a23cb
0000000d
00000001
0000002a
00000002
00000020
00000001
00000020
00000020
00000000
000004a0
00000960
00000000
4bbce699
d178a554
f13f6831
a4a3531e
19b1e6ac
75c724c0
a32e7cb6
ef35a7f1
ae2f9a0d
880fa2ed
cfcbfcd2
5350120f
3e52552b
c976b355
63eda994
fdce4a2e
0000000e
00000001
0000002a
00000002
00000021
00000001
00000020
00000020
00000000
000004a0
00000960
00000000
aa559f6f
eac97e14
24ee7ef2
89926a8a
5c90ff4f
e93c3999
e0e4c67b
9d14ad6b
f4cad14c
af228c2f
fccf40f4
1d95a2f8
b19a1ac4
3ac3a464
37378594
c12bbe2e
0000000f
00000001
0000002a
00000002
00000022
00000001
00000020
00000020
00000000
000004a0
00000960
00000000
2dccd31d
2f180631
af3e0fab
315ff16e
dfbe5c43
af31bafd
c96262da
9ccaa705
65b1d194
96bb8117
5f4728ae
233ca661
95a7971e
cf260ebf
ecaee339
f257c69d
00000010
00000001
0000002a
00000002
00000023
00000001
00000020
00000020
00000000
000004a0
00000960
00000000
c79e97ef
05f3d7d4
f208ade9
342e64cf
6b13f467
499309ae
206f8336
d7b5eadf
e4beac0d
cd7c14fc
0c739f7c
e4e7dcd4
c1405a0e
adff039c
51db9b7b
5ca46fa4
00000011
00000001
0000002a
00000002
00000024
00000001
00000020
00000020
00000000
000004a0
00000960
00000000
b6cedcb9
a88e3c49
ad6eafb5
11e50eb7
849014d4
dcb36f47
8b210763
eb7d32bc
ba1a2a4c
9ef8bced
503087de
9cb562e0
22849727
d487f15a
4172bc96
e62f6ddb
00000012
00000001
0000002a
00000002
00000025
00000001
00000020
00000020
00000000
000004a0
00000960
00000000
1fc6e77b
eaa45688
5d00f4b1
b36fd174
979f12fe
13848f6f
d44b53f0
f5a3d477
67cd439e
63309355
e8410ab1
df8db4b7
d10cae5a
4805cab4
b9b31c4f
f3f556ba
00000013
00000001
0000002a
00000002
00000026
00000001
00000020
00000020
00000000
000004a0
00000960
00000000
b7001ec0
65db39c8
2e579611
da9b2166
c565940a
6d87d910
6538a21b
8ce2b249
056bfb2d
d4eb6ba6
1c9af2c4
dd0d27fe
85bbc12b
2cb693e6
b323a624
ac57a00e
00000014
00000001
0000002a
00000002
00000027
00000001
00000020
00000020
00000000
000004a0
00000960
00000000
b0288458
ed4e3c06
2af29c54
64600c44
a234917e
452521db
8ec3d28a
3c190cad
5281da62
fff831ec
3152169d
cd831b3a
02234686
daca4a08
fee114d7
a604eb3c
00000015
00000001
0000002a
00000002
00000028
00000001
00000020
00000020
00000000
000004a0
00000960
00000000
6f044f37
fffacea7
37cc0724
a41f5bed
c0ed5ce0
113e6da4
e77cd609
9f9033a1
2f2bb933
18b031b6
94abf715
119f80c5
be978f90
63b602e9
57a1ba7e
cff70fe7
00000016
00000001
0000002a
00000002
00000029
00000001
00000020
00000020
00000000
000004a0
00000960
00000000
cd58b0f1
51f67219
4fe3dd3a
a2ce5417
be47157b
ab87e0d0
22046a49
0c64af1f
bc6f01eb
ed72789f
6eb7f30a
285695f5
9b927a05
6006ff69
8b45f76c
f1440060
00000017
00000001
0000002a
00000002
0000002a
00000001
00000020
00000020
00000000
000004a0
00000960
00000000
735555b2
c69bc7fe
c6594b1a
3e14ab05
a1064655
83e1955e
42cd6a6e
1e200532
12c7a0b8
32236266
c81a1a62
f1962417
2eb955e9
7a4c0fbf
22d6bb68
35e0fef9
00000018
00000001
0000002a
00000002
0000002b
00000001
00000020
00000020
00000000
000004a0
00000960
00000000
377a8342
5c5c82be
c96cb9d9
3480cac8
09715811
0ee0b0e6
26bb6212
81aee224
3b09f4b1
e59009e7
2cdd7b0d
940eed15
019e4ceb
4cba8971
4f4062bf
b6d86a67
00000019
00000001
0000002a
00000002
0000002c
00000001
00000020
00000020
00000000
000004a0
00000960
00000000
60fc9f08
efdc5eb2
c6c8049a
580e863f
656dacc7
baf11cee
8005550b
5c6d2032
39a3db94
f409c7c9
3e2be814
38f7b3bb
2c950474
acda064b
bc28c5d8
c5d7f053
0000001a
00000001
0000002a
00000002
0000002d
00000001
00000020
00000020
00000000
000004a0
00000960
00000000
2bf42c96
692a40d3
8007a56c
8242385d
fff09675
727c9db3
0f405adc
b7383b3e
7eb8468f
a266ead2
15f72a95
923be446
c95dbd6e
4e883859
3a15c6ab
6494c0e2
0000001b
00000001
0000002a
00000002
0000002e
00000001
00000020
00000020
00000000
000004a0
00000960
00000000
a978525a
98f1fd52
a3f01657
948e03b6
320c12f2
e4e57c78
4e065303
4f067257
ff86b17e
92ced5e5
7fe90fb0
d074503c
5a7795b1
e107d499
217e5e52
41a8a190
0000001c
00000001
0000002a
00000002
0000002f
00000001
00000020
00000020
00000000
000004a0
00000960
00000000
1b1e63ea
636aa117
0bd6a4c5
08928576
68922ac0
9ac969fe
f39f2364
373a62ba
1c641d4b
f0c92a15
8344cdb1
51e5ead2
b1da19bd
4ff2781c
e046347f
09311b91
0000001d
00000001
0000002a
00000002
00000030
00000001
00000020
00000020
00000000
000004a0
00000960
00000000
d73421e0
66552235
0fef2460
205ae85e
b7b1970b
f7eeb84e
49d9d2d5
564e5801
a76aff94
285aa3f8
72994276
24a0495c
0d7b75d6
4b13a474
907a2dc9
faa8cb4b
0000001e
00000001
0000002a
00000002
00000031
00000001
00000020
00000020
00000000
000004a0
00000960
00000000
44c34c83
4e8589ca
216b2eba
b451ecb4
29fd2ce4
fd164c16
188bc166
e4c0108a
8b455fc4
71742d56
aaf901a3
bc405948
bec26b89
c87ae2a6
3f7119d7
b44f28fa
0000001f
00000001
0000002a
00000002
00000032
00000001
00000020
00000020
00000000
000004a0
00000960
00000000
fe594b96
8696310c
615c26a4
5024b703
a9152462
eea2e453
8fd877fe
d24fff2a
80299ca4
ec49039a
16f1cf1f
a1c21193
9a8fa4bc
bf974d9e
5602f3cc
9656b61d
00000020
00000002
0000002a
00000002
0000001b
00000002
000004a0
00000020
00000000
00000440
00000020
00000000
3692368f
1208b350
979af5c5
c7ac553b
05b330c9
a31a7f81
e9c58b16
665f2782
1600eea2
59cfebeb
63a48164
83faedba
bc13c5f2
e48a1311
31b12e80
ff7f16dc
8377c009
63d2b574
8786f8c9
69159022
3d51d69a
d5790b58
6b1e7faa
a619c00e
f50bb2ea
f850363b
7f095494
ce9120f9
07d31876
310c07b1
b886c274
5aecb005
2167de15
1b85d533
5c875c82
04c14908
7fae3783
f40c35f8
19156b65
c26148db
30bd443b
5215244f
c36624d8
86ca109a
2e4b1b1d
c4a305ab
e4662b39
9d02b10c
ee2ed6aa
0983c5c0
95831e7e
9652e2d7
e185a2f7
57f6a74e
480f4b8a
b874a666
30a86665
363d6870
24915e30
2f25c450
850b3774
e7e1c896
9d94f738
d3876cf3
c09385a8
9254dfca
46c54b09
d9609a12
8fe1829a
5dac8c8a
09eb350a
2329a1c0
f139c598
65e3027c
0861ce6e
0a3782dd
ab423b34
a1a67935
d41d1994
ab60c7ba
0876274e
29604249
bbbec2b0
5adbcb41
183ed15d
59eba8a0
6b745eaa
298288d9
b943208c
5067fc53
87b79a13
1676227c
b96848a7
43a8e199
e6847db4
58f02172
d27f707e
a81b6c1b
54c2decd
e840c577
53886b88
6826db15
41afca7d
b4390008
932bbbb3
eeace8ad
c3c86a65
9ecb785f
188f823a
04ee7f4a
cd576198
d34bf57a
81133cc7
ceb17b55
819b768a
87d76512
c1a69d69
9c047bb6
51c6ce90
4620658a
334d6389
ba6ebb53
7915945d
db699842
88b729c2
31c68ac3
8422355d
8bf81203
2e976c96
5b6c098f
97d89c4a
60049cb1
494b84ad
91f25e15
0991d22a
327315ef
32d10b19
69f1dc0a
a005a4d6
7553afb3
4689b093
ff66d326
65bc0a11
4e54952b
dda92324
1a6d9c67
90a7ed6f
f909f78d
61dc65f3
1d762ca5
a95f8094
412391c5
6af63612
7baf791d
75043a39
9df34fb2
881c5697
cc2ac4b0
26d73b62
e37d40a9
20569782
ce7a9541
da88ac57
dc908657
4109038e
838afc7a
60a6cac3
0a3b6b84
020ab788
93e82006
c051127b
56aa421e
67b693e6
ac712f50
0e8e0ca3
85cfc450
2f6843c0
e5a98ca7
769db0ea
38f2c165
7215ac58
329c8738
2ea5ba0c
da978a6e
207e1dea
7de8261f
7a1eda99
9a27c356
9f3426a5
6478c886
19a539c5
1e4212c4
fd89375a
791ba5a4
9cf49e02
4eb3541e
0c4f461c
77382481
a12eb9c9
4729ab15
07811e15
f783f876
49d1c4fc
28a57dcc
3c8efb5d
116c04e2
261a41ca
39b78992
f6590646
b0f2ae1e
d29a47db
1a041d47
b4b64c9e
0ab9660b
e20b91a2
a9f66e7c
f930c0aa
1b4a19c4
abbb7d83
9e210a48
d97e755c
308942be
1c8792cc
e9ac0527
41c67f25
d5bcd6e3
d95639b8
5711232e
3a39c3e5
c06f3511
7144845d
729d269c
11361a47
5814311c
9c5834e6
75ec66e6
8ab1695b
69131bc7
909cace0
66728eb1
ce3b4a1a
1af59492
9902ee3f
190ee9d0
5241692b
6e03bd06
fc8f5855
8b4a782b
a352cc07
abb4a2f2
8b1b4b56
9d94e80f
875808ee
5b3959a0
9bb03468
4b41e24e
f0bd538b
80c4a263
a7ba51c3
657ba1ea
8d69af16
fba60b59
2048249a
19a52aa6
6e9d5121
c1a9299a
88b2979e
9d2655e8
d4218ab8
974a5044
762c43c1
6972cdf1
1c6022c4
69677961
49c725ca
782746a7
8769d85f
e0da89f8
10c89049
c909d6fb
b0ff04a0
39013a2e
a5ca3146
ec1c31a4
ce084608
5b93a3ea
22dccd15
a584b9af
e1495451
cbc32cb5
6b100a10
dff62487
c3fa51ba
1109e89b
3f2c5d29
ac2e22b4
1f0365c4
41616474
b2ddc709
1816b28a
2a00b51d
6caf4ee5
ef6e6a5d
9e2bf7c4
00000021
00000002
0000002a
00000002
0000001c
00000002
000004a0
00000020
00000000
00000440
00000020
00000000
9fc3723f
e82c5166
1cf36536
90780b4a
73cfa7d6
ba243334
24b13c76
f7684221
1945f568
7a30e4ec
c7a1b830
220be072
c10b9089
e100cbda
ba91ffac
97a9323d
f434c58a
a4cc60c2
008e55e7
c37f2268
4c200228
1259c9a0
f4c04eaa
12e35b43
7e780186
bb79be63
105c8c96
346b4a8a
98e061da
5ae702c0
6f120a31
6922a554
12722e10
920d75d3
f2891eca
09b631c4
f31588ae
ea13cd38
86953d0b
797e1cfc
eb910849
7c02c51e
cfa9e168
38a72f53
79852091
ecb88aff
f9f10d50
6c554131
59523821
ab117c45
46d56575
693d8822
1879b3e0
c7840515
976185d4
776f023c
8352ddc9
6612d820
7a3c2e5a
7866e12b
4c2cac90
467c06ac
a8901d8a
0403406a
8b450ef7
33c18d1f
52cdd0ea
126b368c
5baa3ab3
6142d783
6b9a3077
7f03ddba
6f7d3397
b05c1bb6
8913e998
971530e3
311328bc
37f7b575
d9c1e1f1
da070ec2
19353408
7c649264
6b7fa78a
4679ff6c
d12b71bf
5a706796
0fdb081a
e471376e
469ecfa4
9f547034
88c5395e
b2a04975
1fe284c8
146b5a50
75c2c77b
5946cd51
bc2e3755
93b6ad8b
87f7eb21
bdaf88a9
374e0a44
4286a4b9
9f3f3b10
003b605c
5db58f0d
811e468a
049fb9d0
6d29b51f
0589a65e
fbe7cd14
0542e033
7632b1e7
0aa5c4c4
1bf48cc6
102c233c
75381d69
03d3c8a5
f24bab28
0c826f43
0d9956c9
344b4300
9b2c3c8c
66fadcc1
c26bb158
05252e29
b0142938
4f47b35e
304933d5
c4d4d542
1e2fd892
13d377d1
1cd95c24
5c664a2c
6ccc66f9
6821807c
8d4dd4a1
e9c969b6
511ce27e
f28aacb4
e8b33f4b
a5c6928d
8a0ca58a
d51a1713
874c393c
a9adbc04
d131748a
62f0080f
4a64b175
41520542
c4db806d
772746cf
50d889e6
03e1da33
1e2df0d0
57d649f8
c1c4ab48
193154f4
d0c939a3
6b850b1b
4253094b
16b1bb40
317b0487
360c054c
929d219c
aac5e3c5
dda67ae7
684e6169
a537cb96
d78b7a06
b6523fa9
5fb37578
56a94983
89bf4b68
7abafc90
b70ed95d
96021b68
1a55ae80
71822892
7a9bcf40
61a82fab
ab9ae30a
7c5e4513
6847fa88
13226597
fcef1cab
3b993061
abaccc0c
b602b389
c721f65a
d27dd92a
406a9d3c
5d695c4e
0b5af0bd
028c79b4
5df922a8
17c94730
d28ea40c
1ef05b03
87402725
54a1a628
bab44413
03a5f947
f8d9b7d7
54f6f661
91a6e99c
45ac1a10
105228a5
b7acc2be
c2b4bc20
3ea7b850
745465c3
e2ed6754
c701ba11
9f014c35
15fa268a
7180cf22
1b0c416d
d727c43b
8104d9b3
60a2aa8f
5b78c8aa
48513b03
c71a0760
accec363
7c827b42
af3f018a
f8669901
6337d64f
c954d37d
355c99e3
9c8a4f56
80a411b0
0a2f6f45
8414a4ca
bf4fc07b
5890799b
a0fc75b1
b994546c
03d14857
c4871911
fe0f8412
b9cf2404
cbe18411
1c925c4d
9387a770
a901e76c
9b2f828c
36a25e5a
9637753c
0c98f1b3
886241d0
050a01c2
648d5bcc
a7c3a4a9
864370a2
b6b0b770
2aa8b5c8
13ec3d50
494742dc
f1928649
a9a9ba62
9684d86a
f4ec3c33
856409b0
21b5a017
830b8819
6b189770
d6a2120b
a8cfc8a2
6aaa1639
7c6d1ac4
443ca230
ce189c56
7f3c3a38
44953985
3fd7e7ab
8e27223d
64168a64
c59cd404
3e78136d
b843ae64
2592e966
2f90934e
d118c374
7116d886
dfa921b4
3cae5437
a53c8a62
8e1187bf
4b7d04e7
cb16f25a
046a1ea4
5d09fd4b
36156035
9825a0e3
3e84d231
b37b6a53
3f5c9251
fa4616d1
f520f64b
2f485577
961e893f
c8d5fee2
bdf0e747
00000022
00000002
0000002a
00000002
0000001d
00000002
000004a0
00000020
00000000
00000440
00000020
00000000
e00720ec
a9c01789
ce941528
db338cbb
58cd7451
48106f93
c1a66c4c
e3380592
0bb42274
b5c20a9c
45f28887
43eb9589
835a338d
841d7ce5
c7f81838
e88cf3ad
37bd2b94
2faba365
6b69543b
57a69027
87bbd456
2ec5890c
67c115d5
b519970e
ac673c77
e3621808
3fbceb9d
1825f398
39a15ed1
0ef92e86
fcc033f7
c8e534f5
348a8c50
4965b893
ec92283a
c2fa0384
5b7faa3c
449f5011
8d91d246
546648e5
7ca04861
841ca231
45529b6c
e7d85e56
014336c2
baccac46
f23d3f85
cf420e12
e547b9d7
d883c3e2
440a51a4
ae02035f
f0cf975a
6f1bbf2e
b4a9fc72
f5648a32
91741e12
c2022041
04f4a068
1f0ab95e
10c3ec50
e166c399
65cba569
298e2b04
b74da273
c5a1a64f
16b2d023
0b279489
ce47e115
dd4c9aff
39202f17
0498986f
205c127f
c77f5b7a
3f089748
de2ca761
d3cd6f78
9ae5fa7a
35272cf4
35584e80
0e424ec9
dd3ce64e
baef2504
9e9140c1
2a12879e
74e6a409
2e63e48e
ce067ba3
02d72db3
26424385
fe7c821e
c21681c2
3c74d2a6
3a680ad0
b4155557
ade9662a
6bac10c7
46ee5067
55a63568
2d477493
ec103220
c3b4e9a3
c742c132
ecd550c3
a2c62855
191822ba
60a58c52
8577b641
5e161b87
0547b437
381c9e66
f423b2e4
1c8394d7
67a5fb79
c99f94ad
7cc67544
7ad2c66f
982e53f2
381cace5
18e63ccf
b5a0d44c
a6360780
a71427aa
ac84a887
a1f446f8
3911c10a
5e033003
02f702b0
6bc6de08
2f907257
83645db9
32f83805
7011c5ea
faa8a641
899569b7
d4382bf8
840c98b6
6a690eaf
d515c4e9
0363ad61
c883f619
d8c4d9b4
315f5634
8ea3b442
f1a03070
35a4465c
912c9930
86c59a7a
b9997e24
0dac126f
586bb048
c053a2b3
c6963fa8
c2420839
89712dd0
6bd571b2
0106c078
d81faeb8
8ab8611e
566f706e
27ce54f2
a5c95509
70592b58
96edcd22
b100f27c
9f4ac3cb
a97bb860
3701b8b6
9f7b4225
77ac2d72
77710904
1e63c16c
a3530913
2851dd23
940f5aa9
15fbb3d7
18371203
43624091
bcbb82d4
99b2eeb5
104d04d0
b6c83338
b81c0612
773ba136
3aa25a96
7e032a7a
2806880a
941b9c2c
b6fa80af
5b02509a
6b874461
24e3184c
d7b71bb2
c198594a
5203aba1
9817da33
c9d000d3
b0481e6f
91233344
812e3ed9
9601aa15
333b98ca
a71a5512
8e81a3a4
097aac95
895c04cb
7336df20
abaad7f7
dc6da0e1
3e16c74f
aab8a10f
50bf3d9a
c86503a0
7380a885
7c1e11ec
c570d643
5b85b02f
1595638c
82b73b7b
d7c2c13b
370c0284
03e12011
b31948d2
b92e2489
92469151
ec1d613b
323c0c66
716b4f7c
10c4aba8
9a884fa4
48a67f93
6029a761
85235468
cbace9af
87372683
b148a8f3
810b5049
f60d1470
b3438ef2
0cd56890
258050da
80452907
cb327fc3
0106ca98
c7068737
c5b5b367
9d427bba
f5da67e3
6911cfb1
73c7c3a9
c33966a6
29b1d23e
9a16702c
c7cbb7bb
11480bbd
35692222
cb6cc883
b840c69e
3e8341dd
f27f7877
4a87c309
99ae3bd1
48165e4b
5003c907
0b19dcba
1c1c4a11
3a05c30d
fc943385
8c590ff3
7b80963a
5d17ec60
218730d6
bc261896
1974955f
68a881e6
6c39918d
358a4274
2c0345b0
5fe208ba
9076a076
f1cc33f8
33cc3675
a5993084
6ccaa632
4173272b
cb070a3c
e366b133
4b6adc34
f19e9728
efe016b6
4cab4760
1aec634c
66e75b45
64b7f595
949ea624
c0024a77
dd7879de
26bd47e1
5d143b15
79df8f32
ddfa7fca
3d7007af
8b083b30
cd16aae8
00000023
00000002
0000002a
00000002
0000001e
00000002
000004a0
00000020
00000000
00000440
00000020
00000000
0529bab0
524ac6e4
17449c07
a51fcc58
86e1a019
c9963224
c74ef4ce
5906a637
38a295a1
0b68bc9d
c08b466a
759a4371
348df145
712e7581
b467d016
b5a6d0a6
36eb0d2c
9a268a0b
dfb74aeb
83894274
ce708c09
94a270e8
3603c635
00ca4d88
bf209cc0
993c32d0
9bcca185
f03d4257
179ec116
05e706b2
56a1fbd1
31af1c21
5c51991f
4449f117
f95c2b19
7f2538c3
504a55f0
3b8e7f68
21fc5457
88bb1299
70e99288
18d05c1d
930ccace
ba4d99e8
624a32b6
4152fab4
04402b0b
211cfab2
7f99c89e
41cca819
9bc0f988
82384b24
bc0aa906
a55ad0bf
c0af3c2e
6c92a565
875b95ae
cb42250f
6cff01f5
3f609253
4d4d9994
846650e8
bebcb82b
0f25d8e3
5b7906ea
a6808f03
2b2867b7
c8b41308
4df67424
981086a3
e7f23402
7f79576e
cd81a047
f2ef1d22
21a82ca0
5c06aa68
fc5b1b2c
37d7975f
0e51cb5e
ab8fc6e0
9ff2e8a7
2057844f
b6998148
26e8e6c6
1bceba28
d9070a46
7137bd47
d9633ba8
7552369c
275bb193
004f5355
e69d33a4
93838e19
7d6b817e
11b083b8
16613c65
aa7b99c2
558c005a
aaa1818c
b332acd4
c2e013a4
9f35a612
2130d5b4
f53344cc
3983de4c
f9c5fa38
065e3642
4cfad396
39706158
682823bb
4071d611
cd944587
613231f7
abda1fb6
6f952c3a
fa5e8585
6fc1fe45
706b020e
09d12c66
5a1a476a
895c90f1
0be512b1
8c319c3e
aa2c73d7
68a72f8b
a456654c
84195a4b
09566f50
7d655f87
a4b3c4b3
532fa70c
c20b229b
784f8c39
a183ceb2
761c0d9a
8d1a74d4
93406ba5
b33819ae
fc7b01ab
84fe2ac4
0a68d681
3f2f511f
f8d58bd2
30bce857
c684575c
e3290c80
a4b45fcb
144bbb08
155e0c1b
acb04cba
e42e67ff
777344ca
5baa32ba
c7c9820e
9b902785
3248e416
c8b458dd
3c792619
10a4c561
de7e6a5d
4a6663f1
0304e0c7
d6b12752
70d99d80
8ba7bb04
9a49885b
9011a101
111a50b1
55502ba4
9bb71f74
c7dc988f
a0338871
57e00ff1
62153896
68a7e50f
4493a69a
548c8120
6f02667e
9aaec071
66915fce
1ba05998
3a669efc
bc382d40
ec500548
3a2ca567
0ab49293
6b031777
e7946703
b68324be
3f644082
4c349ec4
5be86890
8d55653b
11f547dc
4e9b6f74
50aba589
6bd383b0
2744c078
b557a45b
2c434948
1c53b84f
2cc9f0f3
8b0e65c2
abf6a90d
a19232c5
d822626c
2f139ba0
c739f6fc
a9fe5df9
2420ae26
e88447bb
30fe4fba
20037080
a5a67259
870eccf9
89601ebf
30ac85f9
27e98e05
7a080278
042b64b7
bcb36839
01db2c6c
aa0d4ca7
28d83cb6
160396b7
6bab0282
b7cea0fa
348c0d96
2acbb763
66c57b55
9fc97b2e
bb5aa466
036a0565
084be654
fd5440ec
0344978a
7d98f5ce
1f3d2bf2
7314325a
715bc419
0f34806b
567586c4
3b963812
ad9aa086
8b283116
1d809b4a
6582a5cd
802b4c68
7c5ceeb2
3802aa75
0cce71ba
3ac12431
fac1ba23
6b7673ac
3fa59670
b7905555
a3cf6dd4
5de04c23
48b96bda
37c48fbb
7f61bb0f
2618182b
e1f605ac
b5e3a155
0e53723f
159ac622
c4f0721d
c092baeb
2bd36348
1a0b7705
334c3232
d8bf21d7
01e38b85
fe4105e5
84f89fe5
c76018c7
5e8637e7
e6498720
1f871a30
48b08b46
36867f14
98d42306
c83ca6c8
06b18394
04882a2a
f1233a90
a5c500f4
54f92c1c
f42a3983
24cbb4cd
890b3ebf
fddda2f2
06d87897
477533e0
40ca03f1
0459d356
c8db2eab
ca256eb3
43b05e03
79d1c406
3db94acc
3fde252c
1c55ab86
7fc01bbf
00000024
00000002
0000002a
00000002
0000001f
00000002
000004a0
00000020
00000000
00000440
00000020
00000000
4831298e
39a6331c
42b64f07
c4432b27
e0652813
1889866a
564cc26f
95f7943c
028a4087
a01dd250
c8fd66f3
93909860
4403c39b
80958c96
c42c5c48
d1a154f6
49b7b28c
7d686a92
df290098
19b278a3
02e9ac51
bdccd008
760e810b
c250cf08
3435848f
5b124d63
956c2ec3
7549d2fa
b6841ca0
4b87fd88
f471f037
27f1bc4b
3d314739
dbc4d564
f27abc00
407a122d
c421d1e1
18eba91b
ba28166e
54c6750d
3586bb86
33ec4892
4a98c069
18698402
5168349f
65942383
ba8bb4f1
2df81069
d0aba7c9
f77eaf09
bd94e011
f2817707
888d74c4
95057575
450da55a
a6d622d9
ca73193d
b8af2923
68cca84a
5e31066f
80a9f7a2
6ca831e7
b8dca819
a8259a2e
329b5283
a4057db0
f2937b3b
2543179c
936c48c8
161d38c3
35942eb1
13e78b54
7a9dc3fc
b8ac111a
9b35f700
b489125b
b7b3266a
9a5c5937
1da59734
3711948c
027b53ac
78a2b52e
b2c59329
af15ec27
e238d64b
ec13134a
5ab2ee94
f711e257
12444f57
9c79bb7a
e58e03f7
9879a090
8c3923c3
cc62ea58
b222c6ca
ae0221b1
936f9ad0
c52cb79c
6a460515
f60e7a8c
28583e5c
3f557b27
d3cce9c5
75325efc
32d54628
738cc0d8
c14a6835
66b683a7
f5223817
01fb2844
60d33c97
3b3f3292
a47d27ec
c9a857c8
319368f6
67451977
43f40885
7589c7b9
a4c6b666
a61000b2
13cb95e7
892c8502
8901cdb5
5f8c5697
b4875e22
91a543be
868651a6
d3183c56
9a89f976
9336141f
f439963a
5a07fa68
44a0e574
167c58d3
4b785fb8
b508a65a
30a44d94
c1e4028e
1ecdf655
56f8a35c
8f8b4650
fcbe5886
a5c80333
9f6a9176
374c15d3
88b8cfea
af0cf64a
fac8b551
f983ac26
1328d456
2e4fe1b4
bb495dc9
14c54d24
5cacc7ca
82efcc79
9406519d
6a4f57d4
71535e86
0588068f
aba38705
bcd68807
4b96a381
247890f9
7c475349
9591bcbe
d52bf6c2
b4a23230
6eeabc17
be23c4a2
228716e7
46d21f4c
c77ebbda
c4a06425
60ead950
f9aecaef
36816153
5ed2fe7b
2c938353
f1ed4295
7d59fe9c
dfa5f841
87fea68a
974cac9e
369f73e6
5a27ae22
2446a52f
2eb2ec40
65a34234
96f7712b
ea561b61
0832cc85
7f1c9780
3a93c241
fc46a009
387294b8
a40e32ad
abbba691
66375e4f
8d4adb0a
23ab1a5b
6061ac32
c8480383
661d28a7
5e1ac860
c65f5c31
75e77f4c
a306bfa9
2c850ca7
62e04b59
1438241d
495a74fc
24820eaa
6caae8c5
d3017b16
b5b2cac8
bf5159b1
4c35948d
279c2151
c43a2256
5e11e1f2
e4904159
be7ab300
d57630e3
b7fd9bd9
7f717a07
c7653190
3af714b0
8700345c
29552404
f0c742e8
b9d5a15a
b58f31fc
43b67d49
4bb6b2c7
f8409cc4
3a1b1958
4e28e101
1b0597e2
392da9f9
08f885b9
e8a531e8
1b5e3cac
20648296
c1a2103c
fcc76b55
a2015383
3740fa15
2b3249e7
29e913b1
1902e2f5
a23d4478
6f91849d
00165724
e955242b
89526163
4ba6f4dc
309e8851
48e1aa00
8c19b93f
836d3cf5
55680017
5c3d409b
a6f223a8
9783865a
8eab1ae5
cbf60766
1d432524
2ebb3373
7aa95b7b
bbac9013
1b6122aa
d5c07c41
7f304c40
9a39f5db
d5e7a912
13e46ccd
b94357e6
a361a6c2
601087cc
c713a365
880c5052
6bd1ac13
7dca7c56
a5e59126
09b6c157
6447e72a
7ca25e88
0772178c
a572b001
7613a970
f4d5802e
bca1a722
b9c81fc3
ee6c6622
3558a14d
0d42ec3e
954ff994
84f72536
35b3ea5c
932c3d80
2cb1acc8
c8f82ba4
9d80aceb
9736dbb2
00000025
00000002
0000002a
00000002
00000020
00000002
000004a0
00000020
00000000
00000440
00000020
00000000
123322bc
5c1a605c
4ff79118
10420bd1
5be6b790
1155c11e
7b5d357c
58ea0ff5
8acbc5a9
c860d342
213d0f29
61c8dba0
d1085b82
dbc0a549
c6957226
da332a46
9489b12c
c4715b20
e61f5113
0323c7da
b0e825a3
e80199ef
b9412af2
0e22f318
54552a58
f6778086
0be58aac
4d940aa1
138c3fd0
ab5beaa9
426328e8
e272515b
b2510f01
d9312596
647910e9
870b52ac
7bcb950b
6824ab32
761561c5
b92e066c
615806c6
92fc4766
4b1d49be
d64653f4
36bac558
21595421
d62a1a30
19822800
f3a1a57c
12956738
0b79a827
ddc8dac4
d76110d9
45f2e8b9
503bb5dd
9737cc79
0edb9586
fd32ab3a
fa17c023
b032b715
844d88df
d5dc1fc2
9d1ab377
ce442876
45422407
597a5dc8
d2735b0a
97789714
69314017
185dfc73
a0af73a4
7bb8dca1
94c4c97c
a979b3c6
99032c33
cf3378b4
c0907ab7
b3a1a844
b13fa7f1
bc3715a6
a3d0d957
040c7a41
7ad87e74
417cb740
e1a0d984
cb2a6d15
733c8823
d815ec94
ca2c6c42
8851d1a0
6c8925cd
0134cc07
ce47b9c9
a7a690e3
256faafa
a38417a1
a60f7af6
73706f87
0ae290a4
435aa194
19ff9895
45345524
9f960bdc
b2a26239
cb444845
f850102f
50000c2b
65152520
1b33f41d
07e93e5a
845bcaa1
f8a514f5
58e9c7aa
8d74fe31
3d2d0b1e
963f1488
4f131c36
441190d3
0963099c
8bdca9b3
22b62a76
64077c54
ae4b5649
19b6a44b
50e480e5
1eb076aa
dc23fb23
d170ab50
41487735
1520b975
17218e29
ce484f68
99539938
5c195c22
b4f47421
eea346bc
f2ad929b
51bcc51f
b9ba3758
4a34c484
aa17212a
a2bda420
9b1e21b1
3d501d57
6a9a6cf5
bc700278
aae8fc5e
c09f9975
609d43f5
850809be
db7a73fe
27f183d1
1ba6793a
be781112
27ca08b9
50879e4a
f39bb1e0
601bcc58
8c6687c7
3a342c40
80f352c3
139305b1
fd6541b4
246f2f90
8ca6e19f
2b2fe172
6602697c
318a5009
a5c8ba54
e86f9b56
02e06f04
03cd07cd
9cf78bec
a2d72e7f
94ce2184
09891472
603553ca
df1612de
53026de0
93083b79
5b9712c4
a7cdbaeb
be54bf14
a49b45ab
3668a016
1c939a39
fc4a19fb
ab312734
66e66298
bb9562dc
21e68bd4
7156c395
43be2850
95ca772a
49d95224
739562aa
e83997b5
43898544
af4d046b
ba4d794a
00f66f9c
11578176
230634f2
613b0e6c
d9284b6c
ac3cc4ac
2dd84acd
ed3203aa
8a343f97
66aa8fbd
2431e2ef
20fb1045
b5bb8935
2807751b
87ba1578
3b71e25a
e5003355
b9009036
c3a40844
12c1b76c
9cb587e2
3e35b285
c1955b1b
1858882a
0061b4a5
82a71ce3
e6f3ae37
34c0a6b6
02177b03
a76434d5
41e6aeba
7030b91f
1cbb6ba9
1c566031
889491bb
7b10c049
4f7be023
5c2c34cf
84425de5
054c9e37
95c8073d
25a51302
1df9981c
748759c6
a2f7ca6a
3e630f8b
6b1e15f8
f7a35318
1b0ae2b8
3909025b
b3890164
c1c2b863
434e5550
c5a5c469
8562851c
cf80e048
6b224348
b09a047b
38296128
67a59475
0dc4933d
d249f75c
76c42f84
a411827c
534c73e1
974f4fe9
04606a28
c759e913
b4f1a9a8
4d1a4b7b
c908b924
b9f32f98
71273279
219ed64e
2680c5c5
cf43c3aa
72cab48b
2c47b2a0
b7c7718c
242c6a59
9b112314
8f1b7f82
077a4bb1
794813a1
7deaa33b
b1cd5a7c
b48762c5
b3b99095
d5dd8571
0eb04874
05edd62d
7dd307a1
dcf4c449
6dc474d8
d066d322
e3737d4e
fe1a28c8
e41a2352
57e13eb1
17894463
88c8a737
56b8ad5f
b17b51b3
20de5f98
00000026
00000002
0000002a
00000002
00000021
00000002
000004a0
00000020
00000000
00000440
00000020
00000000
5344e3b3
7954be08
8de4c997
733e782e
1a2342e6
3df27d90
156d7654
e1ba0b32
427af1ad
2b34474d
0bf6820b
c5178343
4934a463
077e9059
5bd9296e
25727cfc
b1d26776
6747376c
2fc067a2
576381d3
cb86d88e
1b68bb24
252d031b
5ef5bc44
113a8127
515860e7
b79cf865
db7055ba
91b7b441
a70578ab
26314b8f
c0325047
3b88bb71
178de795
c6a70521
5c06f22d
ea27a510
ccf42880
7c01d61e
0895917e
75aa5c37
7038ea13
12a650a7
bc975373
0ca2c9cf
6eb8fa41
5ce52227
7577a52c
9b4075d8
8bddc6ca
1e32a00c
c96c986e
d20fced3
5c4bfd5d
4d6a5874
f7183a18
bc56d784
53098cb3
43cb5642
a3fc676f
d498d329
8c103082
12d09053
f794722f
299e84d1
1795952c
8e1e0764
d89c653c
a0255000
3165f285
e3b93669
32a9cd65
8cc6e865
281a7405
17e93815
34b6c985
641e7e41
90d46966
ae4ba0d6
8bd86bd6
6bd2beb2
f44cf155
f41c43f6
b73c047c
1591d054
d4a348b3
47783455
fd30208d
86d73bc9
01acd40a
27af98b2
1b296896
36b0c347
ce65d2ad
14c429bb
34f987cd
e51910e0
2998b31b
46c1e479
fc74a167
79415a74
48e9b99b
cf4e6b5c
d4f8aeb5
5e356d1d
439e0bce
0aaab468
c7f618a2
0790f2f0
e31ba516
c2e6a4a2
df9a8b57
abee371b
1ad5cb3a
65bed29b
11f9cf5a
98b0b377
7a9df958
ea61a414
735cfbbe
0f031391
5a27acfc
182ad5ad
ac558b19
2806a6a7
76d8a0ba
66465cb9
f74e5e64
29e91228
93cf2a89
f45d18ec
b363ae18
a3ac17fc
158b6d59
582be7c6
324e6495
b0c10032
7d80d438
d19e43fc
9b39c962
0ea1fc3f
98a92279
b8047f55
17daf8cb
81bfbb79
67fe583c
caa0e85c
33952984
c0ea1912
68503915
3d164b48
65f35923
4915aa1d
6ca0e324
e426ca64
485bcc33
3432e4bc
959d08b4
0194392b
17658304
3ca3c673
80500a54
182d94c2
7525a8a7
2c76193f
0738b7b0
253c7599
4b415a73
c2456651
09730516
90cb7a2a
369cabc1
50ca8041
332a0ead
c1a27625
54c74c20
2a71ce98
5bc9d4f7
b65e5653
b8d61f78
d1bfe7ea
1d004089
604c5675
db0cbc54
203c3b73
11629a6f
a3832217
aa649851
5a21da5a
bcc5877b
854f6e88
553ac875
e61602b2
1029330a
ac31190a
531ea99c
20e81641
3a471b50
034c4310
786dab61
1c69352d
903ecb1f
133c935a
4eec4974
56342860
c2a86845
29e3427f
b6381446
d7ce9b59
2a88f26e
6acff811
65323047
7fd2e677
7d11e1bb
838ece60
810c3e5e
2d1c902d
a4fdaaa6
998c692d
a67859bf
f4b36967
2d466448
fc1bac23
a2fb8d61
581171c3
a5970899
1ae41b36
4cdce632
f51782ba
e2013917
2f103c7c
687b0ae2
78089cab
4521910f
1a8563fc
c3cf2682
4bf134b7
d742a380
d57159f2
8569d368
2208a64f
d93c0a27
51cb992f
5703b3c6
82978a35
8b11e28f
9a54db49
9c8482ba
38e7a09a
009594f5
32e230a9
45578bbd
62270468
ab2cc3d0
b9775774
8620a98a
acef6d72
76ec828c
deba05b3
0cb9adc6
63f66f98
87357b00
30ec2722
8d4a836d
750147ab
08ed5786
84b6083c
a992810b
1bcd5d7a
3a99af23
d983c224
b5479aca
1d403f4a
637b5cad
95a62f10
ce4aa3a6
6fbe2b93
fb0736c3
27c97007
17ae7aeb
d41370d9
20706c1b
603e76b2
5a3c0c6b
72444a2a
b548e9e4
8945c441
773cb150
30ce0b86
8a44ad1a
7f4b62ae
86cbd3b8
2fe33da6
925cbf7f
f9de9d1c
24e729ee
c15952c5
db95c2ce
89689ab8
5b65be17
a65071f1
90883048
39a0ade7
b437ea1c
00000027
00000002
0000002a
00000002
00000022
00000002
000004a0
00000020
00000000
00000440
00000020
00000000
46ccdb90
2ac95d47
9c1ae6bf
decd5553
69eda540
9849120b
9b92274c
216aceec
85562932
c204d6c2
864c5b88
4caafe43
5c658c6a
95560602
3470b1bf
817b7270
bbe6bf39
40a0db96
d6a3da19
6bfcaff4
14118f87
3ec337e6
e112b306
7851e34c
40ba6695
692d905b
65abe8b5
f4c5d20b
61377a28
7fa875a3
68b41560
00bfa363
59f40318
1223716f
3ccc2002
25863268
25816ab2
955655ac
016a1704
55912791
f688bf20
9fd1de4d
af0bdcc4
208c2e87
2c1b6d1c
2a4a5886
45b18b93
ba9b725d
a5b7828f
d0e8173b
c8f9f14b
9693f0a7
c44f008c
31c5a6cc
b827f35a
35b47415
552cafa9
ee8cda32
c2d358bc
3f610274
1447a29c
e1e01626
56470c46
773964a0
d3973ff5
5bf8fa1c
5a4c8385
46e5c40a
9035f10c
71aaec18
95944450
b588d274
b5ba1986
83729455
9ef7328a
7aa9dce7
74346e0b
9bcc5147
6e5ef915
061b8dc2
41f2ad06
085530ac
1ac3478c
ac75eaba
244f2160
4cbe0844
0c10ab63
585d9729
467a0363
5b76dd26
535a3ba4
b60b3e20
66c576cd
d3c22bef
56623de9
6dc5f2a4
e05886cb
ccec6c01
c12be060
c8a42555
78c68fa6
b39a0c6b
82baf663
568575cc
5918c742
4e7de49d
fa31b99b
7f579e69
1e93fae7
c9efa7a8
a91b9504
15649407
082fa4d7
9215348b
16016c27
acf783b0
7820c89a
6e2be9db
953ab9d4
8eba3cb9
a443b867
bb752318
78a80936
2a47bad1
d13766ec
6252b167
473e66c4
4cb0b8bb
98a90500
104a9820
404d277a
9dc6db82
083885cd
a9e95eb5
9467245d
dccaf939
069e6020
40d9e411
11ab08c3
62616e75
0f976f48
2787e214
5a68c357
9530578b
1c8019a2
e6433902
18c29747
cb9857aa
44094233
85d66851
44736272
6bbb2c69
1df716c4
8163b749
47faad94
31207f66
83b42bb0
05093374
52890d81
2d43b2dc
515c747b
0dacff04
93c26453
a4f9affb
0acacbc4
995619bc
34075a93
45ac5602
a8b9c392
632b41e0
0963483a
a1a9b002
76843f30
7304ab2b
b82fa21f
b42e1419
c0e36ecb
6467b99b
5bc847d6
99b71fcc
757c9816
c17c271b
2f474b5a
4c507274
269c77ea
a765ed91
e36a7735
57608962
65d37412
58309561
7635b553
84ec8ba6
387e0a1d
645726b9
82844bba
ea6141ff
4a4a8479
1b975465
ba71e40f
33c37482
22b3f764
afbc20ea
e5b406c0
7ccb7729
adbbd0ea
a01b9ca8
34d1944f
9d1cbc60
69b402a4
c032cf13
9b5756c7
794f76ab
44c7dbb9
d5b4e8dc
80e71911
5278b76e
711e6445
2b4d87e3
79d383b1
a23f6797
13453ca0
a5078eb9
b9b33cea
f8a81bd7
63ea4aba
1583faf6
5816a0d3
c34c0aca
aeb5e67c
6448522b
4b9cd29f
936ff040
a54f71ac
92a306b4
42085c44
c5e11121
6871df1c
af8899ec
b68c5f14
59ecb854
fa9e35e3
4c616388
50c85dc2
1196d4d5
939a8868
0f50d00a
08979556
7159a7d6
2f3a5ac4
707c628a
466037bc
338bf877
e49b5159
23884de1
8a92fb49
c864c63a
dba8bf77
8443dc40
30134980
276679f6
8b84c246
8fc4e905
f9f7442c
67699555
737cf2ea
f3bf5f60
235ae57a
5a6c5788
8b0660e9
7fe1428a
736a535b
778e2619
1a071c4a
009d1bce
631b0031
b45bb61d
65919250
15d479e1
6601664e
d2871252
2c709357
3de052c6
a18d7953
95e628bc
22e55146
491ac15b
248e6334
6a50a589
c4d399f4
2ea12167
60841fc0
2251d155
eb9e8974
333e6ced
248bb7b5
f3273a24
d9939f36
f7e6d318
b8a6a27a
c4716394
0723159b
77f79532
847eecda
6f6b390a
00000028
00000002
0000002a
00000002
00000023
00000002
000004a0
00000020
00000000
00000440
00000020
00000000
5164c9ae
d1001422
6fa0dd4d
e484c1a4
658aa782
bd30f731
4b88db63
193d1353
b8d28c32
a1cfb57f
2b38258b
be28be1c
4b7a22d6
50eeb679
4ebaf200
e3bec2ec
442375d0
afb7bb55
9c8919c1
a0ab13a7
3853e431
841236a7
0b500a66
c305b69e
852631e9
e69f3c3c
80a317bb
468453a5
56a7c800
3bbc119b
b51c4878
052eaf6c
ca571511
477a14dc
87554e36
526a1db0
9a3b6b2b
917c6aa1
bc0ae6bc
ff40c17c
a5c88087
6008f8cc
19c86a0c
50943366
64b5d901
8c3d899a
0658ca18
2c51845f
b5b5fcf3
13632db7
7c297859
3542ba56
201a1b18
2b3cd16e
24b0e750
3b589e03
c25b9d5f
45ab323c
b2e50e05
3e6aad92
1fb15146
676b0560
0c6c9f50
eb7a5100
b0df8daa
ad32dd2e
cab597cd
b6fc5ee4
1ef650c5
a736c428
729d1178
41e02c59
1ea8e51b
45bcad28
3867f913
1d7db456
63a1b4c8
1f34e970
4f79337e
9aa33c53
4e09b45a
2162429b
29269eda
71367b91
fe7b70c9
c822a411
6d82d08e
4298a646
69c35a34
9c889675
18761341
a4ef61dc
84d2db52
6679b8e1
0b81313b
3ae901b1
29903ca6
3945228b
4bcba10f
ad2073a4
fa04978c
7fd9af2c
31ca6964
b7b69f31
c89b3814
b09e7c78
924e8c60
659b4412
026e3440
2c83a17b
79369759
8ba51144
e29ccac6
5ff90247
b34e5bc3
a4d27f58
abe40492
897ae472
23cd79d5
2a63d1a7
ae1ce962
6af34431
3dc90e52
510279df
51210e8a
9d7342c4
b58632db
00ae51c1
c3888190
393ba4bd
445aae49
0266f346
cc9ee5f2
c835b231
a981d931
cd543a9f
629103b9
025955c3
4d6ac9bc
28285fc7
9f0533bd
7154887c
04fdc1f5
84781f3b
551ba9f9
5b3db25c
34a561cf
9cbd0bd3
25485461
8a2c758c
b9679026
a2047286
cdb1e437
3228e4a6
50329a26
69bb733d
aa7d2526
0a14a449
4cf554bf
9457ac6e
eac86b2c
b486103f
2a3d084c
eb805fdb
5c0336c8
acc48c4d
f24b9234
c8b09545
9b4c4c7b
abf656f5
04843922
d1a852e8
a53492f8
00b0594e
1383cc21
970625e1
84b3c06f
602c0c1d
3c544ea3
767bf55a
63c1ea4f
2ae0576a
80a1b6c5
314a12de
7308b906
8330347a
e505553e
38ce3a8a
86636bce
ad5d448d
7bbb64b7
9edab72b
d3170664
3c4b0bcc
c187dcbe
860f19c4
e326251a
2b7a8f33
d4957479
9a6b8c54
ab32ed88
9e46151c
85e49ca9
bb576694
a1602b58
25ba15e2
9512b457
d44e026a
a98a48ba
94d910c2
32741575
56cb80a0
cebc2bc1
3a9d5b85
2cfe1d82
a68b43bb
c16653a2
6a83612c
2b69117d
443ecb38
7cd06e7c
51a61bb5
f389f410
49b0352b
ad379178
5c5b62ae
a1755809
70e41e68
55554523
17d371e3
82c49b5e
18c2792f
70108980
66a48a7a
f06f4cb7
404bc546
0e741727
65c79439
2722ac38
19764d26
485b4263
db743a40
be796b72
899474f3
9b9a1653
26b90282
c080a1b3
91765316
57385dbd
4795f802
ba297e2b
a6181167
84c460b5
a5222bec
aee19a6a
404e603f
f0bc6f27
b3521c20
b1223bc1
868e1f18
957ce886
ce34f813
715c9fb7
43b9d738
c8c30017
953b9606
2143abc6
f3732936
ac88a023
c542bf00
741db0fd
19c2cfa2
166cf74a
de87d552
e1b31320
1a13d5c4
d99f89bb
970c3e20
4dfcdca4
423d07a7
e9eb3e26
8fa9ccba
a35bc86e
28f9939a
38c38009
54ba331a
8af52346
8ebcbdc2
4ba4df14
386c8766
d1675366
61d3bf20
a9e704ff
08dc40b4
d45396a1
af82b1d7
9bac95fb
14842786
9ffa254a
af5157ed
27dca4e9
7f67e175
5017bd04
9f13ec78
00000029
00000002
0000002a
00000002
00000024
00000002
000004a0
00000020
00000000
00000440
00000020
00000000
a74adc8b
f48e5392
89a0fc08
d44900e9
a5e20cd8
8152acbd
b530d166
66aa792c
180ca49d
d4b9991f
8412ac41
7af83e07
cbcd61c8
48f643fc
65f10c1d
5e6b833e
923d5407
19b27b54
a0ab3704
5be5050a
97462d4a
14b17610
16866885
c4bceb1b
708340e5
a0bb0dd4
7a093c90
7b39d2b1
6c5142c1
b977b66e
2b755af3
f1c123fb
91c99f3f
9f780b7b
47d60162
92f0611d
018da789
a0d949b6
c1cc488b
325b6c3d
14a3cea6
973838cc
e7ba879d
f5f9a05a
78505304
fa97ccdf
90de1fc2
15c8db97
d25afad2
92902302
25853223
5d85e30b
f8831044
ac30e9ac
00790853
abb9970a
4695afb4
384709e3
63717bcc
1fc9ed30
bf62c5e7
e0ea4cd6
280aca13
b663fb60
a5f530c6
7874da74
9b49e060
c46706b6
81945270
abafa4d1
51fa07ea
87d49725
3a8ad135
e66591fa
c9457199
7f16d9f8
24e698b0
41e22682
e39f37c8
d69480a9
8da60204
1694ea43
13c34774
35c1bd57
dbc326c3
559d59b9
5759e262
f11f8002
3b317b05
b8a60757
d710844b
2abe6e33
3d6a2b31
dd5ab08d
c55b52d0
8809ae89
af0065fa
6ba6497a
91e0076d
22c4883c
06385f09
cf988a5b
552c6353
84a375e5
716b0e52
1042aa94
bc096bdb
1d20705d
bd2d2220
d3861945
1ea099a4
e8c4b57e
7ab15978
9f6751a5
cac4084e
b08a3f02
55537f74
fdaac697
23d81f48
97638446
52850235
f36293d8
36574447
242b450f
95227f43
59154e00
8b97a278
c3886c04
02d2124b
aa0d93d5
c5b364c3
40bbc9b5
b55d2416
e0ac9292
6bd22835
d09960e9
c521b661
06d11d31
86aa7690
00307669
13911416
79767141
04f75963
91548c38
4014324f
99a230a1
9e450123
e8c0eb10
a891ab9b
a7d68a8c
41b7bc04
104c5cf5
22e3811c
2eb7aa70
9b9c12f9
43d89551
4caad34a
c7fe6316
50539822
d79e6a9c
f688b75b
22376ca5
d970282c
d048a2f8
8c15c814
c37b7cf5
8a0216cc
86495101
00b9b28d
f96d3adc
2e108f5d
861307df
3365bc3a
1be0d039
7b4cc0d6
a4369501
78077470
32a16167
2a8dab09
645bbfce
3dc9bc90
c6c7c210
7804c173
be3a046a
15ee1d9b
a21425a5
fd7a0ba5
e24b7f0a
7463fb2c
de3e8a4f
81c64625
33f54b39
cf00a326
836542c1
29990697
7973f32d
bacb421b
a4347448
9eb5255a
c0116217
1104f460
f007abe1
2aa96540
b6141b77
44aad46a
05062291
92808481
ad5bc1b3
06c57cf5
c8b06a32
87403c36
d6d83ee6
4ed1a470
6b55dcc9
ea8ca42b
32db9521
ebb04872
a3221242
384b87bc
78799be3
e4a7aeba
c955f141
9d1d5c7e
764eb436
bc28b874
dc9173ff
75fcb679
179ac073
a077282b
50e2a9e0
a41448ba
ed98693f
bae9a649
863a0e7c
c92183c0
d5308182
5030d1aa
c11e2870
e8b45761
84888ea1
e681dce0
bad6a7bc
c8696529
29685476
e76c329a
b7e72f87
22cf89d6
d261bb78
8c190b81
fd5b987a
f8932396
1dbb0956
d75032c7
866335d8
50382097
9d134c6e
2535576c
2a818083
7e49a033
b2fc3727
9e88da63
3a9d379d
d42c9f66
47896ece
137cab74
88a44b7b
bcf2b63c
b5b12a94
31d9c276
2ee1523c
5a2ed129
cc50b70c
a772f258
e936da48
56e33e89
74f3ca0f
d4b816ed
2a0d4867
a774a4cc
560681fd
c594792c
10078a97
df16a72a
271d6f29
4677aa24
d99f589c
89934911
83f81282
0e2a4caf
0c0a677a
c24139b8
38f9146e
cdb1fae5
6228d948
45e83f40
64420b28
d63f3a06
08e11b6c
3abd0f8a
78319c79
8e16f965
0108bd3f
8753d57e
4176b0bb
0000002a
00000002
0000002a
00000002
00000025
00000002
000004a0
00000020
00000000
00000440
00000020
00000000
73b6b57b
28803dc4
9bc0f6b7
eb3ca043
7bf70de8
09ea5114
63355821
e02a2f0a
b377729c
4846baf9
6359be68
55f17e97
ed6c3a63
b9961bb3
73d73109
3f7f4a73
fa6b6e54
8ef013a2
93b492b8
a95c89a9
0cf1b38b
38912a2e
d58eb447
9d383151
31b60117
56f070b9
ae126086
5103d051
d1ea11e9
603b3546
859e97d6
a95b41bc
116adbcb
4393218c
14f45df2
3b41a481
fca9a3b9
83d57789
0f814161
6fa6484f
2c93b1f3
b0ea2130
815faced
66539821
37729938
8b6f52b8
94fe4cc1
37fb8d02
3b59b09c
b64539d0
07050556
c906278d
37a460d3
cea0c325
5203a9ae
f4c547e8
68576e45
8673cc9e
631018b3
b4d2ceb2
7a6f18e1
d0b5c94b
c7189fcf
d86673af
ea529879
c7cb7a06
e8b531ac
77c16692
b7f0b597
ba7785c8
ab88cdd9
6796bc16
6d213934
26b8830b
7c090f4e
42b0ea9a
c7704e71
2728e06f
b8478476
e0c5b1fa
505a869e
c9ac86e1
30c099a6
91d03c01
6a6b8781
0a3b7806
83b35b5c
7728347d
98fa6a20
10c9fd5c
22378c88
b8e9a654
123c119a
0f8be98e
c4e86c58
39c23dcd
6d841b67
738e0270
97a78a5e
52335c70
d5f774aa
03c19120
66738cb8
e5d48edc
07fc53b9
ff30c2f2
aac803d7
70b87d47
783f1496
07181622
cff6e990
82b6a1fd
e3efbddb
c024207b
277f4b6e
72531373
bf74f003
6eb8c9a0
69133d54
8ec13e54
cc4e08fa
58554795
538bd3cf
cea9a70b
f8906e63
46ccba25
9a33391b
c456b0a3
100306cc
8676067f
40f25e73
46b59520
a5b3338f
959fadab
8fbbbc5b
18ca45c0
11fdb382
27e38d8e
274417e7
fca89e40
25a01295
04943267
21bd5713
5e66f827
b86ba1e6
a9d9112a
9ab1f230
37cb9552
786f3d72
b4dad330
0b580ac0
3b44c350
5958a629
aeb8c835
3beb1667
baf4ce0f
c6c5e7fb
f732b7fb
75300f9f
1f7b3a4c
58c84510
0d7b340e
7132cc53
327dc866
c3eb5b6f
0757b463
ba6d8295
31ba9940
127ba4af
793c470a
0b9baaa6
5e965316
45179fa6
968b3daa
c52512f8
e2254654
290c1903
40213417
138a3e02
9a6aa866
8d9998eb
cade82bb
71b88302
c00cf11e
60ab7625
0298c369
6712cc21
89c5bdc6
13e1b148
aec9c883
09e9ada4
b4bc3e90
5d68242a
20d8132b
bbf56299
2b32088d
c6fd4598
9a009a0f
c92fc202
b2fd0ce4
8da8b497
d40dfc90
455344eb
077b6f88
8a51fabd
b5511e6b
a1d310cf
9e3143b5
5c2ccb35
a2e906bb
be980539
a4e27eb8
bc0b06c1
9614d40a
727d6638
482c0605
915d991a
1af09c14
55c6c0b8
5224a06f
e65ec2b0
91a55a38
b8417242
0b481894
5762ac7e
f37505b0
d819c5ba
32251eb2
42ae30dc
d3a66ab8
9dea547a
92c6708b
65ec44d3
a5a78396
42b82605
029a3b96
5c96d24f
1c630a70
e61e6952
09aa03be
ee68177a
34ea2815
97d7e54e
5c7d466c
40406ca3
9c9c2ab7
99599184
618462d1
c4badf1a
2c2f64b6
9846134c
71960cb9
eb72129c
1905b5f2
311718cf
b31dc7ec
173b4262
69724f42
cb3d1c3d
e93f7854
b1889da6
158e87e8
c1403213
83e4808a
140cc283
f5d66bf3
5dd6dcbb
e4c76b1c
53794ea9
a2467e6e
2dc2b566
240c6932
8fd22dbc
f57af326
87f9b255
5fd1fa92
85bffbe8
ab2f1074
9afbc635
f864faac
736c4293
3f20c831
faa57c0e
a9ef656b
a3c5da09
7c209cd2
d7973555
b0e879c3
a118c5a4
74b67915
d43c40c0
c0f1b91c
e3cd15be
86ca98bf
c2ee0f1d
3c1b1890
0697c214
e49cbe2f
8256606d
34e68c3a
4c5d2592
35cf678b
24dd930c
83281cc7
0000002b
00000002
0000002a
00000002
00000026
00000002
000004a0
00000020
00000000
00000440
00000020
00000000
e6b5fb7d
48deb661
331a9d0d
328db0c4
d88202e9
a21ae5af
fbb4e170
607fc849
ae98220b
a129e712
f3d21639
b5b146b0
fb3bb349
37cc4743
051adec3
226bd31f
aac2cb04
4b30a588
19c21b58
a62bb5a6
7cdcaf4b
bfb8a8ea
b9a26ff9
8c483b17
259a40c8
5aa43037
6fb8f14e
102652e4
85b216c9
7b3910cf
f02cf84d
f1018d5b
875ae746
f45de733
689d3e39
8e658b9f
5126617f
a5f7baf0
8a356444
faafaca4
548f9192
c525e067
62a63a8b
8cf3c090
add062a7
cb8bd731
0c059bd7
545b0204
b46efb1c
334a6433
c9eb369c
bd733649
d2616246
2388fd16
93826b9a
19f07bb1
ce083f0e
c15d5112
81f98c75
9fb72eaa
d85c347e
92278d81
3715de03
a5c4c774
f05ca6e5
39531cbc
9f2a46a0
c5f65c28
933c7976
a445f5ae
54d3226a
aed53e7b
adc55cfb
a2af35f9
2d9ac4c7
92519adf
522b13b1
6476c87a
b5a474e5
047ba920
1fa3bf74
622f65d0
85a41d75
ab6b302d
7d389b18
ac217dd3
3689f35f
d78810af
d56337a0
1db49b66
75b60075
98001b59
77aa74cc
5ba5b3af
43a65331
0f341d71
b6938083
800eaaf9
b18a9122
9c476778
f4f36944
824cca09
b8564b2a
17934a00
4773d76a
99281a92
522e8333
a5cbc685
c78142bc
9c0656d9
06c92123
c9656498
5b491cfa
2939487d
435aa4de
316294a5
4b44327f
d126c826
43ad3338
28466b79
02404c55
e8efbb18
7f47f05d
cc560645
cc0786d4
5e192247
5d98d537
dac32d9b
34f58323
3497e7ce
44621dc0
759ad753
371aa961
729617bc
c429de8d
517d15e1
68c3b2d8
03574e9d
060aba0f
f7881e07
c0c13830
a6c3d785
801c0652
ac326546
a25ce824
152d1d83
8eb23d34
0112fc2c
a009c777
53012526
72011182
4cad74d9
71c5ee05
ca1cc718
e6654682
1465832f
901215e6
7461ba26
03b0f995
bb696320
33f98d40
6a77fa1b
f10312cb
68ad0d2c
4c80f7a7
1935ca14
096100e9
10873818
0526b2ef
40b13224
b5f7b76c
5b9e9408
d63a06c6
8aa0bd77
8a274106
485730aa
97751d36
d244c87f
56455c32
7c9c8770
9949acdc
3c1f3860
010b2b03
b96d98d4
da0339bc
2d40f1ad
0b311c4a
08ba30d5
bc15c803
43af4904
4b2234b4
8835fb3f
e8111936
d7dd868b
c9d1fb38
57cf5778
4955601c
b6404583
697dd580
840d5e44
c1e3803b
ce5df6bd
08ff17b0
b18c000c
fa6b96d7
840a0b71
cd929fc1
48161639
f66f8762
99442105
6d5fe425
e8300d7a
bc71ff67
30b122bc
f4132f49
c9e0821d
bf5136d0
b6c76796
a00804ac
982bdb1e
466e6b14
a1587796
d7590204
292bb10c
806cd31d
242283c7
58003724
b3396a4a
c42efcb2
b2d2ba96
b92bae64
071d31ab
2093bdca
ac0535a9
5a8e5611
7c1d5852
c869045a
e36a5480
32dab494
ab884b85
ea810312
74551fb7
06d7093d
7a225c5f
6ace0bda
1f222c0b
9a2e3479
81b7b744
104bae67
5c60f037
1b6474e6
b221a916
cd41e6c4
08277853
0a288914
6560cbe8
92de8990
2e7b2108
df936377
56efcf11
96f39e01
40b30787
bb14c687
41189d1f
91a65976
610805d3
89c29719
fc374495
f44fa2c8
18482d41
ad50e1bc
4559c9b4
ca98816b
c203a688
8aca5578
0d1c59b8
e57716a7
b6325a09
768ad26f
d39b07ac
3cfb2e24
3eb69c65
2d4fe1e9
63155d43
a11bf4c9
1f70d7b0
0b2aa7b2
1f65a670
05f8fada
f9d5ac79
ed3a32e5
0e9adb81
1ebeea9b
0a2c12c2
33c832b7
ab210e0d
c61e794c
02953e63
7d4b14c3
6f499a02
807c94b0
6b2e475a
aa12cbce
498af345
0000002c
00000002
0000002a
00000002
00000027
00000002
000004a0
00000020
00000000
00000440
00000020
00000000
ef2415ad
b47f6df1
643a2f6f
9ec7f2ca
d22840bb
2baacb44
fa0e60f9
f505a0f2
78e87904
cc8701ab
859c297c
bb229723
07be5ac3
82a78963
3f8cd245
775c2ae6
43382abb
71c61c1d
72adc0f3
94a194d8
0bc5cd63
66742151
5c8031aa
cdc8077d
3abf38f1
8024c812
498b1c1a
1e99a47d
23c1401a
38a6534d
0949fce4
5af9c433
6fcb23ba
ce9b887c
e5b2a7ba
2c846300
c5426926
4bb3a575
7fdad66b
dfc4392e
d769c747
53201d70
25c8a586
e1f605c0
18b218b6
7a06655c
55cd7669
78358d65
51466281
66b63fe7
046b0237
c5a1e78a
739e59c3
be9b394a
d69ae2ef
a8cfb1e5
ace6ca29
0895e0a8
4c0779c5
1f62a8a7
8ecde2c4
e4b07633
b7f53574
c031a33a
430a8412
8ee0ba9c
f880f450
90b95f81
72039c98
d6cea9f4
d365aefa
315c53cb
c78d4064
25fe21c0
5d49dbaa
a8c617bb
b28b5bc8
26c83483
2a763607
599532db
9d042b36
33a5e3bb
96b147bb
29d30acd
207de2a4
62c93d22
6cbc1225
2b891517
30913d03
166c6885
1631573f
59846033
b0a6a50c
c7091828
a1bc0f60
2d357107
f33e276e
c3f03c89
49126a93
44162592
1ab211d0
07780879
ab2f6517
449933a7
04d1aac6
83ba05ca
86900e21
a57802c8
ae8483d7
9a155ea8
214a5a91
e763c5be
838186e6
897a0963
96bb860b
baec8d58
8ae7e990
b8b265de
90e31abb
8d235504
c4497846
12aac9d2
71f4aea9
f78e927f
d67dc879
5f49cdaf
571b653e
83809d55
29722b85
d6a8c09a
648f2b37
8b3a1ab8
178eea01
147b2c25
4549bbc8
a91ec672
8c5d3c66
56e4105b
1b07042d
c4e882fa
ca044db5
c468f73d
89bdbf15
52682aac
4f6e8a2f
2cef4c63
aa52ed12
c9b056b4
d87e7119
cd95acc9
3a7f23ae
d82b1c15
89eaed2f
c61a507b
341c7a20
3ffa0581
201f98ac
91c2ba44
2042d2a6
b8ce5295
bbb5c81b
9fc66f87
5e1c1121
e0153c30
c083f26e
4b07631c
d64d0c97
22fbf74a
3a07b369
5b15853a
a26cd14d
5a708475
146a4ca8
a9f30b08
7e7afb57
3250635c
1337041a
03010203
bcb84874
19493c51
3e40b92c
0afcb015
a379dc2a
b7afa16d
d0cc2b80
ce02b6ca
3a6c7365
24dc1ab5
ca7c62c5
df83c07b
baee9804
c9915e41
6a6236e2
05178294
ccc86f65
9d6bd927
5423a963
94ecd850
b17f738d
dc0e6796
c1c3798d
192ac6dc
4c159a90
6d3a1b2d
8b7165d2
02024e18
1e177e0d
310b976a
8ce228d2
3c45b656
4d65a8c7
5abe883a
a3204504
354456b7
e0f476c0
5f92bc33
2d3f2b76
f69a16ea
33385d12
2e076831
a951114b
29655f9c
2c25a2b0
22e83626
85db0c6c
dc4fcb2c
4b23b975
c9b42991
4163605f
1a606e23
2e317092
04a30bfc
9332cd47
2fb5b178
a23c762c
75886ea4
c7661f51
3232c3fb
569f6987
26d1395e
1d2f514f
512697cc
2d0cd6be
74606a32
10b9b97a
3c710d02
9a7bb642
d6a68c62
2a30a6bc
e15f012a
80bb0b38
71e2cb79
b6a2d8fa
742f7095
a3380c33
ca968154
d8da9f18
ce56a0b0
8c3354c5
50006fe8
3de5c41e
9121c600
e2118bf8
2b748459
6d38f1e2
a7c24bf8
060a4745
a3c594df
c619bfe9
4fb0e331
e10c5680
53f05880
ce39b722
8767bcbd
01138ca6
29b7e54a
281da71b
ab6680e4
bafc8e72
0c728947
161bc658
4b4ad5c0
8f5530cb
f64f9104
19c03861
cf83e0b1
6b8db203
72e39e19
dde06059
59ec4852
a7b5c08a
e0573260
cc1abc3e
4a8bb914
0c1d4719
1e559328
16400ea0
ad2dc8af
baf170ef
e8f02e79
7320deb1
eb8182aa
e0918b45
f53b151b
0000002d
00000002
0000002a
00000002
00000028
00000002
000004a0
00000020
00000000
00000440
00000020
00000000
cb9ad91a
801e3deb
a2a4aa03
c7812898
43de2eb8
7a30f33e
cd3cd4ce
accb3fe2
a472a945
9c5d2c5a
369d2f47
3a9824c5
932e5602
92892440
94353f38
00b5b48d
00b117eb
8f179a96
fa32750d
8a0f3d87
217993bb
6ca340e8
00877b37
8afb6304
dda1eb1c
169bb770
b167c57e
57b1f177
11893299
b6379d22
1e74653c
15c79be8
a5b7b5c9
8934238a
889116f0
6e1c0d92
8e015223
39124329
6c74b236
ba3e6c0f
338965a3
3a966cc9
e31085e3
4ad76925
0560e027
44260115
e23f638a
6949607d
552a7c0f
f3456191
3efa771b
0a889472
39af9cd6
46f03e96
6e343277
fbbb171b
902b9e72
4c187162
8606d005
9026c377
6632c4ec
56e66767
1ba1122d
012b4b2f
c3b24215
5917d982
6e12c084
02804562
37b84ed0
b92643ff
922b017c
80d6921f
36771c8a
8ca02491
7cd88e07
fa1bb3d6
dcee04b3
cfcacb91
7f0092e8
a45aafba
12a310b6
3928159e
071440f5
60584c93
39900b76
59c350c0
7be9f212
f0a1f16d
f67c9440
cd80e562
ffa065a8
7227ba49
a9ea2bb3
b82aab5c
cbe599c4
5d74db60
d77c55f3
f15c121c
16996abd
0898f2a2
46261e8c
4d599ac0
f37900e8
c62a5c36
2b17aacc
861abc3c
c024cb35
b9e39c19
19ca07bb
06727601
359cf831
b69b645e
fbc5b202
87eae8c2
568b031b
1b228641
4736084c
233f5043
7ba2a3e6
562157ba
8e5086ea
6bde10b8
324a3b98
36462179
e3252d27
64948a18
b38670b2
abe21ef6
02ab06b4
93b4e2af
57334829
84bcaa14
9ec3c4d4
81ab8d9c
9fc02024
119b077f
c9051f28
6da94e06
7489c20e
302a36f6
5fd9f1c6
fd8e544a
8bf1b554
6f949c9e
01a3ac4d
06677bac
0133a10d
c4cf2174
7bdac315
cda3791e
aea5acca
f79da753
3e673738
f15e4327
c74ecff9
8a77a717
2c6e50bf
37b124a3
4546112b
c556ac61
640e031c
be58856c
3c684959
a93dc72a
88074709
621d9b13
378fc12a
1c981c4f
568217e8
8887ada4
627a9fbd
a50aa025
85b1aac2
5af43493
6ad006d4
3982b622
5b316e75
6425813c
9c5b7966
5205d272
4e036186
f4dc198a
5cc2853f
12cba96c
eaca5725
cb130726
144ab95f
c45ba663
0ada7c16
7f76c093
e562b028
2e067410
3c229a4a
a82aaa41
7bb422c7
9728f863
55ac8aa8
9106af04
43bd3525
141584a8
adb01c84
83943a27
f99e4c13
8452bfa1
c9162b92
6a59aca5
6849d3ce
14a5e5d6
15180535
564b8142
4315d955
019d3767
2ba86699
e1048c9d
e05b8494
81acd4a7
64446077
866a1bd1
bf666eaf
b8b730a5
e765a5d2
7b84b434
fb3d9245
bb3d2efc
aad47a5e
1817b30e
50c3cb2b
6775a407
3d55dcdc
204b3710
c7f4b187
d4612395
07e1487b
5fcc783c
e7af0a99
1ac81f21
306bb7b3
b4a64287
27ea9db0
9c007168
c7c989b9
24e56e0c
6b860473
f688bc59
acb1083c
433a7bba
6dc02af8
daafaa2c
802cfa18
7b903687
990c0881
41d099c6
e08c3685
82f53a17
65c9204f
6f409864
a2ab534b
1bda2967
2a80d6c7
008931b0
c762c211
667ab8d5
491e6684
69844e8c
6b6248ad
350f9beb
4740ac3f
8416caa3
15013195
3030a216
9e428a86
44da622a
b0a43e1e
1e3092ca
96901fe5
64363a4a
0f47a508
89f68b55
2673559e
3c49b6b6
e0597825
a451b981
986feb23
dc2f48b2
94acd31f
f1c41711
13848459
1b36abab
ec334650
30db1a22
578f7232
37c8a5cf
bd2cafba
b62889de
64cfbafa
ec920ce0
e6f8bd63
6117f4f6
7c075dce
e3fb3645
cb44b2f4
45a739dc
051f9493
73e12bb3
0000002e
00000002
0000002a
00000002
00000029
00000002
000004a0
00000020
00000000
00000440
00000020
00000000
fac79b26
671c69d3
996954c6
d58e6b1c
abb37dd9
37a42666
511ac4dd
762c1192
0c707986
f4254c62
cb837749
26874fcd
0026d5b8
52f85a51
11bcf088
1c6d9ba9
08db5649
9c7cd81a
a09e34c9
97692363
094bb50b
da2bd6bc
16602af1
2621348e
a97fba29
6cdea715
39c55563
360d1347
91202ee6
9dcc76b2
696ec705
38a06d86
a484a373
0fb157f8
75eabea6
85d16646
89355981
782fc637
08fbf0c0
29ae89d1
a9833be8
c9662c5a
8a003888
2714cc22
57f39d22
ba5c640c
ca2150b5
9fe54fb0
31acdc15
064a8c52
4276c053
58134c96
26b70c30
ab194269
8c633157
1619109b
6dd84710
d17825f9
f5afc79c
5f363e17
b118d71a
218e80b3
479c179c
b5b38392
6c722bc2
5a97921f
6d8572fa
91f0b0ec
17d99c43
421e5a01
4aaf9823
1b7c5569
245be9d3
25f8b114
4690f692
7b76dcfd
3a1d8e51
ba4b38cc
c2493723
ec2f2acc
c1b6888c
190fb942
b9777f63
37264150
23377680
48d8a1d2
7afbb943
739847b6
ebd3577b
5450616f
cd618bcb
a57c0d1b
bcf8e88b
8c2e1a32
9375a906
57fa35c5
489935c4
537a1ed5
5c6caf6b
9e302c15
c0947b6b
a2e6203c
b12881bc
641e8822
2849df32
e58cb577
668d5b3c
2528267e
fab26b5e
78fd3395
6763afcc
a41b0bde
a552af68
2bfb3a78
916b80f8
bc4e7ba9
0e02ab10
f7bc4855
aaa1464b
1e846504
a5a6c010
69d242db
0c96e6ab
6a869427
65a72e31
82101d74
3d705845
d2157496
473a4873
0e8c3268
c17e544b
1db81ea0
da9931e7
5566ce15
0f141a94
316d410f
53580558
5fd55426
a81dc2d5
8cd32c5a
15d1fa15
ecb7c93d
98218379
c246da60
a9306ac9
3aff1cc4
a78b7e09
d633ac98
4bb07f3c
72787182
9b736aeb
cc683e80
67d4516e
76a6caab
16573eda
9106004f
a6090982
f31a59e8
4992a77c
29a798fd
f5675875
406394c6
cc233b71
66597a71
ba102714
8bb047c7
9c619c6b
30824138
d22a2a0e
d8218e67
9d24c6a4
cd8487d5
c660c4e4
9710f0bc
252c1515
a4963675
be142f80
7142d135
78542009
2009a193
3c4b5160
23af4062
31db968f
f4a46c0f
fbc9afab
2f511c2a
093322ea
d4df2ac2
3e534f67
49bb3c63
589c7561
1f661e6d
ee3d1380
120a5301
a50bdf4f
a3235600
d54b9adc
8505727b
976842da
73398f49
5da5d98f
99bcf0f6
b75bc227
124b2841
9927128e
18822980
6762d0bc
1c2840ca
f359b283
69ea9a80
8d7696ff
8a08118c
946316c3
2f2841a3
655a5312
b3f4d009
62869bc3
a9440d23
9ffa45c4
bc2b2747
b99a2c6b
3ea3c933
d84533e6
fcf9c6f5
878c42b5
9dc88669
4a806c7b
acf98222
f7be8a18
d563bbdb
6e0a3bc9
c76df099
ac725a94
575a60cd
342056ff
ea7cb163
79a5fa59
f5b518a2
8499116a
71bcdd16
4ab1cb6d
460b9605
c2bb2e94
2e54b40f
01009f33
5471da36
de7c410f
15fe9435
6ab4b250
7c09d7fc
61f5cbe5
62580a4e
a8a98c52
62b92253
cf9a8142
0c5f8cb5
cb0e35bb
c9449a3b
4234d5fc
bb195519
79c64dc9
c3b8f6ea
73b15545
122c8c87
189810a0
10199884
27bc8b03
e95bb2be
bb51736b
262ac722
5fbd6ca4
1091589a
ba81eb91
65192b8c
005780a6
7a4aab99
3245c67b
c81e4bbc
99576e87
0b1b7a6c
e451cfb3
4f5a4da3
643f37bb
b2a86178
9a100215
9c5733d8
b404ce80
476cd0b2
7f9dc6eb
1e15b547
9deb459d
2ca08186
731d2b32
65578a6c
bb36a656
1ac679bf
b0b4e524
d1694040
eafedc8d
112558a5
152c3782
097653ac
19c17430
7e2e31a6
0000002f
00000002
0000002a
00000002
0000002a
00000002
000004a0
00000020
00000000
00000440
00000020
00000000
20683560
9c409028
ce2cbbb0
9e14eb3b
8be93946
bafa9c09
e99291ff
545d3178
69510b9d
d36ca884
7a32374a
6dbcf849
d082383b
53226d19
43dab166
618d85d7
04f79afc
1508c254
4a522017
263e7c43
3c75761c
faa22867
d10d6ab7
5b443078
048a6a69
8372235a
6626276f
c021a71d
d96a82c7
0749ae7f
449b6c2d
017e08b8
6474a141
bda74404
000ec750
3eea1bbb
e9c457df
dcd37574
16515abc
1c5caae9
f3547544
c6583819
e795abd6
b8ddcd3a
5429fc59
4477e2c8
fbbf91d1
a8d0ea7b
2c19d8c7
ecda8a46
5fc50992
472cd513
7621207a
be6823b0
a3677936
9100af23
7f744d23
6b85d78c
e64b3934
30c54a0e
1659ca6d
95790419
543755b5
105047a7
e939bcb4
30741571
360ec1d3
99f1a48a
4b32082f
0f941051
072a4d75
3394211f
e4a8b756
c92f5240
9be3504f
2f044131
56bc8cc4
aba68c45
b08edce4
1bae3238
96c73384
20377abd
d30c20c9
cd09750a
403cf048
40c98c1b
42e99020
28345489
54b8279c
73642b1b
570f83a5
012c5cdc
434cff7a
0c4b20b0
f7599345
bc278964
8f1d755f
f5bb9eea
9b9417a3
556c597d
456a3f48
86c93242
2880f9aa
a158a18c
987cf77d
9a1e0c30
c850c820
6e8104c0
dca5dc47
85097b49
330601c0
2f60455f
49b76981
1e323e70
f318c90a
fb8b7e16
3bd72338
f77e7747
aca95ad6
a3445b26
8830824a
87beba76
41abb136
1c1f875c
9bfc2a11
0bbb434f
854c9ace
351b211c
7b307bc2
277f6a6b
64d683bb
ce2cf640
a60cdaea
52ae804c
8361c974
b59cd4af
20be5757
6a189811
b1497404
b8bdb6a9
07e2aeae
62ac5818
13b13fec
63bc9e71
f65525dc
e2cbbe81
08660840
bc9af802
52e52806
60cbef31
9556852d
17440c06
ae21b985
6f14c4e7
550f5f02
2858bc76
8a0a2a35
e00ba278
28921b3a
7432c5f4
465d268c
be45359a
ea1ee7bf
da6ebf30
56ba0925
e254c7cc
39442bc8
8696ab07
33724ae9
31781bab
03815385
5ebf87c5
a7ff13a7
57ab129c
e590323c
c7e54668
8ae28996
15c10cef
637d7b67
4acb7a80
d25238fc
aab1219c
bc54659e
0cc9658f
423b1d7b
01d3bf8c
5b169685
98e70566
6e475332
63b712c4
86328ac8
550a8aa3
1fa834d6
b57c6d9a
4bbccf1e
d8ba6a1d
dc4e2b64
584025c1
478005fc
9b8f6464
aca9696d
cc5a510c
748a7d93
a066052d
c414fa64
023d54b1
0048ae7b
f8840665
7b088981
2f1b3e38
fcce9cb7
15ccc270
2e50f236
4f3f8342
209d1f57
bcbc3f37
4305e6dc
75de5c17
266756b1
8caa2959
675878c7
8fc5ebab
de13565b
fc1a0b70
c7c22484
2d243755
d8d5b372
a9426528
6957faec
bab454db
8990ddc4
1cbdb3d9
4b32570c
37a80184
3b111190
8b25914a
12c7445c
057c3776
49f310fb
47645001
c694372e
c327b3b4
6d62ad81
f73293bd
31e38636
5f08d674
51b101fb
e0f58183
1a5c4acd
b0c523f1
6212c609
7f492f01
ed3273b1
47cc70f3
ca08a335
b64e5bbe
25f38bd8
6901c8c8
278946bc
730e9165
71b45806
bb072309
26431508
8ed6354f
7627d216
ca77cd71
cb46cc95
ec0be32a
3a3a7147
cc45e845
d6637973
4038b652
bd4b88a1
f6c51a9e
7bea2336
6ad248b5
c2760c73
076dc355
278518cc
a90f86e6
e8022008
42953d98
7815c0d1
87a077c6
b16c8120
26bd962c
3a254ee2
4091d85d
81be0e5e
c86c35e2
d6afcd3a
0d7ec9b7
e9f29bd9
ff3bdc5a
9ee00597
3885ae19
85d4da8d
aaadc343
77d30ce6
1780c600
c2a4a954
898a121c
bac70771
986d3810
00000030
00000002
0000002a
00000002
0000002b
00000002
000004a0
00000020
00000000
00000440
00000020
00000000
0b5d1c95
1b96a1fa
76a03e3d
5787da8e
ec506ba6
6f8c4992
99ae80c6
6078b351
4592d902
211a716b
6348062b
9e292981
003fa8d3
62575e8d
ac150d7b
cf03768d
d6fe8208
33d6021b
ba7d867c
9799126a
89662f32
00208333
d29b3d66
81374bb6
fc057a8e
06e28943
4a40afb7
69b80845
948faa8c
b561425d
5a44c778
6a24b642
75eb2f9b
4f4c082d
f6122d04
6b0a36b3
fa4c113e
005f6362
5b176d26
cc771967
0ce72b17
cb52787c
2e368218
19f97d41
0ebae95a
ed2db620
d66e9e23
39334faa
d95ee8e6
75636da4
a6804d2b
fb0e0ca6
f54d9046
4081450a
189d4636
01daa5f2
0682a112
a24b32e3
a4d8063b
69f9ce07
8d8f46ed
4a4fbcea
5bf3da25
11b10307
932a53bb
5ffa0cb4
8ca537fe
e44e9411
54c50e10
83b2baba
23fc18f4
b264f760
1d1baca5
90a3aba6
1caa0f87
2449bb98
0c30c510
2ba99c7f
d18cfb0c
1b124a06
8f77a341
e017887f
b4c28e9b
6967d480
1e4e916c
2b3d01d5
3c98b753
d51eb5db
884c6875
c7877db3
03bfa22f
40acbd37
2c191060
3308ec33
16b64e8c
2d453a4a
49bfea24
276d6ee0
9f109c9d
ab8dcc39
02f77e45
4e4a4462
a4a3eb84
ea715240
3efa4391
6b57f968
d7f38981
87120d81
ff3e9aa2
0ba9900b
a7776f9f
6161d744
02f6b328
1cfacdb6
c98f83e3
0aec1aa0
a5a5a0c6
cb19fae6
b7688c89
ca8b4a95
234c878f
c9a8086c
6a518775
b5162ce8
932c1703
ab781b2c
107443ae
fc4e85f4
44ea9185
19b56510
76c718f8
5aa53bba
bb22a611
17865263
a438775e
5cb93a17
69348c60
5840bcc3
fc82c6ac
3a4a0796
3b9ae942
dec70438
e1dc43c0
9145e0ba
d2085734
60e01cca
00e66ca7
d80503a5
855562a2
917a305d
fa6cb4ee
f1671dd3
1c889798
d18114ef
bc82c442
4551f07c
9023a86e
3b02c73a
1f3b96b8
0a6f33be
b0323085
29a2c62e
199d6181
1ce4364a
0e5519ca
8753b8a9
d03d5f76
0585fbb5
333db6d3
028d5a25
b0761032
4c002657
c74d6027
7701993a
561f1060
0bf26ca5
b737538f
a5ae6180
2a1a7773
70d7df37
b10ff510
d6b35e1b
6c976199
3576474b
9b192de2
8723e884
33a052e0
6cd723d6
7f1cfe92
4dcaa64b
2afa9395
19db6562
952cf76f
2581c4a2
9a97b128
1c444634
0b202f3b
ac8a6ebe
6c1b4865
00bf5de4
813b190c
a8709c06
fafdb3f5
56567d61
e41552e3
86485a64
b832f4c8
f402438d
32f71d52
26fbb316
028ccb20
55b9c97a
050b010c
bd092a04
8bb72d49
1221e6b9
863fb79d
d3309ea5
cae63577
958c7054
d54b43b6
672cc9c6
3911390c
25647608
a5e56456
62b409da
e696c647
17f47143
13c398ce
45ea4de2
cf80692a
6b9a0265
d6864841
1dfc8c46
4a887074
9ca616c8
040c7707
9f6498d4
1262ba08
ba837f7d
0d9a86a0
68658b4c
ceab5040
926c62bb
69571787
9880a25d
c644f182
e799bbf1
76b3ab11
257a6247
17b64701
74c2ce7d
a38985be
6cb7bea0
0b3a790c
c1cce099
a8d9c4ea
4197105b
47a1c0ba
9cdcaf04
75691d8b
7eccac66
8b885b19
99d35257
d1549c2d
431e3356
2ac81665
d84084e6
e03f1b79
7308cfcf
8d7ea971
41704745
6bf3a133
e2c6e106
8a635a34
06cae713
98146aa3
47d94daa
4205cc4b
5474f4e1
06cf5ef1
1172fb3a
1c59a3c8
23b93059
49d9e1c7
8429b4ea
fa6faf5a
5cec510b
e9724bd8
a40cfa7d
af22b645
1f581235
40d49b70
dcae68a8
25cac06f
1bda3d8a
37fe758b
6d5547b4
b24cb812
4aa19d8f
444fdaad
dcb14e28
514e510b
285c130d
00000031
00000002
0000002a
00000002
0000002c
00000002
000004a0
00000020
00000000
00000440
00000020
00000000
258471c4
8aa259a1
a8bb3454
27a93100
a6ba6b66
4661edb0
4e8c824e
207eb1f1
0d6a8f2b
0f0e7060
c0656636
06221396
1c01c572
72e0a890
c5b8e21f
aa5d71a7
fbc80998
8519c80d
02ae5a95
89632f29
089c76c2
e98e5638
3cf5bda1
923926cb
c5af3b08
ca2a21fa
36d912b2
c71ebb22
64418c41
bd75c999
fbcb129a
8cfd07b1
20942f6d
943fc62b
73063383
25363248
e5aebb47
73c11080
18ac6180
6581067c
27ff03d0
0d888b43
4fb18c29
d19e7ff7
1a7a936b
73ceb9ca
cb1e9778
20549c00
8063d8fe
99d4adb3
601b0219
0090068e
464739a2
b4eb5506
3674d3e8
e3ea90d8
2df7684d
ca7b1aaf
3a7a5242
7c54c603
c67ca843
4c2973ba
52901f0b
7cc5e270
881f4aa1
ab60b831
b016f536
acd89664
196c4551
0e98c0f2
77ad6c22
85429c67
4622652d
18f17774
468aa35a
a4743a6e
676c3735
bc070620
31520b5b
2cf44eb6
1dc17681
4a4c6ac6
009c4e74
43d5cb25
1b532718
d1cdcc86
5ae5cec2
39219777
82df8478
a0f7a241
7bba44ce
74781246
9ee7a509
da9824ef
32b91a56
8887133e
e78d93c0
00952b98
5377c018
c8cf0ceb
9159ac94
8d73e216
311b24c6
a4416272
8049c81b
0013837c
77ac4a9d
a7327a8d
c80c333e
2c6917c1
0fc3580d
153e9bec
d5d59ea5
a52cba0d
479ccb97
5b373ef8
7aac9276
cf1fcc81
55a5306a
91823b75
407cf819
eaa484d1
56264a5d
e581b150
2b799b08
5b971684
6324b9ac
a315ad8c
4f2ba358
620bd580
f94852ab
04c96e4a
687a3c1e
e0793a60
c175fd55
2162041f
859ca0bc
9d4caf55
371188d3
b54603f5
a70ba0ac
be61e7ac
c271a689
282bc281
bf10fa37
5bb5b8e5
a095a953
691dd3b6
81720592
5b92c31c
5d3feb54
9648a94a
a1bc55bd
363786c1
01d68ce9
c6e718af
247463f1
54420127
2c624f33
4490a176
0c58747c
94a3a57f
551ec545
4a39a984
377ca99f
df4522e7
ea5357a1
72b5c83e
729f92e0
22d5365b
6b26c93e
fd919748
6b0523b2
491704ab
2e7bda2c
309f8c76
8686e87a
1499322f
b23b25bb
4dabe537
d18852c7
183e2121
7ff7f69a
9bc47bf1
c1c65466
856cb752
49c567d5
840a6633
93b9c1a4
4552b5d7
342bb570
41f892c1
d4a298da
831dcb33
79665728
c208ca50
8116c258
6fe4fe33
aec4344b
537a8c44
c1fce91c
c888c10a
86b25071
00623693
f4244c38
36df18f2
44c9750c
5e028b1d
4bb918d8
3669f67d
683b0b63
58f69896
3ce8c575
e1692bd8
a01f9e53
ce267f46
c997e957
ab0aa982
36387951
20098238
d717544a
58d53195
4239c019
725453f0
9b6c9b33
36a42881
64816c14
54ca1dbc
ce1ae855
5344bb82
658b56a7
c0bfc443
245c0bf1
a90a2c3c
a2132419
bb21cd2a
76c49736
850f7ab0
a8584b75
c9a4a18b
63041b3d
42ea58e4
0f0b3c9a
92be487b
7c05d002
1f33bf71
91682494
e5d2c175
b33bdd88
e41a17f3
87a40674
806c30c5
dd5045d3
c7dc96a4
33c29ab9
54183277
9bcc5554
ac168766
27ac050a
38951e30
0b4707ce
903c8a94
0acdacdc
95ba566d
50a73aae
9cb400b3
122ad2b0
1fb0c657
06fcc22b
1424a71d
17c5b4ad
2261acc0
5d5051b2
6469f681
c3038782
56dbf81f
896a242d
42e8c8c0
2ed50b2e
4618fb29
53264729
ce66ef05
cd60b869
3c8d2c92
1d5a9e2d
6b62dcae
76f7ba7a
2e7ab3a1
8ba418a3
efb34e2f
39c61852
4caee3f3
250299ce
844dae2c
34ef7d63
03e4574a
dad1bfb1
4309477f
5331eea5
22f146fc
879905eb
807fb525
4d3448fa
4187907b
00000032
00000002
0000002a
00000002
0000002d
00000002
000004a0
00000020
00000000
00000440
00000020
00000000
897b4110
78519257
9b250873
c5960507
f0c55920
29512f7c
097c4c87
f7d430d0
39757aae
47089ab7
b54268c3
3954e27e
ec4d35d8
8ca39ffc
49b96a43
c492658d
05ba7b08
70e24bca
a21007b9
5692c8e5
017ac5b3
e12a03c6
a161a81b
a60173b7
8fc39561
f331754b
c11a5101
d77a04dc
d5ff9a77
567a9225
4835b19d
8b6c51a6
05742904
b80e92fb
613966c4
3936e67c
d3c56aae
728459c4
b4638ec6
bb6a497f
519dbdf2
c4f97ec0
089da675
e501cfe0
b2105dcd
4629f8d6
d5c4173b
bdea883c
b506c721
244f0757
62daa951
7d4bf97a
eb2582ec
160cbe47
b5a546c1
dc312826
9c70eebb
f78db1f9
ab5f1fab
c7cc3e5d
2903f288
48021262
23b64c1b
db06d651
330e9096
c5833e7b
3b4506c7
75f034cc
157bb6ca
722564cc
944668d9
b87c1504
b0925893
e1798302
7d9a8d80
037bcb0f
775d6018
287a8742
69332557
e2b78064
ae4708b2
e87e2780
0b5470bc
28c7ccc4
e732a5df
e961579b
8a61c4ca
dd5c63f6
1cec4b80
495ce523
9868b634
b525c6a2
8d6c724d
b81d4ce2
7bd36147
9c664f80
4fc67c74
f19789d1
cb38d21d
010831ad
57bb7a06
69d4e762
b69fe2b2
acde233b
5420e655
b17ad03b
54fc1580
73f7a660
638e043e
82002e5b
01d8e7cc
51ae377d
f0a5185b
29ecb423
0747b322
375d8636
1ae8079f
5e592693
06c43ac1
48394692
98c8f73a
730a5231
bab3ed70
011cdbef
73af36f0
12287540
0c684060
6aa3b1e1
c363ae0f
292e150e
7cc7b83c
5f0aec0c
deb0086a
15d80f15
8b925ac5
9fb9b68a
72e6312b
2c403181
9737e20b
9a9389b7
0fd85447
47938ada
b7af8910
9162691a
3194eb1c
ab3984d1
c8406bc0
135f9a54
572db4d1
2b47f267
5fc1324d
94e650d8
32c16237
14c6a155
e9292a7b
4084e955
e94e364c
dc8f3db6
0c2b0a04
ee8a5c8d
b464a69c
35d27050
fe02e870
b7b76190
cacc1b6e
4668995d
39b5c280
56acaf60
f8b3368e
f81cace5
ab5b7c05
640641c9
ac806f2b
08c76a67
78c5742e
bc7c79ec
052c9c09
32bea94c
995a9c00
25399f9d
db5730a3
72963c68
6dacb125
013b9862
e443cdb0
37264d7b
5597473a
42f30f8a
21d979aa
6741cc85
05d74ab6
6fd6784a
ad2631ca
96361645
0ff4aa09
8b75f6b7
e0cca8cb
63c26993
fa2c91bc
30062444
46c53308
7511c1dc
53bab149
8339ff53
ac3e4c8b
8a2e7349
5d739523
ad009630
a1f3cbc7
4c4584c6
605da034
181e068b
1599756e
cd94179d
52bea421
48436679
6b603ae6
0b2d0526
1855a988
7632ec6f
971b4a0a
6d55d021
558683f9
22bb6096
11741e55
f8a8238d
b34b8763
b2b97d2e
0325b49b
ca034ff0
7396a05d
b48b0aac
67342ba3
6e1adf64
1037a448
1282215b
1d87dc5e
4e3ab2f0
8beba4c9
70c00874
518013e0
7950b7b2
bb4396a8
c95ccb00
a70c1c16
19d8e57b
e3a6fa5b
e0a26fa3
55079140
9377ca4c
628610ab
c8a5e203
ab99a49d
36375cb8
aee6f730
d65b51c0
90cc6b32
5ae1c207
0d4ca480
98fa19d7
670af63f
5d7b6448
15114ee1
1d54ea4a
7d57629a
304936b5
34e56a9a
e904628b
33b59fb7
6c13dc3c
0d8379f0
06bd0542
3928c152
cc21a1ef
8a01c285
62f0ac61
1b7bb106
13115245
8911af32
6c25b90b
f44b605c
beacefa5
70406404
31046122
693b6363
93af98eb
35b416c2
4c82f381
f1893e6b
eac798f5
fd9661c3
69ec531d
c9a9eeed
3e066f9a
67e98d46
3b96ef19
c103d7e7
5fbba9a9
5cba625a
5d597df0
7b7486d7
748da3d4
a1f17e81
826b9f78
00000033
00000002
0000002a
00000002
0000002e
00000002
000004a0
00000020
00000000
00000440
00000020
00000000
fe04aa16
e91b9459
6004094a
93b0caf3
c1d078d0
ae201c09
bb302c97
2239544c
ce4037b3
4b933ca8
6b480203
6fa6a432
03bee903
b2f6be55
2317175e
8a88e339
2ce49d83
c8019c2a
24b5e16e
d8e97fa1
9d8ac447
c642abc3
5911c13b
b4921b6b
a05cf42b
b1e83ddc
b81cef21
901bace7
912c0a43
56127410
ee2a0b41
163aa3a3
5116baac
76734580
f7097586
130a287b
868505a1
b3ee8bf0
678b5aa5
7dc1ac52
025c3157
632c528f
3c40ca5b
79a91e90
909be581
8bbfe52e
1647a8db
7e274e0d
5a32881e
21265afc
a3664925
78191b94
ebf05e99
4448b605
df49db63
17461bdc
16417c24
eebe03f1
c37e0061
2be39c50
3a6ff646
857c25a2
cc34ef64
8145a58e
cac67272
c6539d68
a20fd704
39426494
7383080c
4cbe5295
d10c2519
c245e8ab
6a336b70
b4e64fd6
86188c7c
696d72f7
95bb1afb
43e0bd97
289b87ee
3aeb1675
affc6a00
db088199
0a2e20f9
5ed3ce6b
96bfbac2
ba831376
c4b37a75
e98486f6
d4b51215
69213f5a
cd26067c
e1a46cd6
70835f8b
3879890c
c05ab655
97214cbc
c31ad386
e83a30d1
3e636f48
59a00c18
d1bb7c03
0c5bfb46
7b0a960c
33c93bd8
842b5dae
db49e206
72c20db9
c0f767a4
e95ac6e3
ba8fc83a
77e14fce
e45130c9
32791d28
0f94e75d
71b412a6
f66aa5c7
60b4a75f
ddce3cd6
4ba722b4
6e14275d
47646603
3ba70388
ad58490c
34bc1618
b60ec0b1
c336984c
b5ba7adf
5bb0c9d5
5d6be2ad
a826e665
014a5d33
b4589c78
08315b5d
1633578b
55c8cf62
3627456f
14238ec4
49e9ff2c
2d73aa1e
02e4493c
59599e1f
3b323a6c
33bd0b58
0aebf391
fd30d76b
1075cf6b
ad5cdb21
927f29f5
d63b6491
90854c49
d416f8c5
6186c8b0
0b43be08
9c983558
354b9694
46c27a20
b52813d8
1073bf15
bd841c0f
3207d4c1
9bc01577
0143b45f
666084be
359d449b
83c38368
ef46c855
1706c523
ad2a5349
b6a17c75
f0892f30
698ac7a2
3a1e5640
995c3380
c0170e8f
0e13e8c7
e250aa02
2c287043
574ceb81
06098038
3808fa82
f615e163
86e9b516
c649ef77
09c42b7b
05467689
8b0bdc7d
206ff561
34c61ee1
8e926d2b
81cb0cb5
654b0eea
6bf79a96
fd16fbfa
54ff5e67
8d22b09a
72b7e52c
05037c62
7b22b58f
2fc22977
815b2ef5
934b6b2c
e55e729f
e6a6cf08
4805e937
c17f56d4
891e8029
8307937b
9a6d41e5
74e39f95
b55139a0
a1a39427
60608a8b
3fc7459c
a527160d
a2bd5148
1645438b
6a5a88e6
d318ad27
2d03adbb
0802bc9a
758f64e2
2730002e
06720c5f
24e840f7
07a7a2cb
4f33e138
437fc3b5
78869d35
53a152e7
f678baf5
4087ea11
ddac2577
673e4f52
88d76515
74664575
18a7ab32
7c028c61
2b7ea818
a09d5adb
c7b29339
431b3c3f
284a6a02
48383315
b70ea701
674dbab6
078b892f
a2730c74
89d87190
ce833795
6b32e9cb
51f18419
7e04eaab
aab1d0e3
46298fa5
aa070c93
1e8623f4
466ca938
3695ce86
ee64c002
587d9e42
7c98e68d
edad3bde
2c481e58
1de6fd32
9160b007
9b55326a
2a25b61f
353a89cb
6461b53a
2955959d
56bd5099
57d593c2
cf46fe4e
f7c8a52f
988593ab
57d75601
40aea9d7
c72e94f6
56457d3b
7b80cabd
18b03362
5404566b
14a93b7d
523e01e6
b2a2002a
3ab02c3a
92550f98
77d5f937
7f2ec1f8
72ce90e4
dc9384a4
7af419b4
f275e7a6
da501abe
e6331d43
9dfc1492
28dbb6fd
a3a66841
4cd4c87e
132795ae
c0324619
d72a1c05
2d04edbe
1fdd03ca
00000034
00000002
0000002a
00000002
0000002f
00000002
000004a0
00000020
00000000
00000440
00000020
00000000
54b14845
bb8c2da2
49cc0d76
bdaf3c4c
55650128
98ea763e
0f7fbb74
470dc4b5
87ca0564
972eb969
839b5264
4360e0ae
e3819683
d0d10338
af24387c
32b38bd3
7bcb6289
1334922c
5c12858c
465834a7
7012ca84
1f5886aa
277578b7
756a9559
e54d8222
5079c965
a4f958c1
4e905bf5
059058d5
b7b2d25b
88492293
26a9b8b1
50ab3a37
6d7af2ec
80b06300
9512784f
9f618c1f
fafe6cd8
30e5ef53
629087f8
d0509894
975bfa08
b6cff421
a262ab0c
cf42d846
27b8b354
bba36a34
8812b71d
498da25a
06759b78
504a6316
c99cc3fa
67302560
c750fd70
005b2bad
81cb4e57
25e8e1ba
3b0d485c
0351b540
c7287293
7308dcba
40608c98
8a8923ac
e942c339
c76e327a
3eb36267
f5be28d8
e0ddb3b5
ae91d53a
da6ca163
bb7656aa
757678c4
9d60057a
d5cf4eeb
cc13552a
0b6aa557
d251409c
85b0944a
353643f4
bc2c780a
6b741593
be34a1b0
56b794a8
3f38adac
2287c949
d7033160
91c3927c
630f488b
94d8c2a6
15caa9ca
decfc951
e93faee5
b6ab7e05
db52a38a
d5bf8b40
46b95b1a
481190b3
78651c18
7240a137
5da733c4
dc22cf26
7e794158
84050ad0
d1889700
c2c65441
83c2d234
da06bfd1
56fce133
0389b5d8
19853468
a94732a3
03178205
f5d97a63
53e7f0a8
31379acc
8cfecf06
a143545f
a191e6fd
1a53b720
0c384f60
e68eb559
779aa80c
c6067631
e20222d9
74268199
8f69b5b4
d2179962
e79150b6
31180420
ba9f27d6
42396306
09b112ba
112402de
2208a09b
34bc2560
673ed097
921250db
8ab40403
9f7e65c9
c1a79005
9431456f
3f4f7aa0
858fcb86
cd961e56
ada9f8e1
ccc9b23c
263c162f
a595f72c
8c18a3ba
bd1b8801
4a72a202
f21f4666
cde13d2f
e42cb2fb
d77c9460
6bb2e5a3
595c8727
dbd7beb6
4cb4602c
5c7e194a
12d32b48
2d176e7d
ce34f7eb
39cf5bd2
ab074e21
176b6c46
4b9a85f3
00b9afa1
9982e534
4c106ff5
24289466
5f401524
b2ed3d5b
5f3bd33a
1992958c
431f4070
b9e23256
3ac227a3
2542acf7
c4021377
edc5eb3b
39897c06
9690d63c
5f71c218
f5525755
76b446c7
0aac90e7
e5fa1812
cfab9596
390cd171
dc4a8179
4fd7eba3
b8cf915d
a7b01776
1464741e
bf3d48c4
86151279
ac8b762e
3d8f365c
e7203b67
5ad31c79
2254d7b8
525e7742
9112da61
039ebcad
198e5fe7
aae25c0b
e799551a
c9883714
200c9dc0
c3ad19ff
38bf1af8
9f2700bf
fe86239b
136c8263
abe26117
1964a94c
336bcf27
3524a66c
9db3f28a
79912021
c576872a
9aae902b
105830e5
7fe74967
5b1d0230
fca480ca
5837de3e
b40b2644
f2f40664
3be22c32
97516bb8
48a2489a
69562e70
357a3678
fc0e68d0
b215d32f
87ae6a69
0447c13b
c7c22766
d495f01a
e5f41cc4
c05a4da3
2088d01c
cbb1ba22
bd45f149
8ecf651e
15878a54
9304c5a5
68714b23
41274669
abc74c94
35c03554
53bd6d25
c6f5f442
512a5540
3ba542c8
0d240ecd
403e86f9
092953b4
ab180b5d
bf1d91df
924706d5
89599f8d
44200340
8618967c
3a9b27be
e8689be9
29dbae28
71335546
1085da64
48230892
0004de93
ae956779
e9d50806
ca308c6d
4c48792a
3a390795
4711cca0
60b29554
8c789c79
261abe1e
f3ba17d5
e4c15011
c3c5e80b
6d25d3e4
34ec5451
66e9edb2
2539d3e7
9fe1639e
96137e71
46dbbf08
25627644
d197b986
451af3ec
3c350a26
9243bd75
bab39b19
c90f4ff0
68223ae5
4c41d44f
f2d0a1e3
4f437ec9
162182cf
00000035
00000002
0000002a
00000002
00000030
00000002
000004a0
00000020
00000000
00000440
00000020
00000000
b14588b6
86671fd2
ac14c973
f13d2897
b26dbefa
2a304577
ff9278a5
22043fc6
bef3261d
b75732d1
76d18655
3f2a685e
163407d6
624191f7
46c9594c
fb4cf399
79cc70b1
cab6e77a
213854cb
666c750b
4994ad2b
05687a8b
b4e5af2b
b893081f
205bc22e
c729355b
0393e1bd
23ce1bbf
0938908c
6777e25f
d70903d7
a9747055
7495633d
e01fe27c
d87d5358
46d3c944
40607474
b41fc178
aa184d8e
a23c59b9
27ab6a5a
0fab86b6
d969b9fa
a71403f6
58b85b0b
8b2ac019
f8376ceb
60499cbc
800196ee
057578ac
6c4ba138
9f4aa3ee
a4516e76
32b3446f
3f43e322
a7cd880c
2640ad8d
0311f6eb
76c36620
3c2542c2
0f084981
44d3bae8
75c0cfb3
735916da
4a1e3617
6042394b
80805860
1292330c
3f44487c
e24ccc09
e7283335
ab50ec9f
909f6152
28951958
9b895141
7175db57
39647d95
ccd561b1
eb24f3c6
07c9a260
8a774f5d
971bc031
8cbc10c1
7649462c
79a2d2d8
d796311b
48876e7e
068751f7
247e3d45
c354a89d
462396ba
a6a47364
c591e9b4
3c770b72
e8886123
6131df34
11084827
3847b3e5
18515ecb
6f6c5232
f181b7c8
9b225948
93acc473
4767a854
40465289
e762c313
a2d9ab14
9df24dc6
54723245
d83e9ee7
51a8e138
533b43cc
83008b5a
6f663da1
7b6da3d8
748918db
ced12980
bac0b74d
c8161500
0bcac9b7
464a9c3a
78872d4b
58bba973
d22dd224
21db975a
18157c74
900fc173
46287996
3127b9cf
aa3eb115
a22da005
95dc1356
9bbc53ca
4bd2cbab
6d8b6d3c
d4752889
85c96db3
40e6ab62
2751eb61
316e9f5c
aa3594c4
5a616a70
5c3d55e5
342c333f
fd227870
da8e0371
3b0c677d
258b9304
c440777a
03085079
13a1d6ae
619f5f7c
19f6f572
0ca213ca
faf884a3
21e0f3af
8f2b58cd
0c2d24b4
62522451
96134a43
90336dbb
458a6298
da6c3c80
f2e50fe4
0e05ca27
10624784
f3301171
5c34be8e
7a166a33
96b7adf3
5fc2013c
2cadf8f8
a7060445
6f6c1915
8d42f8f3
cc5b8e88
c603cb08
097bb005
d0107f5c
7d1c237e
cab5747d
30c43e47
7cfcf9a6
eb2c3433
7925cfb1
4947049a
292ebb07
31433f50
ad34dba3
d11705c6
ea1b0c79
278af062
1fcd35e4
499e5105
9e6a2235
83a4072f
fa443bfb
82e2412d
c5cf2b9c
c1ac4b8b
5b2c0187
ac4a4480
12a60726
190bee91
8452db19
bb09758c
2baa42c2
34b93c5b
2bc41089
09439032
33474a4b
15033dbb
1754d337
9056a599
ac2c80fc
3d57b3c4
3517f636
80d6ac00
8856f9c7
d7a1b608
71938662
61973842
5dbc33ba
dca76b0c
c7250c45
be71408a
78452383
312be694
4b06a31b
ac173e7c
96db3abc
a81b9a34
e482c9ea
3dc0c38d
7622bb0a
c53a4c8b
46b33a5b
e06d733b
7b0d96b6
61da7a3b
f9af744c
ca0e44e1
886aca43
584fcabb
dc832667
6706be63
6ec5243b
39dc1280
87f7f2c4
b687b07f
d1090030
0870b5b0
30bf4239
e174ce9b
9bab7b5a
942642cf
d0cf1615
31d2943b
2b5d5053
f862cda4
c5519720
b0c421b3
d35b13e4
5848db9b
c418f9ac
c7ff059c
0634d2c6
23254432
ca9a1233
669bc274
18608774
a4ae0468
3803d4ac
fd3b4360
91ad92ac
0eb79c2f
cfa25343
c4896690
0ea00865
da049658
e2e814b5
0105be83
94058102
f6fea1b1
27b1a0ba
c235c92b
ecffad55
c0d3c337
a28f5513
528b6505
73302cb4
346b27ac
9614ff1d
6c989cd2
ffb2c1b0
2eef6c5d
45d92e9e
4b4cd731
28f0bdc6
df6d836b
46c157df
34dc084b
8b56664b
ead52d51
00000036
00000002
0000002a
00000002
00000031
00000002
000004a0
00000020
00000000
00000440
00000020
00000000
5a992b69
b3c962d1
10c597bc
29864058
998b7db5
46850307
b8085102
e6a47974
1471d678
901e5235
d78d46a6
175af61e
71191519
633e8c57
1091dbaa
bf01091b
b6b92878
57413f89
8f3df3eb
88dd8123
2075f98a
7b98778b
c03e1894
8cf34582
ce7d489e
2c710022
c8f09844
6c25d1a2
d6ea2d93
3ec98eb2
34c9c7ae
b9b194da
33938a4b
7b5ad6ac
db7723d0
47f30128
c741b72a
599d2e6a
513b0531
0d35316b
93bca753
73573b98
a16d3a43
552e01e5
1592f3bc
fbb425ce
d1c5222b
3b61fc1b
b268f29f
43d436e9
47988f77
5bae3907
e81a485a
ae525917
9856531e
c689aafa
a0d8e418
c571d96a
25bd0cb0
be48af6d
e93fc267
81a89310
83b9eb5b
97ce38f3
81ccb138
87eb7064
dd3c73aa
536ec2fc
44010732
9048c5fd
fa778506
18cb5b08
fd95872d
63185387
886ace7f
a65a8a6e
ca3d7013
9a653c00
76c61006
2730cd1c
af91ac48
229b750f
26a1441b
13d6acc2
3502a83a
5ced4735
b9d56d0a
d21afaea
ecfd5a88
3067cab8
ca3ad773
f86dbe99
2be52a1f
48c9878e
b1b89618
11c80523
a64d78bf
10c66f02
5d7ad8ab
1690078e
119e178b
bddc1cc1
c6c632c3
f3690e4b
a8c6c66a
cb492bb9
792834cc
1365c9bb
ea791406
a3659a86
3a50af98
880c2883
e5241308
593c511a
b54cc942
539996ab
98f65091
e8367161
522f9222
ace01a9c
9f861a98
a8c0908c
64b9e512
66a2d66d
b6603aa4
9481627d
b0c0ebdc
2398be03
92f8f1a8
ba539689
5b52365c
0be79d38
3c6805d3
383e06e9
a019d5b0
5c6ed49f
198f2929
9278b1ca
15c794f7
601c4cc4
c7aa7f55
c496c5b7
434023b0
5e47d239
4dcd8978
a9dd3893
75aba9bc
4fa6f09e
0900bd99
af6344b1
547a9ba4
969165f5
2e50e58e
fca80b4e
d8384743
37db359f
2d326beb
08209316
3dc67fae
5fce45ff
e9fc3b0b
1daca163
8518d12f
51e5845c
b2b12c7a
da68aa78
867f7751
20a1f270
a2bb2563
0b876771
9843e473
a16d92a3
e2496907
06aae136
b36ac758
c0e05b3a
a0a0ba2a
e6553abd
37645ca3
c267776f
dba23773
c1b51a99
c496b70f
1aa2ac60
b3766ac8
33285e5a
5032b756
f4558c2a
cec61254
aabb5416
eb4504dc
77d0cdc4
fea529a9
77accde7
3fd6922d
c64f3275
814c7387
96db3ec7
a95fa57d
17a323e9
5999817a
ae66b0f4
332147e5
6ff63dba
26bdf2c8
931c7b44
4bc9b904
6a8b928d
fb7d6bab
c734d3bd
fa551a3f
f19a6032
c465d530
9fcb536f
1c0f72d5
1ca20909
27558bfb
b96d18e5
2c30fda3
2ec4a373
8aa50813
79e678c0
ca160036
53a8c0c0
a9bc3ea0
a913a56a
763d3b14
5481f765
8594406a
b3b66b04
89aa369b
88492c9e
a2e8aac7
78486673
cebcba00
370dc7f1
8b90f6ab
6f83a690
b43a20c4
400ccb2c
b9a6ccda
ec8a7e19
b48bdea1
cb213af5
59822a4a
bdfad08b
fa8ca297
3b866928
a001415f
0a265792
010e23cb
0c961c99
1504c8a2
03f506e8
9eb002a6
0c73a644
245e3360
396ccc09
e28e528e
eb0e3486
13a1a622
a7014a6c
01410712
bd5b2009
9f485290
53c91b83
7ccc693b
188e86b2
bc8cb32a
ac77ca53
d9750ae4
641a000b
13a47949
ce072240
5534b9db
0ba93dcb
11937b95
f4acafb4
6d30237c
514aaabd
95298107
2fa41480
1115e3d0
77b25ba7
c1450642
ad7ef6ba
b13d6db5
a881b63b
7b3849ab
9199b548
2c747387
074d88de
738677f4
e293eb72
6cc14e64
1f6df01e
820252c4
e6f536ed
bc23af50
b590c34b
8c489aa2
2ecdea1b
71fc6b91
8fcda9c7
00000037
00000002
0000002a
00000002
00000032
00000002
000004a0
00000020
00000000
00000440
00000020
00000000
7818796c
5a1c9195
87e6dca1
a77b87e5
7cfac3ea
7524da60
d7a349b6
543009b0
252bf2ba
4c89a1eb
4bb14465
0c051b4e
463c28b7
3a79749a
7aa9056f
fe383b71
dafe70ec
b28a4350
1c9c357b
70f3c0c0
b115d464
ac7ba22f
e582cf98
8962551d
6ea84b96
8c119f33
c3971d74
273da190
4c9da766
01d4b4b2
230d0c83
c4968557
60ca3393
850fbaeb
dc383bd3
9af09501
dcca1507
62b66110
16bab7a5
4a2946d4
a7b9ab71
2ad55609
330339f2
f64513a5
70336b09
6cae125f
f9ffca8b
213a2e34
3fba98f6
55b17473
61ace442
f894f418
dcbdc360
93b208ac
9823a57d
abb139a1
c2c9e8bf
049a03a1
302195bb
9a0087bb
e788d7dc
672378b9
4d10b502
046dfbf6
0a834923
72c55655
a4aeb352
8503334b
6dfc3f82
14c476ad
ec996cb1
4d290254
be71aa4c
00393106
3f510074
978db445
d51e94eb
a6b6d126
bf35e05e
db6a0611
a768179a
71ccc4a4
617a5d00
0ec1cb97
9a81c52b
870fa413
2f54a462
3533f3f7
6aaebb42
ca7369b1
bc45377d
96874055
5227b5bd
7fb9f503
61ee1002
cb99526a
6746f993
7af450f2
b7f23c06
a7a03959
5a4e0505
1e619741
8f32b6f5
43891b4c
7f945b11
6270503e
353c2e8b
73628e87
766e2b22
13ef4abc
71e9e394
eaaf6184
17385902
04004b93
f1974255
12188b2c
33e9d17e
7d71b9c2
4733aa56
31e270ba
b2a55011
bc8aa04b
9bfb11ce
209f1550
9bbf1503
b59ac298
42b2d8a0
8a504bb4
2a97c51a
30ba960e
78564ceb
74339439
ac8931aa
0ca36693
b8ba0a7a
70801740
7a5b12b0
0b50b4a4
7517c431
484332ec
a8fcba5b
7c2fcca4
e4da247a
add3f468
80547101
33beab4a
4692a03f
9d25faa2
a12a2d59
5351c927
e41e4740
9c350e37
05e381aa
f30df098
9324a093
ce852664
0f29ec9c
e30bbd31
ab950790
5938c533
22b14860
21360d70
8b193ac6
87a01e49
13b60661
0f63546a
75c343e7
a9678120
3914ecf9
e157c4a4
3044de3f
4b8bf740
c8812e84
bd78a671
6f07d1de
1a094b5c
66067f4d
1730ccfd
c9d1362b
a777c37d
0387d787
b8ce5578
ae912011
af78a98f
6086a980
71828c69
2a6e8221
10934313
1239b98c
e585c438
fc73078a
3601c584
9b0fa161
32825fa1
415c5e61
40a2e7e9
4aeebf50
428aa05c
882baa54
949c7fc7
02d3863c
62b788e8
ca92c417
bfb1bd62
f13224ee
2c281f1b
6f454e17
d0209532
d51a6d6c
9e033faf
1d06fb11
d9113c8b
6875a20f
a4b8cc05
a4fd0a99
0603503f
965a073d
0c7b5067
b003fa74
cb924872
e95ea167
0cebab4e
0e81d9f7
fc351361
305a1e43
25287845
6273ad07
b2a34f02
2699b87e
86f294b3
1df5b695
2c049340
4368caa8
24e48f24
17289cb8
c5a94671
abecb6b2
de8d22f5
b993c266
3590d577
3e6cf42a
e6353740
5e75d264
1715db3d
38289bb0
cf609ba2
a6601636
7abb4e51
5e949608
2d5cb9a2
05148457
b6a26a61
130e76e7
26047e14
7c9434ad
aaac8977
17b253bb
5aa17baa
b99383ed
985b9be9
73244d27
cbaa7594
2c6bc870
70e2991e
d41893ee
9c2d1bb5
c3bc86be
355ec3cc
e8e3b306
00c77916
e8bd75e9
7c3841f4
b458d1c8
79ba0172
50dbc542
a3904cc0
044820b3
b24d5a50
cb77b315
f078e837
3330518c
c9378965
a546f58b
2b81186b
69174523
334d348c
c4305525
2b8808b1
9f715f30
cc99a557
4474076e
e4a4c018
0c4516e4
d8b51f84
c8ff7b53
f9faff1f
5b765579
4c7f2ea6
f40693e4
77e57973
a1c7b45f
82c5e438
5a114e7b
62f63e10
00000038
00000002
0000002a
00000005
00000057
00000003
00000960
00000440
00000000
00000020
00000000
00000000
1a2db7e5
d0ad06d5
5df4ce4e
6f7b14b1
444565f2
ccf3fc96
4f6c82c9
2ac85273
90573196
8c458aa1
fcfecd89
715bf871
a4a2eb45
39b08e60
ac15b2cc
ce3de376
a51f8d84
222b566d
998e20ba
17ea1342
0176a3c4
526d4bc1
9c7db387
023b8ec2
4d6a1ad5
4bfc82e2
ad3bcfab
a878d9d6
b3359cd8
bbd56979
c916805a
578b7ec7
8ad27212
ed75864b
3810b617
8f711b0f
c6c8e2a5
62387a80
34aa70bc
1611c10a
278e71f3
89e9e280
8d204175
e05d7f5a
6ad64a5c
9baa1160
f58327f7
76cab852
74c10c7f
584f20a6
bd4aef7a
2f7ac435
8bba8b0c
44d4b57c
750cc7a1
abb64528
4830651f
d4cb65ca
b2620763
b1d1f4b5
4c3610d4
d63b36d2
c9681f6d
991fe0b6
7a617ae9
ab3b924a
8265476b
92511ae4
2c6a1369
40cf79ff
8a101797
26d3f353
5849b17e
8c9b7299
51e5df39
0b925276
b8c56e8c
9bb6d511
38b58606
a2c86cd3
10d89b7d
bd2a4709
4b4e0a31
4e2c126b
8c409437
16092489
28d32964
a0212510
105317ab
8ae60dba
0d53cbbf
f9770e3a
9ada93ac
adae18ab
e0013e74
54ea44c0
5990e8d5
03755e9b
9e063420
b77dd43f
0a0ab461
b617c224
d133047c
1b08bda1
941a0e1d
4024c863
3b38c9d2
c2a32351
be12b117
89f11a7a
787ca972
96152419
637f3aea
685c6389
802b0c5a
203fa615
33389932
3050b2cc
cb048409
303cfeb6
b2c68231
7ccc2312
ac026781
ff4e50f0
7105be12
06713328
9a3f4534
c21ace0a
95f99491
9a1c7439
db744031
4fe3d87d
fd81796c
b72bba93
ac13bb45
dc9e20b7
2bf67fe8
b699f730
9e5d52c6
e718a403
be12ee50
989870a4
c8010312
3d2b2729
6bacbade
e54e7dda
2ee36463
377fcb40
fca959a0
20367549
25ccece0
301e2d02
47f95c8f
35003321
d1788bf9
7982895f
b74ef39b
46774dd5
10c0d560
e6073317
f59c962b
a8911d70
be253270
997cc6d2
5d000e02
3a7ca1de
4b87b760
7e5b2e38
e03c964f
a7dc41e8
0e50d95e
ae040734
b1898ce6
3f3cd217
df364504
28fe7099
bdbaee49
b758b9f4
384e7ba4
2c99f148
6b82e4fa
39958d21
a132a474
00768a86
897d76ac
3304cace
dd4500c2
b0697363
82615f6b
c9c3d7cf
54ed75b4
76ebae2d
ac2b63e0
a3e6573a
1cab4a36
65c00309
6c312040
a5bb7375
f05a2ac7
07146de8
3994c34d
9336e69d
ec1ebb60
01885670
f0483509
a7688b69
4e18b4ba
3d75827d
9cb9318c
7c83807a
f29ea7e9
b31c682c
86c70f10
e79251da
d05ba410
21890f86
0e33d6e4
73276a29
2ae55498
196d5725
f527b1c6
c36b5193
6765f567
375a69f4
ab57320b
3f3f2274
34562633
3d410235
460ae724
fc70b997
57d1ab00
48c18556
0279ac16
9d2445c3
bd549ac1
d9f3b057
ada0494d
6eb7a480
4bbf4096
c6469749
e53db781
89ebb300
41c2296b
fac5d4ef
69cc9b8c
41196993
40bc34e4
f3036a75
9f248d15
825a2686
dc288be0
b3697c3d
943e9acd
2841c2e3
70b28b95
461fbab7
347870dc
8daa48a6
39c4c446
898210b5
12f9c622
4a282a90
b894ab61
8af7896b
c1ac4385
21fa1e51
44954036
2c73f8ef
97111398
ca79753b
a74288cc
615f8794
1587029e
f22e4adc
a070b704
4e16a245
721c8572
371633b1
bbb14143
bd06f6e9
40a221c2
745c04cc
6c251354
c9adcf06
0d8b192d
e800703c
f83e7001
3a19bb14
a158f5c9
5a540282
b242a597
e4bba15a
79ab2609
50046878
3f9c4724
aa1b1da7
71808694
b1c4a380
9a5d0c21
1272c310
378d52af
b3452df1
7d749d93
318fb917
58679692
af38fd34
c44308ed
95bbbdd9
097c75ce
26ae6059
36e7aba8
39595f39
0d65082f
15e301b6
c7d9d41c
fb71532a
eccb3113
6ce3c9ac
e17405a7
5cd08ab8
caa04acf
203dd308
1a269b83
04d04e3f
b95613bd
3b017708
2e855c00
c3405316
e85f46f3
16b9ff9b
6579a2c1
560b0946
4395f428
f57022fc
bbe49c67
5dea330d
a579e562
6590bd88
0af80872
a2812552
43812020
924a6118
46b500c0
4b42a397
03b03e25
3c252287
e78347d2
a74aa303
1a69d8a8
14d5cc6b
4de501ca
ee6fd52e
91686799
1ca88167
c2c5f62c
e17ebb75
4aa31bbe
efcc4152
d31a280a
0845f2c3
681ee1d7
08ae7278
bb06f765
4bbcd1ee
8a33cbb9
2c173783
134908de
b8313357
a5eaa0cf
a31ad11c
b8be8435
41a64c6e
412130bd
b78b5a51
20203f55
eb042ca9
40769d07
9d6c1db0
8b8d700c
0716a3bc
8a36d713
73a411e2
1511cc05
283c40ad
819e345f
27036d54
a0f48989
2d8b5310
628cb253
10a44249
bc3652c0
0862819c
7b890309
ddcca377
90a40bac
6c1a4b80
c045ec61
cb23a588
5f2bbd8d
3e64fb4e
881748b4
29e7862c
8d69d6b2
70759fd1
21dcd8c9
aea86cdd
4bf69796
cf13b0be
abb59068
7b6e99ba
be2364c0
3b3f1151
59cbb7c4
5d21021c
779b0be2
54deac10
8f810222
937f6543
5a1b2c57
8ee980ac
901ca51b
5c8b8c97
7ff25d4c
a16cd079
c6f5c711
9ed06d7f
74c51ce3
b0eb4051
81734f8b
b433c880
06215027
bfa7a599
8c706089
5632af43
0387de28
60b9b794
0a42b4ab
8df26b8c
8a1ae125
a4317349
7aa9be5e
bd89b8a0
d1dc61b8
443a06ba
9984288e
394f0c53
59a3251f
65ae3339
021fbba1
0fc0cdb0
d96bd5f3
4a10b8e6
33615d5c
d3a573d2
b0198d0c
52faca84
8fc4e009
217b31b0
4b17a733
6dc01453
97665578
780becbf
4875030c
3831675a
8901c58c
e2766957
ca60a170
9dbabd9a
af19f583
271fa320
c9761541
786487c0
b65f3ea5
69096f08
101bf564
288213fb
74b8a983
267fb57c
6125af4b
3fc20fa7
157c526e
06c7ce20
59f95c85
1ec4628e
a5ad0446
bc786804
5fa0c749
84844498
4022c961
e917f8a5
171b3c54
11c72f91
55b0b8d0
958a6c7c
c4a61026
629c3195
ea9e0bab
b181b189
dd0bbcce
046fbfd1
c348b992
ba4480fe
a629143a
41e731bf
17704276
b15e5a83
c3079046
8da8d19c
1979c1d0
50bab17c
3523286a
1bac7b18
48e33c8b
4f02ccff
1b1156e9
18403592
9cb621e3
66f52be2
ad8239a6
457558de
997a6251
7648fa09
09b55935
63e940e2
4cf1423b
f85ad2e0
c7311559
05070179
eb49f7d6
09efa6c8
bba40207
5022579d
c0026a47
2259f38e
588ce39b
486b8df7
15e3d259
9a1027f9
b6005ee8
aff7aa84
604e0058
8060c3e2
3b466964
a59a563a
ea00914c
6603903c
2f973bcb
e50a1617
8c323eab
0583e960
7c577d79
a62c1d6f
f770b60a
453b0793
0ec70c9b
8d4183e0
e63f9947
75d0f9ba
30bf4bfc
04c9c91c
455ae1a8
e5471070
46ecb110
17119447
f1295856
e28cac3b
40787d2a
a8718a50
b1b5642b
7543b976
034f38e4
8c628673
bc0babba
e62e3c1c
d591c193
61b15c9a
c72ba066
e250feea
3109bce3
21063357
d9f311e7
3c66a0c0
a1c9a5ce
e50724ee
d93d4e2a
07e3f905
84c89b61
a35cd0f2
761a601e
06b43775
893fa970
6c6a62d6
de969191
f1814ff7
8403ef00
0654e407
378f093c
e5f443bd
f169cf3a
11a297ca
c982b6d3
a0e659cb
67079e50
08bbea9f
321c0f74
1472a55c
6642e116
2766f783
b8b3b37c
af4ba875
91edb189
ff7feab6
4afcc540
90fb6752
741eb2e9
cf8cd009
18128c2c
e144367a
0a3d4978
e96b5d3f
4a28c1a9
5423ae0e
69d91ae6
5e3ea28c
0bae4753
0654051b
2c95ab81
83b71b17
66031c5d
71d97f9a
2a2b1966
b98a5349
59096683
30409998
cc0fa38f
fe33b31e
f7e002e2
d2fb9813
aaa7a22c
eab5f948
addd2180
c3b15aec
ebe74b77
88416b79
0ef4d502
8e1e7ea3
7e20a88e
fa277a83
fd56d158
180ffd60
9d934a8b
59b576ac
2ecdea84
bfb4d635
f2f57356
92809653
53eee681
713d7936
0204006f
731fc011
5ec5fbdb
daabd821
0dcb811b
dd42f7e5
86b81620
ef6e3831
661ce8f7
f53d19c1
f38bf959
b3dbee0a
e989fcb9
70d71311
32fd32bc
ffbd41bc
3ffdbdd4
469d4994
c755c990
6b56c0c1
7546ef63
3bd392e8
9c828408
65348c1f
d64cd400
8b82c3c9
5b184231
0420296b
a22ad6fc
74e0eaab
37f9c828
c3fd845b
e0413cd6
e7aa2715
c869d440
4b4791e2
45c1b815
d8870648
88f541a4
515107f8
723f8fd5
c9579174
0876f142
c45a1ac8
71481ca9
86570921
7054a7a7
d8539d09
b6118096
58c61c6d
c6bfd92c
06bfa858
bdb29aa1
185b16ed
6713ab39
89f64658
9063bfcf
7147e09f
687ccdd9
671ca606
16f891d4
b62e6068
c26aaffb
615cb3aa
da178624
78bbfa27
2161936f
4f0949dd
70b3b0a1
ea1e94ee
d68162bc
0f69c1c6
e4340f1e
29568aed
49adb488
42c4b069
89541b68
5cdf8679
06eec010
56f5ec8b
cffaf378
b64cd3b4
f539a1f5
df564523
0085b23f
bfcbc289
c5185942
d362273e
1306a692
6628cb30
b6972079
061129b4
33a1576d
5dfc31a7
565d6365
d95105eb
18c3d6f3
9550ed56
ae035a05
73358fed
ec24f0bf
9af736ca
11746ab4
68d65acd
aab57f94
08f2a016
51e61120
92b1d3ef
3ab538e3
264f5421
8c617464
175fc3f9
8378f971
f4936ef6
81ddc564
0edd3e4e
21208abf
e7e83de1
d0373480
917bbca9
0f51fc59
9c3c8a3f
a95be202
50c47929
c10679c3
f8591ba9
b399cedd
2b3ec465
1c7effc3
b78c50e9
84de1c6c
2f9ce8ed
4551dc0c
4f0db326
19506a39
90a6c2a3
28cf8f4d
c03ed9a4
a85f6ec3
34bf1afc
061cb453
26dbe239
a54d48fc
bd19acbe
4ed4f42c
007f6e1c
996e85b1
037758f6
0c8ef0b3
6a4d5565
7bbb884a
9d169cf8
ee90f44f
f3587d63
41ce5ced
9e1dc685
319d6af4
8e1cbf84
c9e6ef5d
e146e425
a232e43f
692b5036
c8ad9da2
9eaa9c91
3c4c2b7f
cbb06652
9756ae4a
6aa2cd4e
105c53dd
4136497a
15d607c2
0c8c84c5
2ced3eb9
4aafa973
30ee53ee
e2843d62
a6f8d207
96dbecff
c16fe565
91a8a9e9
633dd7db
9bae8e4d
6440ffd1
e98c1204
25244514
47de95c8
c748c543
6b8d25ce
06a58119
60649a5a
8bb75e80
33bace6d
ac2a388a
2453a102
2d0c7429
a5a66c68
1997cc4d
c8d956bd
5263af80
907ea2a2
9e462dbf
a712559e
46ef5a80
a1f19bf4
2f95067e
17213cb6
4ab85320
ae67c545
b02cca96
a9f6830f
4e8595dc
373459b3
bcc46ff5
f4721d74
00000039
00000002
0000002a
00000005
00000058
00000003
00000960
00000440
00000000
00000020
00000000
00000000
5a7be15d
39156d59
5495560d
ae3fb01c
01e67340
947855c7
c31f34ab
a0bb8219
ba042ec9
6f822add
726e16dc
703828af
874fe93f
d94cb6ba
6b9b8771
524ac8b8
4c8318c3
2810ae46
d99f83cb
14377712
addb51c6
23739ad6
593019e1
b19947bd
cac25c4f
80972192
b6fabeb3
37b6915c
aa4b3b02
7da3634a
93032483
38b92b44
975a626b
ab88537a
34fb35b4
3346e353
ec03b8a0
1c69be28
10e68f25
55894b36
3509787c
19694c7a
4b7dac25
761f62d2
264b7aa0
105ab4b3
e2d65799
9235e836
fcb4f871
51f04a05
2660ed58
f2430514
14cc05d9
c936344c
892ee966
5c8824aa
36ca4e04
b11c9210
1be708a5
9e973f2a
edc1330a
03231cb6
c9427805
04394537
42450fc8
86b85dbf
c38b6c63
b7a8cb92
0b21fd4a
b700343d
c2a27e25
77d503ab
d57051c9
541c77c7
609c3fb6
026fcb30
026551f9
2a0078c4
e1c2baf1
20ec581b
5a08fb09
518cb4a8
7533b1d4
42779e67
8b5497cb
2161881b
91733b6e
05744846
e1cb6c46
9cebeba3
3c015365
fba06ec8
bbe8df2c
668ee393
97af62b7
7bd18aa9
fa1a6b6f
bc505a93
2254713e
8f570499
03070db9
6a71a80e
87c7f91a
b2d489f7
13734617
2a092110
185d1484
caec2134
432f1436
204c6116
ce33bb01
7e254c04
c5b392b5
7acba77f
4dc21a3e
a5158ca0
9031afa0
7b14b20f
d5a43dd8
a1a56a8b
538d6009
a16aa8b0
5a434731
92addb6f
835bb66b
436cdfb0
f258f22a
b6ab57ac
c2e6d53d
5d0ec572
ba4fc36a
45325751
1d6aa0d3
29ae3f59
88830824
255b5c3a
f4998b05
4e89a69c
bf25c29a
37352144
4c824e20
4b70f946
6ac1c389
3713bb52
17335881
c8108096
bfc55867
340c197c
1b33b7b8
4cc84282
ae7862c9
72846f58
56795e22
a979b363
4096463c
4c50007c
c45f0c81
a68ba999
71d60a7c
402da38b
653b7149
19b17a14
2e6ab42f
233402a7
6a52b6ae
555f5880
d4ab1016
4e862657
2f48f90a
77228849
89cb7184
aab11c5d
984044a1
caecb173
5f5af6ec
b6ca9852
a1a0ca85
43495893
4ca8badc
5cf35d25
0a6352e7
85980a11
2fe0c836
574b55f0
f91e2225
bde11486
f23b92ab
82785622
19c89b86
450147ad
743d9d58
3b337293
267e97a5
726cc564
b405709e
18440550
e1d25246
3c813f65
78c82948
aa636e7a
1c17eeb5
0c4bba18
da94395b
39c5f64a
10c9719c
f4db1b81
7367028d
91a7f67c
c7d6807b
091cea6a
1d3d941c
286f1bfb
38d91404
7159e798
0b770975
81eb5a21
c4b1d49d
25e0cd25
9f129197
5db10a09
dc8a4881
0787bd92
ebc1f3ed
01cc28e2
c7dbd2c8
964b02c7
965b12b2
aa26f65a
ecb7fcab
48331a2c
74d38b7c
789ce45f
1b2e1769
63928d6a
562b712d
e4326788
0a10d480
b5b8d836
6ca20761
a0f5f68c
bab9517d
9a2ca554
314cad40
cd7a68eb
01585d44
8194b607
c055e519
e0a857c3
24c6b8bb
3b6dc404
0a8f2c23
7a3baf40
71bbb805
ead54ef0
b780c3be
264dbb5b
07daa12b
8f951ac1
8364cb04
627473b4
46a3a9c2
88221c76
3523998a
0f1ac311
977ccbb1
e7fba3d6
c8b6dd8a
d77515df
d3983e29
b3daa1cb
5fa593d3
8ba3733c
cc6bcd8c
7412b342
6ac4b7cb
a8568ccc
5fbd585e
4236b749
50a0f93b
6dcbe5f4
96495f39
11600424
7b2eb0c3
9b2ea098
2961b56f
3e88a88d
4adeb2c2
93aab02d
679c6a8c
2b3437a1
711a5aba
1174c191
b9e949a6
350c7fb4
384c2622
433764f6
58757b8c
03bb8787
d673c0b1
2355b368
8402759e
e983710a
7092e4c9
419933a1
793377e1
beea4b2d
230ac54d
aaf1a351
90343211
03b01b51
e79aad71
bd89452f
ea32a75d
8a2d8952
6e38986f
ccb8d367
ca61af97
3ac2159c
a55b7297
274520c8
34cccc86
13cf1c75
f12a2df7
1ff8b7a0
8f5b8b69
5bcda2f9
a6236d07
45a99c21
6c233873
cf603374
dc198a9e
f5a7ce83
84d017be
d78e5b83
1c0acb00
c4dc7c9d
636b52f5
37624dc3
2a99c949
a57a9519
624a89c0
c3ac2138
41b9a0cc
d58c0f0c
38c55797
d3a0c199
0b3c7327
b061197f
db9d4bc7
162c66ac
71785f6c
191df841
a0e807b9
012bfd42
68894b79
fa696e48
6d13fd02
a6c653ed
369a8933
caac4284
b46ef649
24166a76
8bc32871
d387027e
4359b1bb
c9b1d624
8c360ac8
08a00359
c7f6bd0e
10aa272a
38596828
9fd34923
b0ac919c
2b150068
b99cdc9e
9eaca565
146f8a7c
2f8bb139
9b2c94e1
83ee4399
5edb7a0a
f50165ec
0c1e3693
745b6295
302aa097
47af3f17
4ecc4dc7
8636a499
1310514a
806c2b0b
1e5d0107
32c215bb
19ab91bf
1e71a7dc
63987dd9
1e1a057e
f9216b68
5286acea
10699b12
caa4b42e
94ec0609
05eada89
fb7abb4d
c8c4a5cc
53b711c5
247284e8
c83f5af9
61652ab1
ef048c4c
bc6ea558
88a47011
244ef086
e8116497
0f22448e
ba3be11c
e4754741
6582e963
79a8b672
8a345b62
44a6c7ab
2c05955e
b33db177
9f711c9f
88b697f5
d7233aa7
c03a2c91
24836b6b
2b3b3e15
61b3634c
752677be
a8f2c573
59a27784
51817771
8c1c6ba9
a4d03330
7378733c
73af2c6a
c33c3e14
9f23fa48
d5dda374
cf0af11c
f13587d7
c9766513
82d71877
bdb23526
27ca59b1
89344901
a28bfcf4
1a895c7a
31739dbf
2483756c
fcbf5689
350c79bb
0110b019
89fc8788
3ab3981d
f08225a6
0679cdd9
83e1af26
c7349826
97945842
45555c15
390e6c70
9b90257b
733cec18
604a824b
84b0c295
5a160a3a
fc9d7288
9731c01b
a46b9497
3d5ed8e3
cbe0b120
4705ab1e
10c430ea
3c5d8356
7f48a778
b974b76c
617e8fd6
7168563f
9814f87b
c7cb7f61
7733f930
609a6c65
4a7a3433
749374c0
e20788ba
78580744
6f05f78c
65938094
04876024
a7991428
fb464ab0
d27b5c59
2c8b5674
20440770
85f1bf59
95739517
2d4b3368
927051d3
99832d63
b2a2f761
38cc333b
b67a2131
13a4d0de
9b368f11
ad079585
9d01ea1e
34b1820c
8db54611
5e5321a5
c74a9055
71dc5b14
5b2ec874
fada77c8
ce493099
2aacd3b9
555c9581
13dcce08
ce8ba231
27d12728
859a10a0
bb78fb12
b3fe2cac
097a991a
1404f61a
7a5937e6
42682438
86835813
a5645e05
5c5ada15
ac810a67
6c2f2b97
bf2ae8c6
f50b15f1
f0b01f90
b74a6f18
362ae26e
8c01a038
7704fa8d
c5cd5773
f8f067c6
836a1b1e
9c52673e
b34b8571
396b202d
db4732ab
7428ac61
a8824d34
8c1718b8
41e58985
1484559d
b753fcf3
7b352328
8d13500b
4d86804c
445968b3
46932773
f289597f
78915883
3ba64a99
2a8da601
f3d2cac8
6f2cb6b3
4bada75a
f3bacac2
cf37dc06
55884246
88693ef2
34212bbd
3a22c19b
47549b81
607c393f
7d77d4f6
365e77d1
4bd3ea85
062c169a
dd76e825
e6eb3d24
a2e1d6b4
f7bd9a82
020c120d
76e84cc3
727ac1be
6d821743
2bb6b017
ab88d15f
513e9f78
14282417
8d97056a
4286a922
0340aec3
16761a57
2ff79283
5115b4df
c825110f
74545fbf
b77772a2
ebc94711
9aab1ca7
3403ffc4
b0019eee
57ca1440
021f3cfd
91fab4f6
fe640849
60f3e37b
77a80b1a
c53ac791
fb9740a5
8c1ac2f4
eaa55150
0a15328a
a5ddf4c7
cfaf8092
5e6b8b93
3532027a
0c33aac2
6c970adc
1ebf8753
9d9cae92
90365419
f9a4c94c
90fcf2d7
b9577931
426f4a74
0948bc78
c926fe4b
feca09aa
1f8e7d0d
ad1644c0
957ec327
69fbbc0d
b99b6f6a
9df92563
0e774371
e0c1459f
9e6bbf11
e8280f55
561d15dc
48300b1a
7bc0fcb1
9007be2e
6ca189a5
ff5fc77b
df90dc4c
d0bc71b5
ca0de0dc
545b49e5
548168f6
d1db0f8a
9a520eb9
2129fad7
c9884087
99fbf86a
5621f6c7
9166cc0e
028d9ac6
1f672d32
667cd667
0b9bba3b
8e7951a4
48c1b2ef
c1614932
25737345
b8d61f73
40373138
87470904
f092e737
2eeda072
8c76437f
cdec32d1
ac93b3bb
d1345943
17dc8afb
2a3c1d55
c2b49d1d
588f8805
0fc830b6
a0ed982c
2e6f7e0b
416d0c3e
64698624
86d08bc9
2126a1da
3929985a
68adc657
d02b4b72
a455cfe4
038cec5f
353b2b62
5bb43f8d
86329d61
42bcd7e5
34069e9d
5748382b
89a1bc67
8b209186
25a38647
a6e9e28b
ecb25abb
75f38c7b
4e0edc2b
e4f56767
bc21726d
9fd68b8e
4cb1f136
27154b6f
180c782b
ac8a11fa
a290a352
7762888e
33118937
fdcecd71
4755b4c4
a9265fbe
fc5131bc
c5d97fb8
43cf990a
23205638
86135ba1
aa9dff0a
09245ac0
680b4c83
52633aee
46350561
fa8c7e40
556f0475
b2d98a97
a7c8ecaf
34b8359d
f9330a9e
66ad230f
401f7648
3fd82802
f06623a2
143861d2
90c205b5
3c8ffa69
3d14b6b0
e9f4bae9
b6f2dadf
7d57cc06
27b3d206
9911c494
a41765f0
c93f3175
0933d4f9
10b3c79f
a1ba9fc9
052b0832
0cb032c3
2d1d87b3
33fa60cc
746095f8
1e2c7ab8
9660a64e
1de8f070
8bad75fd
12c9dd68
30791217
296a9c65
519e7ae0
218e9002
5f1d108f
9c1fc1ee
389e753e
9f37741e
f7298c64
8ab53b03
0f59a6fc
e5fe840f
8ea71045
c92825d1
693aa960
7e66f11f
1f649d31
f16cc197
da9953d4
ead53ba0
f106c815
9d754e9d
07e11f64
4ecf4914
1c0dc713
5d26d258
a507eb53
cf12e0cb
8276d69f
697ed221
65af27d7
5951217e
9d900732
8c1aa11c
cacce296
b83b5c09
be7ec811
ff95e914
b463f7b7
b6eed07e
cdcca004
290cab74
b4e3cfdf
8e5e0f62
4ad7ffb3
6b7abce9
5146ae48
1d8730d4
4ce65146
57be2f2b
4ec6e201
9127f520
3e5eb557
af6c169d
f2aefb03
0d962e47
a960011a
83d1422f
3e495d4b
89d0e952
37aabf7d
dcea0832
3cfffc16
2240aee8
bc9a466a
b6a1b960
aec54472
aeabf1eb
9fdde9cf
f183119c
17b6d325
6c2cfb2a
a92591c2
b3a8c3f8
fc80a81f
c5197744
c4508ce5
ef179e19
ab1e069a
e3bf3b48
b977f270
e3b309ca
e939ffe6
c092e37a
3f620bef
db56e09b
70e7214d
d427514b
27ea7f2f
18f9a8fe
9de44460
75512d2c
cac82983
df005bb3
5e1ac958
fac66f2f
3720cdaf
522098ba
45202ff0
c7b2c908
9553efd6
0f017253
8c5c50b3
7e67278e
7bf07ef3
2a3419d6
e36dfaa3
08e6b71e
bff0f59e
02eb4a9c
8961914f
43c60679
0000003a
00000002
0000002a
00000005
00000059
00000003
00000960
00000440
00000000
00000020
00000000
00000000
740956bd
54c58271
bc3ae0ab
8dc51428
a4f095f9
0442b275
42338a8a
ac4c5567
c78cf897
c05ef7c3
647e2177
3c29e26f
111bb733
d8c796c0
4c4aeb70
5ccbc78b
da9c4c11
74391ece
4da053eb
83238ac7
9bf33243
a2a56135
c8fd47ac
b99a0971
da458b7a
49ce4fcb
a02c06a4
b80b818a
127e8f56
4bb8e355
d23ac9ee
d7fb3bd3
1155bd0f
2fa657b0
78926ef2
a3f8d353
f2bc6aca
161e14e1
1507069e
f1948748
974ba746
92d0e8ad
681bc9a9
4bd97024
a434d701
a7a73215
8a435878
50b18d63
df2ad710
7cd9bc58
52600636
e9666010
e98f9ba2
7b5cd931
fa7122c2
eaa36ab1
7c5b7f1d
8032c08a
34639c59
73aced8e
308d7713
a0ffcba3
6b1b7d64
fd540ae6
1ba2234a
8e5c468e
56a142e3
353993e8
3034a44c
2e1a4161
0306c6fa
82eacd23
37b9c59d
90047ce3
25760b53
5694b1a3
3adbbb99
077a995f
9236287d
b8df9397
0042970d
b65e3513
746f2dd5
1cbcf616
7da6aa6b
035e43fb
cd79225d
b913c728
69e32aba
0665995c
d692e7ab
f731c23c
abe70832
edc181e5
f4624df8
4047e5c9
e3b892cf
321c0349
ac75b028
531810e9
f77ea846
0447735d
70c44900
ccf16880
5524b96b
8a659813
592b38e9
2a9a76a0
b63c59c9
fca1ccc9
17455241
af232129
67836ca8
0aa3c49c
bdaf6996
abe14111
aeb46abe
a2a0a114
c26843b5
c5eaa07d
fd6bfa2f
5750b44a
384265c2
9964972d
d35cc62c
b50671b1
cc68d6ab
84b03f70
28cba32d
f10e546e
78873808
5f65d2b8
825cf498
6656ae24
432ced8a
6b4f466e
4b503e45
abe3ab21
90ba9850
e27d4796
2601dc5e
934274d6
ba4eb3b4
57a9da94
5e373934
796bab76
5240b628
ba3691c0
018dcb16
b32a7b16
da7439f1
497f08a5
8284ac2b
3f2148d6
164a8a43
98f7cabc
f5c8bb10
980313a0
c26b6700
1788e3ec
f490b62a
6da6ce13
6a05b24d
57538e86
5688be66
cb3c04d1
a5c83d5c
4b1339b6
f096a465
a20a3c69
bdc0ad29
b0bc6370
d2d849ac
a640dd60
cb1d87d4
10ef0348
8e079559
89772929
44465cea
6871789d
f0c2e64f
98febaf3
b1c03b47
ec35d5ff
ac190e6b
50b3c73e
a5726c6b
e7baa162
44e7fb0b
1fb9dae9
acaf04da
45b02452
6725918f
4aee82b5
2ee3dca6
b04cd185
e47a8ecb
8f06661b
779c0942
c1e56d5a
c71b01a6
82bef924
b50ad000
24489160
2e132513
964d4d50
0565519b
6d4497a8
01286d24
c73c863c
ff08b3e9
7a0c3039
2395e2c0
ac348cdc
7bce2ad5
bb4b0683
af1afcb2
a45d1742
0279ab6f
08637245
8516b8c8
1c33485a
ba11a7cb
a603b647
75e71151
9052d31f
f2aab5f4
9bdaafb9
f4559aca
d9abae89
4aea37c6
0db48795
52d25432
202c0939
735ae484
458e6d24
96b5aeac
db77149d
ac613623
c3697a17
81c9e17d
9c36a647
02121e9e
88b826c0
dc945334
38f57a06
03ace0fc
55fd55c2
14718dce
86940565
12193e01
261cdb91
47b6e7d9
d9b80037
940529c4
6078a96e
d7fb5495
b4348eca
a148255e
909d8542
55208305
936ec2b1
e14784a1
a806735d
ce2e3768
96c5cd05
3e315db3
22a88c6a
d4063529
14289465
372c0bc1
25a68528
401cc2a6
fc2f90e9
8c4d36b9
35076734
1f4d0aa6
607b2289
47f13804
6c2f9c29
da7b6031
50facfa7
fb25e25e
a9944f95
9b74bcb5
dd9f668f
6c730d56
7afa04a6
1b34c0f7
44f05b17
2b52b3bb
b27feba6
cbb10717
bdaa7c33
8e5a20b3
83396cd3
14837d3d
dd1d648f
93417303
1109e574
960255da
d59224c2
80e14c0d
47be2add
b50bb679
5f2576c2
50a8933a
b90202c8
86ea7b43
e0952c26
d9ea8fc3
94e05113
f60da992
066f2685
32abd60a
e7044cbb
da6eaec7
a094060d
93c0b5f1
5b9a58bc
78e91188
4c526268
b6eda233
2de10d1b
e964cb18
2a071632
8766c89e
814ab44d
36ae99fc
7aa77e79
cb8ce35c
78444cd3
1e91b27d
561247ea
28a756e9
b4dc72a4
75caa4ac
c451c383
2f74c078
1ea791ac
13a08685
18c5f0bd
aa0d8b95
63f77b63
107addc8
9555f704
27424281
59b72e08
e25c92d1
7baf4ba7
1a16c708
fc2aa2af
d3059b02
92659fc9
36682c79
1794c7ea
2490a96b
965e2392
778c6cdc
6351527c
e70f91e0
f30279a3
0dcc2727
de81270b
03662d87
521bec78
1765e8d6
e19700c3
b1907b49
395014af
6a0418a8
3f5989b0
b1710800
a50d8288
6f59cf93
5534bc78
d22c9c95
a8b55274
a5af528c
6c92949c
186bb639
4bc6ac72
d1343917
6f195047
440a5640
78932954
7887c455
1024b546
ea0f0ad6
93268640
4a9ea589
bb02c459
a852b239
956b3782
ca9c6e89
c5e1b04c
1cc267d5
3ad6806b
5fc1058d
a4504565
fa355c25
10712ab9
c19abace
296a3660
00fc5111
305bbb93
ea9cc7d3
703bb747
2652073b
785856b6
ae722d7c
c3cb34f7
39994359
b66a13a8
f641937a
884079e9
5be4f5b3
676257fa
a4e894ea
5392fc16
c22e00c2
30317f95
c73659b3
07422ce6
5ceb2c06
9a017e52
99a2a7bb
b664bea6
964c64ad
99c92220
a2d34119
b04b4871
17c1139d
cb79490a
1556ce05
ac5cfc31
e2da7cf9
355bbd2b
25511adf
f55e5bc9
a2ab3b3d
f25f537b
38323bb3
90d15ca1
cf8e2219
169da1e5
771b1b5d
764d2c14
ebeb4bc9
28968150
b1a6a8a7
602b2417
9c0cbb90
6d2cc83d
80cc55f3
0ba5fa99
63397408
5b1d65d2
c4476192
5799e47b
8bd75c01
244c358c
7196a1b2
118c4e8b
6295c60e
10929cea
71b708a3
0584293e
2a9c8580
fc780ee7
0acac8ae
5d0956da
c791caba
06820d24
fe8e830b
9abd34cc
5965f093
5b7b9267
569abcf1
02638ba1
55405208
59a197f0
9507fd24
4a4e8b2e
040e4f2c
2e0a7d50
39246627
b3825df0
03465598
5b2e37b4
c9ccb0b0
7bec763e
8254009f
49279625
3d048aaf
7116cca0
9b653d86
50a76ca2
85777997
1084673b
cf45c15b
2475174a
85605b01
897b42c3
857420f6
d57fa0c4
9a64ccb0
2c2e6180
b1749875
36342b1f
666bb773
b6120484
2371f591
4b9ed26c
5a752937
3b638600
026208a4
26256b28
55356b07
391caaeb
50bf9c73
2163015f
6fc06b46
bbbf8221
b233e45f
2307819b
a46f1028
85c62b9f
0d6b4ab9
c51db044
aed7db93
3342d630
145e1448
ce2adc1f
6e2a008f
b537a2a5
51a86db8
a7b75395
08db6276
6097549b
a35fb40f
f612a437
c8255936
f79fe525
d8314699
92caba16
56b2bac0
62dbcc8b
825096cd
4b98d2b7
c7d04efb
64c80862
bea2151b
c494966a
83f85972
461ba66b
67c57a25
06f4ec2f
740672e1
f66da99a
76d5bb5f
83a39136
d4243574
9ef1aa51
aac3d165
a2c70b55
17491e85
6fcca51f
c5b75995
7e47c784
5a996706
bcc04ea7
728a6733
5f5fec3c
b4a32890
46361c59
babff613
544efd14
60329a6a
448f18d6
05cdb2ac
d2117b75
685ca0ef
36b54eaf
e21d2728
f7e0d6c7
9f1e42b3
5fc0d5b5
9eceaba0
75c1e70a
ba5d5ca6
e5f4b19f
15b8e0b5
ece6fc24
7c69c12a
eac0f35f
4c21747b
0508639f
da14b550
baef7466
4cfd596f
84e4855e
83305254
a377e257
acb943e9
1bb4e097
827d8347
7f47445b
cd017713
499539e0
719df86e
ba590b33
2b9d459e
9a044b22
ffa39881
32c53c9c
cb67ee40
8b39f706
3c2e756f
50f66bae
50f374ca
3622fa82
e85c4b34
5518ae37
301ea925
0ddc7afe
0bcfa30b
1570083d
7ba3a518
f5713fe4
89f8923e
90d55ff2
5600eec6
bc9b842d
dc601455
908a79c4
5cef22eb
cafcdc96
a32a5352
96fa98ad
1d51c2b8
6ed0b726
640a9e43
fb28856d
611f9117
8463dc04
86077b03
ea576202
d769e57e
024fec03
93050db4
a6b1e695
1126ffae
a4700276
5c019e4e
a7bdde8d
0c6c21c0
e5648203
1150a9ae
abea3c1a
a121c7be
40189658
de94d284
7b305d28
4c477c85
0badd28c
bc8ae9d6
606c0f85
0843fb99
d6f040ab
c9dae2d3
4dde1c91
178af12f
68513f60
3cbd7ffd
b5597084
3be64b68
dc53e490
8907ec36
ba03a0de
59452720
c3b175b5
aff97ee8
dcaf8ee1
7fcf2f99
97d0a917
b691f087
682a1009
b7c614c0
8715cdc9
dc0d11d3
e4780b82
b2f925b9
6aea6584
4f4a46d4
11dd40e4
cbfa7e8e
dd4ea242
a0608177
8adc22ff
dcb9f6f0
4ec122a9
4c9d1283
4617b3dc
f68c61aa
12a2831d
d5555d41
550ccd96
eae77754
ae4556ff
65c08f95
8067232b
0bedb261
50c06cce
e79fe17a
4c941336
0357843b
33bc79ee
c31f91f7
9b059e86
fe20f6de
2b2fdb65
d2461180
ea486003
fc82b5db
ce16fe6a
92c95527
a94c7dd8
6109a82e
17be4979
d4a72003
0f60bf99
c0ddaed2
f3cd2a98
511e4225
498fcda0
4fe4ef77
dedff8cc
c1541715
d47213c5
37cfe373
1b1e5eeb
17904eca
df4310bf
1fdac6e2
582b318a
1cbd1dd6
92d895bc
bb27fcaa
59e533de
e691337a
ed96e255
f421e8e6
00f68639
0efc456b
fe41b39e
9ee45abe
13d08fa9
eaa3deb7
d9a8d938
23518161
9b3b1114
b815dc4f
c30c5291
e0628a32
50f1d444
b8fc5843
27cf0c22
cf5cd4ce
d73d4cdd
b64d19d1
c1283562
2190da1f
46ca963e
f8fc4306
db7807de
7ffd8878
ad75147a
a68b8e74
d23593f2
211b9647
3438052b
fa914688
4939f351
67ae849f
3e22f1ad
73418de7
95f5d23e
7d8a8f68
a4a8906d
1e33495a
50bcda39
c7621349
5c87429e
40b7ff3d
8fbde4d2
e1308e99
a2849593
141f44a5
3c548830
a6add033
0386a8bc
d231f42c
90a59d02
d589fa6e
2271ebbe
07f70d56
ff0008e7
0ffff743
5173315d
ce0eb7b9
b788095e
e2854341
61cfa506
8e70481b
f9e59e30
94ad47f7
a4a1d18b
88c6061e
21613399
4463a243
53710b4c
19810010
6789b513
3560e05c
60b87c76
1315fbc7
21507ccc
285347b8
a5fd4892
22efcc71
2c971b1b
d1ffa64f
6885a763
e10d9d8b
281e22e9
c263674f
505be488
a3be05c3
5f40605b
a7603961
f1d76ad9
e9f4f031
b79d4460
69d5eb19
5d4b10c9
b9f3079d
fe32294e
7d02a885
2100932e
f0b3eac7
271e0f6a
e1843f05
96e39b9a
8142671a
d65df01f
1d40b65c
524d5385
41a62cdd
737c9a10
c545669b
29f507dd
0b876f59
27b030c8
556df086
9073de2b
299d2e63
dfde73ee
3084f901
ee879ac8
82932432
fa0ea986
0000003b
00000002
0000002a
00000005
0000005a
00000003
00000960
00000440
00000000
00000020
00000000
00000000
d35fc650
675e15a0
77157ea4
b7aac08b
857460a8
3805e32e
fc333c5d
2a465dfb
2ab2ee6d
944513a5
964fcb89
aa633f88
b173f6ec
a639c088
5175810f
6e8c7b60
c7760865
39a68fbc
ec09a6c5
b315cb34
3331a34f
3b3cd11f
6524bdb8
6ca9e362
134d6193
9b441ff6
2356d339
6ab57702
c7e4ad14
6677e85d
c4bf0008
4362061b
bfac636e
22625802
78a5bc39
8e482909
1974bbf9
91a805cc
1f11b537
ac7d428e
8c505b34
69a75655
5a30c437
f7e990b5
8840004c
b7b7d012
58f0a4ec
2fb4e75b
8c5fa741
36d005e4
146c6d4d
f82d3bad
fb5d21c5
b05b2a47
2b5db8a8
6c29aa12
c5fa4d6c
ce8e3ba6
b6285bd3
cdb84476
80cba1be
9490aa8a
8a811cad
3f3e1445
03597f12
7f05bf3d
473ec288
63011fdc
6fd476c4
f82ed18c
b8a893e6
6d68a946
613b3724
3a733195
4513e176
e31dfb3e
5223ccec
0fa0046b
073ee875
4b4e1f01
37250aac
b12e0662
b6ab79f8
11c3602d
8b7df476
b8709b23
1a30828e
fd8bf04b
11619ef3
6c7a708e
ef6906a8
b4951cd5
7970b69e
9c3762d7
5899b4c3
1a66f048
bfcd09b3
b3520bea
2e57f899
689f64ee
b50b0d45
47f718a7
ee66d0b0
a3d33db8
07a04aad
40c1737c
bc2591a6
a4b8a55c
1f96697b
6bfba462
0843698c
5982c301
36b951b1
74c8e60f
0a42d41e
54b47e6a
a816888d
9b54c2f6
a55ccec9
3165b923
d77539c2
528c3e6c
330453a0
194b436a
44643a57
435b7000
20666b49
89ec847a
32f91d66
cfc62493
6008b161
42c69435
87917ca5
b5b36d57
4c7b9454
52c0298f
89af0016
b010915b
3abc0437
d076443c
6ef3e3c3
242e8448
9c573005
b6804baa
c8295090
419471e4
75a6883d
647c1359
68f07647
7ac2c3a9
d5aa012f
487ea528
8a8cf264
76bd7970
71a6c32b
7d73b584
0441b008
14c14613
124a3e8d
27220149
a9684c89
1c964f17
ce2bb42a
ac650683
097821cb
9a1ddb3a
34ed6f2c
42e0dd9b
c27afb34
8b0406fb
4f811017
881a753e
5ac98f36
7859cd62
c539846f
b75e9392
0202e620
6b4b8830
eaed90b5
ca00d7a0
639181bd
f2e14f50
55a2f998
cf70b3c6
c6e60767
b557325b
8f7365b5
31147802
25b2d33c
9dc09327
e539b366
1f83a759
2b3b32ab
f21c6768
54e40358
8d6316ea
fa8eaffb
bec5f855
554ee5ff
d0728f10
ba482f78
76636887
c2f4829b
acb0fc49
486f64b1
63f15f45
a4202648
1f7a5a19
b578c888
5a0cc32e
89997b90
f3778820
920a9f01
f91d8cb4
23d32a9a
30eb0880
e522100b
217576d7
0b49c9cc
055f290d
59f56447
3bf936bc
b813ac4c
897a5527
a6320e6f
4e30f1fd
ca04bb54
7865e9a3
6a7d301f
150f3d4b
07e4f075
89b2933b
98cb2704
7fc85c7e
8e22b9a0
12e21e69
2478de60
e19d5235
64a726f4
8b632330
e58e7cae
d55ac70a
86744520
dcc4b251
090257d4
2720217a
72c90b53
60bdcd53
b1f211b0
642814c2
56073bd8
4a99d378
ba17d5ad
3047cb8a
5435ab15
e41e5914
a802059a
c0dafa73
bd1a252b
b7bd3a5c
6439e910
24988c8b
f02cbdf7
a5b0be93
7c622191
b87d79b5
8544731e
c4a2d474
a5f636c8
7aa9ba21
24897859
39021244
0df30db6
223a79ac
07b20435
8baa3c69
2e417afa
584cb838
be501607
fc5f3a97
a558cb91
b5d87007
fcc97a77
abd044ea
afb9018b
b23de048
3cc39b6b
23bba81b
cec3e1a7
a29c7fd2
254ab895
9f712b9e
30771e55
5b36ad56
9f251cad
a43b10f8
2accb1c6
397b65cf
7c4e5dec
4c98e965
d517da7b
d8762cd8
8ae33f9e
8ba01c11
53e06fac
29651c58
5cca46ca
91b32f11
9170a5ce
9f5de317
3685447b
992cd509
43445271
021634c1
2a22be15
f021e85f
63467667
4623be91
84906b4a
c17b0552
9d76ecc4
1a6365fc
dbb40918
95c4e249
ec1cb0d2
c4be47fa
77128c39
059ed0cc
23e87ef3
4108d329
e36b4931
ea3080b8
4b202f41
6bac815f
6cc0cca1
6cd6e3bb
5b39318f
909f07c4
1dd03fbe
3546577b
b2d13a44
16466102
7b9ef4d6
1cedb066
2644bf6e
5e7bac8f
96157726
4360a7bf
ad32b109
773ab061
9d094bbd
008a1649
08772745
b87290a9
1c5b4bfc
15ed65b5
b9a82236
aa2c535d
4275b356
0fb74408
410b7871
e5d8268b
8bb49a5f
56ce7135
15c22707
1ca29614
ee020a75
b4a80db6
340cc08a
8bac1bd6
2a5d9994
82f2a79b
82cddbbb
e902587b
c7ecd04f
d6619cca
f60ba0f4
6b69aa57
fd48c7fb
32119762
72cb9085
ff8e315d
6ad06824
9a186657
4ccb6cc6
65c0aa53
a518f29b
5d13d6bf
279f1e2b
add5cd86
e0a473bf
f5a13899
8fccf768
e5b945d7
5c7e4a97
95328658
42b24099
4af348d5
7c283b3b
a9ac1153
ea016231
5607fac0
cb2140d2
abcbc010
beb67d3a
a167d1f9
8830969a
c3d1ad7a
f830a76c
4ce59ff4
5bdba1cd
9d6101fb
9257b707
bd3a5487
07378a64
537d39a7
4db0f136
6b16cab5
82034398
9932c79f
0a38472f
309705aa
9fe3008b
cf6697bd
5527b9f0
9d30273a
1893ebb8
d4d0bf20
724ca234
89a5f6e1
f2126a97
084bc194
0dbc1610
84959742
4337ea07
b76b9bcf
f16d82d9
4205dfcb
6961303b
922ebe30
b3057b21
a6857bc5
82cb33cc
73d841bc
855e226a
f19c1dc7
153afe94
735ed48d
21fb1280
3a03ed8a
f27c78ee
38e25779
74839d07
9f1745e7
21021db7
4c5bfbc1
8e63d645
3282a965
c1141cba
2867a828
e7417226
4b63701a
15789760
3977a604
3d19f1c8
28b3b702
1221beca
8737c29b
1dbfa681
61c69366
6be242b0
bb08e6e1
190e7624
67ea5ea9
bc5cb6e9
4730080b
8b41fd6d
073027d0
bba82b16
b4d6a345
27a38742
5c6b538b
6dcac47e
9304462f
b461b7b7
9b8a53c7
0d7adcf1
64658b24
0576e1ae
47740708
cc5c293b
5c648322
21b47794
43cdcc52
1b80498c
d06beb28
0b2d60a4
07a19b95
c47575a0
daa9b802
2220c197
9c1182dd
61649a13
47e14214
4c76e625
1034a666
a7629d79
f70a0890
88b2a391
b3c9a9a2
40c00c59
82951471
75651009
622cb72a
322f438c
58e0d73e
fd91d104
c0644c45
30bab58b
975a95c5
db8ba7da
00a44a14
8cc30bc9
aabf2a41
a230bb2a
c804932d
b3ae3273
60006d14
9583d4e5
8b9d8971
44b727a8
03a4775a
0a001995
78f2495a
48a9aa5f
3707a964
130cd1c8
68b577eb
aa7f04a1
9684e453
57b07503
a9e1bde0
4f04610c
f848f2c7
765e3830
8e8b1dc1
aa37ab5f
8b173735
53cc7d84
2d1d9a7e
52722ff8
afeca88f
fc6322be
c6bb6672
75a83b27
44b05298
157e813b
a0fafe50
f73fb0ef
bbf33f13
3a54a741
07598a20
a0e3bd18
0389440b
298ef295
24fe84d3
a9004a70
b0546b13
7b6f8372
cbf36537
b460b0b9
96bc378c
1c2c442d
785951a8
a88aab73
68700d20
dd94f23f
8cb59717
a516082a
b37d4a15
b4859add
943ce844
15e2d509
64b651b9
7d1cfca2
40c8f8ab
90b6480a
4138cee9
913511f5
2c2f3bd9
65200d84
d0437ec2
65dc799c
2aa5e521
23d53874
f8a1ad26
414c69e3
db627211
ac60a61c
ea2bdfcf
cac5aaaa
eec13d7b
6b937622
5c2e48a9
f310b81f
1bd15b92
489e07fd
423b8023
70941886
af3e7e31
fe47b9b9
f337cdf4
1c2fd2e7
6120c4fc
169ee5e4
be519368
88ce664a
bda714b2
aeff6aab
43d4d84d
8a1b15f3
e992a42e
35b76b10
366130b5
75c69d0a
2ba4ccec
aca5d25b
c6408aa8
ee569965
550d0cb6
8bca6891
7e6b1d3c
b266e053
454786d7
fa47d347
da804076
623053a9
cb8322b1
36f29feb
d512d935
2526c821
73b904f8
e9c25545
db2092a7
7c4da189
082421da
c3949658
a70e1b31
0cd13ff9
12d96b84
5a699cec
80f9afc6
37addfa3
3cd9204e
78e0b0b9
33b7ea4c
f70231cc
200e8d50
239379d4
b569d4db
9481afee
0d470fb0
595825e4
9b9a0a67
83aa72eb
cd1d4a46
46cd0587
80b1e75a
43c717d4
4af94843
ea96d73b
7e34d6a6
e2bc58df
75d5e7b5
d80efd86
62723a90
305d3c29
7ab5026a
62fc9e81
4d349216
45687dbc
a36fde6a
7f701ea5
85a4df9a
aa0a30ad
e87598d0
3c5e6ae6
03133051
69d1a234
c2d62c4e
680a969b
12974c2a
73eacb92
1a940bc6
0695d126
27008fde
5c122938
1428400a
fcec7b0a
0f15d8f3
c1351df8
520609d3
ad8064f0
39a1e2bd
56b50d5f
f1ee334b
31eee197
e8e11a74
23903988
b2eb240f
be023cdd
dfc422f9
e745fce3
8557e8ed
097deff3
b0e51817
4a14d9ac
1308ddeb
13ad1f54
db95bb44
6f286e6f
5556a616
badf1881
d2d56148
99bc7f71
acf28334
2f36c933
6faef825
3733864d
e265938d
250f5a52
e7c46a50
06fe7679
1a98c836
b97c30b3
7e2819a6
1460f0de
546e9db4
b0192b6b
30bfd774
787e0bf5
e1b0d53b
33c2398f
2c8ef45e
4b54e3cf
579a27d6
c81af939
1ff2cf7b
fd9ad914
0c4736b3
e008dde0
bd210d26
4950dcfc
a79bc562
198e3dce
55bbad88
b2b29d54
8d73fd88
9d7ba6de
f55e0212
ea158c1b
5f1ab439
d042d787
8454e99f
a748bec9
b6f23173
cec6c4a9
68e6a1a2
34495ba3
d65a0e24
a8038b18
83ef01f5
faeac46a
8a75737f
e882e48f
1592d468
9f3a403a
c62ef489
bf5a4d84
01bea0a0
1e4524af
fbefeb07
d9ea9e6d
33cae461
82041b0a
75f5dda6
cab83e7c
46882aa7
b8d66faf
b315a1a8
68f72812
4ba6a9a4
d1f85fca
1ca5e17d
a7bdac80
2cc331bd
bca28371
0db0c036
6c11966b
77db8868
12205046
19f63093
f2020ecd
c05d0ba1
f1aed269
a9481c94
21f0d470
e675d1cd
fe62eca1
22fef63f
b18517dd
b2fc6b28
161b0779
1c1abf61
15f5a1ca
4f254795
a4203334
cd243c9e
615b8a9d
0eeb96b9
c61d9916
4a1f5365
cca3891d
2b4e2ccf
c0cff437
9aa14c05
72578e2e
b65e20b0
52a79a3a
27a9f454
31b24638
c0d1de42
4cc9daa6
6f56c868
faac52f4
b84e646c
baee0784
33bbbd2c
bc40e7c5
c5881104
cb76800b
0941f75a
db845a31
20482580
cb82ce6c
1c63bae2
a6517ba9
2f32d851
4e0492ef
00b2ca73
42f83167
58bbf78d
72cb89f5
a571a2ac
33ce498f
7dc32b98
f0984ef4
d573a132
bddbb98f
2c2a910f
09d58e32
996d086f
e65f9fcb
9566f4d2
c9bbb432
f4ddfa1f
fa6797d9
e8f99988
18135166
16354c45
28268a0a
2bf4117b
0000003c
00000002
0000002a
00000005
0000005b
00000003
00000960
00000440
00000000
00000020
00000000
00000000
580ff082
459f8124
4e38006b
6a586b37
16a03927
2213ab28
396a20b0
610eb275
2a5b3f75
857235a0
32562954
4f302e98
ad4d9c6f
bb73b5ba
902580b3
1e581964
36496a0c
cda353b0
7a4df591
81447473
4db4483c
27abb23a
84f6c0c7
0928f704
2e363b80
db82992a
bf930b1f
9fcc31c9
db2e8aa9
9f871e6e
d602a46f
c0a83f5a
2d817bc4
283b6a8a
0cc6acc3
1373d776
d212701c
0867ac86
76d696bb
23a1c8e7
d68a78a6
82da060b
dec696c4
45a38feb
b81971a2
9fce5598
a78dbdb6
0097e598
7a25abda
0bc593b6
8e14febc
421e1479
5cc37b25
b2d200b7
a05e5216
70725e7b
3a451dc3
3325c417
c492aee9
69026947
f6c2f82e
4af652d2
6a779bb8
dd3583ed
c0c6b2f8
ab164120
b31eba1f
ace901d6
a4f51339
fcb12153
9c3a3922
68a05b28
697ffc8c
a1dc0600
6a245b0d
4d64dcdd
b61827e0
73fa2161
51580c0a
56239a26
0973f77c
4dcb76a8
f2c2be3b
b544e290
8c33c9db
759a8256
2218786a
f5c88200
d73e3735
c90cda23
94cd3819
54667fa8
0be12d17
73bf4a36
4804a80a
c9437953
a89cd99b
5ae539d2
8d8aea31
aa79803d
03ef18a4
b16cf7b6
359fc84e
d6f76088
26f60d23
02804c3d
a587a985
5ab0d0a9
f9cba56a
94c40880
507a2c62
c60a83b1
8c8e5a5a
1c75a9c3
29abab5b
a76032b7
16550c3f
774d4c3b
039b8d39
237751ab
747a9246
f72a7e96
0954fc83
eca032a6
67f6b195
9eb0d09c
4e17d015
2938b3c3
9d8672ce
ada848a0
4a44b282
3c2c979c
9276f666
4258cd56
a4a66a77
6ab8d91f
38c270d5
8595924d
bd94b4de
f35a2fd4
ccb18f5c
45765c2e
08de4603
4dd87cbf
b614d7b2
dc668456
31dcfa59
10cad941
f1797228
4801772a
68b6cc24
49e77cc7
602b52bd
7e48aa06
93c09b3b
b563e35c
465ee496
59594f3b
65b1469a
8e2bd812
73f25046
6dfb26bd
9266b930
72269b10
8b765a7f
709d2194
c345bccc
249c0d7b
5a29a405
a9bf8ea8
78070e14
7d9b3789
30300453
8c5a1b66
1e00151a
791e494a
5550857f
a034702d
b1c53543
8aea09a1
1a1bfc29
c2e0b798
9bb44c33
5b906063
263bbc16
9592d534
84ce6077
167b1d70
42595b3d
e1b49098
584848f1
4a475d63
fa97403d
a52c12f2
47dba44d
8b0ee4f9
30b329e7
b5c45770
28c72ab0
a96c9026
93b1e11f
c83d26d5
76d211f7
b621459d
3ecb8238
25d5c7c1
a876b993
7c69f3cc
0253bd1c
22f8cda0
bf18ec97
56da4f24
94c93ea1
070d7821
31acbb90
3e91e1a1
e023d59b
5a790b22
777ac3c2
498e84f1
4299a140
38c6adb6
e3c6b956
80148649
b163048d
ae8b2266
271071bb
4ab7818f
330a04ae
8c05273b
a165e927
8e23b460
67f07cb1
4f86a31a
2318e526
b7c28cb4
22e9476d
323db97e
b3ec9713
9c6a948b
bf66a207
95327f16
12ca2d19
1cb6da90
530a23f2
c23087cf
ae4de717
97ea2adb
96d82e59
02a7f372
f27cb5d1
8ba78303
aec1e56b
26ad475a
b8337cc2
ee9d3b30
6c95aed3
ae4c3376
32c0868e
302e8250
2779c03b
821338b4
55c0be22
92da6254
211a91fd
f984912c
9064e93b
cf3161f5
b8275a38
25b49702
79c28a75
68994d3c
273cbd9e
2b6953d6
c7dcc7fa
59e338b0
586ab812
6119b569
4bb3be16
13986b57
84ce35f8
6d02f313
d7188bc9
709f92f1
c291afac
67bb569d
824f3835
8a0bce03
6f73630e
644b7074
05c5551f
dd0402d1
6adf0d3b
388abeb4
cd682b74
05af43d8
892c447c
258040e3
d8429262
7a5271ab
1a400c44
b14c6ac4
b58a388f
e9430833
585446eb
b3f54952
16cf1c8f
b73badba
463197b2
58b68cb6
6484a015
b4625e44
ab0f131b
2c5d0664
2fcbcb4c
ba932a90
21315d50
97c810af
fd74c42d
daab4d80
1b54874e
3d17facd
cb823533
8e74c950
fa97b17a
a5454413
a3d61b15
e5b0f9a7
5503c0fb
06fb7c75
2b607611
794db530
4b371a23
9359c9e0
24801f18
cc93bf20
858536af
551b6860
af5a4395
d1198112
11130548
1ac96b0c
cb3977c2
d856b05c
467ad965
b9b2a18d
0c0b8272
67f76443
e4b10678
7c1bacf9
8514d8b0
524127d6
9c092996
09e9ce01
92b13beb
a1385b65
43182f3c
3a289470
66c8585a
271997b9
c270d299
d78fbe96
9a030f36
007486ad
74778df1
ce590292
89c311b7
4bd01838
b9162f2e
a61b2569
f4d676b2
46d6ce6e
dc888b9a
f88771e9
b7e03c60
19c53c14
f01e675a
0ee388bf
ba06a6de
7b7a23e2
5ff93519
5b47c67a
b88da4aa
70264b1d
c44a5b8d
63f00175
a94b8d58
c75ce6fc
7a573670
7d091c7f
94740a4a
9a766b37
c136e9a3
c335333b
2c674662
9e127444
a64f09cf
bbe2aa91
3e56ed78
998588fb
988e6b2c
84f3377c
31ccf2dc
13fe4d05
04d743bd
63c00211
c9179238
4b5cd1b4
b17e289b
c2d8cf3c
69ac6d7c
8b1c580a
62aea596
6f94eb4f
70307866
acd77a6a
461488b7
cf172b54
7bad2499
8d13988d
fec256c0
3b4591d3
ca8c5570
27080b53
c53dcef4
4dbc05c9
0b71aa75
e9176185
9ac93ea3
f582b961
b159aaa4
10a0b82d
ad0e362e
62c546b0
4aa4f93f
1390c384
513c9b07
94a1d406
0dad9a29
b1411124
26d9899a
1f20a860
fa6a55f2
279bb627
cdc04b97
0cbe8db5
7f94859d
b437972a
e3ae72c3
745660a7
414c1b72
b37d60d7
392afa4a
da5c83d5
95cf638c
b9aadb58
293567b1
d51a0a8b
9a670b13
41367555
7384086a
15f8c73b
853e6931
91665325
56494486
fc0df805
18052a14
0357c38b
f56049b5
3142aa94
9b69592d
e6548836
cca65754
83318b5f
08953c15
97d657c1
3fb66416
9fb29234
49374435
a2c1ca1c
f64e693a
f3f465b5
c279f782
d95691a5
61eb0e9a
0b893da2
a062d2ac
087b791b
8646536d
a09798c4
04626ca0
4d3543d0
ed54d08b
4c986e02
75c64d16
63a823b4
b6c326e6
8433e5ba
5792541c
89350dc9
b5f426cd
171eb1e9
208a2d29
3e562cb8
b83d5970
b3c3493b
5231fd11
a7cf4632
76298c80
b5a6da79
c3a5d1ab
600d36a9
9ccbba8e
f50a6425
913640fc
08d14817
00ce4130
e08ca925
3ec8bb12
9770d651
a8ea42c9
a4f5d164
e2ad21a1
d6792ad6
9646d233
dd718307
f38503b4
3b49584e
fbb3d1e4
dab6b985
45a8cf98
9f64daea
77680c41
1da9fdaf
817a5679
69380a8c
a3ccba72
cf5cd4ab
9cfea863
3f4715cf
5e6b0105
893d95f9
10228a2a
9959ca43
db09a98b
b0520ab2
b48be964
06a5b926
909cefb0
2110ba30
f88d325a
28b2b017
1d3770d5
164b591c
3eb04c47
0b1b040c
30a4c7ec
2d74c380
5848249e
601fc988
1c392a7f
3154bcb9
e26319dc
ae0ae2b3
404eeb27
5b1e09f3
8f59d22e
fa6f8105
b81778a9
27d9fc3d
2cc5c53f
a6b3c327
9e2070a0
65af70cd
46a99b4c
14948b5f
40bc8da9
48253ced
0780c166
ee36cb96
39324020
822b9e96
0cbbdfcb
0568e0da
851c6dad
ff0bc3bc
df41addd
71d81af7
533c6e84
66325d3d
22f0f5bc
c6ff744e
91a95470
52a7180d
e8ed1b41
4aad33fd
a651d9d6
1f558c13
d28366e0
3d9eca3a
e046f9ef
24e77494
11345aa9
70040cc6
6b4aeae1
87d9776c
75e68888
79d43c61
89eecbf7
354c1126
64a23089
537551b6
d371bf37
eea2be0e
bb1efd94
9ca49a44
dd218650
59dc347c
9248391b
840e04b2
d4444e19
bf67a966
426b9a74
224ac7e6
f0d1d06b
515b95a3
d5a00c15
7fb9e20a
abc174eb
72356b4d
3d189003
a1cd3fb6
defe339b
fa41767d
dad63585
d90da0e1
46f0d15d
0a57edee
f8c4f5e1
ab4d752e
34e43ab6
4161ed3d
7db1b9df
2b016b9a
a93d1990
98f182de
620f33c3
2c21174e
5a561189
e99c6ff4
a1de9e1b
516928a1
dad9f563
bd85c7be
cd64de30
bacf6ac1
37883c4e
5e4da830
26b9bb82
8e4aa7c7
f928403d
298c2d50
d9bdae3e
b7466601
d7e2d706
293df7e4
27ac99d2
5230c857
c4069cb7
56db370f
b236f94c
1e2e256b
9386a2fd
87dc61ee
e8a29429
c21b02a6
e65cef5b
3ea1d950
a36f2dbc
906cb4a4
b0a6430e
53132387
f2f77183
74e4dddb
441c2cd8
adaf0222
68d663dd
0bf98a9a
7ddaeec0
dc729436
ade9523f
3fa90753
a5cfb577
fcb2524a
639e15fa
a3f98dcf
a85a27ee
db2e01c0
fab494a8
0248273e
60d86c69
6b1bd11f
ceaaf6ab
695b2f49
e5fada1b
aae8daa7
45312409
3b68c505
20132921
fdbd92ac
0f8ff6e5
22416958
49d8e3a3
710d8891
e715652f
67dec062
3e20677f
71e3a4c9
9499b5ab
668ca5fa
a74531fb
0595459b
2aa109a2
f15f91d5
783ef925
f05758c2
ec64b9e5
7bb2a949
cff925cc
15105162
413ec85a
2654a85c
e3287cf6
faae36e1
6fc326ff
7edc9980
67884e7b
ac378d58
ed2e4b74
db8091c9
d80e1e5f
070770a1
22d68fdb
dba9d80b
0ce95084
0e12ed71
9343d203
70609a79
c2469112
a9c2b649
b958c2fb
769a5069
dced1139
680f877d
ca9eb41f
39dd77fe
e34d3e34
ccdafb3b
b24457c3
81277963
8ee74317
4418cd4c
01371cc5
6c349e21
05a879d5
ca0d87f3
beeb9acc
91b27721
c7a7cc41
5d148bc4
6b580b23
a3db8d95
314da279
a9143537
7c235782
4bbcd1a0
34bef3b9
e6022d47
526546d4
8efe18f0
1e734103
94d97bb4
781fe2b8
27c62889
269d0651
6ad11735
9a5b70fb
8db355b6
4663ebaa
db15125e
73368ee0
49ca0018
6fe3d773
3d78dd8d
7bd23688
7e764cf9
edb25b19
ed1165bb
fe62d052
e6947d7e
836662d1
f9c733f9
5ab7d587
1ded6bf8
260d06b3
2c2703cb
a48f9079
7f991b0f
8dbc0960
74337ec6
b9f2e6bb
3dfc9214
27133b0c
157f33b1
6e509d1d
b392f62c
abdca4d2
3310113b
ab21baa7
86e92eae
642a3823
5612995c
085e0522
8637b47c
37dc89b1
f1365ec1
343988db
d309ebdf
81223ef8
bc8fc25a
13799188
c7029873
d86b792c
56014091
7fd5d2b3
08e803e2
d9b28f9a
4192638c
0fd7e9ec
94d6815c
a48d3bee
21146a14
5d0a22b2
5e7401d6
390b2e06
13f67950
53023f56
f113cb10
ea515bdc
70d89a4d
99bd8bee
9c4a4eab
de81b048
4c0b1ee5
8fdc0db4
b646e8a0
2ab21f87
7260f81d
d1c14e58
05af8069
39182a35
d780dfb7
cc2dc47c
394d99e7
50a0faab
746f8b12
965c27a2
08764bb9
5dc69ba7
b35ed6b5
e525d922
b3c8dc8e
0000003d
00000002
0000002a
00000005
0000005c
00000003
00000960
00000440
00000000
00000020
00000000
00000000
4c647394
67878257
3bf00e90
458b4b14
306689f5
7971278f
6baf6277
502b9413
161a2ea0
4d573270
52879fbb
cc9bdba0
1baeabac
988d0bf8
9fb87ba5
0bb96598
a268c2ec
b58a303a
e2581784
10c86d62
5078abcb
33af8880
7a431db9
66179113
a55e64c6
55d52519
3bd67d15
e8ccf335
689974ec
5322d066
9ebd6272
e14d1a80
5af1f97e
031ca744
78e30e54
48d8d88c
cabc95c3
33267172
9d24879a
088636ca
6ada7fec
1cfc4a1d
9f889898
56299ec0
2d36f493
732d4573
a1a82465
548771cc
8d3fd965
13352b90
17953733
bac5cc9a
13ef27ba
87071f69
6c3861c0
c9f8bcbb
5ee59ca7
655c2123
95413559
00835611
651b4232
75e09fcb
7189f520
6acaa699
1082c6c6
ce2813ac
81d00364
55866ce5
3071d9b8
3245b767
a5d9ce86
626ca75c
4b775826
22614c40
c5ebcc24
7e6d2522
5870867c
20906d9b
9ea950e2
4cc9ceb0
44e36602
da22bbec
5a69bbea
98526d7c
ba9ccc2b
e7a16ba7
a2d5ef2b
beb1c028
4bb04ea9
bdb10159
9abde668
05b59cf5
68208e97
bcc4f801
e1845cac
21110889
8f8bc7c6
e7143c45
b0255d90
b995d998
e4e13a66
13bca5ba
23959923
223f6dcb
5efaee36
278f338a
3539b5ca
270a1318
4448451c
40b96187
5019d8aa
0bb41b64
31c1329c
cfdc4657
9d471904
8a8aa80b
3c427eae
e00aa49a
0b046f69
a050879a
66983088
bababc35
bda9180c
c3c4e084
f7c673b0
7d68bb44
0cb1ec41
c7578a70
3349f668
06351258
657b77a0
b9129a65
512e5370
a6a56627
a36b8e0e
8c5ba94f
315d7b55
00d0d62f
cc6e8b5a
e3005ea2
91b87c05
7f5b8a8f
da401128
01659756
a07eb8c6
6a545448
cddada08
1273b478
3c03336c
42cb1172
1b748adc
a6017117
a9ec8ca9
a13bac93
bcc7c652
8cc9b083
d33a22b1
1be0b5a9
8b456475
889e0749
c1554f61
2b154758
5a04c734
c7bb9e85
ca818365
f3c4f542
15b4c912
a745b80e
a96ab743
f864c756
25a0b378
f504c585
345c8761
38264682
0a22a9b8
c5157633
702ae7ad
2c0c2213
891013f7
6df7e71a
c661ba46
c6431082
7cf26f82
9747db01
61301ba0
0fb66528
f544e155
5c35bf7b
aeb43e42
2fb1270c
62d904a6
8b743051
cc07485e
42a091ea
b29c35cd
48693a49
f2674bec
8dd71e57
a1312ac0
a9ec7729
5cec51cb
e738a846
d3f58ad1
1a731e06
5a01fce7
415f7b15
3ea0fd26
a035ac5f
100d5ea4
c61b7a3a
8f8b15da
86ba2ab1
3be2e91e
92ac600a
9bbcaa35
05167795
09b21601
b3491522
2aa4a3b8
f583143c
0608be47
4c77d264
2984aabe
0c3e0b69
cc6c2411
33a94215
02f74e4a
6f05eb69
a5b39971
192043dc
ca21f353
9c19aa35
e1906d23
8ab8d7c8
efce73d6
96878e95
05e21cbb
3c982315
dc8291e6
7c07e09a
485ab49b
70124c49
37c3f403
7e3fcae4
42780318
79f87262
f5b6ad00
22474bd3
91381bae
b473101d
8c477dd4
212c9b22
8930e157
24268f13
18c79f8a
94ad75c7
a4ce8ad5
4d76c8b0
611384f2
75fc808c
bbb7b695
74b374e8
2a8570a4
41d99c80
90ace56a
e57f2550
b52b1525
23a55225
8ab943c8
ba61bf06
42441c2e
b7f28c53
6a8b9f17
60b781e6
5364231c
44906e55
2758a780
ac063181
53cb0758
51409252
d07211c3
8ed87c3a
cf0ce0f2
f2907709
8bd6a776
3a074497
87df7c36
9c313341
902be1fb
892f4018
98f7dd56
9f578655
f9aa1022
093204c1
e56983f0
88b7c327
482b2aba
0273d329
ac906032
c2ec8865
b95222ae
18d58618
ab9507a0
2b49dcee
d03b8a58
83d6b609
4a4c3488
f5b65296
3b8a9d19
fa4bea73
12424c61
95c0e673
4a9100a1
58dc4a07
89949b93
bcca0847
fb77c21c
5961d120
b7a9b26f
db967a76
98885e21
1b90a3c4
ec4d3349
56d065cb
c74eacac
c7dd78e6
6da688c9
143de687
8795aba7
b7d6c931
bfbf6152
59209e93
1bead9af
a35e9a8e
f75d1308
41898d4a
36ae0cb9
dc7c6b39
1073feba
f74ab342
63b89380
9520154a
803d1199
071c93c0
8183542c
5bc67655
a7aa4e60
b0f02f42
b26d79f3
749a4c18
bcd08084
a52cb4eb
c8388d92
0db1b287
44bd7246
624d54c1
cec35d02
2a684ac5
b1792f43
5cdca3a1
bc4f0484
55299024
1ab50e2b
ea572914
577b9fd9
cac18934
8e39c155
33db9af4
afb7de9e
66cf031c
f21c87fc
aa1af8ae
3d1ec199
2ca88cf8
08e6965f
798c20e7
b58387f6
8e6468c5
6d835503
66695ba3
29b50c2e
a00b295c
a4476f40
b7c58655
440f1731
6c2c25a5
2080b823
d825ace6
74405aa0
3513c57d
83c7f481
8252a393
64ab3664
571b1cdd
f8ca8718
04f63364
8cac48d2
49c13bdc
c2476074
2fa2971e
b2a304f8
cb895563
8a8721eb
b6374465
00d805a5
a900d32b
052f4224
36b5f82e
eaa58406
92cb8718
b61be758
9b2821a5
b68e10a2
185b3603
b9b27afd
92a77caa
b7380376
9a54c6ba
d7974bec
c150eb33
595c513f
b3199d79
40677753
40326111
f44d0f43
19b69b3d
c268f06e
aa935f28
c4f4d52f
e47442d3
c77290c4
b98853bf
138c1578
c5440555
63684756
f652d147
8592a757
48179655
0412f99a
e6860b31
8d8afe53
ed5930f0
5ce29220
2a49d691
983c97b0
92ec1786
2a967fcd
cd57497f
24077203
6b49ef3b
d90cd2f0
a2e6acf5
00a2a20c
9e9a3852
6671ce80
c9591943
763b56c9
78f92ba9
7a31c92f
2a60dc0b
84ed9fd7
9a4a121e
4dca3b4c
425200a2
3a4b363a
7a248870
1c72b348
83487e1c
841043a8
51f21d6c
a573d096
05b18298
bc780908
54d867a2
0661d962
dbb0b464
068b6d6b
517b9597
99fdba6a
a5751304
3b55cc4e
f6028a06
76db3c5b
86a8a808
6546bea9
637c0327
a652f95f
165b7ca0
a211e18c
b06f36ae
d7236001
4401007d
ad6eaca3
40206557
40980321
c9761b76
9b742cbc
44e73cae
a34833f4
24ec9fc6
6b7a6905
f20d70f5
244d9083
474c4d01
0bac406e
41213f15
bae04927
b0758c36
d3229cd4
c250f56d
6ac1350b
a2974b8b
627b02a6
82987497
181a7880
ad4637cd
47130931
d14e190c
c9f99543
dbc5321b
500b9464
367c23a3
bc32d62f
b2d402a2
09475db2
a0a4a3a2
c252adc9
740c31bb
53bdd473
57b259c7
656a8062
b426a89c
937b39ca
619b670a
b14d6add
38354de3
bc283bca
3ecea400
51937091
248ccb21
f4cfe9db
c05bbaeb
9bb0bc5a
f3b7e9de
52f8acb2
85a79ac1
6d20cc46
c86404e0
9bda0547
8870c37d
304f3957
6f873809
4ec2ac1b
02563943
9b7b2e3c
ec172549
36a97763
5a425a5e
adb4c218
e7ec3016
63695193
014cdad0
26232624
24d0567e
e52c7381
c7549b69
391c581f
ae9efb71
3c983865
9de7ffcb
5752065f
f5d41958
3cd37607
a3b3663c
a62ca121
b225cc09
3ec0fe2f
515313e9
b65d7eee
a6d29db9
595d7247
89311031
83bdecb3
d60a5d02
c9141df8
febc06d1
6f6e0e3e
effe4812
d437b335
49167d60
97f19539
3347ce3a
1d79f49b
12840308
fef42e28
0be8dda6
89aadae8
5bf37fc6
96dc1621
5b5edf33
0421ed73
3b850fe7
8ac00179
339bb8a1
4df9b4ad
3854b73f
175d078f
98b1401d
4e0ebdc0
a5774990
9d206cd0
c18428fa
3b8d2d1b
068f95c3
d67f74d2
37fbc8e6
124d6fed
f50f842e
72568913
1c202081
702de4f1
138b43cd
1a0fe942
539140d9
f2aaec22
ef7b1dde
aff06072
b1808078
a079f80f
bd36a62b
133e44d1
950f0419
f4e9d9bf
86bfb01f
c7b93f00
4de7aea2
10a7f2d0
2b3b278e
03628b7f
bca30b4b
25284cfb
c25d7c3e
d950c9ef
44a4b635
a55314eb
4cf2e9d1
02f3ce6b
1fdf43d8
d57ea91c
fdca266e
cd9e58c8
3f2a9da2
198b8ad7
b3b9e2ab
da4d186f
6547091b
abcb8e42
3ed39178
37299ad6
69a9a50a
22dc767b
5a3985e6
23f58f23
ea2d798c
d1ca9029
d7c15762
30bd65b2
8e3a5c0f
f477561a
ebfb5fa5
1e9b1467
beca8d64
b8d20c2b
412d2154
2f8615de
58bcc82a
ea225aac
f72bf9b6
a9c204f2
24ef3d82
26b74e5e
c54deb9a
8ba513ba
b0b9b79b
07807154
71299ac1
bc258095
030dbced
23633289
786d1ccf
b559d1ae
6b473a20
38936cca
81062d82
f39e1b23
f9e9a382
95f9640e
eb4b04a0
9573904b
102f8a6d
cd0a8fdb
39280e23
738414fb
14dc98b3
6a52cb97
50131b1e
579a8fea
ef0421b9
b8c7dc43
f3381754
3948a4c8
2605febc
15958416
cb7e7902
68f48c51
8c92d71c
0ce36930
1a24925b
c169c2af
694c9388
2426b7c8
e570f5e6
ad80cb01
6b9739e5
662971da
79445a20
aca56146
b670d5fc
a7b3c7b7
e557da4b
bcd22218
8d7e8f3d
3203ffba
8b7e026f
659b8c63
62b60e90
0be67d85
10e70471
7df4a4ef
8cefcb09
1b1a48a9
30425f6b
bc44745e
177a634a
905d255d
7f53906c
459618ee
a01dd35d
2e2e1cb1
f9a432f3
403aeb20
1c8a73d2
19165cb6
a3a8a16a
2e68f266
da83c6f9
9eab0cce
2b16fcd7
6049782a
deeffd36
f3da2a56
52f42af7
07ff79d6
3d50c570
ae5ea36b
22c25e54
1a6e781a
18ebed83
db3435be
335b8a48
709d461d
17839327
8b281d59
fef2d658
787f81e7
59b30fea
ae111fea
2691dba0
f7ab0a46
2d912381
a44cb3c7
d4843cff
d28e1c4a
24f6ac47
55fb6d66
20fa2e14
a29dc0ce
3b7efb01
4a9d83d9
cfce6a85
5887fc96
a79cb7df
6850fd2b
4f2d966f
7c51adb3
c4a3c7c7
e1ee3222
b110acde
b53b417e
e52fbb75
36927973
3d30b6b6
65c03e65
31769ccd
0d0441da
bed35613
75cc26a5
c987664f
83840173
4f94abce
f780bb85
e8b701a7
afaeb3bf
607608c7
1f296920
ffdb7a8b
408908f1
90fd9628
2f961aa8
4c063553
7ca9d8a5
75e3e79e
9df373ee
27af3910
3bd4b23f
fcf990be
e4d91305
c3fbffbd
81141835
74841cc3
81131500
06594925
d8105654
7aa1ddaf
189ff94a
51746cca
454fe644
657a1811
d4b0a12b
5db413db
cac18654
69fd47b8
285394fe
28912f46
edc5b3c9
c7a2323a
35a8fb2b
18b45a73
a8b30049
6378404e
dcb052aa
e6644dd3
f7b1fc2b
c027c71a
17cf6678
a3d23105
2ebbfe26
440da068
7e609a52
bd149ae4
f80189c1
35a251df
c2a58d1c
f7409d8b
c4557fee
d8dcca78
3d4ba1af
32a1c62c
1df5c38b
f344d7f8
332de10c
ff142e20
0000003e
00000002
0000002a
00000005
0000005d
00000003
00000960
00000440
00000000
00000020
00000000
00000000
297ef68c
cc881c23
3664d745
270c92f3
ca4d1c9c
28139c2d
014073ea
0be3cb29
1a210391
b942a14d
92841d55
38a6a937
0da47861
f7d0b54b
b0c16739
24555b7e
e84b7199
740c7432
2ead6c2b
08ac54bc
92a9e321
077ce748
f3cb4270
78ec00c2
04aac79f
f08642c2
b4bba576
6dad5aac
194c9fc6
9ec65c2c
ebb627d7
2cc191e2
6ce537bb
3a3d263c
c80c125c
b0f34355
f87950b6
55ad6574
56f8b891
1190809c
00953fd9
2015c10d
50506804
ebda8f7b
0da1859c
50a4fba5
e5fd3b09
50895809
7613500b
2327c92b
3a63ef4a
9a66aac3
07a22d40
28088bc4
c808c9bb
617dc377
187ae3b6
039b8bd1
e63d0fe5
79b4ce30
5084a3e2
476ec587
7a68b103
f336e9e0
03428b28
bdaad1c8
a0284a94
9a9f185b
9a260292
3dca908b
1c536e48
67d29e16
7d2b52e4
97e6095c
4db0f0a4
d72d780b
043e22b3
6ae63e7a
17204bed
16cd5ef7
5bd2c02c
76bd4340
96ef1999
89dc6b07
a893ea0b
a69090f9
1fc27b64
69546338
638ac230
97e28766
bf5d8b1f
d2d046a4
5db27b54
d2bedbda
b786c333
2952d603
e282a434
4acf0363
0de0e58f
2403791d
cc1b6ca1
75bbd911
81b59732
45ea9aa3
9c2a844f
58ab32a2
f445230c
3cf4dd36
2ac1c297
73dd1048
5fcc3412
97661cf7
0c90cf01
2746cfaa
8f20876d
bbcf5ac2
95286984
b40e11c1
65429225
5284c1c5
3eb362c1
6a59c83b
7bc8cdb9
0f6580a7
250a90db
1ba533b4
d91ed394
e0de7527
8838f67c
ea482cba
c7ef06b2
97242a83
c70494c7
801b625a
3b371625
ae045caa
f71e9bb5
c1d3fe2f
1949f5c3
a32b924b
94e53275
b56fd2de
a30a1822
cb02b823
6859d923
f7d1ca91
51b60703
a98d8a38
5a16a6f7
1855fb6b
f61846a9
802e8c7b
5549c4b5
2f143670
46ba4d93
c786286a
8bbf1401
6c14bd18
1c908925
48733aa8
91a672ea
8257b345
be6f91ba
31a39073
ae395980
0501ab6b
684c70b9
a79b194e
5a7132a1
23926c16
77f87886
8e944cea
2a7a2528
3ada5077
7933b27f
1b37bbe2
70e4ee66
9d5aa40c
22df8aaa
9cd8bc61
b91086d6
75fda9a4
7fc87dc0
921f8a57
728b4a4b
a0746aad
c6599466
240fa508
4354d057
e193f920
bc6f960c
19b91875
9713747d
61bc80b2
c105c529
9850e6f5
96fdcbe7
53e91158
009a8a5a
c45247c7
633bd7b0
41622788
3bbda417
73167068
28465370
7caa85c5
1899f320
c3873541
f07c6542
3aa52110
f4b0279e
143d7c66
81ebaa44
a2cc6287
3515c1a2
b51ae9c0
b2246428
c2163bab
8142c242
f3bcb8b3
bba74dab
9a72600c
fea0a409
b0c48d7c
6f5282a5
24baf894
abd20a76
b094cd5d
8c41915c
84398120
38c5e12f
3d88165d
f6508499
74fcea59
4c3fb005
5a7d31f2
267c43b0
3b4ab874
9ce60379
5c61a1cc
b142349b
61b1cdd3
cad9b092
454df595
2614c124
1ccce365
18877327
ab875c60
680b9435
2413c183
511caedc
74d24b4c
fd3994f3
60ad0882
3a00afaa
26940b45
1402c7b2
3297097b
259a9a05
3aa340f4
98092291
dbc28ac5
030a3bd0
422256a8
db0e9af4
06e864c6
3b434181
35a57bb0
63a99d53
90d6374f
940caab4
93c1a7f5
9cfca655
ac5f0a20
c73101cc
1d99a93a
b8266b33
15ed26f4
ae98de0f
ab3a3b04
3cfdb258
7502b099
51217af4
f0ad4866
20367f38
04193b81
81f26661
1ea65ec6
5f6dd616
cba64da1
a7c61054
f4826b41
e52dcdd3
1ae63942
50ccf4e3
5bfb49d7
6fd5e9c0
af9a76c5
14773688
b8562096
c2b8984a
bcdb1574
09e2528b
a27a3a71
559e7a11
2d3c5a1a
a75a0841
c4ea6338
1ac10b87
71c473ff
ba295927
8079f6be
df8cf760
f5cdaab0
01676143
d22642ab
c9557a70
058097c9
a2ace320
3bc91197
c0c5ec5a
975342f0
4820763a
4b501ebc
e25b1254
cb008d6a
72b9e826
6035e5a5
617bb9db
a0234d7d
82628147
3a2a1e52
a80a2475
a65d29e3
765fb1fc
a44394a1
e86c666b
98cfb166
afe0b30f
1d521b61
64c5b80b
46abe022
1844f3a5
321b7b88
53a8660d
93b47c4a
4b0a0107
a3922c2e
c99ecaf0
c65c7b81
17e647a8
697df13e
86577410
3906be56
7cc2919b
016b78dc
00cc6771
fad008c4
39a1b0bb
3435d703
ca63b987
51e630f6
66a19269
1e2d385f
b7980554
94744c62
8c7d240b
59862f12
9a281a95
0437f496
395a27f9
c86ad735
62961882
b8db5116
72b8351f
0dac2a7b
75415f8b
6602c8b3
634dc22e
11267226
a4049da7
1ea64058
a67aa996
c24be552
5617c6a9
89d91f90
46c4821d
24951830
bad70051
a03b95bf
66136676
5b8987d6
9539b2a3
3104dcd4
02c2495c
6c82fe54
59aa5a47
cb7a208b
70745369
2567cbeb
541a22b1
c805143a
abb23055
7bebc062
7cc14476
18a2260d
724a6387
32a87654
1c9d377a
472508f8
49447dc3
52376aaf
83570ae8
4e7965ac
995207dc
bb8389a8
0009127f
10c0702c
9a0a9b19
963529b2
f6c6cb81
9488c362
19b27242
38593a1e
15c16936
87894d88
baa3c0cf
ac0d3552
0661ef22
62805c71
391b64c3
a1403a3e
d14a4378
ec9c0d78
4dc9c087
4f20aa77
070f0f8b
735122a4
44059868
5a8d64f5
4bda3411
828107c1
e07f1239
106bcc69
7d91e164
b46d2a52
6fd38799
59775841
196d9379
a18b427e
d18953a9
7ab61ce2
6c2ceec7
4e0c089a
2441b799
6cd74562
bb40faef
26125eb3
ab7aa328
60489bb1
ec727422
709b5259
5c1d7080
b499329b
b4d11f46
ffa62356
2cadbd12
15a27dc4
dd7566b1
63972c48
94a4db5a
ad142c88
409e2098
7046cb88
215602c5
7a5bb8b6
68311e8e
ec8e639c
1bdea898
3349f91e
0174c891
c0aa3244
369989cc
2168fb66
9cec2e20
94468abe
803af4ad
82161994
8cb735c2
c7c21095
9ce36a6a
60345c57
c4a4fa18
29cb5757
2d78a260
4ea51947
9b436710
99cb9fa2
5a92c4b6
b715ab7c
94c3b977
58ccf0e6
a8371112
1034d46a
a1a18ac6
db805782
605cf30f
8c312256
7894160b
55babd98
6213456e
d1dc9297
8abc4dc1
5798aad0
56e305f6
3a79d53c
a310b867
32a77b57
0ca9eba4
905e6cb7
414f8be2
96f5ce95
64452789
61006720
2569f315
4ca6a160
c69b0a0a
c1eba548
ab4f97f1
35f12040
9971ea71
08a8355e
4c695143
467774cb
2c32e8b1
0525ca97
b0110222
1514228d
e0ab859b
6d318b0a
b43230d6
f36c9991
6cb5d95a
e9903789
51a46d63
25c7c0b0
45238689
a2e18369
8014be8a
eab8b8f6
4ae3c2a3
94b55c2f
86bf890f
22c5cb85
65973c72
35597029
0ce69c73
a8c1f3b2
9c6b0324
b02e457a
4697dc02
7dc6f2b5
a4221376
b9786f30
ae1025db
3c5c6727
0b625692
dcb47617
67039033
26a337c9
1a375c25
d79e2a56
4afa621b
775768ba
a04e6d40
239cb8c1
bd60d13a
7bd5221d
5bae786a
7bc8fe8d
c76640b4
97cd0ebb
7eb26693
bb6c6fca
55d2d104
a97d2177
d15dfb71
57854f18
91c9be5a
e759d95a
18c14059
727a6c6c
1ff6a977
c1645401
c8112fa0
feaaec02
0d3b9a11
1abeea30
53f518d1
68eeb54a
1952d5b1
5f9d92dc
8671c404
551f9187
7e3efbdc
0eae1ac6
0e5d4abd
03da91b8
0856eed4
ea9738e6
09be93ad
f9c6bb13
7188537d
dd09a549
0d00f381
1bcac379
0807f22e
93171538
fc214bd9
c42b6741
e2903059
9f860bc3
44f392ef
e878867b
77258607
8a8f2b8e
c9cfd90d
e4316cd9
58d5c061
7eb01ac2
61a559a7
eb181f29
cceb6ddb
44209553
dfbcbb1d
3fe9222b
1fa0b26f
ad30443d
82b33802
aa05f536
3a25b97b
74cee609
30ef7422
963ae783
1b942130
52e2f9be
006624db
f6f718ce
ff2a86b3
188e04eb
d8c6a22f
5c0979e5
24ef8127
1cd1aa38
c10e5cc8
f402b69e
ee3b819c
8b9ab7ce
60af3633
efabce79
503696df
5053dea1
988c8f00
44780291
fd35df5e
4337bd8c
645ee090
d121aef8
919d6f6f
4bd29f27
7627dea3
4c8469bf
dbb36f61
fe4b6939
194b71a2
8cf6ba03
efa0ea25
54d22339
9f760b6c
2b5cd110
ddc65a85
1a2111d7
3ff20e3e
5031ac6a
c2c7a264
bd5873a8
cb6b2af0
1dda1a9d
ea37f983
4a6206d0
ad357d68
d9114fdc
c8ab33c1
f4df5a3f
a172d20c
4a15dbf5
2e7f9194
71f712a7
7e288087
551b0f12
ed781665
31893967
d6219364
c83f9eb9
e233d21d
c6d34e6a
157d49bc
ad9a9e63
b8e9d582
076dc862
efe465c8
3cadc022
0e1838d6
308f1575
60f76545
6ef0af36
ed5382a9
a2ea520e
cbe150fe
2dae7f07
c15b4e2e
7c5f1de7
f418cfc7
720dc444
038f5187
4c48caa0
0e28bc8c
150b21ab
e373d668
09eeb1c9
d824cbd4
d3e4f9ae
7477df0c
ad722b9b
399d9ef8
0ced9ed4
306adb0a
6effa0c5
abe4a6f3
3ba06688
82a52165
599d95a2
cbfa4a55
46407caf
c3577624
22d029a0
81ba2a06
857db7ec
526a251f
b9490c7c
ab35adfb
908b74df
5d19778d
ed93d0ac
766ff4f4
6d52e74c
9c078354
d1c2821c
fb087865
5d15ab14
6493d14d
c56d36fe
512523ce
f5b4842f
900192ef
ef58b983
35e7f868
626aaae9
75dabdb9
44b07910
52f57c95
4470f96d
4d0978f6
5ff79aa1
a09caec0
ec70a375
c3bc6ed8
f40f3cc7
aa5f61c4
91423454
b0402802
0da6f7b6
6dd511f6
27f247a9
8034c8f0
2dae9b23
740eb6d0
ca58aec5
466b66b5
394fd696
66f4b60e
2c6643c8
8f92482b
f2039e18
a02705e4
8f36b206
5e9ba1e4
a993c4d3
02a92d42
b1ee2e90
75234c2a
23631547
b2d96f87
4b57c8da
30befe4b
189d36b0
8a272f4d
4218f6e1
7b44beeb
61878dac
bd3aa882
aadde394
e4fba429
e05e5713
9e35a0d9
58e49ef7
8baddea0
be642052
aa20ce26
1ab95789
f2af8cde
beef42c3
ed988ca8
55d35f01
f6e20e17
16f6e5f1
76c96d38
ac1b98dd
30c6c6be
50c5ffd5
8e1986d1
45e66ab4
c2ab76de
2cf7cc34
07a927ba
296930ff
234fde92
853bb93d
c3cc8020
b45dae8b
ca611f3c
ad37e942
f152dd4f
3527cc17
d88eefeb
5daf7500
bc6911e6
a07c7acb
72ba567d
db7e6f33
8a1a28a9
3fb5ab68
59362f46
d13648e6
f8ef985e
3484a90f
f1137d2e
1810c07e
a6c7aea6
22e41b36
406b0db8
729da3ea
8b8169aa
0db725c9
d2d30639
87c7caac
a562f355
2e569153
64f245fd
0eb1ac47
74104748
efcca91b
0000003f
00000002
0000002a
00000005
0000005e
00000003
00000960
00000440
00000000
00000020
00000000
00000000
ef54d433
84541799
3f6852bf
246a34d8
ab690b29
a2fc492f
2ac3a5f5
8038b3f1
12e71046
04c4a7dd
bc79b8a7
b39a7b82
85624308
597634ea
b594e418
cc3688a6
e730a3c4
0d85a516
4a55c35e
66a38b53
9b04a864
33cc6ab0
8ac39463
4a2497ab
3baf1bb2
4a338e68
2169f98d
2982f78b
0be93827
5d763eae
8521290c
9c73483b
28e56490
afa23bec
63c03919
99b29961
f4ad5051
773c1c1b
7034b455
2d776821
1a8e6c85
92b962b9
33a68525
572f9df5
c564699a
529e27d8
d4265350
69861068
b63e25c0
b2d4267b
37bc5886
602d85b3
e9dc7629
3e55da82
412dd597
66ca8f92
b8b895ac
91b5d063
8cec1749
8f7477a3
7531a0cd
d66a5b57
00068617
6e018b7a
32cd7b9b
90abd367
eca3f752
a2952062
3441c529
9a1d9c33
36e88cda
95f943b3
293e38a9
02d81177
44037d6e
517c5b7e
abd58835
24ab6d6a
cb89511c
730a761c
ab74731f
ed846b9b
b241530c
7d027390
1bbad441
e54d9923
a676c219
dc7424c4
01ce68d5
95ecbe4a
664df2eb
3a214d90
5d3418ca
956682ed
9747ad32
ccb21b3d
aa6015e4
fb2b03b8
4854223d
bc0f3153
097991e9
b4600d7b
07b9c056
b884b967
b765257f
2d886597
577aaab7
09a4717f
d93ad5d9
cbd4a75a
58086170
bab22886
20335c70
1659715a
cc285530
58517a90
bea2df68
dc51c3a8
607ec9f3
26394a4e
359d0580
726d6c79
65c63733
9aa8556b
b2892161
ce33ce19
7f0ad6cc
f78eb584
0801f2b5
b846722e
3b6130b7
29f4f0ae
30566724
9b5bcb62
04148fc0
1b29b9b2
b29a42c7
1c1c40a2
9a191ca3
8158b0bb
92e427b0
119e49e4
c647c1ac
009ba556
e22370ac
93f137a7
b9d19ac0
8d98e555
6ac5b75a
0f147074
eb56d970
99032f3b
8d557a85
343313bd
b5834e77
06b9f435
0d26f504
da95bcc1
cd224a27
4891d3e8
785c27f6
38336a7b
06009488
e39e8695
61a1b0cf
b19534c2
096195e7
18f7a0c4
04bd8ace
c0bec060
87e098b3
30602a30
64bf21b9
3f82a2bd
15541c9b
c23e2cda
8fc4f713
fdaa79a9
93eea3c4
0d844972
c31c22c4
10fc0975
4f010d5a
de7ef6f7
0af1a067
cae14c93
722325e7
4627762b
5bf3ae36
2c2e2413
e0810b71
5cf23820
46186189
ea9ec0d7
3c58e11a
206ab3f3
d9454973
897c2c16
adc21055
5a8b9d26
38388b79
5e278cbb
7bcb571c
93914f3d
ad57d3e5
33c57ac0
110b9f5f
923483e5
9a7bcb85
96574305
065a10d5
c1875ea6
c337a457
5a510474
aba86805
afac8d06
2a6cd7a5
755138d9
a50ce900
2a9447c4
08971fa3
73d17019
ca74e838
392f19d4
af5c898e
f03b34bc
c1751d94
632a4616
611e94b4
faf03d96
8b9b871b
aa5634b0
77433d2c
b8e3f756
e19e4421
84d87a9b
0e16d945
567335c5
a23a5b87
45c9a961
f6821714
35ad477a
86ea3b9a
a4a499dc
7cc83724
cc212b92
d36a70a9
85d61088
61119b12
7192d10a
083f0516
7181f2ae
b420325f
464d5b72
c0f18f10
7da10c4c
7038c09c
7b73bd75
bfc033d2
58f83011
b6243b90
4e3c956a
40137168
bfc4f5b5
c6b19889
919a1031
7914ba56
880f9202
2b5a9434
1cd79999
2060c3d8
867cb148
a6733155
274d3a1d
8b0834c6
7ea0b7bb
6a374436
63dd50ab
2ec05f2b
73088252
ead3acd6
948677cf
dbc9d47d
765e65e2
37920faf
65833437
1cb04c3a
15b40a2a
4ab041cb
32190b5b
2dd0f91f
c2456568
6c0f8b83
2f637897
741dc64b
22f3ca8b
0398997d
7cbf2514
7ca6be56
b8ace253
f441a487
c8c3b464
2623b803
8a224496
eba49b5b
b4caea8c
6694fccc
4172294a
1946dd20
72004bfa
61c58ff7
1eeb6799
c7b3b5ed
30d00ce2
8ccc3a1b
4209b32a
c2e0d00b
ca545417
ac8102c8
c76149a9
b4f67bbd
8e711c5a
46463364
8485fc94
c5b8d97c
4b877418
761b1bc1
a5557667
496abd17
ce8c91c3
442fb5b0
64f365b4
a0eaf208
d0086a0a
45e116f2
012c1419
dca5e013
d459be72
a523cdac
72bdba46
0a436965
41a8b40b
5c8e153e
11d5c325
9a5650a8
9cbdc393
0d00b968
54e4db97
65a8b46e
e5d39986
47520463
4142a07a
a8c298fb
80392f38
9a8fe0c4
03d07d62
a9b30110
873da633
69eb2db7
89684ec9
ba893c78
30708310
5091fdca
548cc8ec
91d78f89
ba662b3f
055148a7
e6a73a34
b0190538
06124560
369f413b
66068492
ab20e752
fbd82962
4edb8b89
9d6e1464
c2c60102
a3b4c850
16c284f9
833a3f38
2c355e31
c997a4a5
bc0a6ea5
7eb1e60a
f3a6016b
da164b9c
3ca56c61
19671caa
c6cc9df7
ca374722
2a044aec
350c3734
80b097b1
daa30555
e3da4118
8045ca39
db4a5c07
ea19a377
02f221a5
be52ac7c
3268aa99
ca13f18a
1d3435c5
092d8e55
46944a0e
e05525f4
653ba5b5
9f1bafc3
0dbf9462
d50ea8ac
862a1246
c2abf744
63e8be6a
14201a12
a261eca6
8343bd22
1122d0ab
e30704a4
592d9195
8849cf05
bf4d40d5
d5340478
3085276c
f952a9b7
39d65271
8b47c3cc
df624426
90e0a8b7
99e2c88b
f19ddbf6
2a5b1e88
10918482
243f5c54
c8161080
a9197b2d
4b4e6a37
17e63fa4
5d12e19c
e442344b
b8c30ae1
2781f52e
464adba1
7c28450a
4e365b93
242a3765
86bb002b
28179958
07bfa6c6
dcd9906a
0192fd68
0f7746cc
b8a25476
2fc744a8
67b8c5b2
b625c57c
6571ed09
e00785e8
621b1300
0a78dac8
d54a6544
8c3b00a1
1210a87f
91a1b471
03b43b3c
4755002d
15a65c98
70ce35b9
35381727
812d3c14
3aebb619
05d9c8a0
7e53915f
3c630e5b
784c8c96
4416fcff
64e5c1d8
11f5b92e
e07d3b93
d07a18e4
2b56edbe
bf1e53cd
70753de6
73c42e07
864772c0
a1d60593
358a2a2e
e188b81d
15c3c491
0c170927
b31eb9af
c76abac7
4c54cd7f
2b54b222
aa824426
86098c52
863dca0e
a9e48874
b9a52648
b423e888
ca7b98eb
417795c8
8546b4b8
ebaac779
b4717e83
755d8cc8
2ca54d50
b025042f
4b13437f
511bbefc
a7a55d57
d43be2dc
1c7db059
a6a06679
999de006
2308c382
50397434
711263c4
c56cc5aa
2f833882
eb2c1416
2b9345aa
5001d805
fb8828e0
5319aad5
2336893c
1b92105b
b49f660c
c0f4b662
55a7275f
2cdf55d0
0a24a3bc
29877990
cb030e47
0cf0ea84
d47c17a7
dade43a3
bae40b1a
77a12827
ec930093
70027234
3431e80d
452e46d8
3547aa91
48405b0e
4bcda308
31168589
c16bb3cf
d1047442
734a0f72
6cb956ed
81147554
c0e3af85
b0123978
89c43fe4
6bb32526
edc2f24c
79654599
af094e98
809b3750
fa2c3199
20639176
5457498b
89290982
4ddc7938
a9413593
431598b1
1ed22868
a3457c40
ca520a0a
21391a45
d89f3930
107635d3
61071c2c
6841c622
4895b246
96d38b3b
13eb9411
77dd364c
aa591e28
65473021
9d460c54
6dcc6ec3
cadf6007
fedc4198
093fff7e
ca597d15
431e0bea
d4a9b79c
cc8175e8
dcf89829
4b73b784
4d08b13c
b1038930
09cd9bd0
7943ff2b
32e341b8
8312afd9
2c15b107
10861524
f9d0d6ab
c601776f
8bcbdb07
a0c227a7
6ca5fb26
c073d434
c4a613ed
45aae846
28f36d58
c22959d4
04beb91b
1ccfaaeb
e1cd2be5
cc897b64
caf003ec
4477a49a
fc1b3351
61bb0244
c66e5fcf
25d9a472
7a979c3f
6a6397cf
5294d72e
46c18d49
8fcd342a
addbb889
d1380bdd
11557153
37ebba38
c04b5dcb
af6b3894
042007f7
cc53d13c
5acaedb7
bb580a60
3a194e63
591546d0
49915afd
3a6c8d9c
67461580
aac44bc4
88d85a96
01c1fcc5
73ce49d5
bff77596
d8cbe620
7f2c46e0
81a5fbd5
06ce41b2
b17b4814
89f1d990
91c930fb
593299c3
64cb3287
2fbbea3f
24d36090
aa1704a5
2aeeb52f
bacd1ad1
5ac5469a
2fb939b7
2eea1200
6d0b9f6c
b2a536ed
cea6c0e7
680b2e70
9d0e148a
8d17c2c1
2acb4a65
4188a166
54942905
790075c5
ae4713db
013edbdb
0e79d8b1
1f8a9e06
5b327afc
d180cb5a
7451bcdb
63c76b62
16111586
a74d90de
af1fc67e
ea18a997
d63d579b
3c74c833
1093ba70
fdf32fe7
7b74d9c9
222ffc4c
588b4425
a206d5ad
11691108
5e530b80
afc0f007
6b2dbfb2
3fdf6989
c8011d29
a4430bb9
4c4f965c
eafc85c1
fa628872
edfcde76
98932ae7
819e9d65
eba2e666
9bcf8be2
08bf634f
0f288adb
eb85aca7
850de204
e5e4baca
61d797af
683e3bff
38bafb68
832a87da
8778a108
4501e827
2ecf8a8f
fb5c4621
30ed49fd
50724591
e9c29f95
0f779ba2
0daa6c90
1c381e33
351dce44
ffcb75b4
0f90ff2a
6847df3a
edf43b98
a710e80d
98bcbe3e
38db2e53
be4f82fe
f5ff6eb7
d86db460
7333ee9f
d4e57c06
6325e695
f5d1324c
9bba4815
baa04bf1
ec9ebbd8
8af21881
5c23cfdf
b72202e7
9cdad359
c026b003
aa753d75
2dd37654
36cee5db
b6638f81
fa6fa369
495ef9a2
b9063d4b
40c836a1
b2cf5000
50dd9641
5cd675de
1ce494c9
e25b3201
158ec306
c5a41106
eb8ae3da
b50d1330
4b7afb43
146ddf83
861120be
294b75be
1a218797
42a412af
0f4c351b
c5a9e309
45d1ec44
91826130
8331349f
c3d7ff46
27a2f781
175fc68d
b774607d
55011515
b9542c2a
79356c8e
421cf82a
dc4785f7
e531129a
8650da28
9954ff89
cf48be76
a72ae39a
6881b2b7
a4fd8e0e
542cdc67
fdefc064
28d9687a
47a157d7
96e43ac6
05f97994
1a0650b1
41669dee
37c3bd82
82d7d8ad
9ae3b6ce
ff9d9c75
c1909d55
65ed0fd2
3fc08944
8d19746c
f3ac806a
eb8dfbe9
456ce73c
49efa1e9
d1906780
c1cf0226
329bb7d8
b3068c1c
65b4df71
ccdfbc25
b0121859
7c1ec8a1
9122c979
66d0df9b
f22a4e0a
cc6d3836
0aa5af67
5d9d3e9c
4619aefb
c22bb5ea
7a406656
1ae21989
b4d6052c
1c2f69fe
c62a5074
867913d2
6cae02a6
c2b889a6
a8e322f4
d4f1f0c6
e145c092
9ad29c60
640874d5
b3fe78d0
3c73fa0d
cb044a18
b5999db1
01ad7bb7
51404949
b6f62c83
a7c439ac
67101978
db43bbfe
4111fbae
38464e77
0337c0fb
e854722c
b78ea8c6
34b4fe65
a2ba4c31
1395a479
ba91937f
3cbe4898
88bc62a9
9cc522a9
e7db0810
b2ad0993
77f363f7
cd452885
ed8caa58
81be43bf
18eefc81
ac0f58d6
379ef91b
00000040
00000002
0000002a
00000005
0000005f
00000003
00000960
00000440
00000000
00000020
00000000
00000000
9aad3ac1
64fd0097
b6f2b4c6
bc653cfe
338f8753
52141662
19c2e52a
e7b90ca7
94c0650f
54c8eb7c
f8a9bf57
18966369
890fe4fe
d63866d2
9e4bafb1
3c48ba10
3cf6a3c4
cce041cd
dd186b8f
530c1183
759a9d07
2a648956
487b13d9
4654be2b
29ab94d6
b5e8b6a2
371cf75d
c14123a4
91c74740
3eaa57a6
147bcc77
0bd7c9b9
82302178
ac47d2df
88cf2932
6e26a348
fe27ac74
6084c992
0ffc9ec0
0895d7dc
dcd36e3a
a630e784
f3c1656e
9568abb4
135690c9
7c649a20
1238675a
149b5965
3f97aad4
eb0a2cd3
0e129c29
8c4a4852
2051c442
72d3018a
822d7a24
3685af39
a7c37a4b
99ae41f6
3936b25a
0289a944
91121232
2aaf787c
11ac648f
4006b5d2
d8d30da5
cfe51079
d1c79147
19698c38
9dcb4162
ac5d711d
44e65372
a7754280
921961e1
94b7b744
09f3fba0
99327361
c745ae72
cb8c9cbe
e7caabd6
95a33411
21055eba
0d74c759
f7f0997c
5e786d52
87a6c5b5
64587d14
8a92be5f
697b4bb0
4cc492a0
5da1db3f
0fc10720
db7f1e0c
b836a534
7c1fe25e
13049be8
1eb58bc5
95bcd6c4
69756d77
29f5ad43
e05e22c7
a607a961
5a5af7c4
3321f575
78531069
0d75e82e
bbb149cc
ab8657a7
b9788643
e25fd7a7
713ba9d4
8ce438bf
0c24b618
f9a2b818
0790a609
088126e2
1c58bd8b
1c763ab5
ee06e54a
e552c370
6e74eec1
739eb425
58731e21
afd2cd9a
c54145cc
3cf1c442
267bde90
243a45f0
547ea000
8aa030c5
40749b58
ec1d520a
0bf0d8ae
90650300
3009bdda
9a1598ca
2c64f3ea
18081c68
ac884f4d
1fc935c3
0ba10a17
6683791c
9fa81bde
57331475
87f11f16
4f2a09db
dac1a090
4aebb14d
cfcc998a
536e5401
8baad215
299715dc
71a275ec
1dc7d943
2548c7e1
89a94299
b041f78c
7a1bb00b
991231bc
231c088a
9f7581b3
b0fe06fc
2312ab30
3e8ed20f
7196a6fc
c287ef45
fe4bf43e
734866b2
44884bac
b23aa18a
26dcadb2
8c0ba8c6
6e10d84f
bc2f8a30
2a87c971
c47380da
71e50966
25e36d92
22ce2038
289c65b9
2f19a439
623954ec
1bb17126
19785f81
8fcdf9fb
7a9a6962
8450a05d
f408e7e0
f69c43d2
b7e0bea3
752e5035
11933f61
7a763929
66c8285a
7b939e32
0d7c92af
93258554
f84bcedc
a5d68ea4
235becbd
b2894010
323692b3
e0643446
2392a9d7
27e5d442
b7b511a9
2bda499a
77d77467
54bc5569
c9e38847
3352c771
58933c49
874c8d6a
68c33b47
299bd5f3
29306c98
b428d468
a1a3b793
5a3d3ab5
a59aaf09
9bcc11be
a1ae86b4
c18c457b
c7393cce
a17470b5
3a829685
20094146
96061ee0
5186cf63
ce4d15c1
2892cb4b
9fd713aa
804d02f2
6561c971
6cb1681d
16bdc9dd
407fc954
6a490462
5cafa6ba
41737b0c
aa200466
819cf6b6
0a655522
aaf0f3af
6b5dac2c
9cb39f27
7a97a0bb
4f574a5b
c9861f61
a2b05f9b
4f8a34bf
94fe5523
c352b838
93143b5f
5855cc0c
2404986e
c0beaa39
69157161
b11bf46b
ed6a8489
6ba85655
a210a958
0a1dd6ed
f0547d1c
9796b35c
a84af11d
91b61f56
b54701ce
3f98b35e
1acc4d88
8323dfa0
fd7d2abe
94f24e50
93ca3ba9
9f57228e
dc4b9c73
c5fcb334
271484dd
4cc345f4
c1e52fbd
be77b3cd
1ba81daa
71e9b172
aeb5ead8
56e09613
46e21984
a8745a3a
97641943
b017985f
4c028bb5
09651fd8
43990793
7a45484e
8c750815
47520cb1
a32e9375
d3ecbd39
6ad72b4f
9caf8cd5
74429407
1aba99ae
0760781f
dabe1cb4
331bef35
fbadbc01
029d7ee4
22e53d1c
683a892c
aad19a87
a133c424
024a6819
c7fe0f84
082b9515
a923ab3a
23af2cf5
a4ba3896
a2cb7b6d
69f94167
66748280
f4a9b2ed
c2645695
50ca551b
14963a78
4a1d49ca
721c1672
c20fe537
e0503cb8
05e31ccc
66346778
6181b248
6a94ca20
b05cb0da
bae8c44a
7a6c1887
f55b98c6
79fa1d60
5d1cba9a
63688a54
85cb0118
5a437410
9392359c
0cdacf26
25aba256
3a12ea88
93211692
a32b8401
9db3e7a3
f160c793
57f43c5b
7f14fcf9
96ef1172
612b7a24
44464494
c04e4491
58994271
3b1cd1c7
66ae4d98
71c12c0e
bb77859a
92830913
9c9a66ad
a336a0c6
c90bb1c6
b373b876
a56f9722
a81d82e4
67450903
6e162b9e
c996690b
bee6a807
008d9599
36506739
8dacd19e
4698772b
01a0b0e7
b765949f
ac0374ec
d310cce4
04759e88
f839cbb7
88e1b72a
2d4bf725
16b06100
b51ec494
8f862ebc
92a76933
5b901ce6
1a47bc71
b7788a68
979b8e31
2345be21
ec4f2478
1693a017
c992d09e
5f356222
31114f96
07bc213d
99b50bb7
57674994
1f727816
08812947
d25100eb
26818c85
a3c42707
349986a4
24f9056f
b833a01d
cb0d7a67
0bc9d03d
adc740b0
f70b2067
8f597274
5fa27c58
72b11703
552c7f1d
2e5a38cf
247905f2
95c6656d
27b606e8
08b0a20b
91640ba0
dbcf8526
1c6d1780
b699ce64
a35de797
6a395407
1bf9cfbb
0f800032
34e79105
1571826b
ff5a2960
57df57a0
26183c9d
9fa0aa48
275e5c26
90554d6b
5d8f16bd
20ed5917
ace86364
58cd17b4
dcac4784
6617f065
ac67f0e8
e4dc73c2
a34bab01
ce9fd4f6
fbd862e9
125cc84b
884a3181
579476e4
87f9048d
4a2266b3
e82fc73b
7ce48384
a65b2c9c
2c1e5307
199c9913
3e1613ed
589111a2
87c8a18a
ada7db38
34b608b3
b062eac8
2b58984b
777892eb
03166e3f
5da394b8
f1ad3563
b7aba74f
957b6023
0779cd46
4fd55a5d
d8b18afa
31451e39
adb84405
2a5913e1
698843e3
c407e4ca
9db7a37e
295c0234
99b8fb37
eb46c586
aa6f2895
3351f807
26af1391
9c59a3e6
7717379c
d0b3f7f1
893d000a
3ca92488
03a8dcc7
f736398b
ae8cab30
b61b20a0
3192018c
b247eb94
fc8c7427
e7a43f38
b95a0585
5437b2dc
3c1e3f3b
c23a4672
69600043
c982c615
2e841a74
b3321c3f
55c7923a
3f395b27
89c445e1
9bf89721
45d73a6d
3e1d3652
2aaca02b
0097fc87
b7663934
748ecbba
9b11a59c
b0ca901f
f4d808e3
a06c21c8
a518b687
85996202
8d99becc
0ec750de
31437770
1e2a5f1e
79530267
4520c28b
39f3c128
f92f810f
964da8d9
4f429e3d
4f2a606d
eb6fc4ba
4c286199
48b9bace
62a92d10
7a15f015
ca68f0dc
79c66924
15ba3d90
fa66979e
8597bdab
c3693f00
07cee311
dc8071b9
8df9e64d
283d4a3c
98161096
cc8bf072
254bf4f1
492e87a3
a719fd6e
cb40a36f
d0b2952a
4460e88a
7a415bb5
e0b52858
7b37cf45
4c42a99e
2521c1c2
7ab55971
0f996650
dc4565a5
b3e20044
b16a228f
66da34ab
b21819b2
524eb57d
9ac91913
a4aba087
f082b10a
c0e9c7c6
b708a406
ed68b628
2243ce05
ab1b6481
8c5f06b8
2dc49758
71b00821
4765322c
f1d151ee
ba242962
dcaeef92
8d549931
01e0c655
cd7c94e8
ad8578cf
b66f276a
e5ba68aa
ca33e8d0
007975ae
81416240
dfae6648
e81ef5c6
3e5b8f48
4ca8cd44
6925d7a3
42fff57c
42771db8
c4aa89b7
5e27833a
823a1378
2256ba25
ef912ebb
9c1bb94a
0c26fc39
f588907d
8658b522
9184098b
13852bde
6739aa40
603d3787
a7f678f0
d40d6ee1
aa2abc35
5f166039
a996f35f
8a1c88df
10316889
7033678c
8f57ed2c
54dbf8fc
e3913406
347c3c16
85d8a332
ab650f4b
fed19561
7c23ddaa
d4ab3b45
1693f4dc
8d230a13
7208c6ef
ef272d59
85b2031f
1f832880
3ab011e2
2821852a
fddb5925
a411958d
fa4efdfd
0e4e195c
af5c7bc2
a099dddc
29197c1f
e7d71156
3d2c5e23
00792545
f40e919e
c4714d93
4b42c6c2
3d3f2aad
5417f942
b5e9a200
d0d96c70
6333a49b
72d9a3b5
e0a491ab
87b1880d
b232c9d9
f7b07a95
6d445ead
1cca7ba5
72bda400
d2c1d738
18c63745
710c8b76
24225d37
1194cfba
11749a5c
88bef3ec
f7bd0bc5
26d8826d
8ad8afd8
db141828
76416af0
c4eb68dc
9e990097
41c08a0b
11d4d234
594c110f
4ce189ad
bd3c7966
a36b9c9e
5c118d4b
ce775a3e
76be91c4
9b4702a3
b287880e
cfed44f7
32171156
8d3b98dc
cb4bb4e1
02a307a0
82e3a45d
1d015a8f
61fb8c1e
27722bda
9cb8a04e
c013cd4d
3736f940
c4a24277
7d1f31e1
ec5b654e
a8acb324
94935b28
766753fb
0cb50556
1268b532
76c5c046
5fffa8c3
b54d0cf4
0e7b3117
fdc096bb
5a2d92f9
392774d9
23dbacff
99d0d96c
91050a5c
154fe0c0
a85e88c1
0597d1c1
03d23399
b99d697a
15b15b96
eba35444
bda4ec5e
fb668360
0d6befb6
3c1a035b
9264dc3c
11518c43
e1a3e355
97efbfd4
a3168bb3
c81abd7a
762d4e71
36dfaa0b
7a326ee5
062b01c0
3d5c8d18
f74b5de9
5a048301
c4da8083
d8ec37fe
f1d00f39
075fe234
e65c1335
daef05d1
7c6fc615
777df2fc
50653617
a03316b2
54e1a508
ec9d7271
5fedac0d
f9052a13
1e1d83c5
ccf0eb36
62ec390c
44d7c069
1daf9e26
eab62724
203911c4
9b8860b6
d132bc5d
fb42c41e
8cf9c2e4
d20491aa
523bd248
7e1dfc7d
54041cdc
07777a1b
5086439c
59121d98
eca342c3
7464c5eb
06ec1e4f
7d0f555f
77b87451
6bdd8d7e
16d31cfd
a586ba7f
69cdfec4
d3e08bfe
b9e535b4
5efa66f4
2901f084
01f85468
83f0e089
edc9e0db
2a81171a
2f899325
fdedb0c4
107f4e33
507a4bbb
2852632e
0b04ba66
76c0b8dd
76ccda19
18203695
ecad1fee
41fadd72
781d3463
6fda2831
c7920454
82cf1f9b
712ab927
d20b5af7
5e8f7ca8
0acf7725
05c8a401
b28ea89e
a7bca5a7
7ac137a3
cc769d68
33c57be5
1c7d9fa0
ee5ecf67
0d6cf1e5
ee89b2dc
55ea92f3
055f9e0b
b561e98d
1e413735
0ead9a1d
dd7dc6ba
86650f7c
2f831636
173f3bbb
7946d72d
3d44c31b
0106f378
d4af7347
33418be8
2bcc2024
18a34053
abcc6577
c2ef346e
5b163fe2
205bd747
927f560a
15808046
c8780b93
81ecf413
cab8de6d
2b206513
65f9beae
18dc5f3b
4f603ac3
0ad64869
b6a43a10
8cc60568
299e3b12
7fd45133
f141805d
9ca93076
ecb6967f
38d73175
01f6bcbd
c35ebf8e
02710409
380b3a71
4c4f52d6
47021f28
c4d4a8c5
441e8c9f
bb4b392b
34b35269
9f206900
69d8c516
345e65e4
67ff8346
00000041
00000002
0000002a
00000009
0000007f
00000006
00000960
00000000
00000000
00000000
00000000
00000000
fa3d971e
9bbc1b7b
b848e20d
ae6e23b7
42692909
9f4415be
0797c7f7
e03e8ae4
a3e6dd84
d193e882
b9afafb8
03c6ac62
7d101648
6afaa779
8d7985c3
f3403754
c23214f8
b256513e
36ba5ae6
31cd86e8
13983e9e
d9cd618e
1bb25a1b
2068fd43
f4850164
4a862125
627b21c3
d796b718
086e28bc
51f34bb6
4b563412
941f8cc8
53f07477
0f9d58b4
c91123f7
33f44e8f
dc518b6c
e2daa476
57e5c2cd
d3ac5766
4296b277
4f772653
059ca394
bb443f8c
bed5cb78
7a4807d4
1774baf9
50c27c84
eb6485eb
59a53b0c
22e0890a
d8ced509
986a1515
1c6823ba
a233838f
7c047771
57179d78
09a97931
969d9d39
57e3fd4e
b85afa2e
c0131cb0
aa658036
df1580d5
7cb8c730
a91bdd56
c4928958
37176822
7a49f458
f901cae1
f8db8437
c0135a18
0d484a60
73fe9f3c
39b8b8af
7cce10cb
54a3b1d2
aa812c02
1057d343
b7752680
90b05a44
68c5bb9d
57ed8b4b
553684b7
bf1ce9cf
6c2173cc
c4766a86
3681b79f
04402584
60814fd0
49362bbe
d20175a1
14323c00
e44cf4dd
a50baaa2
23b8b142
e0b4baa0
113d7bb9
6ff19e44
6737cc8d
785546c5
23d5fc84
f2c256bb
d1355a90
3ec07625
0f25bbc9
69355262
540ce6aa
796677ee
3b211e86
3150a99c
3001618d
62bf7474
79603d1a
a33a366e
c3d22b79
ab44902e
99905627
843e5bf2
2f089700
733e2c75
795d39db
af1c8f3f
553c5885
06140ee1
987bf4ae
563c3669
537b2948
29734871
b6af2b78
0be9b9e9
248bbd7b
3c12065a
f3c5938c
6a04b67b
350c2462
348482fb
7ecb537f
fe6f851d
e1424f65
08897c0f
2c05e34f
6ad148cc
b1e33346
9fc310d2
5ba02068
0a97bb1a
527f8b4d
4798487a
671bd6bc
04085a9b
006a9992
44eb6b79
5ccf3b75
d43340cb
1921096f
473ed061
44fa9826
8430865e
32763517
a75c8cd9
a05064cf
2b946599
f5e0543c
9cdc438f
9fc084d8
c96157f4
c6141014
f055e895
f335b3a2
4b1c841b
baa658c5
28f0c0f2
b6944bcf
1e1bcb4a
69508f58
ccf6a85d
cd60a38b
8a6569f7
af533ac3
01c45769
a5bb9495
90390b65
3b819007
240b771a
8d104a95
554fc1e7
8c318535
aaa3b791
d7539b50
e9c34e4c
06dc055d
7857e753
618040d9
4255ac71
ca3ceae0
d1ef0f63
98a2b053
3e0ab785
a27ebf84
29d9fb22
9a2dfbc8
10f3c0ea
06e0f722
fea660bf
33da6256
6ed41378
5c8918c6
f8503389
1ad3579b
a24a52ee
50b57f0b
84fa5b48
3395729a
a6232b77
80f0dc6a
e9b73111
fc7196d2
ca9764a6
7f58764a
a6b8b994
50a5ba8e
1a2371f7
f601a454
51bcda6e
308fd07b
74c09120
b72b1cc4
9aa6f65e
82257ec8
54516108
0fa13159
abe6a5a7
68b63715
2b2e80e3
0463ca56
393c109b
997b94dc
ea373f23
a6f8c8ca
9c6e6361
1c35231a
bc5605ae
0ccd4736
07b731f0
bb001fa5
69118266
b8c4b20a
9ff61bae
9727dce8
055813d0
afb515c5
035c9cc5
47b744e0
17799969
e166d03e
808800a8
203b2899
b8a09005
75e7bfcb
09e082aa
bf8d92ff
b2988a10
710a29cd
a60b47b5
2b023501
5321c4bf
f76ef685
abc61a07
a96a959a
4d7b3227
30a33724
aaf1f0ab
771c0ab9
c7e3cc75
c97ab202
6a26a3e0
51587bb9
25a6be9a
3fcd86d9
97c4ba3c
b7a3d3ab
96081280
777c1938
1ee8b5c8
6f7ed58c
a1ba2f11
2bd1d9cc
2294666e
d1721f48
4a2a201d
3a93c47a
778e3e80
878ca884
52a58875
a0ad5c63
50988c25
14263600
55631ce2
83c575ac
ca2c4aec
746b8f4c
4ba57b0d
487c0920
1a140886
c4a9f2a5
1e2f3610
94da934b
a956c39b
8761984b
36b8cc4b
bc478047
7870fa3c
6c5db2f5
b4c44c2b
baca225c
4cd29276
07f43824
81019a63
7b5a5895
75172663
0f7debda
92aabde5
2d35b9c3
f55411be
a34578e5
11c9825c
c960969a
468c0b51
181ab774
ab61e276
a2a31a73
20f9999a
038a7a7b
b4fb75da
1746f1aa
b0ae127e
482353b3
14321ac0
51a4fbbb
09183650
3bf47881
eb9dd6b5
27353b36
982b781b
3e86157d
4bff9a63
6b085b13
652328d8
d440c838
52c1d9cb
6e7f8185
51808d81
766b933d
1608e5f5
34091335
b586f0a8
5f4290d9
577d904c
8ca0659f
399e4bd8
a73979db
7875fcc2
f5b0f75b
33d21a75
9308fdb0
4a8c5a41
023a95ac
0225736f
909b20c3
27b76c9c
a7accd3e
bb5ca1ec
6af158f3
22f490ca
607611b8
f1d473cc
7599187d
282051f6
179c7a00
4d360710
a8b410e0
307dc307
b590a659
171e54bf
d34dcf71
27133b24
a66637ca
cb2d36b9
773caeb3
fcbab42b
100c1359
ce4ab197
139a3295
e792474c
0088175e
2145502c
841097e6
7f95edbe
502a55fc
965fcce8
89c8be4a
d59ff657
21007483
4404b804
297e60a5
68c647a8
54037d7b
ba980c47
e7923345
28f07c48
5a7e41f2
3a69c4c7
878c5c8b
c06f2b11
941b15c3
1afa1ba8
eb10aac5
776b2069
84432260
6887d9ad
008d51bb
6dbabdba
ba1c1080
43275903
9b03c7a8
1509fa3a
61ce30c6
3353a82c
b4bf500a
d2fe825b
c5965c60
d656b67b
c1d2c6cb
585161ad
509ee006
95b430f2
254c5e99
796447e4
b3495a36
a5458837
dfad0997
b5082e83
b269575b
12977b8d
f6ee5f9c
b9d66a6e
49c5f8e3
89e59f33
87c4d87b
eb4d364e
395282f4
20799b7d
f999d548
1156c63b
6ca8590b
f1bbfa33
8402abc8
cdf3d99b
33a4b8b2
0c3461ec
164a52d0
0a0ea85c
c50b6d7c
1411029b
9eab809d
19360f5b
51b2a6b5
0f0b7228
33c7c29c
80b84cc2
312d653d
9bb2a5e6
15fc598d
780a11a1
9a82c903
bdf1875b
c1462bb9
15117b11
40b46dc9
9a90c5d6
16b251b5
05a71e50
b65057c4
c95e0d82
cfa3d5c1
ef0d16c7
68bcac78
a468557f
5a46e2e1
54435361
4ad7c615
37821192
bc25b835
4ad7f2ba
5b4db40e
d2872d15
04b85f91
329a339b
ba528755
890176a7
c87a1362
f4cd6859
bcd69355
4e23e2dc
d9816ec5
91904476
ca02e12d
d1825a89
51251b2d
6a25e031
33eace66
56437bb3
2dae575f
7c5f3905
49ba253c
9650d9cd
b25f2287
474b3f0d
3e7145ba
e9304b78
0807a904
3c8f6460
57d6a9e1
36870f3e
0f6c2376
1cf89156
265135c1
42b6d42a
a32fae88
a9aa59c2
62ae7512
5863cd29
1c491269
6350476a
6b8d445b
44002b5e
793071f5
e8c044ba
a65a442b
f00433cd
335e6f81
c9c080b6
2a4bd586
a863bdc4
8472f435
bf84cb2d
f532cc6b
c7655160
2759c5c9
1bf7cb2b
93bbc27f
6353958a
f1d60a73
b5e48f83
da21f108
c4aa6930
b5cc939e
b040932c
0c8c2426
c6fc9abc
27970362
23842664
8bb6f990
aeb4147a
a282593b
b2d5d909
87b27465
f4dd031c
7cf66db3
62a23ccc
3ab6cf75
4327820c
2690acdc
e248b245
9851bb25
a13c15b4
8496ed33
90ef7291
f76b3a04
d4fc6c37
2a6222ab
9782f0ec
8fb0aac3
d6d43a32
c67401b9
e8f5c8c9
11ff2649
a72926cc
e1893f7b
27e0db3c
c4a57bcc
4f0ca680
36f43253
de1eab3d
0c9fbfc1
424f9ec7
2433cbab
da352d01
5d1b3cd7
00000042
00000002
0000002a
00000009
00000081
00000006
00000960
00000000
00000000
00000000
00000000
00000000
4b513bbe
9995c4b9
5f84cd4d
71c821d5
1b087910
18b3a1a4
86cb060d
49ea5285
1bece5c9
2db2c2b8
5833c803
52d01da1
f430b985
62aec55b
0a65a4bf
555fc022
4192a797
96c4d985
25b40736
7962215c
7e1a60a9
7442fa0b
cb2b93f5
90d52302
271a1893
76d88ae5
94da50c2
03996bb6
37381675
45d63a05
5762c8c8
f2a263e2
00333f06
d8cbab5e
67652e23
6dab3684
9b318186
0a888ac7
8420408a
00229564
3bbc4162
4ca19787
87927617
46f53592
4617e59b
ec48241e
19d01498
979bea69
f3590367
b98d4432
01457615
daafe8bd
8a125c4b
153c8c4c
c21cd91c
35917896
a376fc6f
863e08fc
a8ae32e5
ac7aaf80
2a9b4bf6
33592674
560c2e93
49152bcc
47eb5563
4f52a23f
fb0c38ad
e6cb0013
c6132a17
2658f079
583db74b
c7e03c87
fb5ec63e
e4ce5ec1
2ec1634e
35b85ccb
013cb1a8
85d13d02
8a0e033a
c0057887
7f073877
d46298be
a3ab2c86
cfc41f85
fe4d24f5
12a33212
6e1763b5
18b87bc4
bcdbc592
995578b9
e4b3b1c4
615648c2
5d8890b4
6b275541
012ac392
1fb0d62e
6224a51e
9422b2c7
4faa834b
4025c08f
c8e19463
63f1cb9f
0224d496
422532d8
30f3f8af
878e2407
6acb0a60
4b42ad17
b63b23a1
111dc42b
2f433605
b34e69e7
d48fbdd4
c3611796
f8b2b61f
5cbd7a96
155b2041
4e48a113
8a091cf3
892a4215
a26621e9
62666be7
ae29dd51
0738cbf1
ab8e9263
12934e29
f8501c09
6c5173aa
21e2bd09
08ac8695
f06028bc
5a2b7414
1e8c339d
4068bc6b
17199807
f763d932
f3c17ea8
b57b9b75
18846795
c78bbe67
5d297624
080dcc2c
86a75513
bdeacea2
1713c5d7
a3d70514
4ca6dd85
2ebe9331
2b19460b
77997a78
f16d4bd8
84711335
cbcbae6e
ab647194
c513a4a9
187a2681
ff0480d1
23386283
0c666792
b59f40ec
911d4827
c658f7aa
445997c6
9327a3ac
b3086218
622ac564
47d9054a
4788602d
d550b108
a9c2c8bb
57e2817f
ab6a010d
36acb566
700a9703
bd9ae080
c77f6b09
089cbeb5
db8d48c2
29e43ec8
c3a5cd68
bc489cb4
14d29c14
27aa812c
d674b4e2
84f1a192
a11c51a4
aac30102
c080a8b3
9009dc58
d22d1aa9
1bd492b5
85d88358
9a5df78a
46614239
3218872a
8b3648c3
db7a318c
98b983b3
b931a54e
5b8e433c
bea98194
b02473bd
c30645c1
7de56c97
3618d6c5
d18f0460
4ff67337
3215c102
393a57b8
6d21f924
3a545117
d40cb3db
47e09296
4ca1ac9f
28371079
1943811c
ba2b07fd
588b986c
3114e521
4b79b3b2
cb4c18e5
377a1b0a
5e7af448
f30e97d3
64d6ce27
7ea03238
d8299ddb
926bc9cf
c51c47e6
8c8a8f01
bcd14609
240c148d
730c1208
b33c9f14
2ba5cb74
6ac1b9a5
1d9ad9a6
cd3571dc
ea771e31
1538fbaf
aa196cb2
ac366f26
00d66148
8f32851b
27bba646
aaa71b73
8ccfa8c3
27803c47
4e9aad6f
65982c5f
912c4e6a
7e968238
3e89abbd
0b35642a
8610d23f
1002316a
769d04d2
56d05909
7811f912
205f2b02
6f12b54e
39291c3a
1c9316e7
279a9a40
6800704f
1b3f09d8
4b97222d
885224a0
4bb79a43
ad50e5b0
88aa4601
b990636c
2e3ca1a5
1174809e
e862ab5a
b362ca9e
923a3221
7af0a846
7978b294
5c5a0998
351e4805
19e48b2d
8ec7c9e2
7b598a96
2d674068
38b7b913
d0b72120
7002a34d
9756531f
473822eb
00e82a4b
92af2ad0
273c669c
21533b96
40b9e148
b7fe5a9a
706a1925
9471e8a7
626c1152
c1e9bb2d
2eb7904f
b044a9dc
a2abd975
8e4be1c5
34e95859
97b73e64
0b84f1bd
388a4591
b785bd09
7d8c3cea
78e23406
9f53f803
25a192bb
72e942d3
4a4604bb
30063cbb
53b04f59
3051c90a
14084446
b843aa00
47f92f2a
7405859a
0cae5d41
7e0bb64e
0c03154b
23b7b53a
638382aa
6aa209dd
b050cb35
90faddbc
df7d19e6
45c93a39
0a02f51a
5f57ea19
1783a62b
0cd53c1b
8dbeb4ff
24640376
55bc6a33
5d6b2b79
3b3515ec
4371bc34
9aaf52f6
728a2d2a
c8736f54
3955319c
c47f1051
734cd86b
4c237470
f215b6b8
6346d767
fcb213da
9633bd17
4de5a48f
b321b1e4
b1859445
5ef54120
513b121d
35148b93
1c5899aa
adc42565
faf54a38
9480ff13
0f93d7c1
b38126d6
7da56e08
11003ac5
681944a6
1f230cb7
9b59b6f0
0c17afc1
5fd69576
0422323c
660fb4b8
cd6a5c6d
6d7061e9
75e69af4
5e1ca642
f92c11c3
ab999d75
2aa7190a
65a62734
31994177
7fec6391
57790c62
a65f9544
c03b5331
34560a56
a1cb9070
26927aa7
e1cec11f
85e706a9
9bb2bdb5
d463b99c
8b2eb4eb
66c077c5
9baab6f3
e862ca17
2f56d6c6
fda6bc03
821c78d9
a28a1e5a
865cf58f
4296a322
51c77f20
e7852ac7
765cb9db
c4a7d672
8306e639
353012d0
9f44b58b
bda978e6
e9dd1fe2
0d746408
1e48eb11
76fc1c27
879bce20
e045655c
798dc7ab
78a6ec13
4212d3f2
85b92afb
495c8dbf
d29aa4ca
ea3e284c
b4ba3f1c
23cf4ad5
b3b1c124
1c5bdd72
d3239319
1762cb75
22110dc1
232f000a
94fcc001
0288819e
a3bc38fa
37259e24
394ad636
508f1290
ebfd2df3
97b3a5a7
f56955d4
e5245748
01843a81
538144f9
5b42a540
4723dc91
b58dc3c4
69c83ac7
00d9a257
e473f607
c4a91791
0a129412
6d3a23d2
d22fa03b
47a9f52e
cf13a3bd
0a38c1b8
4246e3c0
b24620df
b34376e1
0a01b4c3
e7516459
12d19ca7
5336c37e
7eb98c52
0b4b0912
084b8baa
669e0c65
37963f92
53c57f5f
bc66d016
38dac951
24a80309
54aef941
05687b62
9b41d799
cfc13c22
02c86541
45d77da7
e08c5b78
bac20a19
0b467b57
011e066c
acfdcd03
8acb58c4
482b9592
36fe06d8
0d259a40
cb69451f
8b2a1743
709653cd
3b3da523
0a14572a
c2393a4f
b082a212
65bcca46
6cf19387
fcca2aa5
352c32d0
c5ab5736
e86640ca
fcc3b102
39f42e76
bf286b37
73e9c646
4b6489ae
e472a343
484c92aa
0bb885b8
a5ca67f7
f9f36eca
93792553
146bc600
cbb14220
b8b2bb3f
fea53abb
b2f80f92
987be2b0
5827b87e
20b11e33
099623ce
e41d9570
bc9ac143
08f3b780
55c3173a
485a9d88
8866215c
0f7b899e
529fac0b
4635eaa0
2a7f8213
9c830875
00785f35
0f336cab
d5ff3316
1fbce2cd
f0b1c47e
b97f61d6
6a19ff48
450365d6
15d3514b
6c64418a
4223b675
07f956fb
35761253
029a8b42
55577d94
0612610b
256a3169
437d1ad9
1a735dab
866a512c
b3789c52
aba12560
4b011a1b
c0dd133c
1c6a9c0f
ad2f2763
e8a85e04
47fbbb5b
c37e0125
7625465a
5cf079c5
e75372f5
a4166df0
8cca319a
4619f878
218b6fa5
8fc4c9c1
400f9077
45627d14
70cc8f82
549402e6
689d3c65
9cb6e8a8
e241d1d0
0e1c1d0d
3ff96447
5f636432
ffc198e0
98ee168b
cf246ea0
e22c1939
863b973a
cc27fd4e
b9ee1d57
7ac3e425
73857e48
250ee740
b76525a9
509498b7
5f6b1f3a
cbdecc01
c7f3c41d
11d8e4ad
3ffc495c
222b5a5e
e0b637b3
901c7c29
00000043
00000002
0000002a
00000009
00000082
00000006
00000960
00000000
00000000
00000000
00000000
00000000
961c64d3
a0910992
1e8b999b
ea352b02
b304c2f5
0746c7a3
d77a9088
37cbc615
ce772d8b
9385e5e6
482c59b8
77b65b01
8582f81d
14bd1bd0
45233f09
df960007
e99263d2
0b1bea57
8182c496
ccaf3ff7
cf1b5e54
ac70503c
9500a5e2
244adbcc
0f2b2c04
03b15927
307709cd
262e3caf
a5899e34
0f3c48bb
60ad3ac6
a81d1893
45ea5f91
6a2aa237
ba6f23c7
5b9b753f
3b21f34a
44599cd4
ba93af45
737334c0
a1449074
0d7a6d01
8c5079d4
6124211c
a10711c5
2851d808
c5cc0f02
837bbc7f
89cab7c1
966a1317
18d9554c
969fb682
9add5eb0
79e292aa
86a1a31a
d6b08f37
2950a627
3399c1ac
a2cbcc39
7f517eb0
ddad83ec
d15e11f0
4490d57b
9b33086e
c0d310d7
560cd989
8aafb785
cc581d66
78384f56
e1887595
d37749a9
2e795315
b3b15bcd
062729b1
1b23756e
27bb65da
c2bebeab
13399cc3
9638761c
67003d78
60084283
e82dd5f7
789caab5
baf7e6c7
610eab6e
b3cc43c2
41f59607
52b4e051
5b5f4ab4
8b16a46f
2a68b8f0
31781c09
46da1c47
37c1b9b3
dc116028
b2223e40
5ece1ca9
fc869910
c101d29c
eb5c5235
da355c1b
905397b8
08015ccd
e01cbcb5
cf967135
1b570803
2c051e8a
0db5563d
504ee427
075f37d5
b2e5fa4e
a7bf0be5
4009c659
90e774c3
28ac798e
0c155845
a4d9e772
479facdd
0a6a7bc4
94023c9d
7d6f7294
994bae85
2c958116
04c23b96
f1245933
8805399c
8a3fe8c1
4cbf8b2c
be61a08c
969e8974
50539ce3
ca8af32a
afaa0955
98b921d7
8d667c93
4e7cf988
0a5c3a1a
966bb200
a4c69acc
dcdeb249
c5696408
23351668
2000c167
0f5a2365
1769d702
979dc5c1
a4681bcc
df00062c
cccec747
1b5c98c7
6267504e
94db3a35
5a02eecc
3d0b6156
e20dc916
4594c627
1eaa6a21
706d2549
23857275
95c35223
a1cc9f3c
0cec103f
e696f2d5
8841973a
a3f39f83
2e820684
4c236532
9df654af
9c9c142f
f43b8981
93ec340c
dfb939f0
021c025c
63e62a3f
3168a317
c27c6062
7cc65d5a
c1a6227d
f91d92ac
3df0ff25
6f011368
0708aca5
16a3590c
0293050d
591c362b
0184e35a
f1c7da29
93a60046
72e77399
80a79139
8b8b68ab
1d80df86
e8b6b512
2ce27e3c
451b2e05
eaa6342f
d313bd2c
16e9be0e
f175b91b
c4f91e04
0e80dd56
d5a18861
e6f824c4
1a46e14d
4016d7d9
627953cc
b6486041
a69a327b
99c91b8c
9aa22041
95c210e5
214476d0
cca2ee2a
5c4fdcee
dbdf96b7
0178b326
d18a3a6a
99280d52
79eaed4e
481ea627
a271c6c8
778406a8
a9725b25
88c05fd4
63702aad
458ca60e
a02ca631
519c9e41
de450143
f56490c8
9d95d227
7429a063
82a65b89
c48b1e0c
243b0b4a
7cefa6e3
8a89700c
ef9c9949
319c9c94
bb15fb95
013836fe
c3392536
2ee4d81c
ef14caea
73a0332c
97e5a902
f2024b51
1ae44cbc
65a1636c
c79a77c0
326375a1
67ec123d
9c130c02
603850b2
1e1bd453
79727b2a
f7be07e6
b8410a1a
90962445
b5614365
05662fa7
387570fe
cbca5f4c
95d9efc4
faa9a78c
f5aec50a
69cc7f6c
5bcb1c40
d6233da0
c1f0d620
6bb8d9b4
db0e9c03
8a53cd85
538e354f
84b3befb
7fb4804b
d3c18cc2
015695e5
c9038f5b
359300ec
c91457b8
beb42fad
ce32d6e6
8a85baf3
b624ca3e
ed4d4673
ea0dbcd8
ba00bb0f
9667e014
85874fdc
74caf0a6
69c0f54b
752d1d27
92136958
15040683
8a11bfe7
1b8bb42c
ce79fb70
4929b7f7
bc70aca4
171a1b4c
26b75500
5ac50c45
480ce3bf
c5e69488
6295c652
1a4e8c7a
150b6a76
6e883d81
c562d442
b0eb520a
cda4ec36
e72ea3ac
baa350b6
4c70a17f
9c768048
24e5cdc5
6b7b7797
6f34f21f
55f855ea
3c5cca07
fd345884
025490b7
59b5227d
1250439e
117a3737
c308f09a
29aef479
151e0b11
8786e6bb
53ab40a4
936f9a87
ab2bfe29
8f1fbbf4
4c16ad38
1d46e693
5abe3158
3aa29fca
2b116669
1842d9ee
222a3812
09c3fa89
ff20610c
49f40578
40e3aa0c
f687fb35
734a0bc6
2c53c83f
33cd45c4
a2a88762
c1628662
47b2e1af
f90d7982
33dae038
318d76f6
e21b1075
6e91a33b
21ce913e
c7f8c26c
3b22ec4f
451d1add
9386afd9
a550e38b
55cd356e
4372caa2
8dc62107
3dc63145
d139185b
b3b69d19
62c6026f
a1498f04
c5830a57
4f4a104d
f12d6dcc
9051ad58
764199d6
f79803ec
c609ef10
100fe239
355700a5
79f43cb4
e590e488
43523520
3367440b
7a49e016
009a3a36
66019265
724f5b05
9b7f143a
9fc9bd72
b8997234
b875bda2
ccbcb323
b2a0a533
468790ba
ae069162
d30a95e2
544746b2
84c80d01
6c628a8a
126372e6
502af5b8
b3be01aa
95175536
61f5e168
d59685be
d84293fa
6c0442c4
882ff698
26519c78
81b512c8
be3ba36f
45cb318a
cf383b8f
c190a0f9
230c9083
a6148711
a0139592
618916ca
5542d0a0
2329fcb1
2bdf5853
cde3e378
9286575b
d76a5d49
4e35d039
b53c8af7
644852c1
97da8f92
c47b31e0
c0616df3
6e4792bc
e31fa4cc
5410aa3c
8022da9d
283d7251
05062f14
6688f399
c0c27519
2653cb97
0165c03d
9aaa77cf
198ec151
145487cf
4528e555
e627a255
ab621e91
7e16884c
e4500531
befcb428
ac4016f1
4315b7f3
c63b63a9
deb6d5fb
0a4d7de0
aa2a7178
edcf9715
7b5031cc
a918b7b9
f910d9fc
6906aeea
b533280f
dab6e159
52d371c4
3b88874d
b380740e
fcc5b08a
9e764817
dd7af9e2
c5bb28ac
0837f0ac
edafe9d5
0a548cab
c4e04a82
c9113422
d57e1f1b
78366ec9
0747b795
97259007
0f4356c1
8c9c894a
aa4c9b76
55340488
9c466b91
a322aa63
04fb7485
0333062e
44efc4d2
8b4cad17
56bd8932
258db43c
5a207804
714314a8
78fcc31a
40859050
699ffc4c
54f82b6a
5455b762
2b37ebc6
52017830
918a5b10
064e23a3
d9e89cb2
5e0afa5d
e098139f
d42161dc
62639037
9a54d744
956e39f7
7eb6d12a
714f2550
6687941b
b4751a51
b0aac777
c925133c
67b9e375
3b192c01
c24260ea
79e2a1a0
6c207081
2aa912f7
3b8916cd
0a214c8f
250996b0
b162a7a7
a52eb32e
a9c4a120
6903be76
52077429
f9e17199
85b74764
5b75a87d
459a36fc
2e65f00c
f576523a
9cde07f9
9321404d
ef625b37
923016d1
45eb6cae
63a34b76
4a977c9c
1e01b30e
4da03b43
860eb505
06fac3c1
43ae5198
ab409768
b6a0671c
e083b75f
36e65af1
965a326c
df03d104
c82c5a87
18a5e590
1348ec4d
f2b61d75
44a3c775
88327b98
c9580b55
705c5683
df623a1a
045c2b97
6a45046c
212023c9
5b4646e1
ad60bbce
832cb36f
a9b78d31
3c04f232
a34f87ab
61727408
a97cb985
4573b6e1
68a02bda
1c680747
632a8c16
870e54d7
77fd8f1e
b131f203
d25f12df
fe39f4c8
532ea365
37a2cae2
cc183809
5ca9fa4f
b37114ea
aa2cfd50
a50f5b32
3fc6cb24
b7f86a07
3625fb66
628eb9d4
9336b48e
8fe29de3
efed0c87
665f8e07
827405ae
ee894584
f5a58bf4
00000044
00000002
0000002a
00000009
00000083
00000006
00000960
00000000
00000000
00000000
00000000
00000000
124f164b
2534b138
484973c8
9ec0e0ee
5c47c33a
4f2bd94f
87add226
6c317b64
4db2b322
b53cd21c
271c81fb
0fc621bb
e11c2b7e
274b7c43
60420f81
458083c5
4cc64eac
0f1c6c65
bcb7906c
41060b70
a0565529
71488897
7b6d9c86
93c21334
b0847549
8c769981
9c17ad95
bbacb382
1cd729c9
28a63cc4
8b2132c9
4cd9af2b
55644f51
578c2c56
7457c105
1c9449c0
650e39ba
2c8940eb
48bacd2b
98bbb987
f9200748
69d8bb92
d56f9a2f
28edbfc5
4304ec66
c20529f5
ec9fb880
13077c73
a587ccbf
018f3b99
33b0e57a
5e75d827
c9261ea6
88135101
a03fc4b2
0cc449a5
1e280960
7212a36d
8bb7c15c
1f06ec14
8a7249ef
72585718
45ccba40
936b3845
a50a3679
3756da74
b7022378
1a4c2362
1a723ac3
ad93d8fd
46ef846b
9eb6a2a6
1132e564
51101676
5f92715f
025276d1
e1d500b1
25563c27
067a54a8
735ab1e2
a1c7b051
1e075a81
a6e86e00
2e2b87bd
115f2918
e812af31
5f58398d
707daa5e
57705357
6831e9c0
1647d319
abae4b58
40173f76
b93aaa00
db2d7360
1bc63a56
ca8bc2f9
cc337678
c726879b
502213f4
086b10a5
1818de4c
7037e599
c965bc44
05f6304d
cab51871
fae70d26
44010fb7
e184dc69
07c121d4
a8b56d6d
576a93b0
8089992b
12c3f718
e715ac34
a4973ab4
14782095
a77ae813
194ec82a
33fb6f5d
f42d94dc
f34b02d4
a51286b2
b3701764
b3d801b3
1a4a5883
8c7ec1e7
17365d75
312c40cf
cf9c15d4
a0fc92d7
4e255003
3042d210
f3831156
ab169224
f03f36e2
c88966c6
6336ec98
69a4783f
31f930f3
4cd0984c
7133ec27
e4603d33
40079033
051b8aae
c1f16a53
b72acf49
f66eb7d4
2aa090a0
61365faa
97bfc541
677306db
03205e2f
0e642c2d
d4da0f4a
79724885
b9557ba4
65532bc3
5be1b4a9
cd5b353e
c46e1aa1
23ac30bc
b764015f
19d03661
c15686a3
c9b11acd
37347dd7
5d027b27
ab7b1a0e
ac1743fa
7a539177
d754840e
74b074c6
5118c342
b00356ac
f1998544
2b9bdac6
277337c8
2c723868
a6857bb3
41594a39
392b1044
5e01780d
a62b5980
f3a914ac
c337a569
46a3ccb2
78bc0f60
80a8e50a
7e7894d2
81a52a1b
667c80c7
e473da4b
448d034c
9de87a88
6a42a5e1
d0475855
bca48e42
5d960778
3377336c
087b6cbb
6b6f80fa
ba3a17c1
7e7b882f
0ea64580
42914f72
7ff69d34
5aa4255d
f21173bc
a13af07b
77169acc
e7a1a6e6
9c7712b9
25385826
6095bbd8
050ad93c
f9170244
47da2a86
1b78e5b2
b9aa76ed
fc60a886
4872d430
0c4fe349
368f8139
ca5c6096
574ae6c5
c0c185d9
c10580ad
02a8aaa8
d7a6173b
6ea80367
517456a7
aa1dac18
b257df3e
4d13db98
9180cb52
a6f8801c
20adc84f
a4ba0b13
6514be9d
2ca82ca2
f6813dc4
558b891f
9200d1c6
443e3c39
8056146f
4484a3d1
d2df3119
9235ec89
9749d198
5272c08c
8ca1fd22
a35be416
ea7ea009
841ccb0e
356713a7
39e12c35
61c5f85a
4ec1b95d
d2655474
cc37d7c7
bf4a818a
e2106420
46a2f876
d77b241e
76b1ccf8
34d5c841
6b585612
b42e119c
bbb3c65c
5a5358d5
a0291c81
79c02c88
60a6328c
e65887ab
14d7f07a
6f2ebc7b
4133b211
8deca5af
95391362
f4641179
18135873
e34b894e
87353058
b540f5af
34ba5531
b45406c1
b3face76
29254a3f
529e365b
23c5aeaa
55b216fd
aab7271b
31f4f809
272f4a13
07c75178
bf826aa4
5abe1b78
80d77df9
4388a06a
6d719bb6
5a90a152
a1847595
f2bb1a63
3b654d72
8a88e641
ae19bcba
a9f967a0
19e21874
e465d5aa
0a7f4182
10933d26
bd6949dd
0851474b
220540a5
9abd0078
f61b4646
45e3ac58
f866379c
60e8adf6
55b2c2ab
d3242c0f
2b3694e1
8de8959f
4c5f8aed
e9a375c3
8e9d0034
301bd732
28210dab
b077dd1d
2e904571
2afacf5c
6479276c
0e9e8b93
e9173a8b
bf5c048e
856a53b8
a48d1c63
8c21e5b5
b0cc5a99
0a7da333
4a6387c0
79207c3a
bbc310d5
c66aeca3
b331c741
a8ec3ec6
3f5ca6c8
de64b988
d13d6a24
85cc7238
a6c7f4b1
326db159
9781e273
8b89f7fb
55b5c9ca
4ca42954
91446187
aaf6352c
5fc5cf47
efce0234
369c43f8
7b7aba8a
c89b4246
77c847db
b45a766b
9a62c025
8524b65b
1331b6c8
6e19965a
fa728376
0cf25e3a
dc107a6e
9c2b2eba
8d3b4b45
805e8509
cbdc7b28
a9f9ee7c
e06dbaa2
d08b5767
9a5b8e6c
c92697ad
b4cf0fbb
0477b60b
f207b39d
a161ba25
6fa8df9e
debd662f
27a1301a
1469c4c6
7e69a9d9
874eb172
516c4f55
fd1828a2
cae17971
3013296b
b8326a45
72225682
96132058
5dcb1bf7
89975575
3695b838
707ee38f
926dac43
3e0acd87
57522200
c0be06cc
80a63939
7cb04491
7aea8214
79415fbc
074933fe
13046ad6
75303079
e12451dd
35c429bc
0102d920
c352dbdc
08807e9c
10031786
63657ce2
6aba3dea
7f24f38f
df829a70
7202a450
0dc20929
e7cee2a8
e9b61737
0c3bd685
9da295ee
c8f643a9
71471d6c
27436418
889a6fb4
8ccc4288
e0b877dc
23cab557
b17b2170
8cba3477
fb2d6026
af6835bc
032bb99d
8bc98857
2aecb863
246b62e8
8b8c65d2
0972df01
5152494e
483772c8
4a36cb0d
278bc77f
a57f025c
6666b921
732125dd
478307d0
63aae9a5
b9647234
803c5a14
0ab03258
fc50139c
a2b40680
237abcc9
9561dcab
95d757d4
6e5b9309
0564a899
2560a225
06a8811d
179e4a21
5b39c408
c11464bc
b7ac353e
a0cbb6d8
55b9e327
516eda35
6c971ee5
7aec16a2
3b669b8e
c517aef0
6b230e12
f549e059
91a78749
48d85d99
6dba4acd
e610062b
4906e34d
0092394c
84843aaa
3ab7dc2f
49304310
c7028ae6
69c97f58
a91c4a6a
58117433
12ec9485
e9c8ea77
76b5aa50
1c1bb942
7ab259f6
922e386a
308a9daa
a13bbcba
e1ff573c
ad991836
0e2c111a
18574a13
60763713
c4ad238b
8a14b92a
5301e280
71690cb8
0a083680
19568466
69773863
2b8d57d5
50f27025
f934e48f
43c7cec7
966ceb40
0907836e
c5310ecb
70d62526
d510e862
d7ad57e2
1c38cb87
4ac9f193
d2872561
7862bc07
d4869254
0af76e33
bf576704
d330724a
3c845df3
2454547d
fb68b582
2ae58591
52b82a80
3733446a
55f98a37
87ac7099
d0429565
c2e3a2a5
0b72cf8a
9bbea036
ca657162
0a792c83
389c813c
83150ce6
3d11df78
051dc31c
27ac1290
c1357fb0
4a3c1b7c
398d0ab6
6a9bb60e
5b7e9651
e9a4746b
6115d18b
c92a63ad
07ab2375
032c5b3b
14c89a8c
f4f1a29c
81401065
5d0a973d
6806184c
7070c8a2
1920d5fc
1085cf49
33d428ae
abcac4f2
c465905a
99649135
5da68ba0
61ea41c1
c9fb996b
95036046
a8d5610f
12e456a4
6ce33df4
db572509
2b2cac2d
0df44b7d
34a86b25
56189fd0
bd97400e
3bd244ee
c805210e
4570c238
a11c11a1
31b25bb8
7a976b63
04dfa815
2e4e41a9
0aad81df
3975d502
f49fbab0
30b62b9c
3af404f6
febc6fbc
00000045
00000002
0000002a
00000009
00000084
00000006
00000960
00000000
00000000
00000000
00000000
00000000
c7678781
4c2186ac
1b6a825e
c57ce95e
43029cf4
2c5628c3
b6b8e3e2
876d2281
ae5bfcc4
f574754c
267f87e6
05b2963f
2c5c755d
032d9744
1caa1242
0f922232
e98f44fa
273b3271
58185723
b4436db5
55187a02
df99b828
5a1f1a77
c683f38c
3339429d
719f7a01
74775678
a4780251
84560770
cda43029
cb38978c
f74b1cf2
cfa9b351
848cf55f
63112135
21fc8a9d
0b336bba
656468cc
76844f83
230b36a5
ea4c5eb2
42d9f70c
331fc446
d2676740
cbb3886f
1ac9862d
74dc4380
82c453b7
609a24f8
8568ae94
ba76fc49
f0b74650
8a372c31
31364d09
277c8396
2b81001a
10c6ee65
4c80f967
e4652bd2
25f9ccbf
7aa87409
aaa8b3e4
c33abe07
7917fab5
780916a3
c7fc5d2b
129edb21
71fd3ce5
9b51e96c
384dfbaf
a02156b9
3862e236
aec30c62
d85313e8
cb47d269
0a4440b5
624c7b74
5b35cc83
a53fe2bd
a0da36ba
0673408b
427b27f9
d07f4093
676c53ca
3e31e71d
d42c90c9
04820ecc
0331fa93
79b15f68
a987b9ca
814bb7ce
ecff5683
a541881d
8fc957f5
00ff3759
01388d8f
32189ac6
49df0702
2389bc29
405b72ea
b3ef0370
8237b73c
20982cbc
2a62b852
bc318728
35c403fb
328c26e5
792c7609
1220fcb3
00c97e65
679c77aa
73758340
f359c206
68b759c4
9f36169b
23e3c476
21c83f3f
370ad1c3
b32e1c07
5e08193e
6e769732
d6e9b066
1fa9a395
3b1e5827
832eaf1b
3b02a136
c1753777
790cac4a
73598041
0f09b812
156c4ea8
b79b5abc
fab4077f
7b657eb1
467c6f36
465ddccf
f83c5783
4fc1a927
ee23c48e
a8b3603b
296b832b
030289e4
1c54b028
5168c6ba
c011f610
1b0dc2b8
67778629
547a5b5c
10f05c64
7175d394
f1c61bc3
89733a88
06722455
f787335c
b36d1542
65643556
150b701b
8bf806a4
87d0f274
612ea13d
50935155
3a25cd59
d58c500a
5b8c339a
0df6ccb1
01a64058
bb59ae5a
8e867eb6
ba5092e2
c4144324
88747d1f
37ab3220
e5328de2
4cf3e2cb
af9354e0
983f78ba
aef57242
7a9e14f5
d91f86ea
bdd90077
57a01c90
91ba86f9
5178e6af
d7b60788
d6853b96
90e57d2f
3c27a91f
125c839c
bda09db4
0fc83ccc
f4cbc173
cec4810b
5f19b63d
593708bb
3a58fa55
9f9b7217
47084b81
8c35d8c6
e74d0bdc
d1fa2428
539a9f23
a11baa49
ab2797a8
3a78ff87
e95562bb
f1534600
8605bf60
0c973cab
dcf7ca86
9d02919d
0645a1eb
98dc9c75
7db19929
6729464e
24bc3996
04587580
4847ba31
4281162b
5b33f041
e1890c82
d2df9a15
2cdba369
6d342927
67ca3c52
8b2b7112
4b33b280
47da800c
ac355d03
c431723b
071acec1
c691fd0c
4664817c
36360bf9
a987fd6c
0e79d157
6738ccb3
0d16710b
0458bce1
7c590033
664c1ab9
5549d8df
620b69b3
bda1430b
0b7b8b2d
482c0882
2e90a673
af555aa9
5820b545
3016cc09
8b433a2b
15cc6917
60145c7b
396503b6
91b71c3a
aaabee38
77cf4a36
6a3e6a59
33baaa56
37a4c096
159830bb
0dbcb274
3f5d3858
59bc3451
1b99694f
0811bae6
4cbd8a64
1af4d122
860db9c9
45d12d16
b3f991ce
470400a7
9b622ba4
4708de4c
743f7630
ba4747d7
33859568
70769be1
86ff7cd5
61038f36
ae69662e
1b4c3d89
8fa9bbaa
d41e957d
e2772dac
cd0044cc
884ee15a
7826346c
2854c822
46a708d2
bc363531
3c1c585c
87533843
d7ce5846
253ad3b8
805669a3
6011cf59
29b8643b
6a7096d8
18b0832a
7c837f1e
ea80b81c
51a1cdf3
54fbbaa0
59393a22
f8cbcc9b
7a393103
f27dc0db
1bc28c55
a637c88f
d1265b80
973ec0e5
2a6aa449
daae6954
ab536d94
5bd3c23c
7da1b171
f85c6cd0
028a01a1
0f8612b1
ece17d95
c791a6a6
515fab9d
2625531b
98416b60
a9580618
904472fa
7883a296
b25e9486
d48647b3
61404639
1205518b
3a3dac14
10711a82
abb2d001
bc306017
4a09c117
251ff143
67a992f0
3ca1ca9f
cf33506e
c1ba1c36
468721b1
a84795b6
8ceb57ac
3dd98968
51702a5e
1cc0adf1
aa1b2304
49b46cdb
6c5e4658
52575809
35077224
01ea1171
30f7f5a8
f9473546
0c4ea782
31570023
21a3dbb7
10e97a92
3093f05c
19a506a2
e4f25a69
ce880567
0d35cb3e
e8671290
7ff10716
dd7a84e8
01b965b4
1ca9dbcb
ce8486aa
6946625c
89c93615
c0b1e0bd
3aafcde5
b2b0fb72
6638d8a7
35e99244
262a6aad
7d2022ca
0ca942d2
58e9618d
b196515d
5643cfd3
13aa42bd
024cdb5e
168e231b
859c3d10
6b751a64
c2d843c7
b5319e6b
9a3376de
679749ca
01a65f79
670e774a
47498b08
347273ca
9445aa92
cae4b022
2299cb54
eb83f0b3
99e43cc8
c6d8df27
6bbe185f
41d4851b
2048254a
fbcb5130
e498260a
5b2a596b
a500ca73
c8c52673
85494caf
38bf5c80
54e3bfa8
65c2deca
451b2996
5b5d29a3
355aeb27
368e0854
8ab18f57
56db18b8
e879a8cb
baa5cef1
529b6777
498e0cb3
ebd0c7b4
12aab49e
5393c9a6
fc95821b
7e9ca151
b86722c9
3cc09ac4
aec4b257
913d7a90
84e30761
168090ae
57a46b10
e81d94f6
c6eaf014
30c4f737
dbbe4e3a
a371867f
4835476d
78e20064
528b28a0
da401514
c6673157
4ae40d09
1e103802
a3c8ae16
23d5e366
978453c3
0a2d565a
94b2c298
e04c7b28
c864a386
76e8083b
71079461
0c553df5
14b9a1c7
cfae1076
48ab3deb
64daa59b
8ecd0aaa
c7e85284
0a09492a
cb4dfa38
718e18f2
98184180
ea4c3b45
b5fe4063
1f5a2147
5060da7a
b1dc5103
04c6aca7
5f92fca6
d34a4816
ab97b802
66ab21b6
1167ae80
5b42eb67
d36f8a88
42d328c6
bf5c6f3a
72bfc675
63a77624
0ec92a30
f96708a8
79b413f1
8da11710
4faabade
c18b1be7
42965ebb
9721126c
29d9c205
c95cc702
f70e70d6
4c1327e4
1c8be8cd
356ce1b7
6c53c298
b554a183
00aff4ec
7b9396a8
4c352a49
02919b48
1bff4639
1b26158f
6d2e4357
01a2b4d3
84ca5046
45865684
07a349c2
a0f5e156
08abf289
2249360c
ac150b65
8375ab11
f137c1e9
451cd4c5
2178aa59
2935c751
ca043b40
da999202
38dc9d05
049b2a88
121997dc
f1376d93
383bb952
e3322275
598595d5
287ab0c6
d298ea76
b76f0363
cb9719c1
22c4b4b9
d8149872
369a718f
2fc9f7f6
3935549c
acb7141e
e627c17c
80fa8a58
491a0ecf
756c16aa
63d39192
b026b3b0
9f51a12e
97754bb4
4961894b
20c1d801
e34db028
02321e82
aab953df
8705b1a8
5a67c991
58490668
26fbb63a
cfecdcaa
aac27458
1673177b
4d144709
fd71a88b
04de7482
a7361167
219cd08c
7c195263
b7d98213
b7bf933a
c24da626
c3a9087a
0fcd41fd
a997a136
3a601718
438e3774
74e9499b
20582128
9eb143aa
55049b5e
44eae6be
74d4fb0f
9278a2bd
f656dfb8
1cf4d7d3
84e9eccf
5c722afb
32b9f897
c5e998a3
57efd88d
dffdec00
6d069272
64f3c404
38aa7da9
0f262815
1117ce90
e92324b3
8943aff5
c2f19b7c
49682978
91a2e9ca
d0308a10
00000046
00000002
0000002a
00000009
00000085
00000006
00000960
00000000
00000000
00000000
00000000
00000000
da9b493e
95454110
9bcb5a7d
824521c7
65635359
89cb7d90
aa06eac9
d073b037
1fa1d138
7c3173e1
a1a39f95
36eccf81
41871a2c
ac819bd0
2a158133
be31ec72
755686e4
11d1f70b
1a78b30e
ec28b6b2
a625138c
8479009f
21cb254c
2fea2c41
3729085d
884cadda
6e66239c
73ba13ab
31020d04
0a94fe4d
7496c55a
095a0f12
6a183122
aa577a47
6c804ac6
7168a276
68a15bd1
a6009d22
a2d30f99
75b982f9
379715a8
3767223d
43a07716
8ae76d13
081c1893
175805ae
23a5bee9
a0a41351
2868b893
22c11d4c
799861b9
ad8bf701
752f70d6
4871632d
2d53e841
957389c6
4714ac8c
0287b65c
53e04590
1584c128
645c30de
071769e8
48f8d567
8c2f7afb
0b630951
4e1aa053
ec1ef9c6
85933268
10e859a8
3629b31f
2764ce43
4cccb18c
b227517d
8a85cd82
b35bdea4
69bdf94d
c5c649f7
011a6b7e
a8413324
47ce07f5
72c6a971
dba59226
670cb221
4f85fd3d
4315a4e0
88649750
18d05bc0
d01bd32d
8b038031
7a279546
8941977f
984fa3a1
75b72f5c
973750d6
024510ba
9da3c01d
e59e25f5
617f0431
71cc2873
72128b62
d078be80
5d95c14d
f10f4a20
da48caa6
1c431cb4
fe387bcb
43e0007c
a76842c1
d06f9c0a
43e20271
2ba71108
385e43ff
c3b88e20
5d0cc784
51a0b3ad
bb682cb4
a0cc2f82
7586e717
4a58c5cb
4f055f63
c8af6aa4
9afbaeb4
3d705020
84a05742
f6ba2d4a
5db2cba1
d1ce5a32
f0b80250
5467870c
724bdb4c
b6e10643
7f15e990
4030962a
032e8c60
3796c17d
1c7720ee
c78348b7
2810ff94
895ad229
abbfc815
b7d529b8
7b587cfa
172b687a
58a58dcc
a44a834d
271d0610
79ea8e8b
453bf3c8
a4f5665a
7ef5e3af
45456148
ec7ebfb7
8fa33860
5e2b82a8
c1d17b97
027c956e
d17e75a9
7c55af02
b080686e
9775e21b
085472da
1d3254d0
15cd04c3
83bd7177
a006414f
382c8861
e67cc069
1a09ba96
23763165
6addcc20
211b5aa6
a7a0a7d8
a1dc69e6
997b954d
da198a28
04ba73c6
ba039d5b
e23f20fb
852218e0
8ba8cf02
f76ca1cc
c76098cb
15256b40
c63a378f
a7f92607
c8fc9502
f016c3be
d276573b
33b50629
820c9228
e1fb8c23
794b81c9
93a0505e
263639a3
5352cc8f
31ca6428
7828b895
20f15bab
277b55b1
05142886
43ac95bd
88a4faa8
a33803fb
5e78b943
cc3b08c2
30bec497
23b07433
ba58e9ab
82115359
068c5958
075929ee
e6e2be2a
4ed2e449
2313d850
f6278c00
ac087c2b
b115a868
28c018e6
93f33166
e0202395
471ac3f9
c498bc66
2f9a18f6
12ff62da
9fc4eeae
8a39258f
1bac4a51
c1c5ef86
98674b68
54426bca
bebbcccc
a4b2f6b0
a166cd49
6d930f40
b233d974
489ab612
89e80c84
5166ba88
b9049b44
bf633784
1950a6ac
61b2bed7
29dc818a
162933cf
08fe2d19
92f26ba4
4d07d69b
988e8eac
2906b4b3
a1b01141
f4125b0a
3c0a6078
85846a5c
b66549d7
34ac93a9
63c1b861
07596ed4
c9e02db4
b19d800a
61fdc860
1f561b9c
437501af
58d85e1b
a097f228
0980989a
2c84caf2
684ce113
088af0ad
d6947404
6a420306
0bba1cf8
e7bcc2a7
4f208c20
b427ba25
f7e2ce47
85009ac5
65c935ba
11f13ae0
0f20d18d
d2a5f719
b4c66b69
8bd7f53e
8c902113
3b835064
21c7a45f
2e5a302b
8238aab6
4dcbd407
4454d4c2
db697df1
736bd2c7
25b70149
091d9bc4
1f928a28
63984026
393b24bc
b0a98432
c09e472a
02f685e2
96488205
9f617762
f57fa2bb
c0d54d5b
918b96aa
ca376268
5f8655c3
fa63f23a
96b62944
18f52c5d
fb8ab65a
f25cc1f1
a6a71466
f79d7090
3848a225
6a409974
19358c0b
84ba1664
05ea4ea0
8c7e923c
61066bc0
bb001709
2826cc9f
0559a438
80443bbf
8bb196fa
2b4a6df3
3e1cf3aa
2695ea1c
8a536750
97b6112c
49979376
c01da738
4c5c5a4f
9704f603
6ac3071a
1d75d223
ab7802bd
b6e44089
c6b29c5c
cf587a86
5c751c49
2b22c070
debb42b8
34cd99a6
303b6674
f1c2908e
cc4c00f1
4e020c5c
d359fc57
4c48425a
54fb795b
1ec007c7
e2f2a3da
8c17885b
1dca5533
a870bd29
0b8cc98f
da211472
43d5c57c
0316cd68
4838334d
487b3b4a
b53affbb
2f705a6d
80383f43
a0667771
7e7e39a5
93b005b1
90f94176
ca2cb948
2687c40b
47075931
9cb3d891
465f6c75
0da8b110
a7b745bb
2c156499
bc963334
d35e0824
c0775ab1
761c9377
055090dc
97894505
92ca4ca5
bdc054c9
fcd68984
b66a39a4
5770f3f3
d8e74c5a
6592e83e
0c23235d
6899c320
578a0657
355cd7af
e67c2314
98382b93
bcb0c3a2
c636449a
a64b0a4e
5231eb1a
3b6aa1c6
b5fb560a
bb9364d7
bc1342ba
c247df0d
fa7e2920
dc417824
12ec693b
5faa76bc
b27e1293
1232f892
da9b0c00
b6ff3382
bf30b75c
3abdb3c3
36f62722
569a8918
6aca28a5
d5406e42
9b120232
9238a21c
180d0163
78b5840d
8689cc08
7005cfa9
b2e2029a
67bcc47a
ec02a610
2c8a2222
bb2d4846
c3e32235
aa436d8f
c95a1841
c4a75da6
48959ec9
ea85c0bc
fce1ab2c
6662aea0
e92d7412
831e73ec
2827ebab
49b0d500
90024d76
32e3c559
0562b661
46c83165
2744b32f
c35079ab
3557b504
381559cd
2952c58a
77ed4bd0
895a1cc7
7625580c
6649a931
2328585f
9e046c0e
35907f90
6bdb7a69
672a6721
72597df6
b022ce2e
fd2dd824
13863537
a20bfc91
43b028b0
33049fa5
5f058e30
67633cfd
c0a16375
7a83af6c
d3a119b0
3bf79f46
c09bc836
67c63523
243c7dbc
47268974
fe338ba4
db54450a
8f80adb8
b77d40d0
8abc1941
7077a33e
6eb5d121
480fbb91
225b2f93
84062460
44fc29c8
63098a98
63409058
c8fcb6a2
c7638ac8
bb2b6665
ca981440
b3f80765
02697a7a
d66eb542
b2a4c17a
d66f33e9
b068488a
49501a14
ecb65652
c0af6a08
6da7c408
fe05a1c8
a0f38999
67242969
3ac1fc8b
192491f5
00721234
4b4657a6
76194b49
ccd04392
32ce77dc
dbca0043
7f09fb67
a21348a3
f0ff8314
6a8a906f
1234982d
c93da8a9
5d708e46
bbd00c6f
446b79a3
95c9cc28
68bd3af2
b3c8b440
a1415abd
f95b5ab0
9a27c33c
4ae88a13
ba0768fa
0c905418
35049533
944d8a0f
a5d2732b
7f9cd1ad
8593362b
078559fa
b5b8b601
df9b6203
8cde84d1
9b4a4f3d
24b86986
bcb702bc
b9d6f7a7
dcb906bf
05b51399
1173f53e
132439e3
d68c3b38
2df15314
ed44482f
177d4ee4
bc16e456
ac69f1af
041f9b9c
6da9692f
32b60490
bad399e0
6b91855b
adbd81c2
927c96a7
8ee71f33
2b4475d0
5bcb5fcc
151af4c8
f9c93a81
abfec358
bdab0443
32aae06c
a7a909a7
4656d828
57187b41
a2d8c120
3078f39b
2abae3e7
f0a65e7c
16c8adb0
f00fb058
0410076e
6c3d9990
3820a925
7648216b
331f2a15
71322086
15d9d266
725e2414
39411f67
744b91cd
f1cdadff
d9b9e7da
f260a000
bb701f6d
63087534
06055deb
a01cb485
145b57a5
92c416cc
5e74ca72
00000047
00000002
0000002a
00000009
00000086
00000006
00000960
00000000
00000000
00000000
00000000
00000000
2ccf4876
72d0ccb1
0573aa6f
d1449374
4889ad15
1bd31d4b
759ca645
c01f72a0
3582102b
3b6827ec
76265915
3a059023
1b7ea3f0
23e212d2
28eb477b
07cdeb47
25c40838
3c966ca1
aa457414
a2a252e1
c653adb1
1c0da0fb
493a4e09
81813206
1c983bad
95383d28
8b036c4a
cb0d1cf1
a8c26f08
325515bb
0a33b346
6bc40e99
56565c7b
51076a4e
67d29474
7bc39e18
dc072981
9cb5c7bb
7b3a2343
512e3528
a5396b21
b2d54384
dd00939d
b81f7255
a840452e
2858ca6a
5bbd73a4
77f4da13
c1b16941
dcb6a0f4
5c91fc10
792e63a4
ba3d0acc
b1a230af
5694aae5
f7da5542
b9e93367
67073a28
9a9d3b9a
0646aebb
3d8cb087
f69a10eb
8c681a5d
d9a70268
e50f8a7a
0707ae1d
dca136d2
78f31386
49045825
39601461
6cd2a60c
aadc95c6
f21ec4c4
86b899fc
5d177023
b89f8313
8a88a92b
9d1ad53b
72b1378a
18503e58
1abc0309
6fb133c3
f20ba140
4824fa2e
5927d8b4
755e6fd1
a571e492
73c2e426
63c3b10b
c1ac5220
e4c79cdf
99291f67
5ea11a49
f06249b0
43e2a950
a78121b4
8fc3fba8
d45766ba
58362b37
c67d7982
66b21f5b
a080b02e
a18551d0
267c7eaa
a9e7fd0f
dc3b7326
d1a39ed5
58064b5a
0189f106
724e055c
50288277
6a056295
339ebcb2
a574b57b
255372bb
5c4f6802
a9a1f47c
2f638823
e6ca626c
bd438c47
aa29b78a
67ba5118
c4082f3f
267bb078
7acfc5c8
1dd5c888
9a0d13be
463d36f2
168260bc
055b216f
caa15417
8e463a13
291f56b5
3c32438a
9d629bb6
a87ac6ab
39f503f6
c0abc60b
180019f5
76f0a629
70329ca8
a8079929
0149769c
a944ce2b
f05db495
b8dbc95a
acc2f948
b3167ab3
e0178711
82488931
022e3a21
f2179269
5a53de4f
eb9be6e3
3ae67cc6
43a0a809
8110ba89
8b61ac10
cb25ee62
692e4458
c9304b3a
4db26d03
ef3c1771
f1e7900c
5fea2d9e
0b8cd768
db1d7609
97ec9279
61c48c00
21746712
a6938a7a
fe4f30f0
18c56afb
1b22879e
dd3e3ba6
b14fac69
c8c06814
bd6cea4a
4b4b8c11
84757248
3d39c96b
05134a30
130478ac
803c0b4f
b24aac42
5e6b2e51
05059287
78ea9f3a
94c90a6c
6c9e9caf
70a18718
a4bbd36a
107dc361
e43b2e22
b6e1a2c6
f818006b
713e515c
922b42c6
55c9666b
394920b4
6cf8d66f
5c9347af
449d4fb8
abe81506
d0a754f8
31241b13
82c40a9d
6105999e
9c98863c
500320ba
2e231a24
6a3a7d38
a3b4f50d
f919048f
bc809577
a3c0a646
d2c4f3d5
3c2749f8
a7e35a2f
ba054342
173701a8
ce05a839
e10a2bfc
49d129c1
c372deb8
7f8907e1
fc902ef8
ba843906
d6972981
18bf11f1
ce801c79
2636fc8d
81628093
27cbd074
4a8510f9
0cd74f8c
3d05b44c
e224553e
fc779b8c
94ec4572
57bd45dc
bc302374
6845844c
158f7131
c7ed3f58
94d86c23
7eab26f0
0a825242
14eb1236
8f9cbae5
82b73239
90001cb8
c602b580
939f2f91
0f9a4036
6a2b352c
77f3a8e3
a8063d6c
d97c3ab0
e0854659
5bc374b4
e17f2278
097ec685
2fd363a8
c17f2357
b6e400b2
64e90220
dea86938
a99b9d40
598cb570
1b695669
489a47f7
5fd375b4
3f4ee65a
95df425c
10948943
62b19455
528bb437
9468a047
ac386412
7c1917b6
7faa90b7
19407a03
3659386a
6feaf211
87999a86
ab420e87
0c1cb527
0fadf16f
7736b39a
9cbb42a0
ee038022
638f9c09
85e5db4c
2318aa28
c69d2a29
96d25a1e
df67c040
d8e77c28
3ac17a0a
6567a76c
12c910b0
910c0a1f
266b6c00
59ed84f7
8a65165d
cd4738aa
f76465c5
b0125e2e
61b8e8bf
c3c39bb2
40131bbd
3003246f
b54c3430
07d0ee69
ac97e43d
013cb200
31117368
2200107a
8023521c
922aa52f
9f743516
75ab4b07
3e07635f
f975b6a1
c100b90a
988b0f2a
8674312e
04ab7051
84bc5d4a
ee47c02d
a477c709
1af39890
e459a3a5
f7508e3a
ac75981e
053bd72b
cb8caaa3
07fba145
0b09e7da
29960715
b661ea73
3019c3c9
58449138
1d65451d
11a032bc
118d092b
60919b93
7e919b92
d926abb6
5e846705
da4792fa
34478a73
76d89d40
18b44b90
f703abfb
0a59578f
b154d350
94078493
a214d12a
bb07a8a3
9a6e8185
c2dd0018
bdb36a7f
858d8ea9
22b6e33f
2517a6d9
03b135e3
5ee5dcc7
0444b75d
d761801c
c2b79447
c9b58138
12fd2d8b
34a069b5
c78c5096
fb9801d5
c10c1367
64cd4338
604aae79
2bf4edc1
7514d912
0883651c
60a48c4f
f30c604a
19a79e70
b0dcf629
77642cf8
f8e02a0a
2c460b9e
933713d9
749c0219
bf37dc7c
679b866e
62a58e1a
75d5e128
b23ba0c8
f05275b5
c580ff52
cc9f7106
92865bc3
cdd7b37b
a743aa8e
f719a946
1835e727
588a376b
9cacaf57
cea12669
e3cf3976
693c1a2a
77fb3b02
99adc915
fb1e1f38
bd709a92
200e56b6
4a8f6289
8943ac0a
e6c108a4
8b752be0
0a8367b7
bb19f137
a6b46c91
1f75bc63
77be0292
8768c026
091328c2
906f68c2
d9693af9
7c7320c1
898b0148
f6fa2b7b
c2744244
633c36ef
ccbb3fba
be93bb39
3e1fb973
3bcb3c9a
65c4f4cd
115ad9b1
b7fa85f8
97f0ca84
860b8962
1aa8c651
68f93203
af892cf8
0a0794bc
4de27568
9a18250c
9c606e10
9a9b7917
7728e7bc
5707ca98
bbd8f001
91abf050
3b9332c2
8a501ac7
52cdc7d5
411d115c
b2399e8d
24a0ba91
3a6594a4
988abf42
c922f52e
c8795774
5b14cd9f
23a95ca4
7b350f06
0aea39c2
0c9831f9
ba674ce0
16ebdb2c
07a875b2
996966b5
1dd5f832
0e6f8946
20e40754
a6972b1d
3c686735
454e8c34
4f02bb56
7f8c1a25
69796f62
58c5c888
605731c0
c0278389
30cb0e7d
10bb1b8e
70724240
3d783501
8893e10c
591b48a6
7e7576c0
3e630b20
9451ba3c
1a66a29d
f03fec0e
246f81f4
3ab38019
42a71673
a6c8c766
4e6cc297
d315bbf7
23420124
7e695f7f
9c111b07
b3554fa0
33eac3a0
129f098b
9c547f49
45628d13
60bf347d
89e70ce2
c198b813
a4cf54ba
fabf5487
b777233a
1f2cf93c
c9eebaea
4f61472b
2fcd2545
f03903d6
9d0aa230
242d7505
1889665a
097ce919
a847733c
9b450638
b822b680
6451269d
262aa7a8
a5095338
24ad11a0
f3f220fc
a93917b5
192ae8c3
37321234
4f13a325
b85777c4
7c984141
99822b5d
6eb02511
53ba67c5
8565de20
bec30c7d
8a3a63d7
c9c1107d
745d1527
bb989ed8
2c0c3045
1a0a33d8
a8a609e7
12479d33
db7ea8f2
9cc29eac
3ce252b8
457b69b5
94de3f84
10fa14c0
a5071898
d69b1206
014c01be
2c442385
38be6564
7e023c62
346f00a6
555c7990
a701e9a8
795200fb
e5a34bc1
987740a0
1f5388cb
e19cb76a
01555023
fd4553ed
45f75a61
60171200
e848ed9d
c09da954
e279ae7d
88da0aae
5237b861
44c79b18
51a1b566
354971b1
53eef12b
4c3ed79d
0385414e
70588c4f
fb03a4ed
0b9a0df1
a1d90e61
f49cd0b3
2a9e2154
772fcc92
527fa820
36e20508
3b567ff0
08fc834e
3963b36d
2fe03022
00000048
00000002
0000002a
00000009
00000087
00000006
00000960
00000000
00000000
00000000
00000000
00000000
3f743b4b
68666a89
9cf47aa4
de0348c1
246895ac
54917230
ad304b0d
326774c6
be7906cf
50b34828
2c2b61a1
08faa97c
5d5df4d0
334b9be3
46a15f34
6c6b3b34
0a9d71e6
5e1b29c9
4fa3324a
55227dab
7ee05e92
3282f5b9
71fda286
715a5c56
f8778231
b22a37c9
a9e3074f
5481ebfb
70b768d1
50891369
06a11252
a1dc36f1
4ed34eb2
ff0cdb23
0cb6215a
29061713
7556d80e
b7644183
83278369
55c237f6
a8db7f0a
244bb958
c913937c
733301b8
cd3326b9
e59cc4a4
f6713862
0fca2b3c
461272ce
54387607
729703b4
3c9aa1c8
0b529601
5c49d076
090d6864
874793a3
768c0b2a
ba629733
4721144a
6b54538e
4813a2eb
a777c3d9
17a0c7b2
8f3dac85
97aab938
39071bb3
2e032c45
4178bb5b
725cce22
0f174c45
9af62148
83e842b0
d6656432
d514c944
7359ae7a
50073aa4
696264b1
55f8be62
986d018a
7681050a
30a58a1f
b8b7f71b
7aa6a545
95016218
6fb091a5
72a70be0
9cf7f549
c73a78a8
791b11f5
c31680c8
7452ebe6
57906163
4e503240
e6bab6d6
5303cf85
4ed54282
b99969f6
0c051724
9b9b0716
07849726
f6d848b2
7eb8c205
2004d4e7
c4540c65
291b3a08
6e05da1c
e31b955b
1210c124
9c42a7f5
e1fc8be5
a73c5398
40bd14a4
20ab5431
4c05e544
561399de
63803bf9
02d56f2f
d151f314
36d04926
4fe4478b
45c766b2
b0802c1a
c0a8bdb3
5492938d
9aa4413a
77331522
a1b50063
ac8434c9
7d97b829
905463aa
9cc68511
8102e31e
e99ae3d6
92a13805
4ddc4833
22be02a0
567bc1a7
c1785621
d96d5710
e5aaa32a
c020b7ab
9eb31737
ba0bbb44
abfc9a94
06c8cb0e
8652c892
a452439e
642e3149
4be50fb7
5f260014
44628583
40c3179c
991a5748
1f8be54e
db0b3c06
08593b76
a888d39f
3aa44166
46dc06a2
93197b72
0527a5dc
9eb400ac
b919062d
3c8554fa
bb56b486
7d2b40f2
c8930c43
38d74c02
dd6f8a31
24b98bf5
717b0fbe
9fcea655
0ba43a38
21a966bb
57ab4c5f
87f888d5
0e4cb84b
dcb254ad
c35c3a47
1ef694b5
8461b901
62626826
38892a81
c8ce52ce
2b825649
7b92b77a
e23f18a2
11769da7
9a8c4977
700e85a2
2cea27d5
ba8cba1e
ee0804db
b7737240
1965bd0f
d9758bd2
1931994c
33226370
465f26c2
587c1405
2fa63131
c536cc12
13c89a6b
9306da28
4b7d00c2
582c1201
2068ba85
233adc5b
9cbe9a46
48a7269e
4e99642f
91abaacb
8c925d7b
f617b3a7
2b09631b
84eb4c9c
e111eabe
59ca27f8
9b8053c7
df0ca4dc
87497523
7038e39f
209a5687
f35f10d8
3078d960
b59f2cdf
804c43e0
2499309d
a1504bdc
f00c7435
13123abf
d2a19286
5c301668
22abd056
bc27a1a1
61f4285c
c9e87d6c
cb4aa8fe
e8d90b81
6839b21e
dc4546b7
68605edb
59441f5b
634a2b36
84559e95
43e6f157
b7c20b15
e9212028
90288220
04c0d86c
f94999e7
3dc5564a
0da45839
12642ee3
1f16b3bd
3581672a
203e5958
8ce3f53d
d1798803
62b6254b
60230047
c0635821
b243c6f6
19860653
848fb7f2
bcf50794
93d2ed96
0c85e944
28175313
276a0504
bec75a65
912525e5
0a89b27d
272826db
6bae0e4a
90b13a72
b1ce42bf
730202eb
9e96ddb6
a7a0046f
71a31918
83d714b2
201449c8
a7a85cf2
6d53062a
6ebd5318
64120158
be9abea4
de6a21d2
f5e03e8c
be4aa39f
6c0f52e4
97521791
c7d6091c
34031944
a2160219
8c478f3c
f0544015
5ae16040
3a5756bd
374d52f3
b3ca3601
0a5b2855
be07d2ed
77cc9199
a9e22c02
bba93ae4
5c612ee6
70a9e463
1d7580dd
dc43316a
bc1a32c1
f332f35b
b35721b8
3ce6b7b5
ca2ed033
2cfc6220
6f93ef15
7730c7c8
f637a744
c2b757b2
b331eb2f
9507625a
5c24f4c4
4e037607
023a8ab1
73fa2f2e
32b37170
8b29868c
c37a725f
b3c3b0b7
95c43972
88824228
6a535464
535259e8
9f3a7475
d310d297
74ea3c7c
0a43d8a3
63599640
28e80a79
15eb739a
ed65e683
137e2547
0e533c1a
a292a3a4
53648291
b217c68a
9458a7b7
65fa71e8
7035b67b
e4cb3420
79dda665
8b0cfbb4
9389c7a4
f47ca72b
337b0653
72688229
9975021a
07b7ce46
f6ab8391
f9aa4522
4d26e9a7
bb3d2142
7371120c
52497198
56a5e8d2
bacd09c5
3323f12f
b416e229
34ec2475
c498a7a9
e935579a
1119a36c
6388754d
0b4cf2c8
393745c5
82c87f47
5891564a
01b18bd7
0e380814
6212799d
d9f36f33
7af437a3
8d2c98a7
97cbcb1c
a1c8b0ca
48a702f3
883383a4
79560a7a
65243b1b
176cb876
6251313e
f8ace0d6
1b3db290
b35c757d
45b74826
e2385434
85c7f08e
ad7c30af
72e71ae3
28e8c053
bb4b10e9
579e31b5
8b62c406
d13a6120
e712c852
7f9c5b30
027ad63f
dbc2219a
28d2d8a2
b7456907
818caf16
1262fcbd
d6c749e0
492298e0
31592770
778a51d6
080823ca
ae46fe1f
6ab1c7e3
75ad5f88
2816d04c
56a0411f
10aab608
cf97e08c
586668f4
0545a8b2
93e8e017
2020e38f
45c38467
4b7bd688
b2b362c8
201d91c9
5095181e
71655955
e01f87d4
8d76a7ad
c83111f0
b801cdc4
caf6ce9a
995a7807
dbe89963
726b33c9
9b44e881
7cfd0b49
a159082c
2ea84578
aa297e74
2cc50100
50042173
4662815c
85d7e03b
778153d5
aaa27391
5c817bbb
4c625537
67ada234
be2cc3be
8acc30c1
f14d693b
10b02dac
5a2cec5d
368ec780
cb40e9ce
e2be5cd4
c9f46656
1fecabaa
b12af034
e0953fc1
baebfa41
379da7e9
f0f75a3c
2b8b93c8
55afb4c6
f38ab4b8
589b414c
0dcff18d
51cfb819
18ecccb1
b100826f
050b8033
04646421
949a484b
b0326580
c6a9506a
89bfd252
c8b5beec
23c37f76
0920bbad
0a6a89a8
9d4a0355
aa2bf17e
09d489c2
66912467
e105482c
bb679c71
55574115
7d05a407
483e9ca8
119c1f9a
31285040
000d3722
8a079672
f2ba1676
93ff3604
57983ea0
c69cbc5d
eb053816
8e0514c4
964feb4e
2cd022c4
5310952e
8b6a7980
ba521f00
b0d10c0e
c47b53d2
1c1f7ce7
21e01c92
31befa8c
40fb2e88
a6791305
9899b418
d7220594
a64aa122
0b384206
43d4b519
029b8b1b
2922e0ee
22ed32a2
b2a33294
4bc61c24
b35a3cd5
cb5cf754
a7bbc4b5
76496eb8
83dbaf59
cd07f4b6
e229094a
2487debb
d0ab14f9
d24b8335
3648bf30
9d502521
c960ca31
54225c76
19330a20
80e05c4a
5d828d1f
a841c5be
96f350e8
3e5084ad
5b90b893
5c2c74d8
420ac671
796afa88
32c745a5
2b518aaf
f14deb3b
b788030b
c89a5f92
861da151
36016db7
63036731
4ea91522
dc5cb648
706a5759
d97799be
c0244a89
bf0b049e
9460aa6e
1a11154b
9e707607
681d71cc
467452d8
5dc69f82
6a7f6f97
c422f7d8
8475b6e0
058c7126
0c52f801
3b6d9453
b8f48525
72588398
9d089047
e96b484e
f9caf1cf
b82ba0aa
1a5918a1
47551442
625abec2
9cb2c70b
85d6d910
8f827b93
c7c8f0b9
01713fc6
bf6f049d
231b316e
fb3353b9
e447ba79
00000049
00000002
0000002a
0000000a
0000008a
00000005
000004a0
00000000
00000000
00000000
00000000
00000000
4d354d02
a598813a
26136b25
39801264
210808ea
b76073ba
b37fa2c5
e357c8cb
8085b32c
44605780
69fa9f59
75507e0b
9a21b623
1178a6c4
93b2abbe
48a2d2e9
296b6b2a
c9086d3b
af046354
88c5c437
7531415f
69755419
944ba7e5
3be5361e
1e741565
72859609
9ff46f05
50a58898
e5dab614
a88a0047
f01d1943
09de18c9
abb111b1
d21f0041
95662b4a
7804a43a
3593f70c
e9800c93
8588fc48
e9b4d8d7
301e2412
6886b4a1
3759313e
a381a957
544b7475
0da24ae5
57298869
80359c40
7c07420e
d43a7ef4
7503e737
9b600a88
24a011e0
1bb51c9c
8f781c35
8c6036bb
390a9723
81b4a844
784d3f5c
7aa2636c
78c0a4b5
4220aa6c
c06247bf
9d638623
9a1f8c91
02b1b132
fc2a38cf
5b1fc503
0cca639d
a962556d
840b2418
a8e4ce5e
6b761ba3
361585e4
76c65b01
3e1fb8b6
20c205dc
1985eec1
486da727
ba6a4be7
2859b662
6965e464
b45f1529
b5f5256c
83c09318
9954ccf4
5364a669
df0d597d
6c09b705
3629c63e
0437331f
d94650d2
7c27b669
fb7224f0
631cac31
2754b930
61bfc924
c6c704f7
5e40c421
b95861c7
38b87f9b
495504a8
5333727d
381c0e11
2f893a09
cfbb0bcc
72abb166
4a389167
f335c8c2
0420bd23
60138a95
adb2e5ee
dba370a1
6dc0d631
88362c64
788462bb
6b173461
c9a2e3df
075c3b58
aa8a9c24
f3c3c388
68c33b7a
79591315
d69e3208
98cd1155
24993142
b2cba5b6
e33656e1
3da3ca6b
16a5576e
09eec9bb
51d2d415
9754c995
05db0c05
9038586e
3a9820a5
67f25a57
bfb4377d
158e4769
02dd8416
cef4575c
ef710080
cbce5258
0d385373
66838457
66077251
7e33625f
c8137039
8b470272
274b06af
908dc550
aa052fab
2ca24e71
9b7d65fb
47e5b7c8
102885c4
7433dc55
a140b3a9
53745285
bacda00d
b83d1762
65f46f60
bd567226
21af1945
cfa89b15
ca6415b0
dbf76050
08baa0c0
4abf4600
b0e92d0a
c51ab029
024f94a8
9c85342a
bda4cdcf
ec4e1b93
00b0b782
9fcab2c4
755f6b64
688a0d73
76062a44
4eaf87e3
a33c6c53
76a2d732
a8a6c811
e6345784
82f13033
7316f5ca
9cbc32ba
63dae1a8
ac90dcf1
520c64b8
ce2ba215
b7b5e839
1371243c
4e0ae448
188fdc74
e11e8ec5
8c11c37c
944d0a84
12bf7a17
be194385
dd2ffb2a
a1ac01e9
11f1173e
ce71d19a
90524057
14ba9c4f
fa05426c
099b1a7a
c7194d8d
eec1a308
f1835f7a
6eeb027b
273ba8a7
81d910bb
c7519528
7ba7ead0
db81c600
512c2cc7
68bc734a
a3d78a26
3714caba
a80ef716
0666abac
0f83a92b
4414698e
18656f08
1923f408
00bf58d1
a0899d49
a1fce589
5684c43f
dc94a9b4
4a4aa0bc
73387925
db005031
46d3df17
af214663
7360b961
68ca0727
908e479f
562f9660
8dc63cc4
d097051b
b66959f5
1f24a154
002c4147
fa2d5d8a
af0681b4
864f133c
43a4a549
0565caa5
8a1cbb4b
80fe2965
4f4bb88d
aebed1c5
24ceb0c7
0a896b14
2086b347
0a2814c0
2988b959
717ae5d2
fcec8e61
bcdc2cc3
1a183416
93d102a5
214ca5b8
ac3316e7
f1b03988
48304771
2354a942
9a5f8fd1
7c28a047
677ac49e
a00c2528
35472724
a13b9218
c26dc346
01b1ae7b
44719868
e946b582
06764bb7
45b6c144
da168b9a
ccb3aab4
4e802272
acee93ac
92d92c4e
e2bbdc4f
bf40a399
22155a5f
44aa9695
b0d64f86
27009665
2d582bee
b6ddf048
0000004a
00000002
0000002a
0000000a
0000008b
00000005
000004a0
00000000
00000000
00000000
00000000
00000000
8a2bb6e3
097ecb4c
a4b79d8b
1a1c9278
60695ae6
384ba548
ff9998d9
06a33b3b
56f7e02f
bda155de
1b7642d2
bb71841d
9d987cf5
fc1d5a51
c0b87f69
12482c30
520a2eb1
7855b894
087f2ab2
b657b070
6667e260
710bbb0c
70956476
85a2bdc6
1cc530f4
f36d974c
bc7952c4
78be6364
bc10914c
4a901708
014f2b90
45a89c35
67026ccd
b439e95d
16942678
70b8ae68
a71ba453
b61f4fa6
2a11a055
4d27f894
a68fa680
2bb35a9c
5377da3c
97b6c980
2451345f
530536b3
986911a1
b192e5aa
da1aba88
5bdac726
7b3ae45f
dd766761
b0429b94
2ae052a2
a552c1ad
422a3bfa
67103999
b9942431
8b029469
c12243ce
5e582aea
8be07131
a4ec5a55
9f16f774
97a2c243
97ab29af
d52d04d8
30adadb0
92b0145d
ae465c98
71f806e9
8581d614
fa4e1027
41729b9b
10a18904
72a8753a
d50b5d2b
3b93415a
e1c8f181
71eb11e6
5172f143
854f1221
e7222c00
8fc2dd98
bc3c636e
d78cb166
bd8a1f92
4f16ba08
57e27dbc
4f95cd4e
6312b33c
a0c94f08
045b5697
ae80e67f
f3fd8d82
cf4b4081
20b544c9
21bc0935
463910a1
977933c6
e8b68347
7d323a7a
4427337c
3b960829
a5b7f4a1
bc5b8920
6b5d0d8b
b6601fb6
fe859c10
348035f5
970bbdcb
947a2cdc
25a31d47
49b9d040
054eb7c2
0c950956
6ea7ea19
4833ba69
08a7c696
bf150f7e
449a8240
270e0e77
2b613d76
0ec27009
94e01c87
b70a846b
0e2f9388
a8dcab47
2be2d87b
8b4c71aa
c806b9cc
2b84cd3f
762a94dd
fc7d590a
05391a01
e8393a94
ab921de6
2f2a7eb4
c86976c0
8445bcc4
74155037
fdc157d0
a04f98b1
88c0c71d
5b872503
ca1cb2d2
57c4b56f
8bcbf67e
9bd38543
5a540775
997861d2
25b803a4
077b452a
b30886ea
04a41514
66c5f953
651c89e7
cc7e29a8
21291577
7601fcd6
2133c490
bdcb262b
805ad7a6
d35cce38
c1d2c744
d480dab3
9c853358
1e099166
1a8752b8
71f4b9b3
2230f963
19be5674
c14d6c24
057035cf
38b74c66
d84d81ca
390b6e7d
b6911c16
50bfcbf9
38601a5b
67675ac3
bc6e9740
21693811
00096325
e9bc29cc
60851cb6
061dd8e0
592c4728
ad963344
273b9800
3297085c
4b899f47
fa2a44dc
65a04a94
91b84466
43b8097b
ec196d11
51f3e685
fc20c178
32fc8598
770765a3
fe43316f
0c045931
a42087b7
a490340d
473a21a0
a18268cd
e99577e9
02e28d93
16e189a1
a57c186c
17437b5a
b4a53952
bead9928
c74855e4
9dca7a88
053b94bf
04161582
93746bbf
8f30db87
b33cb398
441947b7
1e68b9c0
8624b817
b7e28f95
986f81ec
a5106b8a
2c47221b
72078a33
456d79a7
01709bcb
353aca48
abd24e47
2094ca1e
868dfbe4
510257eb
7212c57b
934ffac3
93e451b1
67a66f84
353c2a12
cc51b1d5
1552ea37
f7ce9707
273984f9
025016c0
ec74913f
e64c5607
b55a1184
ccb7e492
ea8a3106
3e894189
4e36f1fd
05289125
8ef8eb3b
7f77bb85
8982a704
70230f51
c92f70fd
bce1a7f4
9da4ac2b
31cb6b35
29375b8a
8158fe0b
f5053155
7ac03b00
6ffbf652
d655090e
44ee0e62
8df385c6
23785215
6552cf3b
390ba2cc
c66cb302
f89202ca
19e2f669
4a75380c
6c522a26
b4a6873b
6ab06789
4a4503fc
6426060f
1fa74c6c
d87471fb
616c8d82
2335d48d
88508633
1524d125
a3cb6baf
3699d63a
9c9bb84f
602bfff4
2317cda1
8c257817
f90b7aaf
2f846489
0000004b
00000002
0000002a
0000000a
0000008c
00000005
000004a0
00000000
00000000
00000000
00000000
00000000
d00e5721
4c3c1474
87d30631
51852182
eb22b5b1
2253e289
b28f0473
bc4e2de3
c57a7343
f3463631
e62eb424
399292b2
e25518f2
faf84261
98da8e81
a420f097
cc4a0b51
11b51719
3d757c86
28d00042
3ceb14bb
df7a0070
574b6d8b
6a561532
8b7d1032
29517d75
a469d021
2d868b81
ea49cbf9
c5822822
f8bc0338
61308c85
57e35c85
ed45656a
43a7b2ec
031bea85
ed37094c
f6612701
9f585c29
d7af4be8
1b805585
0b9b48c1
eebe8aa8
bade26e8
c9dc30c0
5f375ac3
6be687c3
762b0416
06956799
b8b1aee1
b86a4cb9
6e75851a
c791aad6
6e6ceb81
90bc22fc
01dc2958
82d1ccc7
da53d41a
ecfd873a
a48bea56
197ed5a4
396a5d37
3293d28b
78916245
a0e5075b
c204d4ba
47bbc482
3ced0c06
9828cd60
7f47ab61
b0b638e4
4d897459
1db6e0ee
64b5b780
6cd71e59
1aa574b9
e3db52d3
7c3a91b0
16a9a87a
809991ec
7120f9aa
ed37e74b
350498c1
1381d124
9b7995bd
f9209c24
beb42197
fc9c7906
3ceb4da6
5baafdc7
dd5605d6
caac6110
3d09259b
0207b4b9
e0c7bde1
6533e63d
bb44e955
29047441
cbbbce20
243895f1
537f6333
0ca8336f
a2935889
5c2f2b00
78f2909c
2e96643b
22e555d3
8819b841
2cbbb680
244c9166
0d2c1217
67c91360
00664bc5
b1ab3e21
391fd7a1
c99a09f7
249126c4
477f2cf8
1cd87309
23132251
9f7de767
7b6a25b6
5862a4a1
3f0819e4
451f26f5
50d0557b
2d242a0d
e6d096e2
9334ea48
219fd1f8
7695bf89
9f749aa4
ea4ba665
aab0a125
1cfbc886
f8cf8171
aca7428a
c4d84f17
68599305
e0133492
4e584d71
51273664
a368461c
7179ab17
908bb1d3
e23b4fd3
c06bfa47
2e86e061
d0bc815a
458961c9
00bc312d
ac780f56
3ac6cda8
78cc41fb
b5a97c62
4bcc4567
3d22a9c0
118697a4
6a8c09ae
4ac5bcc0
009cb45a
a1332c49
481338ad
81d76940
0efca4c0
614f96d2
e085ca24
1bc11c35
6d095c3f
27885e42
64e4b9c7
0405f98b
60f4b0a9
85c68401
7b68e2d0
c12b5211
cb1777af
76c4a600
86559167
0801c88f
f0cfd64c
841f9881
577c9726
666ef591
63589380
4eda484a
bb523539
f9db93c4
45084d13
61c2b9e4
d1010c61
292b7114
f548f0bd
414b37e3
1da3b195
a563a867
573029ab
8bd482b0
d02aa230
63109453
aea1f808
34bc0849
3aca9fb7
0d487973
f2a0d048
11247429
b7b7824b
4aa6b4ba
0a57a032
8de94abc
de17b1b3
f909405b
5012c0b5
3d4703ae
04c13280
3e60bf9f
50190948
611411bc
9873decc
bd400a79
2afa6878
8775a412
e315c49e
acbf4612
4380ed88
7b28f9f7
87ddbd11
b1f54aab
1e13b3b6
2a6e70d0
1df7bcaf
e8b06618
52032afa
3d1392cf
51cdb09e
4749b569
3a782f17
b1487c78
0a3c45f0
5eb2eccf
f6160495
cc471955
7f266761
69bfc8f2
95918a72
b141be51
b3377370
23cd12db
b4d00cc5
fa4a414d
ec6639b6
c9b1bb7e
3f242aa5
45a52d30
700802a6
f6b2b84b
e020cf48
b0a3de51
4fce75a4
d5aca670
b8bc0f1b
0bb168c6
7172c413
b5bce550
ac2ee5e6
b4944d7a
af425bb6
e400079c
3544ba08
a04b5ecf
8dc576cf
04772727
0ae38771
04b3b12b
65043bea
89b4b2cd
db4ac1bc
a8b1c310
caaa2f6a
ab0429b5
4976be4b
847c31a2
6a3deba9
dc6530b2
06420f92
6b6160cc
e3a1b152
9babe830
1053742e
8d5cff13
ff0f4ecc
07981ced
ae069a39
5dc00fd7
0df692f2
70d0bf4e
0000004c
00000002
0000002a
0000000a
0000008d
00000005
000004a0
00000000
00000000
00000000
00000000
00000000
7259cd02
b01f1c89
141bfda8
b14d33f8
d9283a38
0b24b096
5893a508
5cb67b49
916331cd
30ab40a7
ead03967
8e290477
306c07bd
f2d2b615
06c95509
80725b9f
a26d1229
20bbf034
18b86c60
a7e86847
63b14b72
f550b519
a3792f27
ae41508c
76877508
db972e45
52351206
7f799465
9cc442d3
be258c34
d566abf6
f33d4950
65824020
ba687cf5
354469c1
283204ad
3bacca75
8b344436
b34b5031
a0bec5d3
f9c52ae6
3063dd52
896829e8
3c33cdb6
286409a6
c6555726
02dd7f7c
5f72e509
7f2536ca
b24195f5
62db6318
cd4793d0
969b196c
bb4a9c73
7641b93d
14116845
12cb5cad
d403a278
351c15aa
b3ba561f
c892f558
16bf093b
b9c02122
1a758086
1b050c9b
0d85fa14
e311c455
c39c5579
6baa2fbd
38cf030b
ba9e0c4b
a510db70
823d28cc
d315bda1
b613066d
9279e186
a6f696d5
1176941e
f46b5797
05735b22
997c846e
ee42bc72
a2cac538
a59b9aa9
64a590fd
f0af8a35
bf4ad36b
ff2b417c
6c5a1901
8ae9a5ba
d9a26a4f
fba1a216
2f7a1873
13c007b7
f36f06c4
0efbb28c
1d36f025
7b552b3c
03034169
efb6163a
4807ab45
b9d76a5c
8b0532a0
24ef5703
ad9abe67
1739e98e
2bd4aa4c
4702d92a
3c3c946d
49aa634b
2223959a
f834b794
db4999a6
040c93bf
9b0e848f
4c3407c7
4fa3486a
bf4e948c
87accfb1
403ac9c0
867e7cb4
45a93833
4ec2b35e
4977ca11
13c6b005
c229a342
7da626db
fc5f4656
9b90a433
ee089b1a
a8cb03ab
a9d3d13d
a0be3b09
7090b319
96e4ad5c
5b60b4d9
d91a0409
4659b298
284d45e6
56b62393
ce9b9131
4c22627d
e77e1d59
cebab205
f88ab745
fb64a198
0098b99e
93784733
d33f647c
35148b7c
3340d4fc
2cd004e9
1b2a84c0
de8886bc
79ec5788
21f79f7f
48308815
24db7602
2ab77812
3798a85a
799500e1
651b39b9
df1096e7
6b2f01aa
6d385041
6b601c22
16e75028
a38adc10
69bb9608
049f8900
02873f08
258c6afc
dcde5f89
4e00d55e
3d9a1850
55c17069
a72b5627
5417719b
79db0a39
7df50dc2
1d1f2363
c3844ac8
0372b699
775540ed
9a965fc9
8369ea41
fe2cb2b0
38cbcc1c
b1950941
917298f0
d04d82cc
20c1ed89
2cc4e316
72fc6f9c
20197740
9f47db87
05030ef8
0f3adf19
7d520673
7010600c
7c807c6a
9c7a5984
337cc8ea
248bb04d
212a49b4
c02c5a2a
81908e09
a11e7894
605493aa
c698ab19
2307a839
546f44c1
91eca602
f33a4823
e6bfa926
65a0171a
c44d4867
e677563a
53e4a9a4
0f0f4c56
b1dc7298
6056f899
cf093408
52244d8b
3db7f749
6ac9712b
a60b25c5
17518166
6bac4468
4b5126f2
6263159f
d09b094e
5753ae03
3cf857c2
2136bc44
93307adb
c4055431
bda400ac
4813a3a0
13b4aebe
5b2d3b70
2666936b
796a23c2
1a2d7226
e44faf31
65714c8c
0f44398c
d694a0da
3ed08756
e968f0bc
eab5b71c
0a072995
4abd1144
a9ba17fb
6b14ab53
c03635e1
184d376c
59768e87
4190e55f
38d40115
4962c696
342bd18a
db6a061c
c2c3b6c8
fec2f156
a48583e0
7a10d896
1db7d38c
f5c1b327
19438493
7c746159
f2fe3876
b99c06cb
157448c4
d478b7b9
07296c6d
5f2566a6
8297a742
8c9c1027
f5bc17d9
64059184
cbaacab3
0857d7a1
b0091d66
2b6542cd
389aa709
1ade6ea4
0f375ba2
e81d6c01
033bed80
0cedd49e
2e5dca55
7880bbd4
f25f2e25
0cc61ce8
4b43b53c
0000004d
00000002
0000002a
0000000a
0000008e
00000005
000004a0
00000000
00000000
00000000
00000000
00000000
362dfd02
73a92a7b
ade222a1
6bb0f822
88e06386
8b2a9765
233b6c92
61bdb5cc
5bcb17b3
5698a8dd
77505385
0a8a9398
65aae597
b7e180bc
b8470499
8eba0957
b631a877
c05b997e
85c00015
c20c89f0
54ba3f9f
f21f10f2
ea823d85
48b251c5
7f3c9721
d29a0545
163cf24c
636a1cec
3bbb0a27
cf60379d
4f45000a
9a3d168c
68990f68
d3497184
125671a5
74e5e709
5ac6c104
854f9fb9
9de55cad
2d39e4e4
69d19e35
4cf10524
773471cb
83af4e6c
85a776c3
5240e2ab
357a3588
a197ed83
c47daa7a
69d85547
15e9d404
803b24e7
7cb47925
5d8302aa
e8b7b907
abb8cc7b
ad018c99
712d76a7
290b43fa
5abc5d4d
3ac91751
7963baca
4d042a27
04760506
8580c79b
5f66e86a
0b1039d6
29a16369
49c8279e
bb88ecc3
e81e8785
2aa8b48f
f28d1066
ec241cb9
0490725a
7694d1ec
c7d265c9
92bbfc61
ecb898f8
435d74b1
0b3b6d63
475f7905
0135cfdc
b7133aaa
3e4002b8
09468269
b4b3138b
ca2ea05f
356997b9
0505178c
796af7c4
c1db5188
61a81472
889bec5f
e27cb7f5
90f6e680
2fb31aa7
d92f899b
b3656a78
3abb2c98
98a20650
a627cfc3
70ab1211
543990b1
13b2f219
b43a00fe
9779aea2
0c82fcab
5f4333c0
ecfb21e9
cfe63778
898b63c1
684296e4
3abc45a2
f1ad1374
4ac732b9
19140c01
56b6d29d
521d4b01
86d08374
cb5e1bb0
741830d1
4d25d792
72504a85
48c7c9d6
12257533
a534e7d4
cada4137
36b5d870
6c6b091a
e218a019
9fe3bba8
3571d319
cc7e5f29
26e26166
50cb51e5
b6c2339a
23519613
833357ae
f646a360
919293ce
4b8426bc
bb9f0410
0b43c030
53bc616a
008255ab
945ce4bb
eec07a37
48d37e77
119561c7
c7550ccd
98ebb46b
6857bb9b
6e09c597
53ba336b
1623da33
5189a39d
87297054
210af7c9
3617e343
05548de2
1edbc9ab
f30c7055
658f5c55
2a5a166e
c41eb525
ec484e31
25b6d327
3e0c4725
b1417229
81b699c2
5287cc9f
f9065ed1
80166d7b
58a774a8
36d78ebb
1cd7dbae
bf5c8b45
c3f3bc1b
18a100b2
096d25d9
eb2d0ba4
6ec09506
1d19161f
91335196
1c689d9c
1805a247
82c226f2
115be07d
9b499795
9b24b478
b0e5c24a
831d23a2
c23e3371
8696afcc
e8b517b4
f1239e82
15e5211b
ec880a1b
7be0c9b0
b2c4614d
5f4927fa
d4a13e54
2de7bc15
677380b0
39a30244
0157b242
715fb350
64059e0b
11b6dac1
4a2d9cad
e6645d02
7822fc51
a71db1a9
6b28a78b
6a24a357
e667d349
9297bf3c
cbdc970e
e48542e2
45347b01
1c60cc70
ea27ead3
64d49442
07a49f11
514d22ea
c3b850b5
58256512
ac13a60a
82608d45
55d1c193
afc0091d
10ac8ac0
10707b11
a6c0b988
58bc1c37
4900be07
ebb02b58
b209cf27
90037561
2520bb2d
40b49453
bd9a391e
325499f3
60830ce2
00f0de5f
02961b25
fc113d06
7d4786ce
25a0bb62
47a55aec
5bd14260
bd802ca7
5b0281db
aef4e048
d40247aa
6c75bad3
09a7c416
31407871
28954bd8
c82b58b5
8d6f3c14
27266922
56d6736f
84370607
617b714b
6389fd35
c8aa6343
b6646414
65f99234
c3a0db29
f198c536
7918a46e
0bc6e8a2
97e24c42
c9cafc9b
31507852
3a65cb5b
2c9cc37a
6555010e
0bbcb36b
88d1538c
c698fc32
e66047ec
1a29a22f
7dcb54a7
21fb62b3
68bbc33a
40c5114b
be3b31cd
026846b2
ec4b59d9
5e6306cd
584fb7d3
78f75a6c
4d1bea09
0000004e
00000002
0000002a
0000000a
0000008f
00000005
000004a0
00000000
00000000
00000000
00000000
00000000
cc259b10
152ea148
3200c847
e34fb784
a7be9318
91caf88a
52c08bc2
d37fac45
08c8c5bf
1fbcb51f
3b537b74
7e29cd3e
923f25a8
b57c2c94
9d77537c
fb840ad5
f6f056ea
c812a742
0536a9a8
2ad692f3
52a08a74
51556027
777cb6d4
8197dc03
8c84724f
e9af7252
291a3205
c13684c4
141e1d39
ad675035
f5787654
c3484a89
53367875
0457b622
c6aa6869
0c368e9e
40426b34
935ace17
62659c3a
a4163286
960ebb5c
2300da51
60caa013
e0338230
54a857b7
6e61b3a7
8a160e49
27a34066
183fdb92
24df0815
395921af
e68cebad
e2953dc4
83d7fc14
8dc12b2e
a2e5965c
1d330e7d
f113e76e
c65a6228
b5d0d678
f7cd9903
1515ad20
0b9777b6
6e7759f4
f52a2eba
cbe9bc92
a12e10d2
5cdc1aa9
0c01775d
87c5bcc0
f58d7bba
8517da75
fb8e6a77
733b486c
6fa7b58d
201ac19d
db2a1d1b
bde1db21
818f837d
29fd13f5
bdf7514c
dfa7e7fb
cc936f17
8e5a317f
054f23e6
766b4401
47eaaa81
d9b71647
08d407ab
0e890fac
fa4429a1
f3508a31
4f21315b
40a0a342
41bd2b3c
ab2a7388
d601d2f2
1b6923d5
c5e89e9a
001ae675
043580a1
3441987d
f4032bc6
5a820fcc
2486b04b
c19101dc
1aac72d9
78e9a19e
9ca3537e
01b51c86
5410a4c5
d7a68b5f
ecb699f3
172ad5ae
29c3e532
99f52e07
3361ff60
73356800
e0040553
4d335551
de06a9b2
c2e0c8d0
75252c05
ea87491a
d7fe2438
48e7943f
ef7c8231
07dbcf06
2a41ff58
ac9bf80b
dadb08b4
c0408764
168656f5
05395976
b632a832
a03d3545
a5d6cf33
7155422b
b52cf248
39848269
b332409b
377d8a82
82d29895
7ba27ba8
be7d6590
b15dca72
0fe0dfc6
46b64305
14ac8a21
319a6738
61b2c98f
9b67ca12
cf3b6f27
c0b961bb
a5e568e1
a66cc1a1
4dbcc6c8
08c47518
5c8076a9
69975c6e
89a39660
3001074e
70ac91a7
93a49ef1
2b0bd2a8
abb98b82
d816ce75
b8a3c1a3
9e30a2b3
241f70d2
60070a9e
eca5b359
f680755b
2e391ea3
e3129cc5
fa6a3bab
76850876
500ef599
397e3fa1
7e0cb093
c064bb53
f85284cb
5ff9b49d
26c97c52
c14d5715
c249989d
755d5891
4a6b383c
3fe532c9
608ae1b6
926444e7
02180895
69b2a3b2
f4ff676b
13564f73
b029784e
72687a27
25b02f06
3f49e1f7
571e55f6
64e07275
57943cfb
677ecdd0
05a82892
5bb9fc82
b09a6f75
9d54544d
a93028d8
03c077d3
9b9ca409
0d77d7af
45f2b519
2d8a786f
1d918970
17aa6599
0706907a
8ebd1cfe
94694ab9
514a9158
3f96b49e
f48ebb41
c1e2af7a
af251ba0
5bae6470
9402f244
f08cccc2
d12aaa28
1b863b48
274f4968
888a5239
858a81be
d50a65d3
47551ab5
082aa3cb
8ea876e4
27ae8bfc
67c09d6c
3434f00c
2938b9eb
16d5d53c
5fbb51f7
6322c13b
b9747822
635d67c1
f7b146e5
b40ba649
0d93c32d
4bfe9eb9
a8ea8b4d
f70c60ef
da836670
cd948621
fd057af4
82717593
3f199cae
9851fbec
dc576f16
4cb6d15a
c91f63fe
6bb3c030
9c08d690
e728b165
f1788c08
5ad62c93
bb6cd96c
35f28006
774819c2
876420a6
b4175a5b
99b9de17
d02fa73e
c55b6554
4b4c6d44
e38ed2db
29964fb9
4ed891a0
14c2077c
0ba49ff3
0f4af923
428dd43a
919cc5e7
28604b44
5472dcb0
c6f4adbc
7d80f066
358aa8b2
0ad383ba
5d17418b
5562c05f
c17a031e
0098e932
4906bff4
0b7a2881
c72f5fdf
d94686b1
b31041b3
0000004f
00000002
0000002a
0000000a
00000090
00000005
000004a0
00000000
00000000
00000000
00000000
00000000
c09d0c61
67a53c17
96f2e155
48a162b3
436862fa
b3247b1d
047ea915
b8af6787
6398a885
4e8934ff
85f14028
a305173b
593d53e2
11d896b2
5703057a
071aa266
e4dccf0a
c813063a
344ba1d1
8bf03d3c
2b8b4f7a
e28120ac
b72fbf18
5a89e95e
bfac968e
84e50448
3aa0d90a
9a1b88a4
c1563d76
3d72a04c
b863919d
2a1b0295
1a73e178
f42de459
bbc98f13
8201cc46
e7068504
e9f4cee7
b1c04f49
e3aae3e2
54fb36d6
87a7af5e
624ef359
76252603
8e488355
dece0503
555ac8a9
64026445
171a1891
12906e65
45dccac6
9613e639
21738044
68b0e998
885320a4
7c2b7db0
bfb87884
03c08cd4
4b5f87b2
77d37dbd
44ad473e
f7508d38
a4437a7a
6e1fec2f
470f2d11
24067113
f0010b3e
071d115b
349ba900
458c15db
bc0f0855
06f09ba4
a7b21889
024a94f7
9da99ec1
ecb2aaf3
21de1fc8
40ec210f
ef363034
489bb550
b747b162
b1915c5a
19037380
65d23177
8790a77a
91300a24
66a6a943
b28e869f
131751f8
3de5ef89
a0876375
d3735175
2288f764
96950b77
90e1599b
5e34c04b
e13d55aa
a58c8b00
78690b56
54302c10
b1da5ed2
6bc3e50b
e2944841
96e8b8b3
29862d68
35738345
98a998c7
201a625b
f1742bbc
a58c69cb
914c674d
34a4f1ec
da135c17
3b143b0e
61b157e8
10c7a51c
61e0d941
2f7c07d7
a400767a
82921814
6b93f890
31692ac7
47800c96
039dc9a8
65f9ca31
8ac01c65
42470c08
f6ff31f3
8dfc6fa2
993e1740
1cb73c73
3eaa9215
d14d96a5
4956382a
271757b7
dba02cdf
1086b253
9fead564
f19e9cc2
a798887c
8856b480
f33c8184
6ccca883
1c53d936
ba1aeb25
d2c04677
1c99ab6e
35198278
8c325f00
cafa3f72
9a1ca07c
bb808e78
0477edc7
7d507b29
f35056d3
61498726
7c023267
a3ef7840
5936fbcc
fa3537f6
7982188a
8897f027
bbb0847e
ba9043e3
1da844a0
d0531865
9cff3fb8
c6bb9c33
779f6a64
41927ef2
44381018
f138d38e
d565bfa5
7006bc58
bd67dc22
748b2d76
8c63c635
7305863e
48d7c4e5
933cf319
c42bb50f
a0840007
2abc1981
4d5c7c6f
870e03bc
217b839e
c664a73e
c0a5a84a
7b3b4d6b
8a31dca3
a9e9afd8
5af9fe2b
6dca33d1
904d5d7b
ae170731
2859a812
0237794c
ca1900b6
351bd65b
55cb3c45
82c62487
9d26b4b7
d7148690
1d037935
61c4c220
d2a48be3
3f8532b3
2949e67d
10ffc072
08f2ff31
d65242e1
09733ff0
24106b8e
516e72d8
7cc99d5c
a1b5393d
607767df
c8478ac2
c4938b5a
e686b4ae
a7a08449
cfd55d9b
f98a1bdb
48f5ab36
47d4dc2d
da2b1a52
b8c07ce0
1d44346f
547b03b2
09439f68
6e54145e
2f2d185a
d24e7cf5
6d105e9b
4f488250
362841b1
2dc82221
546afc50
99c95abb
6da3bda9
6c6ad5c4
e2225341
b459db43
e328ca34
f56328ab
ca76f096
0a976384
08d25174
5995a463
dc55d2c0
34427f3c
05bbaba1
5b63ec6e
9415b152
cb1c0fa0
ee3511b1
8a8b9be6
1468a24e
40162279
676668b0
0bd8e2af
823cd039
e9c0193a
0880a25d
8802c7e4
30532785
cb24a24a
3734c28f
a7b41c3c
8826c48c
f02220cf
339027a7
26174026
df1c5add
2cd240bb
5ee9ca24
c52cf7ea
c6225ab3
8c48c0ae
ef882838
f147ace5
544a17ac
609a02de
91d64f39
b870139b
507586b5
65474546
3cc64691
24f019c4
02c31860
12e0922f
c8359038
cf22a599
16a62969
98fee9ac
d5a4eb49
00000050
00000002
0000002a
0000000a
00000091
00000005
000004a0
00000000
00000000
00000000
00000000
00000000
ec4cdd02
02db7073
0941d3ba
0c87d179
498f2a5b
79f0b3c1
56083c68
e5123481
7553fa89
8fc9e6ef
17aa1604
a2b88f9c
f5b6f335
12517891
462738c2
6c1aa46a
60eb3bc2
a37a0276
f34a618e
b642cb11
a0315217
5da25c61
4ae02aa6
b7728a65
ca3f71b6
15f707b6
bd6992cf
99780612
7278acd4
b1dc92af
817a8744
48f14eb4
53389bb8
d75b9499
49dba1ca
9ba49708
388ea47b
f97238ab
04c8ac53
1a44a3d1
82cfafd8
71f91da3
20a49a62
05a096d1
bc5c421e
6750159e
c280b174
3333b936
ce954c4c
bcc63ee3
82458660
a8afb678
225ea614
46b33098
0d0ac1f9
6cef0fca
71d0c095
ebb3a0cb
a5b9bc61
7439300e
c768543a
b74f3b46
5547d9bf
f94cb4d3
f4566997
7a98ddcf
005d917e
b021c5d1
5f742590
b40f844d
71d5a12a
52e0c05b
f82c09a1
94925b97
5df96372
ccbc061f
31f9ae41
cf3c9814
d35e7538
9a6aba2a
3ff9c603
470fc58c
526654e9
2661d28c
9a934668
c7a3b6e1
a2714e03
ad913a12
098d4943
b9d42037
9abda9fe
5c281b03
8c93adcd
1cceab7e
43419bdc
3b199ebd
a92f5075
d9f95538
4d2bf962
b870186f
d439602b
74e84c4c
a01b4711
db7a3e00
1f30aa22
c4b10913
c71475e1
bc591f87
5ec93205
db786413
79114d50
2782c4f2
324715dc
96226d06
da00fad6
5cbc1ba8
ac621488
5c588c1c
618ba38b
1337bd4f
8d209965
68e39251
1f102053
f9acb571
94d5b087
3e1193b6
928215d8
02708c68
53604884
5c74a476
13008894
b2672d84
03883948
4788791a
1322df73
c39e7af1
52ef152a
c6e9054d
0b225970
2a8285cc
aceb8fa4
dfa63535
d32cc09a
708b2419
9ac98549
d6ed34db
c0b0ccb1
f4ac2b5d
691d5241
2ac77182
866efae1
35e5c244
40bc0e48
c7ce3c0d
1b4006ac
4942519c
d5b4747c
71e95d4a
5077d44f
7d60e5ab
d1f633c7
a861b605
56c53ad3
bc31245b
b9f24cca
220a10a3
95ac4a45
89181b07
b088e7ae
8598c90a
5fe688c2
cbc4e3e8
18469702
c430561e
dc0b7831
d46d2ef9
ba0424a6
c1bad1d9
c70318e2
4588b3c9
75973434
937197d1
bc287745
0a500a23
44f6cc53
5b223e42
7237911e
b58d7669
7f223f73
2d7f32e9
27319796
484a2a05
51b8c468
53bc6b84
58a2495c
d5b257bb
38021dcc
8d888fbc
a8cd6126
875d4ae8
abf9ae16
8e7cf3b5
4887b4eb
7ca0985f
643ef207
14ee9f2c
99c3a7c6
780ff16f
e2004682
92072297
614ecc7f
2b9d2336
52d66316
4acf741f
25b786d2
345bdc06
19351452
c8834d87
7037c229
1e5d81e9
86bc5450
99311d5a
5207d664
72ec6c22
b0232c56
0fb36306
d665675c
84610158
2a6a9c4f
761d016c
05e341aa
41b51694
3c708db4
72c3ec83
d7667837
682667d0
7ff1d81d
ba1ffb45
285a9b85
6d514e4b
fa859360
d3ca4b95
2c3064b9
48c81ac6
ea8c57ec
c6178c0d
b4606752
79c630e5
71018d1a
7c33da91
84ac0ab5
5ab9e990
4343abaf
96476d6b
8db6030d
9736fb7e
1ad6a049
cacc09ca
433f8077
30f72e2c
9cf09b02
ab244bcd
23640931
17a9797f
5248d7db
6c967b3a
661cb363
96238c76
1868bf63
22fa0c05
27cd36ea
416ab37c
48c2ea88
1ca3521a
02b99a0a
9a28915e
757955f8
ac952cd2
36b72393
eb942520
aa49ca29
6c320110
9554539d
0911009b
3613478d
6a731640
a638aa37
b4645029
1996f2de
eda6e13f
0581bfc9
17ddc37b
610d650d
b6c17aae
b6872b10
f0696639
00000051
00000003
0000002a
00000002
0000001a
00000002
000004a0
00000020
00000000
00000440
00000020
00000000
5bbfd550
93503107
9699269f
618bd7b4
8beea7ea
b5512f86
c953e998
464a7e2b
3e09276d
fa41206d
276f648b
a0d8a268
4ba502e6
139c4ed5
6fdc4595
1508f92b
b2cc58c1
a31ca537
f3a513e4
1b925039
1571fca8
f29980f3
07871d85
3583524a
21321aad
0bef8bd4
113a2f63
df3d9bfb
565a5afa
a68adab2
30178adb
f4ad9d98
2dbc8ab0
9719915a
29d30393
14c359a7
d30198e1
39ba3844
4740fc07
f802362f
7ab7276c
94877699
99bc15ea
facf8f88
bca252b1
c161b93c
9acd894a
48682c3b
e53b247b
766e31fa
7e236e75
021f4592
6890c55b
30492777
18123c3e
f2384510
2a6caf6e
e154ca32
7af44b15
c66c547a
7d034068
7bc16289
b276f211
b123ca50
b2610b62
5cc86b6f
f134e0d5
7be12286
c407bbb6
0c55833c
e84394b3
17a42f65
1a78b725
0ae2422b
95061092
ef92841a
3a311096
79b47930
5f37696f
c33b3737
abbca75f
48adbb1a
e9b84e03
70c5d088
67253297
e05b7ada
8378b87f
0233a05c
da8b9b16
7bdcacb8
8b78ba65
092a5d5b
2581a8cb
e01a35d4
e11f0b5b
bf95faa6
235405d9
2286bb3b
ab40bdc5
dd0b2557
f68f0af5
ce6afacc
080243c6
dbca4a99
9be0d070
0b3f6870
7a86ab95
73362bbd
b6869362
69392ee1
20d57194
53b177b8
90b4b3d2
4505b804
4dbf30db
3288ca1b
1b61c8a9
46ba11f3
44f5a05c
b926338a
684c07e6
8b9f18a5
8de8a3a4
d0c2c384
a2250382
27121a53
ca9c52f2
324d9e1b
aa227c91
39c65013
e6d1cb55
b66817b8
2a29cb6b
65a2cba9
2cdbf405
d9810567
23c432f6
9dc0cc39
386c51d3
e286ac17
14a71432
6e2f8284
b11602a2
46b929cc
be777ac4
97a83da5
8eb67350
1a414999
684eb6e7
9391a97f
20bbd2ad
5aa19f24
5c79066f
f59539f0
f32e73dc
8fe553c7
97b49a3e
02375a56
6f46b67a
45bcc2d5
40b14e1b
71913848
83cb2183
2a223132
40575f80
c45de8d3
e1024ba9
81db9a1d
659f104b
8341ce7c
9af1c109
7858493d
7b176df8
8ec5a562
a8123a6b
773391fc
8cc63f8e
656d1324
947785b5
b1934ca5
5a62d67b
10620df8
4c078060
d0271a18
dbe7c87c
2e798ace
a8646955
677e2f86
629c4b54
c3400011
c8faa67c
4130f629
f352986a
99bc52f4
4ea05547
2f85f38c
271c92a3
afb89a36
159e88ff
a96435b3
cda075c0
b7624285
764d54f0
59a1e09c
cb7529a4
b7ee341a
6ffa3113
f603cc49
aaa87d50
94f59c5d
5c37bb55
16444e32
ad82ea6b
40316342
7849c1e2
b4e41053
5fb761cf
43ba3710
90397b16
eaa09774
67bd8d71
cb56884a
45a27299
26806bfa
b0057f09
826f535a
b9505583
65142531
7c3745f9
5a322c17
6527aa13
5b39e6a2
279dbf7a
85ca417c
5bc36d00
68ca3837
cb176ac1
5d343550
0bed2e4b
3e992c73
8424d41f
b852a2b6
09b32b47
ea86d92f
f3a1669b
6c851b7b
9f8bd733
d04e8dbc
24786fc6
c18ff17e
29b7aaa2
0d81bc51
cc46868f
e9fc83d9
8ddba39a
7008e027
30899393
5d78109e
46766be6
1b450165
35b6be43
a403c850
b984a70a
0a89265a
d77b4024
69b884f0
2e4cecbf
0e6b2602
04427854
3e10fa05
23a7415d
8cf55f75
a794fdab
a60dd05c
a840b7a0
bc072965
1e3ec478
e9578194
c16abf5d
3f20cc65
788daab4
7f881ea5
0187f89c
f8c5bc97
23abf4c1
ba4d3611
04c389d2
5b324d86
aa7f2c50
f850627c
c432a493
7729b427
4a824f98
005d61fa
96664584
6f9f5d04
83df00de
835ed011
68b5710c
f0f04cda
d958f4c7
92de3941
1cf2c5d3
d88aa43c
00000052
00000003
0000002a
00000002
0000001b
00000002
000004a0
00000020
00000000
00000440
00000020
00000000
9c3f25c8
6b79c87c
a5874392
4dca7226
1cf5ae51
85c64fcc
fdc1f43b
0ab9cc54
0eb2adce
321e53c1
0b7fc870
7c063e19
e8285a49
2b164e04
9339970b
3360d2ec
084bab20
7b2a541c
861ffa25
923b2817
aab14490
d1920045
b0aba318
3056291f
075cfa8c
c1c6afda
bce08789
ac5dac9f
a4b09297
97c3f416
8c339809
2a6f927b
7659f263
7cb16b7f
23182761
06a0620a
fa2f051d
00cf5e64
11575d2e
fb64f39b
2a7e8285
0eea0f65
1314a6a7
7bcf5924
a2abe89d
a54bda2b
0cca0421
67bcf1a7
9f0e299b
e24f4bdc
a6897a2c
ce57153a
19e4ace6
48234d9b
1c8f614a
134a9146
13c266c8
6c84f867
37d09328
2d982e14
820fe2ad
209e43cb
ab90b679
f711a1be
b61b0b37
964a400b
f0c82abf
e0e91633
40c1ba26
dc6eb13c
59e80a1a
430ce531
a1a1759b
cb4588e1
6299421d
41600896
3c925917
4204fc8c
dda6d9ef
04b47f48
52bc1f23
b11f273e
b2d72237
c514206d
4b90e42d
db0751a7
0e34e39e
a7c598fe
c8c08ca9
6ab3be67
9fbfb325
8c84af98
a5824a00
77635b60
775810b7
3e29dc57
d5b7a762
952fb08c
70637b1b
96931a3c
bba70cfb
124cf2a6
6c65b6f3
6a99c60c
1e6a4b4c
56452a3b
39773833
3af405ca
fa6c733b
093d9200
3143270d
1e8a4b1b
21779399
8e88032a
01cd4221
75d98023
a7b8a68c
5a7f422b
17747de4
480aafa7
a8271a61
f244a082
31829a59
1f5afadb
21644c84
a7f8cfb4
850f313e
54897100
764be39a
0f7b2244
731d9703
a9e95e2e
aecbb613
aae57744
3bd0350f
b443667a
d8e55a6a
357bd393
6e4b705e
356f1900
52e9b208
682c66d6
e54b91ba
6374a40a
9ac0a29c
4cab3b40
1e4894a9
f972464e
2090cd46
b6dc67b7
69cdbcc6
23d49523
b494114c
b19269b6
f75351a8
06876a2a
ac19149b
e79386a6
81d712cd
b88a61fc
f050a278
6f8c110d
65ca20f7
56f316c7
6b91e498
a97e38f0
276db431
19fb6428
0b27792a
73ae0b31
0b88a195
db209aba
773e9a89
2f81f62e
843173b7
16db701a
2c146103
6cb8998c
d2c83963
39aa5c89
9d50e28b
3ce721c1
5b40f790
47d00642
d04c18a3
b1579613
f3bf1c42
d52c9293
2d0cab4a
2e1f80b7
2a86bf4c
96f09e09
b91c7c37
5cc6a049
9a197f47
8e777cd1
7c981722
6e50ed08
2225ea5a
474675a2
c96a086d
9aa373cf
f75b6fbb
b3b7ab74
195ad202
f34abf92
6b8b918b
a4769c84
953f4286
cd1c8351
ad98663e
e8be485b
6bb5b066
8f5fabae
e5ecb04b
2a869403
a86e6552
da101169
76782669
6a66964a
c83b6a04
65494b3d
0570c334
8cda20b1
b745d770
b85c75ac
dc0faabb
0cb5d73d
966164c8
f5dc5c2b
7909ea4d
4586b467
e6745279
5dbc8423
6b0db205
a9b62cc3
ba203c76
c3623a06
19a838bc
aebb9266
924d7701
1cff7cda
bae393b2
f76d2645
ab5d2013
6a38a8c3
12022b5e
b92cc4c7
b29a1548
a3bc4a76
03e0c98a
642ad530
12ad21e8
3a5242bc
084c7e5b
4883447b
fcab1a57
6cebc761
b3611be6
283069a5
c039133d
7649a4d7
a636823a
062c8b33
6fc68974
3b1d0d02
8531671f
e84e904f
88304947
b3a96328
ec04f57a
a8dcb2d8
bc5a2f45
961c07b0
b7711ada
5ae6688f
6816f97e
767a9ddc
7d74e124
c3397a5b
538b4471
76519998
11c70467
638d1933
5d71b349
596e7986
d42eb641
c5787d45
cf3aa0eb
749eadcd
05b6e4bd
4cb8866d
5ea0ec6f
1ac7e6ea
63159da2
4da48672
8d5e45d2
c511e817
81bcd794
ea6e3ed0
c78277b6
95c676b7
bc735357
25fe88f1
00000053
00000003
0000002a
00000002
0000001c
00000002
000004a0
00000020
00000000
00000440
00000020
00000000
9791d1da
2a722c08
4a578196
a1195174
116f8908
7a68e4ab
8a634257
d7d79bca
1ec3f513
192c21aa
7a1657e7
392bab76
8b7948fc
d0903239
8962278c
6e6b896a
b4024c27
53e81445
970b2af0
a904aeb7
93865786
445a7b77
267d2009
8888368b
6b2b2c9c
711b5a45
1413e59e
477f53c0
b36133d0
be01fb83
09a990dd
abe15dcc
717b2076
08560a80
c0c61fd4
19fbfb24
ab44495a
1a977ae6
89a9c90e
772a8ab3
509f1599
31739e90
fa98cb79
7039868b
cdfbdeba
427a9c0b
05bea026
c6804ead
211712ab
c7987c58
49291785
6bb57195
b7d9212a
68b8d144
1f6b7124
546a8d97
4525a177
22924442
43c05f64
922c488e
d63977b5
6375a111
91b9ffb0
cd39f45a
40066184
53ebba26
cb776307
a1b21351
1a18accf
aa463c8f
251f9347
1571f6ba
ac4d848f
7270929c
65925a6e
fbb24c37
ecfe8c93
6fe2ea94
55cc5a7a
fa43208b
347115ad
b8b52094
52059716
25b472a4
05250bae
5aa7b794
3f82c3b1
797513b1
11581745
4fd8f389
2f151285
3284bcf3
14b26f38
744ed26a
c5646601
9f575eaa
d2148b78
1a83b6c5
5c75db35
ae00c99c
b9a85a13
9bfce9c2
83468740
776cc4b9
a1fad582
4559e3df
0addc216
104b1d7a
174f25f0
10e30281
2b24e12a
678741f6
66d5c0ac
0db2469e
50130535
06d2cf11
6a409661
63512527
65ce6898
960aae11
2b4b0976
f20ba4b2
9d652a9e
0c6dc394
68378fd6
3ba299c8
d2743765
9cbc4e08
7de75f95
5f728722
5346adb1
6a4b92bd
00773005
ea921b1c
9ad0e323
3d60ea83
560e0e1c
28a2349f
f032d5a0
34227eb4
01a38e95
d87004af
34f65d40
2121f8cb
3ac97736
cab8aa29
9461e857
01bbc441
19c5a6f0
113b2f48
4c997a7d
2a888fb1
0eb0803f
03409652
658240cc
32c7a596
3666a3d7
ec1c3987
38870838
e005663e
a7c58281
1177b68c
4fb7b30e
910eaa02
74d00443
c095b54e
a2d30dc3
8c160001
ef46b3b4
fbaea4b9
80c55402
a94e3490
4a054591
c6a0979e
4242198d
11544307
92a316bc
c0b83354
9083ba35
bb5268c4
01c4554c
a11b632a
20360180
6b6a39da
e4dba436
6a275908
60276a0d
d1447c25
11922f0b
9fa7b3c6
c045048c
b4c5a68e
5abc77db
880579c6
954a6736
8f54b996
a6616c13
92687b2a
d186979a
72ee1947
c481ae93
ef7741e0
75106b46
5a1abab8
da693adb
2bc34fc8
100ad49a
b77a0230
25b31322
6e930e57
3a3b155f
66ec88bb
b91bad0d
40c3f2d6
41628cc2
43f231a8
f70da61c
7c226ee0
485cf508
1e597a42
59fdc396
4745e580
e127f439
32a390e8
9a9a6c7c
8824ca8f
cc456671
3cb7544c
c3a18157
01870db1
994451d0
459da95a
bc623eb5
53445fbc
641d96d3
289f870b
57951132
b8c739c4
879d5b63
676c3538
4aa99857
51b15784
6b69a4bc
28cef66e
4a930c47
539b2a7f
1fb63c35
492f2360
3e811062
8fbe708d
9931b263
aeab616f
3406aaa3
86b97321
ab77475d
7c3980ba
43fd7319
3643cf58
1f094949
92ea2ff8
bed20705
812a297b
c29d73f9
7d0608cd
085039f8
ac432c74
b912202d
cb8d20ad
35a818c0
139aec5d
384bc54a
93011a72
2cf94f30
d87f72f2
790646a8
93035d8c
234ee359
a939248c
92c77dae
9b49a37e
701104a9
74e7827e
feb417ab
21952d80
0c102f67
32cf588f
83a23052
60a4e54b
954849a8
03bbd4f3
36cfe676
900f6b5a
b545f809
2fd2610d
d4ce9321
b9e043df
172d63e9
5ab73b57
51865cbf
66693102
1da7e89d
350de900
6734a4c4
b781971f
00000054
00000003
0000002a
00000002
0000001d
00000002
000004a0
00000020
00000000
00000440
00000020
00000000
70bf55db
10303877
26bc1b24
de3014f9
51065950
b6d01903
0baf7bac
a1620414
11a5f147
403a27ed
15791ed2
5cd91595
aa1a19ce
56eecb1a
ba81aca9
d13f27b7
536308e7
8d30fe90
e64282d7
f210916c
081c38be
2054114b
499e8607
15022636
0179e6c4
e86887e6
47911c81
ed091855
a937afc7
b3a7600a
b9b499cf
646c8600
7ed0e66b
8d943cea
c3f52e15
22774b3e
b47ca78b
ac086077
36eb4f1d
cc3cb0d6
0ce02da8
2143270d
d174b030
d07f0028
b8e11b23
2c6472fa
d2c36cdb
7369d393
f2a118a4
e77e0c71
2318822d
a5ccc5a0
530cce93
201a3abc
dd79563c
248d414b
bb160dab
dfad93b8
11300927
9c90a5a1
c14a89da
5c0a9a52
ccfbf3a8
b3554614
282b1f50
a234c069
6cb6bb44
5ab32b3a
16eb43b0
eac746a4
41536ff5
c331a258
ca8038bc
64b85839
3ad02000
f6567bce
949f2e0c
61d5fc17
c2b54616
d4b58c8c
23e39e7d
6f35c79e
15ea3b4c
0c8bed79
b8ac52b0
a4ca50f7
6497cf43
344f7556
703166a2
5accd8b8
c4bbb1f8
a9048e71
0046b739
c922672f
8bd2a0e1
090a2e43
d2738666
096bb6d7
06a21b86
f5bb44c7
124b926a
a64a6103
166d6a9b
01926a5a
4fe3c269
dfb4023c
e8da50e5
92559cce
031f1050
ead463e8
c598fa54
ca9af60b
b3ad346c
6f55f271
d306175e
6764a9bb
288808be
56335913
639cae45
a029f230
f0bc0889
1c319cda
20f8afc2
82000204
14b3b7d5
3027ec50
7b1028b3
8a92bb46
067abe00
0ec23852
60a7441a
67f98e60
f14a4701
c7fa6a8c
b6395f9b
bc60aafc
d9a59c74
2fda9563
c30d2b10
5aef2aa0
5b923794
2dba4af1
256ab153
3b7a2a68
dfb8c99d
d3fda780
bc1b39ad
6a69d180
c5a4baf1
c8c5c41b
1cb962b0
d9a7a544
3039ebc2
e08bcbf5
957fcb53
334adbbb
bc7b4a40
b2b48a53
6f15b704
650dc6c0
5ac71e53
88f39008
1723a300
865a498a
2647f760
3dac7bcf
74177625
6799d76c
801a7cb4
97eb2c37
5006ff7a
335c17cd
7acc928c
6c45b41b
ef2710de
22c576e7
bc65b03a
b0c9d317
3c384863
43687dbe
250b33a6
2b96afd5
ca4b621b
d353e7e9
2bbc50ca
65921452
228aeb11
e62e4218
0bf3c2af
c1001318
f6466ff4
b5a5e8bb
3f308783
80ce33a7
5ae2d442
7dc922cb
77020cb9
46c09c39
2184b5db
ea047b0b
7f841693
fe4ae614
d9b12c6a
03b85d06
c474b9d6
e2149025
2c28e906
cfbedc48
923acfea
c0f87861
65cba5b4
d96c7ab2
6a855612
b02969f8
b0222597
927ad8a4
e68a178e
e8017203
24e4e889
b545bce6
ec381206
108c63a5
9bc6c1a4
00419009
b9381625
853cfa15
d3972536
8df0b8a2
229b3ba3
bcc1c280
a980c002
eebd86bf
654dcd6c
9c022d4f
5728b505
e74161a5
45b09db5
7bac41c9
952c7fb3
7be31b04
cea882dd
054cb433
2e8c050b
35bdb18e
61cfae12
56c4f068
a7cc7bc0
60196497
21829f38
4d06f885
728c52c2
59bb1531
57668a25
ccb31532
640369b5
953b69bd
86759337
62963c6a
e069a1b8
f20720c5
8f4c8418
0407ebed
061f0870
15b5760b
aba70917
5cfd049c
7a1589bf
6d9a543a
38f95d93
91a0919a
2a6c51ed
038a7dd8
640a09bb
b1c4688f
3b766338
1d02d94d
4cac33b6
88582600
16f71aa8
f7c40866
d196c12b
40b46a2c
57a270b6
165c7bea
2a43be28
902547f2
34646c56
33598857
417fbdc9
4bd9c0cf
4338caaa
9780629a
e28a430f
c56de77d
08cfdcf6
ddb58ecd
c7aaad91
34fd7e0d
4845b359
bf92d755
0b05f264
bc319006
00109d1b
876962cb
00000055
00000003
0000002a
00000002
0000001e
00000002
000004a0
00000020
00000000
00000440
00000020
00000000
dd31747d
34a741cb
b2f071c6
6a83dad1
91a2c666
707710c1
8c80e4bf
08c4775c
a1f1e689
1b480472
18ff422a
1dc33e81
2a23c7ab
91f26474
4ff7b7c9
b5cce7fe
f4d214e1
5843724c
b1a46a53
102a750c
2a0103c3
5dcb5151
e6b26ea7
60b6b917
f542ca64
68349421
13811a8d
7f11f94b
636b6129
7344e832
181b8540
6a847fd5
3f17e80d
0a27ecb2
89fa5af7
31f66f84
7b43b974
e83378f1
0656bcce
6b84c131
4c35bb19
c949a55d
a9896720
3b802327
b83b9457
0dc53ca4
191da4e5
91501a2b
365a1547
64f2092c
cad3d85b
e5bf7795
54503380
60d97377
ca93bc95
7a079e46
c7485892
fc052c2f
e84f4fc2
0c874505
cd666c90
e4fc611b
7888a410
d45df06a
92bba283
12f9a9ac
5e15ea57
4b855e8a
35801a0b
5327d3c0
c7124369
902026b3
ef63490a
84c09a22
8edaa375
673bc537
bb180de0
61595798
723b04cb
56161cbb
07123a8e
746abadf
a1a256f9
8dcaf662
af4fab22
3a6356c1
44789bc2
6b0df73b
748d7bdb
9dbc7170
7ec10450
da6574f9
9e886ea5
622febbf
1c6334d2
0e219daf
fc22f9ee
3ba05966
ca6834b3
6e0f74a1
23e06cc9
6e24e241
243f07af
14e8b125
63b65abc
08a5e328
965e05d7
31c284ab
f26df426
f787a958
795c0d84
f79984b9
679bb99b
8c8cae85
6cc3e032
4a95b034
b083cab2
f862e43d
674697dc
98666129
2fac6013
a95a0c45
34ca2d09
ea0f39ce
35d5a598
40acec16
cc454c87
35010999
2dac661d
bdccd2e9
488a04fa
c05595b6
db2ce2b5
eb865568
47626b15
7b035434
bcf62ed4
cc47511a
5494e979
a2a88f62
cd24f290
4dad1323
03d2213b
68e18a5e
f3a7d5aa
e97b84f3
8d322ec6
6cb417a0
0cad707c
272b8481
024d4c51
e56a8cf2
70f46f30
297ab324
6cc1aa73
6359ce74
5109611d
845ba086
48d0038d
d4c50118
586e1ec0
53e00fcf
fccb9a71
c35da7ab
398a4f1e
437c9422
13d1b89c
1ab8c9a7
b06e6b9f
d2d68541
86729a2a
13aaf54e
b51f6dc7
ce58ea90
38aba5cb
15ac2fb2
ce97a740
152f5161
235061d2
95c6830f
03101641
0380a3e0
a1f3ce4f
de5d05d6
ba302a71
9e67d35c
4146b70d
d9e863e0
40d9dc48
0710b338
1a577357
1ac52c7b
862496f5
85590e48
9096e880
dd4f684a
2417a6f9
c686e02c
ef7d40d9
2ac7849c
9ff8265c
9738f233
f24766e4
b1691ca9
225509ab
a15eb163
3bf7a341
a002242c
9bed65e9
9410ad90
a3ba1a2c
0b07a595
4142b77b
7442f608
f97e924b
0afaf769
e47e507f
e9db5c63
54e9d46b
0084a4f2
710acc64
1a567885
5e8c8bad
e46e1182
2915bbc3
d353593b
fc427cd4
4fd54594
6d7d76aa
a910b7cc
2a8c5565
5d772c35
eb7c6f18
5174ff6c
38bb94c4
60d462f7
3be36889
f75eb222
8b3bc546
5790e94c
bf7e120e
744b7a0a
5bc5fcaa
0996e2f2
e105c496
c2498da4
8d455a3f
a1fda012
b0464764
95b832f5
b3660987
b1b9d541
d273d03f
754491d1
583a5bb7
9685d968
3a94ae74
034347c1
0b58bb5b
f85bc187
39f2a536
0e6dbb94
1a27b859
96b22d80
1b19aca2
a96208e0
23a286ba
3e45ac6a
c70d1b20
4125632c
ca0f8224
13e3c238
c3d1f945
4692a2e5
022379a9
84c6d810
d8842723
95aa9303
0a861dc6
33c813c6
4c5515d9
a7e35030
878d080d
d12e4542
4b357097
d40d2537
03560ce9
65025d48
564b6ae1
c9d56e96
b78e9858
53068687
a5b6e55a
3b366538
2d0334ab
9942c609
aea19ad6
9b8acd61
09c32a68
1f0058b0
3ced7bdf
4d05378b
9053460c
f5c2761a
00000056
00000003
0000002a
00000002
0000001f
00000002
000004a0
00000020
00000000
00000440
00000020
00000000
bc162373
ac5529b4
83b47a2a
824117a2
54a36412
3aa86d1f
0c01c10f
848362cb
8784cd62
7b9924a3
b739344a
2af1c9c3
280032a7
5be036c6
39e468c0
ca2961dd
155335c3
6614ff27
2bc8582a
017d6b26
be6203c2
b77292fa
78bf0b2a
31d7bec0
8382daed
0a1ea809
772004b5
fbb5b725
56867291
512bc371
2ab1bb00
d67d1b03
008a1821
e3411c71
2bcfb6bb
77e82905
8b1629b7
74bdb5b0
bd256e95
4c0fe4fc
366aa034
4961584e
a5ad5401
f6987733
04b4e851
8d08284a
4c2d2eca
7b43b7c7
c483ebc2
da8c91fb
98f2de42
ca3d34a5
84fdc699
1fd335bf
04591036
6488b898
301b5e5e
3f8ff8d8
891b07c5
2cf66965
515d4240
ebc2afca
bc170eb5
16032405
5211c3dc
6606155e
95504bef
45b92183
1b52a71e
6fb3a2f2
93305356
6b566a70
1bb891c8
5667b754
c1103d16
6b6707ac
ecda5006
4a363614
ae2e14b6
a581324c
3bec9760
80528c7b
e4bb34c9
b9fc9cc1
132e3af9
fc563c84
29365b18
063021a6
6a22b620
7a7bb3c7
a51e95df
79ca2300
b91cbc4e
577e827f
e9298560
787af25f
50bd390f
2636a79c
62c592bd
7b9bdb8c
82f82d4c
a359bf13
d06c5450
7c57b0a9
c6d17651
fb3052f3
f9299a28
64704599
732afcfa
1b443f90
a0e7042f
ae1b5301
22099a09
8aba042e
9a9627b2
143a9585
a923d902
f8694026
80034d12
31082368
d8ba0b70
780689ac
b03cfaca
9e99b9fd
fb300518
4076dfa1
46536632
89bb20c2
16eab0bf
a2039ca5
cb8f10fa
bf74c908
1a82f7f9
466c81ec
a7f3cd15
14a2e7b7
5bae309b
6dace863
ca4d88db
d45c485c
b62251c6
6f6ab2d6
48185a4b
67f6a394
4c8fe4f2
e4579a94
5fcbf78f
cd321347
410031d8
88295a6c
6cc89c58
d953c6f2
aba4a9a9
1e096521
44a95582
25153bce
837e5242
c95d2a3c
3828ab3c
20b06bba
63ad9866
08829248
2f6faafe
40593207
9cf84a67
07b51237
57e3492c
66901e85
db0469cc
a6e94b54
aaaceba2
a022e927
948bbe09
ce2604a9
2e7c5b2d
9bd345b6
b4a75300
2d244536
15228a7a
72f89ea6
3087ea1c
d377bc30
2e06614c
1055781a
4bb14d12
6fd5ed16
2489d6ea
43fd5e53
36087b0f
889131d2
547a7cb2
a65808bf
7023032c
2c78537c
b5e473bd
049181fc
e9472e65
bc5afd95
7c2ae894
f0c95a66
a4ec74c7
197e52c5
56bfcb2b
9390dbc6
2a6b2439
92bd2c52
c50cf299
de6c1056
b02a79ab
0a3a6b17
381f54cd
d6abac92
306a3356
1036b61e
91f64816
4b501816
58c831c2
1a05be89
c6d64bc6
176206a1
c61134f1
3d602b4a
12a7b45f
020a4db6
b7443b3b
ca2b8ca2
052b51c6
b1a45515
d822f90c
c4c09c8b
72e44d58
7dc50afa
82898676
1f6917c7
0b8ef0ed
f02c5442
918b78a2
34b176b0
652a3f92
26290925
655ed739
c3f98743
0d813f13
94814b75
bb0b3e13
39394c61
43128cbb
c4ac5228
25959667
2cb07122
8503aecb
b0109456
f99f1612
d4fc0525
585b56ae
3769b41d
c5752085
8e83ee7d
322be71b
92f1cb5b
25c3d80b
8580336a
827c993a
a27234c1
ddb7e0f9
5391b352
1d9b53a5
60cd11bb
525b4733
16169f67
8a71f49b
a25dbfc6
2d77dd95
d5a91b86
00b5c31b
51614d46
5a69ecf5
51bab870
475340bc
97ac5b8f
2843aaa5
912a4f58
a634aa43
11caca2b
4cc5e9bf
f1baa72d
01c7a552
9b992561
0bb2f03b
c9331480
f48bb6f5
f967b221
0356799f
7d613c98
8e8f458f
f05adf5b
88a994b9
377f5db5
2ec2324f
85b4ca89
92e2b08d
a49ba382
1b39f0ec
03f2fe09
00000057
00000003
0000002a
00000002
00000020
00000002
000004a0
00000020
00000000
00000440
00000020
00000000
b08e08c4
58708c96
857b3083
e657963f
b8994a16
09c97b65
e6164977
18a29609
3e9c5021
805e7be5
c58bc71b
71ac49a6
50112634
73e127f3
588bdfcb
02a1271e
1426c3cc
c350331c
f56a0cc3
7c95c5ec
0da0e4c3
71c33b3c
2b1f956a
ab070966
f40074c2
aadf95b4
9917104d
851dbade
187bc9d9
56c19467
0895f804
103a0049
75645907
3ca99b16
e3572688
b2d2a4c6
76c40a23
3062157c
1cbac750
c565c7dd
d508485b
29a57e54
27a3b2fb
8c7950e9
0451fd07
0784b37b
3b0762a7
3413903b
25c3649c
53c7c635
580bd849
bbca188a
251b695b
824b8279
4586e160
08fa0c45
4311e158
62659c91
638fab75
8e482749
3127a126
559dbc77
0b0072c0
88443653
15272606
c8802630
dc677018
a65ca3d6
b68bef34
c78ada80
04d67c56
4b373272
e97d657d
8b21aa6a
b175a00b
aa356865
37461458
bdb62091
9e129aeb
e2cb2c56
3e4b8086
7288c5db
77a69591
5a0532cb
236c364e
25492e64
b0280935
314f511f
4a39a2d2
337ae62b
c8acb9f5
f61fcec4
92b67b0e
8b98555a
2652a4db
93554f1b
690d05af
72294294
9a060528
823c3256
f4954ad3
a4278002
5c2046c9
97ee3096
b3a5f343
f790d1e1
231117b6
17979a82
4c11a9ae
0838c670
4b046baf
e2c9a3af
8485a98a
10b6436c
b2c2f4ac
52847baa
7677ea03
18b79ae5
06fe3765
a7c1262b
c2668c43
1a8a9f88
334a5bac
677b0cab
e44263fa
02d14c3e
a4894a25
36068315
a5781621
fc4f3386
f5c4c042
2b17135a
950eec4d
764989ab
cd74b7a9
8229440b
527a49f5
07f0fa9a
b31848ab
26864519
570897bc
2f8927d5
2465b628
6e9c6c8c
abccc0e2
13d025e5
3c46b540
9787e052
6606aca2
8874b698
4d0d2be4
e9792462
0455f02e
375085d3
42f9c962
180a4cca
cb171521
336b19c6
79064b43
1a546996
2cd55997
5ba09681
fd2ab847
895c8d76
ca762e03
323fb800
d8707477
54260d2b
ba73901b
6994b24b
2379f780
bec3d8e2
555150b4
92774601
4914d65e
60213473
777a6bcb
919992ce
46b25e4c
9754a58e
bf3eb17d
bc5580b0
11cb7585
f72189c7
3a821d71
969b06b0
ba0a8740
fcfda64a
92382d67
8a0223c8
85d9b1f5
cbb8858d
8e96fac9
0a1d59b5
619786cd
7e618622
9bda5ed0
814a368b
94426a96
d23f2f62
65f0039b
160fc98c
ec417c3c
a897e617
024a73c4
e1fd7375
1e7c5a40
236f1b77
eb826392
03162984
793e639b
e1bcc4b8
0234cabf
46914269
e952c9f9
1162b59d
67aab37b
74d0a9f3
91ba9915
4e4b26de
313e8381
72d6ebcb
a4473c24
101b9f70
c936d584
218e88f3
4184a667
85c23b96
8519226a
8c052e11
12e0b962
34907217
59a26ed2
3e64b810
d9a9632b
215eabb8
6db19b83
7c813229
1b5bc1e7
bb17eca2
2f4e5242
6cd25aa3
0d40171f
5102bb04
2a4209f9
b3c1a141
4336f845
caeb8632
924b6e18
767bd3bb
f3aecc09
04c43286
3547060a
12b658b4
2d0bdfc9
3482a1e9
fc51338a
b47ab7ad
921b6b98
19b90dd0
c3b13b01
70b1c4dd
532bc010
05b84240
c3965731
1bf51227
5a45fc57
f6b172d7
e651a615
0b302038
831d50a3
d740169a
81654f0a
4cc59a18
28c2245c
bbe35881
16240bbc
1b020c22
8e40d31b
6e1fabeb
b0600cd6
55ebf67d
533c41d2
cc0f5925
5be7f9a6
5b0677ff
251642c5
95952250
02e6081b
9dd4bd2c
0e14b451
a041c33e
21ef3de9
80f9b027
35d5022c
5f00c644
a8691d2a
5e8c7cd0
b04feb67
c77ad13b
2d490f96
65de8b21
06bf6172
d33e50fa
00000058
00000003
0000002a
00000002
00000021
00000002
000004a0
00000020
00000000
00000440
00000020
00000000
a64c481a
0b98594b
7345100d
40164674
92a42585
13eb803d
d0c22b68
d2654232
9fb2ec02
b57fe862
c6125e21
8f2ca4c6
8f4bc4c8
e8a376bc
02087cb5
8d56d98b
5c87429c
b0d43407
e5979a93
936d1722
0dd7a342
fa84a007
61af8715
b385e933
85b34509
a680b370
7bd87355
e648a2b6
dcf81ac1
930a88a2
e967fbaa
f5205067
bb94c840
4162b428
ba1e9c7c
5449b698
3e642aa2
47dbc26c
b9527c4b
a77a60d6
e5492e87
7b3a8078
1fa846ce
c6027f6c
c70089b4
e9afe7b8
66ab385a
6393c5b1
b0cf9761
e9b14738
764a5440
c27e9412
c24d28b8
61cc9385
d1587401
9b5eb6c5
325cfdbf
b4360853
7c454f43
aa400454
033c6b1e
43a66eec
bd559f47
745f8b3b
05023e48
8c502812
e77880aa
b1c02907
27e64a82
9ac8b86c
64e448b2
6699fd24
45c01b70
780c98c0
09dbb0a2
06c40cdd
6011b703
c9200c71
5eb98ce8
bce83ae7
a0b93e52
1010abf5
d2a040a4
5d426944
80ac280e
8a66a3e9
ca130969
6b48faae
38448e00
67508518
5d9db5d3
26fe1c7b
6086f25f
99c529a5
96139f48
2895257d
139016cc
57e18879
2f783143
a281e4a0
4aed99f5
5967eb5b
2da0e493
88cf31aa
972b500a
fa86a5af
3a607fb5
83b0ba4c
97c19be4
b0bb8b4c
a7353c42
27b11929
93063d74
264b229c
ab9fd2f7
34707bf5
6245c98e
1450743e
71131999
a6829f92
9a48e76e
86030bd8
5745262c
c0c37802
5c354550
2a76711a
408ae571
80d71689
14d78608
0c44c960
e31491db
6c59f91f
91681340
315515b1
cc716d96
fd859017
1622c6bc
8293e58f
893a7596
a95fb255
b8fb61c0
1b34e6b3
93449261
ab3498ce
feb919ab
854a0364
02416c51
b08aa6e3
359e9507
b25c1e54
a90776dc
04b6b1c5
9afb8143
8a763b09
377bcf42
39970166
73c36b45
a9ad44c6
3fb8a96d
e3a810e6
10a243a3
2712b17c
596cd5df
4ac105c4
1896565c
eacd1353
d216c19c
3f29538e
c04a93fa
e2e6600c
97689940
2d563565
e43c5477
595c5113
84789099
a575083a
1e3a7869
d60b2593
49273089
a0eb49a4
f5ba1736
fbb325e2
7ac9f940
57abe3be
20a29e12
44b7ca43
eb42a752
63365125
6a535c8f
ce937081
a6d3a3c7
8d40ee01
4ecf46ef
617b4cc8
824c5acb
ab804272
66646267
085b59a3
8dc64a02
94385d09
6ae3514f
f6784860
827a05e3
2ec22b4a
39803076
72202513
cdba5413
c93fa6c1
1b508806
51d25c94
6a5fb9a4
b5515770
71f5ff0e
be2a2101
c3290392
cf07651c
c7338be2
e5f533a0
8802c81f
b618b1e2
f54d7229
2cc71da8
d603885e
1067a0bc
73b0d28f
e233a43e
aa525b89
9553a159
9c4c481f
c71b1ec3
252b5c02
80130b13
d8a6b711
bd304627
f60b5c69
a3f28192
52c62f5e
426de7fa
c247298c
6a42e612
b2105553
46661a81
69543d3e
29afb34d
139ea152
0c540502
e16baa87
b2fd3a83
54d96048
916b1afd
28372c46
8c5afcba
e8b97b62
34e1b684
b9935cc9
ce137712
b4c09c1c
6be30f44
603c5b08
587dc03b
34a772c3
4d326c18
2bfb2637
3f8b8d92
f732a967
58504744
5212c449
aa65f460
c95141f8
7f45b865
b7274504
67feae78
9ecb94bf
00060636
c2f52dcd
746b8f5a
c8878439
f69b0370
3ae7312b
f25a6861
5686b689
bd732c9f
66a9c6e9
b2fa7ae1
ad3972a0
8e1f250c
335d45db
373c1287
1847ea31
aab89630
7c428926
97f0d947
296206a3
5af1ba0e
772849e5
c2350e13
1a9b7eb2
9095d10a
c6baafdd
ea345a47
4f636b03
a2458423
7e32f3ba
e1f46ea0
00000059
00000003
0000002a
00000002
00000022
00000002
000004a0
00000020
00000000
00000440
00000020
00000000
e24b04ab
13679432
1920293a
20a829b9
4a37a129
c5a43c01
13b18cf6
904e4780
44d664ac
55177b7c
e22e406b
31897555
7e77e5fc
676dc4ea
b036fb3f
0a666bc6
8ba72095
a95a2bcc
2d37c1a7
81c28097
35fb3d3c
e4081900
e66d4315
1597ff3d
6e8dd53b
0a73212a
9fdb239f
3086f9c2
b4a799c8
cab7adc7
ab1c319a
12624e79
98276643
b95986f1
78f4728c
b9f1496d
b535784c
58967dac
b3da63af
5c93c591
f6417cd2
01b552a6
1a2972c9
211c01cc
7915bf9c
b0c34691
d0770550
c78579a7
285fbcb5
d5b8cbf4
4903fc66
90a2cac4
b58e0365
5b39212d
ae630675
27759c6a
1109cc50
8e37b5cf
29b81861
73c54d3a
61b7bc5d
c5e5cca8
206adf26
4d1345b0
d8ef2731
4761bd41
2484f188
d25fa683
3848688d
254e65dc
f0c71122
a053d38f
d1552178
f7224012
4f58f857
23879992
a68905fc
93cb3878
df4b595a
8a40248b
65948716
e31532ca
48a474cc
b44acdb9
0e89727b
69503bc0
66b83e9a
a82a744f
35af5f9a
72397f05
8dbf4798
3a95b068
63b11d67
29b043e4
15b9b2b4
0c17d47e
668de2ca
86fc1852
41c4b40a
18154c19
b9fb5465
6e8ba774
cc82f1ba
2a195891
6163c7bd
1f2c9a25
240e5063
3a01c9b1
892af9f1
13bb2786
80314dc5
7d8e52e1
32b2b12a
57e80617
f610ec4a
58382b98
b985895b
d3810125
e4779545
79473009
3214309f
9379a574
cb42bda1
4c56eadc
62656da2
8a668735
6b73dbcf
3ae42465
47055776
f334006a
2316a169
1c49330c
568194f9
5156410c
cb551c7d
8517a3f0
2ad73fa4
4316c752
6a0c2960
2c1dbe9a
0586033f
0fb360d8
7884b558
98635842
bd898140
480582bb
67c4b3ac
8313ebc4
63b378a4
97e9711f
2a6f59d9
166c377a
90e0524b
7a3b820c
06c03923
87032627
e12dc0e1
35cab8eb
aec6c881
88156bdb
7309c0a6
30a68147
0eabb77c
65c97395
8aa4a1ac
ccc9d459
b0a72865
2a50a88c
d9881b70
16d2a773
c6c997cc
d9b1c50e
01e4b324
bdb2f216
426749ba
516265e7
c884e579
344ebce1
139fb2a8
54e1b1b5
9e585b87
1873cb90
3877a701
0aa73683
2a8a66ca
33b41ab3
924860e8
e299497b
2a13e443
00ce69b2
92a9ccc0
7ad6987a
eb18ba47
c3533c78
517af594
a90766e3
75b3c3c3
8306d311
22479463
f7154840
1751dc08
9faac53f
d4a7cb1c
4e8a4582
78b67435
047f2cc1
25356771
8357235a
51445e2a
c5f0f73c
7b6f15b8
b1fead50
5bfceb2c
6d64e70a
684b134a
a0761d72
d782bcf2
f6678bfc
35273473
e059f273
37588e15
5235aebc
dc33e9c7
cab06e61
3ed7a45c
fa35e94f
d265c88c
1bda657a
ac83d8d0
f79a7121
43d3a3cb
dc0f0b72
e4ee6040
2139eb67
82b19133
3b6c3659
6f212aa1
aa5363f0
bb86aa74
22c7ba9a
5a6b1808
f2942a5c
cf621dad
1114d093
d5d45ffb
0b181948
76053584
5c484eab
41c35344
4540f857
b5505034
1af00c1b
474f8435
f2dd38f8
0b9bf75b
7e47bb36
bc784c38
9bf04ca0
75cfb3d4
c306b88c
8be174ce
633b3825
2cd89540
3b46afaa
220a3acd
561a4724
b04bd1b5
5b9af9e0
d42e7b2a
656acd87
9d76c7a4
0198b5f9
46b16412
9536c4e7
83859d54
07f4348c
cf2652b5
d6a93b86
4c152315
5e2c33e0
e18826f4
4aa96046
af67f171
c7e60071
c0e97462
9282347b
c76b01d6
4d478d16
5af5bd6c
7d6c58cb
cedabcd6
6883c441
48a022ce
a1b8a56c
2419a58e
8fa95db2
47d0c233
0512ced1
3908a115
94c1db6e
2a932722
fa90e5eb
e3763b64
6f00a182
0000005a
00000003
0000002a
00000002
00000023
00000002
000004a0
00000020
00000000
00000440
00000020
00000000
7261a071
fccf3123
98a81d9e
a65f24cc
652703c9
ad551b1f
fc666b37
f0f7cb46
a24a4a69
9a0b4946
449b1ae1
4a19388a
fe2bd003
4ae1ac75
c8707d12
8022e31f
a12d5965
7c927dbf
655d41a1
5b411242
c9221da0
4fc55a27
707844a8
5f6b3412
2a09e192
7422c6c3
a8586da3
45c0d804
50ea0757
abd96e7c
74a77728
23bf8a53
35570d69
25cfc40f
71ca8a1b
ae687f82
4acf007c
13213ee7
abbae5bb
c8542bf9
c75976c8
09a2a06e
a7ae39aa
c7f663c3
21891cc4
d049c24c
b08212ab
926381b0
22ac7394
9b8d2f77
3d594a1c
0731e3bd
73560994
5ab58327
b21efa65
7a3e9df5
7ac2964a
972fb309
04fec355
c5aac567
5ab5f9ad
e0dbb6d3
6367d54b
8f4279ba
9125c870
12423fcb
e81f2932
16d350fc
29134b74
9582390e
a233c993
b7e91229
ecaa53bf
a82d3dbb
65862d6f
9aa6f989
f0c38aa2
533c85b9
eb1a4671
e0709cd2
23f1b157
2a86353e
67a98f21
b8fa59b6
7b082026
6a5155b1
1327d8c1
07aba717
1540aac1
16110e52
8ac92ac6
84058082
7671751b
2db68a32
b79243a7
4e4acc7f
f001b353
6aef4b12
21a2186c
789b7af0
75853d18
7bfa7192
4527d768
b8196909
5345b2ac
34a7c77d
65398174
8e2bde54
ed276ace
285aa6a4
05eae84e
6405c97b
89ca84fb
c4bc2f5d
191e6c0b
679b6a45
06f2a1cd
8bb6d512
3b425e02
7af00fbf
ce2a7020
e49b81e4
0b445521
ae510188
ba00ba6c
a5fcae95
6619f0c9
a9a15c68
3ca77e61
d6af441c
892e0598
9627d818
ccc9e27f
b87fc1ba
c7a14447
a4104059
aa1a2f90
9830e570
174e3206
7b66b942
3672cea4
a9057a08
f9f76799
215cbfb6
3d3ef8b7
a9a375d9
b9825627
353b42bc
eb873da1
84f58d20
cc452276
006313a2
97120602
01705b96
05ffb1d2
b7567f60
115f20df
86c12dd7
31fae8a8
9604ecf9
ec38a088
82138656
f6c28a43
2a620c9a
072993c8
19280840
958583a9
7730b4c0
916642b7
a5ff7ab4
941ac24a
1f66c61c
50d73d8c
989b8608
a382393f
9bc75c19
37d60106
16487022
984957f3
9eb65d09
4e51ca0f
201da4aa
3a7c78b7
d52d21bb
58b17c30
404151c1
a4014c42
8b1727e3
5467478c
62500309
bab9b78a
3a9bf441
769876d6
b29a71f7
ba79ac43
0d4d32a8
d069a97b
4d92ee8d
144023b5
77431ba4
01059f4d
58912202
615638a8
018ca6c3
f745dba4
27b95e1b
0235c30d
46684061
59be0af4
63c91908
d02b9b7a
c66747e2
7182e549
ed0733fc
0ba62c27
7cd6c914
685288ed
582bb33c
3f86e4c6
157ee377
61e59262
4938ba4f
eb5b64e4
92a8025a
c116e634
b7876c8f
bb124aa9
333b96a0
fd7aa3ea
97bd0d45
16716c4b
2487ccad
55f71062
b27ba8a6
2e2be490
a9c77228
32a9bf85
32a007c7
27de6e98
59b0c250
d2a60003
578c6ac7
1232cecc
c8401350
28d344f2
1dfbd29f
49037b0b
02fc5382
ba74b579
c37e98fd
f7652e15
4ae035c5
900f3973
a7e6cdd4
7347db86
a48b5175
5cdfc582
0e83b532
870343d9
2cd906e7
75033e33
dec6c7ea
0a253262
1a547870
f50a6b60
73ea47f6
6f761b6b
1d40146b
3b43ba18
8427a6a5
c1a0a810
b179cffb
8255f6c1
409271a6
3381aa4c
0c8a8011
b5a354d7
3b59abca
570b795e
62adc942
aa021723
483cbd5a
228d656d
5b96a624
63e25372
0c3e5669
e2086869
2f87014d
dcf052c1
af99dd18
68667016
3c92e8b1
99e9b58e
252f409e
156d5888
fb90c7b1
c460b470
550b8013
6754cbd3
719daedc
a7663f6e
a433c4b4
9ef3731a
22a7cef5
0000005b
00000003
0000002a
00000002
00000024
00000002
000004a0
00000020
00000000
00000440
00000020
00000000
232680e9
782dbc7a
69372739
629341fe
f50cae8b
ad3a967a
fbafdc22
045f9e6c
cc38f59b
f1a86ccf
15471d42
b16cb422
b68953b3
ba915ad3
84a8804a
001a25e6
9a5c0b74
1519af08
15546272
66c133c0
5db0e353
52a82245
9c3d33ea
2734f57c
1d618700
8329cc89
6000759b
2f4ee174
f34804fa
ad81d162
af5a2b54
228b1744
71d1ffc8
cc396595
3b0c4d28
703a7ec7
d1383a4a
ece60fd2
36cb1277
d09ab765
906e4ca5
74861dcf
5b711073
f2beb813
86c30d2c
0476655d
4a0e67c2
c0f89cb6
cb14f201
c3473c94
a93a4f28
667f9020
81ad7734
48c75752
46cff072
79856f29
5916a09c
44c0c696
5a694286
321226a2
2e6f7126
db02c2e8
b4142c14
545229c7
d57b21b1
c2060a99
e2aeea56
b54b4cf3
9a60674c
080945c4
e4d2bdb3
6dc2dc3a
3eafe52d
aabf8b83
56706644
107eb09f
eb27b5e8
2b186a7e
a165f808
b0557e9b
99c8c231
35a12c3d
c4a77388
9fa4dbc7
f67f8a3f
3cff4861
0bc7a3c9
7f24aa09
562d4e79
97158825
7da71388
1a496e36
bf774c08
2b01ea57
6ca94e1c
43c35a34
369541dd
16d440b8
08b4477f
91a2632b
3bd6a9ec
809b192a
a4679482
0cbe430a
a8e7e09f
b3beb79b
39e9aeac
8545fc6f
b182893f
93470f7a
71037379
268e211f
c4083dd6
065bd5ac
8a68f36d
f9781045
c5fab333
f612fc62
eb642a1c
4072e01e
8c75faf4
33d22196
8300ee55
11a3a31e
ba5e7a93
6b8a8125
8037d5f3
f20c3b97
84733b84
df2fb1ea
867922ac
c3d8c103
e308d940
a2115e92
935cc28d
8ac76353
a141afd9
cd01d475
c52a58d9
d404c617
ba8ce180
9f7f262d
6b98ae4a
49e88483
0a2ff5f4
29e67e5b
0cbc8093
cc05400c
7b17c89a
99297574
236ee5fc
488bbcab
58c87927
1251aa05
1c7b7236
59a84a83
a2557640
929563c5
26866426
280804c4
a1a83961
3c4a3972
ae725280
3345bd17
78f9f571
8c7c4c64
415107cc
63f27305
8d6d2ad1
189d73d4
2f070a73
450414e1
9bec153b
b6e9de82
fc761009
c6148822
179c6d71
9c8596d1
a2c75921
16b265ca
5bc7619b
37c88caa
1fc22c36
b110300a
08b9ac71
51f85747
be9279b2
6c3f42ab
143a18ab
5b351be1
74422c97
182c2f28
e228096a
5c645766
7844523e
67b1f741
8448c55a
2393ae93
b59d2910
f8d5a398
87e8a163
1573d50a
b3977d42
ab82a728
1781369c
89eb7194
017a842a
73194123
f9c615c0
0e8aea9d
82bffa3b
c09c5b1a
cc561785
c38a8393
9428a196
c11ada64
8f92c048
9446c61c
3d904229
4470d00a
49804ca5
5762f463
d26727c5
48c09d4b
5bf1c324
786a342c
902609d7
40ccd267
6d811479
73528884
a8b106b1
e85369a5
37b63dc7
9e835b9f
a752e106
2bb6c7c9
86e925cd
2c6b222a
12ed4ef6
ba51a014
f057b0ed
8cccbf06
13a72996
df8af7f2
75d0ca2b
9cb149c7
6a6d1594
09a9ac3a
b1d8321a
b7b9e814
eb882149
076220b8
63b25044
f8b4b6c9
996ced7e
c833ec36
1265b3b5
3733bfbc
fe28c190
994f6f6a
aef2c407
fb4b9ae7
472e9b7b
b85940b8
bb2b15d2
6bee5117
421725a3
de57cbb8
a57e3ef2
22738855
cda90aac
55c80ba8
6cb778b3
e1aff72b
b8af5017
9e099317
083a21ba
d91415c0
85d38e80
c45d9c02
b1dcae97
1b43067c
d2641197
c37d1ec0
5e40d592
63303309
6b743790
a1c34990
7b7b9c29
6075d450
723fc48c
4a8a2f95
5e726c2a
fa0921b8
26f73d16
5db53bf6
f9ee8d77
ca5962b8
84361b0d
eb6b6ca5
4b09599e
dd1beebd
c129bbe4
0d483cdf
0000005c
00000003
0000002a
00000002
00000025
00000002
000004a0
00000020
00000000
00000440
00000020
00000000
b47822a3
740e5809
67e8f27e
258f656b
042a07d2
60188f3e
4300a590
22bc30b6
70c5065c
905d40de
a1b37628
64f48885
164c80fa
0488b3cc
1d962acd
19b0f295
178c3d90
a8b12642
d2932533
b39c9ca4
baf5fa82
d739442e
5a2da783
6019ef27
5a32432c
a22ab0b4
82910174
f095f734
17667b66
a8b76937
7489f0a1
e425beec
7ff89876
a28872b6
1a65c7b2
2df7da53
a3bae2bd
2b773c29
6560dc1d
424e64f4
7adf7a45
1b940c10
192392be
64c99ea0
6b19f62c
61241ba0
360a0885
c8cc582f
123dab27
2c001d73
65629069
cb27a36d
d73e40b7
1f3c56a5
8916015c
569c4e5c
19340b20
6a83e16f
022eb5ba
69ace713
84742518
52c48eb9
ac11524d
5d5e68e7
32e755c2
004cc438
da263a67
638c7b7c
c2aadf9f
c7bb8506
04c54bc8
4ef51211
561688a0
0b0f0156
91763b1a
9e7822f4
8b1d6332
b1623903
9c95e9dd
08d707e9
0a12db80
a9cb5b89
a9a45c48
24a5f944
38c52338
ec57175b
0a4b3a86
cfcd858e
63ff28bc
060351ba
b038443f
d3bc7da5
7df36678
6cb2cabf
2c275f62
5bb07b50
56aa3631
d1f91598
30b40391
5a612007
e55a9df8
38b904cf
6093bc0e
bb3c2196
38089669
0b88e5ce
f2173f40
4cda4579
81079609
51f303d7
11fae618
fa13b8b0
9a0cab65
4f246d7d
bc475a8e
27df1773
7a70a853
8d4b137b
a88348b9
2ce93dc1
6155f7ac
b33fc7e1
47ea63c0
259ab857
d5e8608b
bf2a2d7d
1010bad7
ea644715
087b3979
ae72b9f5
ec0c782a
3b742565
837a5831
0062a95c
75d6129c
9d55f029
502caac0
3a3ac581
7c4d9b2b
5af8229a
6ba75f46
bb2f03ac
20338faa
1eb41839
70016275
947bc503
2552a656
292d2928
313d0a90
2eb2dd76
9568a67d
23e068e2
98acf263
874c4cb3
839e26fa
539bae1a
1c09d5dd
f4cd8a1b
29318423
85064a67
f6c6a270
b1bbbba1
c5c0c473
c693865c
66681401
c8419970
dad8c1d0
10bbe22c
e990441f
069d20c5
34059a26
df0b5771
fa505ee6
0f7cc245
8b087765
900512a4
19900757
875bf948
eb991e30
a5b79f98
ca389047
64d046c3
39d96cbe
0a76c082
249074b8
0e44f6c7
bb10d7ec
b7780a9a
30039a81
ec09586b
067d10a1
4e29f338
0f78fc08
988a46e3
a9155fa9
7ecd532b
b8c55138
c350e7b1
a75bca0c
eaf3926a
1e566064
6c2fb47b
331011b0
98b9abb1
3a6aacde
07db45d7
a245e462
963ccadc
0b626be6
07d09246
207f6188
77b31146
918b38c4
d1b100b2
b7cd0743
8dc43367
3f340157
68144d04
807c4d79
bc36972a
76965fd1
c8651767
4e53570a
55017063
5ab29624
0d922c49
98a7be47
6862cf96
e0c3e00e
99c105ca
8709af95
a75da01b
6ba1a927
c3d5f613
6f85488e
5a7f051a
3672ab85
cdc94c5b
221b36f9
5810f64b
56188b35
c7a54ec8
2cc8bc7f
a95d5829
e0d0895c
23998f0d
977a5570
ac683779
850bc08c
557cf4b0
9257b892
5d20731a
b47a4976
3c412751
65db0b2a
458b87ff
c0e22bca
2ff2e69d
630e88a5
b6472c84
27b01b05
648c9212
db942c9c
76074b8a
949cf627
1b355a20
5ab9a95a
271c66ad
b60da03a
60c9ca54
82848224
93dab25b
a6723693
3090ca75
8231988c
0b38d874
f05e595c
13c1cd66
c3679f27
8eb8b426
d16977e6
707cf003
1e05d5fc
63b04cf3
92f1e2a6
838565db
73a45741
51c95d1a
07b9494d
3538c96e
f9fa7340
919b2075
1e240431
4232c04c
61adeb7d
0ef7ca2c
6a5ba59e
121bb899
f127d9d5
f35e92d2
9a3f89fb
d2e02bee
70b66f2e
dc80e8ab
0000005d
00000003
0000002a
00000002
00000026
00000002
000004a0
00000020
00000000
00000440
00000020
00000000
2e06a713
2c05737a
89080f20
405b791a
1a11cdeb
2deb39c7
aaa5e5f1
1577b442
ce8c4347
a8b367b3
417b14db
859cc570
164fbb2a
b93f1a64
36f13254
d440a8ef
95aab2ba
01a72a82
5d57246d
f77b5eb2
9f38f98a
0a7c893d
68a12608
78d536c5
68a6d279
7a861b81
0811b815
0b07e34e
fa7ba2f7
7fdc384d
f2c08634
7ac94582
5a472194
048a230a
7bed7a4a
62765733
af89137b
41ea3bb0
1b181f3f
c9813745
1a43a730
68941f94
7e4b32fc
7b014ae4
39c4e163
4c24391a
751d96e2
34fb542b
f67b5c3a
aa303619
c14b254b
42560c2b
e8280b52
af1760b3
c99ac129
d00f82e0
a0fab78c
78af605b
812faa17
58e1941d
e50cc957
e7bb4050
3198d896
d7329975
c02364e7
58e3ca34
5015a049
c46f76f7
af311c07
6e38715a
a0dcaf91
63562e28
4949209d
f921038c
a3218c45
38244042
2021a295
c911e6bf
df6d4c80
967a2d3c
604631be
7f38abd2
bab7abd7
8074f9a0
957b4371
e1a08063
630cbb1a
f07aa811
4b94ab86
b9f34576
aac1bc7b
0abba48c
37430249
bd4da9f8
f4a3ccc6
10679b8f
217eecf8
95332f50
c5a2fd8a
985d74ec
b91d5db6
bfe150a7
5977db4d
e7998af9
4f97a813
e4b902f2
9b2658c8
8ef955ca
316bcc40
e1fdbbda
83c3ee93
0f981baf
0b237a2c
5b0aa16f
46c13612
67a396f2
33591e6a
c307449f
369f2d35
247cb772
0ea2f26e
c688931a
30ca0593
3346c535
58153cfc
4b4c3d59
f45cd842
2ac907d5
519bb681
01729556
831071f7
7ebc4b70
24108584
528a584b
5ea197b8
54a32a7e
c7bfaac3
9aa7c57c
e8174c2e
93f86eb7
3bc11827
b31218da
5427cae4
a4441ec3
fe159c49
2a4a6918
71f59b1a
f60fac90
6be718c5
a2151860
c43a49d3
22f788ec
6f16dd68
e43a2aae
950778da
5b952021
4a3ed1a9
53892f17
8d3a2d86
ab2df02b
97003d38
af580353
31857074
95e19c44
487968a0
4d743b37
528221ba
4ec98817
b725ab39
082523a0
320a1da5
720bcbef
18fa3c34
30f46f12
9b0122b8
391e5242
bf6c67b4
d44247a7
9b22a220
90cc8bb7
c1a852a2
711b8780
5957ec7e
af5e3c01
9cb72942
c02a4715
a77d52f5
75436f45
041af91c
45121cb9
e9d740c8
8e3c015d
f0a4c430
4a334d76
b441471b
cf1135f6
d331c762
2a490eac
71a5995b
2984ab01
9bfbe460
7a52a2d5
523e1c21
cc98888b
d51f89c8
b6af3591
96547e4e
243c4aa4
04d55cc6
1e45b315
740855a0
00258c5c
06e3854d
c319d94a
35c98c66
b8013177
674f1985
5a6a6b43
6a178309
eb5d91f1
a035c81c
a1ec8e8d
526772ac
137eb326
180bf356
ebbca7c9
d389bfcc
42183f72
0b050981
d521c8c3
80e948cc
f303cbdc
76fdc012
a545e3b4
aa2dc39f
40c79e7b
9d0b6793
92579545
9a72206a
1b6aff44
8951d933
9b775fa3
908a280f
5e4c0b52
1ca978f0
97e77bc1
1eb71cbf
c5cf7dea
a41a6819
df971641
329e1c5a
191455ab
739ec756
b759b831
208a0a22
9a34a410
331a2cc7
04e25eb4
f0672a6e
f6412519
53f353c9
2595f621
41f6b5ba
2f69968e
2dcf48e7
508501a4
cfd0e6a7
4d8e20cf
142a91f3
7186c6b9
5cc14551
58f8c43a
bbb8161f
365cc8b2
a9f6ad83
c9bb31c2
faa98706
19761591
87ccfb24
7867e070
0c0785e1
a0d86b22
fe3ee4e5
41e53d44
6ea12c79
fdb8a648
c3596f1c
963870ac
38a58b07
66c1198a
81ca6deb
69538958
ee6e8cae
2266ff63
cb8f2482
ca79d318
8d39995d
c4a0c15b
80e7241b
3876667a
d05da6db
b3ebfbb0
7cc14848
b7d0fe37
0000005e
00000003
0000002a
00000002
00000027
00000002
000004a0
00000020
00000000
00000440
00000020
00000000
381b59e7
c18ca3d9
ce25d410
cb149842
655f1144
3d631b5c
c9853664
82c60381
cd78d032
0d3cd0d8
f84ecb97
52b8df60
e2644c64
11732c28
c9c23510
c322905e
1b3195d2
c2e50b5d
dfc7a01f
d6625fe1
93868940
6b210b57
6ceba8d5
80301e41
859399a4
ec8370e6
31f98510
00b1fca0
a333a7fd
31365138
fa87f3b3
63daa9f8
298a3529
62378051
f8355254
69fc56ae
69476b1b
81808f30
4f3ace74
f6969391
40322037
67301149
c628c983
66ea8bd8
36282110
ec4f813b
71429b51
7dd5a0aa
7d01e4d0
a22353b7
c3f1234c
7614d16a
326ca85c
5e12423d
3687f9d6
a41e75aa
91a8af16
c96f021b
89099bfa
62123651
3629546a
5844ad9a
8740ec3d
9353da98
cc690bea
2a668362
0e860ca8
a67e71cc
a06cd46a
1c82d8d6
e8f34754
a770f409
beb22966
a1473c96
1386a9c7
c093a2cf
4378a5c0
a5bbe381
58208ae9
0b8e35b3
2af8f182
76a8dc15
36e637db
a84ba687
04967b5a
8ce6bfba
3328145e
b78ec931
a26d8b03
1ee9d042
119228a6
48778dd7
14a090b6
e8775275
29e39948
3b951370
3b17a563
754500fb
7fc0b51b
55b4b2ef
ca227767
291c4cb5
e0711474
5949c9c8
2fb1e354
748f59c2
92a29ab7
5df87e6e
8c093ace
4ab82e8b
59eca1c5
e0725070
c2632bf4
77809b76
49cd06a3
e8ca0752
1ae537c3
3448ec34
74e056e6
13248a58
52ae7af6
53f540d8
1e0230c7
6d8c614b
b3b57706
9d6a5279
54b33387
401c07f7
53734f71
9dae7742
25fa4280
95b7e5a1
30aca64f
c7d06187
a7812f8b
d743cbed
d9599dc1
3a97763c
f4455628
a4d87164
a3f502cb
28afd628
96233ec4
a302db0e
9acfb1e3
a0c95d34
979726b2
0350cadc
aba67774
920777b3
d4b41872
a104bd0c
07690781
b24b843c
97710c02
b5d2a44d
265475ed
e5319398
0d38458a
e53fd6a1
154a1cd9
23586f7b
76bdaa4b
43932302
c795cb19
f927c4fb
50475a05
5f247741
2a2a928b
2540cd77
c2e87859
94cf5161
3a1376f4
75f8dcb2
80b9c0d9
64b86f2c
4841e7c5
49597937
a7ddb7a4
5252403d
ab5d4281
47841e5b
1fd2be1a
f2867bd9
b031c1d6
04d55a49
dc57fc88
48093c4c
9e684cca
77c437e3
4ce99a5a
44759b8d
02088696
94694147
41915625
c44647d5
3c8d93d2
b9107531
b5888458
40da95f8
0d42155a
ee7e413c
83d76ffc
41e5886f
3858dcdc
41c8a9cb
62949e84
86ae9313
39073fb6
a1e1fa19
3b70e582
c07f30e8
abc68a04
472af594
1a532ac9
c558c138
0a1261cd
a89e48a8
0e2ceac8
ca95eb7b
802bc526
0316d1b2
b68c5282
fca74119
679a3f8b
d77f3114
b3be51fa
6ec72838
9f815284
1865c325
24e20c8e
44aef5b3
ba087288
31692352
d564786c
17052b62
27b9b678
bf3bd86d
26bc092a
8fd9656e
c323f512
12b18779
219b9193
60ba0795
52cbbb09
9ca01652
5a4a2bde
abc6a1a2
a8e2525a
e71c3548
99c59d90
cd718c5e
167e6978
82893f12
bd78c25c
935b11c7
9848b9fa
0946e93a
2a59e70a
35bb13c0
b00ca192
e058763a
94b713f5
6b42392b
c306fc54
c40f7b83
27433a10
4b90d2dd
7988722c
4dfa1144
71720012
78193265
b063bb03
e72ad3dc
14221018
4ea3810a
7824f9d1
4ce09dc1
31772630
8f223a16
ec1e28b6
4aa69715
10499749
87cc9d35
10571fce
8c7127df
f5240181
753436cf
d84f78c8
f43610df
83ee3962
74c4dfcd
ef0caccd
51d3eed0
761e07bf
1f600d0c
69579bf8
d6bcabc3
e67646b4
811d4821
ed518113
e6084012
d3185421
855f8c9a
0000005f
00000003
0000002a
00000002
00000028
00000002
000004a0
00000020
00000000
00000440
00000020
00000000
016e5711
c68c3036
10886439
fd14ac55
db502ac0
489ae2a0
c84196da
205716ec
c8422944
54b3225d
952b9ccc
8b9b377e
27a776b4
764f5ab2
bd4adb98
2f591426
46338d68
0aa3691b
669f8c92
6192085b
33a543ad
d563f469
d953562a
823c52a5
51667820
262ba5ca
5d399fab
43753a60
47a03878
b1443b3b
a2b5d663
720c5d1c
8c889c2b
ce8768db
505c6037
72b8bf6b
1a26b9c4
5b1c7348
01a1f90f
30873be1
b2ae8b90
601aa5c5
d36cc2cd
6ce64f0c
c6d0f78c
f9afe649
00e52d18
6440693e
78ccd3e3
d0633495
bd74d613
297aba16
97e77fb0
a1049600
679f12cb
c5610a58
91aae5b5
d0563abc
64cd288c
2a92eda8
02604b15
c2687ee7
24961296
720a4bf4
d4e63cd6
10f721c0
1fc87022
a2d42444
21f0972a
ce569cde
f0ef4be6
0773bfae
4900c5fd
2822c81b
5f2953b5
580c0b0f
47de8091
466b8b12
5c5f23ab
62cf55d4
b3006bc4
ea3b0c60
1399a405
ba41e69f
6a98797e
c73a3cf0
89333895
656c29c5
03b5092b
1808564b
11bfe976
9a9c129a
1f92d871
4bb6695d
4c7c08cc
393ab6a7
d2a7917b
2c117829
7a2b1eae
0e2982af
275aa36a
1f8a7247
910887cb
420bb553
8c925984
8429f218
297e37a7
7b43ae35
d9906761
87606d01
7e594154
3d13d377
3a6081ea
ae977c6a
fc5a7bea
10c15116
8c716e1c
cfc0897b
d7302d56
9785205f
61a58640
a0ccacbb
89984069
14a17a48
29057760
5d080f26
ed1832cc
a0d63ee5
10dcd50e
551e438b
a7088d41
ade7b280
8a81b729
73947ea4
1086e42a
353254f8
962c1be5
9c856a70
ab9ddc11
5c93a1cc
4b95ce1c
df1db238
29e7c2db
a7746ec8
9ca2b816
56d906e4
5cc2d042
888af29b
a2b86b08
17fc4dc3
82576982
4baf1956
9f62c5b7
63b0e80a
ab8528c5
9c81d3af
389eb8ab
e0372ff0
56ecd676
e9cdb38f
00f814ea
9b38ae8f
c411f4de
086047e1
2da46929
1d9c9be1
32a4ae73
c7a5d79c
5c0be8e7
ea77694b
96d68d3d
d6b91842
d4ee93e1
6c7bb96a
da2914f5
a725b0b9
95b6dd91
b541280c
6a22a147
5c863315
2738e6fd
fa6e4b73
bdc4ff8a
918f4272
50d15b64
68da21ab
dc045418
58d84d21
a153ab6e
83034c52
6bbd212b
00a6f34b
81067975
51771d73
9b657c78
df34e678
91d77cbb
4209d55c
b3818767
a05bafe2
8ac867ce
8eb5d414
3be3591a
0d7999cc
542ef7df
716334f5
c8db11a2
8c6a4ccd
e72a20d2
27c9d319
6f8274db
77717442
a5c5ab10
b86e4b32
9ba4795c
09e5f2a7
224c4862
21882b82
18e48b28
ef659979
097a15b7
5e07052e
da2760c3
5b9e39aa
339545bc
1f30c99f
b5a5a05b
6b3c9ec6
de52322e
0a552ef1
bd54379c
5c885939
08e049bc
cc22cf48
fc168bc4
5b4922bc
12b01359
b13cd14e
05a16576
96611ccc
3241055f
f6fa491c
1dd8be77
dabad479
48fb3fb7
821265a9
967d434b
784592e5
616aad02
1b1e5af9
247e5f05
81e855c2
ca15fc9c
66514d8b
b851305b
c247bb9c
2be2c531
906b1c44
ed51bb65
906503fc
85f0aa3b
49810943
586061ab
17f6e2c0
4f9bc7f8
c9f51d71
5ee77028
3ab8e0f3
96eab9aa
ab62873c
42b3fc26
1bf88a9c
069adc5b
be9265ad
43e2926a
34c44bc1
45b88887
f3ca7256
b4c7f674
01639611
91c951aa
342577bb
13a46bb5
fc90aeb5
1244cf31
fe4eb484
39d8685c
6813966d
5af84bd1
a5854872
e71c302a
59d84f67
4ed26b41
e6db52cd
98430bb9
7cd44585
ccdd8b45
0b6b3a55
c07b5581
3dbad511
7b261636
228072d5
ee16868d
323b6dd4
00000060
00000003
0000002a
00000002
00000029
00000002
000004a0
00000020
00000000
00000440
00000020
00000000
106282bc
ab5736f5
adc53c22
f74b6350
3794abe6
64e1e129
410b2b2d
b4827003
87a34e93
bc2ca3e6
b5474ff0
9c183400
143d8a71
2baf9d21
1fd5623c
d2a61508
b8d743ec
ab450849
04c9ac6d
9900bf1a
c6e9c985
299017fd
f8e3a34a
2f787682
12325c61
842199db
23c7d94e
ad50864a
542c9265
68bb1d2c
1118813a
17aa774c
7196f0b7
89abe787
81801f29
ab24920b
dc08a78e
f8b4bfe5
c2c07656
d623565a
6b2d2502
a9b9da32
19bf43c8
30d236d1
ad79c047
f072a17b
66f0221a
ad1026cb
49bab847
97fe6ad2
80a4ce22
b5c2db34
635acd0a
69990c30
60abda35
430a7d70
59884411
d3626977
59c1150b
2f159736
4c1fd1b8
f6100f5c
8ee813b7
f59045e5
3766275b
1e195b90
565df15f
0c888438
1b2c6940
bc69180e
d6c15a53
92335e86
9658f8e8
34b483d7
2010795f
2e54c0b5
a4049af9
8690e952
f10154d0
e7f8a33a
05922478
7c570100
8569a341
2bd32327
613197cf
722a85e9
185133a7
1b6df166
39d38b9c
cb010274
2b0957f5
18edca29
9ca1b416
310da1cc
775e2693
4765a213
425f3359
897d58c0
bfa38803
160d8117
3b34b392
085bc30a
36a00306
fa5046d0
5de80341
702f8b83
fb050869
401a6062
891314a1
a0ebbde5
9cea622e
88b664c4
6c309187
c8e65498
68cc3319
53e3cf3b
96600daf
7a0b66eb
c29749c1
3d555aae
27b08185
078e0150
c2dc2752
459afcdb
367dcbf9
42b22d5a
1798c2d3
1289ab62
178ac43d
8318b67a
83d962e1
86c8995e
c11122f8
e20339e3
ab40ac3c
590c5070
175247e0
87f1fbbf
9691e3ae
6bb8c234
02964616
035dbb38
91d758a2
56704957
44187cd8
71dca876
1e47f033
c06cf9ff
0c56ab88
0ccbc623
75adba02
60d922f3
cbdac5b3
18972a47
85c67b62
365cf32c
be5bc76f
736f4b24
81ecd223
6e4e2797
a97a3e79
34a6e0ab
990c39e1
1620b231
3fd4d0a9
2e5c24dd
c5eb8c60
26a1e6c7
d23e5076
123b6391
88ab5b31
42701267
49660171
9b506793
0a7c1716
625b234c
c745e803
a7186287
b5d38cfb
7aaa534f
a56c0395
4bf4c4b0
7615c3c3
1274bae3
c0a05188
74114d18
1fa64ab4
b3932523
09eb560e
a0cafcfb
e1c08a68
6fb11bad
f76fe2a9
a0ff1d12
959a9530
78a31c1b
faa9030a
42bce2ae
88870afb
260983f4
c180e904
ed31d6a2
e31a61d3
141a7a86
6355e2e6
f1448140
c1ca9f7c
1d87cb72
04555e11
88064072
e542e27b
e1de1649
c2937e75
16570a90
2b645beb
6406790c
d0151856
08ac8f52
201cc671
8abf45bf
33c58526
1210b9c9
fc4fcc8c
612c9f90
84d0f3a8
d0144a79
3931c429
8b83ac58
541f703c
157b0f86
c46107c8
6e44c54e
91ffbc73
5c392580
79aaa292
d733173b
7e17abcf
7261dae7
36f40797
b69327c1
73a4f8ce
480c7026
12f155a2
a618dae8
19f94e22
7097f2b0
243d7396
838b23ac
1e284546
0c999515
a76ba3c9
89bc0cc9
98197cc4
3104b4a3
6162cc2e
5bc1544a
a0f953bb
15fcd047
8ea84bf8
18a4137c
23abe644
8766c8e8
71a391c5
3d3858b6
b222a730
61cb45c5
31f3efcc
35ab7c2b
799d0846
b4591706
8d074aea
f31a1bb4
65187e0f
2b20bc90
703b98a6
6f3cc7b6
6b6e2038
0c59bd0c
36154729
c49c41e0
7046ad24
b6c5ca28
ddba9513
71e4cc33
2ad53962
125048a8
b7ca400a
1a8c9f19
9da0f91b
23bed5f4
608d881f
a9728570
ebf03331
bd2b1eeb
36fec28a
7f5ccc52
3801a3fc
720a3f7d
1b8fe29d
af7d0496
03de5dfc
ffe398f1
b2b5df8f
de44de5b
00000061
00000003
0000002a
00000002
0000002a
00000002
000004a0
00000020
00000000
00000440
00000020
00000000
ec085192
f2f1143a
a93af3c4
f27f6a67
e44f16d0
1bdb084b
f105a778
1c106a82
1b702889
cb8d4529
41423242
c29a4090
11ac4bf2
d4a5b3d4
5bf08bcc
b0496cf0
02692773
b8e05706
f855e601
541cc3a9
121703cf
b004d83e
c5ed5f79
98253f21
3eb89bf5
f77a3283
2634935a
0a730b26
8b36ae98
b952b94e
d24e7071
eaff6967
b910f21a
8390063d
ea0e86a4
85966f39
a82841bb
b37c1aec
6d1ac3a6
32b9ecf5
c7d71864
4c556558
9e4c4bcf
234d8d57
a70c1f67
9b23992c
a61466e2
9c099d75
d154f70c
a8621946
a94c7748
46c561fb
64d07e68
af733050
8ea6e4ee
348e80b8
6b50e408
a5c7117a
fa14c7d1
55a59e3d
ff16a294
4c309112
266281c6
4890cb4d
daa37edb
9743313d
fa71792d
1325b3f5
56f76920
b897c503
dba0104c
30e8faa1
99bd2cc3
6c01ca83
6720971f
ed042ac6
d401ca4a
b4fc515e
ac60f660
d1ff33fb
bd152479
2ea4b341
810a7993
3da8adbd
37c590bd
09c16a82
ceb32a3b
72c5cc22
5740aab2
5ccbd7b4
16442997
fa3427bc
c6d0e11d
068a353f
623a0b72
4171985b
6f0d2b83
97eb1f48
85056fb3
542481ad
40513504
35440192
762770e7
2a2d2f43
41974989
a6431ab5
59b82475
5bc484cc
a24684bd
1aa97b23
993c4d91
4f8db6a0
f2b478ab
6d2b2e66
9a1d1697
a022ca9a
91e8d183
ecc0f354
2a32c63c
1c50b796
034e437a
ea6d619a
4a3879a6
dd23e5c0
018ca011
4208c155
b10b08b5
5a4f8bf5
10d3baae
157c958b
7afd627a
9cb88b48
a8b96bc7
db240502
92b8f5b3
7c208515
c212c060
a38c9d3f
9a3689b5
93fabff4
9831485f
7a68704e
68fd1c45
bd04188b
87b05306
782e28e8
5fb4f005
7483e40e
4a443e2b
9745864e
838b47d3
f52f0312
67f371c9
29a5d0c9
e62b08e8
62660c9a
8ab2415f
c8237e98
5ff02349
c70d91bd
62b41397
343863c2
de5d6a3d
494fab6c
3dec6e8f
e334c376
4c6a1737
37a3944e
136039b1
f511385a
7adae3a7
b658b092
e49619b6
b81bf8ca
ba773cf0
e11158ab
6e19d33b
b7032622
0b1673e5
2e789688
7a09a373
484b5c45
473be2bf
a4174925
4a6b0bd3
62444801
2160d50a
8c4cae6a
1b923028
76bea9cd
cc7d0a92
6289974e
eb791af6
57e3022a
ba7a8b51
61caf0f1
c4c6a889
87370f28
ba9456bd
542ba758
5a6c0f99
7ebbd3fb
12ca325c
cd18349b
fe285112
c2c312b3
0e48dd94
cd47c1c3
43c2432a
659b440c
41a1522e
55ae9165
71f6392d
ce7b32e2
77a90966
aac650c8
071956ba
ab57a88c
52f52b23
a11c26c9
ca80623b
27060a1e
e62eaab1
1cb392b4
7e344dca
091a988f
d2282e7c
77395659
ad31f336
56c92545
44987881
5f3ce858
d64d1d86
794a4cce
5b7aa2f1
d8951214
9e2b11cd
8b8f2bf0
fac8ce69
cefcbd0d
06206b12
70a97f72
3b0bc410
36684af5
f996c206
20910381
61258143
01b62645
2614776b
c1c0844c
21f518a8
3969eea3
8a7fa612
5bbf8567
1a78979f
22341ada
153cac67
29e0ab8c
184e97b1
076544c3
6fa0eaab
084c1c7e
87786c67
4dbbda31
0ebc579f
677c25e6
724aed42
09277228
e9842e04
bfe4127e
b2608209
b02b3bdb
07c2ad32
8acc76a4
ba9c9550
b4cbf66d
278973a2
1a123e6c
8cf5149a
690692e0
29395e1c
6bd7057f
7e5a8643
b9c1b959
3edb4f3e
85b1bce5
b7876b35
2983f376
63538da1
774bb794
296fa358
146d4296
4a546a4b
5c92fc1d
dc87135e
44bf1a40
db31c144
e6ebc883
79c8bfb6
3349d5a6
d652ebbc
04946dd3
18a3ec14
f26f31e3
00000062
00000003
0000002a
00000002
0000002b
00000002
000004a0
00000020
00000000
00000440
00000020
00000000
c2707a08
a0fb90b3
25d4ef94
7fa47b5d
85fd5cd0
29da989b
918cf3c0
c45717f0
ca2c72ca
8cc08537
a34f64c2
1c58a482
7f655abb
b3a585e2
5631d994
72b3e4cc
87089463
19eab48c
0b8ac4d1
c25b9d26
3f423515
2ab1d254
91737f3c
84e53ec6
9c5f86c3
ec823300
c1b5c924
bd79f707
95470001
b8827aba
40a60cd7
70865c10
8a63c7bb
6d49025e
eaa73dc0
53d5a031
36c57ae5
d91a4140
6be13907
811b8335
b61f42b1
590c5c6f
dc0df839
8cce3db8
3329abb1
27cc6b66
3b87ae95
b03504cb
135be877
600121b1
9dfb1d29
8915e3f4
8c30a641
83a642a0
1e7fb53c
21f05df5
3ec7a103
eebd91b6
f4a8bd1c
81178ab3
3f61ecd8
6c744fd8
1f87dec4
32560089
4ce065fb
2e93cc79
1868dc2a
d3aa3648
4c4c1836
e0793c77
f0385a24
afe4ceca
f6aea767
5b649235
8938726e
d1551bdf
ca885a6a
745698bc
02ae8c85
a19097a2
83d01ccc
8c997bc5
6080134c
84411992
79899811
27a34993
0bd8f324
e66c5133
40756d63
17e0a822
0d7c630a
cc1d9ef1
94a060b1
0e207622
69440088
79919912
2c104581
1115a3fb
42911f65
cb5dbb55
2970968b
6c055f18
855fe61e
daa986db
1ea94449
90527c04
aafe0df0
a71a9ac4
b5917051
8543ce13
7b8a7d52
8125d560
00d3bdf1
28619a36
a410ea94
30863aa4
23cbc1c3
02aa85b7
846c3d56
88b85f05
53349258
45b29ae6
197a9793
7896a045
984b6809
c5823ba8
a35cd3ee
39d1bff7
9d86a7be
e924a3aa
1794cfb5
00e2c373
1a52eaf8
42fc29a5
91ecc91c
c3a27ad1
53ae5bd1
64a558cc
c6052428
6385709a
68731b38
7fb68992
dcd06e43
2eb52eae
fe29b24c
b6787fac
82798f1b
9a80b853
0b3acb44
3cccbd93
924de7a3
42a9cef4
7b617b2d
c73ca8a4
fbda490b
c69aaf2c
f966571c
d4859947
24b3b6c4
9f37c170
68803682
04e930c7
de04c4de
73870b8c
7b96a323
9b526049
455747b7
4a6ad676
6d36f75f
94e35140
9bbc9940
1910d526
15b32df2
0a149537
a74f60ee
172db399
3d3be46a
5f140358
00492a98
1a77e687
d2471cc1
2cc0719b
6de177a5
98a8dae3
dc8acd26
4131a1c9
d73e0451
877048da
91b34322
9e0405ce
c11f5b97
b444df89
077ec830
61d4b22a
8950fa9f
7e218acd
ac714093
5fb31a4b
720df604
c4b79d8c
44a9aeba
acb3a8aa
056c1b32
6d6565b4
546ac30d
b68e9c20
a128bd47
5dc140e1
d59fa0f9
1ce37087
a216049c
97aa69e0
2dd78bb6
29aa315f
8873cfbc
c7e224ce
7060e704
18010ba9
9a153c47
e63535bb
f8651ff1
8647089e
28317230
13f24fe2
51321b1e
d9b60031
71090bab
bce11cbc
f3157906
a6c05015
a545f428
d0015cc2
381049c5
a9979c5b
b73dbce7
d7e3b4cb
4ffcc176
985fb7a4
f53c4978
c18a4649
4677a0fa
a7f011f0
b2ca1d17
0e4c6592
1733cc87
6b83262e
fc166a27
b08fa706
047ba6c6
da231b4a
9a3a8e2b
5b503c49
a83c607e
45714ee8
a224e16e
4ec16057
047a5835
37b279c2
f5cb857e
194513f6
084bde73
d84f189e
b631b153
9a508741
9f2b28ca
17e41f5b
8e98ae64
cc23b67a
54f251bb
4458295a
995a7094
f9c761c6
12d9fcab
45686348
5496ac03
cdb06d64
8b1e8c5d
000d36a2
0d34c647
e08a20c8
a94f7d43
11d13126
8c95672e
987677a3
b3335354
2d97e5b4
132642b6
8ff2218f
ddc3c607
670a3cfb
cf1ce46a
8dabd505
9de2f4ed
0ee8f3d6
ed5d85a7
00069b9f
5c83cfb2
0cad829e
d06ec035
3340d377
fe82d183
b52b64ac
09891709
dabbc81f
00000063
00000003
0000002a
00000002
0000002c
00000002
000004a0
00000020
00000000
00000440
00000020
00000000
006c4532
b5c6b898
67b5d7b6
386ad575
78e4495c
8707cb64
f538e6ff
14c80229
8739e26b
fc9f1b1f
04182b99
4b3ca34b
12784b0f
da229e6c
6b855547
a09ae382
56ce2194
2785fa9a
b586d1b6
c5fe3580
97ec8243
1a662914
a58c7f3a
2bd71047
42329058
82ee6b3a
7c0a917b
560e30e9
85c8a063
2a87d09e
15a573ab
43eba222
8cca993c
44b5cc80
bbc53d92
c7e2deb0
c513bc7d
2be3c230
71b3b8b5
052ad69d
4063125a
3505ad0f
2f63a136
55cb2800
ce119107
136a33b2
61812dd5
1bb52520
58653340
fb8b7ef1
98374202
b85c36b8
49f10253
5c5971cd
655960c6
baddc1d4
5fb707be
054b50dc
858413c5
0bb29c04
35b84bc2
98f358fb
8aab4b9a
705617d4
560e0567
c9692561
2424a4ec
146062a6
53dbb7b2
d41628bb
c09acdd9
bee51321
f08e7380
93f28572
21f19cbf
714d0c8e
c4ae727a
52d3da50
446b057d
e90a4d19
b73c3f32
b1481319
96cd9cf2
23b8e7ab
b2096bda
529585b6
6ec289c0
2f1ac31a
a369a787
12e0af57
2790ca64
e2b420a3
4649a560
6d4db672
a16a4366
5d361059
512c6a86
8010c9cc
cb4795a5
09271680
09179555
63c1a8ca
f5428a86
65f44a84
ab257741
4289d13c
9bda8852
6f92398a
982ba225
8247c2a9
7e18a3b9
9a415cef
91e282f7
36878550
1b509303
a0b3be3c
4094b079
8487a0d1
b997166a
00b2fb58
ff873672
29233266
5d87232e
760e8963
495a8a33
78e72b62
7e6aa36b
a3519fc9
7bc6d340
340f0bdb
41672cf9
bdf41fb9
ba012cc7
8352c855
2fc19528
bb2fbcab
872975b1
ae268b0d
4890760b
136f9fd9
9a52b589
5a443bea
041b5f06
2dead852
ef16f571
524c1656
8b298ac1
3b5ee24c
b2a7502b
17ba79bb
a693356a
09bcb03a
895796a5
1572e897
b71525a6
33164e31
3632c6b1
a48e6d34
6a977dc3
89768b15
8a650e89
a1c0ec39
1898ac4c
4a89400a
8326f96a
5a6526d7
32760055
83f97e91
49253b2d
93e35c37
5c7355b1
896b2202
72fd149a
9b802b11
d5a157de
089d032a
cf20aa97
f1656b74
e0d58fb2
c7336441
036f16ff
68fe9bf6
2b42281f
6bbf721b
d4b04ee7
0a8c7968
7b5c42a5
32643214
176a1738
12593162
0206691b
1297750b
dc6b58df
b13e3634
be5c85b7
0b3fa4fa
309a091a
a997e3cf
f4b075bf
321fa4f7
cfc9a477
df121534
a31d85fb
597b919a
c0151036
73b85f2b
581cb318
9478b4ac
853a7071
05220041
ac0a9289
d6057d69
737136a0
7d7b4b43
c8166c1a
550c1c8b
b431eab1
756ea32c
9599547b
69949549
a4067cd9
15acf3ae
9162da54
65ce6aeb
6aa7f85c
5d4e908a
c4e1064c
3c036770
49bf6a9d
340e6693
8a668c63
e1c37595
22622d7b
2ec02485
8488cad0
56caa244
38199531
1d1eec9f
04a8224c
84a9b119
55a17778
ec1c84d2
a7e7825b
ce89fca1
12b3bc0b
7b262b52
bd49928e
11f422ac
69fa3fa1
53b8f131
4acbaa24
3b550c91
f3a873eb
12bdaa34
20587963
1e39ab91
43e70da6
1b79ce99
da7de12c
411b2a31
28cb541b
880bac5b
2ad5874c
26098263
e50c34b6
99837e7b
53899107
6f72a2bb
050f1768
47227955
65005c76
e2b1b1dc
20845b55
5f8e01f9
21ffa91c
6435b283
c3812412
94743ec2
9da8df37
9f9e4029
ca0d0317
670c717f
04c202ec
19de0325
26841780
fd6f54c4
f470b965
9496e0aa
5e738351
b4222fa4
b8792b9d
db3f2498
a24b2d81
bdc74418
4ce0b79a
cb73d213
1435aeb6
dbdf9bbe
e418d91c
5efaaab2
b4a93859
144aa70c
5c8bb4c6
c6d29a7c
00000064
00000003
0000002a
00000002
0000002d
00000002
000004a0
00000020
00000000
00000440
00000020
00000000
613ce68d
f7f65566
bef9c1ae
483f9bd0
670dbcd6
c518fc1f
054895fb
247422e3
6c76eec9
a50fd8ce
c5753156
4d373a40
d35d9046
651bcb04
7a004324
c558c9f7
19d92c51
50c4fda3
da6f3c88
22ba52c3
2f377cc6
d72812b5
669153c4
a5f9ce06
40c5648f
29f73073
48165598
5b721067
129521b1
6fd6cf08
7b62466f
78d55ac2
40fad416
21b59887
6063648c
7c3661cb
5c8e522c
76de88d2
ca710a3d
bf846b36
017d2d69
871afdc8
132650aa
f67f34c7
0e4c66ce
f601dc5e
c054562a
1d22aa4e
034f71d2
6083548c
acf19827
c30c95af
e5da7ad6
3da3ee7c
d1cccc57
120d23e5
05219454
823f467e
0020cb31
085bad29
921904b6
43850d39
8255621c
0d95c872
8c747865
60480557
8b415416
c6032384
67bc1f32
199ec671
3a99c1d4
4de0df09
0034cc7e
02da835c
3bcce224
c64c25df
fc87c855
51b7c954
b4583c45
8bc78608
61b9c581
c95dac58
53fd0ddc
215a9701
4595a658
15412bac
494cfb13
c547b94c
04cfacc4
1ff42f78
0629d990
50d5974b
9c39a7ab
40a19003
9c60ac23
742ad469
de9c71ad
55c1ce54
5147e216
5a4c881c
413183e9
a572cb05
b94cfcb7
86934539
745054bf
b199995e
f10c7cd9
4669314d
9fbf7c24
e3fcafb5
124a382f
eeb15a0f
f77b0417
8a6a0f7e
7667e527
795f6840
4d730498
bf69118f
e3f078a6
1d594317
659cd300
63450238
54a99ece
2912b93f
0619c254
b7dc6463
6f129186
bbca605c
2f034331
0a55f06d
43597b26
b7e15b67
9a6cb427
495b7338
00696656
df132651
18675abb
742c5e40
df5439b4
72144095
20672c39
49a13aac
736506c4
29f7de57
60ad2658
93c97010
26d2b948
d660e394
50fca3bc
14bcafb2
809150ec
1b5137e9
61e36e01
7909a4d6
a9a6518c
0c913219
da5bd49b
8b66ae05
21656e49
080a9630
b5c96383
24da4e11
a3760659
811327c6
3f63e729
2a30fc7a
067c96ac
3888bb20
181dc6a4
896ea05c
6ff3ef34
5a276071
66528d56
b4c73268
984b08ce
1af44106
13761e06
b6bb5676
a9912092
900005b1
f06d5812
d0fe01cb
3771a99d
ed48f08f
856d656b
6ac3d586
7c3dc83e
c5249986
a818a766
37a4383d
b838585c
7ab9549d
89ac1088
66cf6817
3ed3f654
90ccecc1
8068b035
92307d56
184076ab
8454c550
b114782a
0a048b70
cc640ce5
85a85b6e
40ccb317
51560734
01e0af24
f259c119
c95a6a14
0fcbdd9d
33a039c0
7ce1c198
3237355e
37249aad
eb8418a9
1cab9ca3
b98cb717
b9f38929
7468b475
de06e841
05f241db
abeae6b7
7e2e8c4a
e5cc1176
30e9022b
2b374521
128565ba
51c518c3
94729639
2103a7f6
712653cf
31a062c7
92978371
2ef6aa60
5b2ba72c
eb544680
6667baa9
81331599
0cbebbf3
bd343554
fd7e428c
c8b03c59
760b3882
5b9772e3
10040a34
ade1ceb8
f9a76a22
5be08727
3a15e2be
535babdd
d6c50edc
74d58e93
473fd5d0
02022a95
9533a364
accc0a41
63c835d8
c6c0c0be
e525294c
71b82dd2
6a7734c8
639093c4
609d0677
1ac54541
337995c3
fc1952ba
8f4b8fb7
e8cdfb9b
861a18ec
58b76972
05b647fa
ea401670
6d942653
650135bd
a23176a5
92dc4c8c
7b51817b
d454b47b
722c57c2
1a8ee3e6
5cbf67f7
8c437a3d
10cdc41c
35aa1d77
4fa40018
860afbcc
1cf22f52
c576466b
96eaa993
c86492a3
addcb3b8
f36d4cba
f6641a25
efc14f70
f5b2a667
86fa341f
db3b63fa
bfaed19b
5ee04c40
40df5e6a
8b9a3dc9
f945ee75
506ccf8e
66860c2a
00000065
00000003
0000002a
00000002
0000002e
00000002
000004a0
00000020
00000000
00000440
00000020
00000000
dac520b6
fc0142e0
95d29f20
ea3c461c
abfb3f18
404136c5
ca97ca9e
b1a00dba
5bf14654
3697839f
9464b790
28abca7f
3e7cb9e4
a865989a
28612610
fbbac87d
e4773eeb
35381f54
d2b06312
b77b59e3
6f3a198c
f0b9b4b6
1963b44b
04c45293
a2ac2952
fb9e7630
9f0128b4
bab2314e
28a839b9
4832ff79
934cb77a
4603cfba
46cb7c68
ec420291
e07dcda7
c84372b4
43a36b69
51e744fb
8da5597b
60a3156c
68018810
01983477
d9cc0bb5
a479c44a
acb858c2
36906862
4293c338
9c00c050
4c318c3b
da8a293a
ba87e33e
5b3b68b9
349d6fe0
2c0c945d
870941dd
28f586a3
1b3bba82
294cd80c
b214be4b
7b67d275
775601b1
50757681
19bb23a2
f79a36ff
2119254c
9935c67a
3d7756a1
c7b82474
8b2a022c
79a57781
5cf40d44
4fec7b39
b49cd7f9
c46db293
2d0b45ba
93a977f7
ec042a93
66e24913
45cc7549
28f89561
7e27d1bc
062bd321
23e57b3c
c598b77c
a00afab5
384e185c
03a73f66
ff966654
2c6ea7c4
16a72236
350e15b7
391f0c27
08826728
f278d396
f17c4cd9
8ea40235
64c1ec6f
863843a8
7b388ba8
d831da37
86403673
bcda0e1c
f71c0497
83bb83a9
05da8ab1
13361712
30f728fa
7404f21e
d56df72e
f95bbd38
b9d716ac
15772166
6175c865
c101a9ca
cc8a4603
89f247c5
2716c69d
d6232967
b9790641
ba89060c
20a34b6a
a58b3297
8693bf82
a7a94b16
e4114ab4
7ab38396
bfa5c6f8
34ab3cfc
81ec60bf
dc29bc2d
87ac5665
29d7d62b
78699734
10af700c
671c121c
cf76f5fb
12e9518c
c277a25f
721502fc
a02e2a18
98bbcac3
3dac7a81
942b7d56
7b99c505
2b6d40cb
347168b7
839ca561
e2a54bf8
a91ea064
5e23495d
32caab13
8160a105
cd194098
7fc4d0e9
62fcb41a
79028f34
d4450249
b2c92b42
57997459
5c460024
ebeb41a3
3fd69558
cdce8796
db111848
79c9f3a4
0356550d
3498ca31
584ad7cf
17ca54b7
8338c8b0
b0ab0931
12437375
f4328e0c
98d0103a
0c7f7849
8c494066
68427228
721f9437
ec9aa2a0
0316721c
cd103737
61250e63
5f1adb02
989674ac
511f20a2
4b443c4f
5b4f40f8
02b23496
17654d74
b97ed1e0
53b18ddb
82046070
c83fbc99
80148555
4f95bc04
3d6568cd
b94e60d7
2242da07
a405926b
39ca0336
b8492e57
06bcd0a5
23834693
457271b2
c292c0b0
c2a43e02
3f46e90f
1869781c
7b6b54c2
b987cf47
6f650702
388d3ee5
23c5fd30
e3cf4c0e
9898826b
b927ed32
f48591db
a6216181
301c25a3
27bc593e
b0becdd3
9df8fbb7
1e32d7e3
8c670fa5
a69a6871
203ca995
f4311e59
61068aa6
2f7615d6
58f97dd0
57915401
ab5248d9
191f2e1a
6ccc71be
a8cc4bcc
66ac2879
21769dbc
a3617a63
280cceb9
24178413
71c2bcea
1202373a
c3596146
2b7e9b77
33ca728a
2fbab443
0a950614
e67e0819
c7c93232
4818ea57
e4a39efc
a5cb8776
95806026
048e03c4
b8d79bc9
93bc3875
647d7d27
65295cad
780606d9
f9cf39b1
c063f31a
5c911c4e
e3313152
bee2757f
82818858
45052162
98d71e53
805a6aa5
354d3a5b
8620b022
4530f66c
e4d80378
19ba8fb9
c4b0f145
628c7c60
a1fa4232
f40dd6cd
32fdbf29
77609607
a6964268
00c0afc0
4eb51057
15c48c3f
bb6e9a00
1341c9a7
b0c26734
51cc8b65
a2912302
3ba4e476
0fb2bb65
a2eb6ecb
1aff3eeb
a24d0c55
3f332de9
28943a17
edfc3c82
604fd97f
e3498013
54492766
2b8a2290
1f8677db
94ccee63
9e4cf1eb
ca33d11e
00000066
00000003
0000002a
00000002
0000002f
00000002
000004a0
00000020
00000000
00000440
00000020
00000000
95352470
4b3d36ea
690ac543
db65a3b8
f79c7915
3460d95a
4222ba06
3035b534
71fb75a6
bd851410
dcc52f0c
0b7029ae
75995361
9af9bb36
5fb33f5c
0a051b00
f9c945a9
53426279
20991aa3
d8f19065
731bf02b
037ec9fd
31cace25
5378bcbf
6f42e62d
44ff5252
58385764
0775127c
102f4880
8db57452
de3a39b2
d4fb6079
8c1aa06e
2f8696bb
789a8664
43689381
1049e2c5
6bb71504
918b9700
5c9bb909
da817ca1
b6932d5a
6dc2b0b8
6cedb728
ae91448f
fa8b8227
760b8803
8f683c5a
1b0e9262
68f94e98
3577ba05
b1cba861
5c54394b
abdccbce
4f82db4d
17338a8b
38a3cc68
cb79432c
7b9f4ea5
97b54181
5369aa7b
21051825
6658323a
2074734b
48103e44
14f581c9
730ba8fa
4363c3d4
6d034031
1d582a8a
dc9854a9
092706c1
aa6c564a
c0cc4350
466bcac9
e9c67bcc
cc414ef0
b9f16c7e
34944478
18886a39
46f4c723
2e8cc942
9a9e8d67
12f23988
0a3f75df
58a53434
1ab187b3
181fc04a
16a24760
94d7714a
07c4e8f1
8324b302
67bc7470
cbcbd6c8
140f209a
ceab6c04
90ae8a78
2b08444a
688ad66b
9116c1fd
e3186fe9
5336c735
244f29e9
b05b76a8
82eb9fab
4c7dd60a
2217c339
ae609e24
ffba1244
99759b07
65706226
9d2cf96e
43963726
67194a08
50c3c514
299bbe80
a9c62228
28544456
52381e15
00fb3ea7
7f7640de
271119f6
4d256c9a
a437a3ec
b691c56c
044847c1
0cb77367
ebad8f56
8c430f7b
65727ce7
f3110ed8
2f938824
c3b63a53
729c11c3
bc458d49
e91a0830
88ce0ce0
53a29f7a
f33c675e
a4499e65
5006d3b4
4eb0a72d
14427e76
0be932ab
d2015021
69457377
2a045ecc
8ca3e3bb
d2ed5992
39281d54
eac89640
6ce89319
7558d059
1c5b51c7
f3f425a9
4377c898
8287f984
93314824
6b845c0b
5e79351a
b2b17d12
70cb1496
2e3b30bd
bac0c40c
6afc65a4
bfbb3284
4c6b0c87
1384bb92
ba21fbff
eb2779e5
89f51a61
8772d434
96259062
899836b4
71a4e46b
829944dc
ae82af62
b90ee655
a1b617f8
96bcc63e
7aa1c74b
4032a118
4df5a66f
2a72b78c
914c91b9
2fa0a060
004d5c5f
e8e48d76
24072434
235719cb
57897120
7915ad03
33b7578d
7a54184c
5088e1cf
6f5b705b
6b582664
6c5c8a79
6585f213
039ba7cb
6ce90419
bb02dc9d
22ba6605
cf9242ab
1c3e8c56
96428702
08288f78
877b4be9
ccd27631
ad7621cd
ff56b4b9
a3bb99d3
9b20e26b
b0999890
b5f2acdb
3c12cf74
997f5277
3b882a07
2a61490e
eb51ca8b
077a92d2
5087a98d
bc5a69eb
b02f3810
4150620b
362cc563
4b576ff9
50f12d50
a9891664
f42d8393
7a035203
ed9e60b0
78bfaec7
a976910c
112a8b47
a7307402
8410d0aa
5ac903ee
097a83f0
46078a8e
0e9626a6
88ddcf47
af2a356b
a0c5aa24
b2947b33
42451340
4e853345
1cb98d54
0610814c
e672a59c
513e7076
421a9c73
84a5d163
e30a9786
0618e67f
064780e0
5908156a
b1c102a0
c19a153b
93c1c6dc
8288a86b
7c24d841
c017b714
38dbba61
4b1eea1a
12e901a9
3fa7c13b
89b3f627
c5be6bf9
343a8467
086a60e6
a6310f4a
59212e7a
3950d669
cae051b1
0c684554
279ca729
b12b6345
64672910
f24245c5
322c230a
6451a123
d11e7b86
a5ad9de4
52736905
a04d481d
c56214b0
cf4a974b
d0c9ba49
72c5b9f3
96172695
4803a0ce
d81ed8f6
2aee8a25
dbeb9440
a932b802
23017059
fd21a0c0
b0221feb
d14e72db
f0aeb359
71d4f6e2
356521d8
f675f77e
00000067
00000003
0000002a
00000002
00000030
00000002
000004a0
00000020
00000000
00000440
00000020
00000000
b2440c6c
11977183
1ad19884
c760e3f5
23f75ac7
aba1cf97
0422fb56
eca52c57
bfd58936
146e75ea
995e8401
5dcb3fa6
da98b4fe
bb6f0123
05873eb6
50867074
246e9511
8ea5110f
b59bf2f8
0b8bb495
5fdbaa2e
0f4a289d
e070b136
16d31b9b
5a19eb12
6bd9c8fb
7e66a554
4311c365
314c8457
89f35d44
c34581c4
5cb97439
9a919e6f
be5e8675
10d98405
2df1bd86
fe64551c
552f8f7c
0231c92c
ba1123a4
8310c4a4
717738a8
7b5df585
7519b0e3
64bb4d21
6d9ef089
4a1711f3
258a034e
152cb730
37ca1aa1
92e3c19d
9c215946
08e93da0
9158561d
9a9b8351
ebe61b75
8dbb2e21
7f7afbb3
55be62fa
93655a29
e767e50a
15db12b4
b9aaaa66
6cc4bcec
7c825e68
aa36052e
30639274
14e1230b
afac3a7e
e33f9313
a2015ed8
58a43831
8a7cdb29
736baa1b
94a25aad
07a94812
0c5a2648
0747dd5c
85a342fe
25a567c6
3cd88401
ef87a70b
578220b2
029c2622
71865788
a99cba03
07d1474a
9a3cd475
891fa642
4316ea59
01c0e6d3
7c251c76
2d06763c
6993f756
092b9494
1b8bfa08
cf5d4168
382a1054
6be6a231
7b9b81d4
77747db5
76c89382
8101f08b
45f2ad56
ab65e924
9ac893f4
67b681a2
59c00caa
7c54d47c
41128ebb
4e55254e
7aa79152
69479c99
b3299a42
2da34a5d
93a24351
3a835164
471aec0e
a2feaa3a
7e9be892
b3633a8f
b84ebffb
8ac9a344
1958f32e
d9e01d26
335a375c
c90e1cc1
06a3aed9
57469483
6879ac10
bc45bf12
7b9c0363
453842a0
08a90940
aa898977
dd878cb1
e6db6477
1228681d
4b8cf546
ba68bcaa
2b04a600
1662797e
9bd9bd2c
1754c1a3
1a089161
571a442a
577a9fb7
74b11a01
da1b1073
0a85042e
c9bd61d6
2bcc41a8
baf490a0
603aba58
c41f93d5
a7d09352
4232e91e
42191a3b
1053e9bb
0742e820
99ad3282
1672846e
e40edb13
293e32f3
88a8919d
7a3935e9
05f54505
1637dd47
57afe3c2
ecb67b86
00c761b0
30cdd7ca
a17aaa50
0d1cfd54
d8456093
5c389fc1
a6b4a850
bc4a0326
305a6e34
2f3cb86c
bf8a9b0a
205f1134
54083878
5fb5009a
1c2e30b4
14168ea7
682ed8e0
505f5581
60526151
7b4f0583
74042f44
0e4c7c95
b666fb73
388aa079
8c27cf15
829e2a4a
17178108
02444226
9a2ae800
cc5ea883
80e6dec4
f132cb77
183725ab
45f31f9f
c715474a
894a1aca
16c6cc09
b1b2cb0f
5bf8b4b7
58332ccf
2cc1b447
14e94a16
920bcf31
7f407868
9a051a24
b9e94825
2f7ea6e4
c5d14025
65672974
a20c5789
f856a7d0
3721fd95
5a4fb661
f1e640b7
5c7030a2
302bf29f
25aeb945
a38735a2
df88d37c
190bc552
03942122
e2a19bdb
849778fb
98cb2801
1409f01c
27de4783
3f65713c
ae76bc05
0880544b
37bb50c6
0dc96a4a
8c9c8c11
2ba29b2b
ff24d61b
a3163fc1
b429a976
93498ce3
c6d95e80
9658dd6f
8a78abe6
fa89b6b5
2b747b32
b734c6b1
91dca6a4
3c28988b
9391da28
4513cb23
168b0b6e
dc87e016
d6fd5e39
aee7015b
3c381648
f5b06c47
85647c78
669ef6c3
99ff30b6
caa32610
d8b0f810
a93e2267
a134ec62
b94d8a38
0153b2a2
cdba8537
5859c99d
999c85ec
6a694cac
e09cb58a
d0ca617c
398426c8
a6b53813
48f1b36c
45bc2601
aabed793
6ac30623
05488fb5
685cab53
20dc642b
c2004a12
418a0c76
890a6c9c
23a84584
802cb252
2f594107
698d86b3
2a33c5d2
0949fd72
cde8a626
dae42c09
d7ff9467
72075d11
2ed17568
acac2827
41bb198e
b350c629
00000068
00000003
0000002a
00000002
00000031
00000002
000004a0
00000020
00000000
00000440
00000020
00000000
91397bb6
ac907bf6
5bc22b70
8b932483
b2f5438c
8f732f59
52b89a97
79f6a6cb
2a22d729
fa2d8520
81647c56
aa7a677c
754e12b5
873d18e4
6af97169
2ecf550c
2243528a
a1e472cf
141f35ae
c4ab1787
ac95044a
0e6b9351
f5316b32
341cab92
887b102e
da9f52db
c0543641
1fc67a8d
188410d8
b6a02864
54adf5de
24b750f4
51a4f76f
1346543f
48b81886
6305a148
1f7bc003
a6b0469a
79f9abad
b405914c
9b553e02
b1dc845a
a297241d
13698c95
1e185a3e
dd69a5b6
ebbfa207
42f52284
75a25a41
55419402
0934947e
496b9254
64ca08bc
4333106b
af5c2b27
3c5bb032
2fcc1177
a63d8a54
87bb33b0
47c13b40
542c5107
f375b422
67518817
6a7b658d
fc7194a8
be93943f
1f2ae436
63035894
0ea69c5a
f9320cc8
e66d7077
263c337b
dcce836c
b8cfaf1a
6aea4487
405dbb60
62885117
1d4cf88f
12423033
b1d3238b
a658118a
40461577
fb49b0b5
529b909a
eecf73bb
29eb22c7
72b41baf
e33ee3c3
dbaa48b8
25c99849
13cb2409
6a676868
72c53f96
2a9a8a72
aa821bfa
7462eb90
6d5e560b
4b507605
9045c20a
83b36178
4132bf80
19c33baa
c92024b5
598a8d66
66fbfab0
2c71691c
62391f3c
2521d060
e7991bea
f3b73a87
138a0527
418141c2
679bb976
19c4ec1b
e10990a1
53f55c00
a3ab3528
6e620745
958f120c
7625e496
709521ff
565085c9
a252ee03
6a4c879b
52fecf88
1d507ebb
262e03d2
98eb10d7
0e4b426c
2137d809
9186c4e6
0cbcc815
316c0b20
07809263
3476e233
b121ca69
92cd28b2
003ac3ae
31a829a2
f80c9d28
1b471152
056552ad
a80570b6
4c118322
1f48324f
18c0abe3
5d7737b8
3854388b
f36b00c5
cd986203
ccbddba6
5a495210
28d06807
22ad18e2
caca30eb
b8105943
9785c8f4
7b563e54
6216a552
4a49f873
9b43b9db
5ba63d41
2e0d475a
36099816
830ac820
1c6d30a8
eae409ca
284c5944
d240f0c4
8267455c
73450736
1029a7ef
18232138
02cb4d83
f6bf4732
50408911
0f7b56bf
0803d427
d5245093
2bc411a6
2f15aca2
f9dd54e8
6f919336
cb64d0c8
e35a570c
2a75c623
f1c55691
490a6a9c
2d113f86
752dfabc
eca01259
9258fb98
3f53476c
ba74a8f0
27eceb3e
38700519
c7222311
c8886d21
a4759089
66dbbf68
2e198021
aa56c3ca
a871c10b
1948dd08
3d85e03b
658112e1
83f5c91c
bb5c9764
21b33c79
45e4fa0a
b18803f1
8b152dc5
2b923525
5b07bca8
39c8aac7
38b69a96
12481392
1041031c
1ec6230b
fb40e676
e3ac0930
1094e2c3
413936d1
9a1211b8
4f1c1bb4
f537320f
3110a8b4
38676272
2623c55f
09e8bea6
5a99cd48
092a7c1a
c43852f0
831b8991
3bb7787f
c0a9b07c
16ca8b7f
b8656444
831a7eb4
5478d34c
38c6f08d
1a1270bc
67115b76
fa4808a7
272767c1
64aafe15
c48733c9
c8b5279c
4f0cd657
16cadcc2
3cc86732
37029cb2
aa6c57a8
26200abb
b35a6fcf
d38b4352
6c7e8cd3
c1e2c552
b6317315
8baf5e5b
20c3be04
72672a83
4b8c48d2
07b4cb3b
7a1868ec
ebff80a7
4bd0b213
f1029aa6
530478d2
cd8b1871
5626d571
c2e5c4e6
7644afb5
da927755
f0fd1e4a
a0fb909c
c6c46c7a
c0e4babb
a101c08f
b0585914
1a45c4f1
af24a981
33032cbd
d61c3fc9
6ce214ae
17c66c19
ac8bbfe2
9438f957
008c6337
3be22430
082ade31
70c36034
ffc21a71
c700672e
af33b2e6
167d44c1
62cda848
96e4c064
ba005007
ba17cd1b
82ae32e3
95e196bd
3f50d0c7
a6e01ada
00000069
00000003
0000002a
00000002
00000032
00000002
000004a0
00000020
00000000
00000440
00000020
00000000
6cac167c
ab27b3d9
bb31892f
8798f4fb
0b804fab
8b98f439
5d25a2ff
e7a2c000
b8c8e183
56b056e5
045d9fa0
a2899765
c7101c06
10771c88
65b39b09
cca7c85c
b7076b10
256837be
d845a12a
d47b89a8
bb69ed9b
0d67a489
04e94593
34e3153c
a5706809
a10d3be3
7e56ba14
f5522b2e
090507f2
6e750aa8
2068c659
111d2903
39e01353
74988150
0c7bc4a7
1e335d31
f90ce2e5
f0d4a86b
6b60d14c
ad129631
c4932b2a
43bab34f
616bc31e
7a9c2f89
4a5c2778
47062017
983789aa
7dc72359
f448aad5
ca2ab9a5
25070a3a
4828ab5a
3b061b36
b5c7df51
723ac0bd
48bb6024
7ffa3260
a6a1da0f
e0e63a44
4d49b25e
083690a9
267f8cf7
cb79ed00
6b905977
49db8f61
73b246b9
e63e030e
c888866a
8622fcc2
da23281f
34c5c130
c10b1c40
ad0af101
30b6c83c
cfb96271
741c6792
24a807c3
73b4fb38
040e959e
5c16a773
89ccc7ce
f0cbc24c
f9dc6774
3e60b0a1
2e774a2e
d99d4416
aa331690
29879178
10d2cf65
7c05363e
c03895c9
68349d76
36b97227
1b1ecb0b
c0138be4
7d9a1390
dcb035b9
27d3ae30
23f750a8
2154a60e
35b18eec
98b7048c
945d952a
89aa75bb
1d20e209
7a232432
9b790e96
8d22c705
404453ce
524d395c
200b3514
9082f232
9627265c
2456356d
2fa1265f
792637c3
152928ad
4b464236
b4bb1ef9
8d0bb11c
0ec3d0f5
fc932db7
9325fc87
59b33576
c82b414a
6f67b31d
ef9db7f5
c3581008
8bd2a6cf
af0259fb
279b0092
3a990823
01b3a06b
25ee4329
4156d8af
0d2c1a45
f731bc43
44366c1f
037c57fa
abcd81f9
92084b93
5c1144de
e57fb631
a6e23bbe
b3168ab0
351f85a5
0cfa23ab
9826b693
f80c94ab
8642fd4d
23c3f8e5
59d2c550
9ac81b52
1455a305
78b61280
8e133a4f
99d001c8
b2a24d43
071bd3b9
8f5b65f7
a77883ec
ad90cdaf
70737a4b
55df42c5
57594679
cda42057
2176cd33
63a2db8c
77991319
b0a1add6
6376ef74
50a64acc
72025e61
8f39434a
5d09698c
38de441a
8f34ab7c
854359a8
d5e615d8
c3a4191f
075f8981
03cbb0d7
753ce60c
e0c6c7e5
f2d2b5b9
7bdcc971
62a1cacc
1874c5d7
13376e54
46a58b5d
24beb122
0745a1c1
234a8bc2
0c2da894
aedcad4a
9b594c41
b69cc3c3
a76ab70e
8ab55552
60003fd0
2955d702
271d18b8
39fd5eec
b0f9128f
628b049c
a0420d87
a9019526
360b1562
e21eb821
4be5b98f
5e0ce77d
9b86146a
c8720d44
15c44582
16a5129b
1c70d602
39c04641
e9ed287c
156bfa88
5d6d34ad
f4059f94
151b8e9d
189ed67f
c49f5da8
73d6c08f
f507a8f4
c50e0c1b
1d77ed41
d25698ea
a64a1566
63a03a49
295981b6
7b807117
50825ec5
1b5f0308
4491a8e3
8751a6cb
469a368c
6c18c5fb
a8e8e99f
f71e2aeb
c3a3179b
50f1ca5b
1e37708c
438b1a20
86146903
85833980
34ee45f2
74664724
10169359
a8c959e9
2fe18e32
85ceb7df
536452f1
c4280c3b
6009b7af
5c622739
5b5406aa
55ad5bda
a82882e8
5a34c08e
20b172a7
69df7de7
857c8006
6d105cea
07ecaecc
ac27c18c
c61483f2
1245afd5
af2c58c6
90c7b50d
f1468f28
9bd81cb8
de3b9886
db7a5f88
5e7c8788
fc50c2ce
207a33e3
7d450897
ee5507fd
16523fa1
26779d8d
505c32c9
cb715444
6474947a
586bc75b
25537db8
4cd530b2
8c16cae8
62d9b273
90efce5d
86e952d9
626bc876
9a44d6f5
d0454728
e4e2affc
7072f41f
f4dbd891
56636cd8
b79d0036
a1466dc4
5d670744
e047abfe
49d27898
0000006a
00000003
0000002a
00000006
00000061
00000004
00000020
00000020
00000440
00000020
00000000
00000000
1f8ab73b
e1a020a0
3dad7815
027096d2
f46d6ebc
2ac8a973
e282ef2a
70d7f732
cafc5bd2
25f6618a
e652eeca
2a21456f
d5e6d75f
378be981
97801482
68cf6b45
fda90d92
0035bffe
84b7e40d
682b9e1e
d231d10f
21d6a364
01f183e9
65b7e56f
5061b6ce
e28fa3a8
98b867ee
5ac1b43a
6ba2bacf
c59e6187
7e35ffd4
742979d9
0c79d5a7
6cdefda8
c9e8f29b
3750bf19
f3f51a8c
dbcffe9d
d11a5a73
46430829
d207401b
76f7941f
ad86f345
5bae7528
48b8f8b8
23fea8b2
30bbd210
a8d53d5a
f1d4ec24
0a70ec77
5fcf963e
626a4c8d
6bb4aa9e
61422ebd
5eb23133
5378071c
2bbc66aa
0f5bec1d
a63aaf3f
3e4f1872
db9239a0
4d8fb946
41af81fb
0755048b
043f5390
ec3be432
25ad142c
9f63f643
4bc17aa9
535babd5
0efd9ccb
ac77cf7d
3bb9dd1e
f2948459
ae5ef3bf
8a571f9a
c204b3fe
8dbcf8d6
09308324
9df6bde8
e4367073
4e9123c9
3d62902e
3f3df0cd
d57ceec3
928b0c8d
9d25fdc9
e1e4593e
768b31dd
4238c863
aafd2304
ae50486f
5cf8b182
b479d6ce
991f90ea
ed9e6fa0
b8b1aa29
a7936276
20fc0f44
ef34a019
d70ab4b2
ec918f2e
adc9cb35
6cc81e52
681bf3f3
90c88d75
555e48e1
906cd438
eeeed681
537cddea
0359fb62
4da78079
61780788
eeb812b0
80fe6da2
b957512b
7751e14a
f7ae9043
cae5d22f
c6a3db71
8cee2ae5
cd78b992
32974907
ee2baa63
e1bde269
021f1dde
0958712c
3edb816f
60fd0951
b5887153
d2ae629a
45a807ec
06d55015
680121ba
a4293297
baa50f66
b7c531ac
5e7d3c1c
f524a5ca
800c16ad
8dcba425
cc14f428
543e513c
05daa01f
aeba6f29
96857f88
c4ee52d1
67db3f43
2a7c5a35
a0f459e7
68dbb14a
35154099
e5814071
bc8a3fc1
154160c8
3e4af574
ed7c6e93
154156db
9bf8fbb3
cd432872
96c7ed48
5b592c7d
f6a45e63
6878d7e0
8a640268
d750e96d
b70b2c59
94b340f1
f43e4c75
4349b9c9
8c96af2d
177d2abc
fcdf8f99
f4ddbb3a
f274d7a3
79432471
945ebbc6
4a9ab590
66398355
3f77e1b7
79584ff5
03bc5357
29d7046c
c34e1c43
560572bd
c6c666a4
a1b3a127
64154763
b62cefa9
1bc562a5
2556794d
eff3b5a4
209a6004
a09c0532
9a810674
96ab5582
4468be40
8ddba68a
fab0d8c1
037b3062
50fde335
1bcd3d39
ea0f7b19
2a82427e
26c5c999
5c5d4395
ac6faf26
4633b25c
ae5c505e
69c13aad
6b4922c1
51e10f03
fe6d1d2d
03210578
27ae85a3
fede5eb2
ba3f6dcf
be70a212
4382b53f
9a248910
c9df3a84
a1d4ff1f
073c0e3b
6a3d2abc
cd273a81
4b18ab8b
8abffe7b
d1fa3321
509f2a2d
515302a8
3279d315
7a106adf
9476fc86
00428e22
85b833f5
0dda10c8
b08c4214
5c38f285
247f050c
b34b8c7a
5bd3549c
9a8b5d52
215d31fb
18505f60
4c17ac73
042834e5
292178c3
af480192
97cfbe7d
6675c022
03186d00
21104a6e
ab1df10d
0a890cf2
96fc00a7
bcdc8c72
c9ef1b4e
9c5495ff
f9520cdc
c396571f
8a2cf742
02503cac
2089ccaa
7a5a7829
e0786da4
c3681ad8
00d231a0
24222ca2
88fe3944
11031566
0160a213
c5d81d31
47b2d7a8
692c6ea1
244ac2ad
950a5d18
a7f1898b
e3773517
73f97d1a
97968f0f
6cbca221
05616d34
d3a32a15
dbb38849
12cacd78
9c261627
11ad86a2
093250c0
0000006b
00000003
0000002a
00000006
00000062
00000004
00000020
00000020
00000440
00000020
00000000
00000000
932f2a1b
4714dd02
af63a452
32583ec0
bdaa331e
ba0ca0dd
eafdc576
fde01c55
9ccff6ed
4fd2a859
d0364451
86dc5f8f
95e2b38f
eaf26523
d53c89c6
898c652d
b4ad9ef6
9fb94ce8
b0eac209
c0c7129f
9c446656
4fded69e
8c95113b
cb8a0381
d92ff430
86635ce6
d8c8a0f8
2b6fbeab
512d49e5
b3f63b07
521ab946
04bc670e
5a8dc7ea
b78987d1
cc943dcd
14b30a7a
16060179
3c641db3
6260c7e7
07696b43
d0d80249
1b403eab
afde1bd1
f5e15dad
1bb88a1d
bba58629
56ce07a1
8ac19726
37081daa
3dbee2b5
c1a4321d
72b19c90
045b1d38
c203124d
d35c7a96
f3575898
40768d94
ccebffce
68cbe2c9
96f78b04
3f57212c
8c8dd4a4
7a79aa5b
4a096df0
252edff5
1c10b523
2df0d3bf
8663a780
7a3178c4
86991ee4
c7d8a610
ab8549f8
7036ccf1
be973050
14fa37a2
d7a21c48
02fd96fc
15a97e55
c01f38b9
d51037e0
02ca760b
1fae7155
3991017c
9d832841
482b26e6
86990de7
1217c9de
7c91a779
4abcf81f
892e8318
3aea0dc2
bf453771
55b1e1e6
a3fcd37f
a83dd784
1484711a
79f6782c
7960c53a
8244d6bf
fc01da16
a0997491
8d88187d
66813eb2
14e23f7f
ba9bb2b3
366109d0
8579c87f
e503e27c
0173787e
15c8cda6
6a053989
c113293a
26380c51
5de0b160
6a83ae90
0958a368
41178ad0
885bf759
7eefabc4
192d6470
1abba496
8667f98b
d66dce30
c698f31a
a8fdb575
763e4086
4e9bd74c
2eb83f71
91b1af49
0ae2c339
4347e8c9
eef01a04
43fbdc2b
8d4bc2c1
3f017bf2
993f642e
a766499a
43ab76f5
dc86eda0
434fda4e
fa80d1d2
77505020
b2ea55ab
3742691b
5a3e6565
5d55caa5
8aa3540f
8c40a239
3ccf92a2
d2cc00e7
07cae8c5
ba99a519
6378eeff
c5ff0866
6375688e
a8fef963
9b3c676a
e387db15
0e511628
bdaa05d4
7ae3b46c
d1ac3d9f
8e6f5fe9
cf6aafe2
44469de6
c949fa8d
1af48832
2ac045ad
1a2f493b
3f3ed6b5
790bf86f
82884d21
255e240a
2486b482
0b77c8bc
dfd800a9
87a77117
cbfe619e
190d4fef
857c5c4f
7d5e9fcf
b2331963
be3bf023
3634002c
f32a1b7d
6669847c
6068ec3d
5ab13b4c
b1ee8de1
f8e6b8a3
7cccaa3c
786be44a
808cffba
03d09394
6599ca08
568cb4a4
63872381
c68f5787
9826d74d
d224bedd
008bd191
f1ef09eb
5cb12043
05ac420f
0fb4583a
9abc629f
b7ee0d8c
4f8b220e
095e8181
857c1b2c
33092bb9
f1972124
ec2be7f2
426ddc7f
a349f710
5b6658a1
0573fd91
218f32ef
0932aace
a8654a57
7394af32
2a885a18
54d8f057
be8344fa
84ff1fd2
b9379933
f4b6932b
5f541fcd
628073fb
90b625e8
c7b8a107
9bf24825
39624bc9
98e5cdf6
53be8211
6972b7ad
9e8a1515
292baf77
96fdeac0
e2bcd25b
c1e93572
de1b2c02
60203be8
ba0f21b9
3ec439cd
43d52d9e
43a85801
9dc31d35
87c8b678
61c98a98
b4e473fd
36d5f6cc
66b9657f
8a0f9a78
88d0dcd5
4a237d8e
161d63eb
0a8e8488
8daf9c27
042f39f3
da540f15
cbfc3158
859cf060
1b7fdfa2
ace24337
a29be273
c89438a2
cda6bd43
f424670f
48ae1dfd
b93b37cb
d597e286
71ea451b
c226ba6c
c57850a2
eed17376
d8c35038
7ffa36a4
8fa3bf67
e39b40dc
b6637d1c
cd7c9d30
4ee1f756
36e4dcae
d5a62afb
2c55fe2c
88379ee0
08a62042
0000006c
00000003
0000002a
00000006
00000063
00000004
00000020
00000020
00000440
00000020
00000000
00000000
f892c219
7c0e769b
0bc0df41
853f86c1
2eccac1c
06743c06
ba3ace7e
b1af1374
deb53499
db5a9ca8
c72ce67f
d290c089
8cd3b799
cf4e2a82
f5943ba0
6e638d51
c0edfbfd
753cd1b0
ae6cb9e6
88b18f5d
80ecc838
5e49defb
e71b23e3
e6c7ae1d
a8a278aa
ae1bf2e5
aad0bac9
389904cc
7337e752
910411d0
b965358e
25881109
87a9f40f
778c19cc
12fc1a35
47b9e285
92230223
85947226
34262ea7
dfcacd98
d2313cf1
5619aec4
7effff8d
ed8488b3
52557b3b
fbc668d4
925085b9
41b6b50d
5085cc23
4de41604
5632a2d8
d450c228
53039aa8
ccd9a5da
a1054138
a9d5bbff
e195995d
3d8c6458
81b6bc74
97b8b89f
47609072
6e6cb333
182a27a3
b902f8d1
2e9a5c80
b940423f
cae72d75
4cc085ca
4f1604cf
aba2119b
0b91aa5f
8d7d7a42
4c00e96f
c32a66e7
0d95d38e
f950757f
41f95602
cfb3bdbc
596c0650
40a3e58b
7f16803d
43cb747c
8ac0cf7d
5002f638
d8b0cf7f
d86fe011
bee50279
4a92d9e4
312543e1
40f400e6
a4e378c1
840557f6
efed7771
c0f9ad76
a0b61c97
d4e8ace2
30357aa9
04271f4c
efdfd224
df13adf7
4f954eb9
b496b94b
72ea7b2f
87b124d4
cedcb576
6b666c2c
9d4ed966
680ed5a7
e4710aa6
15ea1c4c
176774f8
0dddefb6
f11a55ae
7a0b8558
06c0f2da
2b69bb9d
856f1c1f
86fcb9fb
346dcd07
6aa36be2
8f5fe850
b9742102
e74a3d37
c2aacf5d
4b1a1068
b8e50953
98a1b63a
06d3ade9
8cd53b9a
56d879fb
cea93a59
ea7517ef
c893b34a
b4fb8b95
92b09613
76bb8ba1
36c5feb9
7c8fc6f0
c91dfa31
367fe9a7
4a54ab56
1b4e1b40
d205aec9
ae66a7e6
43533410
daec633c
690db766
3d952604
0ca1a97c
1339d96f
c09c3525
53506329
ef302ee0
7ca44634
40be5c50
331249d4
63c6cd14
854d2dcd
44726a10
fac015c3
a6404ff3
03a0aef1
adfba63a
d8192756
f4ed6308
d8ce9d47
a358d997
12334cfd
198eacbd
71988cfe
c1532c25
c9e1570b
91936f0c
0c864975
4de78c3a
16a01cda
fee9fb59
c9de793a
e10580ca
5616e318
589a0456
7f6480e1
d8243929
745998fa
1ee67e29
40b858a8
91de9e08
31fd8d7e
19712b10
d364811e
768aadf8
3804d76a
f6716331
cf678fc8
e39de160
474e2aa0
c0b3f0bb
d005c8cf
d92947cc
d26f1b97
382e12e0
975369bb
f6ac5ee9
9f541a80
8dc43cb1
de309bb9
0463b4ff
f1e09e2f
36d11e32
3dddf147
27bc81c8
d0b4d26f
9aac3b6f
eb268018
9bc775ab
0b129f2f
8660b9fc
e75e7af5
5a8beef2
c7a78803
ee6e9610
be1349d6
4aeff1e3
498301a7
e9fd6945
142abc4f
ba331d08
9382c371
2d23f9ac
fd4070ea
a75b10ae
a6e66c81
cd07c50a
e8f46506
9451eec0
6f22594a
f480d5d0
ad815422
98605d5a
3b384134
073cafeb
2eb5ad4d
e1691a23
c0116139
206de64a
1ea5518a
e99c28bf
a910b9e6
2555933a
7c0459fb
cc49ab2d
d7d26f65
994c88d7
9cc73b7d
3ae16910
f5c3030d
28c29a99
86af21d6
244823e7
ddd4a888
aafe6957
602fda51
cb992c88
2debfaa4
667288c7
d88c56a3
119f58a2
1f8f8c52
ccf7c6ac
ae946ee3
6468093a
8c7a44c3
339c7aa1
bf2c5305
5422806e
fe464fbd
91bebc4d
131beb92
ecff26fb
cf16adca
a3cb8f31
0070edfd
99b25b12
0e3a4464
4b9df4a5
a87f3ad5
448ba1a8
571b767b
0000006d
00000003
0000002a
00000006
00000064
00000004
00000020
00000020
00000440
00000020
00000000
00000000
55ee743c
e5cf6d99
5ffc45d2
62d7d6c8
52b2ebe7
674c8c78
313e4037
2c4d4385
df548770
022b158f
bec27a50
6429bc42
cb1af02e
9150f422
c46a7d53
94602070
c81a6bc3
b81d9430
85079568
e160dc72
ddfe42e6
9889f0ba
44a88507
5e21ef16
f85a9559
bb83de97
8097b400
f0cc8366
df102ed8
2b294498
c497adb9
0d2347cf
f023249a
efc5e994
3dfc8544
586179f7
b87f5100
da844356
980902b4
d8367b0b
aa26d927
4521697c
82b6a10d
5a8b38f0
dac60846
56aa9927
be4e88c8
f128d7b3
8eea64cc
5da6c6b0
3ac15423
faa5dcf2
be5885e7
d90aecab
e20a15de
e6e7c995
ab3ed7e6
b80786ea
009ecf86
6426d808
8fd65ca7
aa22ddf4
0b2f1e8d
975a2752
26f7417e
89fe8871
2d720070
4e6f1771
8b1b39e9
b605625b
5d41d87d
637ee223
c4dd54f8
31a7a060
39c9dfa4
e4eaec36
3aabeb48
118fe229
dd9eb308
da0040a3
680f9eb7
33ab261c
971d23da
06cdd67c
28fb836f
d66bc389
67a3a7dc
912286b7
cea9bf8a
d5dfe879
c682d1bd
7e2b4efa
cb29b0ce
98321364
5a2622b2
ae737462
aeee93b1
a592afbc
b25d4c94
d887135a
a46a1e43
46a0563b
3bfea8f0
2383adf1
b81871a1
94a0f272
791eac80
9c8bfea1
3eab4e7b
5e7d7ee4
70d6eef8
6acb5c4e
df2fd0b0
e7e71a95
ae3570f3
5f00a5db
a34526bd
542a360b
5d134a89
55f385d0
aa7c21af
95596d85
27fdc0f1
573f6595
b9093936
2f673c1e
b02a3b0a
c28a1263
92595790
e5b4392e
ff223944
ce23c070
15c71c3a
cf72c705
545ffd1a
fd32f490
b25ebb12
cc7f2751
315a647b
066c6457
0c6de71d
4e5c97e4
f553a31d
b466b971
541a1951
8b63434d
235fa513
049fdd38
c24de42e
a675ea44
eded315b
01a59c77
705bc4ce
473cb9f4
9dfcea26
e1a246e0
0314c9ee
a2f1676d
1334eb21
6bbd2304
97f4095f
8e700cb8
3377bf93
737cd57f
47be5fa5
0a2ee7eb
ad8b714c
21541a15
a0e60fbf
6cc61332
e2a12def
21523e67
eccff2b9
fa220c89
a4659437
eda11aa0
fbbe300b
fb88eea1
bbc9fe72
f491b5ec
85a5b0c8
7fcabcaf
55899ce7
ac27d590
c942cf13
ad05202b
57646432
ee4d27dd
1c80c693
eec2ee8b
23db439a
7fa073f2
ec83b9e0
e18d150e
9b9ed4f8
c1955b9f
2393e86b
1874a89f
bfc17d86
8d569ecb
dda58c69
e6e5fe70
1ed7daae
406919a7
faa19202
c6dd9eb3
6a41080d
15ee9854
8d49476a
db174b30
fa812eeb
ec67cce0
da7ba9e9
2dd796b1
b556ce3d
0b9a7fd2
1fa77835
b1c4479d
8b506f76
1d7b1544
2762f718
f286a39a
af5afe8f
a2e15afd
8c86a5e0
ba8045bc
f13bd261
fe430b41
4ab3ecc1
a4439d80
b068b8e9
46fadb9a
2bc1df4a
3094a29a
405b5130
6240341a
57a427ae
813b2178
8e2c1242
98196b40
395ea090
3d875b4b
a12cdeb2
9aa5b44f
88e9281f
00873828
5c1b36a7
3f71f831
5caa44ea
0819a938
bafd3e86
c9161887
daf05035
5bc50744
a0244066
e0010e88
34b8035c
f6fb2934
fda37251
3a66ef52
1ab932bf
a4c59d69
246cdf59
cd7c6d5b
4ca165ce
c20e93ac
64745a51
930b2af9
16a9fd67
955107b4
811df344
84ecc038
72821a02
562a8880
4a9e7378
21760124
0906b4bb
5dc8dbcd
469f6883
fa481c90
5162d7e8
1f672533
03fd3c5a
b4429871
90ff16c2
ccb11f83
bdfe95dd
c744382b
0000006e
00000003
0000002a
00000006
00000065
00000004
00000020
00000020
00000440
00000020
00000000
00000000
c6a0610c
f1b4d833
7d795163
9f6395c6
137433fd
7fac5a4d
44cb3143
73523160
14b1c06f
8fd9f602
68cb6ec9
3c23c0be
20f8bffe
bd414eb0
0dbda376
2f5f7d68
315dda08
4abefd03
3b40b787
353d0b28
6008c03e
2f654626
b8ad552a
c77a445d
f9633bad
4c518032
8f740446
ebdb1c9f
e7e5559d
a40a9cbf
636405e4
9ac2ece1
065eb3b9
09fa96fe
426e4bdc
2572c36f
d93f9d4a
696989d3
ecc147f9
0a57921f
36fffacc
6a979808
c088b01e
cf0af346
9147466b
4953e6b3
dd79c94e
3748f466
60337d49
796c3670
46ec9b2b
9d1d9415
a2556fb9
b37185a1
6dbbe24b
5d1695f8
66882cf5
c5353040
b35db615
129d8cc7
e6d99723
fc4d817e
6f77fbb5
ce916b7b
23739d84
8c2ae50f
f0e89767
3bd6c1c0
cc84a2da
fa3dacfc
ad7771c7
137d7b8c
0ae7b3c2
a16238a3
12117ae9
5ed65c40
ceaaba91
78db3c77
b0ee636b
ff55412b
a07b25d7
8f9b1509
b72424b6
6a1e6df3
ee0c8757
ce1429d5
267a3490
7fae308f
f0bc7c46
9f7afd4c
26285fa0
aed4b5f6
e91fbc0a
1d51c300
ec04af3d
b187adb9
76f79c98
f80dafcc
ec608a9b
eaf69534
22acf806
7c236979
cf90fa0e
7186aa77
2607bb80
f0217002
3edc7941
3463e5f8
09e2a96d
b44d3d34
e67d7280
18cb1c26
15d3ea9d
282bee02
efaeea52
e06d3d07
2818cd2d
4605cce7
7e11dbeb
cdfb8868
ff663fd3
e441e96c
d0a96caa
339b169e
33382fe4
e673331b
b75ae7d8
2328b937
e779df92
e0bf220e
1acf9787
2cb54655
51686f49
75e91d30
460efcdb
9dbbce5d
378ae0b7
f5ca78f7
003dbf79
5c07ca0e
8281242d
6e392e24
0639544a
0ec29c89
1b3c3f78
fc0892f6
cbb04a10
34f89597
1a4603dd
c8bf7579
79355fa5
2a713221
516d06ad
37a20391
869a0193
2040b2af
8410ad2e
c541bd83
ab9b4b42
cb4235a4
d3523f58
87a6c5da
67291008
3b61b27c
95a1869a
53b39c1e
dbf2ebe4
59e4a36b
5aab0677
7b11b580
c4331a60
2783a7bc
7080f3aa
427b8e33
9d315af2
9baac6fc
c81ab148
d100b981
af21d8f2
5b785c02
c2cc5a9c
0c33ed27
ef050cc6
7add6d5d
de7c0eab
b3471a5d
31cf8013
6b5eedd0
640e66b5
20d6f348
f02d4410
6f663f61
101cf568
4552a4c1
b10c8ebd
71841753
8ba92664
a0dc05fb
b389f4a9
ef861aeb
47e73cf4
858c9f18
52c28eab
ee2e0382
0c98c485
b04af939
8432c8ef
a5f73224
020d8d15
f6dcea7e
3c2d9e9e
41d16737
8906df6b
30f82f8c
015421ad
12088e38
0e724e8e
4be41dfb
14e7f859
e9ab9b48
6640a4a2
4758a0df
240cd48b
0b0ea0df
77216382
7270852f
f353f987
e0524476
24c05a1c
1e6761ed
6da7fb4d
a83f4285
d18e30ce
127bf69b
4ae9bd0d
753266c8
dbb829c0
3264685e
416ce1c4
2e70b66d
40f6b041
ab63d552
c1b57901
27f58b8d
b35c4354
85b48330
fdd96871
39d21b6f
a1ed3f03
69a44c40
e3adfef9
20c5e1c8
4c7c5438
f8f48a3b
4d579501
1c1a55ac
63575d9f
88360092
9b1df572
56be6bf8
4abfbd72
fdfe29d0
1ee35342
9fb1f194
fc4bd552
0ca10d3c
7ce15d8a
f46f4e80
2bce4dc1
e7b4dacb
ac7751a2
6ee30bf1
60249976
428d7bf1
90ff449c
e10adb99
d674c0c2
ffacaf75
9c427c1c
617c34b4
56bb277d
60ce9591
1da74b3e
1e5ac6fc
4f568cb1
98a94a83
21d1a211
72ce356c
0000006f
00000003
0000002a
00000006
00000066
00000004
00000020
00000020
00000440
00000020
00000000
00000000
c4daec16
554d5ae3
d70eb7d1
344a83f6
3203ec4d
7d2878ed
d61a723a
2cfeabb7
795472bc
d8b2f0d9
35740c0b
a5ef520c
b0c5554b
6a076758
96b5b366
45615933
0bc4ce8f
e00b736e
90e1f6b3
152a8cea
7e31d5e1
b5b6a01f
532788d9
b7a2b3fe
ed59ed72
7f96b553
8ed0b6f9
3337394f
f94b10f0
caa81961
0d712aff
1fddc485
79ed4e3b
a99ccf72
420f9ae2
1fcc3266
8350801b
35752d06
1bbc9712
6d60c9a6
24aba1f6
59007229
8edb1e2d
5e64468e
5a365ee0
4d20818c
2ead16ef
538a2bcc
ffa9fb51
6f93af36
2d2cae1b
1ae720ad
21fdf56f
6e758ebf
c81eed2b
86641549
62c77d9c
ba25836f
59d55baa
90519622
a1fcefbf
aa32fde3
fe42539c
25a41713
4ec610b8
c76c4484
35fa4b0f
2876e1de
4314ae4e
c0f795fb
1c4141e7
84c3f02d
bcaea6d9
d065e695
8c905ca4
8d62ca11
46582df6
61d3e137
9fcec932
f660b26b
b772b7a2
68cb06e5
b2f8efb0
6b8e6487
baf2ad84
30f0fd90
b2a3bb62
492d94aa
687c6789
c24c82aa
6e98813f
c703376b
5f67855e
c530a9f2
92dcebf7
a0c56657
b0db6e1b
8ae36294
7968e48d
ca469114
33c8ae92
14970310
e4db9204
5451bb2f
dbf4ec92
97de6864
18335afd
001aa3b0
4dc4fdca
0b33763f
b0009004
d4044d5e
f901f0d0
0e64d497
75abccdc
6d13ede0
c4584b65
a7a00d74
2fd36009
ce6672c4
1f6d6537
cad45ca7
4d28c50b
4cd12f20
42b5fdfe
1f306ebc
f70c9c7a
9e4bf124
e9206565
663a8abb
bcefce89
67ab2246
3fcaaf4d
922fa25a
802c6b65
89c9f6c3
87aa9711
3c2f2dae
227aee59
e2697943
dab294e1
c28bb20a
47c65a28
a32772af
a17c0021
a768196f
e329dd91
39c2f5a3
302f0ced
3e926408
aad6019b
47881df3
a106c075
92081796
2fb06d03
078a01a9
ac2dde24
736d8b78
1cb3fcff
227061e1
eb9d6ffb
be5218ab
7bb3b8ce
e13c6f03
9a8e84a5
bd668393
f5201069
205d894a
55f82c94
07d35ef5
d9f81053
915632fe
ee9b3ddf
ebbb4392
608f9ba7
39fade9f
333cb671
e68194d1
63eef07e
3e815c6c
4e90455e
2ad037ee
e0654e10
9c054678
adecd448
4d12bee9
6d249169
2c95008b
cdae434a
3d12011b
b713a959
2297f8fa
2d35f1cd
61d03b64
9ac01ab7
48974434
e885c618
6aadc7c7
46ac0207
04c9d144
567246e3
583d03c9
9c21f5e3
d33b4950
92f16c7b
39503bdd
fa11a0d3
33e07e51
6c10d6cf
0154ef32
cad82610
5ebdf159
675977bf
429d9855
dabbb752
f913ae9f
408b54ad
884548ad
68e42127
42c01185
e3ac191b
22d63832
63e461e4
b7d80887
f6ab7d8f
83ceb9a6
20d59b7b
d20ac296
efa51cb9
bb505d7d
1976d59f
e1a659a0
b89f7c52
e6655538
de9ec904
0fad7ac7
7ca750f2
3c14d743
a16417da
f4ecc078
06828ec5
4faeb471
4fbb6b5d
c594ee54
026f5bc8
6104808c
bd3f0d9f
508bb9cf
199faac7
fceb41ea
9c71b879
c466cb15
7ff6546d
f4a186b7
0ed35edd
074de60c
0bb3e092
b672794c
0fa110f6
2a147a7c
4a00a5a3
9fbae4c0
fa8286bf
b4f537eb
37731289
eb148645
500d77e8
5f41127f
dd7549df
bf39ce74
5505fce7
8fafacc6
8afe21eb
580971c6
bd80b9fe
8ef7485f
c6a51a1f
daa2286f
afd1ea87
25f549f6
febbec82
225aacd8
e46c971d
1e3a3a42
a3f61687
35b5165a
5a0b72b0
39c19417
00000070
00000003
0000002a
00000006
00000067
00000004
00000020
00000020
00000440
00000020
00000000
00000000
53e566f4
913b8e3e
5e5340b9
60b8ec86
c3549259
d5d8db11
e67a2600
f990232a
82f892fa
a54798e7
8395981d
91e29b28
2a278734
ed247bb4
86ebcde8
4e2a5834
b9fccb23
45cf5e9d
ac3b2bc4
51b8be9f
44097109
bf95e35a
f64f3cf2
d1cd7851
d9478737
c0c9f547
7860895a
1f5c3f77
260e8da6
8467158a
3ec94d95
f5bc2b15
e0ba07b6
21c6d0bc
0b434e8a
eb9df764
6bdd33fa
ec124ece
3b5799e3
ab390754
b3c76f0c
96f10c42
54d5aa55
de029619
1a7afb81
b1c5ab73
54b89713
72727fc4
65a46ae6
84503b55
410ec1f2
d349287b
ffc093ea
7b008618
8fe57db4
46ae32a0
a463a7f7
0cae95e0
f430a4d8
21b528b8
522b387d
08a44be5
08402394
e3cde37d
14fa229d
8abe71cf
e92372b7
06b202c2
c90bb621
7f61ee7b
a06b7d8c
27bc7cc0
94fecd5f
d4610347
356a8c09
2ee33d12
14443e9e
bafff23e
f74475ef
b084993c
e7912928
b2637691
21cd1005
3d672925
e2d804f5
1c7d8de0
be3944c1
01502c4e
61cd91c4
b8aabb79
dd916f76
b6b6b243
352c6b73
d41c8515
e945b10d
03920d39
a35ad83b
c20dd21d
bc23e007
14e7f68b
e50ed34a
c85e6fe6
0e63171f
8108380f
4d16c029
6a904a5e
e9e70d62
20364ecb
30a0f22d
4e8d1b29
61fb1864
8844843d
66bf77cd
6648b0e4
8bd796ca
e7060882
e15d4557
0e794cc3
c31f5d5e
b4d5562b
57f0c3ae
bbaf9013
f2aa9df2
681e52c8
60d8f1a9
b4631859
dd37ab79
2c6cb974
a372ed6c
fbbd7b5e
f8d05365
3280f0d9
b905e404
b0a7d43c
233991f8
4e51f888
6d8ab655
467e66c3
803391f5
9009ff6a
b56787f2
ff759ce4
ff31a54c
120274de
6b5d2d72
a7663bd4
bf564335
6931af1f
c158ed62
17b5a717
ad7b2d44
ef0f5624
330d0183
2d9f145f
4f9279a3
3f5e0662
15c13a05
c679b356
313e7e20
93b3ef07
54395d00
122f4982
c1a45e63
8047a0ef
56285e06
c30f38cc
4d29a9c6
7f6ad06b
a68f28b1
e607c0c4
339a49f8
e7028354
c8d619d8
fa5b2d98
3cb65c8f
a3d965e8
c5de99fe
026105ec
65075464
8a00a698
cdf11a26
9a5238e4
047ede76
f852a03f
8147973c
affda3a7
cc125abb
9e06ead8
c2431030
bc40a701
6105dc3b
8101db81
d1683ac6
088b5deb
eb3300a1
0ea91fc2
d00e11a9
1fade3af
4a6d5c86
745c2297
164dfa2e
3b9cb9ae
8f8f3465
b89d1498
5e73c8a0
828ebdf0
55141b03
be670c7b
6c8a6882
6527cc12
fce471c8
81c17b7d
b55d3615
5f715657
c35a9d57
0ddc3b0a
b6952fa0
8c446469
5d2471c3
ad955c78
7251bd3c
b4dcbbb5
638ca92a
92e031d6
67ee7a8f
1022a610
b61e956b
b2cbe9de
19a738c7
b39d8e0e
a8335f3a
9aae73c3
5c8724d4
40f383dc
2555ef30
fac0f768
07df58bb
14dacc8f
e1d92d21
7b4e1fd5
03c9c1b9
eec8ab30
f6e6c823
de34d3e8
92895d94
0b67cbe2
0017cfe6
f9fe2286
62bfc1a1
6490738b
38425407
052e55b6
721b2d5c
15712dc7
6c1a79ed
641fbb75
4f6b19ee
bde38772
9f49b23f
0447c676
8292faa1
71c84fbd
4589290f
87fa83c8
6559177d
ae254e0a
e3d066e7
4158e68d
cf9794ab
945616c4
a92d9a84
bfefae3e
b736fa78
3b1f3662
39a049c6
15390cbc
d54d0d6e
3c55ceef
c4cdfe67
2b3f4136
6b834745
05226504
b102a00d
2ebd4bb9
af44c976
c35443c8
5315e904
688a5692
00000071
00000003
0000002a
00000006
00000068
00000004
00000020
00000020
00000440
00000020
00000000
00000000
0c03e613
9b82af8a
43e410a7
5ef4b130
e7ee66d1
2126cd3a
1158eacf
67af759d
d43e14ff
1351e10e
91f83914
6ffee93f
bf5160f7
52908397
dbee12bb
9fd496c2
a9ba681f
1de89950
66fefda7
41c7a694
9f59acb5
cb819396
2338e718
9b2e284d
2c9831c2
367e8276
5c1564d9
68537c52
a733ebfc
563f045e
d2fb4307
d556d558
b16c334d
9584417a
e678a521
5a7ee857
fad68018
bccd53b7
b3a40df5
ae4f461f
1e324d82
9ac49453
64b8503d
df5f753d
e4f33051
a5eb2acc
4b414337
b646541f
4c63562a
02443e2e
2bb68980
401c3d70
1236a95c
31f14603
3aaaf6c9
282f738e
4e972bd8
f0d8c81f
856260d2
ed709564
a9fa9175
abbd4b47
7406f4f8
a7be9b7b
65619b99
e3643a48
8f9d1ea4
b5fa35ed
f5bf107d
abf21277
9545dcbc
d83d1064
304b9fde
02b4e3c9
d1a16b94
0053313a
2bb19d00
dfd84d66
e4ff1d95
be41145a
e9b93619
5c01d433
5f3f790a
a4ce1f3d
cbc83510
f847ba7b
8cb25dd9
8ade6ce0
de2658d3
ecbc94ba
3d777e20
b5f9725c
40f89d58
153c07ee
3dd7cb02
15b4226b
9e4f79a4
489539e9
87f3b9c9
0cff0348
40224aec
bd97b12c
1b53947b
aab7da09
af4347a9
865c68e6
4bcfca78
b339e27c
a3e22ad2
d2204ab1
bac13cff
d462c37e
1d5ce7dd
930237cf
e0d4505a
0150226d
692b9d53
2429c493
374d98e2
5c792829
e58ea204
56e0c620
dd412d7c
9f4e80d3
1954ad1c
dc5c4c49
88643063
ffdbda6a
6ca1fd67
0f4c0296
72c7e747
37f8f635
a873da91
f0d6efb3
826811d3
72c81665
b024b137
13468a7a
9f37936e
77a6666f
0d433e8e
ff996d44
b3e6a628
b931cc76
3d276ed4
1e37ebc1
1de1d5c7
5ce0568a
bb09a6a6
2879013e
a8a8d8fe
f2b43f39
842c1d1a
cbeaf514
b9b5d8b9
9e6d0fcc
554a32d5
4accf7a1
11784a78
cd0c2c90
9c190510
bf3c4d3f
59e3ab8f
64de957a
9c213b7e
7e6505f6
dc5e3247
014886c9
21adaa70
34e2f493
1b20ea06
0f3d2122
5caa30de
ebef24c3
b8faee4c
93ac959d
23088210
c4b3ab80
3cdf7535
7fe654c4
6a1afc7f
8cdef674
b0aa3db5
241f1d72
1d40bc05
616dd5c9
5486cb6f
31fb555b
f9715171
4c44a7fd
547602e3
e28822f3
ac761baa
8f2e61de
831136ef
910f3d1c
1bb91a07
3a39cabe
6a36fb19
9d36349f
67015f44
8087d020
b8c3cd90
a285f900
fb60a156
09d7f2fb
e5808972
d5bd3b12
5c554cda
04219656
d665fac8
8bf28f52
925c0c02
c4e058c4
83008c4a
d5a16753
e18fa8c1
ad3ee3f4
90cb9978
1a2bfe07
cd71f315
5784cdfa
3e5b22b7
74030cfc
f322f7f5
de655fd3
51b495d0
bbf4deed
9c7e2fd5
c50c805e
51b4822b
7c2a10c9
36136020
4a37263c
b3596c1f
297191b5
82a1080a
a8c3497b
ce4cf3f1
7748ddbf
feb06a23
2f7bbd01
4a5ce697
b44f8441
5c34e905
5061916a
4e7374f0
a1ab51a5
f2af91d7
393e9db4
9ac7edb2
ff2a01df
529fa54b
7b82a4a4
2ec4033f
76903658
4c18b099
014ab12c
4d19c4d7
dfa010d7
3d345b85
06980978
bc6d86ff
c20f3fa6
b5973df8
cd92ae93
ee5ed7e1
5b29e9d2
79512217
11f18a66
0398dadd
e25a00e1
3e83b433
6afafc6d
6653736f
524c913a
0b1f909b
aaef717d
2eb3d790
c08dd7b4
8fe8fc3d
e20f257d
705404e3
6325860d
891c8a3a
0c38d3ea
0954e998
8b01df60
00000072
00000003
0000002a
00000006
00000069
00000004
00000020
00000020
00000440
00000020
00000000
00000000
517aa12d
43cf1c94
4d7d0ff2
c16e04e8
b46e76db
96769050
5470f9a2
04c2578a
78d3da66
9bd828da
a6bf44a6
02e2b090
18a020ac
0109cd9d
6d7a541a
b28775b8
a9cc3729
22279999
d3e11f37
fe90ceff
e7d3f833
875e7c68
f8d14735
89392544
1bdbe111
6ba68980
bf769a45
17a82427
70b5a5d5
e8119620
a809dbca
3a6a7125
5d04d266
e4ce9af3
aa2278c0
63af3ae8
80c4a4a5
4b3f96ea
20800316
aa81288e
4eb0878c
7664601a
5ce23679
32ecb0ce
b4673664
6c250dcd
9c410a16
05f54b99
9f94e4a0
0c35bccc
363d22ef
35785e49
e66d0771
140ce241
d306e088
e115a85d
2992fd57
2ab89aff
c4fc4d17
49d1adf7
42af6264
fdebfc75
5a221175
8d30bc09
daf504aa
9aa4cbc0
1c47cea5
cdf08990
3a359527
c5e9c2e9
01e08a77
34a3fa64
b3ebca19
43b063a2
55aec04f
8413a770
e349c22a
90819179
03bc0d8c
6afdd197
c81c0954
a2c5b0b2
80eaec88
b5ef6913
434d4572
e8bf7694
7023dd92
a9aa7389
0aef4d2e
82af0f8b
0f65b73a
451af62b
a9225b4e
32bcbecb
facd4a5e
741975dd
22c7409d
d6ba085f
2373d557
6716f30e
72df4736
d8cb6359
3c603bac
3aa13381
9c091c91
486c3bbf
6ea54b94
eab979ee
065ece66
9b9b5203
ba56d118
c97526c8
596a86ee
4f3f478c
3d390cae
9f1b2f83
42c775ad
135a7b18
cb4a437d
78da9005
0612af8d
7953f71f
dd70e981
d1e79ad2
f37c849e
40347089
15b88fb4
bc057d96
18410bef
67b7df50
0c1cb74f
09547322
5890304f
673af386
3d4c4854
b0a7d56f
20bcd0e1
728b8632
ce8f3c71
6c0ba923
a9ff1690
9c38d3d8
011df914
36932f17
14c15139
8b99dbae
daa349ef
68496711
ceed970d
b2938d9a
7b999225
e1b942af
0372b34d
87759f14
a316608d
6225ae9f
e68d6353
bbf2a870
1211c314
a72ac684
e88fd056
dfb13193
00466d0c
913c7b69
67639b5e
d79e0937
ab38e7c7
62c21007
9538d5dd
e0b104e9
c31ad0b2
b65ec342
664ee101
6f4c2cdc
2a852a3a
8043241f
1c4e3ac9
9526771b
fed941d2
672d69bb
9421134f
807f2c31
9a9fb3ca
eedfda44
89f98313
dedd5f8d
38dcf165
9a89dffd
8825002b
7f77aad8
ec137484
dc7d3af5
8b2dafd5
f069bbb6
b8f6db07
9ce76432
47b02b1a
ceaaa321
30cbab1a
474990e6
9381c2e6
855ba190
b10bed0e
6b10820e
5a0f49b2
79a7f129
c28174bb
c79232c0
56a737c8
4c09515c
0e8e72c5
de7c60a4
d48575ae
ff4728ea
6477b8a2
2560c3ad
45f49a02
cac9e124
23ea646b
dbb34660
5c6b3dfc
187a2f46
c6bf6fb6
c32703cf
e6fb9955
85c0e1d5
aa3c1981
9c4d541f
db04dcf6
5d8d9a29
7905751b
5723b299
6adc7b2a
f153f67a
7d35f9c6
280f2664
f33eb88d
fcab4d66
806effae
bd23b84e
f7dc5df8
a9480ad1
24e9dd4b
4ac4742c
023fd891
2c1f194f
5e1367d0
2fcc9c72
e55b0a40
efd34a27
7d04a2d6
51bddf96
610c5be0
34d628a9
9f0d60da
ca99d9ea
45e8f010
209657db
97b40df4
21624cb5
ffeced4d
b399e337
f5b4b4af
dc751bd9
934b64e2
68917107
0513e107
edd57907
aa29f6f8
bc8566de
15f4d0ff
f6b3424b
a4d59d8a
db51e063
d2afea98
a6bf76b3
cfcb4c69
5f0a81d4
4cce931a
a6f4ab11
973518aa
d48568e7
43b5a333
5093ae82
49e00527
bbd9dd6c
ddb48d13
76b0eb0d
00000073
00000003
0000002a
00000007
0000006a
00000003
00000960
00000440
00000000
00000020
00000000
00000000
9624e825
33628ef1
5c5c3930
e76cf292
41fe35b7
2c2841cd
ed568b18
1cd68a20
a8b32a24
2cab36c9
464c2ba2
a35c3623
7ccae523
29afa713
d00b0ea6
7882409a
e1d61f45
332c3237
4911bb8c
c42aad45
bda7c1aa
8fa03a34
a19f5e94
6f51cbca
7b810ce8
d7a7b3c8
b411c3bc
a44517cb
e68d9258
7904d142
480ae94c
6be135b3
7009703d
2ba6ac7e
dccd2b61
3e6512a9
e772f02f
11fbb116
8d935b7a
9695e22c
213db3aa
cc779bc9
471e2c3a
274c9d68
4a71cd26
f8228233
d89f4cb7
14c1e08c
1c07dba7
1cb0ccb5
1088e959
8d29b13c
f8c67706
41f51942
f68b39dd
99845202
3da60096
bbce790d
f049066c
bacc1d73
a16b8b0e
bba488e4
b328b962
a1af3c1d
b64e316a
0eb35057
f02d89c9
ea0d50a8
bdb33838
9dc4502b
017a08ea
1d76d337
3b16d1e4
2886a0d1
40953d64
e96cfcd3
b3000b29
910327a3
1d0adae7
f688258b
5f0a8faa
800a8b8e
99d31a27
3c453c09
8d025277
f8ae3a03
629cf7a9
1e7d324f
f20f12d8
ac0a2144
29660b7d
dcfe68d3
b2d8f878
b48a332b
465e09d5
c8c1e591
0985d498
9a0c0cc2
ae5a4338
c12749cb
09750569
bf508832
970c1aaa
dcc41686
7eb73f78
c434c40e
c74986b3
24d04ac7
90cc77f0
838e5434
34e25818
93ca9bc8
10e2a607
a47ac274
bdba3566
672256a6
ccfb6ece
4a107077
9449bf5b
0f2834a3
5dcee7e7
a2a53f07
1673a032
7d4fc60c
7136a523
6073dda5
8e99eccc
0aaf8181
56147291
d862e65c
0ccd13b4
4c5c5249
334cf279
489725a4
6dd3cf93
fb6f061c
78117585
b6ca2d74
012689c8
4b03ce69
8f597c4c
1c319bd2
c8273e49
49a8f311
d51f940b
5a897ff6
a0e152ba
68bb73d8
47c30596
96d714cd
c72bf909
4aaf3ba8
6b53cacb
768bb7a7
1c78c535
6b3899c4
255663a0
c8cf0e85
b2429788
966c2bd9
2554ab6b
35f8aa66
c64cd8ed
5b3b68e2
3e5c1e37
c9952b0a
20bb3f72
2224fec2
3fc6e264
17779767
4d66d399
2455b791
514ecdb9
94e1a45c
fdb8699d
9c755f69
93a9fd8e
b229f252
9b690e4a
9702ef8a
d539e1f8
46832e99
23bb8bb8
6d77a760
59d2af76
51a17463
e2a6976d
586dc183
16757dc7
c42e0113
dbb820c0
8808f79e
ca79c9ee
97454b95
1a269692
658c4b0a
83186b54
6e49a777
ae7f181a
64893727
8b01e629
81ce5368
a75c7fd7
31142a36
23a78ad5
cafdb487
acd4f7b6
6e089680
428b6bdb
a5e8d7ba
60bf42b8
96dd9bba
859b58ce
64c5e6ff
0cc24ceb
53b68359
0abf644a
e0e0346c
93a62f54
781bac71
196bb387
74310d24
2632d2b3
8b454049
b770700f
1487fa6f
5a5175cc
0ce6cece
5f64f330
334772b7
0979a82f
3120e36f
c52bc650
24b40ca5
c57403b7
6664484c
5df47325
cd807975
c4766125
5db0736a
e641b7a1
94659331
44c70412
b16baa3c
2a4c4822
c20ab3a2
f199b477
9a5a6ea1
8cd12ec8
5881a61f
34ccc114
22c27845
25cdc146
a5e016a7
8655cda8
74c81a59
f3df3f49
8e694ac3
212e3678
1843aaf6
53ea7f0c
8a9a2092
247f1052
7c946511
03632961
348b4a6c
32a8a898
78b703c9
87a58741
64e90677
2c929616
a0f7c7a5
37c639b4
7f3869d5
56a074cc
b595ac50
195af6ec
4c8b95e3
4b65b116
0fa006a2
c9b2b2a9
18e43777
99083bc6
43148818
abc08cca
7db9d876
330c1e74
84c28358
9e4fda29
20125703
584ab475
78467140
1244aee2
b418453e
4b8da35a
12492c49
17c9beb9
a57a7601
a1522873
33a3a61e
ff437690
f95c6ac2
3e9c1100
0a5d73c3
249466b1
bb4ab88b
70bd57a5
d5b83b83
491194a9
dbae519b
06d6a91b
1cb9c953
1f3833ee
9b162942
a8d53622
c644f462
155a761a
5ed7e299
3477e13f
e4b7c5e7
6016409c
fc1af2d6
ea1a6355
cba37c88
988db30a
8590b099
b3230157
9c5b895b
c10c5850
b1730235
ca90f3c9
506f25f9
893b9d8a
acca2577
352cafba
414cbc94
905a531b
a5022fa9
c06b4d39
a50e67c1
98956f18
03a0150b
4fcf04e4
446369d1
08954e6e
49404ce2
2be6a316
96e5d50b
ad99ea1f
ebbea320
8044e480
5f52f3a6
e6fd37bb
c4a3f21f
ecc30472
6b4bb998
50329089
7a3a46f8
ad005a55
2a2ab257
4c1c2385
254d9cc3
900997c5
3a5d4190
18609581
7f292b53
0307864a
229d3f65
8c5ccd69
0eca45b7
d9797985
2dd2e740
2011d611
873872d1
1e993624
ca906668
c5dcc736
47c71a0f
3e05ea71
9cef9449
c26b84ae
0420b376
b08e8ca5
0267a80b
d88dd159
421cb6d3
9534cf8d
94260897
40151f4a
32764e2f
ffb35cd4
66ac6650
1410eb23
49213b99
91db8db3
76878084
1b02fc55
d5351a5b
a5077869
93b1d1df
97f055bc
325087a7
b44153db
80695580
3327eb4d
f7b500be
db766551
08297fc4
d6a0633f
a3b5a565
ade51a58
dd87c996
5c3a71e9
795b717e
391ab395
dc35b937
1baa934c
b50f84a7
b0c772d9
0ec2b740
f0b00aff
9adbb792
c9d552bb
e6c25711
e4f99793
00932727
b44e44b1
56471a94
0459033c
37b20ab9
4679c482
0c29a13d
6458b9e1
acc65e4b
5082a7b8
13b8d498
f63f5358
9b88f327
8d9e6c65
1787cd6c
c96a5b16
45260479
fb519c59
aad4570a
8652ca93
90a1ae4c
a462e7ad
3c806a73
f86a5293
4d9c49b1
017861bf
f7a0aae6
85c40432
3f2e21de
899298a8
92f200bf
b1ad628d
d7b24a69
aba6442c
588f2573
f05eb25b
cb16ae63
6b777a47
25ebb6c0
293986c1
f1a18529
3370ae90
9d09de8b
c1c4678e
868ea2bc
37606d9b
d1647c75
c4f09d97
c100e14d
aa6b22b3
8ca01e18
87007fa9
b079b7f9
db40af4a
49a4642f
2b1f8b22
acdb12db
b6c0c1a4
c54c830f
07d757a8
5feac124
609e189c
240188b4
85e67361
c632451e
91d9821c
77d6d0a4
579842f9
5764608b
9318dd50
94be877d
794483b0
17d80e71
1b827682
e0a38063
4906d691
d430322e
04d33528
ce04ac0a
199cf7f5
45db9015
33bb0408
818547d1
145c6f73
7e50de45
e94aeb35
8a0facbc
bd815438
b712364c
dcb028bb
56d6ed56
c3a3fa52
15a67af5
48eb6db6
f1adf4cc
13169d94
6210b280
02525a5c
a2c4cc86
c7a69846
0438e7b6
70c19cfc
bba4b433
36ce36f8
1ce47908
c8cac1b7
521549e0
975a46da
b23850bf
985a6adc
78288fd5
c6dc0559
cc033164
37656eab
cd9a8a2f
568557e9
28a544d0
80893d13
6a9d3234
a2b087b8
01a1e287
a0140b59
d34f5a12
c9576d7a
1919361c
b2712842
74c53b65
a7973c63
29b067a6
60c9d578
232262a3
05d265b1
c395bdb5
60ac83a6
83516d84
0b129e56
1b99a130
0ad1b463
70f26cb8
f24a6358
352c16aa
4ba9ab04
d8634800
3cfd2827
00e83f72
c5c3626f
aa75c582
6fd36cae
942422e7
ca183af7
2630b9a3
b7abcb67
fbdb6af8
e7254261
2749f9db
8295784d
7b4989cc
7c7ccfdb
e1028047
589949b3
7899f9fe
917429a4
10240b18
1fda7db0
fd805577
80be6ad9
586e4df9
547d93b7
2851a888
3054e43f
8f686444
4aa838fb
8a2fffaa
a238ead4
9218e57d
147a1f39
0564d714
d82e2340
eb6aff0f
df84bee8
e5c92c12
d71ef26d
6adc8c22
74059617
4a604979
cff86f5e
6ea98cc5
c994dbcb
91045a45
7c94e49a
a0ed4e0f
ab2ae979
9252185d
c06b5677
9ac0f908
2d7ed68b
a51e95c4
3ae65147
f85a2c44
f0e95421
a7f68228
ca68dfee
3aee6e78
ef38f60b
426a8461
c6ce5d5d
37fa0a25
da2edfdc
1885330c
1f90f12c
184bd80f
1b14a45b
de8534c9
65992bde
74a18f98
984fa9a7
97c9529f
b7dd2390
86c08624
d0e95624
d6199956
8e07ee97
a57d6d1a
872d38ff
3ea61e98
f2f4e44e
e50c9de7
b2841b29
1fb255ea
ff9d4745
f3c633c6
902ba5f3
55bd36d1
0c98f7b7
75ae1a14
3b6d1ef1
664c239f
6c52d95f
9e784ff6
a3ef311f
85b30324
db7a6c80
510cf6bd
ef3f1b60
f4a4f1f4
879f9bb3
7871728e
5a717ef8
b30f62d7
59422524
4026bd4b
6b4e7b5a
a3b44b78
cf230bb3
c400a9fc
200a50e2
a51c7b9b
0e554bd1
c23cdd46
1823d05a
495f3321
12614443
773306d2
140a0c95
88ee71e9
25a07d01
93dc7bcf
1a74eb66
b45cdbd0
f56b8488
9591b442
bbb47efd
98894455
fea5634f
17ba633f
e9bf47f5
b3f65c3f
db7c84db
2c2b5afa
d05334cd
1afbf389
7df785cf
29fc6eb2
66430957
9bdbeb2c
6f00ca93
bbe6b3cd
597c11f0
796fb3c4
ef8990c9
447be280
bc9b7b97
4796c5cf
8703e87f
e5195380
8107f9b0
7e5259b9
7d5da52f
495f7046
13cb63d4
99946aac
579ad4ff
d767e017
2a0435bb
a84b9d6d
b22ff90d
22b26f8d
2a48f3ec
af809838
092d9b32
019a7397
3a423d81
da38c6ba
b2d70715
a2ea73ce
c1df4399
6a7a955b
c5adddb6
a19e3e7f
4543848b
8bade441
c6554a40
208dc3db
a4208667
f5c8f199
33bc5f33
40079688
77d8a7fd
01395ffc
dc700645
d8d37c02
01745a18
d80d4b92
a5fed6e5
ebda82ae
b59f69e2
708d84f6
d1da0a53
d002fae1
7a414d11
e55cc703
7a2c97f6
d00f2737
271cbb9f
f3f67a0b
3242575f
4632d2bb
0b20e99f
8054742b
36b51de0
9af3c96b
e510c631
8e69a1e6
bd9a66a3
7b737f69
de0406ae
9c6ec4d5
a9c40341
81d33e1b
14be615e
665c0858
33757051
f2951ad4
831462f9
1da80152
6543f67c
ea49fc49
16136389
cbc09217
11edfb02
c56d785e
a18206ce
a18230e8
97f99979
02b9ebc3
3c68af6a
7eb977c8
877b6596
bb8b44c5
d844e27b
c1e45c4a
b31a97a6
182b98e8
e23b43c1
337a3246
293fc6c3
a1675fca
8bcb1b7c
73b4661d
e89c23a5
7508b1c8
0ab2504e
5907f925
9532b519
5430591c
48e03cfe
6c22e500
4d38a643
dd5a7275
62f6125c
9821b92d
e96478d2
33a0ec8d
acb2dcd9
c4899683
165bdc70
e23ba3bd
3728fb6d
2de2a61f
23dcf447
ed832755
1d5b3466
d22a2f1a
2124b145
b2e39c66
a6ba3f22
c0fe3c4e
d081b9bc
20bd63e8
2af1e660
943c5c30
41402463
7859f0c7
cfc1d748
6a40249b
25265665
1a8fcd7b
26f6756d
78c7a0ce
5711a0f6
fa124fb4
c7c0a2f3
d2c5ba2f
cacff320
bc5979ec
4200fff9
b79a8d83
0c91d66c
6df43795
9bbdf34d
a2501c0d
490321bc
2eb8b0a8
d6e89536
9c2997a6
d655ba7f
ec5defef
00000074
00000003
0000002a
00000007
0000006b
00000003
00000960
00000440
00000000
00000020
00000000
00000000
f3cc4447
a09157f4
4f74a898
467749c5
376b7f1a
6865a8cc
03632188
e6cc92c7
a326e153
d686e495
bc8206a0
1b0c60a5
a5bad249
b4194662
4ba00052
ca56e300
c3916389
97362a5e
23c92cf7
6c924028
aeec7f2f
2a5ffb10
4b544740
4a5b1405
e7a944f0
709a4c86
a8631048
b7066538
f9ab323a
02fa9c20
7e4f5894
2ba492d5
4b87d84d
e64c1b97
0c54b866
5f4abe94
1ba2c346
6c048f34
91e35712
19871187
06a1c501
2dcaf944
6f9e52c9
1bb4a650
5e6cb27c
cfc2f736
aac2cfac
bc6942b2
ee029402
54e73aa4
ce01eb6f
dc5ac0c9
d6ef00a9
2197f29d
47a5dbcb
039eb888
b31acf13
4660078d
1a8f93a9
79899078
e629ecc4
c5fb84ec
a6601c4e
7b7425b3
27973d68
a3723e90
ffc03ce9
8c415bbc
48d4a4b1
79725a16
bc580060
911a0365
d25eba3a
547cbc52
bb09e562
c58ef39e
bae4c2f9
6cb9d5ca
60515ae1
19d35c2a
26f42fcf
4e97bbb2
99679ab4
5a0b322c
c64f8494
b3608d97
c27052c3
f139b8f6
0a0a90a5
81f40caa
7f62a1c3
d40e6db4
9ce638ba
0ca9a42b
e4435ee6
1608c23c
b4078407
494a7c88
47c6fb6c
ce747c90
c1eba3ca
a79affa8
2510513a
e1dd1560
5a885e8e
b64ea110
ea3b8e19
9638b95a
82a5919c
6a1545b7
aa2748cb
e58016bf
281e4b2c
8a33d28a
91bcc542
dc4bb5aa
92c09c06
46c9a627
74416fe0
01b3fd6d
0e5dc7ca
62c567a8
a7fbf662
3e2d7531
980f9fa4
bfc8c17e
11341639
51ea665b
76050870
3d51489d
d68f3511
9ea0c0bd
ef662ad7
c0086695
1c7157cd
28b0b764
03675a9c
02fb173f
d6b36b97
736d0d17
adbacecf
fd7a6b8a
ea04c2c4
7a1a786a
f8879b5e
b677a571
bf621e8d
6195d9fb
f4aaa49c
2b0a1fa7
febb199a
9294b079
18865e91
97cd5b37
82c665c2
8efbf399
6e304109
e5479d5a
57676a25
229104f2
0920312b
a11aac2f
b5536b0b
723531c7
3900903a
9582c3e3
ea60063b
70da8cb5
ec60d44d
c43b2434
ac3c1acf
1f0a32ca
ab9dc671
2c503fb3
47c59419
5a1c0da1
0c28327e
bd665743
c13009ba
79d840c1
6a54bb96
d5285b87
2e546eba
9543a74f
1305a672
0cd56a21
02a2e89f
868d760b
1795cc3f
02a74a53
d341bd60
0e1a253b
22cfd616
76649dd0
255ae396
429fa34f
32185eda
046bb17f
6c2519e7
f48b8ab9
75e230ce
ed5e4027
4a993fc0
8b57d794
3279165d
1aa4041b
c794e979
5f8a46a8
8b4d5098
3bda590c
574a34ab
167c1e96
4d44b12b
39791800
43a697b0
a5a4f04b
612af6f0
b2029358
1e6ad6a9
8a4e39ec
119221b4
12e3c664
be08f969
dc569b10
739ac739
0fa375f8
ba8c74b3
8e731905
65b0a6ef
2918bc43
9b0b1f49
0b121475
f3550464
a3165dc0
613fe521
f3d63193
76417e63
f78d51cb
72a2a903
bd86ef0b
2f29f029
071549b7
415cd0ba
4781f35d
66b9780b
c7f3cda1
883c662c
d87cce36
bbab723a
6705414f
e9ceb18a
a41615cf
bf07c71c
871956f7
641ad82e
d94753ca
f1d71ff8
6b7b280c
19c26051
5ca378e5
265201c4
796273f0
f3b2a796
a307e68c
b9628785
4bc97db9
6cb05864
9a0bb095
e46c72d7
8166976a
cf9f7b45
b1d7cf3b
0b936f90
8a73a86b
2aa931d7
00ca19a1
c0b4212f
c3b0bd67
cc03ce1c
db8d828d
3a84acac
432545c8
764fc7c0
67530844
aa30c522
fabbc9f5
d6e00d32
0854c307
6f8ba167
5b0c5f0a
455695a3
7a69c43f
5a1fb268
0222b977
f8c6c752
43a2ad54
b32b5c58
9b86acff
8587649a
4dc75753
a0a5f7ba
46946634
6e334a02
563039a8
bae84de5
a54b82b8
cbc9f182
f5024d11
7fe26a7a
784ae6d7
17ed8293
1815e74a
c220b729
5869855a
73c1916c
8c9d3124
192756d9
28fc054a
52c5e5f6
a6736623
c555402a
ff2c3bda
1ce2ad96
caf8fea5
4ec22014
93025489
09211c79
b1b1f6ed
25e3a167
6494848c
ebbcc023
b3283fda
9a6a3baa
67b58cab
637e0a0a
b895a173
bd61a79d
47524ca2
b2d7c373
e58b983c
94b10b14
95f178bb
9e6f2a91
23f6994c
cef169ba
bc5d97da
c776cd00
3f871f59
709adc5a
bb608aa5
a53b1314
a676f53e
d4ad2cb8
4eb8b3b2
3d66f798
676f7e83
62ea7116
ba195ced
e25d9c6c
7878f93b
b3094cb0
136bbc31
a723b6b1
2ba6aad4
38340030
b363da04
d6726890
422d9fa3
cec75441
afc275a3
96170727
185aa329
d3a648e8
215592b3
90e43da9
9665d307
f65441b5
8439554d
3f1a564e
881f51ec
bd352e01
d9a79c6a
07a9a2b8
c91c8391
10aed988
033e3f4c
694c7197
9392e777
43a630eb
9410a80c
694889cb
116f60db
650ceb3c
f28f7451
bcf35fdc
c5a40d13
1278e420
b2a67769
c9207aab
988c12d0
84276df6
cea33403
0abdc764
59b23aa7
07c8bf9f
d4971727
48d10953
5a60ae76
ccbbc33c
e2c810ab
44787a7b
7b94eb25
297c70d5
64b77e69
c738173c
4bb04722
8f585e60
0c65c77f
b9469ca5
9516c8c5
3931e47b
72431735
7f6c996e
2761f53f
4afd3195
12a08ccd
f66d0a7d
7cf5a278
4779a9c1
2f10ca5d
945a59b3
4585468d
840e1310
052a3c07
75641435
4e2dc909
744a6644
c90b66b9
eb0f383a
162bcf53
cd8482a0
73084ceb
0b105fea
41c3d3ca
2940377b
d7a8b518
6f381301
8457a445
d7f59e94
ce205b44
802c55c4
12af51ab
07aa9010
96ca148a
25679b8a
56572e8d
5a1283aa
53bba4b0
bb79fbb0
be7a12ac
e0ca75c3
52f5ce70
4793f4fb
43c96482
28bad756
b4a72ce3
14b2a597
be500b7d
73194374
47d3acd2
77254639
6a603cce
e46d4c8b
aa620180
4cba9b8e
c15584a8
ae06fc7a
1b86b7ec
99ff02b4
21f376ca
2e8b73a9
d3f61ed0
c5bace0a
0ec58ca0
f783bfc3
3179449a
66ab6a3b
e8478858
63f09a5a
7185727d
3284813c
78b3de41
695d1835
b3b74dc7
84dba6b2
9ab212a7
9c6a6e13
1d9b3c65
0ca16348
8291c7d2
a2b671c4
dfb0bb1e
416e73f8
c374a536
3202d0ad
2aca6b00
1a44870f
aa130215
b663b5b8
3f87953c
9a0545f4
a1841dd5
b90cc8b0
e082bc26
8051bdaa
4587f21d
8120a651
db45785a
82d882cc
07392022
66316983
8939a4aa
b22330c3
57595462
38bc0c8f
0d3f8926
571f44e8
270b7415
818d8130
9170ba8b
85c4d2a6
272cf4ed
519aa451
ba81c38d
8c29eb2c
97350b44
63d5c59a
702de053
6803738b
04560c0c
4e3f6b1d
16069bb7
23f9b267
df4e10da
bb1d6d0a
9f9be68d
0d16056c
03c54a9b
50e9e6a1
5c2079a5
f600bb78
9110b1a3
c7cc0534
f7e815d6
2cf4856b
452aa751
bb6018e6
c8033b8a
dfb7fc97
a87972f0
5b9bf06b
8dc4b7b0
f8e31324
6ee6a893
461697e0
e8e12605
0390e39c
2b92635f
c9105875
c0a4c995
66b90541
a0c84ad8
53f2e231
5756b33f
eae08360
42daf9b9
58418ca8
65fd37d5
2aeeb39e
ce7715f3
31d5106e
219d11eb
7a02d7be
75b8f3c3
e64f3e3d
6597d41b
a10fd6e5
19116541
8f3d68f8
fe74b6d0
015f971f
2f185529
1b80c3b2
7f025e38
16fcbdc6
0ce3c4ca
a1029908
d54c6e14
9a2e2ab7
2a4717c2
cbc3a501
c4c67f2e
e8b34975
bf24d7be
d980b43c
179c1733
932a2517
56a457c9
f36b4d50
e1d4115a
7c24b68d
cb11beb8
1c1ecfa4
c2f18767
97fad0cb
1395bcda
07cf6183
e0c6ac68
0cc92738
1a2b4c76
0922f6ef
52661945
d258c1a3
5d42ef6c
2d382fc7
bc0b4e36
a2cfeb33
000d993b
7e8b71cf
32d92bad
0b0620a5
b4a077d3
921ce485
6644d46a
f0fb226d
2c9aa731
48d75dd7
3873dbbb
309d1e87
adfedd11
d4f1ae34
5853dab7
b8f1485a
d6ff6e99
ba921708
42f79571
a71313e1
8db3399f
95afe03c
5e7cb1df
3f77e733
f7e99a7d
35c19ec8
637efcc1
3ecfa672
05d74789
068af903
dc662627
3497fabe
2532c527
0f607ed2
e34a819c
d2149bdb
2a6e9b83
b12f7d7f
27333f07
18e55cda
91ed29a6
51e3ef96
e776f2fd
ac3c02f4
fd7e9400
0b5db45a
133b2d1e
1c842c9c
2cfb6132
1cef725e
478694a2
7614db59
6c43c791
56935717
9d1bfb2b
03707453
3914e2ff
e8f961e2
41a315bd
ecb3b047
92fea27e
c6d7f629
0e519576
a1b6a75a
95914061
6e523cfe
8ec917e1
a9c1f264
781eac2c
e2494972
5c1b8507
118e1626
2649e727
2526f20c
419fc6c1
5eb06d5b
f2a2c1a5
828b7ab6
3b9c4e00
2fa39ef8
59796a3e
36dc1003
099dcbbe
a9932445
3ad70127
293d2b90
4ea06400
6c0c944d
b7c91823
75a7ed64
ecf8f495
5330c9cd
e8f9986e
d9e8d702
bdbfab6e
c57ee584
7d990d0a
e5449d4f
d600946f
f0d90158
f0084ded
81dc2cf1
1f257d78
cbd4ed22
0966331e
c69f7828
a9b0be04
03baad7e
84f55687
0d8b85e9
8b12b52e
47c655c2
96c5792c
74d555c9
d24ef4f6
8f252624
e82b02f4
244edcc1
98fd1693
27f3f26f
0ee5990b
b6277b7e
5e4e22b5
191b4f0a
fb3ba6e0
91b6017b
f8b3c8d6
5eb31a75
e6e125ac
2b1efbf5
6f35d299
0767e987
fa208c27
8cc5c753
d0f8bb7b
6ace1551
331bffb1
986aeb02
0fd598fe
bcac7e6d
17efe299
6a22345b
3b9ec736
e2c40641
b7f3a76c
9abead86
8af2b787
065b5bff
e4b7264e
6601cd29
a53be9b1
a91cea6b
3a6201dc
47fde517
2f235322
e750af04
50bcbf6b
f994de89
5df90afb
48aaf82f
2eec0e67
de718c91
3d53683f
48bff8a8
3ee74b2b
dc0e292b
ab2baede
ed12d029
b13c9922
cc8be60a
2a6c7b24
e22711de
1db84bf7
47239cbe
f4a3dbf5
67de09c8
d42365f9
00a5c6dc
f6a31545
5a3f5698
76f066a9
707ec4ca
8e872fdf
4e4b12c0
32ce95b1
cf1ce814
1a3b9c0c
054ad14f
6527d1cf
f1ad22db
e925dc21
9805254c
3364e6c4
3e46b48f
c3cc0fd2
9d847aab
742f06a0
e9e7c2fa
702ee994
ead06306
d47f89aa
d926042e
41c263e6
27d53b74
2724a008
ee1e7df0
64164dbd
25de45ba
d117816c
f90dfc4a
9db63895
a2637d13
ef2df797
f9137dfc
3560938d
8aef726b
514f072d
7739a2e9
10d54ce7
232a7c28
a45a7313
08a847b2
9bdb102c
2860a4e9
fc81e360
8e3d1511
7d14c97f
7746b1cc
1f52af51
47dfc0b0
aea9bd5b
bde6b8e7
f48ac58a
aaf2386f
63498a3e
41f71098
7a473a7a
7bfef2a8
549c7d4f
db92ed3c
d5e951da
8941296e
14472114
1307ac06
cf3c5ab2
00000075
00000003
0000002a
00000007
0000006c
00000003
00000960
00000440
00000000
00000020
00000000
00000000
7ecbdc69
4bab3bcc
c1dc2368
254cdccb
7a625964
682206be
ca46fb6d
b5fcc6e1
0146bf89
d475ebe4
c3f35af5
83b6043d
7e3f85f4
49a0a433
1232ce77
875fb866
5c5ecbb3
21f2f443
da9360f0
e56429e3
79aa3644
17172ad7
675008c0
b77c0ab2
dc0e4cbf
100e94ca
50447b9a
6dcbcbca
8a131e50
b32ca786
de209b10
e19f88d5
b08a95bf
73408b55
dc9ca68a
8ef28505
75a1f509
35f927ba
44c71436
6f7e4560
e95f8e66
a29bd467
e673c3d4
870092c0
aa475876
3b7435e9
711c5e21
ce75ab0f
ad49e066
5ccc4cb1
39c2d79f
9e98201f
63401bda
1370126f
4170489b
e75fbfd9
13f83806
f345e57a
b0198fab
c456540b
0724a000
16d30639
09e13f04
6c65d634
f2c0989b
48511f67
f6377b7d
b1e17d40
c9d23ebc
adc21c0a
e9a971e6
77c4724d
d7619454
6a28a5e6
b952a1c0
c96a8701
920c2a7b
0de1d786
4215e495
77127b81
98f8d40b
c67bcb3b
d5926976
ab8419ab
e9a6f1c3
02b29bf6
44545b97
cc5570c3
19173966
9323035e
a6920170
9c7f31ab
7ae2b431
0a84e2b4
94f5ad85
cc31a529
b81f9434
36e303f0
ae4cc66b
4e0cd85e
50be580c
4a269028
ec484943
b32bc93c
ad04a507
045cb794
eab62168
a1500ac8
f68c93ee
ab1e9413
4d4b4939
3d5be8cb
647f3ad0
4b7690b2
0248e1ba
04eb2764
4e0a4559
8d9a9774
497a88d8
365cf821
96b3a41c
646d9f8c
9df889a7
9879815d
699c4b96
b091a388
b63da6a2
09196b36
ac4c6627
b0a1a43e
183b53e0
64ccd210
e4c475bb
415b6f54
52b59295
09523a61
8b6c8f23
51c78700
d9ad823f
60e46fe5
5035a145
3b1f5471
716c4cc0
59a78b92
09382b11
58d37d99
8890c661
1799888b
22291098
961b15b2
a98e0274
ec868ac0
69b53e1c
9e8f4c72
a65f5970
6f693947
64a8a35b
2125a743
170c7978
4f9978e8
e5b26493
6c0bafb5
101c90f4
33111b52
ba555c84
3839811e
2b73807c
c4126e8e
3bb4b4ef
05ce04a6
1ac7a205
0859a4e1
202db123
8dec4252
d73ab8a9
083493e6
94fab0b4
ea1f9210
97c80883
2998997b
b617a097
1c2244ba
1d740e3c
b7c9a69c
c9d9087c
2411e19b
dc56c638
77d8222c
73b7b77c
f57495e5
d70969bc
0397c876
cd6822b8
83170f97
80a8f18f
708375d5
c7165a2a
14939060
721fa9b0
85ba8170
ce57881f
d1a18062
e2c1469c
94f1f53c
61750bc9
7007c311
962a0218
18692322
05e67532
5ff44bcd
b30613e5
18315036
74e0bc01
a857cb77
c359c8b0
09450425
954615c3
d9674c42
a1b10db3
f1aa5769
322916f4
239bccb5
b27804d4
e0f6b7bb
66645260
0349cbc3
73310737
412cad4c
dc15f16d
89fa6025
805aa541
ef2bac5e
d7719673
5b55636a
9b8798b6
b0981647
62c1ab6e
350255c4
97c2432a
b869b3ac
d9ad5817
1b0977a5
5108ea7a
8d6654df
499b2e20
96764954
333162f4
dca10e30
33bb1f26
0ebcb2e1
e048be87
2da111b7
d74737ce
5b973cc3
6653ddcd
2ebe7808
2496616a
8d87cc49
c37fe1f6
cbef5152
b4c2fea5
a21140a4
759c632b
50b3acc8
aebc9969
219db858
4ec2dc8c
86b9e474
3c1559d8
bf842e4c
5aca0ad4
aa2a2a99
3c047862
9f247461
61315da6
25555c98
3b4d1c99
12347661
45e02467
3d0ad6e7
3b4b823c
9f271d03
f9bf875b
5cd81045
79841424
a9bd2136
a87fce8c
1e79fa07
b47da4fc
278f7167
5b622a22
bc0d6807
9b803d02
60ebff18
5141a09d
1ba33344
a91b6463
7b4d26a2
f23ecc78
305ad5cd
007886ef
7054cb5b
62e65147
4d2c2c62
61615985
b2a5b96a
90b4d4a3
93012a20
6088e438
022751b4
02ec7e13
1bdb302e
5e0153b8
c8740201
bdcc3425
0e1ce871
06ee5064
26c57c9a
ada5c1fc
10558607
a3f6de7d
c15cb89d
69981fd6
25e0b281
a96cc27a
525866f0
9e05943b
5f5e12c3
a501c8e4
694b35ce
d1b37c58
e5375f55
504ca496
d47625ea
4a38cd88
34493f18
05c485ad
38f1a925
67707958
c84cd332
85543b59
98b30e3c
a17bc2a9
e3556315
93005733
b1605428
ca911c82
5a4804bc
c375525d
b79f1e8b
02787b50
d67d10ef
d9dd74ac
0564c170
b0c0fc5e
79c24656
5ce9f72a
5b4de825
f3ac4a65
0a38eb78
8b40d951
581b12c4
5aea59bc
c1cf1c6a
a9170007
0ac5b666
aa47b274
4354a3f3
65837859
892686ea
b8692ea7
4abb8741
1c40ca4d
66dc65db
94640848
230295e2
dc815cf5
a6673919
d55e5a59
80b36286
60190f4f
af97aa69
657c2d85
be69a67f
f62b9487
5d000367
99767c75
81a196b8
99f05c69
376659b6
c9658117
61358037
269397bd
db2f9236
e2a7987c
010775ac
3346fcdf
c77f7c77
c6487065
a413a3e7
b0a3c68b
6b6b7d1e
af8d4578
988ac9d7
1e83a90d
2767bcb8
6ba6723c
0d409538
9a063972
851406d1
b1b10a13
2889a044
22340624
86086f0b
f1b21457
d07a7d7a
4b98a386
f07701d8
db304671
0cf71cc3
8b603aac
a9b90b61
cd55ed39
8b0d65dd
5cae4987
81dbd69b
c0a6f84d
c291b5f6
1b71edb9
f99ba7ab
e58da8c7
c088d1c4
bd9bf9ae
ba1918b3
80e9770e
9e63b613
93e8a471
cdd09b7d
2a9ac235
57e9893c
8fa6bab6
b3c7656a
783c990a
c3c8775f
d8ccd778
3bc82422
9d4b29bd
c82c3268
c5ca848a
8299689d
587c9653
31091837
7e4997c1
2a0757d4
eca12661
7174a51f
cac20995
775c889b
635a6333
36835775
91f1a1a0
603c2d7b
bb05f4e7
122a6a51
1173490e
401e460e
0768a1c3
2830a22d
308a8840
804c3b17
859a8c4c
d2874919
38235323
5367fb61
57aed2cd
fc5579b8
2fc8ba48
1e04892c
59f50bbb
58374b25
4fcb23be
c59c48e3
0224e156
e3a4c455
97689b02
b1c1bf90
bf6e2901
a3a28706
78528c1b
62245617
7a1abd1a
7c6490a6
547d08a4
47e75503
a499e51d
24bb708b
7a7eb76c
a9e6121b
726bd0b5
4b2032cb
2b9cc740
896340bb
268800a6
a4eb4dc1
f848090f
7c8777c7
3cbc5714
60006a58
ccb136f5
ca35e855
1d5a4671
844530a4
2f288754
babb657e
8c9b15a0
12911a57
e71296e7
a7be76e5
8824cf23
6d5e271f
28e2439c
27a1d50e
e2144382
e44b9841
730cfd2d
a44cdaf0
4a5b0cec
96325ece
bc1fb58a
410a0de6
818336cf
93934c03
73977514
49aae2ab
bc36628d
d4d4aa67
29d18102
5f9fd04d
7b521f21
8a91c658
bd92347e
11d3b3c4
cab4279e
c5c3857b
e9b81aa7
082bbc26
dc3d2af0
7cbbcf37
9458346a
760cf905
3b241d77
98ccb278
d658e4b7
151d1d88
9b6b32c2
1d40abe4
2905946a
3941bf9f
ba552168
eb8c7c0b
b6f3729f
f81acc3c
f7260534
afbb941a
43507888
17acc62c
c978131c
0b9188f1
a8c66834
29a65c94
62a87723
449b87b5
caf9e630
421b1386
93f96411
94496d82
3fffec28
5dce62f6
f02f25f9
80e7f228
d2c8e80f
4c337253
7793f218
d7c34ffc
1566203e
05431e5d
a99d13b5
6031496f
5e1c0600
90b775af
0fe695d8
10ca8939
7c0b3ea4
c65a198e
e1d5e12d
1aff28ab
e3a717b9
f41c39c8
2443e2b4
42501d55
78f81ebe
01604938
8c93e221
d204bfef
4a50a234
a115b5c8
2b9f2271
a876089a
ebaa584d
86b40486
72503f66
df80fa21
8d0b4f7d
b1dfbc25
0abb5188
3d9acead
091fe492
db0ed01b
4967a3e9
0af02db1
c4a869d8
780da2ff
e72f5128
89671ff6
fc7c5dbb
0380b8c2
73fb3e15
ce398bf9
f2151398
0c4a19e9
d1182581
b9a85205
9a17925d
2cb550ff
3407db76
3097ce3f
9c953d4b
192e3696
8be25015
5e7e461e
b69a708c
cfe3cd35
0d2e5162
e47c99de
d1fedac1
0772f3c0
68c229e3
2e4982ec
d8975ada
aa0a7041
4ee6443a
5cf16e84
3aabfc50
0de97342
a3a7d879
84e3bb8a
ebad5fcd
6b861ff7
0937bf6b
17816039
07de353f
54193c28
9da4189b
3bcda592
1accf3ac
6a3fc36a
d4e4cba0
7d6ad1af
b018b057
29d08c3e
9a00f0f2
a1881da3
da0d6ee1
6d0d7da7
32261205
929c91a6
2dff0fb8
c4721695
bec88382
7889e266
812b374f
e67636c0
417a5c82
7e2f243c
49eba677
8ee4877c
27042ad6
ffe123bd
4fbf3476
c91821ac
09abae41
a1bb1636
8948d140
4ecd868a
fd7cbcb8
242226ca
9115163e
64121850
b19cf394
e0240f67
97c00e56
c3b9294c
61983f1b
c1c35197
e18e51fb
a6cbfe97
2715e837
1841ddc5
69aff7a8
be178cf4
85792d55
6acce3e3
f7ee9b7d
e98acf7d
a6c307e2
2a42797c
37217a78
b53d8d8f
a6615181
fc002b1f
7f654950
2a68a650
cf478c8a
cd95bf46
b189cefe
974df912
70e9b209
5e4e2308
495dd002
c7f8cbec
27bbc7ea
29d1c844
faeec28b
0920bda8
2b6907c9
b657e59e
4bc832db
9e2712cc
a84a4c8c
93856a4f
d310f55d
44faccc3
ba26a4a0
043e81e4
0a7ad6ee
5a84583c
e24a61bd
38d614d5
59bce9c3
c3e1727b
d4a9090a
8a5acb1e
75310c9a
c5ef8332
e587e1be
907de6bb
1ad6a8a5
11d47eaf
d9cbe31b
c70b183a
6bfc6a08
00d03355
0855c0f7
a5da2bb1
0008ccea
c1970592
a3ffbecb
a2e7bfa2
96e10c27
e941d6d2
62501df4
05270be1
5817439c
90e669ee
68b46401
af8ed4b6
0b0b0cbb
5f96ccea
413b1353
34d1724a
77e39248
a89483bd
2e4e969a
d3847d05
2ace734b
8b07fbe4
97d16ee5
462d2bcd
f575d8e4
316ed521
4b6246ed
9b7f8beb
09fc7e1e
1066b219
0497ca90
3fd2f5fa
aa4e8b8d
bcd5f220
2859bcde
906695fe
d01e331f
4e5b3b52
ec1777a1
791ac32a
3a4016ed
08f7d011
d3faa895
50a7ea2e
6705d01d
8503ec4c
1d04b65a
6b4f7b8a
d1d12944
573fa152
cb78ae0b
ad8912e3
c4d28b1a
2e0642f3
40778a9f
4dac37c9
141a4476
91b5a479
4e75dbd8
1071fdf2
c3e891ea
4ac79285
dc937d22
935c53a0
6285ca98
d7fdb617
bd183a58
e88358da
33670247
7593f479
a0545443
89331f39
47c9bd7e
58ae3c48
4604159f
2ee778a5
29d5096b
1d66a14f
48896619
8db6fd77
48c11ab4
83509021
d1aca110
677de858
d581acaa
9d0ebb75
9e525965
e85a66ff
6203974d
6f6e18bc
789666cc
f722ff13
29b4b2d6
473d5a33
9e3260ee
1d7e8404
dff41726
671bb151
2d5c4504
5a78ce20
2bd174da
a3d316dd
0b17bb01
eb88839c
934d6251
073e1049
c29c00d6
d7cfe05b
00000076
00000003
0000002a
00000007
0000006d
00000003
00000960
00000440
00000000
00000020
00000000
00000000
ca3d8c8a
d713bbf3
17a54144
8235c6d8
7c46583c
03aadacb
66313418
42710a48
78b46691
4a0e86b1
25c49c8a
6c574e1d
bd1025c2
bcada0c8
4f549cc2
990e7bfd
cb830931
070c313f
b2a9b940
c4bc1171
6c867856
f9c750ba
156162bb
a50462bf
602fea8a
68491f6b
6b5c230b
73893859
d6aa31d4
4455ceb9
f7994caa
74c71879
b462729c
b03184e3
997e7a95
08118920
9b067752
80826308
11e90e42
054f16ef
b3cd0dcb
5a64755f
8454c443
75078982
12173d4e
ba348cbb
76bd0712
a599337c
6717466c
34afce65
27f24c60
f35d9c76
26f97627
596b1a0d
054d7b52
14413688
1baab24e
c34ecc29
581823e8
06835f3b
840d31bd
d7da7dd1
12e5da67
615ba289
7cfe8f79
cc4cdf1d
87744076
707d0b15
55369859
4718cc1b
69201695
a6c2ea6b
0540877e
98fd820a
3be8ee40
144237c5
7b94a410
3e129761
2192b8f6
b9195a81
b364ac15
cc196a67
bb177845
ae0ac267
ce52b179
975d674b
a41c4b02
0e7ce789
d253aff7
7ee04047
9019f21b
7426bb2a
00e97fb1
335f6205
6bfa670c
547c3d45
fca3d667
08603283
54b87a51
e3a4f1d8
a82f0e31
3841b6cb
c27235eb
c0291ed0
ade3a300
b9c18b6f
6af73338
6d117632
5e532cac
f15b4be3
1298a04d
8fbf649b
36dc6e47
0da8d06e
84a8d9d3
e9ecac1c
2b558bb5
0c936801
23e9c793
0d1c0010
9ad00372
a43888b9
7131c619
55b345db
8c380259
662390a6
862243d8
9c9b1ef0
aae57cc9
0bb2d724
c676c172
9329cc36
b1ace147
028f540c
8bebd97c
9b670892
7a072fcc
49a61418
91355020
d789b9f9
9c52c16e
c07e475e
d9429530
8e966d3c
7a44a9ea
d696b108
0442f616
e868c890
8bb94f69
6057e904
cd4bc3b7
497c9540
8a3ac533
c9439b6b
35be6de6
676acf8a
d882753e
3b4e1a18
85da1235
c32622f6
2650ccb1
be4086a0
2cac8012
b02eb32a
7904ea1d
97a0a6ee
2619bc35
3a870d62
593428d6
c15e12f0
00d97068
11ad5070
90fec8d4
cafbe225
1b760c7b
f1ae1089
c3559642
0f6da4fe
0955b163
a94c224a
1b1552a2
5ad39deb
51aad79c
0446ecce
c97e1433
16f66964
1abaa7bd
565a9e0c
1f55d262
5b313ab6
c6bb82cb
456b1f28
606b44e8
45e9c95a
a0394b0d
8342f707
bb14b159
a0dc7d18
c3bb0aac
78e853d9
1b472bc3
aea18976
c38a71a8
145636b2
694633bd
aa5ba40a
a42627a3
b27c85a9
11bd7624
55fa8691
6715f815
206f048c
3c25b70a
607e1a4c
f9dc61b5
a5ab8607
1b45aa80
b2341a02
a5ca462c
209ca5d6
762fab89
091560ba
7234f1be
1cd182c0
20e8a705
8dbee08b
d62e49e9
328a7b69
ea2b20de
6b801437
2a67388e
5905d0c5
d0b0b792
8d42cb7c
190e604d
201cad64
ca670099
3c351381
a47caf67
10c1164c
06bf8bee
f71e9db3
60d8967f
8443f547
272f87c4
9e11e5aa
de3b9794
2329cc71
c5663927
a8ccb8c2
12d57027
5b727347
17969c8a
8bb88ec2
c96060a3
5fc222e6
ac8c30fa
cb55e28f
16472291
f0589c50
16673250
d003a012
db009bb6
3a17fb70
3393f61f
95b51bf0
81175691
d598172c
000d31c7
9ea43abc
251fbcb7
97d6bad8
29d3565a
ee4cc8f7
4844a6b2
8fe1c590
3b5e204e
02d6baf3
2057c66d
134fe055
2a61caf1
9383d27c
a00a87ce
b8f4ca5a
514a6fcb
531949ac
a27342d3
62f3b79c
435af956
d6786fd5
afc9b079
e25e248e
24969e77
064b0131
b89ef73b
86808326
401503cf
da3d1231
95e32a91
47e3c958
473c44cc
5540a446
5c65b843
4652959a
60656c09
a693aaa8
266af89a
79379fb2
3fcc5715
79103caf
9b902e84
9a8c4c6b
e6a801a4
b7753325
9d110f3b
621729a2
b9cd0955
24cc9b4b
d15513a9
ea1ccac6
c2677424
1232a838
f058caf3
48cc4cc1
ed20ca9f
86f3784b
9324955d
6d44636b
cd0025c5
c890a68a
afbb5633
508da040
97dc717a
183978e5
9a12af23
2f99c18f
9b59aaa3
a62a81cb
3fc2e537
d55db09d
b46996f9
5f09b67f
0999a64d
5c6273c7
b8b7ab41
ea81b2a9
3a396a13
0ff59593
e6668514
71fe29fc
acf87e76
3e4fb2ec
31312121
71151fc2
10a9140f
01766054
2e10f77d
07bc2173
407bbdd1
5ca77345
2c9b2bab
583a79f3
0b715da2
8a0f546a
58971ef8
06551321
dd28ebd5
3c8d9378
51d06670
40c27661
d3b89ba6
a396fd09
81ca7aea
586eca6b
9d724869
d399c06f
f6d41be4
3ffabbbc
8aaf1afe
a27f2492
86b72a35
51ce24ce
c20b5ba9
9545af08
ea03414c
b2452670
6dd6e145
5f891bfc
e79d739b
06d98895
488bf9ac
2b28a18a
c2f4b384
d439f73d
bbd6ce6a
2766f61a
43931cc5
726638b1
2cab3f88
c85a9596
0bf78183
57945096
7d36f4bb
ab76949a
2a06077b
684fa864
0c834c91
6c0a867a
c4a4a362
7c739880
026a873c
8659acbd
637f8fca
b57c986b
814262dd
e00e015b
7d98c271
ff7710d9
a0ec8980
66f3bca3
28c665e1
25c17716
7f92db4c
0351922c
2ce1a94c
c6f7a26e
3aca0a0c
c6591286
8164626d
954b9bb5
e5f8a550
c9229b4a
eccd5acb
a88a5d76
c7e073be
7e2e8596
c9248518
93d1aa13
3b611bce
aa3992f3
ad4b50cc
cd8958e7
e54e5350
7e72c5cd
fcab40a1
9b5b81f5
5497a371
f45073ce
462d9782
6e785b19
2fbbe8f2
8bc877fb
a2b046b3
fbba9994
6c84c877
58a74c7f
3c6b23a8
c38ba0c9
a9243731
d00614a7
da035580
3536aa0c
899dc1ad
51efb6ba
c210865e
579358e1
c50892f2
0843c8b4
4e1333f5
225c4f75
9cf08f1d
122652f5
71689e14
9b54e65a
bd254052
f855763b
6c2a290c
f5cafb17
e101af80
00f571ab
9398377c
8cbcb7ab
3c018f79
2f1047ec
4b080704
482b9dce
14c5fc9b
e7159da6
8b67f170
a9709be0
b00cc3da
b9848533
8e496668
193b84a1
01352e80
61c798fc
5ab5afa1
1289ae81
89824936
a68765f6
2198a05a
69825c35
75c903d8
5ff7c421
b62230de
77a49fe1
c1a56bb4
f0c13867
1b13aad6
28c44e3a
1f248477
fc2843d9
8fc18da3
4a42f3e1
f0ce8e94
b8a36305
4a6b5a68
958f231a
97f84f86
dfb4287f
b08b1937
1e538157
f1be5244
299806b1
963020b1
0d70237d
3716256c
0479a07c
ec0ac679
20618d59
b3b6f71b
35c86189
8579c4d1
3a69a864
c64adc6b
0653a0b8
69363b58
8aa59c6f
d1eb8624
1ffa7b63
5bb8ab10
b7d23ae1
5448e3b6
1381781f
092eabf8
2fd5594b
49964750
77396d89
998ad574
2e1eac14
bb8cc98a
93a09325
c471031d
4213366a
1c51f5a1
95c3e1b5
69a3729b
6c5900a1
13ca7c33
4516403c
0720426c
b1012164
c3ad575a
91b77e2d
8eb02574
60b74336
c200f08f
2b695124
5af07eab
151b6497
01cc17a5
f5559b77
6a7ab190
ec068b91
a5c7cc19
08d7b714
6e4a88b9
61a7791b
b4112d93
4ee4b8a5
8ff5e5e0
4ae06497
08708b6e
40de04c8
d3fb2624
0157bab9
96ce50b7
9885abc7
1de43b5f
900315ec
296d6d9c
528a4e47
0f5a4d92
f456fde9
80845617
f1147e4d
02827da8
9cec0012
502379dd
35436381
213f6153
5238d229
a88a26ea
0d715151
81148909
bba85148
9591312a
da44e997
f1c7a989
3e8f5a76
36cd6ff5
09ef78f7
683f19a0
c4df39e8
b00bef05
8e540309
3c8ccd90
8a3dbfcc
bb00ce6f
9ac934b3
6b6ec201
33035dbc
e2f836c9
f8a9e5a6
184dc0ca
cd3a8e04
d15333a6
941951a5
3212ffac
3476daf9
6f1cd4a9
dc348029
d10a07cd
c8444f9f
bfec4ede
38367ae3
768f0430
055fca01
08c4e8b5
1e905125
74e11b16
aaaad5c9
8a2ad2ca
5e2ffe67
0581c119
87fb5357
7d09088f
2db1e89d
9b17ad99
6b8f2439
36eb0e7c
0f2ee27c
5f1f5df1
e43aa0cd
72dfd82d
dff6a010
4dbfd821
908bd8a2
f179e245
a057fa8c
ce8351c8
208235cd
a88862c9
ab399f60
bf1b07bc
37afdf89
5e753a54
18fb2f4a
b40e3412
2a72e412
17196ee0
d75844d0
bbe9fc85
bbba57d3
a3727cf0
9f2a9003
e463784b
ebec77f4
5b2c869c
515c59b5
bc66ba55
b3967116
d1288a21
cab3007e
fce53880
b8bbf4ed
431a37ea
8fc8f7bb
0b8db184
b1d89f6b
d7ba3db5
46eb6111
503d3bae
bf90e91b
c5a10820
a9fc4752
da753d59
e78e4013
42b7bfcd
051c0e87
8b150850
deb1a0a5
9654bc49
2f229a3b
a9e56306
1af4933a
56974e5e
7b61006b
9d806ab3
a67ce5e4
0f6a9f87
4a58551d
570e3360
7fddabf1
e3bad371
e1011fe1
b7164a5e
c54c3f10
454f980e
954ac3b6
ca84ebbe
6b6c7477
dec08f05
ade918a7
a48faafd
4ae31651
09064f48
a67b7491
559d56a6
69753dd9
e3507fa1
702fd118
0395841b
8ca35c5e
c87c5e7e
ea0d2c91
2475bfde
ccab4ce2
fd27a5f5
717aae75
5cb3f220
06855996
86b45f6f
804cf77d
24138477
04c668a6
6f398e86
9fd1f4b5
09accbca
fe00e931
58c9f592
d4799bb8
2d8437cb
7a5d3cad
5166cff1
c36f303b
07fc7081
d58fa01f
4e5309db
a7687398
3badf2e7
80875dc2
b9754b34
7bf66b25
4e3bf127
dd1bf4d8
9975d03e
1d4341cf
74bd16da
59cfcbe2
bd5f0c66
331ce4e4
3398244f
575d0a94
0341682c
3f1203cf
8c64e6b3
dd73367d
b2438bd2
a7ddc44e
0f0487a0
00734e0a
a04a322f
df085157
bec8d20d
7ffc46ef
802931ae
7b38bf3b
1ea9a514
1ce68a05
8a75e75c
122e67b0
06121d73
b53dfd5d
a2d34833
5b9df950
0b743470
b2e6db93
fb011dc5
3d9d2451
c3e448e5
d83da411
4583069b
b6cd65e2
6829839f
42101aaa
11f90ec6
cfd176f8
55ebb81a
727e7034
5ce63a85
4e1d9080
a8f050a8
44f2c4a8
55cfc39e
b51ab7cd
5c4ff5dd
c06369cd
ecf3f581
f317ed99
ca38f227
6134ea51
e3dc2441
d234b6f3
fc4e694e
0cbf06a4
3f7d50a2
f4ccb7ad
22cf9e0d
9a095569
612ed308
88956feb
b0cae3d5
57d8cb85
b31f4639
9ef4ab4c
282aa3a4
f7e6c430
5f079457
03f1e336
5bd1c440
4b2f6dc5
d61167d5
aaaba2e7
5c98666b
30132eda
bb85ad68
6fe37188
ff861461
55411f89
37714135
6909566a
493dac47
e7966f59
3069565f
4b368bb4
7048db99
d2e710e9
69823b03
e813052b
a2f29b84
617d5bf3
4da0ef74
01bc5a94
2ddc8253
7b331c28
8d03c6dd
c3aecef6
1aa427a6
644a93b6
29170dbe
1326d267
00000077
00000003
0000002a
00000007
0000006e
00000003
00000960
00000440
00000000
00000020
00000000
00000000
d372b36b
52e4ccb0
ba3bba56
0f035189
27c39db7
12a31db7
5601cb6b
ab18858a
b9197b0f
6f70a666
a8458ea1
73957c66
85cd28ab
689e0257
cab1291c
4d527928
40bb2642
c684b006
cc704273
713cd009
b447a174
7eb7c648
2c3c6984
b3fadca5
de626144
c0c637c3
a89bb496
9e4cec78
07ec16da
a947cd88
e929b448
31b08dc0
3209471f
a0b0a2d2
16b835a8
15f73b0f
3f8ea658
b679903a
c7719647
135445f1
50d5c666
36037168
4a5c22ca
e0232539
95f1d986
70313449
1aefa092
70066e3a
d911845e
39458e9b
7d53667f
2370d232
94f40bcc
88792d57
f9397765
097e83ca
119c3142
8dbffa82
3cf80e55
59d0edb8
22ab2c5a
5930c0d6
a0802497
aa812cc3
e9d405c5
c2a9139b
94458510
09b65b70
50938f1b
a59c0957
c9942605
49f0b504
aa65563d
b1d149c6
2e274d9c
156423ed
a5c56159
a4e7dc08
ca11088a
90616564
2cbcbd24
99874568
2ab85414
cc2cde81
21353b93
67d51077
bc478961
1c883b48
b2c38197
22320f38
5ba9bb5b
17d37163
cd01129c
4e0f06a1
24648bf3
a05190a9
fc23389e
caf305e2
c83cc488
2975a272
962a4718
60c57c46
7c48e11d
74879be2
b7953b95
f96e33eb
651aa413
098c3672
8f363b37
0a2c6a0b
1473ad64
ddb2d595
025f37a8
4e53845e
9c4cd0e9
e4cdc132
34ace537
34434a61
8510657c
6990fe4f
93b1465a
c62c1f89
c076bd66
464f5908
520a0dd3
8cdb0209
f408b916
2bfb7f2a
6d809b0c
8b1af672
3b97a777
37e0dd0f
38cc360e
c7919a56
0e341629
f22b42bb
95dfa033
00f6c071
d434b5d9
c3bf2e92
4b191c07
6539d1ca
fbf00da8
566a316f
3fc1926b
78a3b90c
21416f21
450ac429
c33fa86b
00a7e61f
f13a9cef
d65ba2e6
07d3717e
860176ee
cae811b1
2aace691
f52616f5
666aa9a5
ccba455a
a89df29b
d80e5eea
32db5c40
786a2a6e
9140b08c
52b72a43
1a96ca23
8aca92f1
25d0cf5f
e8c0026c
79239c63
7ad41a91
e9b608b3
515d3599
3d446330
b51c0163
d8fc167c
27f5c135
b44955b0
01b75758
6524e438
1e178929
2331197c
b3f04419
dd844825
d8f93025
8929d547
d90336c5
f8bfa28a
c032ab57
9184dcd8
c2601bb6
0530b921
c94f18f5
67d3ac09
055cc963
3b1c7bc3
3cc10887
cc9bd732
977092f3
ac16cd65
95e3bb7f
cf67f009
511b00c2
9519bb19
4244825a
54743766
2c93e808
a530cab3
39aa8459
7a1b2d77
7285a674
f5c53b74
ad1b5a57
db50b341
55c41cd4
9e080dc9
8e4d15cc
71f8c3f9
ce92ad63
c6525519
45972416
0d574755
1a0784de
7190bf04
38b4022e
5453242e
64466b03
1be9a6ce
1a525af6
b9183168
b894ad71
e868223c
742d48d8
692105a9
5d41e09f
1c022295
bc14b4c8
5d18c190
68e4a476
9174ab19
1857b326
e1ed7227
0290d044
7e0d5c5e
48454e76
bbdad2ca
03b09145
232cbc63
58f2334b
fd377919
93e694d3
aa386c96
7ea3d893
c4cc7b48
0217f431
25316121
258bbb0a
05f03dca
c0c48280
1892b950
63b70939
a35158e6
23c110c7
6bf77449
dc8f6bc7
e4d5a380
b6fb1415
500c0295
22756958
6b017ea0
ff8ce823
9b6e14a5
c81af54a
e5629620
981a8c8a
7032417d
64c1293a
a0b43616
5333d78b
936cf415
d1826fa2
6eccf1c7
b50cf386
86e86cf9
9dcc8e1e
f7b2db02
2c1b7bd4
6c115757
502685dc
f05c0af8
155c9f26
d8a99ae9
5217a961
1c249062
007ca16c
d9e8c3bd
65fba8bb
2ebeb7d0
e38b23c2
b8082e14
e67a3723
3063cc6b
4d7cbc5c
1188641b
4c3066f6
30c880bc
c967d24a
2b973746
439998a9
c77c23a7
7a10923b
8229cb98
150b28bf
a84eba4c
6ce24c14
04845898
10677133
aa45967d
86436ac5
04b2b789
79688b5d
11c0d14e
57b1618b
27f54159
a98d75e8
62f8a3c8
0ecbde5b
f876bbe9
0adb571c
299aa726
328531c9
129a4c73
6a3a2316
48929c7f
01a17f83
6b26c2a2
89645874
10b999ba
a07b3002
eb85442b
0af2a456
23fcb26e
35aa8193
9a156a17
7ef38601
9b0063d9
0524ad91
07541860
545258ed
27f008da
0c1292ce
3b0b8bb3
58ea3a43
429b918d
241b1a44
c687b477
a8c93693
36bb0a72
4602bc94
ce252474
12b16792
14601c69
ada6bc88
34314b08
444a12f2
96d52a89
2bce592d
f8fe29b7
2bb0df82
515ad2dd
8b529519
2ef7e555
a0c7f8c4
894acb10
5bdce582
913df504
6c322751
c7e8a30a
e04807ea
8701a14b
4dea5527
b65926af
06c85f67
c6415898
da88409e
b5ce8296
7d09243c
bc744755
4ba55330
5a133951
7d0a74f2
b6cf88c0
6f795b10
15572740
49b421a2
0eb26141
c4b73aec
a127884b
1caa8b6b
a3b517e8
6add5152
58a23f44
92b6fb5c
735e8034
2dfa416b
b9a85c54
08695608
7e4819c4
dd6955b0
07541d30
94a1c290
fe812433
fbec55c2
a285db2e
831ea4be
a4f248f8
47b58287
3e05500a
89359d39
5d5ce646
9b33f208
0015c76b
913b3e02
0cbda552
0799296b
bcccbdc9
9d822b71
1b9c01cc
72755904
425b69bd
f1bb4d1c
acc7b958
7605b716
4aeb93a0
6d115c2f
772167ec
71e44865
2ad74b8c
dc8e4340
f29e3176
5a48a046
e7656868
4476ab84
998cc14c
dd95c794
8146ba13
1395e783
f59343bd
154c3049
2882e85e
65cfc0ec
ec6f8401
50c63695
b15f4b8b
35d8571b
72a3d01a
e6b139d8
57613489
b63172ad
700f83f4
9ad73bd8
49e95593
b827e55e
3c5a8f76
19ba8f82
4c18acba
c422b8e6
c9fa3c51
512fe0f4
000f637c
8361391c
54268b6a
07df95e1
013c3f5f
6f30e95b
31458d9a
0f7af3bd
f7c65cdd
77f25640
017be281
f19c7a97
1a506ce7
0f935358
8f6861cb
56c391c5
80c8dc14
e05a0038
2c3d8e6a
9e33c245
0624dac7
a0025c58
72229e10
3430d077
9cc03b47
6ce57faf
cd54c7a7
86258b42
c9979256
cf50e3cf
42cd3a76
4792bdc2
6cc35a19
7879b230
0bbc89aa
7d7f7c27
a9edbd4a
12f84a11
1d3e7abd
291a2263
60c2f7b9
afb00231
87c96ca0
83b472c6
466989aa
22c68172
36125b97
e6792ce2
48a9b52c
1af6233b
378bdb5d
19e902a3
75386c74
6951f3ef
196424c4
a0ec6089
0143e73e
8b6f2484
bc890c8f
ce13b002
99104a27
b0f0126f
a0011cf6
862ba6d9
b4e1e052
e7000c1e
13ee4ca5
0afaed4c
e4af246e
c1833490
9be91a72
146efa45
64aa91d4
aff3663b
fe881610
02f55b80
a012ad94
4fbeda01
7519cba8
9c6941af
e9974aa7
db4e6014
28eaa57f
fb8808d9
65069381
7745e52b
56049caf
38cc0eb9
6f0adf25
1665198b
7a274728
9130d288
fd5c97a8
87a68b92
9cc07f64
f3781574
75d46601
1489ea3b
77042bc2
b9e375a3
67d2cd2b
08bff985
23810a22
492a5ca6
48116538
33dd42e0
07a4bd6a
59197426
4e7b2d5c
ccd2b90d
08e230eb
1f981de1
4ff2f3a4
2070a8e1
ee0ab3c1
07174e32
316e7085
d921fae8
0191eb70
935f3d46
d9e55567
c55a5707
d7bda460
5ed43cf3
67ff2831
487a6e18
66cacfe9
3642a60e
70ec7ec6
6853cd0c
6da6fd98
ae785b33
b1ab55f5
a675f234
b0a09cb6
9a32fb58
73b587b7
250c2ae3
6d5d4572
1d5694f7
cc81e19b
8272c828
eb58b72f
f2f1d9fd
de3c6dc1
618ffc60
c7a2ef6a
46b498a7
892778a8
35511063
e25f4da8
c58a4686
5175594b
88a1dd7f
e67933d1
49bfc310
3b42d34b
fe8277e8
7eba83d0
b4382521
8e51b472
1d0266e7
7be1b233
00811afa
a5445542
9aab4b51
4ecef098
1c72542a
be026dab
0ed2f99d
2327bb7c
a2f2add3
e424511f
dc9696b7
1e204345
852f4c21
e8928192
69a2404b
3283dfe9
fc3e4cf4
f37112be
80116f71
7bc6a301
60f34e89
600f2b8c
9a94244b
f18ba9a7
1632b14c
835b83e6
5e0eab15
05000c95
7d01a954
99c4c867
0b31b043
81cf388c
4bca7bff
cd2fe2ba
78645df5
981cf1bc
36d5c761
acb329f8
13b22705
aac8c233
eecd27b3
c7db74d7
ac1cbd46
90c75d37
01ed3ddb
45e6440d
bacbe9b9
c2314b71
e6ce2cac
8acf35f4
26b5a0a6
3e94002f
37955966
1827108f
49eeb078
55baec04
a30257c4
05499277
ce53271f
704c6948
5cd9a204
773baf9f
d3650701
53efb5e8
ad1df4ae
114f587f
325efb21
605e04c7
4a987421
3c5409b4
03f8d186
704a2fa5
45c55da1
a385ad2c
c4ce0bb0
060e6b25
80e91dae
7d76202d
44064a16
f725b752
6ee4e9ae
0ec81479
86308f30
d304c67f
ec86d175
90b42f71
445b5ee2
e12fd4c6
788ffaf7
0b32e3ab
be4fc81b
b6fe02c7
f0921039
287bd71a
160aec97
c88f2f41
7d099755
e663b5ec
be2a020e
115040e0
8c567f7a
4d9fabec
e0b223d1
45aa184e
87cc553e
7aeafa6f
86561aea
8ee918e3
d1c9e45e
df1667a8
f83bad5a
a7dd813b
106e3abf
93daed51
c18360da
9aab6c1b
5e916a82
9be38b87
00eb0357
87deeac5
15882f5c
47d3d708
db488f9e
d91af4d5
e5266738
2c31adc5
88ed8466
b18b523f
3c6d1f9e
19a426fa
25c21963
ae81963c
3e2b992b
d014c37d
af4f5744
baaa23a3
2cbc55c5
e7f03032
0a188195
cff984a9
da30ab05
ed64f383
acb7ef9b
7f01b294
3fad4d5b
7377e74b
7980e3c9
5c45b452
abdd970f
98195c4a
66c04378
64e426e4
9b88b5b4
e433972f
0774e9dd
fe16b182
84487db3
8e7407fc
a49e128c
0205b2b1
d7265f58
d6bfea3c
789c7c08
7625d594
b833c6ca
34e0fa89
2d7c2314
7523fb39
20fe8435
2a2b8447
e78031bf
84a43d68
ff901994
0e8eec52
f1560e01
21e091e6
8aa0535d
cfad84d6
9f8009ce
7ec076fe
cacd88a4
f39c895a
0d263f48
c558d3ed
86aa2bf9
92a4cb3c
6d776b40
cba69e2a
89d9332f
ce1a1492
86a49959
3aece4c2
029a463f
af32a9e4
42e602b2
8441a9c5
ad9e9162
c2d387c9
27ac7066
0b90a054
ab232f78
c1f6f1f6
79f4d899
93191e96
e5e608cb
4d5afc9d
fd2aec93
83b1f969
5ad7d65a
21eadb4b
c0ee403f
c757aa8a
ebf325e0
ff9b9741
b37878ca
04d82d63
961e9c0d
628d2fab
bcc59f62
8c942d01
8888b361
56d1be69
2bb403ad
0514ea72
52ba09b9
7748069f
85a996eb
96879297
e1e1fe8e
90d433e1
10c21ac9
fb6cfd3c
52831126
cb6e6b61
d3a85a6c
cd1ea16c
ba72e414
53add5ed
38d821c4
c7e039be
00000078
00000003
0000002a
00000007
0000006f
00000003
00000960
00000440
00000000
00000020
00000000
00000000
884707b3
b4754278
0903ffae
e9c88bf6
607dcb71
63b0b475
7c2ba6e7
f8490c73
2c52032d
d0a3ab04
f7927634
58990cc9
a54981a6
e69b1787
34e9f517
17b39154
3a512c27
ac91798c
87b13774
557aa343
7175b095
b29e0095
8a320b72
4a050789
d764a28d
859762e3
5479918f
6f2d5864
58ccb45c
4e02d6a6
2994609b
8882795c
235ca990
fb0b80d8
e8a24e12
30b98bc2
f017e866
21cebd60
6303c2c3
e0232798
19114094
36d1f330
fab3a656
88b950b7
148c7b3d
38410027
8cb8c653
970adc30
806990c3
25510320
5602b70b
45bfc928
7582b5b7
ad3b2144
999891c2
844f0910
6770a699
0280ec2b
74de9c5b
379403a6
3a84cc2d
74c2cf77
83b5a907
378ae1b6
6be530e5
19c974c9
f6ae3bb3
7cce0556
85469a9f
7220c8cd
08e499f0
2dd72b47
3f34a8d1
e68d6023
c98c1ec3
bbc55379
a9d271b6
c6b52724
fb3fdc2b
43e03583
88a18610
d358363b
e656a891
bf9c7f35
371092a1
80b8a071
12baad88
4921b763
c7d84692
56e2c9ad
9ccb2896
22912910
14a0e0b0
7047a5cf
a85d78f3
09640d80
0a1c0226
ac7eb362
279a96b5
7699c7e5
e9642b90
4aa5aa0c
e4095a64
d885adc4
8538ff23
151e22ea
91f51b1c
70e4997c
d3a6d8db
9373045c
33f35142
1198a3c8
bc25bd13
39110952
660df5fe
c0c659f5
a6b0f712
46060443
07262da8
436b18cc
712068fa
96fb0053
ad05eeae
d915c4ee
1c7cc028
cd077a86
794d123c
631c7a83
5b081d5c
343702d0
80bc5d5b
519a7d95
c6572714
a86ba6c3
075653a6
2eb4405c
783a03f0
7c82e9ca
3c7a6aeb
cbb9b510
5e5146a4
7428a89f
91ac0656
6e1a325a
101326cb
45d5cf29
76a28798
43bbd0f4
06ea0ce2
2c9c7bb1
0275fa74
62f75d7c
cb622a0d
6c35db78
2474c1b5
cd954279
c862e6af
8bc19098
b2eb6e04
d591e425
c00b9c8b
a312ab4e
5495cc82
35251a6c
8a888ea2
eb933ca6
84968d11
2048170c
9b974538
d2b440b4
6e504e0f
a5b9f87c
7465b8b7
bbc78fce
bd2ab5c3
13a778eb
be911d03
5b594ade
63e4afb0
33c380b8
9ab090ea
18a30c68
18a4147f
60879c1c
73a9a118
a3dad42f
108b0c58
736c0585
9219401e
7c8d02b7
86e0b3c3
2accf87f
d124e22e
52eb8475
3f5b4b78
b325f399
05849ed2
22b085d0
3f0cacd0
a1a580ab
7b19d987
822b3c02
b75d6b1c
9421a381
6cbb108e
28ecb538
6209c8a5
c0574a5f
945a5269
16d54272
16abdaa8
28621652
1b340a16
c523e500
88c53e13
6bd4387a
443d8cab
b30dc458
0757c63c
9482344e
2c7d2db0
4d602d80
2866205d
3cb5016c
7b3a1ebe
3f11f342
c565b0b9
caba8009
162f232a
181b3f0a
b30b868a
2a5fe51a
d72cacda
90b87209
846c475f
b8030a80
4ca2151f
d7350cb9
9145b6e4
65475235
e2bed1c5
60df926a
15050211
49b9ec47
856b6632
5552124f
a77c7725
5521a725
7933d8a7
a73bd6fb
f521190a
5ff6d696
89308933
63ca0b2b
6d055b98
40021231
c2d54683
90962cb2
696cf2a3
470d5e69
903189ce
b67f908e
97ca451c
6283f809
ab31f17a
33505538
4f14f52e
573801d1
42b99306
3c48276b
0e2e6881
e93d6754
94193346
21a764ff
562c240b
c78bb4cd
f380a04a
33bb9ef4
030c6411
0627e582
815e4d2c
4af12657
c9bd96e6
d77d0356
3d0b982c
fa9c52d1
27c8842c
9d77c05b
9c6cb40a
38ae8871
33b42dcb
9526d1ed
477a69ca
2f99cb31
450ad9b4
f747cfe9
5c448686
976cd016
2a8ba155
c9083908
f946cc1e
0cc8a208
c0bc5f1c
db0b7311
1bb4c4e9
9b57e445
47549a83
1663af7a
865c4d6e
59717058
39dd6c05
34584113
8b8f742d
30d1b20c
8adaf362
046e17b3
db3bcf35
c8b10372
cf8511cd
b07d063b
020106ae
8c45c32f
e9df0d0a
1e57e883
8d20e614
4060bef3
228764c0
59c06458
827ea403
4380cf90
d07b36b0
4587c838
0767c0bf
639a3055
51609ea5
5bd52165
9e2ceca0
e38ab01a
7f225831
e04b83a3
2354cdc4
1fd65c30
c7596864
7736518a
1076aa17
d4b862df
2a89244a
1114030f
f1b6b440
18cf7049
385b3260
1c16ba88
faa35338
09e3d655
13c39200
5644b421
75a9193d
1f6cc3ed
16aa19d0
4601cd14
b4c8608c
06bfb620
c8d3148c
9051c734
158b5962
75ebcd44
3313a017
f11d0b33
49dbd710
4d84b9b4
7cb59d91
0504624f
36cc028e
28938623
0439611a
7b20ebd8
c5b88392
ac53010f
413cb441
7cb07648
30da8115
9ec999e8
7bd05044
4539b225
017a75a8
7284200c
24a0266d
715630dd
0c6861e2
013b2230
c264b896
17cbb3f4
8c953a54
fc0bb4ca
f94a521a
09d84f80
7b4828e6
86b00ce4
04015c6b
e49d4964
9c008583
9957898d
d81642a8
cc73a948
3ab76e29
8a873556
b10a5fc3
006a169f
9860d8d0
e99e14ba
9b453dad
5306d729
05eb41f7
7f5beba9
db9866f7
99670c63
25384a6e
8e8c441e
76c53473
140ae66f
272206ef
62433c8a
48c39041
53031162
c263a4a6
32f94a03
5198b0f1
56357878
707ab592
1c9603c4
15883922
8a05d59f
b26c83dd
5074afe2
8a228b94
6f9a550b
20918f37
be082712
5407f485
ecf2a834
b5539262
76a7836b
25367073
5dc955c0
6e1655b2
e39725a5
548427c6
25a46aee
15077d50
480a9471
902f3812
70bc0b07
608b216f
d2085551
f7f1cd64
43c3ed23
4c12f133
63a756bc
42024995
7712935c
b31d0ff2
2c6853bb
325c3265
e7308271
63f756b5
df4596f2
ccf24f5a
7c65d3c5
5c8a8340
0a788008
9e41ae3e
0a172cea
9a1e6b14
4a447d6c
bb33014a
6181880b
493509a6
69a0a858
7a9e4428
22c36baa
7576a4cb
a83b5325
75d85dbe
641c0c67
211122e2
0af88652
542641d2
b304c7d2
66bbd07e
6f8fb1d2
5822569c
c196c636
427b75aa
c5d43528
015c9b19
ca82a8ab
7a42143a
6a138f69
80b02441
e8a108d9
8636375f
815f184c
1a886290
07440842
f82013bd
33908aaa
c73571af
9d6c5498
70928c38
331c2696
89bd4290
97c4ccc7
d000f68f
ff06b990
3ba07dc2
6999987a
f2bedafe
b033b0b5
3e08073a
35c5cc2c
73c25f5b
4e1a65b9
176cd740
2a5961e2
62d793b5
9aabd909
0893344c
cee89b47
a0442a75
068e391a
b845c8a4
d0c9310f
015c1aba
11b057c6
df7f94e4
043a84e7
0dc3e431
a895209f
c6b43c24
608a7e28
a30a2bb8
6088a8f1
93573240
54a399a1
17a0737a
2c92f74b
09025126
46a2b707
0b5a5144
3bc87433
86edc9db
47e69bce
5d48c7b6
b6cc1040
b082b33a
2dc346f1
da541c2b
13a69413
45c6504b
d5658f33
5c514634
9f5361b3
a1178b4b
28e54983
cece5cd5
aa8a5eb6
1230896d
9d3288b8
a37d9bd6
897a503b
ec8f214b
2137ad37
b8779d24
f883e86c
207995b1
a4274f06
900014da
e05fd2e8
8e834a0f
e1e87af6
8b6759d3
909b6414
d2fe9999
e1f3ff16
78535b7d
bf35edbf
6e362d8f
d56f81ea
908dd8e1
c73e6ee7
8b6de22b
cefc173a
abc2f17f
91768ede
4168da26
a19e7f3c
b020f78a
ab3e9f30
cd66e729
96d85322
4ea96498
9115f247
9ecbe58e
1c64b67c
57557b7c
83b3807f
a7d2cd78
bcff494a
463b4f46
7ccb0aea
982570a0
4aaf25b1
d9124a57
98e09f14
a2fc3749
b0781591
df524021
2d8cd80a
4f0f0c05
8a9c424f
4fe454aa
73e4624f
ae5dae5d
92a718b2
cad45ca3
3837a8dc
a85de4e8
846aee58
1cbf556c
ace67bee
aa2e00ef
2cd27283
99977d4b
17b3b6f5
3443fb96
5092142c
9fa68179
617dde2a
b66e12e7
971655c8
6a542abd
30a7ac60
4ba6da93
65387032
ae910486
38047796
6f25d834
2b538fe5
a15c9bc8
633a769f
ad71efe8
11d85807
a20a7a60
3f92f116
f3328d0e
07ae7dea
acb0967c
1bc2facb
032f5e89
8f4f2408
11f96d5b
560d0a8a
6dd20cd2
928b425a
fb4e4bf7
a1694210
001b2e04
8800a9fb
356c31b4
23a03b12
b99915ec
edb06b53
867ef350
e30ab0a6
fde59b66
639cfab4
4c3ee03b
3db11c81
55788acf
49f14f98
c044d67d
83ea4124
9090967a
64567359
3debf1d5
52de3099
5cd2c99f
409ad44f
39fdd1e3
aa71646a
56c3b6b3
f67375ea
ed4b7c2b
7d7aff3d
7878a209
1c2645a4
91fb9634
3289d5c7
fee1757c
ad9ac3af
89548f8d
e7afdb54
ba106914
c76681a9
9651afca
22a2a9a8
b33c5383
00f9d499
73caab7d
787c16f3
281f1994
135eb8c7
bee59d99
9030f5ff
4a6615a5
ca63f1b6
b346b2b8
98da13b1
d77f2611
862aeccf
ae44a75a
c92bed7b
69f08491
ade036a0
8776b11c
8fce4d97
805df18b
7826adb1
8982073f
a4928f1c
4b297fc9
731786a3
571558e8
b419a4da
3f0727fe
0326b576
582d1fb2
cf0a8410
1cf6445a
8bc09bbf
bed96033
1f91a581
93826cd2
db4566b7
ba788c67
7bc6d7c4
a09d9ac0
151092ca
b02dbe05
3f853136
945cafba
8e0777d8
3086a1f7
28bfa9d6
8de5820f
4cb37ab3
1990bd55
3fa44f88
997907ca
48543245
f75fd814
34e80edc
25664151
c3edce71
52f3534a
e037112b
b0d61eaf
67442c7d
175a673e
6cbb44b7
cfa48321
7ed1e64b
c079c86c
2d8317a6
4309eae6
15dcf14f
181a8de2
8459b7fa
d9dfd37b
3f9cdefe
7612d0f2
63855d35
a7522f2c
9346f872
f3a873e2
e1f29f65
b8929a86
50b67567
846e576d
7d3aa667
a45ae63f
c0d0b8e3
93a3b55e
c3d6ae59
a5fe9955
e2904882
dca39d29
0aa61559
0b67eacd
2370ebf3
499ecdd4
8d7284cf
191e2618
21669355
dffeb648
938d4d47
7574e8a2
d8d127cb
bfea7eaf
f00bf622
195b32eb
8bdc8f2e
929314b4
42e9806e
c969ab12
d93a9da9
0342cc7d
5d7f83be
5829135a
b2be7f45
ff4a8dd4
f74f4407
acbbb62e
b8f92bd3
bd3beaf5
93555499
c9050c15
cd3d5490
42f56edf
c39b7799
5da1c97f
daf98f48
b84e0cdc
a8dc7974
4de53cda
f730db65
afaace35
d7f0032d
7039f794
98d69768
430d040d
da476535
61eed2d7
b0294ffb
f6c5659a
e02664ed
020d2d13
a46dfa43
5d2a05c1
070cbcf0
7c69b141
bf9aa441
a85b92fc
240700c3
cd366ccf
9bb4f11c
4e5e7cf0
3ba3ae62
4c1a93bb
69568f01
5edce07a
58f7ddf2
2733c31e
a38c3634
92c96f33
30ee9f33
033efb35
30762798
5aa43c69
02838bc8
929d8276
e9ac5eb4
00000079
00000003
0000002a
00000007
00000070
00000003
00000960
00000440
00000000
00000020
00000000
00000000
b1bda552
47e5854b
82b50ec0
dac7a964
36523a02
b9dc876d
93775cc4
082fbff6
7f8a68ae
fccae82d
02640288
933c2f6c
a268abb5
793828a8
80365258
42214742
59b3a6d7
5841ef54
d5a7fae0
07242146
2fe30a55
ba2366cd
131d57f9
a3f73450
ee384ad6
ccd6390b
70a83a01
754778cc
7092bcc0
c4371abe
0e6cd944
35c40f5b
58661292
7e310762
e8edc3f5
9218f8ba
6e532307
c9a32916
2e5235b2
b20b854b
863c5d54
1f0b227f
7399a0aa
e1c6a47c
29908840
7ab59563
64334e19
9e66d796
3accd063
3c34bb92
c41c3316
1392952f
05e07688
a9186b9a
7dbcb87f
51c0b4a9
b28bc1a4
5a3c8023
b8426a54
36a35d4f
dcaf057e
6c655368
5242dca6
666a4c73
88a12274
56962074
c28882fe
413ac0f8
33743952
9ab8f331
42a47314
b728d067
07c6a9b7
dc6a6512
1bd3dc19
871db92d
4a669761
114ae3ba
b96c4339
92e66751
c0627eb9
694fe157
0b243159
ae157d66
0a6a85f0
e3549f65
bdc3a64c
f64c329e
dacc71bc
0e4c6d5e
4d45e0ed
887e6e0c
35ccc127
a54b14a4
7211a695
aad8854e
e890cb9d
21af726b
9af10192
c012c0b3
c08f2fe5
31652f9e
9c796672
436b5e10
20e8d8a8
b4395673
0cf42365
286358c3
bccc0bfc
f56ebff9
c774c47c
ff1a072d
c2a42847
14a0bfa4
b6cbec3b
b4fbc15c
8a61d642
a09f6620
97d81555
36a2033a
621132d9
6091bf0c
1857b438
b518b7f4
14308bac
c399cebb
f29c8016
339b4a48
968ace82
b69abbb0
cba3a505
b5d69383
da579792
b58d2b90
b591f909
ee555044
a8f469f1
2c80fa1d
bdb95099
8cf65b69
b4f1e9bd
b55c9377
891a9980
b5b03d89
6f39a06f
52947ff6
ab40b520
12795c41
11315a7a
89e8b9bb
daa8ead4
624b7c01
04e292c4
9e3343e5
c9463eb9
39bc6f92
8f987671
137d0208
55fa4a85
7521527f
2738a628
ce7b1f4a
e149e116
f034ce08
961c20a0
5c884897
85c99260
2047ad26
193d45fd
c302cbd2
32d63fb3
eda77128
e2ae5861
7d0c27a2
0804d930
76886447
5a62db40
355e3479
0a4f3e15
bcb9b35e
015e381d
96268256
89910a5b
0b9365b3
b5fd6e52
9b6b247f
6d95f06e
27a4a424
361ae456
a8ac3890
a590300b
15896c9b
344ebc42
60b463dc
ba19b08a
263ec314
b9a18eeb
2e07fa9a
68709aef
fc02b1b3
0ebac33f
c2b2d1c5
0095802b
82c22cca
48008748
b8705dd3
c5588424
92cc9993
4c9d4fa1
adc6dd94
204298d4
d1aba13a
9ce4cabc
52474633
67a526dc
cb79697d
00944414
7a434b7c
c7743f94
db014ba4
ca9c2eb0
0767b49d
e7412937
750d440a
509320cf
7a35ec1b
c4bd0ae8
6de3704a
a0368bbb
37eb2858
a244ba08
316865bf
24ff17e1
3963f41e
ed37eb02
695114f8
be23e555
6f26621f
94f17190
39783829
8c9886df
da8b6560
b1496743
761dc107
7148cd03
c4676f24
862e44b9
eb3f80c6
6454147c
57055083
e46e8e6a
485c3aba
cc21f690
b6f04520
c2464dcf
a79ad8c3
e6bf6c26
89c6f14e
c99f9cc3
0093c75b
98a895b2
e4c88863
0a0e8e85
bd286842
96042637
25c530bc
1c269c9f
4924f497
986a14ab
a9635ab1
302e17f7
cbae1ff8
882719a4
7018056b
8cbe1b17
06024437
8ba145da
a122a054
73427a8e
9657e72e
f4742e61
1eb03090
73a5e94b
fcfa3d24
05367b2c
205568a8
43023393
389894aa
6d9ab691
c03b3fb1
9e65b662
c468228b
25841e77
3f9bd138
a73b41d3
83e07e42
97cbb007
ff1e27f9
327f3d85
ad09a577
eea9054c
28df9144
5da6efbc
b1901c1c
b94773b7
7c285b63
775c47e6
9a8abcba
414b7f88
976adaab
abeb9334
3dc19500
01aac475
1a9ccb70
47e25916
7c738c13
b2503d56
0b65376b
1d6cfbd5
46a48df1
7dc35171
4f66cba1
f9d7049a
b182564d
da2b135b
1948cc46
3afbf9a1
d26f4219
a80b0ab8
0f8bcc72
119721f9
f6d404a7
8cd6424a
f0c717f5
d5726670
0d662e17
8669a9dc
43aeb338
716ce944
bb85eb92
132ab136
ce36216f
4badf462
f09b9e73
b8215777
4e660bd1
71608030
49629514
7ac14900
b2eba71c
c35ada2d
e562770d
994c2df1
35d66b4d
b155ec6c
62314919
97e8f284
12902616
51d938d0
86331552
680cbc82
301e8baa
060be8c6
89b75ae1
b67012f3
424474ce
d18552ed
1220317a
13f8ba46
bb07f454
146d3006
6d8b774a
fabfc3fa
67079964
36d4218d
8e1e853e
fb827db3
c9cb476d
39a87b48
9659a84b
c3f2db59
5a66e5af
e660cbc9
af8a9ab8
3d9b7688
47354133
3d3149bd
6e49b36e
f5987b01
12f8f1b9
0c57c15c
ba6f6713
6e75bd09
bc958434
e2978443
b111f767
53cc4c46
30d8005b
48e62372
bfa6a913
aa2a9123
cb18cd51
fe1f92bf
14acc870
31805415
e68371d3
c8cbc7c1
7572b25a
44075a09
77f687b6
90205c22
5c854b0c
7aea79b2
a2ac7b0e
3fcf65e3
1638cf41
b7e81100
294ee057
f2be0056
37f3d241
53395cab
430661d1
4303207d
f7637517
38ab84a8
240921a6
a6ab30b5
0c298562
a67cda8f
ee2aeca1
f84e4623
3b535e4a
7db90ccd
97e96612
ae7ce298
936df2a0
02264676
bff86406
5477c9aa
26d69b51
9fd0ba88
c520f045
17234e57
4664d2cd
f34fca72
37025f6a
4ee24381
356be060
33aeabe9
2d34ecab
926ab890
62088723
6c81ed12
622a0ba2
5096852a
bb063f5d
5282a9f6
254f0c13
c5dae398
efa372a5
4bd819b5
b30a2199
6ebcd3c7
37cc9248
53d0a71b
3eadc9ed
cb84ad95
c7e4109a
92ca63a6
13d0b865
77b7b3bf
febcc14b
d1325363
02e6c665
8263b275
52e18bc5
7dd1468b
f490f90e
69e67d7c
ac34e91d
311229ba
e98d7324
1139516b
2171d504
40898939
b50abe49
450b492c
3a43a0f6
c6100a47
9b240ae7
f71baf65
96050481
a005697c
834c7bbc
82705c60
815a711c
09018cd0
9d40de65
5e52d72d
6ac99041
29646279
0faed1dc
5cdd0350
2542fb15
35937cf5
3ac2c4a5
2ec61009
843c8c28
ebb97854
5fe0673c
0f35468e
69c400e3
cc72b1aa
0346c5a4
4bed2fe3
94e2d76e
c201990a
6b4e3931
8695a1b2
9c41f413
46d886b0
4253d34b
83c1b797
b177923b
3370947c
be855992
43b96000
a3a6b79e
8f856824
d4401646
a3c3710a
cba25860
36520ae5
bbbc7121
657d3cfd
d4e23457
09cb523e
8348d3ab
06aa38fa
2f4bb3b6
417d0bc8
02ad4994
2b10ba8d
e70d025e
99e21f64
3d59cf59
20b91393
21b86db9
83f3faa1
371d638d
eba1c076
78f35740
e88accc5
7ab58fb1
3c007f69
488fc2ef
81a2974b
15476c8e
1a5e5778
65e5adab
49f07d66
ab9879e2
97e902b4
25323c55
a89ee448
480d3373
21ac6d59
55af40bc
7cdf23fc
16ca2ccd
c370e17a
84ee61a6
5535500d
ec3a37b6
b47a0c86
6d230430
c2b7f94f
cd4a09af
4210fac4
6262ed2a
b808d91d
3ef547f4
0b03d9a5
fdd7e47b
716ed59e
e1629492
855c8b42
e843437e
5e4eddc3
22a52c54
6a9f8cef
9cb1ebaa
66c03c83
3fb68528
0225602f
05326897
2eb84c88
dce8a5fa
4a76e087
118627df
b0a85997
4aac2f74
cbfa074e
386176a9
2803912b
ed7844f8
e165ddba
09e596c6
706db7c3
8dd88a8a
88bb6d69
c63a8485
5e1f4735
2d985770
93fc080b
01fa10dd
80956c37
c49007e8
c4dd3d06
057f16f1
b8f0df1e
a6bdfe30
40f46242
c18816d4
5e4200dd
32b1dfed
56da9ac1
f96b54cd
4033dae0
88f5ad68
282ea429
74f34558
1f46a230
57a61b42
41c1e1a8
ca428e96
859c06ca
3ef99c18
2a908daa
01edd168
5583a573
1de8cd02
84bcbb2f
b5b7baa6
304aa10c
ce460969
3b6a3750
5a754b68
6273ec7c
08942b7c
650deed6
b8ea53d4
337a435b
16781b0a
f36e81b6
e6a12fcc
0cd1a26a
8579584d
2c2e36ff
154e5225
bfe063f6
744a591d
ba1435ad
9493e695
0b3d8b92
fce854d1
e546f759
bc7261ec
ad42175a
ea92b996
c96e1856
87b8a760
2f1790f0
b08f2f42
0cd6b84e
f4709c4d
47655baf
47383553
566cf6b0
46b6a156
1dc52ee3
f88b2665
3adfc6a0
7b9d2057
23689a73
1420f1e8
4d2ac1a7
615666e7
cb088c8f
c00f9c15
f6c88468
766d4ab4
2a3ccdc8
62ec7f30
d681699a
f2343ecc
10dc343d
dd2b16d2
d99d6c7b
e7c25821
7846220c
74bbbce9
f883783c
bef73777
d73fe10d
496c0e11
d10a04a5
8581fa7a
14e44d31
66bf2098
06a2309f
c407eefe
fa082b0b
d899cf89
5521e8a1
9bf9a60b
49aeb524
3704445a
59b78650
6215589e
33ba366e
fbdeb132
570c7279
b8c33a66
0acb6447
40d03002
6c62553d
c81e0645
6e609c74
537b3ae8
cae1cc95
f480296e
d06692b0
5134509f
7359cb8c
9f89ac43
9614058d
ae6aa7f5
bfcb8ecf
42762e63
80efb35d
2056bd16
2c782747
3243f186
d3611435
c1b61f43
77762f7a
c4063670
265136ae
321bd790
9f19cb4f
0cf734ae
79c4b667
53798f82
086492b3
1fc0276d
77b5a189
25d056c6
0729f733
daa4048c
b277ac01
66443d16
211e7c0c
e74f527b
043e8cdb
8a3bb9bc
ea5baac3
a5d41083
f29e5118
73cf99f8
0106704a
c83b80a8
be24dc4e
a41f1896
ff3c315d
47ef4389
75036d11
2d60227e
8fa097d2
ead62454
438c2076
124d032f
86a97516
851f3fe6
4e0b7f90
362d066c
41bd9066
016e5d06
27dfc175
f2ddd7cb
b00360d4
6f66292c
4aa242d8
c6681398
2443bf3a
d8466bda
4817a276
15ef703c
1ce452f3
3a084acf
108624fc
89731bad
9ad09a5d
7b334567
d8c6181a
366e9ac7
db998017
86e9b4e2
21f584e3
563c68ae
4608ba65
f8bbd50b
b87d4876
c7cfd20c
4f1a531b
3873255a
3cb94328
70246544
0ff2c905
8319f73f
670cac3f
50b09791
6233dfcd
0a83f763
84895dcd
b343c8d1
94d7d2d8
ccc5dc95
fe4b1083
7ec9623c
cd88472d
62d19439
4ea22836
89f00b62
4e752ad1
dc131729
233daa54
13794abb
0b608d65
52c4b884
a000f5f1
10ba45b1
234fc77b
6bab7d07
a42791d5
a9ce3d11
edaca7a6
7b611585
1903fb13
457e3db2
aaae2ca9
9dabafaf
08d960c7
e35b5305
b5920670
03c3839a
04f7deba
93a760c3
8d51b57a
c88dfd1c
954139fd
ef1ebbac
61522539
95df0ef5
0f0e88e8
6bed4e92
61700fcc
21c1b9c2
6b4ae2a1
66b7cd67
91072556
a8d18da4
0000007a
00000003
0000002a
00000007
00000071
00000003
00000960
00000440
00000000
00000020
00000000
00000000
8a9fc27e
d6ae3dcb
07a77951
358b395c
437a72f5
cb7c4d62
f747383b
abd2a970
46e16dc1
6c983160
c4477de2
50b6376f
334283f2
f7e759a0
1ee2b531
c38c7b2a
1b3a2583
bc00c772
f9c5f6f4
031b2caa
3f3011b3
89a5c193
b69f1eab
00e44c34
b43c0371
6733a535
a710135a
c8bf6a5e
64e874d4
297cbb49
8a38665b
c8331e33
89928a53
02bd4176
d4a8c1cb
0cd61ead
2fb59392
b5b583ec
c77a817d
95ac823c
74e736c7
536bf093
a3a6dc45
1c1cbf3a
47994a5f
c6be4533
ac7a3aa0
09333b9f
dac7c2c1
84ad85cb
59716c83
84a208c9
40d96fd9
005c178e
8fb06a78
f3a32ba7
3e1b0130
d732449f
c5e50771
6fd0afc7
6b9c83f4
9b9ac670
0e618d27
74b33619
f8239e75
89f070ba
a098c94c
c3c6342c
33692214
b2969983
998e1eec
3885ea3f
74a00530
2878cec1
3fc578cb
780ac396
62e8c139
b3954879
29892877
0c13af60
ac64fd32
fda57cc4
b274ca60
3164e02c
d88ec731
45106093
bb305f85
f1c0917a
0a71a714
353a1097
f92d44cf
53f37ca2
7e114a96
d9980228
29f1b9e6
79683d9b
93488450
561a9db9
8556f3af
c9a874a9
b98b3a96
2ed812b8
01a377fa
62387efc
93c92019
9768a6a2
83015f25
c581137f
38c62c13
3b897353
1ca8e50a
1178f073
26825923
3b886058
8b1688a5
9650c768
97c4a05d
9532bc32
23327455
33433a7b
2c9dd1b1
fc113693
42084372
b18373be
802da0fb
a4f3831d
4090a4a4
43bac5c6
0663ba9d
2ac07293
a3819266
20d05b1f
36ae080b
99c3cb27
848c6b47
cb993665
0888ccb7
68532290
f55ce052
4c905a82
62444d3d
497785ab
2844accc
9e122a36
f51e7455
e80b7df2
07841fbc
8a973886
7bd16e2a
04c1015b
413d2c29
dc19309b
3eec4d47
f49d719c
c18f0b23
74141180
5837766c
307a2775
56d7648b
f612015e
4a732b69
a64c876e
de036780
6c371948
3438ce77
df0d0acd
67768a13
1c531e54
f22fda71
f7ec8641
7c66ffab
921f06c0
ec24b316
5a7caa8b
92c916a7
62419533
53e62561
4b8b305e
3b16ac10
8986691c
d40eac4d
c91f6ec6
016693b6
e6b564a3
b9a5abfa
877506cd
3b289c3f
f7044c8a
a5223f06
1dac7be5
f33fa1f4
4fb37d3e
747951b9
85a000da
6634db8b
2c9037ad
4c65463a
5bc91c7c
77a80725
81afc5aa
6a7987bb
9b97d9bd
35e5a124
11718530
aa104641
ac7d53a4
ba074625
1d8c274e
d78f465c
8aabfc7e
46a9d686
8acf1a3b
0ff4b1ba
d53dcacc
d4bdc909
506b60a5
60494ad3
556358b4
13b10484
27579796
450b7612
6150d415
8b9948c9
086a7e19
a620bc8f
16cc135e
bbe00c8b
48bb9f22
8c8a5cfe
0a663bb6
02586b05
d74e6a27
c1cb1473
a7856e03
0ec333e4
0c023be6
03a0897a
7baa505c
69171b05
3490a032
d674a54e
06d648a4
3069d9b1
353fd309
a347cc70
1a14afc3
96099a47
9b8f2a50
3fe49dbb
990de25b
81993099
152001b4
f89381df
6139ab98
0e8b7fad
5a9c342a
d1810400
c1385b3f
84c1ebf0
f79636a0
a9b0ffa7
ef56cad6
9c606464
ad3ba2c4
ea201444
d04e17b2
2e72c226
626f4cc6
e64108ba
152b41af
f776d133
02a11098
74a2bb2b
1565ac35
133e1322
8cf6ef04
6ea8589f
566c8cab
23e6fdc8
ea512cec
3311189a
8080518a
55505751
78107b88
8418d831
03c55492
339b7074
b2770e69
7228b0f6
16b5b53a
bc449467
9e870b5d
8ad7478a
9a7a6b18
f98038ef
124a5a15
6a02a288
fc681905
e68a3d9b
7241d82d
747b0895
86bcb4e0
a00a9716
aab12c55
30096bab
31225588
0847f5d4
a03d41dc
53054881
b904e543
15a29850
3862683c
60c311a6
69841dc8
1c1415b0
0c3ce08d
326fb475
91673941
8d886c4f
9899c6f2
3e45793a
0691f610
56566c89
5e73dacc
851617ef
2a333921
7a130cbb
3c22e8dc
073c7878
9a9c5703
6e2cebf0
9083cef4
73a9970f
2f6958c2
45f15521
9b025c58
9825e4a9
d38a8e71
90653f82
7bb9d5b6
4915c624
3d7577bf
1bc9c717
90331b22
9dd34c09
836af0bf
b0c31e73
7eb9f5b9
658c190c
e7e33bdc
3097b09e
59c6367a
d4452399
16c16d35
e358791e
7af6af51
985022b7
1e164143
4a3f0c20
cc1cb949
f1872957
6c9d4ad7
aec3163c
461cc9d6
088bbd69
bc427eb8
aa26699e
c0cfc4fa
89141a7a
8966a99e
411eadfa
0286d713
f4bdc7a6
a45f48c9
248a354a
0665d038
c247b121
38850bc5
c00ca4ef
23d48ab7
3c03c68f
765cb993
cca7c7d8
b26483c5
48948664
dc191888
08401780
398442e5
11b560ca
28b01980
de7b4b0a
b5ac19fa
83377204
cfce1429
88fb223a
508ccec6
6f0e94d6
50bd65f8
c9dbd70c
da12035d
f5d55b20
bd443daa
581a3361
5729a336
8f57ba4f
93bc296c
a0ce3a42
11f49948
f0b776f1
03e651fc
496422a5
19666c72
d5ed3e36
610bf5ad
14418a6e
a998350b
11068342
90235820
34e21063
47a0263d
cb6369e8
311ba370
7d999a99
9ab59b04
c8ffce71
6e7ae406
fe7da16d
a10db934
cf15982a
7589777c
27fb29d3
2883f7a0
503e58ae
f1606d63
81895bc6
015c0034
83810d00
1d504587
342b40f5
14f98cca
b5bab733
5a7d76be
64f23196
b05aff32
2f9b9931
11a49145
ae9a97cd
de3d5bbc
18ea0ef5
4d781991
b506b311
a5a50f5b
4b222261
c58b602c
a99a5643
6930f426
e88bb92e
4b47841b
15159568
f2871623
c3fcb0b5
c847f39a
14b832d7
9c995783
11dc200b
10537517
570c3589
33c9b223
e651d1b7
b6ff64b8
028258b5
7ba686e9
55024f64
2b94c62d
65c764d1
e5d95262
84e60433
6cb922e8
ba4a4b0c
03544a59
93259ad6
535bb553
603afb23
f18eda87
73329ab0
371bf1a7
126e2c5f
e66660f5
0e34bbaf
640ee7b6
6a3ebdf4
bb2a1553
a2c49c84
01198fbb
746b1972
f6156be7
667cb9f6
90118360
32b887b8
f539b514
2b68d14f
6f214a31
b1f27ee3
17650221
be3477db
a3c47650
53a142a9
e92f7876
17d90761
84144d79
4b936c20
c1ca2fe4
8bd2ab80
795cb02b
87fa2325
7960429e
0e087aa6
7cca555a
0abb140b
9c916981
1b603481
82107e82
5ca1ecbd
b12f7858
37b42232
226b7506
5740b455
63a5130e
f23d00b7
1cdf0f94
bf84f9cf
bfad2448
096b04c4
b7703e95
d7b9934c
cb489f97
a7c23060
c0538ca3
101c56d2
34562a27
1babe593
720f6613
c7133c08
40b980f3
49b309b4
0268a9b0
1f38060f
a3ee7e0b
65b48f47
cc11c967
1a837a93
6b0bc7cc
e57aa479
eaef78c6
3e335566
9b4cc7a8
54ce5091
70930b3a
3405f603
a29e8f56
bc15edac
8c52a19b
ebd5bfcc
a148bd91
7da836f5
e5ab854c
24d09b10
3eba5943
140d7cb9
b4d8628b
88a1c987
43d6b10c
8735975e
7631464d
c8620f9a
37952db0
cdf9818a
2f8ff55e
e58b05e4
970bacf7
03c7cf88
f0e3a791
86d227f0
5d83642b
da124085
6a64535a
ff1174c0
1aac494c
0614638f
549f933d
32c7e467
597efd97
3b43d8ab
f508df3d
28f2b950
392f19a5
12954060
2a2a4d9b
5efbfff9
712cb09b
c3059233
d776ebbd
8f07120b
5fe501cf
ce96097f
e6bb493d
f0f37510
0915a459
fd605b06
5e947144
3178811f
eafe495c
b1c0e68d
cdc99772
65150464
6c678c76
a918f1e7
95d86d5a
0812f3c1
cde740e2
32914c15
57323609
c677fb9a
8de0ab1a
ca54fee8
a7feca26
f8d1e899
8ef4ee10
6eb7d7b9
acf61ce4
5a50d56a
e2fdb391
1f4b171b
20d985c9
f2523862
32e72952
492d1380
95357ade
217bc0df
cc79604a
6d6394f6
e8b4d8b4
5e02d4b4
eb89e28a
6427700e
0d37bffb
49ec2cd7
865124d8
aeacf4a8
1aa1193e
e2df390d
f94d56a6
8d892aff
cc2d6b5b
8234c7cb
e8f677ab
5153143c
ef5218a7
b8ffe79a
16458515
fda37e7e
fe57c4fe
c554363d
3a6fb797
e85c7c23
3ffcfabb
6f29935e
e70b5b55
e2420c87
3bdb9bda
e4eb9708
dbbbf636
577e3d6a
3abb0305
3546e78c
843c7c70
87d2a119
710baa41
598ed760
d68bf668
c5830422
d6d4a468
da9ab28a
ff944470
adffa24a
4537ac34
33393d5e
8112b0fd
17b70355
02f028eb
87b0f3be
de9903df
dcd14280
c4fc2b57
8b3fe61f
0c4e52c7
b4edcec3
fa9ea6e8
34bd997e
b4437504
0e2cc370
365044fb
70b71533
3fc7f3b1
db839562
2b96b2ff
f92a299d
1bb05f70
de6832d6
3c02e2f3
aca6c217
3ed14ea3
e46c4c25
c470136f
5d041825
92dd9d33
44e6fab9
cbc36637
760f7153
7e29f6c5
96445721
c14ad714
9c353459
12f0a8bd
9dbdcaa9
1bc4143b
90420b40
a18472c3
b9c51273
c3ecb531
121ec832
e5069ddc
ab694682
0e6c7593
a6ea366a
dfe44fd6
e0630286
c8553470
cbb9cea5
19e09462
803cf392
8219becd
3c205691
3fe655aa
76ee3118
99c39702
10f988c8
f18abbbf
dc0a11ce
8550c868
36845bc1
e7c546bf
6fe6ebca
595f9ede
150b2772
4d4cac60
c58654c3
f62a16f1
e223449f
b13d4e69
55fdc204
609ab794
99eba879
2d71c146
987be367
e719fe54
86daee4c
1159aceb
64e1f7a2
7889fb24
9ed18b2c
6df4f2f5
889ad340
167faa5b
b60e640d
87354a70
ad897678
ba65b137
26eea0a5
02f6a2e8
cbcb893c
f26707a2
a01e4ac9
9e09e8b4
98487c9b
abb45f5b
cabbcde9
4062628d
e578e90e
d61e40b1
638a7fa8
90702c28
5d5f925c
d0db5ecc
77269555
97f5a4cc
4bd5f06c
1d98c69d
16a12191
343fd890
d88dfcbb
bf5a868d
d549b271
475188f9
d28f98d0
fa812c8d
c3c3fc59
b5dd3ae8
bf3ca2ff
d524bad3
7af848c9
b8705f50
cf78ee04
f6d044d6
16476ffb
7126a1ef
b9de0bdf
d92aa26d
47a87310
f60999a7
b13be8f0
918aaa6c
15399d90
b14a9cc5
d8687928
75851ced
c6a7090d
265d7848
4583348d
7b1c51b7
9d22bd31
55b42964
aaa45850
2d435e17
7cc282eb
8c236703
6bfe3d87
cfa6b3d4
c8c6446e
e6613763
30a571b4
725ac627
61f3cd63
05b173b0
a64aa89c
79eb2ccc
9b2714d4
7b9d87a9
c882ed2e
fee30a81
09f274eb
649eb52a
efbc93d9
b0b6672a
0c9f680d
f6ef1e4c
52a8f4d4
9915c2b8
3a579ce7
4e2700c0
5e46a4b0
9a8af0a1
d59ab437
6fcaa51f
3366cda8
2f160d15
54ddd034
b376686c
cb33bc21
f80d492f
ed0da837
e3489420
0000007b
00000003
0000002a
00000007
00000072
00000003
00000960
00000440
00000000
00000020
00000000
00000000
a87e99f0
04e978b5
38f7f002
3254a7eb
380f8dd0
1b29109c
df7393aa
f7887097
0cf09e6c
b9c68500
023e0100
9860d53b
0cb35956
05dc8b0b
6c5a6693
77784414
d8469377
820a5c33
8b9294c6
71f79b75
9eb4022e
cd571855
63a5bf41
b2d3cd77
6c01c6db
6bc042c9
67c2ec03
2621b694
6023ce60
b6d74cb3
da5d584d
49c909f6
46759775
67198958
a9dc7fd4
3f6189af
02ae044c
c8a84ea5
ba612336
97027ca5
9851025a
5d45e8cc
9abd376a
11d12469
20856f15
5c456a2f
12a48ec6
0099deaf
5665112d
596cb9c8
9c731339
6b42874d
6558c19c
89a64700
f20f42e7
c4377ffb
4f223d58
920557da
7b4d5683
66190852
7a66c1e3
a25a088a
3dfcc206
e35a1afb
e3c10384
69252b8b
d4c9c5e1
d87aa574
6bd34308
6e6f3844
1c278230
7ddafa36
89b72b58
b0e5032c
8aab958b
288819e1
dc804358
6bfc23b6
cc00e625
d61a32bc
3fa7189d
61688441
c1f15bfb
c44a41b8
7dbfc8d5
b52f0826
cb0cfcbd
021ebc80
ca0cba4c
1f115fb9
f98f46aa
c3538207
1559c845
c7670923
533db1ba
31e60ab0
1040743f
b85aa5d2
020526c8
e39fb1d3
6b1a6ef2
13d13f7c
04774bf5
71195855
2658e4aa
685c91e4
a237a086
4d041443
329da6c4
65635a7b
7a4a1871
3d950a5d
d759a086
54e88565
cd56fafd
e48e60d0
52abef64
7998018d
c6c921ba
a336e739
12ce74af
b460c278
6fe99440
ee6fca70
6795b785
a1c18272
299756a7
e8ee34a8
425a1b97
8b7ca25d
50c46962
19a03f8b
be328824
562ec33a
ccf76b3c
fb8288ec
db7a71b1
87835670
f872e828
b6d42722
3f9b4f54
146868d2
70621201
17354121
0694662b
c7f704b9
0d681f27
ae9df104
ea119114
7c95d960
4947b366
eb184d47
9fbb8d26
5b1282d6
5843abcc
1a231998
0f002a9c
e1f5ca6c
949497b9
7c27894c
02301bfa
68d698ce
0d274172
535b5b35
5f6a768a
c86f05bd
7010b30c
08e85fb6
105b68d0
d643b45a
caf60e09
0a8ee1ee
82f8c387
7cd58623
40632ba1
ea808469
cac5d73d
425060a1
89dc8483
b15b2bc8
80a10602
c9bf4453
37f01054
a4124137
80e64594
6ac0ac44
225195bb
0c927e11
ab9ab920
b8981c6c
72489b35
8cc71760
e41ea597
0527b8cc
b4dad24a
9869709f
57f5c29a
be1c8f82
c26ad843
68eb1a54
71002acf
9b3ad82c
7bf48779
12c9738e
149c0870
59cd16ec
1b10c58f
20937796
2847c5f4
14439ea9
cc0e895a
e141350a
38b74985
f8a66b2c
48abcdac
ca584c31
d5a6b5dc
843063b3
83e1b21e
e3984059
1411c7fc
0cb26047
f38da8da
9575174c
c94ad37d
c04412a8
9c9a3c15
a18c849f
1293b6bd
3593619c
48cb8a8e
e923c02f
b30b6859
7a8cf5a6
8ccd7b68
7befa6a1
665ab8cb
432e28c2
bbd41f6c
4d14a059
4558cce1
743a5fd7
c9290b29
0255f56d
5065a1fc
a522fc82
259f8204
65857d5a
c3c7cf6a
f377564a
805ca269
2229db5f
0a12f0b2
d01cb25a
cab3e3b7
91c91062
d9963fe5
02b0368d
6a0c3a79
d602328c
ad25f535
4d6ff1f5
93c1a86b
1c39058f
2f2ce653
c389312b
28f65110
2daf5177
08f521fc
a4149899
635d6bdd
abb12ee2
cc809581
ad44ec25
3beb62e4
6984c51c
f276ba71
4a11a459
7e0c2577
291e7c84
c1102dc4
1c5691a6
cd1bc224
f6a37fbb
8dab5fc4
c7583049
d70374cb
8e7bd843
6018818d
e9501b69
952917b5
7f6daa8c
284b78ec
2039ae4b
6176b546
e7956a4a
98a20753
91c73ad7
65cd6d88
67cc2740
51634361
259d5fe7
06d60e18
6b7c9468
47b7ad84
69d06866
801d3494
33951054
78a81b7c
78826168
a1b54cf9
4da10a8d
7b3c1bdb
99e25674
2371bb7a
dbcbe44b
2be928e4
2b642b5e
781ac832
52408f01
a4772936
e35d2092
30e83639
8a53ffbe
0ebc58bf
78eda7a3
ba2c7c72
e05c61ad
7a4b952a
b2fc5d29
b4495129
67727d02
09d4c33e
8583667c
f61c7f4a
5854f149
49151311
6a855ec1
594a35c7
576fa20b
77a83843
81347c24
1a4e3c6a
60559810
9e0137b5
ce630380
a456ca26
a8ac5fca
d404486d
a1148527
776a750f
2f095c13
fa2d3179
4f5732ae
5d01832e
41a04cd2
43139eb4
7f296338
50c66d77
45f9f83a
7a42b48c
35e5b009
2330a521
c4314587
db8119e1
bcd057ad
71bf07fe
0b799342
8c37cd8b
3753aca2
67f60cbb
3ea4d17f
ae416153
6ac4cb40
cd5881c3
1b116a5b
e3831736
7330fe1e
132d520d
a7343800
36570215
f4a7a97d
182723aa
93674184
72667775
54a8aa37
255a7f62
ae01b956
fa737bb0
4c609715
5bbc7283
8735c976
7d394561
485f9721
36b254f2
94312606
9c14744b
86e1c221
2d5c79cc
f1979cfb
41937516
c0f2b0c4
663fecf9
2bcb6308
85c75378
86185679
bba263a8
a440e49d
790e773b
0b1f5392
6a4c612c
4481b2c7
f1783636
46a438ce
eba75328
ebd7469c
0f432d3c
fe8a379b
5bf2cc5c
c63c78ce
294975bc
2a372844
c1f74347
b70dcaa4
f5c14525
5b8cc90a
a27b8a7b
74930264
83473c8f
9441a8a7
c5ba700b
39c6fc69
bc4b07cb
31aa3008
67c96b2a
854e79b0
d3e083fb
904592c9
2f2f9a8c
48f6bfc5
85e1c61c
088da4ab
92124588
7687c5a2
4c11cc1e
ea341b05
9d94e1c6
015c0064
07043ff8
4070d67c
e548a37b
ec3e6457
9d59c78c
caa0f688
bcd0639b
1b89bd88
b876d97c
579e6cc0
960536a3
64c45cbf
dadc0960
851297a0
f12e2a37
893ec300
915b8410
b39fb7a4
2ac68900
27d5ad9b
08bac66f
1a184a89
2ea85d54
d091c112
160f6ed5
a766fb30
d2c86a64
2cbf1d4c
a09a2b72
b8c9a388
917d6d5b
0b8c1107
6967489d
9bf283fc
48a021b4
21b45947
dba94c80
15934c75
f24cc103
12965055
accab47e
da49699a
2c169fd8
2e182217
2f261cb1
13663207
5892f28d
052225bc
1444c14a
960108a2
f20a6956
81fb9ffb
02745875
7e42e7a4
80f8231a
cde6f2a9
f8ca94dc
0921395a
355933be
0314a460
4501a5bc
9f7078b6
05b12b40
33c201a1
11d26501
cb560165
0068ce3b
5bd0c0b9
448f8037
c9bf1c8c
31b824ab
4e55dab8
dbdd98d4
51f6421f
c875538e
531b74e2
4dfb545f
c991977b
b535b9f9
b4f65c7c
ca01f7fb
d10053d9
18d0953e
f1c89c60
7ae20e60
3a6bfaaf
ad9d7495
b9495ef9
18b04020
66504688
21cd4c26
56f55bca
3410a20a
5aa472dc
06bb1121
14618441
0cf21e7c
152282be
c916a209
20a495fa
17974551
376ee884
aab469e1
14417d29
294fe5c6
2be37583
ccaac600
03463019
607b80a9
10f0559c
c1551121
d840979a
b5fa2d26
0a16fab2
14dc947c
32c506ac
42c61501
66a41f36
a8f208c0
902806db
3489ba45
77204397
4c6df16c
b7aa946b
aa021176
64a9b544
e63e7efa
a6d43633
425a8c49
09bcb8e5
89d7943a
0246f234
00b5e500
c99dbaa2
dc52b876
3de77eaa
fc442ef4
63aa459a
dba847a6
e30c7585
42ac4fd5
52e162ce
4383d560
3df66522
1bd12ba8
3c19732c
9cfafedf
a890be13
a3c29f83
df574fb1
94031fc0
9e543615
1666e2dc
d451fed5
cea3833d
ab9ad4f8
f4aeeafd
6e4f3f81
18ae094f
bd3cad33
77dff93b
c862ad06
ec741c71
725a0c83
7e08c776
73e00d3f
30655cce
8716c00e
73878ae6
1d8e832b
73a3515d
60afdd7c
bc596556
2579e0d0
8437d481
4bc5eb5f
2e0a9508
8b91d327
16f3cf65
883a01ce
69670bd5
024a09ef
d4233878
99085c98
3031cddf
af3b0b6c
645e7bd9
9cc07179
dc15c15b
cde24165
e7940efa
a3aa7318
3cba8b77
d783b360
af920cf9
a5176e84
f325371a
48bad707
2e8051ef
35838201
ba347389
9cff8b71
d9aeb2bb
efbb3e3e
f6f75ae0
8549e1e7
335e113b
e8c23ec7
c31ac3de
078f014b
d97fe253
794abd65
478f4af7
14211e49
250826e3
9694e4df
0b4d5f39
a246889c
98b7d5e3
bbeab693
e1e7791f
648d79e2
29a6f33f
90c494b8
71878bd5
34b0eaef
1f281168
cd3e15f8
7c3e4f5f
18ff4ab7
416041ee
284b3165
66838d76
9b73dad8
c28e1f55
e0d0ccda
b17edff4
62bc3b13
ec0fc6aa
31d0a242
e31317e7
3a5522e2
b43e0b4d
e01c8818
a1248792
1f0f0ad5
4336ca9d
e2b39e39
08b24725
65e8e5e3
3369dd6c
e0479eb6
d1f5fbb6
27d382d5
4f02f685
1e6ae838
811a3b19
9e62c60e
66b08cbb
b0ce06f8
f7184560
7af11cdf
0126b0bd
0e498c56
a1d7bada
0bd9c162
3558debb
7fef73bd
ea4e211c
c0c67db7
de8f9e62
149fe847
4cca1c52
b78886f4
f275cebb
c95e747c
24a70081
07ab56df
56b3f111
77615db3
764c5577
e39b0a5a
c0ba4e85
0cdca913
03a30bf0
68010881
980341b9
424dc296
859f4d35
0245545e
fd925ec6
2d6c81d9
fa65288e
8aadaf66
fa4c43cf
17bb7532
6297a0e1
8e789113
6cfd8ad1
e76a1ac0
a7681645
c96a5c64
a0601e80
1a6eaf29
028d7d06
bb405975
c18164a6
21792175
77a41251
7c111233
2b36b157
90697263
42fc42de
61900923
97c420c5
85814c7a
bff472ee
55eb4a79
ed6c2a87
76d448db
b15fda66
78367350
3f627bb0
4811084d
a548fb9f
7d52cad9
fea2f2c4
32301de5
9073db41
2eda3494
b357f1f2
37ed4194
1171eb4a
f10c3570
f195c145
ce0d12db
9e59162c
a6963600
1c4a88a8
908b501f
e120df77
c8482788
034723c2
a5062e6f
2105ea75
3f5fbe20
3eb02563
021baf14
6d645e1f
edbc3ed3
a9d0c92d
5727a2b2
6e73520b
d101a0b0
7a9fac3c
9b08487e
358455f3
9d44b0ea
aae0770b
fe73e922
3ddfb59e
6e73ba4c
ff57a975
e0810bb9
5ea5b100
ec31255a
0e9882ff
4c92199c
7e566b58
99c844ce
739411bb
75ddd578
0d9e81b4
656bde6f
c83adf83
2768290b
23ac93d7
26c43c31
ef700fcb
eaf11168
37cb76a7
f50d1b94
f6dfe9cd
8a1fd277
1b912f3e
bb44a69d
b942e62d
07f1babb
f215b185
e0e9251a
56e2277b
dd27dc8f
4fd69ae9
86e975c8
8699ad61
35d3818a
822e2a35
a0d4e853
38828b40
ae4f548a
b36216b3
4418e963
54c240ae
570f670a
8a6e48e6
cfe36c78
93a7d5fe
c9234998
59d863a5
4bb65e4f
3f737e89
d9c0f1f9
14111b8b
4191e89a
030c785e
5e32b228
cd2d7177
d1b2689d
cf2017f9
0b2be932
50d2050b
407d9ddd
c98b3738
86da62ee
0000007c
00000003
0000002a
00000007
00000073
00000003
00000960
00000440
00000000
00000020
00000000
00000000
b3580005
f49a415b
89127321
7572e83f
22e433e1
41378980
1f9388f0
64abc2fa
7e77fb04
972030d7
cac59046
a1bbeb96
ff6ea7f0
38460859
6f747259
d58e0c2e
305e989c
5b1c43b3
c1776aaf
36d131f0
90362da9
d19d41e6
bb27b757
bc41d248
f81266b3
a42d6b08
6955b813
a1a1dbd6
d35f6069
c208b97c
2e06e9b5
16069485
10e5391c
902cc568
24827953
1434bd3e
095e9748
ca3a1267
2077a56a
b2bcb7e9
383662eb
1703131d
e9765afc
7ae47356
5bb77a1f
bd5a0023
b08f1498
7cfae3a2
f392c259
79f71d41
1dd7a481
984402e1
53c517cb
9d04d699
653419bd
07bbb3b7
64878694
152537b8
abb26db3
9ce05343
d7535ac5
c2b5ca23
c414de98
952b1506
e93e6b8a
0b492d91
e3287c30
00ad4b71
7ba82d52
1fa6b5de
f6318c30
b8668d18
bfa3fa64
6b1260e6
c7962155
e6129077
741d6941
4c620e95
0488d932
21268acb
26f25bbf
6b4770f4
e61d53e2
90c76155
5a2ee812
faffcd1a
5b656f97
8c520680
7302438b
843bbe87
870489e4
aae928b2
ba1c7ec9
6326bac8
f3a610ca
94f9b79c
0e4667ec
0b9d9cda
48e4b88e
8f342086
0c858351
8e87150d
4e639a77
d8aa5e41
6ce7dd52
5a331b65
f4b835c7
9212568c
4280349e
453f93b7
09b2c62a
0e12b108
9c27271c
30826265
ad04b6f1
a40f44f1
63ac27cc
ebcc465b
6544ca17
5f563740
0c2d5c8e
ca3e71b9
08730fa8
378c147d
16334209
cdccfa7a
8c39e73b
7987b3bb
3f18ff8e
70876bcd
85de3029
0b070fcd
bb63383e
f83070d6
4697af86
b518595e
62c93b75
4faba48e
6039295e
572134ac
afa2eb0b
7674d37f
d52a7fca
66a9b47b
9cad7a60
5bf222a1
8f64ef43
6545e5a7
f0327963
47ac9e7c
2137d91e
87ea776c
c926999b
0ccc11b0
46c87342
97400e3c
0c49e1cf
985d5f97
82d4aa6f
5a6b1090
c2368a02
73941218
044938ad
66e3922c
0b31d222
0c2cc112
5218ce63
146570ae
0e8c6663
04fe867c
50664633
7dc871c8
5c9b10cb
1cdbebcb
f667241c
e5a5ce07
1245e9ac
73c1b8ee
10cda1e3
4d537507
9cb77bcb
76ec5d86
5f304024
ec70a77b
6bae8146
21b9d403
55ced62f
50f728d3
c9986135
5a09cc11
11a8c7d0
8db60298
0309a25b
c7367e76
93d9acb1
feb54ab7
d2dba381
12721016
77349bbc
07590fb0
ceb8502e
cb20f9f3
6bf4479b
75f93549
aebc9aac
e8483710
1ce13590
c5b17cb0
219dce98
38e07c80
c9c3e5af
e2d0c88c
2d05e651
603f891d
ac87c7e0
a295b815
cfbd1b9a
78972528
3ae2eea6
208df5c6
b7843e31
94834ca5
eb76e0d6
626c4da1
ae3b275d
9079d81e
81d74dca
2187024d
e95c7b44
85e21d44
62acad2b
8252937b
b8f7509b
2d06d33c
18b1f7a7
5921a152
c687d30f
c4353255
4a869797
16339d19
d53d3737
4256ad12
3435cba4
6a64ac0e
d0557294
becbbf3b
64a0e4f8
49021bf7
77565a71
17698a58
5ab3af30
b5d983b4
1d5d77cc
114e6414
3bdb9536
0a49dab0
fc4a1c26
70e280be
2a6e40f4
5cfb2dfb
3fb3598f
415cbb18
1cf69cfc
95f871c8
81acb7ca
50a42620
5c2357cb
4cb4130c
6a050e43
c7aa0219
59381c32
75a8bf27
9425ef2d
5e4543ca
21518be9
83b82507
4d750880
f997858c
9bf20ca7
587ab91a
35be5eb1
4e905d59
8d63497b
2602cb67
4e6a7142
489fe1b3
99683924
954a875c
d1384392
f703a1ab
86553c1d
9f4ba4c1
590c6932
1717af94
b271b331
1020bb77
1f1b6f1e
f9ab09be
c8ed0646
a70ba649
5dcf7873
41416e96
cb4890af
8bc5426d
9450cf34
0965d039
e000090f
797a67f0
a9838e6f
2c830b2e
01a24254
37e5bd04
ce68d7f4
6391b224
a5906dce
70b487e7
a3b3a7c8
809c5169
e0bb8670
e46470f5
5b05364f
732fdc80
7adc795c
0cc653b2
244bdc7b
746648e2
7d757b19
ad9469d8
a2df8af6
8686166c
3f8a0ca4
835278bc
be64a87f
ad2db001
c18a6c8a
5c404d37
b8aa9a1f
c87c815b
c4857796
21c2a518
50f43a84
9f01ba27
30cc9c04
d5793b86
7d1b1ba2
f707a795
db2e1209
a485b5ac
1520a876
cc8749b6
b5c833b2
8fb9c485
c6130143
4c38e5c8
a5a3f027
60743ec6
574bfc86
9326a488
8a84c507
74814fc9
a75ba323
f87abce7
5a116e8c
fc399356
89e69716
8f69491c
df23b7fe
53af6222
bf9524a4
f76ed812
f5963fe4
c22767b3
524ef93e
346b37d2
c570139b
7984e175
f4593aa7
816a942c
a77de3dc
f5ecb1a6
aa02cfb4
cebde9f2
11d4b13a
155ca495
3a6e2125
56342ee3
0fec4232
cd2be66e
70555be9
45267968
de7ba121
e157af0a
739b6cc3
696b5230
09692b0c
26869c43
9fbf5740
0422b864
6094d284
22464cbe
d1f0ac15
38686000
8a652a85
64595249
a856ba8c
9f19cb3a
5c1e675c
0d18133e
a581086c
02c50f8a
25d3a9bd
19333696
c2a63328
2580dbae
4ab5490d
9863bb7a
1a8b1c79
8871f608
c39209b9
b8384410
1da218bb
179b5b32
0f4a4b97
3b36530f
e7e32021
7caaf889
8903b870
c120a590
8ff206c8
bc92b1b3
54734529
b517c9bf
b4b18167
64c82611
0766af05
27406743
915816a0
83f85a4e
f0a760c1
58716cca
ab93a059
66ca45a8
b66f2cc1
abca5b08
6634c423
2388331b
6c8c984d
7b24f439
ac2c2651
16d3ac8c
3ac8f8c8
66650c46
c91bb68c
f67ef108
aa139d24
c0742c0e
f58da469
bc0e16b0
78977b66
887ea8c8
02adc8dc
c623b433
906609ab
dba6abc1
6aa3e083
0a098979
834f25cb
3d031d2d
459dfba1
ab527116
8be73231
3848b634
6b288a9a
42c2a201
0e5ac03f
1c7291b0
81f89dab
049aa4b2
aafeaac6
50cbf06a
5b773aba
c098a148
11945a92
2e31877b
b982b0e5
201aa0bc
712ee98f
c3ca7a6b
27b06a25
72c3d6a8
9a7955eb
c8b79549
242d65a2
46bbc459
5a11a16f
d90fc6b5
3c4c965a
9da8f85f
3dc70b6e
65c8a2e9
80289676
31a11063
9776992a
536ab166
5d6cac99
dbdda2e4
9619f109
490d58e8
1a08c7b3
99c5d605
3baa52a7
8ced47e0
b7aa705a
94af2680
888f6068
3d48802e
0450617e
45206a30
208cdd4d
c447c28f
82605187
1df92f90
f9588474
27e051f3
05dbe08e
9c5dd383
ba8a799c
ce25fe8e
5b41427e
d6c99b37
9d7a5339
060b51c0
603b1733
a9034c7f
803ef11f
295da567
7f32045b
65861ae6
381a94e6
12911633
916b6a80
00f4b4a5
4885fb3e
c80939b1
d12f0ff6
c4832443
dd45941d
e2ee3629
6266c66f
3e0e849c
d06c930a
cf8c6651
1e835203
068b84a9
89c4201f
32c5c97c
390470c1
0826de62
025e297c
19285c21
c414d38d
328f3cd9
1017585a
b411452a
efb552b6
921821b9
5b686577
b97363e9
91f17be7
ade64c99
d66f97d5
432b053a
aa2abe28
ca314726
343e6c26
4e955220
cc8c2189
2faa9498
b95763da
6337feb5
ff9642da
1ee88d84
cc8bfea2
7adace90
8a3427d7
d64c4745
1fb9e3bf
756548f6
25938b31
1eeccaca
6ed5d051
b0437da1
d4a2c114
dfb07712
13eb8794
4a7e8562
4a71e4c9
174aa0d9
751422c7
b4887ac8
dcda9a17
bbfae87f
56e8d47c
bf207be1
f48d2a6a
30bcee87
5d348f2c
eb882cc9
3d5cb32d
7f21dd39
fc4afaf9
253c2a8b
a3ece6ee
f9e7a2fc
dc23d964
10a9f25f
8ad68f93
6c8f75ff
b18b146c
8c7f2fc2
9e68b32b
9b8033a7
c24df929
80857df8
19021be4
d0193c60
26b6f9bc
18ce43bd
0b1e9aa0
7bf1796b
d0eabb4b
198598e3
c18505cb
b92f8331
4d71fab0
2c5e727a
c474ee51
d5f8fadf
dc1ecf13
a864afa0
ec1b8973
9c332c2b
17242b90
aab34119
fdd52415
0e6a77c1
40264b2f
a60a8e39
485d4733
2f2630a1
df30ebd3
8a537185
268f069b
e4cc9ce1
654e6648
2447cd8e
94883eba
00c8b135
dca4e5cd
00a97f15
194e9ab4
db81ecec
7afda439
31967066
e0003fcd
81339393
ada1bb56
22da9060
d376bacc
4ebc139e
70c18f47
a1c8ba74
13899a7a
08b430cc
920aba8e
8cb7b8d7
5b4cd8ee
081bdf0e
de96746c
35d003dc
0eb19eb3
58e37fbc
fdc0f5a7
e85a7ce9
6abee3c2
9a02adb8
4b3a91cf
77232f08
ca19f367
ccf4d685
fcf1bb63
e0d60bea
cc6cc1f4
8c74196e
568a3631
898efadb
1bc3c208
e90623c9
28f51ad8
44acf560
1f7d37ea
f7b57ae3
c1f9f1c8
d8cd217d
dcb97f2a
c89d41cb
0e314ccb
1183a51b
c12e3e4b
d824967c
d11cf0ed
4f5c65ca
3128cb09
0fa2e4cd
16bb9989
40215d74
aabac062
37a7cec5
452ffa19
1453020e
7aaec6c7
d5c61d58
444847dc
fbb908f0
d9be9ec3
6e72dbe0
6b3586bf
ee057dae
3b5c460e
96e27db7
4a6f9395
fdbdae55
663397ec
e28b457c
ee9d515a
e348970b
e3f910c5
8173ddcd
7129c3fe
d42aa7d1
891a9960
81ca6b95
e23e445c
0617e1e6
af7ee58a
7640493b
d34a35c9
4aa3850a
840c2e7d
53aa151e
fce84736
846cb974
92cd67e8
4237e386
b85e31ce
7d6bb286
cd941727
e81e3035
887b37e4
bb1e0b4a
658e06bd
cdf55933
e6986a1c
446cb682
f59710a5
cd7dd550
0560eda3
43a03f79
314df947
216a774d
23b4543f
2ee370fb
da38fd01
6b983903
8323ce12
bcf114e9
efd48cd0
7283ab4a
5ab53479
05284282
32e14ecf
ac275718
3ed5aa04
560a1ecf
c31ea178
14698050
048f8a44
28170bf1
20fe3911
bb420a9d
b86abb7f
6826369d
7db69e7f
47910cc3
43f80000
9215e3a8
1379fb7b
a93e1950
b2e4841d
bdd1ef8e
38938000
52fd738f
484a7bfb
322d0e57
4c7116e0
5dc287aa
292308d6
dd84f8d0
d611a751
47616cf3
57cc8757
95e0b22e
7775a118
39fa8778
0fad15aa
5e83986c
6e76c887
bdfad763
0576eb74
bc087dda
7ba92647
33c06672
982d5abb
98b5bace
8650ebfd
fb3172a7
06956489
8afc354c
fefc4db3
2c977dfc
90d17c22
489d163e
76fdf154
60275cb6
c6bc5e29
6ab55e94
0387a648
f8f915d8
355e507e
0e250791
26e89eca
da12ed48
678bea84
992604aa
db473054
a89ee76a
f5d63995
fdf516a9
3ee47294
ea1ab548
2062f7ae
95f3ef34
dfc10a4a
02de0bc0
6630cf5a
614dd03d
76af044e
6f3ab22c
7b4e5a46
36c69e3a
3b70fe33
9c78e89b
d8a50a2c
c1367667
45b5085f
a4c5f9bc
eac56b83
53391dd5
cc0d3100
f1bc50fb
fcface75
3a1c8aad
0000007d
00000003
0000002a
0000000c
0000009c
00000006
00000960
00000000
00000000
00000000
00000000
00000000
d4067c2d
a19e058b
354aad54
712b357a
b2f2a882
973cb76d
4d65b8aa
54df0e94
cd332e87
a3c6aa7e
56a19599
91e3e41c
54234a9a
d0365005
abf9dac4
f3400b88
c01c845c
0ca4d27a
41c0e504
46339a74
55000bb3
56789b06
c35e9616
81f000bb
f53d9852
e4fb722a
a044303f
c95bb2a7
03f54cb9
c8f7d35b
97823254
00fec516
54485d9c
585f6a9d
f72d2b21
94a87d72
113980df
89b4184b
62586575
679120ff
e7477f71
ae37570c
396183f3
5b34b695
72315770
7e74271d
0a130766
36222dba
39bba272
b16d1efc
2d8be5c8
8f547254
fb893202
84a67737
c36cb7d9
62816a6c
7959718e
597f8a94
6086ae72
a15c0b0f
e6c550e7
e2125be7
9c551160
b10e049b
b5022031
bc9a94a2
3720181d
f53e83a7
7ad12927
727a626a
49bc2eb2
5beb7862
8d9e363b
59020dea
7b636fcb
cd76cab0
84c96185
34b11f3b
8cace2a1
db0fb874
8ee65753
e6aa6380
7485076b
1b2456cc
1359a750
0a9dbc3a
76529752
da4a289b
b0c8af29
90581792
0a9e9bcd
3a4d1774
9dac8083
deae8cb8
65f846a1
406acb54
dd614c0c
188c29a3
6b84ea06
3f40d55a
e4fb9109
4551e163
d8787a14
f68537d8
ca99c65f
97520c2f
d9550377
6e4bdc92
20a4dad4
90939cec
bf738e04
ee47101f
52c237c9
bf5b5177
99ae0c2e
66470f46
6f6c2e4e
1a92d546
045f3877
6d76e0c2
f589a2d9
787240c4
326b56ce
ce13b07f
c9cd7043
c7ab6437
a98dd62e
844eaa4c
01c0133f
e8ad2859
311ca267
84a91b4b
ac18dbef
62af2d29
98ca2669
1900b36b
6c0e05bc
c48a0fb2
1f14aaf6
013e7a97
56d749a6
d8533665
25c94ac2
c9fc9bb6
b10c8b36
0a24cbb8
c4053433
77c0f8d2
222ba1a3
0ae78e28
bc2d15cc
c3ae6c38
356b2680
8752aa71
83f71624
0ac61a2c
9c06eb86
ec25857b
a2e3df72
496fe3de
62974aec
40a469a8
e90b612b
f8155209
c468fe61
db2956eb
a3a69092
bed82467
b0562538
470c41b4
36d5be15
12b84435
35066a47
a2426151
56bd45e3
3805c0e7
c425580d
188f5a54
90755834
300ac0c0
df9383ac
2ce6cffc
15720174
071d7cfd
1210a617
27dbba51
28691710
402fb0f2
b1180684
3588932d
630d95cb
5a8bc48b
4da54a3a
9cfbaf7c
cba65205
135778e7
ebb37314
1b4a3dc5
305f4a2e
8a8c9e9c
c83b4347
c3452ca9
48db02ab
703906cf
dac56ba6
473087e7
52c2ca2d
c2ae6356
b72d8532
42005aa3
c3a6374a
69848a4c
7b48adc7
5c634b3a
46a751b7
b8453942
dea240b0
b48169c6
984bab44
ec2b9553
49945fca
5360662c
df89a10c
dcfeb656
b7282245
9202a0e0
846f2916
1500062f
58128a47
701b46b7
cc395fa8
2e73d0d7
d9fd7644
3bd59a4e
108b4297
e23d75e1
09c9b3c1
29cf79d1
d4208c03
2995b4c9
f961d45c
2a31a491
a2568daf
d655c818
d1d164a1
c3e10b33
c0396568
c6233e18
3eebfa02
d260048e
8a664304
c417f9c8
3c493409
928fa845
c69a4493
64409bf1
eb1db97c
72cce66d
00bf640d
e5e25770
1ad26f5d
134aa926
4419a097
7d89508e
c20fdc42
917526cc
1204db16
43ac9612
7259518b
4139dc19
fdc1b63c
f5885ee6
5cead04c
e0a4c4f5
dc852569
5683b465
ff770a0a
80271a52
88938608
112f9bd2
bb565ed3
38f237a9
8b6d29a9
e81d7786
2faa7f7c
b5bb5bc7
9a5b4ce7
8805a6a1
8a7ee3c1
f2755568
b7b47c00
3d365cf9
82489f59
b1781b79
6a6f2691
09bc5849
0bd161ac
aac71605
5af54490
822ad5c9
5a3a9c91
f44baddb
86243f30
fcbab78d
4622c744
7285c3af
69176341
8c10940a
ce15b445
0ab6e5f9
0af27009
119cb83e
826e9c64
68cec354
462a8f8d
f90915eb
5080b638
65cc1659
e20f232d
917f10b3
cd15c034
d455b6a4
fa579750
271c1112
266fc36d
cc9a37a0
cde98155
5549baad
d37c9f12
c2f52a03
497f9b29
c03d5327
1d2444a1
6f23a113
96f66f97
11691aaa
cb35acce
80e8c0c2
5608b17a
6e3b9351
d881ada9
b236ebb1
e9b728ea
cbd64981
203c2254
ad0db148
96bc8beb
a5f383a8
8d261448
b8f02323
8ca3b232
e36b972a
444b4793
0872bf86
6217883d
ccc6af38
6d6b2c2a
5c0e2327
1a4b2893
6aa2833a
623719dc
20b89121
8be13127
f7c78768
dafb8fd7
15137aba
f25e9b4a
a2138e82
075ccd64
e9ab2ce4
8aad0dac
a6f40f0e
1a11a5c9
363ea0d9
91642f29
b54e4675
6a766e2a
a4247868
159354aa
899d7c07
3782d57b
2a767a5d
081512cc
44cbcf32
782ee0a6
aaad6021
90425b3b
32ce2c5a
e8b44051
27b3bc18
3f10b1ea
c2f22858
13c1f631
1f152114
448017c3
862abd3e
93b39794
d985a57a
30b9f479
1a555a8e
7b558a14
2e6af8b7
b7929984
491d61fa
cab0b0ae
dfc139d8
f108092a
6ad99e21
e563d761
90dec740
22747058
aa04f9f5
92d52656
2cd29916
8a627c91
304b6068
45c705c0
5a834693
77bc8c41
bdba2899
179619d6
66f2c4e5
5d496554
d65ba32b
c7e89f01
45e7c928
b9bda170
8ac3176c
9d66115f
2555471b
457d01f9
9dc79128
898c5725
e9c641e0
7f554058
f30f3901
24ab55ba
0313561f
31059cc4
7c6672c0
2798749d
8ead21ca
a7c55740
65f2aa5d
ea1d04aa
d7468fd2
91b25621
29cb58b3
a253a03b
2ef564b3
ea77b591
0269b0b4
bef04bc2
f9060c5d
30d031c6
10927c76
f90d81d5
e3917e27
77a0edb6
7c77512b
143ea72b
c97a0069
10b10a9f
001cb578
84970b20
9f73d58f
f6c5b794
661cb078
7b41c0bf
5b886337
97a4f328
0771e4ed
cbd09c59
c9c3b44d
12680935
c79f8bf1
c99c71aa
47231a5b
391c7e25
1866354c
d40e4cd6
dc67cd84
79d35e2c
b44efb85
04a21554
78847397
a2542938
9b6d0412
06dc963c
ec96408d
a57ba5d7
9e25aa93
c670a4d2
0a255c83
06743f9e
e97790d6
09c54b11
1d56be56
4663dc0c
98e1107b
130aff75
de2f4421
54dfc152
78d57480
a63f7620
87f432aa
b68abe8b
6dbf0970
ccc89f1b
9c92a62f
2faaf04d
5afebaea
8741a427
8c2857bc
e8ab703a
a5b8f826
91b3c694
35755c91
885a819e
73bc897a
9c742411
a13b7f5b
ddac70fe
59412082
947a1e91
626fbbf0
d6424846
9a190b18
f9a7bb10
b15512eb
a2ebe792
c0572ac7
64c85be2
5b967742
db6e5139
36393810
1f861078
0b7531c3
7001cac7
2530223a
99aff8e7
4c8a4e48
b913bdbf
7059516e
c3a58146
5291cc5d
c3c9213f
a669bdf9
49d6c928
5340671c
4aaa466b
18882466
1e64091e
e0655309
016b7b84
cfbde09a
a3916181
93cb29b5
244b7b85
c7c9ae08
2401a388
a6b2516e
41c9c898
c6b85253
3c9b67df
22902823
68191fc9
196a6330
27fc8c17
acea503e
355f26f2
bb588181
7b78e1c9
b8bfe4a8
72413dfa
48564e5c
5f41d447
fa9c44dc
19871a4a
e9986c25
c9007d01
dfeaad76
7cc7748d
2971e64f
2e49c762
2d265791
1e6273fc
28ede4c5
80934ad6
1ad16643
924a5cc7
38bf131a
e5e7d9b7
32279b10
c0c5c939
5165391e
c891bcfa
1a14d1f1
3fc96594
57002b71
0000007e
00000003
0000002a
0000000c
0000009d
00000006
00000960
00000000
00000000
00000000
00000000
00000000
2a4a9c78
bcd63492
2c299e29
6908d70f
8315a560
005be651
e51464e8
0bc3c792
6c117a50
987886fd
6654afc3
c8783149
f50ee2ae
fc621d22
55234503
ed984207
56904af9
a1b7e49c
dca9dc7c
2ce8aa10
be783303
629fa896
f89cbfc9
1ae91287
1d4b4b57
493d2e76
8052eeb9
8fb4c4cd
7aec82a9
9d7a690a
2835bc11
f099a264
48a75baf
f3bf4992
bbb2b570
46087e1d
3f4d2126
59ff0461
03261f8c
dbb21404
aae705e8
4d55c003
a6546210
f6897cfa
721561b8
cd1781fa
203f1353
c256c856
621a5a07
023e81b3
9449ba8b
8e6fe48e
737eaed0
b138c781
f68109bd
822b51c6
34853320
6c782a2e
4cc97a51
786c7d09
6b59e9f4
829c8ebb
b3929584
f724f869
e9673b27
483ae64e
ee85a755
08fb7d5b
3db0dd06
033a4cba
eafdc887
19b4e6ad
865053da
948e10a6
70d52137
74bcaabc
195ab579
78217267
5e0cd7de
7ae8379a
042267a8
799b7912
05f80435
3200da1c
a8c10a55
824975d5
6e69c2a0
560f6106
21efc3c9
5bc85abe
d30862b0
177b1782
8488a94b
a922d512
d71c8873
09a75820
49beb19f
d6875b88
19ebfe6b
1f7cb88d
78a621d7
5f9450b7
79902800
07f4bc02
768120a7
6a80d416
4b7f2d9c
0e127195
0f78a8e0
b2334fba
98557baf
fc185475
77f59dfb
514cc00c
9c43d60f
d1c84873
4391a8a0
9a4659d0
a3674a51
4832224f
e4977877
fb829a05
a414e686
e23eaba5
4b4b010b
8279b21d
49cf11f4
a9f06c26
a1eb6a20
19b5c488
20f3be0b
2ad89c05
7e14d40a
faca36c6
64351031
807495de
80f801f6
4172cfcb
a4c02bb9
21855b3a
9073d15c
685688ac
37b40207
673a3224
3e0ac468
26327ed2
b7029444
74adea2b
59a53bfb
7e278d97
24781a20
471388c3
19b6dd3d
d52093bf
d881c897
26545408
d97c16b9
1a9d0fa7
5c19a59e
a650c0f7
51fc5619
b60594a0
b9920b94
7c784d35
8776ee18
e61248d5
08fdb11a
0a36f546
44ccf529
f8e70fe9
5f391dcf
1801c8ff
b66525f9
3a4b77c8
11af2892
a88f7b9b
7a389679
9159d95c
c3670900
7120ff2f
80b05b67
41b9b584
8cf82353
dc3bd0a9
93da6e98
43e3fc1b
a291e87d
496e82a4
2c9c998a
f71f44cb
e6891817
37505ca3
d43fc8de
23740733
73856cca
7fb65513
7ca9c550
03499d60
cd09b246
e2d7a6b9
5e3224c8
8c5ed888
773dad1a
719636c6
5f4078c6
36139379
5d67c176
da49e024
12344206
37c16b4c
51b543d2
d1b914e6
0bd46089
ba44f125
06e7b8f6
5f273f0b
8a5572d0
0325918c
78b70fa7
3d5c21ad
22c05499
b8c969b2
0e966295
008d1618
42f8266e
85672490
ec1d5f4b
3324879c
1934b826
e628bf43
1817fe37
6080e3a4
85c69646
5b18df42
159a69cd
507a299a
8257cd47
62ad5bad
2b42238b
50006f11
4f1ba1ca
a62a3b57
c1ebd916
d3878afc
d6eb002a
01e9845d
26166556
b2c60862
6d01738e
b3b1f3ef
e139bcb9
a91c2daf
b7232346
dc999ca4
89da0d64
0d34a9a6
c1f69891
6b13f333
63ac08c1
0530a611
4481930d
bb789311
ec790f53
75e49d01
e83ff981
e6b74653
8c22d879
0195a0f2
7c515ba9
55464ac3
fc09644c
e7bb8ba4
3d07c6bb
898e103c
173282e8
1386469c
a876211e
076a968c
239b647d
66afb233
921168b6
5b22f7b8
f21a59b5
aa96b465
0df91c9c
26c031bb
c6e735ba
01e93f7a
47add910
777101ab
706245a7
0acea879
73bbac9b
3d839a47
f55e0036
39234b92
89045900
cb63737d
5423beb1
769b95a5
3b53835b
7a83a1d4
ca5029a9
9d7b6bc3
70bd2ff3
21583aba
01cf3a78
79ae3c56
6353db0b
ef2e25f1
e4edad49
9755919e
4a5773ae
1c9d8392
104b2137
3b8671a8
45c3c527
a5b1229b
0f14745a
8c157f27
b4f80607
fa2548b9
cb294bf9
11768194
1e0fd4c6
9b5acf07
1a994b37
8816e1da
f835a0f2
c41196a6
1d5d258a
259e9e43
b140a85b
6ab0db64
91fd9956
2b67853f
354a1b79
e5f26e10
31a174b8
e5be41d3
1269c01c
b8d63a06
d90f2aa8
972d19d4
c8945f6f
d31190e6
7c6a7104
8029465f
fb7c32b4
929723e9
6a80942c
4ba4070c
89a1b9b4
02980f3b
452ec0bf
7cadb442
336a6068
c4c6ac75
a5879e0c
cc56e227
534e298f
551747b8
bb890e97
ce51c685
7951ac61
c970ff57
18bd1b44
308ccce2
38c49887
395bb94f
6aa1bd67
34b28071
46bf607a
16a6cc89
ae8b9032
6a53676d
588e7924
48201599
097ea0e8
48e1c519
79d34401
e4b0e6d6
8946b561
afc6c442
5d890377
265b7031
1b29d0c3
a164f280
9ce061b1
5726b32f
786b9a4d
1222af66
5f49ea7a
312f136d
8b826f62
2920f7aa
8ea703f0
77e653f7
6a120403
bc2051e4
166979e7
87d8084e
a282e44a
42355d22
94c80808
885cccd7
274b5d16
84d71405
a11c95ee
64d900a4
9928620b
d13d71a7
157375ca
6185c8a9
e743208e
2723ac17
236b2a8c
4e7b3642
fc1fab58
55f75309
626ce6f3
ac06a259
78d4ad9f
e40f01ad
44b5a634
25e46c60
560289b9
8821b515
54dca821
3b7726e1
d7828e96
97dbfc74
7f9079da
ca230333
2cea86ce
1f38f368
172c17c6
0b22db7b
8c7dd7d4
992032d7
6fbbf08b
accc0232
28921052
bdbc4998
d2b482b8
d098bfd2
af59d61a
b22cf719
7062c546
95cb436c
6c83ba7f
377c6dab
73627ca1
47b2abcd
497f15ec
a904f834
804b63fd
91158167
2c205286
2323194f
7a2daf8b
76ab8ccc
d0c0b772
b64dafcb
44968681
f563d3b8
c040b5eb
13ea5d3a
d805d09f
5a168feb
14608a09
2fcc67d2
885ea911
01501469
d3387945
96eabd09
94f9d32d
6a7d522e
61495a87
ca885ab7
51c4c1d5
1756c399
8f083e38
ef9c28b6
27b201f9
880a0b6d
6344b466
548387d7
b7b29bcb
d5796ad6
db93cf11
04741a05
be661afd
bc085029
27548f93
d465236b
13a1cf1c
8fd8d35c
a630d630
490c35b5
9fca5944
b1020bb1
74065d9b
0f531457
bc24a23f
749a9ca2
43a562cf
74188b8a
3a625a54
8d2b1c36
58a50162
c70c1139
86057c3f
94a2a76e
708c5fa5
8c4140cf
b71cfa94
9ab86334
09161b53
7089ebf8
e1775dcb
a561e691
d28ab8e0
91469fa2
80465e1e
5f001020
5816cb5a
19090bbf
463eca10
21146d98
b73afd1d
043ca2a4
36454a21
55d27b8c
e289aa4d
975cb4bb
3b97f3b7
f9859c1c
78c677e2
7519172c
c0a9901c
12ac5607
51abea3e
1f7f7068
30db4566
6e1a21c5
d8a88b2a
0735c628
123874ba
a94af9f5
a3b30476
5993ac4c
192f3177
a569c8d3
442ba779
be7af182
c7de3886
06609e7a
ec2d3609
6692bb9c
6a82b76d
8c95396f
6cce8344
53b24261
d6a1e5d7
b2468157
9056040d
dec68cad
fb033297
4088e05c
5f85586e
6962cae8
2108b278
4b5ddaa8
2cf4a472
907013cf
6ec0df7d
a651aa41
77863610
8d70bf9c
a49c8e3d
79b991af
c1ba2118
219d977c
60b4658d
ff578bac
6dcf326d
62b45ce8
3957733a
4c2be77b
d9c5d12d
2b711db2
c2d5f645
3c53de40
dc771a39
ce5a9b64
c2934f2a
3967d713
1df147df
df6266a4
0000007f
00000003
0000002a
0000000c
0000009e
00000006
00000960
00000000
00000000
00000000
00000000
00000000
0a355b40
75959379
2f221b39
feaad9dc
3bbeaf6a
1d122882
f7a2d985
a4a16980
266a055a
9005d1d1
40b78066
8de96656
e801f310
f55fbbd7
a9c16dc8
708b4887
6b643c92
680cac06
eec7ab7f
e93a9c23
230aa7a4
e5742c82
08d51057
9ef5b52b
71ce3047
9a96b19a
584733c2
f809db94
ca325885
3006135d
e96ee590
83105372
5435a24b
c29b891c
2aaa2e05
41cba466
b96efbce
10f62bb4
b54a725d
fc3ec6c2
66ba56b3
19e3866e
336ef683
81b64745
adb20c3c
5686da22
79478516
a7b63186
ce2f2293
0466703b
c8213109
5000a917
15d774a8
01bcde72
2f642620
1061acc7
68d968cc
fca0155f
e99e3fe3
c944e97a
7c76d04c
34fa19a6
596073ae
76ce715e
31b570d6
cd05ab95
63356aae
f815add1
1a8840b2
1d3a2bc6
7a3e6106
353cff55
bc36eae1
8b0c91d2
1a54ffc4
81677c0d
d1ac68da
0b3ad14b
bf31a2a6
31adaad1
66bae9b0
d529a174
3b0d3aaa
b3010708
371c1c08
861bc93a
adb948c3
74cb1aaa
617aa7e8
0aba6610
1ab42183
4b9d299a
1e8b9dbd
3d69ba0d
a9b06c90
1acce992
da40f8a1
b1ce1fe3
2047388a
ec430113
71629ee8
77b6446d
2b4903b1
57811c57
0b813364
9162f0a0
c34c0ea4
2768501f
62aac860
b7327e91
7ba6b66b
190bc748
b0f601f4
61e392bf
3a81d56f
01554000
7e432e56
7f1cb275
fc1d6e96
631ce91c
f1b55027
18c04546
216be437
6f177467
7c8a8e30
196cb866
f32a1c2d
31266769
94b97cc3
540b86d8
322154c6
692b8a0e
7e5b5b73
c28396e1
bba7a974
02598c35
786e101c
7720b504
5db4745d
792d3946
8851d796
49b9ec1c
a51369f0
9a1826a6
7378aab2
84360208
c2348143
1c96794e
a19c324a
3c48bf8c
71c0bca4
ea993082
7ea34b98
8b5a4c54
b7da4c96
1ec1ed65
996b5c09
dbd9950b
65386f92
9a852ac3
8bc08436
92f0eac9
684496ae
b4e337f6
023000b8
7e77080e
dc603f09
a10c751d
92be7558
29aab352
0d0a1c7c
afb5fb68
4a1054ca
11329d87
ef6cd66b
14e8897a
af7c31c6
4a324584
07088706
1e535ac0
a97ad4f5
7426cee4
8da0d9b3
b91ea43d
22f350da
a922ba60
7885eaac
c11980f9
63449064
2a19e075
d08e18ec
8b1968be
900f0c07
794b85a8
33c8b75a
45a6f606
f45cb483
9bb678ad
56adf26e
42991c31
769a177e
f4946b24
5540bb21
7643d39d
48160a38
b4a4bf37
018b781a
9c40c403
5c11a915
58683b14
c02dc874
098f89e0
a4ea5f83
86a01026
57a284dc
b4ba8368
43a3ccfc
1ce47f3a
c23b20a9
d42c4008
e8dbac9b
7f266b02
e350b332
87747632
2645d6a0
3e48b3f2
c244acc8
c658df2e
0a6e972e
c6f1bab0
9f0366b8
8aa021ec
569c6363
83345a59
535a920a
4a58ceb7
95f541b5
50a2539e
bb1e064a
c566bc1e
4f06c6fe
7c95241c
613a7fc6
0d5fa124
f7a81cfb
4985fc2d
33a40914
f2b45c26
60b60a7e
ca010c41
49817771
a603e5ba
a024d0cc
0bd42a23
c37297a1
87985c12
66858397
3070bba2
27226a8c
6c4c3a42
be99ee44
ed6d3a34
46524929
cd671655
48b60759
c3d355d1
92b64947
bc96b741
0a07ca87
00888982
e783e653
d29600a8
36321480
ac5548fc
32531bb4
a18b3355
a568c42b
24366e01
3a263fb5
3b5c1838
39965963
c5c30058
5f2ba441
502a4971
35181a76
929b5900
22a5a8ab
b2a5090f
3802f6df
069f0984
a34590cd
dfc484db
ba04ce32
67f88867
bb79f5c0
9191cb87
99ea7c88
f1581759
e7461eda
9dd4d552
ea940a98
4182c429
6da7d782
a6bad277
388ba588
2ee960c9
0104247d
aade3b87
8ec1dfaf
af8a59df
fa8361ea
0cecea95
482f4839
7000ce93
20f98368
f1bc94f2
628d3162
4f36c29d
3862b70a
81252eea
97194375
20cbab24
d8dabba0
613ca891
32c6a0b1
26301538
0bc7b078
3a8ca58f
a57a1451
5c687d52
ad807390
035d5ebc
01e57d96
8f3599d3
9320058a
60f8ac4a
2789b2d6
a0c743d5
a47a440c
3746f543
f6ba6b55
c843567d
7f1fc938
ac6a82d3
a5dcfab8
f82e9798
c114985b
5f75f7a0
38ced118
9bd1a14a
7654dfc5
b608050a
46c038fb
9c759734
26ad3ae8
93a1c887
30066e6f
a610cbc5
0c0e1b31
b361628a
9b1bd90d
d27fb1b4
317b1269
1b8c8172
46c78ce3
2858f1a1
ab4b5aad
267a8717
140106ab
f3a6d34b
bcb5b921
7725b0c3
eb6ab920
69a6409a
364b2f45
bb5d0a96
d59b9fb9
42f6a0ae
8473c574
4665aa96
929ae141
3674d405
a7dc40b1
2a8435b3
eb87d71e
25a7cc94
500bb256
10b08a5d
5a881f75
301aa6b0
9cb2390b
f1977007
15e4f983
6f12573b
f3724c25
8f9c8040
35c092e5
23bda001
0c223f83
fb774775
019dc1b1
46e07b83
cb3bfb2b
71e90da3
2bf53202
55c541b1
4114b5c4
b589fe5d
6e537a09
b6095487
aa33fa98
4bc18962
764c58c0
51199694
d244cb93
81b93370
b573383c
18260c51
bacd0ca4
3503c13b
417217af
82b59557
096c7db0
ba57a77a
8ad3a3c2
66838e47
c24491ca
420eafd9
7cb6944d
d40f91e3
4bda9882
4dac5a27
febf1459
733c41d5
84784940
afa378f8
860c2500
134c9f23
99c77b75
f18f7536
4ca08641
9764e890
11eb7a36
b4491a7c
d2c878ff
91bf5b96
6a73ee2f
e65f7595
c58a5231
5e431ac1
910cacef
eb131fd4
9cf918ad
82ab3680
c81911d8
8cf6ea8c
ce9b60e8
695249eb
0d1b9014
c189dbf4
931c4e56
1895e6a8
a72c0b93
13d581dc
a2054c40
1f5ad335
c7458573
12c755cb
f83d373e
0b35bc06
0a3a8d0b
b58cf268
80232688
10da770b
eec891c0
8aa483d2
28b0d296
c44f2b19
90d66472
92e5dfc7
77951155
3aab9ef4
91c4b084
888601e0
cb59b81b
7620a149
8311028d
271b62aa
7360ec51
bd3bb813
f256b6f7
52f1264e
b895f567
0b6856f4
4c0c9d06
89139209
25c1566b
7c4be98e
b6809746
714c85bc
09abf11b
3b4b5097
61328deb
0526c05b
9d84598f
b69c3ac6
a9fcf55b
352271fa
ac8e1522
129abf43
c03dd950
97844631
a3b5339f
222c3858
f5d15e9b
0248b558
0fc9dba7
804e1eaa
81330ecd
c284f890
3a158329
8f1b273c
ec048bc7
36cc9020
8ba1f6ab
88c04841
f971369b
cc493337
685147ce
23ef0c89
c5d2664b
473ca460
43045aac
3793cb5e
4da12cec
15925b1b
a07a3901
e26e797f
73a8a905
75c8bc0b
a66113f6
e829a41b
2365645e
6429e130
eabc7824
9ca1f959
da90b453
abf66e76
bc60f8bc
8283a0ad
b91c0307
c261a124
1274a3b5
46df10a2
94c5899b
2726c403
58dc5a99
91437105
28189c72
274c6589
0305c748
a59cc3bc
e6748119
9d59638c
7574e2a7
ba67105a
5476eb2d
720775aa
142681fc
be21c00a
6d0afb25
35720e0a
16958175
edb5ab4f
1226ad26
3178be66
d34471fd
1c7bea90
06620958
457d358d
99695364
e11b4b06
ab9c0430
48d37cd7
653134db
4803ca36
ec7e1651
14dd3ac1
e7356c41
36cacb85
4d7fa117
7118192b
9de8038f
35774a22
c85d4b2c
421ab3e5
ffae25bd
dcfd0d8f
194f8075
2a8634e9
00000080
00000003
0000002a
0000000c
0000009f
00000006
00000960
00000000
00000000
00000000
00000000
00000000
518319cc
8779266a
87c42d47
d28737cb
caefab75
6bc97697
ff4503ae
8b7522aa
98c5a672
951b528b
6a2233a1
3c7c8472
6c3fd6c7
1501447b
8071df1b
8965f724
f2c06dfb
20913820
d45b214c
9a429e8c
3d10b1b4
ed342201
c5c782b7
8a905d2e
97a828a3
ea953fc4
c77ab4b9
39837449
469ea440
242abdad
f907980b
78880df5
75d310a8
073be40e
8b0dcb99
790c492e
4fc742ca
39cc0f6b
12a0d258
3439843d
18c67988
28176497
90bbc45f
95452dd5
66141f10
8e47c8f0
c10f7338
60a6980b
8a6623b4
647e3d03
b5528212
d448dc29
02d42e19
0e078c8e
b3228560
995f9ab1
bcd05ca8
c8b1b996
8c5f3da4
6a601b3e
5487109c
cb98cbe9
57fb4c26
f2b3b944
1cc16395
a3a376cf
b2421710
b274c479
3655ec36
4634200c
7a6204d2
1a157057
b1a8f41e
97999901
91239149
982792b9
fada8776
4f27b935
ea964aa7
e847148a
779c7b10
946146b2
f373734c
afa8b716
604cd247
f0851d99
bad1d382
29044473
f1d6bfcb
7a244972
fea8f963
4125c7f4
4226bac4
64161c6d
52fa4c52
81fb32ae
a0c559da
96c90a8b
b50c3c54
87481644
f9bd7269
9b039183
35a8e7bb
d3596d5c
b3ec302d
85a46890
87b247d5
4278039e
b8cc1c02
7006578c
73bc0187
328a07ca
82cb2004
15c72f4d
2b81022e
99616c92
a52a7029
f3cb15a0
a115acfc
8c92053a
03c65a38
b7eac650
3664e03f
a47a3784
045599c7
a36a42bd
b82621b5
faf521f3
7c3a8306
e284884f
c2cc7ea1
a83cf26a
363eeb9d
656694cc
91a21502
4c97a3bd
c5c36461
16d97ba1
475073c7
a04a3882
9ba687b8
6a6b50ce
a7055302
a08c4e1e
31c40409
a3d3bb74
99e59a20
1a13514e
92309a09
38c0a565
69a348cb
21efb516
8ac49c4e
664ca4d4
97522281
7cbcf421
aebcb73f
53806ae3
0370b0b1
7f37c5d4
8c8bc267
26abb2b5
021a4931
a6ffc3f1
47039c61
d2cb8128
472e0535
aca21854
9367fb35
c32c13f9
87248212
0041f349
a757b2ab
cc4c8d92
ca5eb9c8
139544b5
8b84424d
5441991e
d0d2ae7c
25919c4b
87c73a93
48e683ac
5b4bc2c8
5fc920bb
d35c5738
70a9be4e
0495c0aa
b3dd4b36
cc7321b5
92068a11
4c4d5bcb
900764b5
4aa22430
f6866728
665596b1
e40d237c
2a145c11
5c67656c
8aaec036
e198a417
8389dbb1
2906d9fe
658e8dc0
a41121ca
165ff4d0
548c67a6
9b383d42
f1212824
d9409bd5
ad3c6f64
763c18c1
066446b4
3723e61e
f66c5195
f25d96c6
7a576955
ba9a3686
5a347e18
13aade2a
fb10a5fa
a4336437
8378f12d
2db5dcc8
c6cf6464
06d844a7
c9c9b512
6b9534d4
7b449072
d6cc8ad1
fc57a4eb
85501e46
cba6c941
8344b4d7
6c255a9c
aaa61731
f67d58d5
77e04a46
67407337
caee68f4
7dfabc22
b51649cf
64e87de2
04a5187e
085d5377
e702c131
a498ed92
b964f55e
57df0bb4
93e4a81a
a257f466
3caa9af6
c7f75d9c
9b9443ec
373cc6e2
388aec87
ae6ca784
a2b90a38
96c4d39f
6d0947a6
35f404e2
14a30145
a3a3d63d
285692cb
3a150d78
9627cb97
b9ebbefb
95ac5fcb
a974f552
b6ccb753
9aacb42d
e8a937d9
7a4ca028
9da47732
3a965397
b76f3fd7
ac676909
d733a433
18a93c56
a7681179
8d5ef64e
01757565
51fb725d
2e8d7c81
932fa212
07627826
001d943f
c63c8b70
38a61373
3647c938
dc4f967a
765715cd
ad12341c
e8e58679
48582d24
fa0c3675
439565c5
7e003182
a5106689
f6eba444
c81af7a4
6eb89270
c90d2c98
2f803300
820e8993
b1584b23
4a73e2c3
28142199
346b6453
790b2f78
4d63f10a
226fc5f6
8db96ea9
513b2610
31d6b839
b3e25458
9eac227b
f2e80765
3bf1dcc3
04abd269
d8af25a0
2dd60ba3
70aba550
218655aa
7ac23fb5
a11b9041
56aa4b10
1dc34606
8045bcd1
7b79167a
3cfb8fb5
938bd426
367048a5
a2e2e682
5d7cfbcc
a096ab25
26c5e93d
1212549f
4062c06b
70239552
184a0125
f703a097
baab81b5
3c1fc149
13143010
66279e59
e1cbfa6a
b606ba35
0ea53c38
7b3cc0df
f4365483
b885f6bf
c716d919
30d71105
b9e5f96e
f15d63bf
48ccb39a
959146c0
b495c5de
88a09ad4
4ee1f195
3517b3b0
dc2612f8
a7c4a5a9
d6ba8bd7
947e97a9
04828d5f
a7203ae6
04d99245
a351a988
20521be8
a8ab3990
a340745c
93a3d094
7567af57
5bc65837
5ba6029b
d1b3cc14
0bc04c29
fdc0a805
f8a7adf6
5e17c5a6
84b8eb3e
4b727be8
a91b6248
5918a179
97960f47
0508fa2c
bdbd892c
35dfa7d7
a7f2f1ca
23082281
05046117
86216c25
c98874d3
849586b0
0bb99d39
f3b86972
0c6f516a
92c7df30
769106da
30b46734
8919438a
bd34c336
95de445c
0cb52178
eac3f0b1
00b283e1
478262c2
252daa5f
c2f3a016
85536819
13182732
d1b3c00c
ad33face
552b5143
a62dac32
20e5b5cc
e3302124
55275055
7d7b8d09
342ed799
c0876517
84289567
52ce38dc
c3f2af70
49897060
d728d2af
cc0b16a8
77f6dc57
dda90336
77cb2436
af0ba4a5
576313a0
83a0a189
20da2361
6fcabb76
844090c3
4a59d580
5ec97712
a9519d39
408ad29c
4226d049
23abc4d2
cc04ed2f
859fd966
61ed053b
2e866fb2
c4156651
64021061
0c13cfac
444ce5ee
56c3419b
11f2da3e
673f7657
01d189d2
5b22e868
933f415f
0a2142da
069a6b97
d7166c66
b82d6daa
3bc67e3d
6e9245db
93afa90c
90536803
94a26b25
b9f78ab7
01295663
e28667b7
0b3a1db7
51269385
d86610c9
e51412b6
4564e0c4
6d1df2c0
8a439783
78aba3b3
db7fc646
9718088b
7eaa7c79
924d0239
c01352a1
912b773e
58c7c39e
97641eab
62dbfb5f
ac4c76ab
74b4c630
bf73c165
865b178c
06e35db0
84fc7cb9
e5b2f268
40df3c42
4d19007e
26042791
e3443ee5
6b00b894
0aa9c0db
1047c4a7
75603a6a
599ef13d
363f4134
471abb14
ff53e580
0a2957d6
5f69e966
0c34c71a
2b2e6f21
6245540c
d1a7b4ad
6a4a0754
1b19f42f
3650c043
68463818
84f8efb8
0918c0af
820f9987
9b5add97
3fb51c18
cb1286a3
2ce7a493
9bb075bc
861852a7
6d6022cf
c3a10bde
47fc11f9
c658d9a2
120e69e6
5942bb36
83997146
4f25848d
f9a06f92
c1b26601
ce03e8fd
807951f5
08c33969
1a307442
ab8e1f9b
4351e699
807db640
e64599c7
200959cf
150dd965
76135993
aff7bb4c
a40bb1b1
086a7d12
14eaf735
594b21ea
c47e8da8
5088711c
dd64d3c7
6c7f96ec
2355c9b2
fc079333
ba73cc25
52f6ce93
05a69071
74dc16e7
a8f05f8f
a156770b
e23369e7
10f5f071
69306c09
35a12f45
326bee08
4da388fe
da3d6462
5eb0191f
eb8076f1
054f1bbb
5bd7752c
de99a364
a42c28f0
cffce00f
0b62df0e
29dc67dd
e173b2ec
4a6846c2
79905170
17f92295
c286739f
8ebdd03c
d0f9a0c9
8f78732f
3c9eed44
46c2a0d2
f67bcdf7
8dfe7381
6eb5dfa4
461dcdf6
c3c18e1b
6ee3d7c7
9a7a5445
ca1f784c
6c353dc0
077ce0b3
fb51645d
d9d069b0
00000081
00000003
0000002a
0000000c
000000a0
00000006
00000960
00000000
00000000
00000000
00000000
00000000
c53ee370
59402ac6
bd45888e
483a74e4
bc8e9f71
78e7c600
c555dc66
0a345274
13c4591e
1157f677
1bcdaa03
bc69f54e
203bb994
aa7db35b
9142d405
b3a43004
b89d3953
22cc589d
9c7c8523
f1a793f3
c105afcb
54c9970a
f5cccdcb
0c1a8a1e
6c48a312
06697839
c950785a
23c469a1
d755ce06
803adc3a
c42c32f7
da966e08
b99b3e17
3e501730
2c783260
560ad45c
aa6f15cf
84970851
ae2a9959
7fa3e5b2
48288992
8145e73d
e2bb8271
e3bc92a2
5009f442
66343757
20c8c6dc
ca06b913
5c68a5e6
bce80a12
4f025f80
329bdc4a
630cc6aa
c1fbc149
f39ffbd0
bbdc8042
8fa01089
c891b531
45e12358
8649cbaf
fb18e805
5b951c05
8419cd12
2ac3e80d
b1694741
1784ae83
f459e064
d5e39421
c042854e
2d6e3ca8
f5df77d8
6bf28f92
ac4586c0
1126c712
33323ba1
9d0eb36d
84b899c6
560c5bab
7c042352
5ce26596
55585f7d
6647c673
59f10480
85fb1319
a05da762
70534d34
55c5e202
890105cc
e91516a2
0581e6cc
61779b73
eced5d6b
6c45d766
217798e1
514e7350
0f646222
4963d2d7
d8516970
4ef3ce18
ac327514
65d17a55
02a3bf57
a54b0bd0
f2eccd63
8210f73f
9d338081
b25818a0
9ae008c5
4648004b
d531b9a1
000c0a30
9bcffbe0
b61751ac
c45cb7ac
351ab1a2
a90c450a
2121d2a6
5634ec17
d15d1604
707cd4cb
d8ad9c13
a53b2b9c
43e91b62
ac1655c8
31cfaa02
88084775
1f39ca0a
d943b809
2f30b647
fb53fbbe
66ee318b
8a99964d
252e8b63
9ca37e34
0c870bc5
943a6522
cc9f8b83
3e8349ac
83098b21
8c7e4211
327c5011
42a5a837
8c795bf1
c8c872cc
cc9153ac
6a420a22
a8d9e204
7d7e7b7d
914c3821
44aab73d
b24ed999
bc6a97a0
3fd94fb9
da02266c
7ccf3d31
a3134554
22ae611c
f06f9c65
31431c70
a7b0f488
14e75940
b7fa7691
b8b8403d
37507459
65a3ff38
492e975f
98337a2c
c7b9fd91
5e23814b
b5199187
20b7c032
f646a415
b3b83061
a4459d4a
4e0541f8
c8de6990
c7aa5588
c62b567a
26978e02
4a0b2f0d
a6832562
5ac90628
c012f957
b883c281
c7d027e9
7af83b30
ec387bfd
02da0221
bee8f8a2
1266d3bf
0485ba46
c22ab673
226977c2
8c60a2f5
5e83d088
450d67e6
f95a30f1
91986545
bc3c89f4
078ac08a
7aec2812
8d0f4569
037955ac
632525af
3b7ee641
b002c758
a0750256
f4c315e6
6a8a5cc6
2b576b20
2714455e
0b22b3b7
0699f39f
32b3188f
50f61908
67d17d84
c387f888
02936a31
3b75ba86
2e2f2b4f
18bc35a1
b8e79967
c3c438b0
53ca6b59
31bc63b2
3f470832
66b1bd60
55165194
8a1e753e
68cb13b7
25da8367
245b37dc
f6506b6c
99f8a793
bc980745
67c7bad3
3958837d
13b76c12
c6ad761c
cd806b03
98a7401c
e35540e4
5167559e
4c16c53d
4b288881
b7156dbb
086d2cb5
17862c20
a4a95306
a6c40290
dbea9478
83f17fb0
7c82053c
a27b8aa3
2b32e14c
694b560d
21364050
67174481
55b679b6
e95568c9
aa62e298
80c93608
4a0ba3c2
0da01c35
0abaa69a
42b402b9
bf58b75c
78acd1ab
0ab9694b
7de03971
b135bbca
3cb48567
5db7d12a
7d780cde
c28ca9fb
c86673b1
80ac5b58
fc867131
3da81361
e3c646d5
b8823bea
ca8a9a9b
beceeb92
14f55b4b
702554ab
7454b8b3
92b588e4
c730424c
17c33a25
6b9867d7
b8f744ad
dd59f55a
a4252a1a
b3238d5f
4f658c53
88382694
0d57928e
5166c78c
d3a49ae8
93188935
c2b0d83f
2bbb35f7
bc458f45
c02ed193
9afc86c9
2f1b2db2
9565f070
48d60379
8148342b
1dab421a
37dc9200
66895440
0794151a
45b20984
2157a92c
400596de
24e39b1c
8a016718
d3656273
52727c58
3dcbdfa9
337e5040
f27426b5
17546e62
467840e5
d22eafa2
a131cd7f
6cc7c8a5
d7bec573
09719b59
7eb8201a
b1b51c37
421b6065
1e4aa7e3
a698333b
b2d48b52
a405005f
513f0d01
6462fd9c
a125c38e
f6b76e25
aea1eb38
10749b03
62b897a5
71a9761d
2a36f97f
d0074f27
8f74bf6c
ea9373fd
aa7100a1
3f679125
1c88612a
29300fc2
93598d13
7c8df655
b534529b
25d7ff26
86c0f0ab
19cf0295
aefa8a0a
bc537774
d6b556c9
a65cfe32
2f1b3751
004fa3b6
7f648aac
a2b3026a
a2928941
ba422e82
63acba38
60746388
1d650089
2b95455a
e1b37140
834a1753
9084797c
7b400216
8c54e05f
cb1e792d
37961f57
19d4559d
95243b79
f20c2972
ad68d10e
c8b3b97e
0af266da
0e3c07ad
eb148962
9c6fb674
4fe5c098
26cf74b6
7763a4d8
c92a3817
4d1e20c5
868790ba
1681118b
a68aa876
cbe6a9f4
37ca680b
a70b7773
a3439fb1
9737ed6f
eb043284
693f1703
a5e4dac7
819e37d0
10d51325
24abe884
64a799be
b99a3f3a
73eb1488
2653e4fe
72b6a11b
77f95a62
f07798fc
6adc6605
84d89d4a
3492dc97
11454593
7b798d45
7a343092
faf106d2
083b4c0c
debb4012
c56e907b
a0ab75a4
0ca90700
100a9517
caf000b3
ee9f9a03
d38b1852
822b2d02
4c308260
c87fc867
1d29d6b1
3b67e9c5
c7302c00
64772400
2c3a465a
f78070a0
ca150dbe
c6add13e
a4a88e8b
24c4eb25
9ba1aa76
81b39ed7
53ea3977
3103e138
8a0f3c23
b4990327
a54fc33e
579cafdb
4177671d
33a72201
dc039529
8dec7412
077c258a
49e26cb1
257b803e
d02d1551
31721407
9b284fc9
112a7081
a0f03648
0a45b1b4
971b0b2e
52553074
7a966568
bb8dac6a
141b525b
4d1c794a
15b305fb
54bf3a64
641a7598
ab52b8fb
44a162fb
64d0f919
d9927a49
348eb204
66fc2577
0bb413b1
a5ca91e2
aa08e27f
6e46809c
89208f47
97d1a0b8
ae647358
10ae3518
5b17dac6
d665100d
d46e3f05
799b9f03
0149d91e
59e508a0
3299dec8
c73ef8a9
03bd4114
7d9acd56
e49d3020
b0dec168
c2bc0f4c
0878f7b1
b8c2451b
9931a939
d8297a08
0cc7c374
87a7b326
1861e5fb
705b25eb
424cf319
7e4744ff
c9938137
75a2d26f
236e47a7
689f8d12
6977241c
330c53e4
f8159b36
bf60211a
6177292c
96096a1b
a92c5ec7
30616115
3b2b7ae5
c8cb659d
f00591e1
94a6654b
16d6266f
77875ca4
45d64eb9
4ad9fb95
fa0e49bb
5a6f19d6
1f6c1219
8c5193c6
a08aa64a
3f7b4b1e
381cf653
e2621aa5
31caee4c
289851e6
da7553e8
bad805b3
16402909
70f089b8
7ad13490
e6a393aa
20d27aeb
8fc4f3be
d57528fa
db571591
be5ba311
6282a5c9
788d891a
963c4706
0caf123e
032e0546
6448b467
03c997d9
1718031c
5c664239
5a7c3b8c
35f02670
c5b77055
6bc5b93c
b7b4cb2c
36a51d2d
0e249792
07fa2ba3
a6d91146
6fc6d98a
a10c88cb
bd4a3f81
674f40b1
aae8c91c
82e244a2
44cfc02f
094d15d7
e5069751
6ccf35ed
bdd4dd4b
a091bc65
fc6fbc5c
c7e3d58a
bdb20888
027dfe75
39f6cf26
ad7eda7b
1d1d81b6
d12234ef
aaeb3983
a0ad7c59
6c6ce783
09b2ca55
8cbb315c
47e88124
b02f9a70
78e69c3c
382dead8
d9d7a7d3
00000082
00000003
0000002a
0000000c
000000a1
00000006
00000960
00000000
00000000
00000000
00000000
00000000
289239d3
76e00a27
8c47dd4c
dc062a47
57e5cd09
0d583298
7f1f5ae9
10fc164b
17b76834
ee873750
d1208e16
b8c65c5b
3b0e7354
077a5462
23f7bf31
aa544985
8760b8c7
0dc6d91c
84ae44c8
35fc0ae3
48dbd49a
c940a305
26bf7ea6
1f9b898c
6f0518ff
898e287a
8f0817a0
2584d72f
5003c64b
580af4cb
8e477574
72b509e8
7554198e
e4ba9651
45cf5118
5acb4da7
d054d01b
03b5ccfa
46304315
858421e2
9aa32449
41c3bd4c
5b66e8fc
d91c94a8
1db3d2b4
1409927d
06c36fa4
6921e40d
d13856d6
04681aea
bf51833d
fcc67c68
d82d4005
c69a5f7c
1e4bdaad
f78dadc8
2ae3739a
299cf232
123a5b36
cf2ce115
60c03b8e
4c26afd7
473b0e3f
f0c0d7bf
d76ea683
9069143a
d17bc4dd
fbe5cc72
9baa8a1e
7fc68b41
68d3cc92
b2f4c479
b039c55c
9a125fb0
283b836f
9b2036ee
923434d7
807abb87
4a32880b
0c086e25
5460bf7e
c4370c9e
f97e4226
c57c2521
7e60f547
ea07856b
18c49121
4e34e2f5
42e707a4
19b4ed94
5223d0b3
065487d6
44e07b28
5864f2d5
a27f6a91
a0288b50
eb66c51f
93c62833
5aea1ebf
5b3abbf1
3bfabdb3
47f79501
5c060828
aa0f1566
a512ea82
6551559d
76487bd8
78b1cc2a
7432f038
59e38936
3f23d82d
460e53c4
20f13270
13e35f44
238468aa
e6511fe1
4b15b330
c40476ad
38f894da
76b89161
0caf3336
f6fd3ec0
556bf736
0c3e0257
5251c9ec
69aa4e96
0092289d
2ce94d4a
3ec4808e
33327987
5b66c952
ca10cc3c
a799b4d7
a4e73fd7
61c54344
0354a6d1
9789b2eb
1e337883
58b2a6df
35a19e88
68d96682
f782961f
6c13461c
a961aa69
c1cbc1ed
ecdcb0e2
1ec95f05
14c1288b
59fe24a9
30e30378
a2cbe974
71c8032b
2d6317bf
baa179a7
ca0eb8c9
c1c3bb59
a97fe2f9
34261b41
0d97ada5
d5907291
99f6b2e2
bedbd3a6
0960b37d
525ccbc7
c72a1c54
5454b7bc
55c39b61
acac9ab1
d18ab108
75e73aea
1724b7cf
540aac14
b780b829
2885a57b
e69d1a42
a9073d7a
60fb7e4a
299e1b30
a3c68f8a
5b6a6928
acc4392f
3aac19a8
55c02e7a
9c0b728f
e30c9f0b
8c76762f
4db6344c
f776a1c7
7551d60f
2a63e62c
4bdea6a8
0dfb382f
75457aa6
b40b4165
2d42fa4b
6caa8269
6875c2a6
7c316401
d233646e
48111e99
7e8a3a57
5a2098a3
45a49375
15f3a230
078cacf5
a47e0d38
2b028576
801985e5
1899a30c
4df9ba4c
086c98d0
cb5d8a97
99b81fb6
1b75d81a
b04e4792
9e82bf7a
e84d808c
a77b00f7
93c32428
eb78f1cb
b7116a30
88b52b05
4f0a5aeb
40b15dd1
286598ae
9f1cc054
6a8918d9
b8d8ae3c
782f61d0
d1b1916a
324cf324
de126a17
73337942
945a7879
6933c68f
23a77526
c9584fc3
743a00fd
87a7a8db
50ac7269
513e6b2b
bc5b0146
5700510d
2a53ca4d
d450ce10
6d68421a
5c83e5d7
26217c35
c7255d8f
6656305b
60ca4d5b
8138c692
ceb183be
32243953
3f673f0d
0ac591c5
ac79952c
a3d3b751
905cc80f
55a0b43a
a9006830
034361a9
039ecf60
8bf03b83
5594b116
21ebc6d1
c1c9927b
9dba8151
497bc962
533ab137
2da63528
1c010036
5ba3f8b7
257972df
a75acf70
76eb604b
0053d183
12b56e23
6b57ea39
279b2908
194379b7
1093902b
b40164ce
987f8b99
c15370a7
9a3f70a4
db76bad8
4c8bf890
c20e61f7
5b844a4b
2a746133
6cb49454
68f90202
7da0e640
3ca578a1
4794bb2b
01b35470
5cc686ca
38389ab7
36c4b18c
1b0d25fd
570bbd76
137ae60a
e77cbca4
8aed7bc6
8959b3ae
5dc9735e
3c5ecc99
a45b5212
f02c18b7
022a36c2
17d8bd0a
7f155c1b
aa618d9b
6f801b40
eb606c54
c47c5c5a
abeacf87
911474a8
72aba713
59a5bc5e
5144c734
966b1a55
0e664031
ad23f302
60680ce5
723b137e
0a648213
b198a0c0
73c63477
d07530d3
d66bb9ab
97c7b21c
5146530e
85d61882
a718edce
826cdb15
dce08598
bb52babe
5434e820
4344a4b2
2cf35185
3d62ab49
2684b3bc
6c525db4
5a277947
6ced5a32
bd38d79f
57514bc0
8b2cbc0c
c7008393
788b93d5
e5147560
8bc53937
4c6ab789
b9db6cba
08c1af22
c825c9df
f4edc577
8de63b24
3a7ea49b
ea040524
aa73e029
6a0793a7
0b5b4877
a5296d4c
e974fcc8
c212806c
b2374691
e64d752c
b3c9041a
78ab568a
b8025c83
97ee7846
2ddbf248
7383b934
18072255
115104b1
3313d99c
06c5bef7
4653ed4a
a9698526
46a22236
1ec9f167
ef86e8d0
878c926b
4a293436
fb481343
12cd2d65
47e05a9d
cabc4ccf
933410fb
19433f8d
ef575763
3c651f5c
3f238e26
b3945a94
84ab35fb
63c1ed71
6aaba75a
57872219
7a5648b7
7c07ac51
d560c261
3527797c
1626b88f
f5719768
74409cb4
0f8321ce
59a37d82
7c38e63e
5780f70f
a1563ad8
012450bb
dc2dcbdc
73e047e4
1be0b022
8c00c117
f443557a
4584d285
a9565001
60252c64
08cc0865
9e369838
53489b28
6ac5ae0e
9496d90a
c246374b
97f334cb
703c86f5
39626d64
0f71fda7
3e52b016
37d07826
47e2cb81
fe622cb0
3333af78
b333fe60
693c9716
59227155
790916a2
4b2468fc
d74d2daa
55a368c6
94658260
d6a8138b
102cd198
8f537c96
50fb75f6
9851ef39
3a7380bd
f3a3b89b
25903d2f
60a0e320
0c7b1e72
3221bc9e
78c3161c
92ec2a67
c19762a9
9e0395b2
26d8260b
94e82a18
06739982
2c5e47e3
8a75bbb3
e7a095a8
11226511
55d8fa72
2f15e497
85258c89
c16bcc2d
047bb652
534b2a3a
04866791
657fd719
48264801
3c96496e
95a5267b
7c5dcc68
2605718b
8d87099d
a57210f4
15a0f728
94829a8b
25f8c00b
b14c1866
e46e28a3
e5ed9157
4b939e9c
a7b7b20d
32fa2b34
1463134e
fa684020
e8b056bc
b5b832ae
ce880905
84bf5f66
4664e947
d68f228a
c55db535
943a7e30
d743917f
0aada4d1
11b2124c
6597b403
99740c5c
5b565d36
07a9f5c5
37281d18
563b131a
e4c1eb6f
ac2a23d8
c735fa03
fbade6f1
f95485f2
6786d9af
2474d2bd
e0448e3a
3007e551
a1bebce8
ba8e15d6
adb04131
1a54eb80
5c6055fc
0d62bc5c
9fb775fe
bbaa88f9
8b6b2a62
9cb75ce5
61649b52
ccf49417
8078fb97
f8ee8af5
08d425bf
1e2a3a37
8881c54c
ccb3278e
5c53b79b
679247db
c74b55b8
6eca66f7
21fc6689
4d21d313
d34ca603
697216e3
8c241716
5b7897e1
9973cf68
c8229d1b
996936db
1590c124
00b23200
3c379993
9cc16986
8e555e51
e135041b
ba6f5044
67558380
51bd79e4
8305cbd0
b3a6a035
a294abed
d55e6edc
595bcaa5
a48b9b52
8c348cc4
0fdcbb55
35bfdcaf
845bb367
1c8b7e4e
0a8e3214
1b3c5631
138b6c38
f52f717d
a6e8a3a7
90a79d5f
abac8ab5
36ab0a91
21303539
a4e68a5c
c37488e8
314a7c95
a6e9d35a
b4581953
060014a7
4f03b2ec
cabd6fbf
b65fbf84
49ceb9ec
56be9174
3299c840
21d9a9cb
be6aaec5
c9a7a6d6
985ffe83
185352a8
778a1772
3ad2b66c
a8b63724
2f910e39
00000083
00000003
0000002a
0000000c
000000a2
00000006
00000960
00000000
00000000
00000000
00000000
00000000
8c108733
b606acb1
40abacb0
224295dd
ca952c26
761a72b6
a155c092
48eb1a12
64294c9c
a1071001
236638a6
a5ab3dc7
66684497
6b586ec2
66f78018
d9c3fb59
a1cd65a3
3d704476
46ab487d
a9f01ea5
c2c9376a
04acf4be
60183a1c
c554fe8c
23652cb2
6cfc76e4
c6b8c326
6d1b7cae
74e92c97
96554855
f5230397
8960b8d7
1356d14d
7c7970bb
4a6f7169
83f55d72
5671f122
33768271
60b25eb1
57c13513
b89944a0
25586347
ec8fc99c
f9211133
83267638
160babd9
c81c7232
a69885c8
ff94041d
108e6151
913778b3
589f24b0
e67fc91a
adab9c56
a208a78a
92731972
2870ae96
fa777b32
d1c36d23
3f09d34f
f6424131
096d35aa
43b07c5f
6d3b3c0e
a7d17d56
0c479b09
db8036aa
32051545
657a4aca
854766fa
0a0835a7
ce6a79c5
5887a73b
0422b627
a15a7238
5d6fea16
1cdc2c6a
1bfa9397
02b183ff
566a70e8
36755ab8
032748ac
f5fb8e6c
0315836e
65483360
ec59bf28
8cb32a49
b27e3c87
1c34c946
19707371
26a3a400
d58188fb
6da654b9
7443410e
58dd9c19
8277a54e
295e0a9b
e04cbca4
80c44c64
345ba704
b1f42985
9faa75b5
ccc53884
6967b977
1200a414
fb54fc04
106d6788
53cb8901
dbb3b693
77a70fc7
aabcf490
ce9981fa
83b8c044
21d2f137
d99518de
7804bde6
c450ab93
f8b64967
7b58400b
8a36a562
0b640a7c
a0659616
6e4bbe25
7f610698
779861d7
53723b65
0a9c2bc1
109ecdb3
16b61c80
5164c784
521ac51a
5919561a
18a81627
b49e2909
3b5b3521
c9ab4754
bc6bb206
43496c5a
ef1a2a86
15688c66
cb1adc56
87910b24
fb136e65
03677f64
b536306c
33f45e17
00730a13
8f4b009d
e3dcc2f4
4e60dd95
69384160
4b205658
2988b73b
42b3e037
a675990c
a88a3972
ef7bf5f4
f3e4bc33
04e13989
165a64e5
36385530
47577788
9e892ceb
cc7b96b7
66d07c07
c7c1f4d9
e47f9ee7
9a18725f
ea3ddb4c
b8a9be86
2d827b68
aab250e6
e1ed4234
8fb32acc
3d6578cf
3c557ad4
b0d6ed36
bec07ad1
80c792a1
76f5269a
e764abcb
e8167542
70b6412c
a0300a55
d5a33cea
6ce9d821
16ab7ae7
80365648
33a4680e
50a5a401
24feb1fa
b4e12975
26382137
83279009
cdc07b33
484c1ac8
233228c2
c5934058
e3b369df
4cce41b8
6e4a910e
294c0484
07688796
58384f36
aebea5ff
9671b741
4c7c978e
0d460232
452c71ba
79877e88
11aa5564
15290c43
7eb78ab0
f68f6c52
e9895b41
c1d68454
b3b3e196
927a83b9
2506013d
c5278aca
14b0aa32
36c4c0c2
abc8f126
9014762a
307a831b
315238c1
481c8802
6a3afb59
4c76b65b
a0a462f1
7b42e6b4
10b3e25c
c7d9ae57
3f93355d
ba92c13a
b77922e9
bbb12421
9198d669
d36d4730
8b01e48b
9075fac7
1cb7c4f1
4604864b
ce901272
bb1c9c61
91931f70
742bbc80
14125d19
732c2359
1c080cc8
d15464e4
68065619
ac5b9a76
74ed315a
43d1631e
316bba52
276d4872
624b70c0
0e46f3f5
46492df2
cfc1f152
910b513b
e29022f2
9b04567d
f19cf045
82c8470c
39baa120
663f6394
561c9c2b
1803716a
3b59d355
08548b6c
910c52c5
e7c80291
c24e5289
19db2fa4
1278b4ba
71bf8e98
2b30bd46
0d7fb398
1cb3cb10
bb1aa965
175138a0
1b555c28
8bf221a9
332ef29a
72dd5324
614ce728
39b4622f
03a26258
5bc6c067
9b93ac7b
27cb6954
009ad38e
79933925
6baa5efa
1fc87d27
ba74b342
052e5bc8
a14ce90c
2131155e
dc7147b6
8e6c4f35
436644c8
6663b727
529cdf39
0f129749
cc278b66
3803b8b6
280005f2
8b4f70f4
23617e89
b41da078
c7e44924
41baee09
843fc26e
c5a05b10
92f106a5
709fa365
f0d84a86
25034024
d4271b7a
98e55da9
3262e6b8
61ad13f9
b4e52137
5218e2cc
2108b82c
b84a7a25
5a5c1b56
5093b905
b33a59a7
0553109c
7abedc3e
250ba63b
4b348701
a80d9c0f
72727255
979c32aa
e423a33a
79140afc
7314d2a0
9e58f4a7
11239218
0e9b0530
9fb4cb4c
177134b3
8bdb0a6b
a219a7c2
c087a3dc
1d5804b1
7c7a1853
a69f596a
1a6862c1
185e8ca8
fbf32efc
23f29585
518c8c18
e4a14aa2
1e9b6c74
6982a341
ea0d4bc6
5b2a7b4b
cb7f5b8b
18844f05
b1045393
a772115e
58daad20
5270c3a5
03b343d8
f9e85f19
25d7cda7
10453a0e
040abd93
7875a396
00029906
e5c46807
4bebfa6c
18cbec8d
0c011b07
852a56a9
d16f51e7
598370aa
aa16c478
8cbec775
b3607062
01c88451
a5a8d2c6
3a0668e5
27449c7a
b8712556
637f2069
1ac5d808
28a370ae
89aa3cf5
9e57d664
b875b771
19ec01fb
792b4993
6aae8001
06550aa8
b2639241
987bbc14
15ee9c08
9596f4a1
3e02bad7
0cf51e5c
504497c3
7d866a85
9b873485
7769cf37
c28567e9
74c776a7
13249550
3e8eab57
e66fa1e3
1745d4b3
b17f4052
eb1a5e74
91250a4f
1f2fc410
41deb0f9
2297e439
eb1c6603
7bc24102
06271f76
cb3d18a4
2b2b1212
976bac50
0fb88cbf
dcf1aed8
1ae94568
f2b30ab9
a54e8dec
5af5d921
cbb732dc
d0d64ad3
b1f0203a
52b3d1f4
e8d948b5
5a3cbab0
777162be
9b9706c3
c7803689
464ca98b
50c0b6d2
b63ad01d
caa37c73
3c903edb
a1100e83
6801b1d2
18f8ca47
840b2684
a5377cf6
901f5562
59dafab4
87165213
855b7b64
2f560404
02019a0c
a505a838
47a57654
704e6708
033c3e49
b119fca6
1d71b5eb
1193c673
79104bcf
510db72a
52d8bdc1
42413691
8dac5c59
28aa69b1
9eeb8fbd
5a47c454
63d48f06
6dbaf869
f682dc1f
c9fabf82
78d033c6
b53924fe
60b3bc53
cfa70a66
8f6cfad9
1b2a48f0
01781378
868105ec
90313ec6
acb1ec9d
0523b695
51231a68
83983aa6
f5aef142
44699b64
aaf1341f
c9a20231
f21805b8
94da0f9b
efab22f3
e5274857
773c7520
42ada8a6
81cf97b1
6cf4ddb5
de7f8cfe
51674ad0
97c8356c
76a6c322
7ab49a37
9103a7b9
4b97b2b0
a31790f6
7c6cb77c
40cb1134
188d0f86
0cd82d54
dba413c1
b4a74977
9767d9b1
5502d224
67a94da7
0aaa7973
2225126b
92d85b8a
1d566939
57c5c9af
a6cc05d8
17a80b66
34b14433
258b4ac8
2e62923a
d336e377
1465c439
bc0489a4
0d489667
62454eb4
13395b5e
140c9527
30f5c83b
a270bdcf
e6ad95aa
07fda17b
4b986436
c05d117d
bbf95f40
78359449
9ea6b105
508db1a7
a5e5bc17
254e42da
398e0ae9
3112eb98
09389cba
c0010c6c
b3916d79
f18bfc67
f6d285ac
6e1a5c80
84b47213
71a42d82
89f06b47
95468703
53282f08
01534c12
e0a1e6bd
02993ea3
71f08812
fb6dc2e4
4cfc38c0
aa4ab185
4cb3b055
69bd94c3
0117fa3e
de4eb5a1
928e6626
0e685633
ce0a6159
ee76b0dd
f4be2227
5bf85f25
ef712cb1
bf169251
9585aafa
f6b0a017
15e955ff
2eb17bf7
9c27e9a2
b902943e
ca01bb5d
adc4e263
83965987
6745b099
d714867a
8fb89573
a7a11945
a2e5c6f7
44408f6e
e89700c9
013741d7
e0abaa43
00000084
00000003
0000002a
0000000c
000000a3
00000006
00000960
00000000
00000000
00000000
00000000
00000000
805dfcb4
227200f0
9f72ff47
11132834
4b66abf6
0507456b
ec1282c3
e738c12a
0bf8020a
404de8f0
b4832b7a
a7989250
7b72f4ca
c607b062
81d7bc5b
2a3a8bd6
741595ab
ce1527c7
b6a10bbc
f2db34ba
b949c3c1
c9a9b003
188ab748
cc7a8541
b30f29b2
012f3c15
1470be49
fe057164
2a4f0b92
bf142566
f2b53ba3
751e7663
06473d09
695ecc5c
7550bcb0
9ce1e980
a16142c0
16201289
51e47ca2
556b99b8
c52616a0
800b08a9
0faa738a
e728755b
047bf169
56c320f9
89923d1a
ce5c0e16
ed7e933e
99b075d3
b374774b
639592a4
7944675a
6b685f5b
88973a50
697c3aa1
120470c2
59726bf3
95787516
9b794334
8923933e
ac7f2cd2
8798e830
3e8947c1
d16cce20
2a882c12
9f1c4b58
abc19e64
63c63b51
24969c0f
44d1b112
5839d570
5aab1b4d
d7421d49
56a44f2e
3e10dc1c
b96dc128
c0c39e84
255af42e
99749300
b669859e
ab31a15a
32347b50
10468105
044c773c
ac05b1f2
76311ac5
4c6378de
6a7d156c
8242d8af
75c5803a
077570d7
beb78dce
f5184882
7c7a9beb
608b677b
9fc265dc
3683439a
ac7c0862
a8792812
d1982bbb
08ab45bf
1dc22a9b
f12e8880
8411a61b
235dfa36
474dce64
a824ed1d
ef8ec9e2
0275aa80
09137510
026658a1
cc562728
93930192
c4573c4b
22d724a1
72d5eda2
618c22ae
30903438
1f342c84
53ac5acf
4c5eba63
31853454
223324e4
a5b2a560
b8c9be71
84949850
64acc581
933c3bce
f8b3db10
7549027a
3a2ca628
04b689de
eac16a73
02321e0d
df5f621c
3038923b
7a838b14
2dca8acc
43ceabf3
63ca61af
832160b4
a6479a1a
53000f38
205976f1
367d2c72
28149740
781fe294
faae2796
aec8964a
542598c9
70c17dcb
6cc24c61
0e4147c9
b20186a1
34757a11
5008e6d3
66bcb533
6f325305
384ffc45
978785b8
765b94c0
372c1ad0
bbfe3479
2b26cca8
1cc4f21b
31e5c544
9531671a
277202bf
c679c176
6ef7871d
e8538781
a1ab5b7a
8f6c0981
38c162ff
00b969e0
22221ca9
dc3345f2
62f7cff3
5de9105b
5f0ac228
86fd4cdb
38766e54
886435b2
45326a69
76a9df85
6237b3c5
752739b8
2a3b8e38
1ec80c43
62bf7294
b166f260
69a0f8d5
35db06eb
bb39e631
54101ca3
2b8b3da4
926319bf
06534bca
a6536e83
60d7c739
2c3b81f9
30418e88
4ad67299
1454a780
29a581f3
a77cf0a7
b12a5a65
d343b48a
03c7d520
c461d50c
79292583
1e14587e
c7c03198
e5902126
0f53ebbb
c73abcd2
fcef7f43
84a4f946
e15126c5
c04b9185
64b50811
3cb1737d
b8811a88
53f0ca25
0633dc40
5ad612c5
7d9caaa6
60b57118
a84192e5
70a0aa3b
50583451
fc589684
7acb1b17
a04938d1
6aa60479
71303b40
d16b7485
44ce0422
08d00f3d
1333ec2b
098d67a5
4f29820a
b51ab63d
d62b81ec
47b37733
67342752
48ceaefa
b5548597
d5aed5d3
6359cf31
20e87513
1c74aa12
981f8f90
c9b67ca9
0a044991
670a9f6c
9d8ac7b6
465ceae1
566ebd70
c745fac7
c71fa4a6
13cb2696
15f27442
67cb5748
e94d3e21
390b3b4d
44cfc006
57677d80
ceaaddb3
3659aaa2
847866b7
91c5aa90
9f13f46d
84f78e3c
8fd22abe
f4c7584c
60565856
c7d65647
0c63bb34
a39c5402
291804b6
21652447
31cd9130
22cc9b69
c84e7a70
fb4ac0b4
4ec9c68e
0841e111
47e6a02c
c75b5caf
dba32156
b2e69430
45563463
8755a151
649f35ac
0b030b4e
8da61359
4c602413
53b92924
6cab006a
d5ae0e9c
486683c5
fa47f7ff
799fb98c
52c96a12
b202441f
29368b13
6c57f9cc
db516348
46e25a61
7cc643b7
9a1a55be
71ed6cac
987947b2
cdc596dd
46be7d79
18802583
b08daced
0b2c4d91
27368643
fe79f926
a08cc301
3892b034
2a1b7a70
c441bfcb
3f63008b
f49d4aa4
1208c845
c92c7840
615a4295
d1850ff6
8186ee2d
186f9338
57d3b7a2
5f96c141
5ac2c1eb
97392610
29f60342
9f1450f0
b1ce0fa5
1ab2bb7c
039d663d
39a65246
acf99788
06488086
982007a7
9aa3f323
dd1e7c6f
a7ac8bf6
02805474
28b5b453
ea5f71d1
c8905d5f
7d315bbc
048c23e2
a27b557b
47b7977f
5a661d59
40bc76b7
86204939
b89e7ec3
077656b3
c48450cf
586c4fb1
78f94c40
1e2d1335
ba38b945
31badfa7
8a022a93
9bc369f2
c5571088
c0ac539e
fc1fccda
28cbdd06
388916f9
5a302ca8
81c19f3a
91685cb3
65196459
84193fb0
4ac2011f
1a5676e7
a5cc95be
293eb8f8
b5e62327
5eb6d10b
70a6f9c5
d16991f7
b1910213
0184523d
123f703b
c4b286c4
227fdb37
d044a9a3
1f767936
2891f13c
630d7b24
5f2314ac
78c8fc57
a07b7c8a
4d95e744
ea25b4d4
01611cf2
64751aa5
e1343bfc
7737005c
98faf79d
393c9b56
f15324f0
4120eca5
a3273c42
d54905ea
0a624d55
f2ad42ed
a1402a75
be8b7158
8a08d92a
f1904f69
10c5687c
f626a140
d22f63b7
81ca3850
0a2b249e
03e358d8
30d56113
e683db1a
37cd33dc
9e62df63
5c29ebf3
a557a0eb
b393ab99
1a096b82
933c829b
640ba0a8
f151063e
837b94f3
af02671b
463f253c
e46e405c
07cac4c5
3081b16e
16d083f1
7a481d8d
73634bbc
14a68354
93e7d4be
0f67082c
76ba23d6
7a284ba6
de86bcbb
e8e563a2
c1532a75
717d7a89
b7a497fa
9078934d
09403338
d7af1211
a6ab3bce
247f4521
23548c82
958aafcf
2e02260d
19052f74
cb3135a7
84cd6694
e4f03da8
bfd3079e
b05a3a36
f9b76873
13ca0567
3e19ca12
aba6c02c
80690495
0fa014cc
ad002a6b
6162916c
190bc37e
da927966
0b6bdd45
8583c520
14fa2465
0aa71276
a4c67aea
1854b4ec
25f6b636
c59ce7a5
a4b96028
9b3af22f
32bb55e3
eaa617e7
4bec1c8a
fe65bbfd
69f44beb
2d96287a
793431f5
60ab588a
5721d8ca
a89c320b
d0dd4d58
2f70a833
99012199
56c889e1
632b5773
d51c8bc8
f228642c
cdf42b9c
6c687007
99348721
8b2cd372
928ecb2d
59da9bd7
c3665874
a0ace941
830801d6
9451b845
1ba85a6a
b8f90ab8
b762b305
360a31cc
00ec52a8
a8a211c4
bb563799
ab5a3dec
3f286e8a
ad37504a
8580057c
1a0560c2
2920abff
bcc8c568
952a2a2a
d7833544
78151a98
2262e59e
98c9e9fe
41c645d3
a8bc344f
803e14a4
8222b8c1
2d28fb32
c920e2af
41ce613a
2aec8837
ce9e3294
e3251a97
555a3404
01a33547
bb7a0f1c
08176330
93a93967
4b9f8d06
5e68e12d
9ece954f
403b2bfb
585ca89f
fec61912
1b32237a
05fcd3a4
4187e1b3
f664a9c9
3da81356
19414a9a
c3da708b
b7197051
2452277d
30ad8f7b
987980a4
0b6766be
84673b7a
b3da9cc4
cbc29811
eb540061
8138a3c9
b706e608
843a3ee9
cb592811
478a514c
a75b3c30
660170e4
14ef59da
37d7465f
3061676a
548b2da8
6e7fd55f
c252f6cb
7ee99cd7
55204c8d
9676c3ac
4a01f3f3
ea6b9b5a
149e56a3
f7923550
f9d6f81e
221a4c73
33d57fed
77dbaa7e
5d6abdf4
d2b8edf4
7c917985
f323300e
00000085
00000003
0000002a
0000000c
000000a4
00000006
00000960
00000000
00000000
00000000
00000000
00000000
6520eb13
44359baa
a40ccba4
2c1cda9f
a9281712
58390521
a9847964
e0640839
3d13dc92
7916625b
a8af1941
6e0740a6
1f145418
75257b1b
91430e83
5d68873e
45121b61
0e530fc2
788d2b97
f17e0d66
2b51c038
fd46b64a
d7b49bea
65f5f296
0413b235
ccb58739
188c3943
745d3a32
772c7023
64f0af65
87c675a0
c0cb3005
364c4bc3
3b2289c5
65be0ef3
5aebb22e
cfb51b02
26c9729a
1ac7a05d
60b95444
42fa8911
5d087038
c2cdc93e
d2283bc1
a0aad703
1562828c
59e5029a
22b8c049
fa815cc3
36fa3785
60748953
8f99455a
f83c29ea
9745728d
e6b1c7ee
db35c241
32b3e7b0
9b7af822
3b991c27
2a959468
0ea94277
195f14a1
cf329004
da5345a1
2b2aab39
56805d01
1d686c67
29a33cf3
b42be05f
6b979090
e1a28766
a6fcce4e
932bc865
6ccac2f5
2a6408b3
e49ee5eb
5b718195
5980a151
cc2e8011
d7ec46c9
3e912fc1
8830512a
33933be1
4e645926
350a8483
f164b494
34d0b713
4c279ac3
e5d601bc
118bab11
4803d19e
0cdaa6d8
91db8d95
70c141e1
c5e3218c
0aba4165
7cac35c0
8bacac80
a3650566
ff3fbce0
f9284824
6167179b
b71c0694
f86a4f45
5c495980
dc757663
446f807c
070ad392
f07fe800
87a71cfb
820adcc9
835e4049
d5280024
2496a73c
755bc3cf
211a4192
0314ce40
aba06586
80e63a98
16a93629
9792842e
848846d4
9b35881e
bd77b4e4
e5c563a2
9f63458d
e5876c54
cc90b865
50c1ff05
703cccae
b92ca489
4cb35e81
98d000aa
58c764bb
35a8757e
04a4d627
25618c35
86eca298
90b8a7b2
fa32c1dc
60db7e56
3b6cf5e2
5b053a43
3a627275
aa8a10fd
d0cbb133
5d286a59
94565bb5
d2e1c684
8d6a2abc
8090a75c
136ec0d1
cf438487
9a8906cc
81cf0bf9
26f2e29f
db272708
c9308ce8
4742073d
c30a82ae
59ccce18
64270749
90103106
86e51522
52b1b171
d7b4349e
23297df9
c21c00aa
bb06e12b
245baa42
278694bf
4aa464b8
b6d896ca
9e06ae48
592eb4e1
167a7946
aa0c3a18
936f76d7
27d18563
65b04b74
99cf641d
42403c81
0712a71c
bc411bcf
70c55401
0a585a48
c98fdc08
2305a929
8113625b
2620bcd3
fb16b5f9
7a23df93
9896837f
15b96bfa
b4d2d664
e17b01be
4c5c710b
9a62ff1e
6d1acb74
9cd3ca88
a34ac103
2a273300
c9bb52c9
64498f1e
a43017b9
278420e1
8c12ec82
2fbe34c2
227b1fe4
9a2a515a
9e47a601
2856b6cb
05551c87
a10df959
a9473129
1571450e
629c09f8
d35053f8
924a82a0
434a80f4
377c8cd0
b989d9ab
17955ba7
cace9070
295a2d8b
ae4dccd5
13e860e8
3406b68f
994a88db
b25a9aab
2492a995
f73b0b7a
1cbe1220
393c1605
b7b4f57d
88c6b4e6
56e9c3c1
93b28295
f63b5d1c
9fb90cc3
46ca9853
408223c4
3ccac0c1
a7212712
06728f38
48fbc054
5f792688
fa1a4003
96b6414d
cd96d128
30be4a85
b0c3b45a
98118928
a2e91c48
9118556c
d695a1ba
7637c176
02ec7e6c
76424669
9b8fc286
82c34fa4
2b5003c5
92438797
ab0a0642
794c99ab
f9244eec
8994b4cb
8d6176a6
a037ac08
a116b7cc
29143769
0c9ea5ec
0a27c7a4
f5973a16
500fa918
5b6540c0
6762a4c6
d9fe78d8
83d026bc
cbcac1d2
d22f4cb3
6fa80f78
0bba725b
fcc158e8
5bf52116
0d886711
c3275765
49f8516d
cdc68237
d88c33a5
74f26a7c
b03767e1
829a8943
a4f9b605
eab3c4bb
6ce56271
0a4be12b
09cf20df
e20f53ca
b52785a5
c48865b9
0b100d08
72274933
1a9f0cde
2bb25aa9
b7794011
96bd131e
c2986f77
4fc454a3
a0592b3e
e3369ff8
4721d324
16055cd8
6bdfb332
03bc00b5
d45e5080
6bd44b85
33258529
1811fa52
fb61c40a
84c9fc58
452bf861
acfe7bc7
8eb91e23
421a69a5
19f8b889
0cc1cfa2
58044970
0909a582
b0fcc61b
4c0232fe
487f9da8
16159472
18538365
23353984
19513553
31056758
a5b1cc90
6492ee56
4eb23983
22d6355a
8a7a6066
5a4a80cd
c7ca1365
1f45eb47
e236c61a
da938e0b
c5713e96
f9788aa7
f62d95d8
4c118a05
e04c4b33
f7fc7b19
4cc4a8a4
1e5b62b7
b9594389
60bb0453
6d1ec97f
d206ad99
49467b6a
e0220191
da2c7240
6efb2760
5a36c04d
d7a385f3
a4bb6441
3a1f06df
bc765db3
47b6e06e
5d4912d3
3373bbac
6c223637
803b3951
1a4b71e9
576507b0
98cd0217
9694b365
1bf5abcd
83a87688
9106bd1b
757a3a6d
7c7e42cd
57c61d8b
6f211b77
166e6628
60329953
90b898c6
d96985ae
ac084428
47b4ee5f
c6a3a70d
64b68cf7
6a1580cb
11951027
6123973a
081b6a68
e209b0d3
10a336b9
ac897bbf
fe5b04ef
25495b50
967743b8
46b799e2
8483ce02
6c14e607
fa5c2beb
4c1c1e60
0e2a9e9a
1f507afe
2a9f5b88
34c51823
89c2a0c8
436448d9
6c65dda6
295e496f
a11e6860
75d3cc81
0c97034d
4c600d2a
067cdfcb
b29f4449
061788c5
baabd33f
4016dba5
83ba6120
8ed8d96b
1c51d6f3
66cc5630
1894740e
2c4218b4
c83d6e54
68a97868
b36d55e5
5c276387
6c279f38
f3c6982d
f1034aab
87d5b925
6c4ce194
b0e79ca7
74c76abf
96359372
532a53f8
0802a586
2fbd2c6f
fa2e7bb1
9e2ad068
66a82167
b858887b
0285044c
cf8a0a0b
f5885a51
5cfc5b00
112553fc
11d4c302
bb7b57bd
6052024b
57608221
b18abc4d
1f2d21a6
fc8c2b06
5dac8c8c
7590a813
59f3a7a0
06abd466
e869f7e3
14455466
7f912431
87552426
17b23189
a371852a
1db6b5af
785f252a
bdc0442c
0b03e2e2
2b7535d1
aba1bc2c
b0351cca
21df281c
3a7a11be
74cf5bff
8c455c03
363b2777
4599b597
32348f26
51092a7e
6b1f8c2c
0ce24737
86a73ecc
3d2bf93a
a582b6f0
7ef3a81c
0462cc57
e03366bb
735b9104
bba018d6
e0dc6c8c
58453157
db432a22
72fc1883
51c56f18
64ca10af
f5ce49d0
7b86ec99
e371c927
0aef4670
48fc2261
f73e15e9
35c048b1
8547c2a8
13540c80
dce49067
2289cd58
4dc7a106
c525c620
51f0b1cc
b3bee8b2
e6283ad8
70c0fb00
743a06de
01fb982c
088a8d51
eaba1c4f
47414dba
454c7352
cd337568
1635cab8
719be72d
5e5d7978
41105c23
c9ebdd62
d77e172a
0a162085
5b2ce222
24ca0cb2
da2a5bcc
ae20691e
7845553a
5ac609f0
af54fdb4
73110cc1
352785d0
2584b33b
b2877153
ab31870c
0278294a
97964949
f4af91ea
ad6145cc
f483c4dd
0967716c
19d94d2a
51817ac4
b87bac8b
24dc070d
1e80e331
48a165b8
036af1af
6488a706
452a1899
02680389
0ba2344b
d3f63b23
2322bb92
cf91c09a
63fd99d1
5be36c73
a68b2c16
8471a0b7
a35c7c3e
9587ec50
798591ea
022c56cf
60b38740
2ca414d1
98040159
db83c3e4
9c593b33
683065ad
2ab57304
eb9ee1a1
d65427d7
25cf6f61
23e3b1cc
78f2a73b
e75fb68f
755f0f10
04625c68
058ff112
201f8151
af52d299
81417617
fd00257c
1288001e
993d7e5c
bfb9fd87
4060f8b5
4782b65f
6af93f13
4c1fc78f
00000086
00000003
0000002a
0000000c
000000a5
00000006
00000960
00000000
00000000
00000000
00000000
00000000
489fc89d
7996a9eb
9fcb3735
3ea6a0ad
e94f00db
66356c52
8e3fe364
a7e57e5c
4288d9b8
fc8ccaff
84d67481
5161e873
961db554
3c140047
4b95756e
7d0a1cca
12eaaee4
c9886237
681e2c3d
88e557b4
4d069833
86ba5497
89425d01
937253cb
97486171
0bc5b7cc
a9b2444b
8b40100c
ec34287c
938abc90
72bfc54b
2845011a
1bc5d1ad
02c32b79
a3c75151
aac05c17
4e8b8ad3
7a8d7bb1
b7f26890
df022201
db3a68a0
7336f73e
7f33e09a
9a3ba3ea
9a9a0523
0042a6c5
347f3e2c
6e3c9c36
8d32b9fe
82531d87
bf955f12
640ae4b6
351bcffc
479908b8
31cd660b
9b6d4247
bbb86070
37742bff
670b41a1
6425a198
18327674
f9cf7516
9655b36f
7c659a34
19001b85
7801aeb4
5d40e7c5
3bc108c9
b24b7781
06c41c7a
202c76d6
90454a18
8c891819
44064b93
b501e4a3
1428f0da
239d2f48
84148044
3ecd01f9
24262dc5
5af9ccc2
066fe137
fc8d27f2
1dd6f421
b2654063
9276a303
41d46c27
a0527361
76767a90
39ebf4c5
7a045b97
8c7eb1d6
3a976e80
919b899b
612266f2
a768ef9a
8a6c5786
19b10d49
50046c3c
01c02bcc
a7cb6c20
8c2bb6af
aa945853
ea211a64
a259566c
9e2fe22b
a7693910
77685a58
7bc7c7d2
95bc4e27
92b0c69d
f6a60790
f4d5a214
53c63acd
229c4280
7b489a1c
119b5384
c94d97a4
1b2d0988
183a257c
7fc6a66b
aa1a5ec9
cb33425d
f7603337
50212ed8
2fe50532
5f117550
ba69ac09
718472af
30a2f167
a34905a3
3c53d723
72937c70
b0967621
4f6a46a9
4384b915
bb618bb6
873bdcb2
0b78e83a
4c7d3b93
26318c7a
82bc300b
aa5c67d9
8659435f
bfb65641
026e4bd8
2865757e
94113810
f0250fe8
b1687a9e
d08987d4
65901dc2
b92a6818
358b9523
5b101e24
a8f52b0b
b0886b85
8b2834d2
2d02e4ab
2b2635d6
b1172361
ab67682d
5b29ca71
aa7c555a
49279e17
0f9de8e4
9ace6301
11573b4d
edca4ce3
31672813
4914ad10
6a8719c1
85dc72b9
6c46373b
4e2cdc41
a655ca3c
89b30b40
cc8ee343
60e30704
6ea19a4a
d4b57c29
2bb66240
c12581a3
82a79881
ca4eb509
c9ba3e29
4b6f377c
641f1201
ac717547
d2bac5a3
60a51a57
a1ecf290
0804c526
31f3cb26
6561ff74
d026ca8e
106aa5dc
3674f237
d678c486
61b3a852
80acf9cd
45c8dca1
66c60310
b8a13f1d
5ead814e
8797abab
ab762877
513012b1
cbbe8fe9
516554a5
1eb5e5c6
268a4095
08836a22
9e59191e
a9f60adc
77d751ae
6f4c164f
dbb20d33
5c621a7d
c56e5276
574432f1
b6d16449
dc491a0c
d4c04d14
52647c88
19713a3c
5c7e4d25
a9749f0a
8f073509
a7d22715
1a722f60
cb899244
b1466423
61917e13
5d334b5b
136dbd20
9ec57793
9db294e6
57e89189
86e5e111
dd33c590
787b9fdc
cea24859
551c1964
404105d3
90e84f70
45961cf6
b7c93546
7945a638
1e98fa68
08d091b5
49f69b02
9e203870
ca964355
9327b132
2644ba30
66dab301
cfc6bc19
052d8994
a0a044c6
567a7e44
425e57c6
0c610018
3ac005bf
6f8c1b36
b8e6951a
14950891
7e9fc6d2
c7d582b3
65b2da94
29429235
b1fd6d58
9e9492c8
0470095d
e4ca4943
c52433bd
8764420d
1b5d8378
b7781043
c537702d
d07f814b
68431237
732f8872
42af9e16
675435c3
e81977b1
00de3d45
03b2a357
570ea126
85edab44
bde1eb61
26209943
b328b815
7a833bad
7086c2a7
501a8258
869ada39
101552a8
31163f31
73c1085b
78859c59
284e5f98
cd37cc7d
739545f4
b1ec7683
9c2c8ec4
ca59d1de
37980568
78b64bc9
acc5b69e
01c410a9
7af8aa38
34512621
164b6380
24a29161
cec515b1
c4f985e2
00c14338
36357a69
98038d8a
4ce3b15d
2547b762
41f9bd84
91d8522d
bcaf20bc
7c4216f5
379516c2
199437c7
ea94ca32
94832457
2a093af9
297cad96
c6891a63
d736ba7c
3cc3a8e5
21ec8951
bb4f522d
f8610843
19fbe42e
1e97ca75
d2b0106a
68ca708c
f5885bee
56ea9e81
035b2c33
ce322b0c
e48721c1
42304cc6
d5a2c1d3
79282516
6c3123cc
e606b164
da2b2090
25964821
599556fb
143c9d67
21690a00
99a5da8f
bc6125cb
a924983e
08be89ac
60a278bb
bdb36391
570d065f
72dc6ab7
99b1240a
5427e056
70ec1e41
7c1ac347
460f62e4
24d9a700
309a5f15
653e793d
395ca087
0a8c942b
af3f07d2
89711758
5e981149
825e928f
b2ef3129
7e68553c
a936fc0d
01c8a65b
73b31e37
a7b400fc
36154ada
59a3ec93
835515ea
e014a904
cb0bfc68
69bf481b
773b2f98
3af527c9
9e0d8568
fc95aad8
c8f25a1d
16c601cc
332bafa9
3d1151b4
fa01f991
433014e7
56893d44
a5a4f0e8
733238c0
b45c1f67
c193a542
e10c08ba
2aa9f939
7851fc07
256600a5
7e875211
075ef83c
272d8101
42f77100
b3445baf
fbb8562b
646c879f
005d33cb
103460e1
1ceb3777
362dd01a
68201136
896092a8
8228aca7
44f08547
5d575a2a
60b71997
06115086
6c2b2798
fb53fbf5
2593ade0
c2212dac
d2a2eba4
a5799876
3f514096
a784f0ec
d79715b5
a27bd7a9
1d6fa662
b9917e12
33c3075d
b510d6e2
8b3c6beb
c3d8a232
269289a9
357daee9
2a28420b
e092f078
25274d08
27224b4d
ecae430c
54385d0c
7312c288
ee02f6fa
3be33452
974b396a
afc551c8
a9178ee7
45f93c3c
3c06b286
9bf09b12
4a9af90b
eb7e55ed
38e92d91
18d4bfc2
53057aa5
dbc445f1
a9557cb2
80108509
90f465c7
6043b663
445d84b9
36694f03
8e88da0d
cd9b0955
44ce69e7
ca87451f
1f84d70b
9662243b
3d420f04
a1a6e169
46faa368
c3b1222f
e325687b
622eb936
2f4a3a0f
3a95aa10
921746a5
34b2a805
ec5ec2f2
3c03a8b7
3df00124
7e56106c
b469a7a6
6c4966a4
a35597f3
fa1da19c
5470646a
7950c7df
c9ec4aea
1cb3e613
049df0c6
257433c7
8542c83a
21c7d5c9
7be15fe5
42acca1a
921a1552
d67695f8
289cfd6a
23448a87
7195b8f3
9b7133c2
fd4ce60c
616848f1
97bbe496
d5001cf6
9aafb488
46b3a465
297fac2d
ca7fabea
a556ffcc
bcb892c9
7bee8a35
ada2722b
172d71b2
82f50b24
66690240
3a8f80bf
6a96457b
3a81d361
0e8bf69d
33d88154
c8e64ca2
f891d1e4
e6e96d8c
4b8cdc02
d0c8c681
0ace3a9b
3ffba366
ec89f180
b20f42f6
bb02028d
f27ec214
a05870c6
22aada67
6c1c7c79
54d63f20
cdcc662e
61c7d860
fc9a26a4
77eb2749
863cd107
90c97aa9
9f650032
6440b86f
cc2f7fdc
052a9598
61c8a6af
ec210a22
6d080f57
553ec531
094e96d7
a6918db9
c74aab19
11c65a07
c5f95e42
5eacbc4d
5907ba8a
a5d10c14
3d3ad816
86285458
5cdaf697
e1732c43
171870d9
39895c1a
ceac804f
13745fdb
55a2630b
354af15d
e9f07f07
d5f70b26
f6d9ac89
df7b72f7
01a3be81
6a912f17
2047a06c
f9b5eeb7
4ad4e12d
fe48f30a
b13dd2b5
0f4bd3f5
4ae9d060
8c0d25be
03fd1dd6
46151bd2
10dac7f1
bf418ca6
b43e9641
70098b9c
00000087
00000003
0000002a
0000000d
000000a6
00000005
000004a0
00000000
00000000
00000000
00000000
00000000
c0a07d02
4add7885
2583c1a0
1c0ea14c
39783cc2
19e0a6a0
f1125906
77184f28
25923cb8
0350769a
33ac2050
20f9d65e
871b17f9
bbea189b
40e79b54
9c73acd4
dbb65728
0ea7e20e
59af97bc
5937a963
17625414
ce6464e3
a0544eec
72785d3f
066e13cc
85c16e67
1d51c100
ca00eae5
11338909
adb8878c
416671ac
2a9d690b
b0e010cf
9a34b11b
5c498b22
ba8573c1
876ffa76
71cbb0eb
0ec04665
955ef0b6
87754410
6f13057c
984fb717
706d8746
7ba1443d
25291681
4beb8942
6ff57b59
bc62a43e
a33966d2
4fe97771
4f3cb87f
e9de9a60
2cc42ea5
a24e19d2
c5fd5deb
53940d01
382f4376
d94509d9
7cc08257
ea5ce8f0
82dbb155
14108b8a
c478619f
90d231c9
2924139e
6433b084
07352b58
bcba2532
0c7c4633
e2e6bac7
70ab57aa
2458a92f
5a07b5e0
c726aac0
37a57294
d130ce1b
b0d1ee10
39089970
d72106c5
40363b62
926b2c08
521a2d91
6921ca96
991af9e5
56d30dcb
a7702c8c
b3b86254
00bb9b67
bb086ac9
5149003c
35fa0293
37c98a5d
2058b970
453385e0
0c195749
ec38495d
239c917b
9e0cafb6
ab17fbb2
818ecaa3
c4732c1f
04af9660
984b7fa2
a8c2e089
ae2048bc
e7362283
622ac895
b9044158
f3051a12
91a78343
62a6d9b3
771d2a5b
a7b01632
835cb304
8b4a5f07
6704db7b
523f9466
ab50b117
3347b513
c69ee017
23de92e2
2f24df4f
48b29ba8
062c9530
8f87dc4e
342b7be6
845a561c
6b058b93
4a1f6246
86e2c424
ad1b7f01
e8a2e43d
89050461
b0a7d047
0ba7e482
6c2a0575
42365374
5abb46e9
d510c8d0
1455ec91
e1655571
6888381c
49b4621c
ec559a8d
65e5b2b4
7574459f
839eab8f
92dbcb8b
a32866bb
4641a54f
4687a3cb
25b47755
55506165
975ec996
18f21a3c
ca0170b1
72f94832
8c55a9bd
06599c2b
a555a842
6ec17077
9398c80b
1b772504
4290f1a2
283313cb
980f5074
08d1a6a8
f1b54199
147d694c
3ff0dc11
4c411bd3
34be2ccc
2c1ad58c
7ccb1982
591fa1f8
c13167aa
8a7683d8
8ae2415a
2f05b835
fa863a29
71699557
2cd70bca
5e5a3a4d
d1f24779
2ab10180
74c136e5
294f7cd9
505081bd
d6c4e68a
f29e7601
312398ca
52452753
8671355a
a0837590
90bc3a48
025c0464
2bf973a6
fe7968e6
30a05cf4
4f93e834
3294d45b
b3825423
14337b3b
51651b68
03aeb6f3
23f0dd83
543ae172
8069be2b
5dd2c0ab
907a1ab2
1aed64f1
05173e4f
6436cced
866dafe9
18c4f4a2
7e7e6cf8
d6271698
436c3a23
4f808b9e
348f4f38
68b86a09
3d2944ec
e2ed238c
1d52967b
d59c3157
aa2d13ac
bc606d20
5520c9fb
bbc65049
b6d3f4b1
e94d1280
5b99ab80
93567f21
38127c66
ccf13126
87b63ec2
8247ab07
b3dc7d36
0a805ecc
26301b4a
517f3765
ccd1102a
e074dbe7
f96b91ab
0d869f86
504fcbdb
c8ca60da
3ec371b4
047e75fa
60d85e6a
b7454f7c
f09da259
f80b5a71
8fb6c041
f4a61569
ebffb4bb
ccd52236
09c9faef
aa471591
8bb5fe86
17a52a01
a6a21eb0
8bc0dc31
94479217
bb0b1625
540a09a4
c126570a
1b7362d9
2b404f24
dd44ccc3
e38158bb
c9f97249
1d07f722
d2f6a178
09a6a0b4
dd377261
d6c8011c
99159d9d
aab32a57
876bbe38
3662a865
02451971
6ccc0171
85c7b34d
4b54f7c0
54f85661
8e707091
5c1b6e2a
c67aefcf
6976314f
c949141d
ff26261b
6c4f2c8a
89d46160
385e5b75
00000088
00000003
0000002a
0000000d
000000a7
00000005
000004a0
00000000
00000000
00000000
00000000
00000000
cacd8d02
549b6945
1fa32f8b
de08cce0
14b22379
93f8f71e
63bdfc51
72a4494a
91687c37
b1a92cfa
04ba1781
4a59a647
3f4226a7
1650b1f8
00b4e799
ec47d06f
7a9d13f0
85c9ef45
5c5c318b
29c9a3f3
7506195f
5b27ccbd
ecb34521
cf4adcab
db76781b
ecc893c2
cb3bb85c
64b2e4d7
e68e0271
4fc6ae46
f69d75e5
ea1e7dfa
7e8080b7
88cf0609
ea3332c4
a1a9e587
206a0424
36a7b51b
223a1a09
9356b69c
8bff7d27
990a7886
280e71a2
06752c89
65c7cacf
1b6e8286
78c7cd20
b30677a4
e00ee8a2
f828822a
76d0647c
992178b3
89f13d04
c3a57961
6d8c006c
036257b5
35b7c88e
c9906c31
268e6289
767b459d
89902500
45dd58a9
0b9bb2ba
eb64d73b
53527f3b
afa237b4
93a2b798
c446901c
7725f774
c3853673
f51bbf0c
8a18f5ab
b67ba431
84361f2b
5ab2ae11
09aef6ea
c4623cf0
0c7af41d
184ad17a
d73a8833
79e4cfb2
696401cd
a7a06214
1b13aa02
a63a2699
c4916b70
0458827f
3f9ee197
08b5420c
71104571
697391c8
4b5083fa
2c39b96d
ad980420
36a672ab
abc9406f
6d8fc4bd
d414754c
9622b061
d523babe
d4c30968
74570f7b
5e898997
d08f1fd6
528bbd2d
40940850
b318a131
b4577c72
da55865e
6a9e9363
0e64cc29
b954bc54
59b647f8
1be75e9e
ceae9069
87a521dc
5d748945
7195d148
89fb113c
5903c40c
6e4cf5b4
c1273ef4
68eb8c40
530ec02c
489c04f5
533b7803
a1b1b09a
5317aa2c
3806e4cb
231bf0ef
74459b37
b1fa0c8a
6d57f45d
282567aa
0f026c3c
73545a87
c0d93130
3064ec82
cf3457cd
1b7d5ca9
92c57c98
c175e832
c4c376bb
57226c0a
388c201a
db28c03b
07029424
17ce879e
338aaa4c
43a00881
5820013d
6862aff8
9310efce
91065b88
171bb075
1c699998
b4ad9c9d
c305a38b
62c9d028
eca472cc
26d74108
51f21c8e
f420a135
79b7722b
af1b95c1
c3ae413c
85b5574a
1195eb2d
9595934e
0cbe6d76
8223f502
93558cad
b9d2a495
be1c0850
196c918e
7ae37c3a
0057732a
5f462b37
f64b7a0c
50a4227e
3741cb37
189757c6
725c0d89
6b3dc9ec
28b22811
9b20e7bd
634740ea
568e9130
18218001
88659b44
93c5afc3
bef67024
a94c1158
8700a766
1f358c3d
794a29ab
54a68e24
4da6a999
dc9ae030
41da2ea6
0815625c
c573a093
0a2a2111
7734b2ac
0f3db453
2a53aa6b
9441eb69
d98ca807
a3db9e5b
a769aa23
5b8ee08a
362baa6b
c32036b8
cf6dcaeb
26e034aa
187c1f3d
62600180
61371862
1bb41867
20bbfa95
896620a4
b8894ba1
2627b021
90de1827
be252a63
edc4218f
f2f91d77
a05c9918
6e4c385a
a68db12c
7c380683
3148dc8c
29e8916b
9871233a
8dc8a55a
b4a50152
9eeb5e22
30c5003e
ea997b94
4176df11
7c26e2fa
f893cd08
54a13ebe
7e0d21a7
28e50188
59e9061d
96caa34e
a4512998
95f9d5cd
9e888926
5a77c045
67f363b7
e05ae401
1c8f64b3
b12c4318
aa8ec77e
d9b30a92
6b0941a3
b68be513
1677b0a3
23d0bfb2
9274b222
d2171a62
1c62082f
43bb3449
09fe5e63
44531091
fc25701b
011cbb08
825c4b49
8abaa2db
0a3b7d7b
59fa6949
ddbb9b50
0697b6d2
2b75f89f
754b182e
6ba012b8
1844148b
d4a5105d
5b7b7429
14d84584
42230270
4282cb01
6fb57f8c
1610a3dd
36ac26db
3c193318
f4fbbb4f
b7604e79
3e666fe3
e464fc86
e32fd366
95ce3527
e8279b13
705afdde
00000089
00000003
0000002a
0000000d
000000a8
00000005
000004a0
00000000
00000000
00000000
00000000
00000000
c2305d02
71856024
7455f1b9
b88c7b20
db557998
7ed7cc7e
3c1af4cf
c7bd1b75
56753207
c41c80f9
139477f6
5e7ba99d
f9b7147d
0481cdc5
c69b6b62
cecb6519
10d91335
a8db0811
9d653caa
9c7e8174
aea0d2a3
07ca23bb
2ccc2142
c317f771
a59c0a8a
d22749c3
10775276
c1afa65d
ba9fc258
4ff3caad
be9b7ad9
e3d510ec
0fe4dc48
37b1d60f
a4ae81b6
90a1522a
0a5c248b
5b5e2d77
2ec09d9e
4e34b93e
5af7a3cc
a9b687bd
b43bc05d
4ad1a727
c3f64b95
6930e6bf
01666d11
2d803f28
75267bc6
e067a253
2fb77e4d
417e0a42
72be2667
79fc540d
75ca7a79
e4291b22
8eb2da6f
8c152be3
96be0700
881511a2
94caf9a9
e9d9a35c
4cccccc1
de5c4467
f82216fb
5380e10b
7c65a205
089065bb
303a8b50
8e4005e5
ba1405b7
89ac2047
338b9553
003f5f4c
99114e3d
a8b905e3
d7aa1f2b
81acce14
739f2c74
5cd0882c
8af82e39
f06ea9bd
a4cc5475
151a9523
4a399a82
71e41160
22fc23b3
299c7816
32a425f7
40182205
26b9524f
5bdf8778
10858432
e1a6e156
fbda922b
94fac56f
65785ca0
7353b61a
1f3683c2
6925276d
c5514972
22023201
926a1206
6055b4f4
8038ed9f
dc481a5e
94f5c093
b6b9e94e
d446e8a4
b2d73341
c0aa89c9
0eaff804
4a2691e9
98d9f540
48a28244
2747621c
89911084
4bb1b428
308591d5
8452fac9
aa80b6f9
760c40f7
5b9b7598
0e16562c
c3c9ae38
ccabfdb0
7f778b9a
c5b50eb9
62983434
0767b5da
c89f52eb
7d73cd86
b7a577ae
aaae78b6
8af0fb15
6215e4c8
2022b5f7
c5c28c77
431aa160
725e6c56
b1a94270
f4974a87
9c9272cb
2a819942
c2878b8e
e30d0d17
41033f16
916ca075
20f15306
0f428a7b
a21b2800
bcff5b39
55a25b4b
f5826c19
830246c9
64caeb0c
115d83c9
d7b10283
9506598e
16b80300
a26b33b7
8945c1a9
07af51b5
358494a1
3bb7c00e
44c23465
e62db261
bdd7626a
d05ada39
3c956f05
b17358cd
3e0f9083
4345a1c6
5844602c
410f55c2
37afacb7
65b5c24e
aa18c5c2
73eecefb
bcf96e91
84b5330f
5197c5eb
956a45ac
0b611b73
c4b93973
8434631b
f19641da
0bedc6ab
73a3d220
31c8e4dd
d9d57185
84101e23
300e1811
abb31e47
c849cd3b
ce8e0be7
289d4de3
ccf9b058
5e74dc20
05a0447c
9928c428
5501250b
4793a939
78db7b9a
9d983949
a0f4720a
51633ebc
259a4189
44fc1149
09ac6762
fe09c93e
e0889c21
89023f8a
0457b04c
52e2c992
4c58815d
095ccc61
ac08b7a7
1a086163
58620bab
a15b2175
2945063c
be241732
a7551e64
ca17c26a
f22c54f8
e2a35c49
108563b5
8648d438
71b256b8
1a7ba8a6
ccab2ad1
67760858
b3e22da7
1d8d99fb
1b9e52dc
8e8774a6
ed3e193a
6c954f12
141ce974
d96aa916
35d1c023
03215d5c
a239b505
3a4ccf23
c632f083
be97fb17
b7d24ee0
13fa3f28
ea0ddb6f
e99f20a4
ce8cab1c
c97af2a3
764e808b
7bb91067
9b691379
3b817912
bd804841
d9c2b03f
843c1e19
16671ec8
b429a183
59614df3
0ef2a99d
277115f7
b69d7fe9
02ab003a
782fa34a
3a829b55
63bb6198
464d3873
d9757f4c
a6e0826f
32bdd278
2c7f8978
ab976b25
8a1b9b57
34c0bd25
48050509
1b73d82b
5aac47b0
aab98234
dd73b023
d8498224
9fc0e1b3
d730b502
eb7d5ea4
8d2b9416
e8a88ba9
442cf1b0
811385c3
2742c83a
1f76079a
6999301a
e4300264
7d011b25
0000008a
00000003
0000002a
0000000d
000000a9
00000005
000004a0
00000000
00000000
00000000
00000000
00000000
8457ad02
e8094ed9
1fe5d3b9
f5be2489
f4e76f52
afd6b17b
700b65a8
2a7bbf73
84448b01
8d756cb0
abf75fe1
b0d5654f
d77c82e0
46ebcacb
023b6008
f13ca570
cb3602fc
01b19970
7a75f256
c53cc96a
56826692
4c8ea279
d50aade8
67e0ca46
30a4ec60
c5458a6b
736a8986
9b2766f3
579b94f8
814ba506
a529d82f
b5d5b606
20b14c4e
ecbd7718
186a2cf5
0aeba74a
d8149cd1
902f41d4
92531911
2b22f2d4
51dda854
6c46e9a4
c9312beb
64be813b
c343f560
a341d725
ac213760
1556efc1
6e851c84
5b890627
55c7693e
3493aa91
9cc48c20
b8d8dd94
eec4611f
27bbcd59
2440efa0
edb08336
b89ac3d1
71a8587d
51cb86f6
bce82a36
60f2a29a
28abb6a8
823889d6
381c2b4b
cb1a14c6
3a13a335
3df7c70f
e19a61e1
d470c8e9
86baef9e
4e77086e
d071cd33
2c74ff9e
066dd46c
b755742c
9af5d7b5
6b3ef102
e0d86b38
097344ab
f457dc7b
583239a9
9a645bc5
d7866208
f67587d3
11527c4c
288881b3
d5b99f3a
9ff67043
c344540a
10f86ac1
c1578208
365d1592
47788aa8
90f7ff75
6e0f4ac4
b5403347
1d858289
53b4898d
8a6453c1
c7a2298b
6cbd2339
2afd0707
26a5a48f
d62c79c4
4119562a
8c82406e
c31ebcd8
ea082367
278cd99b
119bb5be
f8a2aac1
1ce59988
3b73f224
d5eba44c
0ff74fba
54c95389
61f25889
9f37ddbc
564d6b48
ca9da0c9
6f96d145
d19511a5
bbb91ab0
804b9b55
b728f4d0
d3062673
6c955b9a
2fc89cb3
9608165b
544b9a3b
23bd1150
333fa346
7ca8d32c
15512652
607987e9
be477f45
6cbd8be5
238439f1
a2272fa1
c48cca50
8a375156
0fe0e872
90bdf073
09d796f3
c656ebb7
747a11ed
7842cee5
34771a94
9e53005b
71d40175
7c61a597
e44e3376
f2978ae5
743078a6
596a72ba
297e03a2
ab443e0b
d68ec7e9
da5c6628
8a881473
9675e591
0928685c
a1f9a774
ea1238f0
160d94a2
3ff53e1b
1aa8896a
a76819f1
7ca15b14
32a9b414
128c61a4
ab3af50b
c221353f
7ca15326
01e03670
778652ec
8b8f1140
1dc4d5c2
5a8e808f
050d71e4
175b0d03
f62bf300
55fbc503
8fb1694f
ec8ee544
24fb5c40
95cc34b1
ba7a32b3
95ff09aa
0c79e49a
907de1b5
e6f2bc76
5808f6bd
73ca731c
440c1b72
7ab7f497
c5abd35a
1303bdbc
3546f678
6b9e45e6
620fb8eb
8ef56639
031b69c2
b1155034
44aa3c0e
c12865e4
995a8673
9e4c3037
79564c64
0aed2d53
25923cce
a8cb375d
c67fbbb8
13d06f18
3107644a
1794860a
c9955c52
f49b8b23
85c44e06
66d8e723
0fc018f1
846ea6e7
175330bc
9ac5e860
299dcc27
47b3d2ab
ff21d217
58697d59
85115457
71c2cbaf
509151dc
420c3f20
456dd2fd
fa2d3d41
7411081d
1932accf
c46b1a63
1eb19c24
6f6d1160
a22035ea
c05c6a4d
f9987a1f
a8035d7b
0b23a1ac
921919eb
f8933044
9983edcb
1905448d
e2edb870
bfd9ef08
428af20c
bad63be8
70895d28
b0757191
3bf89452
69260979
3e0d82e8
c6dc1872
99667532
cebb4066
337816c1
917665a8
53c0fba0
79c8b473
86c55e56
3562696f
d9f50781
4168dc7c
2c94571b
e09ab762
0e3829aa
69a4d5ff
c22e7e66
0ad85957
00bcc75d
162737ea
8093dfa0
be2ce08c
57b02d88
84974075
9da436ad
a72c65b1
2e13d47c
2d262890
d5e858cb
a133a968
055508ad
8456fa0e
f500a0a4
027c761d
dd5dd786
bc943038
ba395788
58eb06f1
0000008b
00000003
0000002a
0000000d
000000aa
00000005
000004a0
00000000
00000000
00000000
00000000
00000000
ba6a7d02
2824bcab
694ba1cd
ef30232d
90df77f3
43d09c92
a178b696
21a0c457
4b387206
b7bc2cd7
7793741c
5db4f304
ab6be557
163c9157
6a76ec5e
a146e386
3b107790
116a8a17
c78413ea
bbb900b1
80b3091c
0a0b1404
c53507b3
1b815f85
7d582104
995c6201
5af9a12b
ec4a86b5
e9e728d2
ca3a596f
2e4c25c6
583c4d74
6bfb804d
ca079081
145da135
4b1450b4
a4b53a1b
d22b2d81
0db3aeba
3caf9422
6b96cd2b
ac475376
2b09d651
37d6b024
7e3c797b
9a8846a7
46ab6a28
bbc1c889
6ace4c0f
303f198c
3f03c632
19152401
d2849497
03aa363d
e274fc15
e8776f17
450adc9b
938dc71a
323c3125
5c892bb1
908c7bb2
7514a0e3
a5b7aba2
873074f6
b31835e8
a1636f36
1e18965d
20b3a5bb
bada8184
0e90969b
a78d8665
8f8641ac
ca298219
48292af2
7d37ac98
bab802d1
e4814f32
b03b7b27
7ba268c2
19fc3734
bbe4c46d
55a21ac1
57972093
1f5115b8
8a3737e8
41b82bd0
05308f40
955f5c22
a688b830
8d783db8
83bf1355
02d22e73
3754239c
dd69d6df
73583cc4
bb0191af
4615b5e7
942d609b
522a47a3
2a5c6444
630d5c16
ad26e9ae
562d132b
212b0b99
1fca9737
5a32b380
12455570
22c04929
690e284b
f6b08c98
72b96aac
e64de9cf
3a108043
39201750
3c3289be
44cb44b8
bcf0f918
be90d9da
89883780
03a0685f
876e2c82
709ecff0
c80c7a15
9772cac7
b12243c8
26d81566
ee51a579
a3808155
8fe2d508
550d284e
1833c017
a3f44983
c82397f2
cc6f3fc4
59b07ea5
e1c59820
0839b620
2337cb42
7593dadc
e0561440
cf731fc1
762ca441
397d18a3
8fe2cec0
b1b88c29
12027dc6
cb60c9c8
b786d92e
e4489935
abb6d83d
09860c25
64a5bdc6
66357728
32384c52
fce57f51
74f5fc0d
a80bb1e8
85095ce1
4f3b6e14
0fbdd410
d4870628
41eb18ad
39389014
98b96bc8
cb0cb28b
b0a73965
83bb3665
3cf17e57
5d329c3a
45e14eca
a43afc63
ea8a276b
22b132b4
9049a868
83b1aae2
c6937d02
abc64462
0070096c
8c2f0b2b
c080fe63
97514b09
2b8b37ca
11c1d08b
ac73c2e5
55dc9676
85094639
66020884
744b2c62
2c11770e
df050b7c
9b55b925
a8599f81
1bcf93c7
50c56527
70797186
ccc5ec2f
647c6b91
54d70cc4
544cd17d
60e78b08
935b8308
e39e5c03
712d5396
3259a120
42293387
c0530b88
83a62b7f
5c16c4f9
232096ac
5a42aa84
44123bb1
447c8784
4fc5c4b8
0caf2c14
81c44cb3
0b6c6865
8cabfb0e
914a7c8c
cb4bb880
353b7bf2
35f14b79
44957ba0
3e8751c4
c7d135f1
1423442f
c06175a7
714a5bdc
bbc8b315
b537cabf
9ca826f0
14c3d339
f17ea49a
14525d75
ca9ad298
639e9a76
819735d5
cad3faa4
9f6fba21
e8d70ae3
51607b88
fb6997c8
a8ebb252
88438ca4
4e12ca1c
548194db
8d88d331
317871d0
dc7a1485
7e796f49
99c953f1
d94d40f7
ad73b0b2
8fc59c44
25ad9906
6cd396cb
4abbf952
10cf03e2
21aad844
c0ccda6e
95da1d19
a571b5ce
1cc3a9c5
7a42a879
cbd7231d
a43b09cf
e66b2af2
1ef47150
4cc6696e
b3f068c9
3105539c
fa8642af
937a3ca8
08d88437
5f6d62bf
12545864
20e77d13
0e410953
50a20a09
19f480c3
b370db58
99e63fe0
3ea7be16
cf367c14
2aa2a67b
59170c39
b33d28a2
b2c80463
09f19e41
fc21875b
b259df3e
d842a1c7
a2a58fb4
9ca762a8
9b7d5294
f6695626
b894554a
0000008c
00000003
0000002a
0000000d
000000ab
00000005
000004a0
00000000
00000000
00000000
00000000
00000000
383fe059
8b7875b7
7356dbbe
9b23ca35
c20f7fcb
8040f9c9
7fc019a5
778e2cf6
bc89a26a
c8be3b00
e3fd9a8b
8552d328
c46d6bc3
4af42825
3b56037e
89cd129a
fbc961b9
208c4e98
2450d8b3
ece62554
4751237c
b579f63a
a6fe50d8
6757fd0b
ee6305b7
6123bdb2
19a42e46
2c80a3b7
941004e8
0749cf04
16c62184
d1253a26
0154613d
e11595c7
775cc765
01e3be5c
ceb1d5bd
d21f98c0
537b82b0
d2b35768
d56543e0
5d18ccb8
8acaf562
027a0250
82c02e18
77ae5a27
1549aeda
b0b9c8cc
bf94a7a2
cc69c839
41e8934b
a2c230f3
63ddc0e7
7c13ef7f
6c75784d
6531952b
8a5c5213
a9cc0ae7
3448a1c1
3b8b486f
dabb8ceb
c88b23eb
5d024e7c
5d965914
38d33011
abdb1722
a7891bbf
5523a8fa
1ab8532e
e0371164
2973ab56
b673535b
178da209
40c864c3
55fa0415
4f1ad21b
83032730
00f7e639
4bca72de
581b1a64
2da92d6c
a03d006a
b2d31c88
77e655b4
c465d878
b23f8c62
0b9b6c68
4c5b98ad
7cce75a0
781492b0
f65eaa59
62ddb9e2
7594d0bd
d32c2880
180c2552
53f4bc21
4a7e950f
995007a2
0778e3b4
917b9c88
4c6158f9
7e4939a0
9b144498
3049a703
68fc044e
230a5021
a181502b
664b15ad
195ee5b7
a7ca1759
8468ea46
7203786e
507b1be4
b2eb9796
7c5991cc
69cf7062
c03ca5b5
03bd35ae
59398845
2fe1d40a
bd9aa9f3
06199c6c
6ddc800a
0292b746
ca888b80
98226716
0d68b2e2
a93a4093
388c9a63
d55ae657
e8490bea
6987b048
5a79f261
1a2f5139
86085a90
b204e80c
5b22421c
2b823f7c
bf93754e
29687396
6c58b063
c11c8286
e8c35958
7db28588
c220a9ad
47587076
22163ca2
112e809b
e60f97da
6732fcbc
10cf9b04
f9bfc4ca
4e0c627e
332912dc
e1e51abc
51934061
0c92d8ff
43fd1464
96996ca1
9e5c9851
d15e8c83
676677b6
fb3a38fc
53c0cd30
62320f55
c7c847d8
07ca1178
cb6c2d5e
bb2863a4
30a84244
5b77b17a
4a85921f
5918953a
8b945895
d56ba7c9
c0c71eb7
5797ef03
6d75f500
1b572b96
b44cb7bc
52421817
096e4159
24d96dc5
a2b18a2c
e97c46ca
036a5b19
94893578
e3d86ac6
0b33c20f
eca3f275
aa491a52
64898a66
1a49f0fc
92c0503b
c99c8e40
da394cb4
8a3a27c9
7245b209
46aeab83
a2067cda
1e0205cf
3511ac82
2142b41c
12316559
238ae695
75b12469
3c304d4e
dcc1e66e
12b72b1a
c27a50c1
8f1ed3a2
25e678f8
06707e13
8bcb0bf7
46c3ceb8
a2775951
fa80c6e1
d387ad80
a213e152
841293fc
123ba2a0
9c5c6031
474227a5
79515810
0872c0b8
d073ab6f
c220cd97
7c211679
6a3de748
67f896c1
a945ce5a
d53a569a
00781d3a
43a5fd3b
a520cafa
6a138231
81cab610
75b209bd
85c54ac5
00e27447
4c76a313
58a9583a
ab56fe0d
270c28b7
65eb4b17
cee0bc94
e0cc39e9
39a539b7
2ab7eaca
70b600df
02e35cc1
6741cfa9
012d7a90
736848b1
4aa6fd35
5d31b978
299d9f19
82856701
6c906c3e
4cbd0801
9d765646
53ad34e5
a46a0293
44b65852
73c1b565
d51e6dd5
c2751921
32bf8714
30948a97
c4d64c2d
0e5c577a
c42022ec
2d29ed05
7a6fe0ab
32839a09
34cb3e8c
0f32b0e8
4af01e06
6a85db18
071f0065
e131a3c0
72747faa
62ac3812
86dc37b3
2c4187a4
dd0c43fe
a8ee4ab9
040ada6b
b8ea4489
cc5975a2
9b9c6c5d
a3a18a10
e5d1a963
7253f9c8
cf98bb4f
7e16580d
0000008d
00000003
0000002a
0000000d
000000ac
00000005
000004a0
00000000
00000000
00000000
00000000
00000000
96aef2d3
9150b159
2892bd51
2803a9e9
a1f91ed5
2e83c664
834724e6
b701bf34
c2c87797
4b3fec63
29b84372
6bf7de6b
1c1a8ac8
721a0734
1f2bb912
7fa88aa6
e3b014d3
84f5bc43
ac9626ef
9c1cc026
15c3aa8a
2ac940a4
822f0f7c
3e4aa27c
10313510
100834e4
2775936e
5cc7f365
48538fb7
61c58e34
fd7b6654
80fb6a55
3a232a78
74b126f4
fac03c57
0af7fcc1
7097521c
08e86480
b51cc667
d65419bb
c90ab157
13e043bf
0317398d
21a77ce9
63246f9d
009d805a
35e5c07b
47f36114
d9d00509
55139927
0aea9452
b0279936
f3eb66b7
b1c5b453
068abb5f
2b22a26a
0d91530e
bb08157b
41346743
4c216caa
3693db52
65c944a8
8ad10ecd
b4c27274
3ccfb23c
7a85b035
da9f8a9b
b57239cb
39691968
449258ec
b839b05a
bf839fc9
ef7b31d4
3a228676
c23aec85
382b1696
58b47e47
4d541ecd
f85334a9
ab891d88
b91ceb5b
bdc457b3
13328777
9cc31354
a24b0282
1072a367
4c97a609
7c68100b
a8a35e36
81400523
febec913
cb507e93
c4285060
75674a7b
bae015bc
6270f946
fa8b99a0
a0b64005
435cb4cf
412268e7
da0f7880
6f52b02f
95635c2f
e4bfb184
5a029c8b
e06210f0
56da4cac
87d2f246
b1a3c49d
75642c01
3e4c29c2
dfc4d1ad
171302ab
48463569
73042483
da7289c4
7fdcbe29
fa3578e9
e771803b
cdc6f78e
a335b304
d8760ee9
0b3690c7
303e5b03
d0148a7a
6fb30c9d
c622040f
6927a6e8
c2026834
f69c0451
aca84cb1
cc103e50
4fa5b8b4
f190c3f2
8a43ffc0
e67c45cd
6a71a0a5
c2b76c9a
c97c3706
d35d4888
473672bf
c8b4e84b
a0451103
15f90943
fe8501fa
66c454b1
3dd3729d
0952a799
424b940b
50e6111f
9fb732a7
67dfc59a
77b618c0
242ccc64
99b71fc6
9c26389f
c9325bc0
5a5e0333
2e70503f
6b04294a
f14237cc
32911307
dab8ca1e
8ab3124b
8e240093
c32fe978
f190a554
3ffb4183
179108a5
53451637
348b922e
3f5a61f7
b8f1c6da
8974fe78
3b40b700
c6956c05
32922281
6675f339
929c314c
3ae1bb79
406059a1
6c454832
bfc7fa3e
1e9d82fc
4b740b77
69c800ab
d01bc83e
50eb6651
a4b56e87
54abb47b
dbee1be7
2cf3cb5f
e8aac41b
6801b275
6788e50f
df6a3c44
e021a193
52d072a8
01c1cb02
d0465771
39ac12a9
ba8be2b2
9b114082
cb779b4b
9e14d3f3
2b7648a0
9f024f31
8d5af10f
58552bc3
4edc6861
633f0902
f3705a80
a635551b
e55b8848
015bcd74
080c3a72
440ba2f4
0cf2048a
9bd9cbc6
d1c1e3d8
36cb016a
05e600c0
3a30b012
61430b61
83b619ce
c70c7b25
c6471a16
7173595d
1aaaeb20
95e2b0a6
06c975cd
1c1e8b86
34536539
2aa78525
17acf033
0739be2c
a0b0555c
e8766a03
04ed24e5
8711296f
742f2bb2
d16d4024
9e661046
b64e99fa
cc19848a
0cd55d65
6756c848
49825aa9
17e80c0e
9ac7c775
b76013f7
7931e52b
b845b0f1
eac93e07
b7255923
7f1c23d8
90cc0ee2
1b13ab6f
ea6850be
bc918014
8d8af4b4
c8a13c6e
23fecd35
77f51378
2515f3e8
5c2cb499
88c2c306
84686538
cc0c2b17
2bb55b05
797e5011
a0bd2573
5468461e
661170d4
81071ea5
a0b01d13
169bdaa3
12ec8313
33a8b6a7
897e0785
2ad0625a
af15bb09
d1c77b6f
6c6d3a21
1e2cf132
6f3235de
6549b806
854bf619
57d15088
fa423d7b
513fbfde
c4b149f2
6a5489d7
862abf65
3cd05038
6a088ae9
0000008e
00000003
0000002a
0000000d
000000ad
00000005
000004a0
00000000
00000000
00000000
00000000
00000000
73a1d117
b0c49df8
6f72eea0
bb35429b
1391a1f5
99bc59b3
e8707a22
539391d2
86740e4f
0c7a33da
89776507
10d9d098
3353d397
c6636f0c
1ae28ba2
bb833926
d51c2066
1ec20a38
b727d6c3
47c73c41
3540a78a
c1bd17b5
f18d9934
ce7a5c69
a3394583
f76daa3a
a3932107
48286a1e
35c48108
7a72a32e
070dbc5f
78d3b331
8d400668
9052ebc4
f20f15ea
ae3b078a
930176d4
35350e21
7d30492d
a408faf1
4bb38485
4e1af9bb
17a53950
13a89a62
b065a02c
184f42e4
d74ca92c
b28b0542
99b6036d
83a151a3
29c66725
5f5ef708
58ab9233
c01332c6
7d0a9a60
bcd42cf4
0417183d
80a81b7c
b5431d92
4749134f
e5803402
469d4a9c
4e37d9af
2579bc00
90f1a2f5
8a051254
1315bad7
fabd7883
2823f43d
4641e8c0
c50a0081
91944940
203beb75
584abea5
286a33ca
258afb5b
84fc27a3
5fe5bf2c
e10e073f
3cda7119
0958fe07
b07d0360
f2df0415
c169ed9d
4ba46528
35d17f9a
7865eb88
44a157df
200a0549
24d9a0c5
6a743b29
8adab28a
37312a46
bb2516ca
757597c9
9b26fe4b
87c8e85a
64e9c047
afc4137c
027694c6
f3718633
bff0f4b3
67789199
4c731edc
07a5a33e
9679106a
c41352f8
3fd38538
7a5cfb5d
951a342c
c8b6a11b
5d04a65b
960859da
877b9e9f
9847522a
f7166013
1a0bb393
4b39168e
b5f2cff3
86c1460e
9eb64273
dcfa6076
5944e816
8f628456
309747d8
06356c9b
ada3c44a
71cec5d3
6359f954
f86f92c5
9c3c84fc
4f1555c9
f27e5956
3845c896
ce714d92
3a7958b5
96fd794a
57a05aa9
9313999b
11ea5a62
c4a5e2c9
7c38fa09
663680b3
382c7082
8f7b1041
0adaa0d2
67c43f9d
045e03fb
e8007b15
90262334
3632e501
29ba5a90
a75b59ce
8f2644b8
d2cb98e1
93004abe
7d821135
c11f0bb0
bc475455
f5818898
27335031
ac628760
a75b8a0e
3ca57f3c
c8b98966
632414a2
f2d39a3c
03869735
3fb8ac64
5068b421
757be468
ee9e3942
e30284d5
671c5168
3b52e653
d0a34219
283c3b62
4630906b
a49b7d2b
ae8687bb
220588de
16c0a804
a4f61545
76c3786b
a9422cca
98e39c6e
26b8a3f4
53ac2759
798b52c5
7272bcf2
60955884
aeb6a554
d487a1ba
78ac8377
59864b4d
b7b3e515
ccd78b07
cca3f432
b658d5e1
73c37d50
7f20f75d
c19f754e
2ad70508
47208a2b
782d402c
50c08d92
bdd3c57e
1eb24392
c4757b09
6fb56dad
9b6a85fe
28334961
7507756b
866a7764
20a05918
15689d0e
9c109ac4
306b6b23
92a1da90
1a02f4a6
dcb3119a
5a56820e
35727896
a1367cd8
19401464
64a40ac3
90323756
83506814
4f52716d
861fbc64
07aac297
445ec2f0
c6175863
8a8aa523
acc4c1d4
c6af9bbb
a099aa95
ca0fc862
7a48b1b2
83bb6526
307f6ce2
86f477ca
378b754a
a97ab31f
1adda7a7
4d972745
87ac703e
93d9a521
cb677f46
b6bcc5c8
20bb2628
4da1cb9b
4e88810b
08f40e7b
30db93a0
b20b89d8
d705014b
4596096e
54acf43d
e9f61cfb
5e523f2a
5e074559
21673229
b4ea3a7c
cac74a97
65875a58
37ead539
9219e055
033a0776
c5e0f713
0938eb7a
dce75eb8
c74a5b6a
f09e5452
73c657fa
afcaf67c
387ab789
e90298a8
3343d9a4
488333a6
d2a682b9
1c56d030
06369c4a
14828f94
76eaf364
06cd4267
24616e23
36d10e99
128fcf5b
2e36f611
7228ee06
9a2bc26a
03d9a278
39332282
8b0f4fe8
7bc93964
0000008f
00000003
0000002a
0000000d
000000ae
00000005
000004a0
00000000
00000000
00000000
00000000
00000000
da21c1e3
6908c0d0
85f701be
95371705
86448084
3b244a97
5d585853
63323c5b
b37c8c61
36c7378c
f30b4171
c1b408af
6f86114d
1b7350a3
c330171e
294a5cd3
09aa5a85
7831bf1c
ee2b10bd
61c03008
48bc4361
7e884a1d
67262a88
5e3a3099
e21989ca
26b22933
1e16cf2f
f799a735
bca79f04
2dbada91
0cc16c95
0302a65c
6ba05710
da4f489f
83f58d13
9dc02349
0189da6b
86c76c34
4f83ca6a
8716d6be
7882b6a7
c3c4c990
1b41e0d6
b65f5deb
3e35832d
d2b92003
00c423d4
a5029268
ab316966
d11429f2
4b47445d
d919c81d
c44d2a30
b6585c43
5a375ab9
269a9fe9
5e286149
e6c7cad0
0bff61fb
b63a49be
d99d4c67
61910dc6
2c86306d
98345b5d
a96c44a9
78e37777
19825ca2
d0dea4e5
70c2688c
5955896f
93e311a0
1580b634
f978460b
f1d974fb
b6665f5e
e9043869
0744bde8
71369793
7cbefa91
c3d7c106
3006ee1d
84c1f553
4c6f2739
68267e41
56bb3a9f
fcb00c5a
42228d3f
0331ead9
33b83251
68699a76
2a9fa05c
d9b359ac
2b37fb2e
847b9282
b5b6a3d0
0be4ddbb
0d1bd38a
069398c5
4b853ba2
90cdd02e
d6c317cc
41384500
3eccb732
d89c61a8
33942178
b7cf132f
f09eb051
7ff52b0f
2e8a7851
e64b3502
83123f0b
871454da
a62f4098
1258df61
195fc6e0
80a29737
00b9933d
0c78d50e
611d31b9
a9d3b611
1578a895
76a48a50
c4a9204f
bd633bc1
76b9cb30
cf315b44
c73b7aa8
f23b4325
19649953
5ca752e8
98e11f22
25bb3fa0
da1784b0
d0593695
5ad76aca
3e6ffac8
67a39137
a529309d
5677d015
8509a812
84e2c5be
81a97ccd
59e83745
1d122b9f
321cd8b1
b2f8b93c
67904218
d74f0c00
27ef7de8
0ca3dc7b
302a3855
a2957418
72a4c328
9a1c378a
16c62e46
36aaa55f
0dada920
38f60206
4c68c82f
e70a244c
438c230b
ba9bb6c1
bf68b21f
62687b63
cd3966ad
9d6f5819
64602464
88b05662
b40da84b
d5ad0a32
3d7b923d
83679b51
5abf01a1
7248827d
fd63f68f
45363b90
15692e42
1b1690c3
e2686d35
33eb1326
e29c83b1
d2c5c794
7abb8879
f50481ea
d7769f86
7817e199
4b70dafd
f57cbb60
49e26c03
8fcc2c74
7a949fc9
754291bc
c385c1e1
114c80db
39b8cc1d
126f04dd
a28c8cb7
674cccab
2815870c
0c183b55
a922b703
a8a0d338
27cb3f1b
8ac2aa18
e21e5b70
a73686a4
a340068c
1377c3cd
4179042c
b0746d4a
aea3e813
51d56480
9f953a04
061e00e8
2c1239a3
109aedab
1d2fd836
c3a471a3
6efa0434
1c8f74b3
d3527881
0f82eab4
3f7628a8
fc412f59
8bf864aa
dc486c7f
670c0442
46f26acf
0a13930a
b00dbd49
01f3da39
e86cd15a
645680e9
640ca0b2
1a9ab447
1373c985
7502113f
48165c0f
55d62889
367acabb
b889d737
a22fc1b5
40ecd7af
4b02b81f
86b620e3
cca73c2f
4725e73e
459d3568
11c71e12
26c5b406
1936b916
749bbc66
5683ec4d
0a22635a
105cfd0e
b84504af
49bf91f7
b3b18227
ee510b1a
b6956478
b1106d0f
6812c9ce
c210bbfc
46ebe07c
c6646a48
871b293a
42555163
4a0e5b7d
31945f6a
057c7710
f73b2887
01c9b3f6
a2035ac0
b7506676
7567baaa
679c50bd
fd0042f8
a4b91772
b3b02c5f
781cd65e
234f560a
0d01a638
4dbc8793
3bd2bf25
bc84b095
cf03709f
bbcc6d59
b9b57db2
a5ca73ea
18c42cef
3906b2ee
744ffa76
46203434
0ad296fb
9238acfc
e9325e51
00000090
00000003
0000002a
0000000d
000000af
00000005
000004a0
00000000
00000000
00000000
00000000
00000000
8a52063e
45607865
b6ea531a
41a7c307
e3a89398
2d3984aa
a31d341e
8ac39868
5c2711c8
7baf3a86
4b2c533a
61f5cf10
4539b06a
ac994d86
3957fa34
7738509d
2caf7b3a
3117c1c8
d1ba1027
4cff8c28
152a37a3
0d648beb
43749aca
1509fe52
aac957b5
c92e693c
6345789c
e737dbdb
c8e513f2
5422af26
1b691591
aa2100c2
2ed1758a
38b30af8
74e911aa
2a70acb7
c2b796ab
e191ab59
1a4bd04f
543e8466
c68f7209
ced04155
c0524ccf
07f5368c
8fd11a82
04124634
aa894532
b618b7a9
1839665b
4cb24944
4957f526
817d3020
eb3999e4
68a3eb93
feab4b70
9ada4f66
7d912dad
403330c1
c0005503
b805999a
56cbd029
47af82d0
540b0b69
228cb623
8169630b
08e0f6bf
c0ccb226
ba5cc659
31fad619
2a3331e2
5853b626
0b09ea09
423ca001
8b09af7a
1ac1cb1f
eab67506
e8c2b4e5
275ad610
fdb0f6b2
38413051
5cb89a3b
be8336f8
88089204
c648e854
15324aa2
d1c69d99
4e96bbb6
201d4657
07fc8ba4
b6e38405
1957029f
3782af5c
33c2bbcb
6d9f21ac
e70780c0
04b46342
2165855f
347013ca
abc1c41f
c90572e2
eb723107
4faa84ae
36b066e6
5a908f98
bc228b4e
a40eb0c0
1b974b82
8bc78fa1
1d1ff9e9
42923668
7ba9736f
0020c457
07ea61fb
a2ec030a
1954964b
44845fb5
29d6d914
40726284
3a3348eb
c485c0b4
e40b0c58
f9318092
4d204480
359340e1
237b1df2
43883889
ef6dd7e6
780ac191
2452b5cd
6422e6de
dbae1bb4
6a3474ad
7da79a32
11360e47
c0ab775f
7d16dbc9
885b44a8
2d13e1a6
641fda10
42278ab6
8465e25a
0b08974c
b12e7544
79c6eab7
e68c4c27
73603b7c
3a263623
745882aa
e4614947
39881b4e
d8015aa4
da1c6fac
5554a176
a5627735
42f9a514
05c2ac24
e70a8cfd
5c05326a
6761d458
62138c1e
359e1392
07f1b616
c2bf976a
0a88a911
01958287
40ac2777
5a69ab0c
4d08841a
88539bd4
79e5226a
b464534d
864cf9f8
652e87f7
68e48861
b0aac109
1c65220a
a2319309
54863281
f0438090
1aabadb0
b94c181e
72758471
513c2328
458d51d6
9bb80d20
06c3d537
d8af2ce0
8b31324b
cec3b76d
3609b55e
e6b73421
6153d526
45c535ad
eb9f6302
2f94a4b2
afb63ca5
c010b49b
6e4492c3
d388e05f
83055cd6
9c80037e
8119490e
19442373
4d122337
3a118baf
62e670db
4d5167ba
da42054c
e0830dc3
a877d898
57a45c93
22540952
a7b2199e
086e5c2e
5569425c
a7db5fbf
1411a44d
1604328b
02270f97
0101bb97
0b7e2db9
67a31b63
a123b7b5
6357a9c2
93a30eb3
5972a54f
aa9b32b0
a296299f
b22f7733
31ad3017
b5281460
a95dcc22
350cc213
11993e0f
328715f3
e30ca501
89b935cf
6d972473
8aea9106
86eab41e
31b98608
a1f560bb
9e8b7366
359d2a3b
272c3ddb
0268955e
dc7db9d2
49b60788
7a172e41
e6a42a11
fc49cf32
95277b8e
ff91bc79
416901c6
72102ea2
8845f9eb
e4735011
6956d81c
a4545cd7
1635c004
70c9051c
8014c683
346f6c43
ce0a20ad
f8cfda3c
69bd77ab
3365a97e
ca0520e4
69dd4352
21e76dce
a453e4b3
b4064d89
90da8a22
701240c8
80035812
8e20db25
bbb960ca
e927b3f3
9c270d70
8a39c7e3
16db03dc
773cbb97
33c5f314
c92b6be2
9ba1e584
8b5390f3
b5b85d56
7976a009
4fe7a6f5
743d1281
0cfe28c5
23264492
b570eb7e
0b74ced7
49ffcc62
8b6f9669
