3254414b
00000001
00000400
00000091
00011f74
00000000
00000000
00000000
00000000
00000001
0000002a
00000003
00000033
00000001
00000020
00000020
00000000
00000620
00000c60
00000000
fa06a7f3
3dc090f0
3a8606b5
d80bb2b0
567962a1
c6888e31
e875b87e
096026e7
43bcd235
79c81cdd
2abf65f7
78295e0c
10e9dd89
b02b7ee5
b917e4ea
75a2b70a
00000001
00000002
0000002a
00000003
00000033
00000002
00000620
00000020
00000000
00000620
00000020
00000000
b6ab9121
29eebed6
580778c5
983470a9
021ab679
40a5ee8d
23293147
eb1ec846
6a76171d
8ca6cafb
13917d86
94a4342f
76aa8ce2
09b54172
5782f402
c85f8671
627333d6
253a9648
1a2cd53d
7c17c707
c474dfb6
d7743c3c
dca93d13
4be15f91
860bc35b
867b3e15
9f1804be
b6cee84c
8069cbe5
0a64358d
b13503c5
e2623163
06306082
e73b1546
c1846ab2
6f9565c5
5cc97785
89b680fa
797acd78
807e9ce4
b4cd218b
8883ed60
709685c4
98693b33
0f9a2f0b
b9a5d778
934855d8
24c5b5a0
1853b147
81898982
6a40436f
0695a4bf
7ca5a507
c4f562ba
d2c30a34
87161994
0eb6d2c7
6b3fd8f2
61b115ec
85b72981
d17b4477
14876ae3
2c559c2b
4f30d28c
3b1bb835
386c19c5
6d34c040
86c83e51
174aa12b
0214052c
078739f7
8e3c13a6
7fb5e588
18ec9e9b
4e40d1ae
e57bc4a1
555d9e16
232a268e
5d92751a
6599c425
31c08a0c
fb0c58be
030e5a18
9421ce62
a61337c5
6059cb30
9042190c
2b14f58f
744b3602
4347f5b3
a42dab01
64ca8d18
2f146109
be4e5828
c0830681
c29cb546
5d0207cc
8c5e3aa6
4fe2995e
3283e1ba
9c278698
b8d0582d
b3c7c1ca
e7053f03
1454c765
ff878674
360bc003
c5419d70
f1288596
b803cd78
5490b613
b60fe2d3
3b714aa0
b59a161b
109836f0
67d95cfc
0ab766a8
4651872d
30497905
5d7b9bbe
5c8fd049
fc848db0
99cbee5b
fca5d24d
4cebae10
51d21ece
a91548fd
6aea6ed0
568cf177
f7b1abac
52dd78c4
bf7b8b21
1ca57097
0264c93a
b21b8a54
9fc2d02d
05302342
2dec7971
e2aee191
ebb1bc7b
42327146
7686e265
e3960809
a25b5332
549c16e9
a4193f11
44c22952
08ae7880
343f21f7
7e524472
5c8526f7
7aab54a0
0aa4d11e
d0605a28
facc004c
cf18d38f
dd052718
65df88b8
22b36926
d64ef54c
12b50dd0
0cb43113
94b1357e
ace52559
99a90315
a2179389
d8200037
03337318
c17cdb27
2ce330d4
cffc7065
a890eafe
4cb0a471
5a06a8a9
59640ab2
216280f1
022848a5
89684af1
0716113b
a585e0c4
020c41a6
faf51b7c
ceecad33
1f2176a5
42c92c27
79c8acac
778439de
e7260a78
93d65e54
d26ad6ed
c0b07247
a733b0c4
1d4ed93e
d184c302
8fa788a2
b538885d
85370bac
989bc55d
f5b0c97e
038b86c6
2037f319
b215fc24
924f1447
45dc3e5d
1e55b83f
4a73cac1
2b97a337
4ab8c98c
0b4d7a21
818cd0c0
a5ab5953
d9ee079a
87351398
73cf62e0
a121855a
9e05c28a
122f143f
02aec5cc
8e3ba34c
e55b284a
60d4cea3
5b67c3c2
ef946295
6ac9612c
65164488
29206bd5
45fe8e68
ab35dc40
f97b95f5
27587f47
95715178
220f5147
d0131ad0
885b7c04
4c652a37
39ff2a73
5882bf5d
6a6ea029
963292e6
adb98a21
7ab0d033
3b3f6a0b
8a42d83d
2ab7821f
d9531892
04405d4c
0d4f4994
b5488116
6b382f39
6d05c616
7b768d6b
8a914d7f
55c88493
84deb4c8
cc6ceb50
2885f12d
55a3a0cb
6804572d
f5aaa33a
5afd5127
761a8017
03758aa5
57c13385
b568866e
b2ce90d2
91ffb10c
419b7d31
1ec11183
b4107d61
5a05e9b0
ebc65cef
021fb9f8
5498ed44
e563e4fd
38a21251
cd508703
61356701
19469c3b
3b0ab996
8b0d4b4d
08ec2588
ab38b17f
cb048a86
b549923c
1ef818b1
e6996bd0
06f221b5
13402aa3
c8c676e8
39af360b
217a19ac
275f8bb7
c745aa13
26f33543
29acc276
c40e7102
4698f52a
e072a687
c7316846
0b3036b4
95173530
933a2bb2
b7a74793
af1b8344
f03b8ce7
a924829a
758f5658
29821fd7
4dd6df41
a5ad6989
72843cb7
4491b572
5fcebb91
50ef090c
51d9ab1b
0132f990
833e41ab
b624793f
b6c2d596
59247222
c3d9a632
aa70165e
d47cc53b
a5618d1b
806daa2a
924f77bb
cd41cb2e
4d9c4658
f698c6ca
23900873
4b060276
c1508614
b3dc6e7e
fe823371
f3465e75
c4c6e0ab
5cae8451
351e865c
b2bae2a0
77a4e8b4
11358455
12251570
969ee9c7
16b985f2
b9535b60
1f506c1d
2931a951
cb463048
d416fa2d
2bed40a5
bd8bb16a
01b2a2fb
9702a2ba
13e71fab
7dc05737
1a9741c0
579121a4
f32876d7
0652af1a
0a25a250
4e52d1da
218d2658
46e262cc
e825849c
cadb5963
b4ac66a0
4769e066
e544c1a1
93dce03e
06c83204
bbb293c4
1e7b7525
275a772c
25ec96a8
788a8eb5
18c9dad4
d9f3a115
25ea3506
face13ae
c07d8777
8a67f0c2
437230de
4ac538b4
53da9da6
c1418a9b
778cc9b3
0b2cebfc
275a02c2
4379922d
df8c33ea
c8dea032
5cdf87b1
a72c1e2f
84af72bd
cd38ac7c
45d3c4ef
17759d90
32df3e54
1b49fce2
c3b55ea0
00000002
00000002
0000002a
00000006
00000060
00000003
00000c60
00000620
00000000
00000020
00000000
00000000
4b5dbb36
cbcf6d25
1e8b0214
e5745afd
95176660
240ba40d
042ccb08
d422a262
297a3a37
9729cb0f
41aeacda
aac3d84d
3c77387b
0549c979
125bf19c
2c528cfa
e9dd8f53
a398e705
f2a6d5e7
0b33937c
29a14382
38c8e583
27189780
032a1cb0
4bbefab4
d11a0715
0ca0a524
fd8ad969
303fc66b
00b59356
95595940
75d39ae9
8989d5bb
92aad2cd
ea3255e9
5d6c3388
a1c4f6d9
ccfb54b2
6db92149
13c393e5
b719224a
73e892a1
efc6bb09
599d4995
66a4304b
039d801f
cb6b7b29
b794a82e
15310824
c2e6c6b0
9a232daf
ea7495b6
cb46a795
42dca023
792af49e
8bad4c23
7b59859e
e896c1ee
14ca7058
02c4ca15
a34cb613
5947824a
c1fb895c
713bd79a
0b99b35a
c991967e
d067c7e5
304e0e78
2417dc26
d84ebb94
08d21173
08165796
4b2265b0
b7d3082c
0b7c8354
accdd88a
15a87577
38a90f8a
f472c972
e9e18d04
3de3a8c9
8d7e3959
1a2588e1
2cba8662
d158f2e6
789ea9f8
76f564c4
990ae8fc
ec75649c
7059bc03
8460da14
b87ec9f2
8cf29587
7f4327db
97671fb1
65f8e17b
c3852b72
34451d37
6b39ddcd
9822b1d6
7c7a28f4
2a5487aa
0ac7dcfa
83c12f22
1b838201
989d31d1
3739a00b
c2e6ceb2
6e767a41
d8091684
9d9c7e41
95bcfc8d
eca51762
6bbade02
0c7a71a6
a69a0071
af4cdd63
4251fbd5
52fb14ea
33ab2fc7
b30f07b0
70969c8c
00ec3d32
029febd9
e6f44bf6
c2c2865d
93907916
fb6f0f04
bdf6fd80
1f9f64cc
c6d2bc39
521b2213
5ea70388
8b5bbb16
77ba7e06
f08a7365
02a17d64
1767ea6d
6b11e4cb
91ff8db2
3c2424c2
0135721a
8401c365
941a90ad
258d5325
83fd725b
90008e4c
c28902cb
99f79ef7
59aac27c
1953d428
f692c38b
b5884a52
6ab967ae
2682171c
0a4a047f
11a0d8a0
d3b82c33
c16c1c4e
a3a6a449
a32196b9
22838108
df6e33fd
49e467b8
2bd9c95e
7b0fc74b
280d0a17
5e36ecb3
7e2ca05d
303b3750
438a2459
0b7a0a9e
6368653a
49a75c78
9b9a41e7
28ee9515
8f83dfb7
02af2b1f
24b165a0
79da172c
2b33c574
774c72d7
54884e64
ba72b59f
99976489
90a7b579
2358f01c
e485b9b4
c231d5b3
9f682016
d5466603
b4ccdb28
ec725b64
f5d00f92
bc146642
a4649646
b5e09e8a
21a5d9c7
3c16e364
e1419429
7346d21d
bdc98011
71912170
b37b2c71
fc13b271
04366297
5667933f
00cc6195
73d433f0
493c9b80
f12537fa
15709011
634c21c6
864b7c34
d80d9872
550be356
d2b3b7bd
23245425
3154ab93
bbce1547
4a22ab43
0d091b91
695eccf1
d04e5050
a0b0ba63
0f5c2ad7
4982a1a8
b69cde62
59567485
c3bdadec
7d6235b3
fe5959db
0861b6d1
48554faf
bbac51f1
4ca93633
b2a6a059
35b9948d
66c7c79a
15907bcd
f49eb9c3
0c478052
cc85e937
abac80e2
54fc7ae6
12391215
4fb94558
c45666a2
043bd6ca
64644194
59fec7f4
4e28bc36
fa88e39a
12f74e84
0eaad127
fdc62b87
4c892fe9
0885e826
b5cf2375
2240746c
2ba65021
71067cb2
a25b0273
bb993995
4d094637
e06a6a54
3086af3b
f5c63bfb
a3e73972
1f69205c
e61116be
25fc6ec4
ab2970b7
817d94aa
81c486c2
5df3246e
314d3b88
599a525a
c5bc2134
ef345b76
6c414d6c
4354d93c
a22fbaf9
e79e6548
9801a27a
bd5e6a7f
75308da7
9674a859
1927193b
5124358b
1866cd8a
fa5ad2f2
b3c4114b
1a11c996
558d3919
20f69e07
c312a854
b41de87f
03675f56
7ada9e8b
40b6634b
84012725
cce81749
de1e3b7b
56033d43
7eeac0a2
37c2f32d
a6318249
87878e5e
8784d74b
80cec1eb
561b7d0c
0a226c47
56bacf8b
770ba28b
983a993c
4b082c30
9752a22b
35419804
09ff165a
220a428c
a67b8320
35449bc8
7605816b
25160376
a5b04646
a15417a4
997df18a
0c404185
30c80dac
f41696ad
a94078f1
b3692dce
9dcfe8bb
001bb060
b1c87eac
883d8be0
4a4b806a
0ce32f4f
428e89ee
163a9f10
5dca1fc9
908b321c
99a00df0
be65236f
937d9254
318f3ff8
37fc8f9d
3526515a
b6c6946a
8cc9dec3
00cff2c9
b8a6b389
be3bc778
42444af0
e2fbb0b1
bf94a973
f68ee8b6
e4fab627
9176c315
100ed3c9
e0835ab4
6af1c32a
e849125b
04035cb1
82346fab
a6447c47
b75d8bfa
27bafc97
4c54c11f
14a633a3
2eb0724e
8fab9c92
b61e01b6
afb89963
8a18cb76
3be43eac
c4822499
a5345958
fb285407
a6ab6699
1441417b
5ca079e3
51c3817f
eb8ee1f6
e442308c
ced0daa8
c48ca2d9
3557a292
915ab190
ba00d14c
61399911
7dd76c0c
bbb5fc73
916050bc
6e94b352
bd69592d
7b6a58a6
8442bd26
de6912f4
fc24c1c3
a3a0733c
9a8d8169
60311949
5bc8fb7a
44044154
c926a4f9
cb991049
dc0ed44a
92f636ab
3a406447
8f2837de
253cc9ea
cb6af144
5e35f041
94fd9124
4a77b88f
9fabc062
89f4bdd3
0642c948
f8bd86e3
e5fa63d4
b180b547
481d53d9
f61d1de1
11799a53
7d7f57b5
75b1558b
cd6c3047
504922f4
902c6a77
7326cead
f23f3c98
c60f2686
cd3881b0
29a33cc9
94aa7378
5016c743
d367d721
a6b132c1
8b3b416b
8f9e84d3
56664765
a576c701
fc9f2058
14ef84fc
09d6dc15
90c7121f
c5a2cff1
0b179ccc
2a07d0b7
44ff97e9
023b853d
e199191b
58c66a68
a9a0a60e
17b4a246
96ef7ec1
cacb517a
a19279b6
62128c6a
ac27a33c
4b5eac7f
e2446861
45ba438f
c65292ad
67eec495
100cd607
a3175908
469dced5
2aa59ecc
7f825977
b77145d6
540563b4
b3966794
6865ab08
9130b20f
d1835651
215281cb
40fa94b2
4a12793d
74eb8999
0799f902
781de912
5be49ac8
8f7a6433
70571cc1
358a73ab
2ec3e273
dd075a48
f29d000a
8356447b
e5ad7647
c7e554c4
45cc000d
9e161551
c39a5d8c
12e54458
9645786e
ccca91b1
c2f68f1c
a871e3c0
08932617
68f3ca08
d094a10c
66b16b15
8d92e12b
2f433a3b
c8e92e10
3c0c95ba
43395bd0
4768c520
7edc784d
152a8675
f23cc75c
7ac893a0
c13f6596
b18f28b1
15a4ca30
341e5400
2c615e72
07405747
f28eea9b
6912bf27
6ef8f0b9
c329a92c
52ce11d6
c7592855
b09bcacf
cae225f1
67ccc11b
279ef4ef
77086bea
3c72b800
5a17c09d
78154d42
ce0b8d45
58587c00
b0791236
a0626ec7
b877193e
96235580
04760932
db55910d
2aaea4e7
2b311aae
30c40c01
a0cd10b3
90e6bb8e
d202a1e0
b208c54b
17611fa3
803cfc1e
208c03e0
77369446
6f65656c
25979a18
cc9c5244
ee17d9e3
f71249ec
5a43e379
04000089
3af96824
47101f3d
fa6fd280
33aa53ab
10a3a1be
a8513a3c
177e6a6c
815cb68b
1ea4f645
85ca6dfb
7a84e46f
6d4774c5
102768d7
a7e8e231
acca2002
36c12ea9
9fe00d12
34c031fa
eb43a2c0
86227648
8e21b2b1
554cb3d2
bfb67215
0d9d1a74
16bc318a
3f7a0678
cb9539d1
b2259355
8ca7399c
80c39877
b0d38266
74f510c8
188a430d
f1b5c861
b2b94313
4b69111a
cc9d04b1
252b870c
e01d9175
d17b99e8
b7d72d9f
1050acd2
4454cc98
c2f1bc4a
22117266
20acaca6
cac57db1
89509b3f
db6e6e13
2e386160
278bd096
3b0069d8
83ba9487
2e1e0ba5
99069172
3b5102bf
0f63a135
a6e8c20b
87770866
100b3bdd
49f89a52
0314639f
8677829b
dca51cb7
61d06d70
ea20d20d
77d524f0
06f814ce
f56eb849
f2ec39f8
52595c3f
dd94a223
7bcbc09b
90039fb5
578be682
9125b3fb
ac8c2d1c
dc4c691c
899e1de0
3fb46105
e2b57bea
3a6d0ce0
38980d65
bd101880
8b3a01f5
6bd7e995
2a1f9c32
96c4400a
2328c54f
f62a5be5
31362141
81f93749
264aca50
73474479
79c66cb6
74159851
8a72746b
46839b0c
aa067118
90668521
3a98a123
05055838
47484ed0
412aaab2
13501227
149f51db
40e65f1b
c23569b0
9a8173b6
39905d66
12038884
b2c40482
9a3c5323
55c9123f
61418a3c
5bcc0f49
6a2bca51
69513881
ad788cc3
427cbaa8
a5387187
86c5bf0f
de67493e
97355901
0a11c7cf
50829c0b
7bdc9f6c
b2d6d4c4
ce1c7545
e69b11e2
8509ea88
947264c5
d0abb9a3
3b479672
bd8f5770
f1c5c4b0
4303be6e
638a8175
1b1408e4
93901257
c561d7fa
3113994a
56767011
51231a81
b9049c31
6f945992
e8b797e1
96658392
1826ba23
8076885f
b81c3c94
0c424183
2bce326c
fa04635b
a235bd99
e3b3cad7
6b056090
a756d7b4
5f835080
55c31a30
22417aba
fd7d0227
4014682c
66819caf
c54d9c4a
bc4b5f95
8a887924
19a93675
67ac9991
9495b410
b92ba89c
68b0a2b1
791abb23
fb2c16c6
888a8b6a
28291593
80b969a1
b2de6517
a20b89ab
445c2cd3
862c9109
97082cc1
42a0b32c
66b7a1bb
79729875
8f287c06
d9dd89ab
8836753a
2c0ca488
0ab6209a
49e8ce0f
59b8ab5d
b7c797b7
ceb9cd63
3b2105b4
135fb47b
10cbb64c
2e25d76c
b2fe69a0
18801350
71504afc
1ca83c47
465a496a
1072f2ae
bcfa56d5
1c28125d
ec3bd0a6
62e7621e
9c4989b5
6eb9dec3
6619112a
6a1ab93d
60238e30
cc1324a0
544819f0
58d5541c
3e052998
16a91385
18738ef5
6ac03c07
fc538a30
7e197dba
75ed2d3a
846cd516
b7510bba
d7e5a0ff
1e684273
6b6856b8
2c94d773
c8e2d837
0ded184f
7900f49f
676d3aec
eead03f9
5baf5c4d
69d99441
372522ca
ab10cdee
cde73cff
f6b292a2
1c5af632
44cee873
0e89d7b6
a8873912
3ff28fc0
32314573
3e6bfb94
af2e388e
869552b3
1ea0a637
12dd3908
a9bcf118
38947816
51f6e73b
740e0cab
df199bca
86db57a1
36c4e556
f762ed7d
432f43b4
f302baf5
791d2794
c43dacf1
50edcab1
b3303772
3050ec37
29ed8231
8c90a37a
64ea8ec2
cb1908e8
54fe0915
033e2e30
df9bc3eb
55a7000c
61f30a65
4f83f70a
e6f5feff
6db6f7a2
5b4e6368
48f2761b
85b75226
495180dc
414fce4b
07aa7b86
68c988ee
9e13190e
2851bcb9
8e345afd
712aee01
9bb2b378
09d6c6d0
05c37d6a
e239a09d
5d4db6ae
bf5411de
e6aecfdf
dacd6ccb
4ec63950
2c3aedc3
f7c48fd5
958922a4
1b0b24cb
a5be1ca3
3e48f69b
16380c10
41e7daba
44740e4f
a01fff51
0a5c2d91
b7b17224
b1dfabc0
b44d4275
bef7b68a
7871b84d
6049f58a
5d0344d2
2ffa3f0e
3c14cfdb
4d1d0022
bae33c7d
c9628584
d524b0ce
76f0b8df
0f2be789
051dd32a
6ff90b89
202e0046
4543da4e
73a1da11
0c1eb885
6fc33c51
ada6539d
231b6cb3
ac7ce3c2
7e99e531
2d10c31a
a5c3c24f
973cbab3
cf1f5472
16ae57ff
fe555f2f
a647dc21
98aba26d
eee83d23
5f635830
5e31f3e5
7ea8fb7b
0928d28d
45092430
29cc72e9
6090a1cc
7c319d43
75ff6d14
d683b18f
00ed4265
201c84f2
02e99530
f4100f0d
e6b7c016
2ab0f441
99f5719f
c87826e4
3eceea5c
1bec86f5
d2624c4c
5cc72c1f
a5587ffa
556acb25
31aa8e86
e2963504
f3525d98
04b33829
c7898a67
ae913b2d
4b3a94b6
a41d5434
f660102e
7dab03dc
2e0ba96a
b2d8a4c7
69e9fce1
654761a8
082a21f8
f5ffeabc
a5c2480a
1fa4e122
89ccc2c2
d3307882
db56d54a
91e6b5ca
d02dc221
c67f4335
5cd90dad
6d91220e
33e88452
6d2884cb
cb7dc4df
988b75e9
dce4780d
e53c4a29
7e5f17a1
03d1e2cb
ca891080
bc2b4f74
f61272ee
f1cf0c4b
43964e0d
21947b02
502bff34
d68490db
dfc45768
91c6b262
4de89d9d
fc0e1751
87b34279
d236d51f
39ff1063
0f9e09ae
13fb62a5
fd8f41b0
578639fd
2a829a25
88368e45
21492db4
296ef117
6635911f
b0ccd6cf
5cc4c097
b716542e
937e70d3
3700c6fe
30397b93
6c6abbd1
c11854ca
b38360d2
eb006d28
2b6ced0a
8f02777e
789608c7
429fb29a
93d3914d
d83ef6f1
3a2dd0e0
806bf119
18ad1c48
db92bf09
65115d92
b0c17d1e
53189e49
8d705b86
66614479
de5ec2a1
77d2fc6f
8d299b68
52bf36a8
c685a8d4
0a32f4e8
bdff31d0
09786367
42850f3c
003b7336
6d63552e
9edba544
ca5873cd
76efa324
b403ef38
9de7d8b5
1f2261ef
872989de
edfc0d86
a14c2d70
fc486353
58fa99cd
931d03c1
9345de4c
b2748453
8b24c8eb
2b79c4d4
6ab1632b
00702915
9f967475
80cbca34
408297dc
035975c9
1a95f7e9
688b60ca
900aa62f
3e2b28a8
602b8654
b7eec8ce
1bc3fb37
28051165
ad3c0856
412e8d92
9ac826f2
36fce03d
47147779
0fea1612
1edca3f8
4ae264ee
6aa146fc
b24f8b81
75094112
86544f03
7840e8a4
65ad9df5
d3ebd1e5
deee2170
4190452b
680425d4
5c539d45
3c6874a9
624b58d4
ef5657b4
0f0e2c0d
46b9f72a
86cb7d59
07799212
65ea4f8c
371eef63
9d17ef8b
b0c8b165
af602643
1446fb5a
cba9b978
5e9280a9
feca3580
addbc383
df2b7f39
a08ba0aa
1531625c
629aeacd
1f279d12
cf337d23
8fb36612
a3d72c12
9a6b9565
6411d608
1aa8bd6c
96f04cd6
909b4f34
a2e78653
4c6d5231
2666e95d
99827c3b
dac87afc
8a18cce2
0af605c2
8c10aa14
a4604239
d6cc0f63
6ff5a95a
b02564b2
c319632c
eb42b005
a4db109e
9b292112
024eddd6
85405ece
ef3964db
5bb48b11
6a084c6d
c4a359f3
8b9b9eb7
b6ca93cb
0c05eb82
b6805374
ac75875e
7ef927dd
9b054a93
353e663d
7f97dcbe
b3ecbbbc
8a2d0cd1
198bcde2
f78f9640
a74e05ce
810ebdee
2c375ae6
093e13cd
e8ed6788
8dc5e72d
b408e999
45465816
012b0e71
c19f843a
3199205c
b0bf8c91
875dc3fc
573163ca
e88dcf19
f1825602
28a4b623
4354c68e
52756d8c
800b7e2a
44bb9bf5
b5fc8dab
59972537
4d64b70a
1674edd1
89f35f2f
1f9817b4
39276be4
89b20865
4f56bc65
8dd6458b
bb1cedde
ea503a0b
f38740d1
abd8e5b9
38bc07d0
7e128d25
df1344c3
e01ef4c4
06e149b5
96167cf7
314ff0db
69a4dca2
bdd8711e
72f2f4ec
c8e1981d
00000003
00000003
0000002a
00000008
00000074
00000004
00000020
00000020
00000620
00000020
00000000
00000000
cf40ae74
a181f170
c4bc1a7e
ac968f9e
fc689d08
0e8eef17
fe3a5622
908829a3
c1286971
bf007bb1
a428b77e
96010753
c35c72bd
9c2eb8e2
714bf26f
a65900b0
180715c9
6be11134
6baeb78c
f3fe7864
5141fb75
d816d97c
d1d975e1
71cf1b6d
26585718
00f26553
35540813
f8217522
066e40d9
48d968ca
b2349f92
cc9ad65f
cd97755a
b434a03f
1b587644
db6b2867
a958f0e3
aa190efd
59489063
46afd356
5c63e884
5f703133
a2d99105
36bad817
1b43177f
e9d1cc83
1181f22c
791cd6f6
9b146319
8e850e03
1d171ede
ad2018e9
56f0b6f6
c66b719d
b07152ac
a6e94c01
6e72c456
7336bec9
7c4a3cfc
d84ae05e
27887c39
93fb68fc
4c57512d
f3ffa0ff
7e31262c
e82c3ce9
6f97995a
417fd4c4
5af59445
8fe009ae
25936206
7d777d0d
8b6d7154
585f339b
3afccc3b
71a66b81
1da5143b
80998d2b
0f77dcbd
93dec143
8b9cbd47
6ea3c338
8a7dbd19
9a731a65
6001bb5b
b3d4ddd6
ef9dff03
1ffc68f5
7670cdc3
7f5e1dcf
ff08bde3
9ad65951
047164fb
72f0cacc
642100a5
2fa9d5f2
2f01b779
79c2c2e1
e4c9ff98
7ce308c9
d1d77f21
3975b406
a82d53f9
42da1f7a
3d0aed89
e61f5540
13ef4ac3
4146d906
1e91be2b
f209dd45
ce898a33
80bffd94
6f9e087b
f81bb170
2cc7ff47
d5d16523
2863fc72
4048e6e2
d00dfbe2
d4da6859
db095e51
cb9ccbb9
61ad7ddb
3a584324
0b1bf93e
27ab302f
5c3ea4b0
88f54f43
ca425ede
6c1d28c0
bcd35000
b8da3ba9
ccd83b35
45841e6a
29fe956b
521fce92
56727693
ca46cc42
a295b89a
c1956a6e
d9cd9a7d
cb6c7163
c03e519f
aa10caef
2e5ad3df
e99c90d3
8beaaa7b
8f6a0b91
4ffe6178
bcfe8f88
d1008d00
7649eadb
45ea45c2
cb0507c9
9c67c592
5090e773
d97e5b6d
b10deb90
fc4b1466
c355aba9
63c30520
ffdc84d4
efdf7d64
0768d4db
60370697
67ddcef8
5d59412b
b770db3d
a5f99a0c
7a4aaf8a
f7a1b701
1812c0ff
47a56622
4c2df4e1
6b20a80d
02f8c707
97a429a7
5f8fd0fa
98b63760
4b979ada
15a1af37
0cce4bfe
f122a025
1594b9e8
cda89df5
0d493f96
7047a317
b9f11fe4
1f09d582
c669edd8
c86478b9
9517ad12
af9a7436
1817a0b3
41ea8fc3
1d92058f
b0a6a8dc
09510876
a23a25c4
b33e4a8a
d1f84228
9294d809
2a586775
d250a9d9
3abc92c3
25ef7745
ae0b046b
7c7ed0ec
39ca0036
88a62e78
d5e4514e
3a7bba10
def29e64
b2c4328a
5c37cf75
2398c5fb
edb6fab3
a15e65f2
8ae664a9
150c4907
1e30e3a0
0ba6b47c
23b59c51
f5c7142b
e213e107
7d7aae7e
1733cf19
d1e30d48
26fa94ff
31ea6ae5
ad1799a1
b083524d
af6906dc
103a077f
84e11537
8b00210a
bee6b4e0
cbd2bf24
2f464237
62c35658
cce9cc39
a802ea75
15953f15
b3520f6e
ef35c05d
a284c730
50efb4c0
7e6cb4ac
4f3377ed
f9855153
d61ec01e
3def3a9e
9ff335bb
95a52226
414ba37f
4133a8f4
d5b5c7fd
f1d86229
2bd3b9b2
1426871b
a6fe203a
824a9846
a0c561cd
2355b518
66e4ca61
c715d5db
c58aeaa7
1279cfd3
653e136b
6868b2e1
63812b07
c258b212
fd9b6c8b
c2c29e6f
2cf1bd79
ec7d5429
c27fb2f3
35bc7535
b6b058d4
298413f4
451a15ac
3d0fcbb1
92f94daa
03e700b8
c69d918e
f5f4cbcb
e73c2ff3
a2e68255
3ba32b1d
dbb32a41
ac9d7cad
00184afb
964f3f17
ef1ea681
72f81ceb
b49d45db
514d0f24
c4fb05fe
fa1c3738
402f915c
e0f4cb7c
1f91a256
594a4c5a
7129eaa8
7640b404
634f5cac
bd1d024e
6822f646
7065358d
ab29a7f4
15ab5049
2db5f423
34d613b1
fca8fe81
8c878264
4c4e378b
5c8f95aa
044ad16f
d6786961
4169dae1
271c0e76
8324ae7d
c0358b8f
51eeee6a
994adeff
fada8369
1956edd4
63eb8ffb
5caa59eb
8998c52d
8268f4c3
0abe0f2b
ea5ba53f
55352c7f
d060abb4
addeeb55
575e9d2b
df9c8777
8fa7dc5f
87db19e3
ae28fc54
bd7d1fba
4ce297b3
fbffa497
38e8319c
c01d92f8
45e8c79d
b7d838d6
ed0bcc1c
7d7d6bdc
359bf4fb
dd86a4d5
47fc5eb4
574e15db
15c1694f
3ae9040c
4574985a
9225b68b
e2bb0750
c5f9368d
e78babbd
6fcb86eb
00d149f8
2ff64d50
5c390913
87efac8c
786c5630
9c3ae2b3
b56a65af
8e36f7e4
c4c7fd17
92afd577
2280d347
abb77c64
07079c95
679dd43c
94117d06
adac063b
928d83c0
8829fedd
8ac7884d
6f8dc6e4
d1893bd3
e9cdc92a
4b32771b
6f738e25
1440bf62
e1d2a3db
8db15ffb
19a7a090
2a6dca1e
c874c79b
eb8b7fc8
e28b226d
a7bc8de2
e41ac536
245c9a3d
248817a8
ca5bd716
f70edeb1
80ef7f59
fcea8e84
69573846
c0a9393b
26103f10
7cc4c9f6
5ce0d681
2fe01562
00000004
00000002
0000002a
0000000c
0000009c
00000005
00000620
00000000
00000000
00000000
00000000
00000000
f4a01c52
43dcb004
4dec026d
9f3a784c
77020ae6
c84c7516
f98e473a
1bc792b2
03784b1b
4429588b
ec7f85aa
0fa1ec42
97cf421d
4b0f79c6
532c1526
c59c2728
369caca0
2ab8fe9d
3998e479
7c35548b
a37a6b5b
f45b5a93
935c8656
21079e66
23c1c1ac
db5ac73b
be45289a
4560d6fa
1a9a3ad9
88460222
386b72da
c2d884bb
7fe6a746
29539a90
ea125271
463a8d2f
87586431
b12da3e0
9da35749
3950b5bd
4b945253
8b36867d
111fb4d4
93daabbb
16f7b560
34128a0d
27e3b639
bd556ace
facd8af0
82c3711b
20e9cfab
0c968c9b
e87e5cd9
8ca9a9b1
2f24a4af
7a955df2
92aaef82
2237996e
801f3803
89a10f1e
a2a15588
f233c528
1242e395
6c937425
b85d92e4
1ec1ee7e
036b30d7
374ba440
ac19c8c1
dc4a47dc
cbc64f00
2b8a572c
89c49c08
c43bc54b
543b0f83
c1a23ad7
6ce4a70c
62f92a32
456eaae3
b9387528
71faed20
ad0b6b35
081e0d9a
a41c7055
663fe2c0
467a3cab
6807a515
a964d548
09a054a1
15c9cd58
91a9612d
51e68454
3bd3c454
a28592f2
6ce12a63
2c0b0481
8f711836
82a07f80
7b3aa31d
ec795316
c2ec5737
8da0b91f
127ad7da
26e67654
0ee2426d
8894d9fb
35d72d19
b2a596a1
10cd10d3
1b71cfe3
28641c44
51cfcb87
eb56b033
89501e8a
e4a20b54
b7254f40
ba87d71f
73ca2bcc
76deb9e0
4a66e2ce
9a49f5ec
167c7c68
6a83087f
e632b815
50a1669b
05722597
3123a143
31065911
1157f237
ae160025
11843698
0a5b0e2a
84c23ac0
cc6a6068
5024de5c
386e08af
60c74961
bc6aca15
d8488922
4b229b02
85a4a063
e9538751
db741b27
0b08eb35
43179a83
337ea526
50f3242c
d148e76e
793568c5
3ce1ec9e
3a3de516
75a16639
0d6b5248
27c23291
8b7c6888
788832cf
9d53314b
ab445361
8b2504ce
488e216f
32478aa7
45751fb9
d2ac2450
f1b2a337
5347e443
96888637
963bac93
76582d49
6340ca5e
c65d0817
3b89bf59
46ce117c
2a45b255
12d99c38
3da698bb
bbdf37fa
a558bd71
94606acd
94014111
902bab0c
0a5a21ef
ab986035
8006ef06
bc65e102
68aaab21
449188b5
3941435d
44b56c74
122b9702
3cb575dc
95d61e47
46da9814
a7bfc44c
815e2c6b
ccd1d665
6250c376
412e0561
4bb31d1b
c4bb6cdb
fb0ecba8
af910698
8aca0865
ea1875e9
4797680e
fd89cad2
7c014fd4
6dccfd49
5c4610fb
75b11284
29057f69
e19b9040
5cd3c526
6d2b640e
527d1b25
7940116c
06dcde62
8d13dcc8
5c3c23e5
a8656297
83367bda
977446c4
cc8b2e59
aa491474
0b0541ac
367c86ad
19212c87
34dbc7a4
3f947a06
6811950c
fba02e25
69d7c65f
fdbf40f9
ab6dc4e7
1e163e18
c76c0402
7081ce08
6380ea46
8d1469f4
2b433623
66c2ef36
8ca87a07
0666a285
5aebf7aa
4eb6f3b6
5cac5fd9
80a36d3c
a393dcd0
147a430c
49256c81
2d13299b
92372c49
650888c1
570867b3
978a75b1
b5294ab1
75478469
57914c44
0b87e207
9586ca79
a3199775
2f06734d
ff0f5651
104f6819
3097ff48
439466e2
f33586ea
624a2103
4ea0719b
65b04260
6f38e684
0463393b
35b85b53
3e354062
5881eac8
156515c0
50a1ae4b
6257e69d
a031275c
c541f71b
b9a72b24
d4d6bd09
1b687571
c88a8992
38012f87
986a5452
57898120
f469a329
3b07700a
eebf597a
23986034
63b1bd07
6456a0d3
b16119a9
8c24b42e
988d0b19
0aba9203
5b70d9cc
45a53b4d
106f4235
19a89f09
b6ad3785
d2b25666
5fe13b84
b43fb942
002821e5
9877b231
ea68abaf
76c04e08
6fc7b57f
159d123a
18aa85e9
53a999c8
331df22d
9c4d0266
8d334b21
ca1b89a5
94c487f2
37385b0e
ef4a6af6
40a8c4d3
8ffb3265
458ecbb1
e9c11b69
5076c960
ab32d51f
a3204d16
80078b36
680e1ac7
f6596ac7
66f6c7cf
02b19837
a9ffa9c0
31e3180c
f627d121
47497e46
86b18116
3bb652a7
f8023c59
4b38185f
7e08f6b8
f83eae59
34851779
ac6133de
8444034a
39fcba86
459f364d
0842230c
a5337837
138e76b9
5c854ceb
0a029378
a9a89180
69139a70
b84cf43c
2747a742
9c987342
c03cfe28
bf733575
a35b56fc
34d702be
c98ce98f
fa6a61bc
800893c9
48a1d05e
87168808
54fbf490
b77bf217
63c96ef9
b42c1d61
508ca968
52cf4081
210ac967
71c47be0
a4fa4e06
950b6d47
bd6ea1c9
b36549c3
75dc19b2
9253f69a
86d43cca
4a74b9a2
3cb35baf
bbe527b7
4fcc76a1
cd9883c2
e6eef51e
ed669042
16a0fbf3
f0afc694
874146f2
53bea412
753ac1e1
00000005
00000002
0000002a
0000000b
00000092
00000006
00000c60
00000000
00000000
00000000
00000000
00000000
188f4cb9
12ec7c9b
641c98b6
e60905be
87f6c6a2
86325744
9046982c
d60acffa
3f867c81
9d5fa44a
43edc087
8331b12e
a80ba654
983e82ea
081bfc38
56c5d7a9
62bc7699
2c887843
869558ad
c6275bc9
ad198844
0ba1598f
ba45b660
9f47c969
d2474760
7b8220da
01ac5562
f571ebcd
987257b1
a1b5cc72
5d71dcdd
04b16807
9027bfaf
926e3624
5af44f95
c832de06
32031878
2b1b6167
24a2209f
fd79f96d
9295c5e2
3a801099
19b4b82e
d59f023b
5a019415
ed8db42c
13890de9
0cf518b1
1aade49c
8bda3f6b
67e6ec6e
7b3ffb3e
7bac9c22
6ae8235b
582ebcbc
62cecae5
0d04fe6f
4d3ac82e
14e07e45
747280b7
931be574
15ef1fa7
13c9d345
75634a38
44c52ae6
2b9c8004
785624a3
6a634d01
0fe55a43
4a1245eb
851865f1
1f122b1f
702198bb
4b45abe5
9d8aad53
00a40238
728a3ad1
9f1b8a4a
0dc3496f
d5959605
a373ba20
f0b8fa70
4a71a342
4f7100c4
0c8e3266
5be173d4
7762aa71
c4bd3736
1aba9bb2
bc15ee07
7f9b8373
d4ebb908
42d236cb
92cc3c7e
eb196f26
7f73b6a7
8b8458cc
4617aff0
6d31a413
1f653379
492596b3
97ca266c
a18be405
8a6e0405
81b16d22
260c3a54
264855b4
80064618
2fc922f5
b8f04935
5d91147a
6b5cf10f
552c86a5
1a312261
b507db4d
d93e8c24
80acf495
e6b315d0
22971ca7
181ca66b
6d0d469a
78588f36
c551ec25
9b266906
b972888b
bac13f93
902d47b5
e4368dac
26282453
9f31a7f7
7962c2c8
81c24759
80b90401
e884ac23
a359ba54
e66e9c31
d0365e90
1db4b0c3
e33c39fb
e26f0478
527c0992
b972bb8e
37c6201b
93d331c5
543dc4bf
d2e42a69
37e6e981
a0637413
6a281d70
64d49ea8
58149a49
6a583c91
5090ab2f
e097806b
10b7c061
acbc8eb6
7c3c35d8
7ad30acc
a432ef0e
b63212cd
9aceaf9a
950b62a5
c72ee53b
d5684d59
1beb7679
7867cc38
460a8485
cfc3723c
e45a4417
faef2a20
27e07e4a
2c163451
2ba8c34b
4d8603ac
6d40c939
02e62ef7
0e3cd818
7a06dc0e
3ad99215
842ba38f
51bc85ca
baff5bd1
40d7f717
88063a14
e02d3679
cfa06906
600cf77e
3cdc9942
3e022fb5
e344f556
97fc5ce3
934aa639
1dadc092
f0627d92
8f41969d
226e923d
2ce0267c
0bc1e2b1
a173e389
9cd315d5
2159f218
a7145c2e
763a8a67
88e4181f
d2469c61
279015a2
ac11e50f
45bbc3b7
e699c6f9
08da9635
14587482
30899127
30a1d670
66302418
f652315a
4cdc2823
74c89422
163393f2
75862904
1fc3c2a4
67efad79
082953c8
22b2db2d
c1d04dda
c9d86f1b
f4ca4a23
c87906d4
9e47d02b
ffcc17ea
9c4009d2
48f12a5c
6b007ca8
3694b365
44c65cba
f7ab1208
766483b0
6996ea4b
b59e9782
43d18456
71a4713e
d43af7ff
14455523
43cc44c1
1907ba77
a62ea77c
15e269cc
1cb98c48
74ef8079
80e7b5cb
cd341a93
f2db64e9
66c23b1e
89816255
1b363075
2cb8f8b3
ff5f41b5
328ecfa1
24212eb1
d674e7dc
f8e092d6
7535ca03
a51c1036
1a4e4d94
b0793606
6bbe7a93
cc8c0aa2
3ac0fd75
612fbad4
f5b82c52
3252b065
4a10fce2
56a19ee0
2d8b8e89
fb7f0a3d
d1e995f1
3ae723a6
b48171f8
25ab32d9
382b7d9b
d421e714
180d9599
09f1564e
e90611cb
882806e1
5d18d3b6
95aa0ac3
1bc84629
503bb86f
7f877377
14ef847c
4152232c
721d90e2
486f8acc
1a72191a
e37b879e
f6b46963
6998e514
60908380
604d0761
2537df55
4543c510
f1d9cb8c
09d28108
ed966317
8b11b8dc
a9225a3e
676ca589
b2212791
758a8690
8020d8f6
f0cb0f2a
5113ee0a
86a1d839
c2fd4587
57f0062d
8723d348
29ff8751
24372d8e
f73ed90a
46cba3a8
9d206526
0899f1e6
650a8328
4c2a6e44
e38b9530
194f2daa
8e3a672d
84704999
a5224154
bff6e46b
982ed76b
695b4e89
cc196a6a
9fc7c1a2
4c3876a9
46b87036
dbcb2a5c
88b5c146
34fa5b1f
835f6780
065653f5
343939cb
04a3dba6
312a2869
7bb7b527
509370d7
45ff1f09
63f7f83c
ab47f870
3181b7a2
b6e43f09
be42d399
54080e22
b050e158
cd1fb881
acdf5cd3
4fbc5f60
4dc25797
e942c57a
25e9a40e
f7295b5b
36ab7984
91d61baf
40ab05d0
93bc6912
6e98c995
7e01a2d9
f8b11838
6f84f97d
8ea1a11e
e5a081b6
79f3f961
e46c4a21
c5cd3443
4389d4c4
b250586a
329d4972
cc105d16
9677658b
55bb565c
bc814103
8814c8d7
dcb19fbb
53c1138d
d4bf7068
6c138f86
620b49bc
b24197c7
70a9ab73
12702d74
c26521aa
ab44a897
4341274c
f0cdb560
b5319de2
a32c80cd
009b14b8
e2f723da
0136a713
889d2b7c
4a2ec146
572bb15d
d86831e8
2cf8bed6
160102ba
6bb08c75
18fa94f6
8b450060
c55843da
acbfad37
5cea7f27
b7c8e102
6caf9899
a46c1a4f
2c028570
abcaa6a7
4f258007
78cbc0d8
b8863d22
23566e65
f0289a1e
e2472761
b6255e07
e75f8902
7a1998c4
20145462
319c83cf
78f447b3
5332edbc
beaebc36
2cd586e9
cab5a57a
163f7256
8034ca41
26d140a0
e37f407a
802c2de9
8400de23
0a9bd76a
f9c19ca8
8de86599
666be0bd
d2365e41
00240e12
14c335f4
28eb575b
8f242cc6
251540ee
49e63bfb
15d4021e
818ca36e
559dc59a
a714aeca
e2b9d3d1
bbb757cb
8c4a7058
629e232d
a5150d2a
17659189
e2878376
e8e00814
6a21011a
66634a5d
911b3286
a119709e
6e887b69
3976a381
c5d6da1e
6b4f04e8
4ba863ac
21421002
e3a89af1
a0798546
7f8956a1
116aa6ef
46df7fa3
86a58e08
a90488af
59844885
a727737a
025e3133
c6db9306
3ea3f42b
e974eb1d
30ea3714
30740e67
6659e1b7
350ca111
14aac395
557b33f6
950b5dca
2ed56830
5b41b7ae
d7888ef1
cc455990
750a14f3
d9253a26
7002f831
a940eb2e
f06aba44
9a50a23f
ec53e7cf
a8b0cd60
3151ca45
1e40d4ea
320a8d2c
c7fc6f30
a39f18dd
4a6aab67
80d16d9a
a40aa76b
0bc80b44
1cc9d099
1b873179
b3946f43
44041d9b
5c08188d
e646a95a
1404ce42
7fbf7036
79a01485
1ba76f7c
1614bbe4
8024b3a0
b11c2575
369eb7a5
94f42a86
2cd8767c
893b36e8
c4089813
3c4bd1cb
1600174f
64e5610b
c254b98f
cfba0950
a0f165a2
af734656
d9200100
214e2d3a
1dcbaa1c
4e3d7169
80683218
59c86331
d9921ba7
07f87f11
94479f08
5e95570c
67504333
7262b562
c782e1ae
8447a519
1395f244
4eb45ac7
58064f3c
ca731411
c53339b3
d09b99e2
71cb5d1c
6c2ff8f1
b69e7ba5
8c386c37
44490620
3580aae3
6c81fd74
21319a11
a47b1140
20d3a392
5c334145
44ad2c08
bc220b0f
2b5ea655
b13e2e85
46d02e04
55b7a9e8
c9253477
26f4d220
1d9db20c
9b876ab7
cf3b2836
798f59a8
5cda0293
03acc514
8e330a23
7849c8e3
be2ca999
9e3d5b64
449f4991
1152aa1f
e76271d8
79bd6262
9b550954
53044a29
c7a328f0
a62a9637
8b9d96b9
c734a945
2efc22cf
15661cf5
85202041
5abb4b55
d107b2a2
785ba761
8a0b0031
c1762c53
a3f31fd0
bf2b2159
427b1379
7b219a83
19029700
0f47922a
a9a43d4b
ce517e39
c583f8b6
22f18d16
83a76c07
bfbbc2c0
e5802657
a4fb8c26
ec24801e
a833a158
55464c93
3f750233
4b7eae39
84a91193
6083c6cd
d8943d29
3157d8a6
72255b8d
505c6891
39183168
5c4889a4
43b7af64
85107603
d49f2702
21b74270
16768f6e
ce08b4eb
5476384c
b3a6fd8a
1ec29615
27b996f0
45d7d582
c3065188
041e0e77
022adac1
7c131279
26fd3fba
ad08b832
7d8ffa0b
e2b49a2c
13c84542
7616c51a
83051984
257a52ad
fd6983bd
52297f74
7e28618c
6c7dd9ee
1a79bfcb
b90aa9c8
579fe1a5
e3892a48
009cdea9
8498bbcc
c77c0fc8
4f650b68
5acaa3e1
a1310416
45a42cc4
604d7aaf
a2f6a7cc
9c917b7a
30b0706d
34865d02
72894319
0c1bd696
96a61484
33705fc9
d0bd547c
fba3084c
5b83f9c5
9604089a
038e30a1
97768ea8
daa9853c
b940030c
8d22295c
4c3dfbe1
04926ad9
a3928a84
bdb012c9
21f61788
6cd04222
913e80fe
1a6656b6
84a1a651
1f0fb01d
8a51028a
19611f97
2c71939f
44b96c30
9b462bc5
8963e704
894315e7
7909416a
9f2a9a00
c058cc09
a7948286
ffa0a82e
543fa496
aa965e3e
5f543419
85825375
1526969f
d546b5b8
15599b60
4dcab47d
6673b85f
3ad93ee0
35223e2d
f0b9a390
7a32953c
5b5cd635
d3467595
315a74f0
2701aaa3
130f3419
ac8b2d99
a85381b1
5b29593d
c5ef97c4
54c475c8
8502432b
45e24ff5
b1388555
b603fc5c
eae28998
ca111e1b
c965d189
8c27c1ec
8c875e2d
5a3dc182
ea2d7cfb
7943719d
697dd924
b6c08081
a283e626
56ca3bad
02e3c952
2b32df1a
9c6dcbbd
120a2d76
a8050527
7fc2e311
93946ab1
16557704
e028f83d
b4cab0c8
7cf12eb3
c10b4b78
672992a1
79222111
91a2202b
60c47f7a
11665516
ab756641
69ff5a9c
8bd4806f
e2cc9a65
c815f83f
76a94705
5cd8c02c
dd01253f
66a51b29
2e4a4792
b4eeb313
bad7730a
092a225e
f0416350
854eaa0e
35ac0962
6945e225
b049a9be
365a753b
f5112997
ead42860
53b1213f
8762187b
40fa91a1
18d68906
0cc2c2c2
65ef91c0
00000006
00000002
0000002a
0000000c
0000009f
00000005
00000620
00000000
00000000
00000000
00000000
00000000
89580d02
5cc30b6b
89da702d
8924c492
41a98b9a
19831a4a
fc5906a7
b7f2a3c6
754be894
22880c3b
3106ceab
70a8f406
a4a05863
f28faf22
5ac0ea87
43a88a3d
63679939
83a9f7a8
f180293d
8cd15497
b4c7e837
8cbf2564
bb5ca7c1
acf51d7e
6a05e270
f4797fd3
7ef883ab
2eaa325e
99a9cc36
824c9aaa
4bc91ce8
7871b44a
9f346156
2932d80f
38ab3c7a
5fb4fdce
5a4920b0
0811bcd1
b3f46b18
4254831d
71ae212b
21760998
e576e032
f492b6a5
cf4a700c
d604391d
f279af90
a838ea17
f3815254
ecd69c30
21595a56
8893ecfd
ba3ea653
688a1e0a
a3b57c18
54d339d6
805ace39
9cbb5b98
ec62977a
55ebd314
7c0d3801
a19f8f29
515aeb77
cad0040b
63c7197a
4a49e4ab
c9bfa572
3740bc85
9a8add39
d31d6813
e993cc9b
9ea0e465
9076b944
580d6dc3
2621f0b4
7ea0a0e4
580ec16a
4e554bc2
b1ae9ad8
53ff495c
833364c1
b42fd75d
d15894f6
083399bc
9abef191
242472b1
9f81ff12
14793782
12b769b2
5b373701
329d9be3
ea262311
075afb5c
739a471b
642b53e0
8ae5533b
74981acf
01aba373
9ada667a
976094c5
daba9b67
7782a0b1
7b7fe083
329098c1
7f77a615
c27db7a3
6337ce64
a548aa6a
038c20f4
c7716e63
bb836074
3530407d
81d70d39
2ffcfd18
2882f27d
e8af967c
ca204a77
1069dba6
a5ed3840
c648c690
1e811195
2cd5289c
14724035
e36e3328
282a73d7
9b10517e
279258a8
275c4f86
5507ddc5
48cb336b
5c0e3442
6474025b
f03447a7
eb91a588
08aa3cbc
759e3599
a5a695c3
4bb07076
bb1986b3
c8272ab8
b23c065f
a40c1686
0426376c
20d494b7
8a6fa12e
d89d7e75
c39441a5
d5504838
53c71382
3da3ad3c
084f70d6
a6df4e2b
caa2af7f
9798c8b0
228f4cfc
cd39b855
034f3c65
d2f028a7
9ab9f25c
9c41d0fd
bcbd5d51
94c60fca
930c0a7b
f2f2b16a
47e5dc90
4dad8341
ea1852c8
b6c5af13
42689271
367c5da1
97ea047d
12370b89
211d4997
48e10d72
660878f9
c64e41e1
97da4e84
fb1a95ae
e67fb00a
62851b1b
d56ddb09
032c7922
a6452633
c50e463c
495cac95
8019deb1
bdb4e8dd
a7ff0555
c44947cc
bf94062f
c64cbe3a
23a7f8ac
33516657
585b9119
c7872452
279cebf9
403a8654
33286e03
a4c26522
950d42fc
3c0687af
d5334224
b0a57cc2
38691626
5a4b626b
ab2c99fc
48c93e77
797095b8
27fdb3b3
69f96cc1
b4275b00
26b738c4
0217e39f
56ae1448
36182d86
007aa42f
489a3335
0b542855
88a227cd
ab809c48
99c30b89
4992e32b
c9cc07e5
e60e252a
b17a2931
ac396c9e
d5a56e44
6853674c
00c45bbd
cbd86324
3e4c299a
40297a42
b9005fba
71b1b27f
0f88b64c
f8136a5b
6e93fb68
7e4bfc23
f1e263b5
1a42fbc5
a1159744
3c0dcaf8
ca26f76a
253cd9a5
e6b7bc5b
4ea54308
320b47ba
88309ed1
bee57ac1
d98e40c5
c2398675
c6fc50ae
631b47c5
bbf81082
1b690915
dd822031
b3915ca8
8dd71715
d96cf94c
4a493543
3fecb866
dc78249b
741b4a26
1ceade62
350dcc44
4a60007c
7443c2bc
40167704
a9a11fd0
0e903ea7
8cccb7b0
62efa5b3
8711a01e
0779ac96
96332f61
9b51cb54
6c4ba050
74aaa138
8e4ae364
a429909b
497168c1
709095b0
4a74f4cc
4a1b9503
8db8f6b9
297e4885
c68c3329
5196c3ca
809b7cef
8b935726
2b8c367c
ec39056b
c92e150c
6602b75a
5768212c
c668a948
960a158c
f30b05a9
e0ad97c5
c9309969
d8870278
a7681a81
c3c8ee4a
6c66d435
57b2ae64
5ea408c5
cfa6d732
818b4486
cf966248
cac329ee
9bfb9579
2cd6a855
1cbed36b
f4277626
c1fc4d75
518081a7
214804bb
70b89497
9c96b889
fc1fb072
cd038716
83239911
19142e55
9ac9b17a
318284af
c3dd9e57
2b94d405
00779527
47d45aed
95b5e097
b26ee03a
c9cdb05c
a4676b4c
0067cc23
364e60d1
0551b32f
0ea0e6a8
757a58d6
7be3989b
ffc958d3
f96544cc
a945d9c5
0a555439
caa6452b
3e59a390
7a3d1607
84a9ad8a
35b12489
241291c4
c2b52fb5
9f493f82
8823d098
556bb811
a244d4a0
5a884bb1
10f5230b
8002b8b5
c75d0b83
95251205
76e08f57
5f9b85ff
7b8e87e0
3b2a9317
d958ac99
ab1268a8
3b070620
94bb808d
fbcc3109
19d369a2
b1c68cd6
bc6e5ffb
08d28a28
ef649337
a88433a7
75c141a4
909dca9b
eb246001
0ed51623
74cb4280
d02013f8
80d0f689
707b0008
f72ba031
621cbb73
a1b3730a
bcfd9f57
2465f6ae
538b0000
3df160f5
710bcc5d
64119568
28eef234
00000007
00000002
0000002a
0000000b
00000094
00000006
00000c60
00000000
00000000
00000000
00000000
00000000
0880c431
65532cd5
12153a47
523481e7
41124a78
1333aa0b
470b0cec
2ce5c669
077617c3
e082224b
aa11b635
6ddac81a
a1c063fe
36471b94
88221644
c95e3ae5
993790c5
c6e8b39d
a57c85c7
50c7427c
0e748211
741a047c
9c0a6204
11f6f076
3e7010d0
00b10c72
72e2204c
0c4cb474
857c96c3
4407bb66
67cd402a
69680c0c
a522cdae
5920a37d
ca5692c1
6af102bf
2c3e5af2
75b56c87
87132bc1
1ab6371a
85681700
8c158bb0
2ac0866b
c29d5315
c951a964
262ffbfa
f3651cdc
bbaa0e04
236a18a5
4b4e9415
8934e97a
f8bc96e8
7afb77f6
0b184aa2
9fc1ccfa
fc8e6780
8263f864
1f4eb680
264ebccb
5b5c4772
e289464f
6bb1a0e6
be142226
64831303
44771e34
2cf5c566
5c64a514
1c69c5db
29734d9c
9e0896c5
2801b1a8
abe801bc
0867a531
fa8571ca
8ee6e8c4
6e09b8f8
9ae15163
7e2afbb2
8252b30e
cb8b8b19
5fc08337
e75fb671
16ac89f3
ab093e6d
b3147a76
80535157
c3387b1a
fb85b0f1
327d7728
6fa65469
adcc72de
972ec943
5665231e
6976983f
d4df4ce8
2c31f93e
dfbe5854
75dc5e9c
5136017f
4d2fba44
2afb54b9
6fb46861
77024a53
0b3900cc
1607ab81
30a8144a
b5dd9ab6
be371d01
cb32738f
1c3eacb5
73432e04
80616be5
f0859745
4011638f
0f994853
f9c607e9
ce213321
ca1e5923
84031858
76b8b5ce
59be46fc
7af759c5
2bd221ac
149084f3
f25fcb30
b4c24c4d
a9b9a0aa
fa2e4f5a
0496d360
c815430d
09221139
cae0a947
1c082c7d
700381c6
8be32f60
1a71a91a
1b33b487
76450d7f
160af2d1
e5edb6f0
41567376
7c773997
04fa8053
2505c111
e012f481
93ab50c0
be97d993
e61ae5a1
793925e3
6dc4665e
a5045a9c
f88e6ab5
8cabd808
0926d8a7
10cc27e7
0280fd29
a751e5e4
27db05cb
3bdc1b84
b1224963
95430d00
9a0376ad
e75e7480
a16f4a2a
1ae6ed2b
e78ad535
24392b75
3562d7ca
108c591e
53744535
7bc08325
acbfb482
d1188cf8
1feb7426
25cf283f
65bb43da
9166ca41
82519657
00c97283
a979e367
bf23e682
710862d0
5719d338
ad3651f0
033e17e1
072ba690
181906ec
548940e3
411c9d3b
1a0bf470
116a2c56
0aa02c40
16a41537
8c5dbf97
5f0c572e
049dc86a
41928f69
2f5c13cd
a37197a6
b71bcfb9
c9e6d193
767cc945
53876565
77001ac3
9ec8728f
f72abc30
ac23ad46
290eb421
d4b5579b
5e33554e
1e3d0adc
788c2da4
4c6b1655
6c9f22d0
43f9a4b2
3721415f
cd4b90aa
09eacc0a
c910edb8
bd942592
87706e75
2ac51a3b
10125c57
80cda4d0
20b711ab
f673c30b
25d708c2
c0075260
f892844d
c1e6c5c9
ae23f0cf
be47a58b
20584317
c4d0e544
3405f2f1
1727a6a0
1ad960ad
bc037a6c
751b72e2
8155e703
8fbd3ba2
0ac04818
669450b5
ffb844f1
13ecc5d5
7c8bec70
a6550796
23cfc445
a1e94cbf
d234319e
060783e5
b0a70d91
2db99acd
91255f14
82c92dca
1667e6e6
824a75b7
095733bb
889f24a5
891ca7ba
3340ff5b
70cfcb40
56aa8c76
48935e3f
f2c6b3f4
14774c9b
2ad5c51f
782832a5
150b5976
28a8fdaa
d48f9c9b
89efb0eb
a099bb44
1d6683cf
54787278
290a95b0
a84a5a71
a0652b73
1fc86b8e
cb583312
e9e4c2c3
7830d23f
6d7d5995
d16eb166
b2b2e839
143eb660
a9de0b72
37b5f863
451a5aa8
d376b15b
5f85f910
a419b06a
14eb19d9
10cac853
640c2628
10843551
6bd5f28d
2b175164
74704267
ceca2843
5973162e
064159fb
79880c63
7657b373
03fd50ec
2a314106
de083962
a51fc8c6
473cd173
c5ab8159
d4770fd3
209949b7
5c564a9f
cbe33312
37972870
b6b8399d
19c4438a
88647f9d
dfbc8192
b1cd7ea4
1c982d31
ad8aabb9
ebb64a76
ae6c2188
753dd997
651ecfe3
9220214a
423b0246
d9446337
ba51c609
cfa9a492
523ab01c
1eb43226
188f7cc2
235ad00c
a1602f0a
d8c81021
f12e3732
17baa3a1
8849fb69
08bd2887
76e4c20d
a4561797
c1d5aae8
d007a88a
4c7108d7
27f42bab
208c452c
89b0e8da
b44509a6
7f69c5b5
4d4cbc31
839414fb
62d92303
6f0a52c8
f8116c7c
3ce83b61
a362b322
2b7bb452
2a393808
5074c42d
231e2168
2185c38d
ec48f01b
468947b2
37b8c2c9
4f60d0cb
c0fd41b2
01085044
0b48a63d
84f46e82
4a9c93af
d3019139
c155cb80
81b0647e
16d001c2
a6071426
0e575cc9
798cb07b
b9bb4bba
83386022
7d9e7842
e8a08477
7e2a600e
79cf97fd
e8382f20
5d59c0a1
b7979cd5
44d359b5
72d47f51
fe73b6c8
93ca1250
9ed56d5e
d74e6170
134462c8
ad71872f
889a1a2d
0af47045
bb1723b8
9887c5fc
c7c0a644
946c2357
3992d6e8
b665c006
5340b575
6a4c6b17
a5b8aad2
cc23c3ae
f85a8ad6
4be90adb
ca31d4b4
8598f11e
4bf6bf1b
6d6cf94e
f845a00e
487d9b2c
3f2a7d33
5c18a71e
e2a48128
40f8df67
3fc04877
f386c2ca
7361a102
d7968312
21cb9a6a
3a35297f
ea0170a8
f4d86396
0d4b1e8b
f8cbd69a
0b606b1a
49753b76
56b87735
a28faf94
cf239372
1f964153
21703742
6a46347f
94921591
d7cfae47
679ce341
32a1c596
3caf31e8
430ab7c2
64c72445
ea83c7c9
9b264f1d
515791a0
d992c039
446cc41b
650cca02
b88895b2
577c4ea3
1838fb44
07a57992
05819acc
6f16f888
83318395
47e28a61
e15ab20b
ec0a332b
b196f2b4
e20e8c1e
e2124fe3
91c8d0ac
036d13cc
18e2173a
7daaffa7
67728096
cac183b0
62d1e1a8
d9af3a28
65c15a8c
cdcc8378
c89a4aa0
a65e8b42
43b0a4bf
d2a6d636
1497b722
c89696cc
86b262cd
f67a4fc0
7adb0f9f
da99c9df
f6c83b61
1c1656a1
765e132e
f78e9356
b08904c8
e0aeb7df
64e6c986
7311ef46
7e8a9a56
2bb8a023
2550bc92
2377f50c
2b329961
8c6b3d78
9c2cb85a
b2168737
0a85c431
1f13cccf
0551ca03
cf30005a
ca74a8dc
346ebb08
7d51fe62
ec82f2d5
c6ae5d0c
53c41444
684d264c
85205cdb
406425ca
fcafb259
d8b14ba6
3d292a76
4a9eb742
d7e8aa9b
c112103e
2b2d7014
d62996d1
0b30b546
7f160005
711a9b3c
5bd9fc45
ecbb12c7
321d7342
c4c87d1d
71c261c3
756318db
a17b149b
9046524a
db235862
0eca7287
7cab452a
f01f4a73
a3561195
450bd705
a622b48a
23b47a55
46661264
9979884a
7225b787
d0790ae6
04842c73
0e318396
95b675e4
654a6c55
73515661
0da9564f
608d1725
2358d04c
fa38330e
fc3f0094
0d60ae48
2d216026
06a88f64
2018382b
57080306
e6262b88
3ca2f82b
b575d2d5
a74e7f51
4098a236
215b152f
8aaaa341
96f6e574
b45e1878
38bc4f33
50e88009
fa9a39a1
17db4e0c
6b32fe2e
a0a3faca
7575c0dc
44085c45
d0b5e242
b2395c10
a509b434
3cc3a7bd
94295d2b
0cb9cfb7
2aba23fa
258ec265
72a30b5f
9eab7186
d1420641
69092d81
1d728cc8
b8367e86
bd8c80b4
5bb09818
23fc3f56
611306a3
ed5a9700
1abc0d0a
c723e8a8
212840fc
97315ef6
ccdc3f2c
165bf596
bc48adc3
05aa9c4a
7ecbc0b4
29473a86
7d723c6d
49903b7b
0c436413
a25647cc
95503120
35fe7087
03880f4e
754ea6d1
eaf709a3
45032601
5f3e1caa
aa3b86fb
68570e4b
907d0bf2
b8f86667
6660dd6a
a55f48cc
161d14c9
62559e03
11b533e4
181d2c09
86710fc5
c6522164
ba006198
6d138c72
7e238bc2
b247832c
7cb03f8e
428ae40a
634755f9
bc5cbd40
ca605814
97c54964
ac750592
7f31c049
b2be2629
bd9673ba
864b8673
bc1e0e49
5a47038a
a782f09f
09f567f9
0bbbf8c8
17984cfd
d0360b4b
8957ac6c
b3029c91
d42a16c0
9263dfc4
bb6b4107
f6e57150
5d8b6692
3121ac40
c6358598
27c2688e
680b0c81
0321b7e1
a3981db6
af057a2a
7673bbe1
225a9527
03179276
e3fdb0a5
4e5c418e
fc842775
a532c4bb
0dfcc43b
c3462ab5
4001c3d0
c070c841
83c14100
f25b1dd2
aabcad77
1c24d673
558e01eb
4fe2a850
31c9caa5
eb35670b
3952245d
e8065bf3
86716903
a86a0b68
b43017ba
103ea2cb
7bf36555
0c07162b
a9770e3b
7f57cf65
a5823a3c
3b4c2c19
c57323b5
72b83440
a8d44e60
8ee1f933
cc4b9a38
91596ccc
97f049cb
d8ab1c77
02536daa
0e087508
f998d191
27fd2e3c
6a58866c
1aac539e
1c8519a1
1212be06
663dac7a
5b32b52a
ca389f72
d0a305c5
9acd35e1
9a06a838
c5762a7a
c7309bb3
66d6acaa
931006eb
721ec4b5
290a580b
f52a5514
3520ae09
05289d32
aa16500c
c65eae06
4cd8172e
40492490
b36a8149
4020cf2d
ae92a015
795758f0
5b176148
962ca719
eae9b687
be635938
76196a3e
28973527
ced447bf
9e7732da
6b2f1bc5
417228c8
7494b3c7
d15a5b80
76c4b63d
f940aa27
d06ccb1c
8fc5dd62
ec226aea
735fa698
3e4b05a0
69ca1a21
a901bc04
2a044ba0
0b9128c1
a9483479
1aec198d
51c4dc48
62660fb0
c2dbf49a
f90141c2
02390c48
84b1f726
ba7b30ff
d5a1b663
8142fab1
80354caf
e3fdcd52
c7b2077b
85297462
c372fc9e
10a3fc1b
253ea6e4
a5d40bb1
61a2a67c
8c1a141e
a7e7fd0c
843bea00
9fa91790
c73d2779
d20277fc
227d1969
a9962911
0368adaa
c82acfc7
a9842d13
fd6e01b5
4345d634
3d9936e1
da2fd198
00000008
00000001
0000002a
00000003
00000034
00000001
00000020
00000020
00000000
00000620
00000c60
00000000
12dff252
14883017
3333a70c
4143dbd1
52e49b94
ef289004
bc04d90d
f7de0d7e
9ede96cc
bf06051f
4a150a49
d26bb46d
c31314bd
3116dcd1
1e17ff90
221ed1f0
00000009
00000001
0000002a
00000003
00000035
00000001
00000020
00000020
00000000
00000620
00000c60
00000000
3ce8a1f2
a85500ad
1b2fb55e
24eeb9c1
9c8df5f7
b599d02f
759f8cd3
787565ad
5c03d726
4ac763d9
6a9342b1
30bdea91
6583c574
f5f94549
759fc2fd
f2eb064b
0000000a
00000001
0000002a
00000003
00000036
00000001
00000020
00000020
00000000
00000620
00000c60
00000000
e6e45b14
2cf8659c
c19012b3
b79e274e
0daa4672
9e72b4ee
0adb217b
b5154abc
038774e6
2e74b4b1
3f724d04
40e4a7ad
f93a1191
9c59fed0
119a965e
2579fc94
0000000b
00000001
0000002a
00000003
00000037
00000001
00000020
00000020
00000000
00000620
00000c60
00000000
8e4f8cfe
a55a55ef
8b74eb63
2cd7555f
c8b68af6
1a549d1e
7eed5186
5213eff2
a6a3abbe
698643a4
1c9ccd94
5d00702b
0ff9af87
a2a7004d
75d1f332
ff72efbf
0000000c
00000001
0000002a
00000003
00000038
00000001
00000020
00000020
00000000
00000620
00000c60
00000000
99644dbb
d23fb1cb
3b37495f
f23928eb
d2d02394
f405f49f
112f83e0
cdebc6bc
7f3ee266
3eb6d0d6
5ebdfc90
dbd1682c
ce00d2d8
fa46fb8d
81693bcd
1dcfcfef
0000000d
00000001
0000002a
00000003
00000039
00000001
00000020
00000020
00000000
00000620
00000c60
00000000
1a1a05d2
ef8aef86
513f48fc
e810b735
9dc9837c
9771c41e
b75924e6
3e2d2e27
a29997e3
41deb45b
7f9e0a69
a5702f8c
176f91f6
6c70d15e
64cf75a7
9afaf430
0000000e
00000001
0000002a
00000003
0000003a
00000001
00000020
00000020
00000000
00000620
00000c60
00000000
402493ce
9ca6e6c6
48434796
33b218c6
c3b91b3a
3596b277
02f3b2a3
8eb4e12c
89cecf89
b4366fd0
003c3adc
2e804a74
c95886c0
9c6d6af8
fdaff41c
d3d7829b
0000000f
00000001
0000002a
00000003
0000003b
00000001
00000020
00000020
00000000
00000620
00000c60
00000000
0112b8dd
0a62c9b0
756153e4
a42fd4d8
6c2b050c
b1ad81c8
b7317e45
13b6159e
e6bd1a80
85e59a58
6252d41a
80c64b7b
70ce51d3
9a0e7569
959c6b9e
37df7c4e
00000010
00000001
0000002a
00000003
0000003c
00000001
00000020
00000020
00000000
00000620
00000c60
00000000
4c781fa9
4e575551
016fea37
1f908a7e
4064830a
6aaf3f5a
9db2dee2
e09ad70c
e4c784bf
5971a928
0921fb83
667b0437
3133a100
70df46a2
c2f6a103
5949dbaf
00000011
00000001
0000002a
00000003
0000003d
00000001
00000020
00000020
00000000
00000620
00000c60
00000000
23afb63e
4e075b19
334771dd
db42c17e
66184ac4
de072c3e
c9bae7a4
6b155b76
b2e8a880
016131e4
6114533e
6d1ab501
49afb747
27ed11e6
7a559468
f2a2465d
00000012
00000001
0000002a
00000003
0000003e
00000001
00000020
00000020
00000000
00000620
00000c60
00000000
435c9cab
89b53b35
73dbbd61
bfce2b56
a55f8995
1b2e4a96
4bdd0141
e08ae373
89286ab9
cc76202b
dc7b1bb0
28f5480a
a73cb8d7
d35b9a08
ab638825
dca56608
00000013
00000001
0000002a
00000003
0000003f
00000001
00000020
00000020
00000000
00000620
00000c60
00000000
17bc5364
435690d5
a646171b
2f7202b6
2518f539
c40f4b22
9d15719b
51edf9d5
5fce802f
a47d28c1
27294d23
166d096f
e815d8e8
32112259
53407eb2
45907a34
00000014
00000001
0000002a
00000003
00000040
00000001
00000020
00000020
00000000
00000620
00000c60
00000000
5bf6a927
9a224fd6
f0e1aedc
aace48b8
eb0f3004
42e0626c
386c3b79
929fa5c4
a1ccfdbe
cd82e995
fc144605
ec8b6cba
30850b6d
f307efad
59458b4b
f0e0271d
00000015
00000001
0000002a
00000003
00000041
00000001
00000020
00000020
00000000
00000620
00000c60
00000000
0169b6f1
c706a8cc
15fb1290
8e4e9ff6
a2ceb418
88c058c4
a4477f8d
85584df7
d6dfbb23
4dccc912
4e5adc55
9f7aee80
11516fd5
d165c4ca
98ca7b8c
eaa45bf6
00000016
00000001
0000002a
00000003
00000042
00000001
00000020
00000020
00000000
00000620
00000c60
00000000
9cea7014
0f93fd9c
aab1c575
443f4a0f
1241c78d
a38f353a
f910643c
13f79972
56122ac5
2ab82369
4e63f468
78df88b3
f1bb48b5
275fa512
55bf54c7
d804fc27
00000017
00000001
0000002a
00000003
00000043
00000001
00000020
00000020
00000000
00000620
00000c60
00000000
190136b1
79b83c23
402d4965
9ab71745
4da859c3
a7421569
3cb932d7
3d302983
b3bc3f6c
e30951f2
b15c18b0
28dc5abe
9604221a
6daf6c42
2d6af3ea
c1916920
00000018
00000001
0000002a
00000003
00000044
00000001
00000020
00000020
00000000
00000620
00000c60
00000000
98e849d2
73928a2e
2b77ff94
f9737054
190f1761
69b5e74e
773c1740
b600f6a5
74d2687f
57847baf
9b31fdd0
a53f2e7a
5d70fa0b
a45b21fc
b31497bd
c67063e2
00000019
00000001
0000002a
00000003
00000045
00000001
00000020
00000020
00000000
00000620
00000c60
00000000
6d0f4eff
59a90cab
cf75eb36
d6994a44
ebf8fc49
5c397d19
97c6c698
54892e15
799a7556
1f99ff38
949f9e83
5d9a1f4e
64708854
9a5c86c1
446c48c7
d5f72d2c
0000001a
00000001
0000002a
00000003
00000046
00000001
00000020
00000020
00000000
00000620
00000c60
00000000
f57ab4d9
a720dba8
910ca4ea
d816ed14
da418601
3f9899c5
7666ed55
af155fd4
5f980e93
ca424131
3f588745
3eb6cf21
0f9e4690
71c3e2d8
eb37ab13
432f66a6
0000001b
00000001
0000002a
00000003
00000047
00000001
00000020
00000020
00000000
00000620
00000c60
00000000
70047b60
69fd243e
2a6799c5
58044d29
9bff3e18
2701b938
10fb1d2c
bce69233
859b8307
d5dd9246
cbca890a
88ee92ec
dd2afe8b
fc6eab17
1b024b00
90f207fa
0000001c
00000001
0000002a
00000003
00000048
00000001
00000020
00000020
00000000
00000620
00000c60
00000000
a680ccc8
eb79065c
8e6f289b
b50d1830
21ab8a88
640af5c9
d4a8f63d
d86979a0
9998cf99
a130f9e4
690d38b2
5062ad35
9add6f4a
606a93cc
8c9f6566
a8242ca8
0000001d
00000001
0000002a
00000003
00000049
00000001
00000020
00000020
00000000
00000620
00000c60
00000000
8abd40a9
4a441182
9a93574b
b8d41d4c
86e1bc73
f609696e
605f934a
a3e44890
0bb34f86
44b7396b
1ec96f29
0483bfa7
b4ae2f90
5c2ff2d9
39c3284c
15b96d55
0000001e
00000001
0000002a
00000003
0000004a
00000001
00000020
00000020
00000000
00000620
00000c60
00000000
7a7e8680
4b38a4f9
6fc172dc
5c16f5ab
126baa64
ba09435e
0a365344
75e79969
d495a22d
80fa6597
96a46f5b
e68bd76e
db3117e7
16835f8a
f4e0155a
80ba9424
0000001f
00000001
0000002a
00000003
0000004b
00000001
00000020
00000020
00000000
00000620
00000c60
00000000
d0593b75
21e86421
9d79bb70
0e1f55c6
4aceb5cd
dfde5a5d
5470d51f
a2ff275b
c6748f0d
5fb950cd
b80f0c7a
bc314ed2
55611e7c
eaa4c70f
db212701
7f2e63c4
00000020
00000002
0000002a
00000003
00000034
00000002
00000620
00000020
00000000
00000620
00000020
00000000
1891d27e
489ec097
2da6ff3a
bc18dba7
00d754fa
58055d74
088c7744
fa4bb904
b61232bc
a86b2c03
b8c5ca6c
c1c1a044
42220913
8686623a
08eb96af
14b58baf
cb31a582
534c8b64
97174750
a48f3842
1841c0cb
40a36a48
f3010de5
58304e8c
904dd033
33f4ceba
1ab9598f
cc7ed1f2
81163558
bc76843b
cfc54a5e
620c1e4a
b898a41d
2661db7f
d379bbec
c447c0cd
bb078beb
112e6f24
33d076bc
2da922ca
64cd41c0
52c05461
da07a28e
c36c06d8
6d028a06
cd7a58ba
6b5c2178
a6c394c7
15b68916
21417e1c
7a5aa548
5bb855d9
c5584c28
a1bcae6b
b08671aa
03a66291
51a56e5b
827bc622
c5d29639
8420c648
9b936a3d
481179b2
4581d1cb
d8aae3ba
30738a2c
56486171
2caab47a
c639c793
16633e4b
8c1acb4f
6c9b5dd0
b3d3fc3e
c97ff550
97c02382
74b702af
3baef911
75e38542
3ec63b92
c387b561
c60f4696
9e36e968
6841135d
099ac45b
525c3b0c
847e7a59
29cac9c1
08286824
e4b445ef
ec669a45
be808c36
5ccae23c
d5fa0720
7ce0e766
d309d078
276f00ca
71684769
89757bc5
b339cf67
62756a16
01b91459
a1d5a146
6421a2a3
3114d6b1
61e08de9
06654385
490449f3
d0c5a662
9fbac134
8eb5e2aa
1b61aa25
3c3839cf
e13dc4e0
58ca8e0b
979a7a34
1f65560e
63e1b6e4
5d41b9cc
76b4797a
cca59301
25d49a5c
e9aaa31e
d8461223
be4a7b2c
cb32591d
b539c4f9
41c73a0c
ae0fa5f9
664bc332
93127c2f
76ba277a
42cf57d3
c2a7cbae
d3c45a07
b4760405
38b4fa3d
e454180d
e5ea918c
8023024b
0f246c15
5af31860
7433395a
767b885a
c82596ba
8e93c568
c28b616c
48205d48
5c063732
c535f553
e88f8a50
292a282c
2615298f
b8c05930
b2e29e89
5da4b19c
c6dc289a
5fb17901
db0cfa58
ca8c3379
b243898d
4b0f2bd3
b9cf0864
69e00e19
42ad817f
55e9b385
313c0819
b273ac5c
d04e0f92
5fa972b6
3d87c37f
e93753ca
1997f731
d8787068
648ba876
4724da17
a0877982
50fc1742
9fa9cf9f
dd6d96c2
789852c0
93e3ce4b
8eb4b390
44585559
70726a82
3510e29f
6c496906
6b84ff66
eb6ee660
34e87a95
65305cb8
f24c0b34
cadb7455
2f735baf
d7566237
01127426
49ec2c0b
22723c65
74a26c36
a4909033
0e20e202
22e65a04
9a214888
338cda08
79573c40
4789deb4
a966845e
78f3c656
9ff7a0a4
7ac1228f
caa56b51
c8213d5c
99636608
6170a287
b3ab5e9b
c08f814b
9b3a7735
17d11aba
9a484993
464a7449
706a82aa
a6abe145
d6433083
38996711
ee069cc2
02656689
47db7841
982724cf
c67802e3
390ac964
19335a33
83a45962
50875d1f
8844f685
48d354b0
946a99ad
ae1076b3
79fa8e97
9844f826
97a73034
49061c38
98294e38
3c95f032
891e3410
61703b78
07ab608a
678a0d68
7437527b
49ac373b
c572ca72
a48a7e13
db139993
6a55b291
097ca1a4
4206d7fa
87f6be89
becbaa9b
939c84d5
2b3a6d61
a8c0e1a5
aca737f0
4195b8a7
78863523
f0299b8c
6ab59771
9cb56ea2
02757a72
64658ff9
10d32911
e736b0a9
48255583
5a2c8a58
4f1189c7
601644c0
2d434420
519946f8
70583d45
77d47942
9457a200
1acec14c
bff00d2a
0e63e66d
495db6da
c423a095
361b35ad
518b5707
43cbddb8
529954c2
70c97e72
3042c266
fa4baade
730dce55
b8f0b894
8e9f964c
c3713e44
710b8fc3
681e5b53
8bb0a3e7
9d9cde5b
0155e678
8caf8843
b9c54ab5
5eab41ca
b5fb4b2a
b428068d
25105a15
f84fbb74
4bb372c1
0824bae9
73dfc8e0
4509a039
f123702d
c8c712f9
411a5d4d
8994185f
ea14757b
ca1c77bb
7c676ce5
59956450
5ab21250
539140c3
b9992695
9bc091a6
127f59ba
34767b8b
ad5b4d00
13c29901
7a2a89dc
a0517f9b
c0812c01
0bb5bf00
5ab8f72c
3390b294
8c3bbe65
632af9b4
6658b792
528f90c0
4c2a40cf
aba24687
1c1691fc
1bc2b270
0729cadd
fc359ce2
0b61ec39
588bd284
04de78d1
af648738
e5c7c4ae
f553c996
ba6c39a8
bf99eb69
0c7fcfc1
03c24d1f
36baf167
c3f79251
89d0965d
4f93a5e0
34ab7e46
b0c0c883
50716209
72e16b70
cde03c24
64456814
e9a186e5
ae2c7085
a6b8906f
601d77e2
04c9f859
7faa8a1f
a0cd065c
99dc2894
2baab604
7ae87e85
03ac073f
dc79f37a
cbadb76a
2ee8f059
e074d473
b73660c6
8feb6110
ef691811
27ca4af9
2ed015ab
b946f184
9a72b0b6
c7964c31
83c5721a
596844fc
64c61db0
ed3a1a93
97717ea2
2184d7bf
bce0a5c3
3f399e62
588f81ae
adadc26e
63edafc7
b94433c0
41830cdc
b402d233
ee72233e
7b8131ed
00000021
00000002
0000002a
00000003
00000035
00000002
00000620
00000020
00000000
00000620
00000020
00000000
ed721b81
706c2016
71a16128
1c0a3600
213a90aa
0b15ab85
4d6b99c4
01ff728a
a9c24585
417ed833
9ce31121
3dda5fa4
e2830387
9c579d82
9153de26
7b207769
e3781d85
b229dd5e
c31a0877
07dc44b2
41b7c94d
0a030374
60527232
45b69822
cb0c535e
2a705e5c
48244977
12c1f6b7
28cb2794
31407faf
b7788708
89f73bcb
36dad095
317e0570
f0802f49
a5d77b45
229e71e9
7aac829a
3af95fa2
ae3a0423
28e482d4
3bf3a4ce
9fb647f4
e3c4cdc2
2c6742b1
43b2b608
33725be6
29a9455f
b42e48cd
5681beac
4f86e81f
c1c95aeb
9b4c60d5
327a6519
bd6ef240
bb9d3e3a
cefa51a9
dc5c43fc
2c502f61
37db374a
db3b354b
1b763ce5
01d12cc4
6fab27f3
e30024c3
c239b707
fa7cb3d1
75b6af8a
b5c8eea2
2f494481
c7b02713
a07c31c8
2a8837af
340f8d1a
1cba8e0e
73480682
50dd1b36
94b0d1bb
dd8777df
3cc57329
8c686483
53b02c7b
6a224269
2b822526
590388d8
84a41b2b
815469a3
da4ac54e
b8382eb6
c1223f01
118baa01
5cb567a8
c273b62b
4242f325
fb56c563
2a838879
fc6f4157
6b796842
a8d05e7c
18a0a98a
1aa59a8c
5cb80204
a2a1849b
2b1f07a2
c4892896
b23e5379
f0270763
c014b787
72103822
72bc1380
8e138f5f
930bd22c
56a9b1ab
4f060811
13be2cef
211f8334
16836dc6
358bc4b1
f7cd3465
671594b1
769d87fc
0b96a739
3711ec5c
dd779561
48440f83
0298c825
fe8ef7f4
40afc4a0
087c4a19
a170922f
372e2ea1
86dc1098
253939e5
b48da305
a2f10ab1
bd242124
c8b3475b
59d03d2b
e05c145c
d0533b40
b954f303
0c2c879e
dc663ea4
9b13f8c9
df466600
25f2bd49
1a2043c3
a83d4cff
f5aa4c87
98c5b101
ea3273c9
b9c1996a
b9fbed77
b3ae179b
67d6796b
3bd37f99
1729b55e
4a29b25b
ce26c92d
ff72e60f
5b3cce9a
0053564a
435a18c9
08bb10db
89348144
6077ab7a
e4ce0c6c
b9e4cba7
3c69892a
16a31702
141c4ccf
4e0334d3
79642dec
8386a47c
30b4d8b0
67601d01
b8e4fa49
b82217c1
f1882b73
07a6f347
193a0443
98127bd9
a523e17b
2fa0fadf
75eeca8c
9ad4dca0
52acd24e
c793c587
4f7cb388
6425d20c
9558a606
15bacd95
aebcb699
b7c5cf3c
0ffb4d65
06aff17d
c9bb5bf1
ba72ff73
d423a9a8
cb372662
4b04ee70
e31e2176
01ea681b
920cec0f
f3cc862e
31ef865b
60c54ba8
2616f9ed
b2e064fc
55837745
11631842
d6fe1e01
51e8f48a
f16730b2
4336c2e1
1fa0052d
5073e89c
05a0a895
35827714
388c6a43
f87eb53b
23b4ae15
4d147a7c
655bb3d0
83401a16
c22b6114
ca215683
82a5d59a
4d97776c
90b456f3
8526560c
f74c206c
47feb036
5035d9ce
239dd587
8873cd54
17835f78
bd4ac532
26f1821c
ab877dc3
f5a7188c
7c2fad75
46072330
9d723393
38fa4f2b
204bba94
a2b84c50
7ae606da
b6fc0221
cfba3b5e
87eda1c7
332b230d
ca8607fc
12886564
7c7a48be
ea60865f
aac106b2
3b6bccae
cbc19405
94af0c86
9d55fe58
035e80a1
29bb0982
85d5f232
d63d837c
564011f7
8b324947
4d04c960
93a9618c
a2a70dc7
ccaa61da
14b9232a
44f7ed02
4a241986
7c80cab9
7f7b524b
389513af
9acf8c74
0dcb951c
343313ba
87a91dba
5b459e19
789cdc0b
bc2768f5
08243954
6d1b5746
a8543d9a
019bdf1a
861c635b
b6b50cc6
a63c62ab
c38eba3c
f9844ab6
a1f9815a
715d4722
072b6c28
5e39adc7
664bf486
1c7977b3
c014594d
dc60a1bf
5532660b
c7ab986e
3157114b
e9274d42
4c3612ab
c01cd165
8ce3ba59
be0720c3
1a785260
b2c5b142
9b616f67
40b19b8f
061ea984
b3666c82
47c13963
84925a45
a1322378
7ecfd1e5
05384248
84020445
945772b1
2bdb4215
69309063
0ea845ea
82f23cfa
cf46eb2c
19688028
2a6e0562
94bc8a76
d142c385
1a5ca668
c4334a89
6cc939d6
da0fa415
90dbb49c
8d2b20ae
6cc751c9
33573860
ae5fd045
105d1989
01b123bb
561673a7
e41d8182
96a4b3b5
0eb498a2
aa5dbbca
388a8a7d
8008c8a0
a5372f47
28d01914
1a02e63f
298260a2
2d1c601a
a720d377
717ab065
b49b607f
a7b60cad
59da6e8a
7d28c716
57382c84
b131187c
39f0efcf
342cb0da
a2d9b5fb
4eb982c2
175ad90a
b7f33b56
c5e30583
cacb6089
83d6acc7
a4b67406
3cc14be7
b8ffa0f7
ce27cdbd
1db72722
80d819c6
8ce771bb
09b628c5
22675e37
0996949e
389b8018
8292cdf4
c1ba0f21
e6fdfcc2
fc786b6d
492d33bb
50936553
e1077ab3
ea70882c
cc38e2c6
307e860b
57ffb43b
a0aeb396
5ae7273e
074c27c0
ba3c477c
6f466c77
c7ab3c5f
255c4e10
00000022
00000002
0000002a
00000003
00000036
00000002
00000620
00000020
00000000
00000620
00000020
00000000
ee3de06c
59e99b07
0b52ffa3
ab1829d7
e2696319
62a77898
04acb0a7
b0467786
cde2b377
73986417
38ea9e57
18a2636c
186d13d2
4661a3c5
b5323d3b
3c74c77b
aba99971
5e61ef8b
4f9a3abc
951cc20a
9083573d
f089072e
f61b17b4
2624a363
0170b286
445129b0
ca4add84
787ca8af
d2704447
4af8eb33
d202854a
30c66f85
2c26e8c5
e40eaa5c
36ed91a7
b4a4591e
e13c7c43
7a0156a6
c3fcc258
8806c653
312d3e0c
0d62ae11
40b06933
78fac6a8
0d0b46bb
e6148a29
730b8fa4
954274c3
1c3d2820
d4053b9a
a01c4ebf
5fc0c8b2
e5bc488a
2ef07d55
293de515
3361b15c
b9a6193a
8a0e7b89
05ee2cd6
6d1b7519
ac0b5c8f
e6cd53e2
6996fbb4
ca79ca3e
ccc511c7
6806a459
f18fd279
04f0a8cc
a4558d0e
7c90f943
22a915e9
600b7b21
3426dc91
d2ab6da7
73168fb5
018c24cc
4834b855
585a94b9
0b1afb6d
b815c514
1ca1b65d
dd4c3c40
22cb5fc7
8b5220c3
69243a8e
7724770b
3cd69129
7a1db436
217bcce2
5437fb76
be05f5b3
aa3e23a1
7ab55a4a
dd5e0130
6bfa1557
51755c7e
8ecbc81d
03137744
5c26b352
f5cf7363
929b9e20
02b464cf
dbac1635
f1272fc4
ad8a879e
6e5865d7
c2e8797a
a1e95da3
e06217ec
e029a668
5fe9c35b
49637353
63fd0173
24fca351
810ea33d
e7c24b80
5437dc57
d977d8ac
9b07abaa
72b6b02d
72b1093d
239c5ad7
855128a3
9841ac6f
f5b95bc0
7ecb8f43
cc91e08e
8b3f9299
a9aafc02
ffca5bdd
d85c0faa
140688c8
ee4fe719
5b82ce78
ac964517
18a595e8
d35e00ba
b4039e12
23239506
b4bd8081
c19776ab
9da1da9d
b7e90274
6473c115
cb9113f9
75f9a339
633ba63a
c612ab62
719084c2
3751f81d
9d1d77e4
0adf321a
6aaa8449
7b75d20f
232d15e4
1bd9e23c
9e3f46d3
6a845bd3
a03a8e64
09534729
55fb8882
05001281
c5a9a65a
70436b4b
8f49c567
e1256b41
3b968de1
aa2bed46
c0a21544
04098d03
5e30aab4
c1184457
d05056b5
8453d82f
82cb4422
3bf34000
cb9a976b
0a6fc89a
c795c3a0
680cb170
b22af4ff
321d3298
9a08a94b
905f40fa
82125123
c2598d35
6c0945db
58df0192
3f878eca
7e3d928f
45fc318c
a52844aa
74920695
637b2a3b
a2f64f33
a84fa681
66fd2bcb
7f678b75
48640989
71e0bcdc
49110917
b67380ed
d0826c94
01e302cf
0ab4e10a
757d3936
5e693c0b
6d0a7a51
12fc45cc
5db66f76
d9ab2b98
d425c1ec
2645b868
a5174250
46b08cd4
c0d4327b
fd4bf132
31dd929a
65a4fdb4
659391ac
b70305fa
209a9daa
ca46c7f9
20da9949
6c58201e
2d62d929
16c6a7b0
9db63802
8251b5b2
68a14dc1
5bc65f93
3db2fb4e
c0663715
ba363983
8ccefcb7
40f1b895
56a60377
71010839
27fb2e5a
6c37d283
8a5b6caa
d152185b
115b1f92
70b847cc
dab4cda1
9b2488b5
fd89c918
c84fb9a7
95b71e62
34b1a6ea
3255b614
5362164b
f12f2a11
52fba7c6
729bd562
bc71476f
9154b804
7725b507
78731a19
c4dd5c9c
0ab70a40
7d23a52d
93aca5b6
3a378eac
2f67f12b
59360564
a0e7d15a
0b55d478
33143f1b
a64577ce
b581d5b5
ac6fa843
10c6ac2c
41834044
4bca1b90
2e3cd732
ed3c9099
7b40cbb8
3c5cd479
57707597
f0c94aa5
4b1c0947
6a4703d7
bb728c66
32c888ce
ce7214c8
77cdbcf4
481c1a6b
da808849
d8e37da6
9d4804ba
5a1e14a3
665fbc78
bd174471
19a97124
d4c83530
ae6bb386
5ebb3097
f84ecd83
a1f6c49c
2c6290ae
f50a0659
7108224d
d01d8652
30593553
ba82f23c
56aa868b
f9965f31
13a5c901
a4aac183
409d9d99
c319da5b
47bbc77b
b7b80924
786c6213
2ca96c55
fa3977e6
4d116d4d
216ad290
5a9ab642
579bb574
ef92738a
34ecbbda
5d34b2cc
1c54f3f5
e71b7cd0
49d9298a
7399e9a2
b57f37ab
060a4f64
8423a8d8
64ca974c
18ab2642
4966c37c
688370c3
70eb5a2f
b96ce77f
8c3015c5
66fae383
9e5fa02f
73863ba3
4c854514
eb5ca849
a9dc8086
43c5d385
1767a16b
51eb7926
cbd83e81
57667600
c92f725b
93d7277f
e52470ac
d32d6e27
8f265440
ce8af0c5
58083d69
2b094eb7
7e8f32ea
13ec918a
533b4a7e
6c3d94cb
39342ac3
1c0cac64
31368709
871bc514
62c7f341
4c773180
9c0c8061
2695a11e
3f8ae078
b584a1a8
c2955b53
a45c9b5d
20bb541c
62488477
c45de5e3
45d5267a
b4d90295
6929138e
351c4698
5f1501a2
6abc71ae
87747f4c
7cd43b4f
5db5c770
62ce3fe5
f9b4fb99
c184201b
d1e89fa9
074988d1
0c1881fc
43cd8f18
f03668d2
eda163cb
84c85ea5
027f92d7
f25257c6
69912fe4
46cec8fb
741f66ad
00000023
00000002
0000002a
00000003
00000037
00000002
00000620
00000020
00000000
00000620
00000020
00000000
5a7a67a3
29e6bd96
82701345
6587e3af
b8f096c9
3134ed1e
bbadb31c
cc02b8bc
60e4db77
bb2369e1
0bfba548
843615ca
59bb75fc
4c925273
7363c2cf
b552ab7a
f6ca8821
8084367d
9240b2f1
b33c7d82
9fd2ce27
b8c41a63
624c3e71
4a489a94
883f68bd
f1925c03
3a07ccc2
68449548
74cec825
9927ce8e
c32842d9
649bc2e0
b70b4e67
9d7cfa71
642943c9
2df0d99d
e4621a95
fbff09aa
2606b167
2126549a
ace29844
5b5bf8c0
a38f7c10
408caf15
5f856bac
2d8b0c1b
967c83e1
16c95a60
f2afaafe
d7e97071
2f87e210
342bb1bb
a62043c5
8d667eb3
12108a05
d1a96ac5
08863561
cfa4245c
508ea92b
5de7cc70
b36455a1
331dbaa7
ba9cc72c
f5ba63f5
51489440
94a17948
19090a96
f72cb763
90fa283b
b796f2ac
5ce03ed2
2b7504b6
3561d57c
f4d405e6
559b74b8
f6b6975c
d4d985f6
95a02d2d
25cdf834
552144f9
badc62c5
2ecc59e5
43b8a817
1c186592
6f1991ff
a9adb496
438ca56e
ab21c08b
57b66411
3594605e
b5ac9a01
e4ee4be2
a031b77d
7656e318
48201e61
160351c0
3f034ac1
14868337
b1c1a843
51b6a4a1
33c53b7b
5ed0db45
d66f9812
16396890
afb71a96
4c914832
6a3d246c
77d98295
850f8601
57806a34
72f45b9a
07b720a6
56767aa5
bed62035
9980883f
64ca2e13
afb9a0cf
ac46a34b
73021af2
ba121a56
37b5aa96
186fb9cb
6464a15a
f048378a
9a9c1f19
1d3ce96c
733b1cbe
230837ab
0ca834c8
e90c9474
3576cf6c
5ba3e7c1
b940278d
960760d8
cd684f5a
949ae19c
f8b94fca
29c75938
00246699
084fb77b
cc454379
e53717c8
5bd63ee6
abb6b33a
857ba972
56271019
b5070733
f942970c
f1323976
ccb60d3d
79c4d76a
1c1bc592
677034a0
9d2d838a
77b97b7c
5cd3443c
a8c096c8
b3f3a519
5fba98ac
8e5142cd
d78ec521
c3001261
eb5cc0a4
25ad2f36
aea6ca72
84c306a1
02b81b67
7b1b8860
a198199e
742e38b1
c095c7b2
e2b5a76f
60be2c94
27022a58
cab9fa47
5807a950
1f4c3949
5b742aa6
c172a5b4
7b264dc6
b868f5c4
b8743bc3
315c3f2b
c29873b6
fce823f2
314ca243
f27795dc
a5ccc499
7ee89638
932403e4
138b129a
74b28ab1
32bbd514
21a812eb
01b7bb19
8b5a7bf3
62d02f9a
0755a663
42bc1c2d
05175d18
57812417
90633247
44ef8171
47d28258
006f3b28
e5f347db
0689ec1b
29303686
e1deaedb
7e41e2ad
f81c153c
20bd0677
4b9bb677
c07d6a2c
940f0c39
20a9bd37
e1940af1
fb083a71
ce361727
5f6ce12c
4bd4b403
21818858
2481bcb5
587f13b2
af2417b5
428c651a
0ad17dfa
55767749
d80577c9
43126b72
70491b31
3dc32196
184e4ce0
72245560
5a8b9701
f3645c69
6b15a5cc
b5cd9881
77c75b56
91140bae
5582918f
94016bfa
2a1cfdb5
01b388cb
04a676d2
1cdbd968
c25a057b
340a8ff4
801bbfc3
f769d124
e8242b80
c1a6944e
89bab8aa
40631ecc
a2415047
4393824e
28aeb659
b59442ce
13233cea
fcaa52c4
3546179a
f918144c
78bba69b
a24cc59a
c1b0c33f
091b6ce6
1c56b2ae
4ca47afa
5cd9bc94
8ba888ba
c45316ef
c46f70a2
3a49c9b0
b494d58a
abc6bfeb
6222a823
7462371c
708246a7
cae02f3b
b136bc61
9cbc4575
09c2b7c9
20c60c66
0c201932
ba0a149d
da4ea7b0
902bb98a
a925e992
77618c5b
18aacdd2
a2ebb36d
9f142beb
2017920c
126cc275
346d927d
3c312f54
b5c9fa66
092f353c
256a7870
bcb16453
3a99657d
478e99c8
96a3c889
497d54b9
7baf32cc
1553cac6
6ca7e131
d283955b
a0f89097
52a42638
d5af4c43
aa698ab0
1e423355
411b8129
b8f4d740
8d0dcc95
f1826890
6b67c02b
925ed012
058dce96
4042f50c
0e1ccaa2
d284ab16
ae400d93
10a6170a
b307a198
616390b8
0e78d13e
f03160c6
cf325540
4f8d6bb8
c4c45f1a
a6f6ea18
755de713
7a312a03
9d92d456
fda8442a
61479e23
82871d5a
66a02889
b0d35e03
8d51557a
20a5a2ac
288fbad9
93a7775c
012c0cfd
f53c4392
a02131c7
3e18375a
1c0188f0
bb1ac246
02c01067
a9d17b1c
b66ca556
353d9632
6838af51
23965d0c
f0c8e42e
429d0ff7
7921a76d
b92be08b
e7202282
a255fa48
2477b54e
24ab253b
7db06b67
b8a0b35d
25e572a5
45a91822
57a4ebd1
b0b65d28
b997772f
f8033b81
d1dfa24b
64272317
cfb596c6
baad02ba
0dc860a5
fe5b71ce
465e7f68
60a3ee80
73172a0d
6a027077
903b53bb
32e5cae5
33d99821
cacdc155
c2aed33a
d92a1639
688e9543
44b5e5c6
798b34fd
6e45baae
94645d56
65a312e9
3496d820
90071e6d
7a3ed634
2da4fbe4
ea9493b5
00000024
00000002
0000002a
00000003
00000038
00000002
00000620
00000020
00000000
00000620
00000020
00000000
ea8c0768
d956bda9
7bc653c7
43a85a07
0b5abfe7
89c3c805
9482c88e
77bf6e39
45d8c514
02340c8d
eb0529c5
14884cb2
c476b689
21d88829
b88bd29b
4b632221
1ce82523
91d437b0
0e34b71e
3297cc42
1261731d
91735064
9430c20b
4bb23f64
7973ba10
32be9ef0
a9da9db5
6246b821
e72a0596
bdccae50
5269801b
ca235a1a
c566c996
9fa5ec56
7ba08ab6
a3559c10
f5165786
7bcb0303
2c69b8a2
a7af9bec
d99ba9bb
a896a280
b36af308
b1a22bd8
1155db49
c7446271
30f55b78
911a8b21
ac4a9b77
88d71862
875992ac
4acac3c9
79dc42d9
0a66065d
367f3184
43ac27d2
9de39fbf
4172163b
3a576a78
bb50d5b7
912a2a0b
c269a217
210cbbb1
f639a791
302c1868
8021ed60
a9a0b871
bc6156e1
946bc90f
b16b7b14
74b224ba
28398d74
2a7fd3a1
eb490bb9
2f82786d
333d7757
5b0cb52c
3d67102b
ceca529c
7135a2e6
32d56c4b
68c45011
a4235678
abf0999c
e252f03c
677e66a2
1a525f4c
04390c6e
277b5601
bed48e88
6d0e91d4
851d38f4
2bf3f05c
838e234c
d18923cc
6a93be42
c359950f
69028be6
5bc61479
36c0eaff
62ae899a
0cd9a400
36b735b0
01e83ee8
06d94c91
c7039818
d1fb3042
a819bd9e
c52325ca
98023a18
785c2066
231db7a5
b226b2b7
abb5b69d
430cc93e
20699745
5dd8d7cf
c45c3cb5
63eb2277
cbe0625c
4466259c
4b49352c
c7746296
b31b2b0a
4655b59a
c1d63452
bfacba53
59914bb4
05e45cbc
00418cab
e73fa523
1fc28b0d
71b7662d
97ad72c4
c380c1a2
b931d1ee
1314a813
01c25b21
ee56ec24
f0d8ae96
9d0bc135
58b8f255
362e4a1a
84843144
837b826f
e2eb96ec
73b16994
1d55ba40
bbdf070a
7d0cc74e
0e88958b
a987a603
ba80707b
b8069bde
6cff35a9
0478520f
565fb620
00cfc249
7822b638
90bf2710
c3c5808a
45ea5b37
5825d676
d5887ae9
421c3d76
4b5db93a
2351c147
966c0137
fd50103f
0bc36d7b
14851593
987326a1
89b93f62
ade7a127
d208171e
4c140917
bc66af52
5c81cc6c
58dc4137
bb424e3a
91627bd8
04170ac7
58432492
919b1c41
8b1f5268
7a86d438
7105914f
06db52bc
669bb59b
a340c9f4
39697194
bfc3cb94
07bc4ca7
b0268a8b
c487a026
c0cb52b0
c5dc8d90
09b57f1d
ed40f6a3
352c8497
936b6894
5fb2f877
4338b655
ceb26d61
5906683a
8556b08b
3260fc33
2f07c342
096acc97
b7ab8e0f
cf531876
b129978c
bcd9d958
7c3dda66
c6fe7524
2926f411
032044c9
2b0bce22
0d578496
56c91716
16a963d1
22bb08b4
f3009810
705e292b
88c5c169
7d2a52ac
24dca9cc
2a67927b
b2a744d6
a4632a08
3edb63cd
c0ba9830
07adb0e7
50d5d579
01c6281c
a132cb6b
a5db6a5f
a80285e6
8b13b227
15f7c74a
f8b46671
a96a2680
62c18c32
5d866414
41217d17
63d28897
5444c626
447a8c06
69287a2d
5b1673c2
76a78de4
2ca2e836
bc4b82b3
a8007ca7
cb99c309
83cc8313
77ca2a79
5c88019e
482402c7
bc8332d5
561be32a
ea77999f
e04a64f3
8f561a7a
1f90854d
e4035b07
04158e87
730aaa79
3ccd5671
325724cf
7b50b3fa
ba3c6f83
a5b0c657
c17f35c9
92742728
caf82891
486867e4
dbb52662
690a0ec5
b04d0c48
1b8534c8
5f1d006e
006f3868
92ef6f45
5ff1ee00
9693e982
908e1441
3ab28762
db065cf4
bbfa2e02
24ea1972
c6999956
267e9f46
6eea8334
f18034ff
c72f8464
8631bca8
d078db07
69098817
7415c17a
7f7e8731
861a9e3c
5198f031
38758bc5
f67fbd8a
c649aca0
091da41a
05069449
5972af7a
7a9c91cc
07e3b3c2
52670b1c
e390fc85
6c83cb37
00d98998
f563f6ed
783f7782
4656d7cf
1f09697d
d168a872
17154a51
4c305713
d71456da
8725e73a
97216a90
76f52110
3a5271a1
224ce6d0
b0c3b4ac
0985f461
058e6535
f24e43db
78940ecd
e40279c3
c2961566
bd771609
ee514bac
aafe3ce1
1d371d7e
0fae99e7
b9ebcc80
60515d52
5e55263b
d4249a14
19f5cb93
db868236
33237215
51abee64
b6cda5c9
5cac158c
025c8d80
138e3393
d6a21c38
6678eba0
9c9836d5
d982360b
37955fb7
714f0b15
7004cfe6
7e28435f
fe2dbb11
c3ec176b
37d1cbab
a12a2604
b53a1651
65e99f81
63b889f6
a85fc064
1070f163
b41b2a2f
c50b6fc8
08eb457d
2285da1c
46231d97
25711699
d22eaa85
04bb82e8
2819ba95
019d2653
803dcb2b
239a0423
106ff572
07ba6466
19cc2b70
b6056a89
4e20a731
d525e296
d9553dc3
7a2d56f8
bdb359ff
04cd9712
2470707c
abd401e4
c8bf139d
448b53c9
44281670
ef6d543e
d9e337df
77b038c3
a2f20063
00000025
00000002
0000002a
00000003
00000039
00000002
00000620
00000020
00000000
00000620
00000020
00000000
7904cb78
09208c1b
33708129
0640f0f4
0778be73
73968733
d116f174
34f444f1
ab485d33
914f02ab
89af9bbc
13137b84
ce53207b
966acb63
2c0be86b
e1c5ab97
d7e21894
6cf58525
5472b563
84adaf54
10f8ed3e
325d8713
d95865c8
3f65fc78
006f01c0
77a378c9
1b51cd14
09b9b2ab
5bd69f57
b0125164
a0c6e301
78583043
6bf4d66e
562bba50
f5ad11c8
4d65fd09
fb878932
583a8188
c20b387b
54353674
cc871b95
6230f486
ff12a410
c262bce6
59c5ef0a
1a12e2fe
e955915a
2d049a0e
550c6c4e
3733b42b
b876e25f
741a318f
112c5360
96dc50a4
90517598
71ed6f8c
5d238c80
5049f04a
68c3aa19
509c2542
0d517a8c
677fb06b
76515b35
697e0130
14361c77
6be21dbc
cd7186dc
f98c5434
36aa1b37
ba47f94e
9bad1201
84fb3142
17cc6bc1
55c11e7c
ced9d82c
91184023
8a377f37
b96744ce
222f1b29
fa721f65
c9d5b49b
da03b388
2792bf1c
2544fd5a
68b86be9
a3ce4fdc
9d20f2cf
f05bd7da
372f00c0
10a84f55
295ef8ad
216214c5
65ab8b1b
702790c3
1a448ce6
1f156fce
ac01bc9f
3a330a64
43105822
ff52a9de
fa604c62
c25766ca
3ab4a2a9
590c00a8
c2e5e055
0085e574
45d18756
be2ccc87
5a065741
cbfeadd4
a532df98
6c89a5d5
38535b27
1470066a
517e3b9d
cb522136
2e5ae9b9
2d249c9b
02fc2487
a22c33b5
7495a999
49ad9542
0f6a584c
6171f49d
3183c815
14e2c21a
125bb4c8
202ab572
4f873334
65278a3d
98b07c3c
b122ce01
2c241078
e73a0ad4
c3b04305
c434379d
88668430
2c44b97d
76271487
cca6bacb
26368525
559f8967
f2812e56
4e76fa84
c14716c3
028005ab
234202ca
a24765ea
ec3235b2
a7f8c76f
977d0ab9
571ccd22
1c01223b
9b00a7d1
913d2713
54bb443f
276e5031
0ceeb9c2
72085a69
e8ce9bb6
54e140d1
5c0035b7
1399e915
13700e1b
3adb597d
31cf1706
11b0634b
132b3392
698c81d2
0ca09204
b44483c7
1fb827b0
7272beb7
9abc4891
90c102ae
860a0ac3
6662396e
152f9806
a9ba9f05
3f84d71b
dc8208da
5442180c
69890321
c4981285
f49a12ac
65959b43
7f4a23c4
d42cb903
967c5572
9c3b466e
aaad0dd2
aee39236
77941618
89ba5758
08836ac2
7b094180
d6117fd7
5af5362e
c3c159cb
671db973
2a9b33cc
425041a6
f0875a44
0cc2017f
0148d98a
6369bd6b
39169b36
47879723
74b425c6
26134f1b
d9cce8c8
f7a37580
1651bd42
c358b542
638368e8
b3475a1d
05735459
298ea574
c07cc682
e911e4c9
102e4d10
7087eca6
5ccd05e9
624c7331
0faa5e37
f29f95c8
dc483b27
1510d3aa
e94441a8
0a1b2ed0
0826ee73
e7a8d419
483305c1
b147c595
1a8f3ba2
73ccbd84
53e4ccc5
6757b526
e490b627
1b1b961e
b1c57946
58f17cf4
7b5533ab
e515bbf6
05875b6a
0f6110ba
12bad099
155b9d09
5149783f
032c71ab
647e13f7
439cf5cf
cd0317ff
c7c3c459
bb57da09
d0673837
4161bbf4
232c118b
eb7c5019
372d0685
5d42c213
e0a05981
991f05e5
1ee7393c
6fb30421
92db27e5
742a0db6
2fa16cce
71b577b5
39a62e3a
0e42f11f
3c6ec667
3f57cc5a
7a2b287b
39a383ec
6851ad08
6f7f189a
5af99882
2e72c482
3896f148
0bda0840
13314d4a
508e348e
b1319f35
c8c82da0
6181906d
d987090a
c791d4b4
87b9db1a
37e4509a
cd50dc01
20c8da06
285273b9
73aafd4d
e72d6bd4
e914ace7
ca42db57
8f619abc
37bd3819
0fc2b186
6f8ad60b
1715562a
8e585832
e2b0b8d2
866d0733
98288a88
a3418a8d
44eb78ba
5028bb2b
024bf619
74d8cd86
afa40926
fbcae71a
eb9676e8
76d2fd59
6f2f2a25
cc9e1ca6
57825d3a
236a3ad2
f52b3026
68b59427
8f803952
cc0ea9e6
2319c17a
d570334a
d6f579d5
8c207581
9fc413cf
66aa6fbb
cc237555
5db87785
61af5221
9454322c
26266879
92164733
2b59a2ae
0412fb89
f6859275
bb999413
44684a0f
72c54cd9
7a6b12a3
e892094a
13fa6c78
2866ca27
279ee24e
69f64619
839692b3
03bf32b0
ec6d27c6
3eb34cc9
7551603d
ac6b8dd5
29d61b17
5a2d1a52
09c60171
bbcb882a
e47628d3
72b570d3
2a24fd4e
5ca0507a
f43f628a
4e8c9c29
d9387804
dbfeab76
745930ba
c66b6539
4c952579
8c4c2670
684ac0dc
6669b1e8
87e54d56
b9b8b548
567726da
49168064
2899fa86
14439b2b
c3db0d53
11a894a6
06f78849
9f055006
be842c2c
c3df873c
5f708f7d
4f827626
7d79035c
51664fb9
6bccd48b
4a3f144f
4a2d473a
8a864ba5
08b4b17f
d4237405
da132387
17a3d6f4
f3b8f2ac
7f51813b
6d5f9a16
0b1dad9e
6355dd7b
00000026
00000002
0000002a
00000003
0000003a
00000002
00000620
00000020
00000000
00000620
00000020
00000000
d725834c
4c80ae35
41447898
8465e339
db5b5c38
489c1a0d
f34620bb
c8b470d3
1a029840
a17a8bb8
737aab16
14057283
736f67b9
07ab7599
251b50d0
5f5f4ab2
63d81947
7a26ab12
6c5144c8
53511473
2529259b
d15a161a
220f71eb
6ec60d5d
171588e8
c3010c15
2cd41b68
0b95a520
b47f925a
67f8ea57
be8f8bfd
05101847
bf37e233
6f81cc2a
b19127e8
0ab2b01b
c66a2124
333429bc
0572a11d
59bcc825
d562bf72
228b5f04
732a746f
90e42607
ac4bbfb5
6672a143
9a0131b1
0c830932
63b0e6b9
e1c37232
3099f3a1
7d709c05
11b19d99
39675f45
3458d611
3b018a01
90d905aa
b38a1cec
b78b4e17
8a900827
e8af7a36
a2a418e6
aa05ec61
c10cbc80
31ef1a10
97b0fec0
6223a618
133927c0
963afd7f
c8b2101d
f1ee8bb3
30b79c37
9b3899f8
2c2e7d48
a1644b95
8c064010
b6c805e8
7b830d43
4b01593d
833f7457
66ebcdbf
a2c0c59a
b6bcb1a0
acb7da4e
7e5a8108
c2a23406
889c3d77
256da28b
78447185
40471470
c8a3e69e
f61fa312
50103dcb
cf121178
79bca24c
acf15a7f
521dc3f9
584a6914
3efa7587
2942c5fa
da436b25
86417655
9363cbfe
4c7236c1
c8373848
147e3320
672bb621
c4ab4e72
9e92c68e
e20c1998
a2999782
c743748b
73bf1f43
3f9ab8ce
59436392
39d30486
21786704
94bee208
f0c22192
b540eb79
c5823c98
91169be3
655ad0a1
56c961de
62e9b63c
8c40cf26
46b74601
eadbc261
98e80483
486b1ccf
60c4b24c
18e0b093
3fb45556
c6926b76
a0da75a2
37bc020f
2719ba1c
355a96b4
a3ce10a6
734595f1
88e6abc9
2743b1f7
3c390aa7
6bbb414c
ab9ae829
4c8ebfc6
9966484c
7e0051b9
33366919
c3d1143c
54067baf
d3b8b1e5
82e97126
78bc8712
5b9e44f4
c58acf8c
9d73166c
e0f92d65
8736ebbd
c465d6f0
5981b9dc
2018824c
e41909b3
ca1686dc
6d72a39e
316b5929
716a15b0
17523d44
2fb8ea44
eb863f66
274584c7
77cac724
86ab44a0
517bf735
83c0845d
06d7456a
b459154f
97c1317a
7b2d1372
7ed211b7
f28466dc
b0880e66
aff281af
6b8d59f8
f28c48c0
9d4637bb
18776084
c3d34186
75e04d4f
9d83dad8
92e43ce8
b8c7d017
c61eeb25
876b7209
638c1607
5215459e
fc733f14
4d6251af
5092a99a
e1c86951
00928155
961e09da
56b1a38b
43d6b899
f626f518
9092b017
2218f889
8d9a3c39
a6816478
17d38230
7c9c3079
6a6ab95b
ce196f27
a0a4e706
f5410355
a307460d
2226718c
11382e43
0fd4e437
b4afb596
256b226b
79d0dc99
13c4b9bb
56b80490
21ab461b
134d84ff
55f17793
afc0896e
9963e59e
09424f6b
cccb62a8
1ca6f9e3
b8c57ca2
299c9c0b
180d02c9
e1a8c2cb
3310f178
336200ca
d28b54a7
53d37066
85ae1ada
db78c2f3
1df2ac5e
7041c99c
02afa1db
82518b15
cc11e0a2
110e5bb4
7a32ed61
ce1e91ec
4bf34615
cf7222a9
04216887
d8c5865c
8b548b77
b3452be9
80b8740a
938b9272
f4c51415
487b37e3
61c12364
c697a2db
ac95811b
99179e87
ccbf1961
66aea036
7c93809d
04b7e8e9
0200ce10
4b56a316
7a36f5a0
90718a58
c725bb19
386b60a6
196ba13a
1007fc85
826ff145
d8875bf2
820322cd
dc5639a7
1a291196
6f8c07ae
44aceb73
1b2545d7
bc114eac
5f498c14
41ad0b0b
c8283c8b
bcb981b0
03149139
c53a9db2
3c0d1559
d3dc6228
77c67673
95700b26
86de914a
c3bc8a6f
6b1432b6
45b5307b
7673573b
100d3833
146ec703
b062a247
7346f91d
6659ab80
64b7a868
0da7c658
53d2b02a
40c265b7
2a87f452
428e5089
0ecc17b3
0b2537a8
e44298e3
90393088
eeb5da64
2c468754
0e245278
376016f4
348381d5
94317a30
619d74ec
018e6451
b8da4dc2
8865a3e5
65c2baf5
b3b73b10
977dfc75
23029230
8d99b1a3
b21a7102
a4f0c15b
47b01655
6ca9464a
16827098
4f811d56
7a897c65
b2358ed6
1b108b72
08984533
b2502969
b9ba004c
bf9ec91e
fb5199ba
99fbf992
e9ac724c
5a9a6bf2
145c9ac5
e124e496
e2aaa4c7
8373630b
101e67d9
2bdf4aa8
a9faa88e
c8649b10
93c967f2
a3a1254f
00928860
68f79184
4a5cacc8
ba7a1946
2cb0ca28
2343522d
14bff63f
7acf8785
8a70ef09
7955e8cf
f46b21b4
ac2404ab
22468c14
dcd177d7
8ff0b878
5e69f0c2
29075cf4
89a5b25c
ce494ab0
e5d43487
b2ba3493
126ab1f5
d0e22070
b79915b8
efa5466d
8a3a5dd7
94788d68
bf771dce
45777d50
fb3ef398
ab792a5c
e22aab1b
8122970e
f6f51fb9
45f5bf24
e2a81f0b
625ac3da
d685a05c
42c6beaf
ceb1babc
dec2fe6f
729c6e81
ff974235
00000027
00000002
0000002a
00000003
0000003b
00000002
00000620
00000020
00000000
00000620
00000020
00000000
59269022
d03aaa63
78274735
266923d3
22e28bc6
21771d60
5e62201a
f8536e63
d00a3572
77322358
31ae7e51
8bd1f319
c595b8b2
d6632680
17d0347c
74ab5484
8317ab2b
0d772014
8f542b21
d04f0588
2133f41a
7484674c
3a7518a2
c0902923
d604330f
5c447147
775beb78
bec1c1d4
682f271b
97f2058f
cd6872b0
656480c5
41380e31
902f1067
a6cd0639
4c97d245
2c2442e8
7135990c
2c917d40
7f20c876
f12b71d4
3976e46c
d8b0c33c
bbbbbd91
075a5cb2
1e313bb4
8b5006b4
00bc5f1f
58c26025
96cd7bfc
cbb00c07
1c4e6a16
a8a67333
3e879d39
599e5718
eb79b7d9
3cdb7375
816ef466
f44eb251
8d71b317
993efc44
e133a886
c1114305
0c774c05
b3e3cb24
49b11cac
17af4642
49df26ca
062a967f
7e979c38
ca443823
5c59d282
d1a99669
c9a86ef2
6de72c29
c3cc71be
64bfbb39
5b61fb18
a84f5701
dae2a831
2c3a7018
73ce892d
7bbb7412
98d9ca21
9d954cc3
b34f66d4
b136bec2
453e8895
93cfbea4
c735bab6
0339d040
f9f2cffc
8c10725c
e4170958
6c1f3573
5b2af116
39b2d89e
d988bc6b
20b644a4
e451c528
7534b769
b59ad549
05482a48
d9113f5a
6ce0b4cc
bc24916e
c8427a03
0124ab5a
ef7f61d3
e32d747c
8677adb5
8746247a
d3869744
080c6c1a
741c229a
77561232
3fc02c63
bfbaa780
0303b04a
9bf07778
0c7fd397
70e11d4b
a996512a
b79c0c6e
c15529c8
366084c3
8d8fa5ab
515f4596
90b2d20d
91a77309
871063f9
8438938a
b467f836
e4485214
baa6cf10
6881aca8
e1b102d7
53b2427f
7156d657
a5a98600
11518501
6a14e853
3063c1fa
9cc60142
a15c71b4
b42c85e0
5af27c0c
be7705c8
774103e3
5004c95b
5180dc3c
15ff3dfa
86aa5218
e452b8ed
f53798a1
7730c751
c7556231
d9cabaab
0171938e
67856380
91f9adf6
08d4ba16
c5662482
1bf97c26
a02b35b1
b53e743a
800f3d4a
784ccc1d
17803659
d7c2129c
aa3b6534
57a4597d
558b3df3
2cc97557
7e6ce852
17469d75
c2aabcc3
b843b12e
57116bdc
7d9c90cf
0f2e0099
a0e70f34
a54cb132
77a86967
fbb95655
4749cf19
77ac6927
21b06ab8
77941944
c8321b2c
b50b3252
ab11e705
306c60b7
39529fc5
b7d35fbc
0c56108d
35204cf7
ae51968a
56374682
6ba6c723
5820ea0f
a1916c39
d0fa01a4
98e881a3
3b1d48af
98fe3e23
2a8be7b6
cf584b7b
c6f6a823
80a46706
6b5e22cd
85529880
3f923b24
866306cc
c7293d11
3883a02b
c331bb41
47af9d64
953a7e3c
059f6b9c
41864153
26507e63
4c943736
179e15b0
7b07f586
dd6795cf
c4bf0114
c8c2468d
3327d986
537399a6
0a3cc658
741062a5
e1efb433
9148bd53
da80543b
572668c9
10a1c713
25a4d138
6474c552
b0413d65
b76b43a5
fcaf47a2
46c9665f
b8b17439
1bd520f8
b430de25
cc0b70c9
4854b401
87945691
877416d5
a9191ae5
8fc33cc8
303d050b
8663783a
23ccdb16
10c28a07
6568b7ca
1d01b167
6e55b8c4
13f02bca
09588105
7fa04388
fbafb013
4746e70f
78c81a92
232666b0
4b52b504
d31fc262
dbc21572
834828cc
2038d17c
72356fe6
c999dd29
24644325
5036b0ec
b35a60cf
712b73fb
c2914fb9
c2f1e51e
43748c2a
72ecbba6
3af5296e
277594cf
98e29bbc
9ef8eec0
fec60a33
d2b03c9b
734a146e
3b7b73a3
c7be085c
c8a8b54c
4c2281b4
7a772f67
9398597b
33503099
1752a1d0
39551c4c
9d9ea5e3
c538a60a
0a5521bd
15c6ba92
e0ff2050
13258c1c
d0a24cef
55f6bd24
6c716939
1c369c64
c2ee60ba
93c2a622
5f780b6f
345a9cd3
c9f59875
ff1b724e
2c7a55da
0dc0c32a
47ac92a0
51dd8875
32a013c6
dc748aa0
1c482cf7
15baa9bf
68a0f69d
b26c31b4
3260091e
63bcf3e1
e19c2cc7
2803c27e
69ae0a5c
4c214f98
9c8c7c92
f9b23541
089ac965
4a63bf19
a244175e
ca794948
3a6b6502
cf41c4b1
4aa87392
136cc38a
1e714552
d42b9898
06ece053
cc2b81e6
b6be227a
620b3e61
87417abc
97a31c94
62785c7d
97880737
cb2779f6
b008ba89
87bd51bb
526f2464
c986de5b
b5284634
0abc590b
167b5205
930530f5
5a237be0
1e537347
0b544806
b23b77b8
15a51b85
2d2ba627
428d3d4a
94f467b1
9978470a
234aa7e7
a3805a3a
9b4cd654
85db1ce4
8b550975
c40ebb07
57451799
4f91faaa
8b285bbc
73056919
7243bcc1
77c28a43
b8bdb070
865c2248
793271c6
851c8766
c9c9d76d
f47407a3
811b4892
8e098cef
8b36659f
ea6ef5e0
6de67aa4
e0711159
43f381e3
20edfa52
d3ad09de
d3da0b96
26ed826b
c6c5d4e8
d4e5e6e0
56cae1f8
356b517d
00000028
00000002
0000002a
00000003
0000003c
00000002
00000620
00000020
00000000
00000620
00000020
00000000
b1763b3a
7a2d1397
8351956e
943b4460
d2ac4c2b
89b659c8
85087165
6bfe1a4c
2f44596f
774568bc
64000d4a
1cbbe103
f9cc624c
0576b5fc
a0dae11e
8f3d7158
265c3962
12ea9a13
0b055935
0ce21c76
c1b00277
31904b5b
72997cf5
b91a85aa
80093786
d5c5375c
5285f4bb
660fd363
24d33c65
292b856e
ea4b042b
48839df1
ac66b094
f34cc045
0bafb1eb
8960553a
c70b77c2
503339b4
ac68494a
50788b11
fa72c516
027c26b9
8752fc8d
26c211d8
5144775e
1575e945
09195fb3
5a32df2b
4e57d2f5
a93d6c00
56178455
c34b48c9
97ac6273
bbd588c4
b83d8a4f
384a0c9a
4a335831
805e9062
198c5789
211a20b7
3552ab99
89bd4796
1b86b1be
948439ad
046d65d6
be61c739
f15d2828
215d1117
063b4f22
193526b7
0c322bb6
a901cb5f
491633a6
f1ff56e2
98e2617a
ae206be5
d1605bea
27c7661c
0899813f
8aa202c1
47f10c8b
3f1e54ae
e5900286
161cf66b
97b81b57
8bbc59d9
407cca3e
3fc0d279
71c03e20
92d20220
cd201852
e1b395bb
c6ca09bf
592cdcbd
43240057
371879c8
aea4a294
72852497
147ba34f
a091b3aa
d27a641b
29f6005e
d668e6fd
dc8ac488
b7388a82
480ce9c7
19474960
2a35d3b3
877c132b
ab5ac816
65663153
09a6d5be
39186f75
b7f63569
bb42116b
e972a213
c72bbbab
029fa807
f3dc1653
82206e2a
11201283
9ad87305
c1070b3d
e5498ae1
473518e9
baa6a039
af8f1190
b65612c4
bf485f4e
7c12c864
d54e2ff3
186906b1
777e2447
187f379b
a1cbb6aa
1d67c971
57db61c4
57333d2d
14a47ac4
4261b938
87b8a473
e748092a
16f5a1d4
9b386a58
fa84c576
d6631c08
59f16dc6
0a198904
b2e15c55
2da4bb1d
d8cd93ec
f5a456f0
615accca
00b91b8b
d7014f4d
539634a4
e9996a4f
74f43709
87a92e7d
c32e3398
ac51cb22
063b3f4c
873a1593
94f50e51
1583f6a0
a572376f
39a493ca
bf10ad19
5c95e4f0
0cc93de2
cea49323
63a724fe
150f1d65
1ef09f52
7e36d0c3
2a089145
42ba2f8a
fe9694f0
eb0035a8
afa47132
bca1b70d
c1c25528
c8a5ac97
5b1f2107
73565f5c
cb26a18a
c514a4a2
501f12d1
88495857
76acb520
d9af48c9
9742483c
08bd3487
c51b63d9
185a55c4
aa58c23d
40336451
25f889cc
287f37b1
ba9cbe76
361b9378
d4bdb3a1
22bf413a
3945ee7d
914164c5
818ec7c9
aa5a878b
fe4426d0
a4ec69d4
1743c044
4f8703e3
853d9500
72b22491
a0bf81b7
0be83776
b50cd35b
592ef71d
96a31eb0
46e40a37
df2a076b
a9df2844
40b3eaaa
c3983418
e2a99aa3
3913a169
1a91a096
1c323721
9ac1b01e
175e3cdb
aad809db
bd94ebb1
b76847ee
53e67dc4
b615a9ce
3c66a546
80d998c5
5086d311
6cae517a
31cccb98
a2873f2e
74853139
5a9bc9f6
4695a41d
ebc28903
dae31f23
c001c192
9202004b
52652fa2
2e00e13f
239b44c2
8b343b46
4a075967
b42ea5b6
87cebbc8
26b3f2a7
9c2b4c88
e4b2b4db
a515c0a4
4a9b48da
2a563cd9
8a0168a9
ba553bb4
8b34902a
9c4b2a59
bfc02cbe
587f8290
29e3020d
54b2f450
aae42a9b
67287687
af0e617c
140dc31a
95a32d20
0101c064
dca60aac
ba71378c
fd1287a0
47ee1e41
b238f07a
cda2318a
5cf749b0
554a7f6d
7dae807a
2cdb24b4
a2186957
00c24846
163cb340
a69695ba
506117f4
67b05059
0e274694
6f754243
99b08857
1d120395
28cb347d
13bf4604
415b838e
c76d1bdb
44924e40
78e6887e
10677238
e02f0d03
c86bf550
252c7578
50102374
72363ac1
c4a882dc
44d3ad6c
2d8498b9
8a74d1f5
29124779
0eaa590c
5d6c7040
167e68b0
b239c2a8
aa6d6865
c38c4292
c483ce4b
56c50a3c
b1134a60
9420dfa2
788e1277
b293ce68
cd20e702
1116c7bd
bbefc940
0e9bf4bd
bf9a2220
95372203
29c4a010
425fc59f
dc5d7d33
5f985ba2
132fbccb
83a7ad03
3d6272ab
7b4ad6b5
c42ca875
0017be13
53b4fa3c
65f2a494
755a8e44
6d15e872
c4ab6f42
b2d5864d
c57c50b6
59e32e05
0b204a74
3732eb77
98d09265
187726b5
ea021678
879a7b11
acf8ff9e
f667b099
e0ce49f1
bb6b74b0
00759008
b045c3cd
cca3ec99
fb64b73c
88b0a054
56943546
6a7ddc3c
64883d13
81192e99
53cd54b3
213e1b82
576af002
9d9f8408
e7577785
799984c0
34c114f9
e0c0cf47
64b6140c
3509c8fe
dbdd008a
31b43b32
499433d8
9a826cfc
58a5c071
859d541d
186462c6
60759c21
4f9fb7ca
b4ec2fbc
d2dc6850
a16f3b12
34f04f42
be43f6d2
9daa6420
84577ad8
499e4a7e
44af843e
30679bcf
dac1fac2
ee2744ee
6670da6e
01835971
1980e967
00000029
00000002
0000002a
00000003
0000003d
00000002
00000620
00000020
00000000
00000620
00000020
00000000
c74c2c57
62d9b9f9
a7465248
29a1fb21
1c9931a2
cf587883
ca0403e4
2a370454
9e91d0a0
3f5e7826
672e4ddb
6af175a3
1b02ea0f
a0972d33
b39366be
7f694327
c1f3a686
69abf489
a6c374a5
b888c551
16228075
5709f5d1
e767a786
9ba60a10
8e6b84da
cc6aa875
ca1934cc
055e0334
96b11736
6a8b5266
9a521979
605c7df4
61e43873
340f7194
714bc3ac
b5f3d08b
a306c0f7
22e72d07
8aa052a2
af3e9290
67603d8c
013ac910
1b7d67c1
0bbe8eb5
c7066b46
40a0258b
2274a838
0072e79a
2471cc46
77b23e33
a1ab5071
6375f450
b08dc081
a7dc321d
51009af6
81382708
a2c78d9d
7ba79212
2be1829c
32223d43
f37874a4
005a86a4
9c61c744
7d8fb066
94a67d70
7db5ed26
6c2e824a
c2b59f4c
273b0109
dd7973cf
434b9660
3c9600cd
f392f62f
a62f8593
aa6c52c9
faac51d3
a32c7e64
48f9716a
bdcc46e3
ec9943f1
2934bb70
fc68c3b2
85ce566a
86f85c00
802e11ea
0490030c
3653aa4e
402423d1
864a3003
02f90026
0130f1ba
d7ac0783
1cc9f773
cb39ab57
a3e03a29
65b917a4
9f34a759
254138e9
90e01865
9fbc26d1
8cf59a87
5644ab9e
4b4c4ce9
1a85b0e5
93b1db29
fb71447e
fa477286
75e2b3a6
050302e7
35680696
6132253f
7e0b15a1
9ad7c153
b8d3d488
c75ee09d
99dc362a
993c6ec5
c5923061
898e5f69
174c7b6f
e691b6ee
02e6782a
b4a2340a
fb4ac14a
b6cab1eb
76a30279
5ebbf656
28473d6a
3eaac0cf
5aa94019
1379b115
1c35b87e
99876945
503b4c81
6b2cedb2
167ab705
151f847c
64a56093
37becc6a
2a5428fa
2a973a35
358d2ae2
c72a6f37
3567f2b8
7843ebf9
e37e9ce9
a07124bf
89b83691
116e946b
24d84241
a93911cd
29e3a984
af546567
730ba534
21e29810
4407f997
7e65e280
f8b94aa4
7ee7f913
ddc0c520
dcc17ffb
3d63d4c0
ff4365b1
eaee7247
29a25764
4bcb782f
b3162760
0da18f31
1116d22f
0b307e58
75099c8f
9751a53d
9c129a53
14462e93
fb9331eb
c0861a17
4ba1e772
e719c707
57ff57db
59e8681e
0c6aa7d7
75f05936
14564d5d
f78dd476
4c8305c8
1304fc73
e09c86e9
dba30511
0ae0fb40
2b85a525
170e3058
62d444a8
9c748938
814e079c
01699d22
855c8c52
631b78d4
43e7f75f
a29305d3
6b402938
40faffb0
b6cc340c
a8c1b685
212064bc
243ab558
badc5149
b669ed0e
be02a2ed
50ce1da9
a302f39e
3c38a621
81b6a4b2
36aa574a
68752a34
3ba321e1
aff4d132
73783ccb
e5b89b15
7520e3ce
aba49c9e
6c6a5cb8
bff48c3d
737c27dc
d63e9255
20c100ca
1e7085b0
e2a799ca
05772d84
d33674ac
5a913a58
b4f5de6f
59510102
c2d12d14
a77749be
514abb43
89a6ae58
7a475c82
d4abb853
18ccc363
4b31f962
57a393e1
26128e5a
6f1482af
b373bbb5
bbbf1b35
cfcaf6b5
1d3ff6cb
c4804f7a
9777336f
d0ad5cdf
d174aeab
4be85d49
2f2251ec
f4e36eaa
23740335
39c889dd
f3aec792
52032e56
1e6fb4e9
44d012ec
9c40829c
d92085ff
c1553b96
02745242
b9b2d27b
192b5917
a47410a3
22a949b3
3cd11169
0d04166c
2b6f6c87
5659c9bb
9d6ad6b2
dac2656c
d8c3cadb
3f9b390e
467d245c
b447c532
1d40f000
ca94eb85
0bf36c09
113c8ec2
66812940
84c08f3a
18675040
b04d83a2
e14940f7
0c199656
bcbc158b
e8729532
1583373e
4f2c8333
99e88d97
9c767434
eecfa614
30ab3ec0
6e25c030
a1397044
305c7df8
0bdb4a13
efbac4e8
5acbc45c
2a528f4b
2aa746fa
9b7e8f4a
9d59e4c0
2a60a6bd
15b6939b
84f61617
b5a7e230
d4c35af6
56167954
7cc884f4
63b34b4c
52ea0cbd
1f7b8063
613f0821
2f74bf4b
1f22709c
49c964b0
b027d4b4
c2b891dd
e8090578
2d7cf953
f01e46ad
13d07842
c1f0fabd
8255163d
c8126b19
a2c1713d
9c77ba62
eafb5ff7
717184b4
e4aa52b2
ebc194a3
12c37aa2
7ba8f6f6
2b4d80c1
a183481c
d753245f
f0f45537
b690a0a2
cd5020f8
20c519e6
4087e03b
af030104
345fc7a6
b2963109
610c26b7
f3f99bd2
cc33f3c0
be15ab51
8a0b8912
4084f28d
03947860
e4a913f4
434a352a
1a6c39be
41356942
34c03ba2
122010b1
1a103c58
650186b8
8677a3a5
33324a3a
483caf82
95c347e5
aae6c434
8798b917
cfcd248d
07bf4943
1a6a748a
161d9232
bb026df2
ac3af572
33a800b5
fb8e1bd9
c1b36272
1d9c5695
a6e01475
acd2098e
5f1a452b
720071c2
c6631cad
85645030
5fd09e0d
fd9c3549
6ee3b497
20683962
f14960ef
9c80db4e
357196a3
47d5c070
084519e6
6f09f5c7
263281c7
37371b5e
6e01f745
255b4634
ea945e5a
0000002a
00000002
0000002a
00000003
0000003e
00000002
00000620
00000020
00000000
00000620
00000020
00000000
b0b424ab
e435b785
adf341b4
2a17204e
690d4134
4b1457ae
c74ad5c2
fc941388
40840030
9c30b3d9
a7a1623a
4a97b277
d6393c42
5afd0d1a
80776a1e
303e6aca
28f8c77a
c5bb5129
a9173bbe
0b4b5738
cac963aa
7e03e1de
497ab184
2242d822
b9b673e8
724554e4
8b53087f
8f2e376b
fbf8aa98
12e2edc1
ad9b53bd
b239bba5
8e398854
826796b2
0ac11037
2bd7fe1b
4a210645
1384a404
81eb13b9
1e0b2a00
e5a30940
98c8241d
9518e04d
73635bd0
bf319132
5927a39c
08706361
15f3bd91
af11d4bb
6ae53d75
34f2863e
faadfa6e
d6a52337
8c1a3213
e50ffa18
0bb32e5b
9f580621
5086a2ef
5b368eac
678cad9e
3a86d83a
9a6cbc35
31da8f7a
ff43a7cb
3cb678b0
b2a14331
ad7e6858
a1d11441
6ea4c5ad
45a8f24c
b56f1d6a
9acb9a9e
fe6651a5
0320ac46
2e94cfc7
274d3984
a52633b2
6f83143e
a253a8dd
47e7b9b2
5da6c2ad
323e0583
f1468501
652ca187
ae91c99a
1c5038c8
c305228e
2680963e
d013ba11
9ac8bb20
abad385f
50893766
29445186
1f14e3d1
b4d97c82
9b2c7592
a3373109
6c443829
08713382
d558218a
56bdcc78
37d3a61f
995fe843
a5330a24
a975455e
dc6870b3
e61d9b69
7653d326
d0732004
865bb69c
8c061fb5
2dbf0a3b
310ea9a1
b6cb5124
bdc36013
1b4693a2
7ba0729d
87b2c77e
8a44a8f5
8fb69971
b55a3126
83fd79d7
68b18b98
0756250c
c25dbebc
2e9b1148
0c027332
213900e3
b944b82d
c8818017
92c25d99
3e27398d
0fb1f810
e9ffcfd1
9eb747c9
a430c38b
71eb15b1
0670ee53
f7312093
eaca8b27
76948a41
56a7d493
a30ca196
b8086e2a
7aa683e9
e310381c
27baae46
3464005d
a9647d26
56827896
121deaaf
497e236a
8e466663
48c3f86f
11760168
6c62b893
870cfa7a
b5472770
9550b67c
6f9f4806
cacb0f84
a69b2e9a
621c43a7
84a51456
00a5ed2e
e80f0134
23e3a8da
3e6cf668
6624e19a
d3a5b0c1
8c071fad
f2259bf5
74a18af9
cde74b41
295a7aba
625045a7
895af5c0
113a180b
72da2119
ab43048b
db4f707f
d801372a
0884c82b
b31c09d0
69ea81fb
b368e940
f91c9740
7b355ddc
228bdf08
44515804
62ae47c0
ab784cb2
8c22d66e
d6b28b05
8fb036c9
ab34d317
568062c7
3f2380b7
f00e477f
caf59567
6b2a3c6f
cba40b76
c7349268
647ab408
e073a063
c95b4f38
4f6422b9
8e3fc4cf
2464aaba
73e7d1a2
9f52c420
57f25d7c
3516d9a7
eec31687
5aebc804
27006c83
6e7335a0
631830c8
b315d009
67c62260
9b9791e4
bc4a1547
29ae1269
88678fa6
75619dc8
0e6737c1
c39a8bc2
3e327f64
3079d176
f33f5364
3e231027
0663453a
39a848c0
2faa6a5e
e4cf5aed
15cfac6a
9358c623
5c4e71a2
53d31593
4ed51f93
b441351a
81150197
96b4861d
adb7b9d3
cb3250a0
010144c9
a81b7b78
6c8c0441
a94bc04d
d66394a1
55857a44
1933713b
645a6a94
82811b35
56ba3972
34780410
66737696
4832377b
a5720631
83831b50
3c988744
cf6e38f3
f2c23011
34e972a9
c73b4458
09e4a5b2
a56b1523
c244d733
55cf9dd5
5b426d44
4d598abc
273068a1
6c4916ce
361c4938
a8bd15e7
0eb1837f
8476b2a9
69054683
7648a85a
c67cc830
4c57aa1a
3580a0b9
318255e0
fc943ff4
9d80d1c7
6e773b7b
18a8781c
bd537e8d
de1a292c
b39a54f5
9513222b
907e668c
137720ea
4cbbea8f
5fcc7019
d92e0575
35d9ee8d
4298063d
60304ce3
a660cf5e
bf7a658d
d58f8632
4c4c2440
988ec91f
7ac1ca6c
505cd821
ea2bbc2f
86161d50
80b82803
84b0a951
621b4bf1
2d43bc86
937ff084
36d84942
82c1929c
05c84318
31627628
ba716567
fe70a1d6
20968779
02366cba
3dcf6ab0
b5a0c370
b54cf722
16b697b6
c6fabba0
ac11a8ba
01720bb1
b0890721
a230fead
86c04048
39839492
86db5958
6fab0508
c73caff5
9085f66c
499c9057
672365f6
79210379
1e19a548
25702630
34371e9b
e63ed8a0
35d8c495
9b62e105
d23086c0
e3f1656b
3da89c73
ee37dbf2
bcec61c9
975b047e
4b9d6569
b21ea380
39c98d57
c88f0a7a
4a573841
835b5054
f33ee10d
e7e8c0e1
7824d76c
b46001f5
4124c365
364816c8
031dbafd
40283424
7491d3a9
069706eb
5ba41108
80b7c5a7
a0c8100b
a41e7379
52f91376
a6165750
3885c474
c4684866
71cf93a9
901d8a52
74e49337
fe0f351d
930b58cc
2388a576
42bf5ba9
11cc5e90
aaaacecf
5db2ed56
631c902a
6f9ce670
ac9a3f64
fa613034
68090a26
46d4fa1d
fdccd376
e91ebe40
051e0212
aee75f78
a32cb407
284bae62
cc3d6fad
8d5ba16a
af0d26c7
0000002b
00000002
0000002a
00000003
0000003f
00000002
00000620
00000020
00000000
00000620
00000020
00000000
e071d043
423cc23a
4a665fb3
820fbb74
864a8cd5
57b4c511
d1ced7e5
017a72d7
9ad52e21
aa4ae5a5
4504088c
68e570ba
9b25d9d5
c88292eb
ba1544c2
15486164
27c1a477
66bc4214
eb9febc4
cbfea10a
7906822e
58b77761
d764ae11
bd777a3d
f17609f8
95115318
2a6be37a
3fb4f879
d96f35a0
21c4642b
5d04a918
9ca262b1
b705f34b
91b8bcf1
51db9a65
c3f0991b
c06f6261
c95a1017
4e9ae92e
bd43ebba
7a8c0cd7
6821f48a
5bcea621
c0114973
c7eb9909
c8c34579
412d7b01
8b56c58c
2b8edc3c
032d68ea
90eb0f9e
8eb6eaf8
f66ac9a3
2886c969
72a9aae2
77f08aec
c18025bd
22be6517
cb00afe3
12636c42
2d1e99c0
7a57c421
45bc099e
3101e3f1
d9d99e81
af104e9b
231e67c3
706f4bfc
4a97debf
071a9c23
96aa8e66
2e76c30d
cca35123
7c39a800
9cc6353a
93bf3a42
b65970a5
c4d33cc9
ba81dba9
6b6bac00
a585f897
f730a25b
ccbca816
b492b62a
287be5a3
4492b320
8b10624f
d99104c2
3b27bc95
63486a0a
afbfc903
e1ea74eb
bef8f014
cc907b4c
b18b3df7
b798b469
eccbb5f7
c7e87c47
42fb367f
aebf730a
303fcab7
73dbf494
2e3536d0
7b46b602
16c33998
8d542060
8ce3bb9b
853a0d6e
f901620e
37335993
2a37c5ca
21846597
d89f4133
0b86e346
fb66016f
729f36ca
ad50d741
a83374c2
0c9b444a
8a26b894
a6552aea
324186f0
a0448dca
b37733c1
21435042
717babb6
f77a2bcd
d70913a8
cd27a33c
0fc23081
8049a668
3639cfbb
1c91f985
d0bda35b
1ff07889
746d596e
1c0caa46
2b7786ac
7a58d511
89fab0fb
b6a1b160
e65e10cb
55b0bf98
35a431b2
9d3ed379
c888754b
33a7b60b
7d1446b4
1c273fc2
2e168b9a
3c3235eb
4cb1617c
9623dc49
7d5cb05d
313c5766
a7e178cf
1b7073af
149bcd1b
a6d6f849
4225c2e6
f4235629
b1535026
c344797b
64c81d77
c7a4b138
2860a82b
5184646c
33b7c782
949eb17a
47f04b05
23244f45
1c428724
fbe66f9c
04cba712
999d1ce0
9874bf43
a37cca4c
1db5925d
29fd19c9
b976aa7b
532611b7
99283ff8
5251c86a
bdbed846
92b58e04
2f05895e
9c440caa
16bba749
9b24e0c0
bfb0b7fe
fbcd6f66
6e69f499
2b34957a
000390e0
9365374d
f65642d2
ec8b578b
193b04cc
8c420976
69954c3b
4e45ac6e
e7a8e77a
f25c8868
a089f924
95309363
50efb0d4
05d63a24
d753b04f
41fe3345
0e68a979
50a8e702
92d0240b
061c8f06
f8944072
f7f720cb
0272c874
e77efc04
b8acaf79
5f023c5d
a80eda16
a620638b
aa30d76b
bbcc992b
b6174f90
96c33e24
39292bd3
71ceabc1
1a32f658
47847bd1
79535e58
af7036ca
f041aa3e
87164e77
55c06072
82309810
cbc25179
2d01b654
3f995649
5ceca8a5
8b90d846
959cfb66
87c57435
79d08d0b
7cbe5699
b5dc9e2c
57b85429
73506b9f
f88da564
09247b8b
7552f318
0a9b5ca5
03b77f30
578b595a
875c2314
92bb5a12
8ea5700d
d0384a1b
65963f86
554327da
e9538a1c
58890550
3f2cc6b1
75ce0f58
592a7cb9
70b443c0
908aaee4
9d216561
6bceb495
f6b9326b
81519f00
a299fa65
d4b1b31a
7531961f
163ab462
41c29592
1dab8721
506c997b
ba3d60bb
5615aa94
ea10d5ba
a5520c6b
a5324552
7646639c
c5a2a34c
929be338
70359ccb
41c65ea2
9500a78b
45697b97
7334b3a7
49734e72
c970ca7b
d8228849
0499db70
13071c1e
31065cc7
c744da12
bb88770d
23355209
cd2b7a56
e74b7974
c8674e60
27a2de8f
97ab8a59
c48752f8
c680997c
6e7e924c
8117a310
9ed37248
74b8d942
caeeafca
70e75b05
41bde7a5
675bab04
a98502a4
e0a5670a
41885224
957a2951
bf4f4258
a85d6297
c6598d9b
0c8d9cfd
b1ae86b2
6267dab7
5b2011cc
e1c5c8b9
c819e8b1
d479a128
d8978079
53938a21
798a69a4
c0368748
aa357364
515ca105
3a180d12
2b06d51d
371645e9
7a701da9
bdd9037f
0eac82a1
89be18fa
9084152e
ae9ad1a9
032c0dbc
2a3ced63
b68e6ccd
73d541f4
a913629e
ceae855d
e14e2b7c
c520ad71
172161db
ab322a2b
66ba3b1a
55c74b54
566b29d8
81751b2c
8563a6b6
e1f46e2a
08e3a124
ab3860e1
f2b72a68
c8f9d08f
1315042b
d40c0988
a071e5af
6c0a26a5
b3ed1afc
5671107b
21a09ae1
d5bf2f76
56835898
1ea35740
4cd46137
199cbd60
f654888d
b99e4d88
7240590e
6b2f5241
7421bca5
425cb03c
f11a4017
11ccc936
3ddbe625
d7afd725
d4fa132c
9f5c7c84
8af10c15
3cdc8ccc
833497b4
82fd078f
62bee857
c57e0e2c
1d59e07c
3524506b
910de305
4673fa34
6a3ef2ef
adddcbd4
d86b240c
0000002c
00000002
0000002a
00000003
00000040
00000002
00000620
00000020
00000000
00000620
00000020
00000000
d39bc700
141d4375
07084807
c651d89b
42eb3110
c4976d12
52b7d690
801e6e90
c0a72834
51c3f5c0
c145a9a9
404bc8b8
678ffb42
718c334b
1fcb6b09
9f898296
5b51192c
afd18e15
cbba645c
230fbf45
ca5a57b7
5b50598a
cb632d57
53a818c6
6368621a
9595c3bc
08fa159b
858ca49d
fccf93ba
001a9e67
0c6f96c7
6aa795ba
3dfa61b1
5c2a69fa
cba45003
c448af85
1a5b6a12
b593a461
741544b5
f2b41a13
89187232
2db0de77
6b5f9408
cb224b99
67d5245d
4c866547
bc2662e8
68153e06
8c98ca08
c41d4ad2
ba203b65
b32842b1
40477c65
8d21589d
7442b052
a7091407
4d60c928
f57008ce
6cb57891
697b24cd
e8c1c076
60494264
80f6793c
0072476a
e2c099e3
043c22bd
579d2a94
384f4afc
5507de3b
2b5bd081
85602b9b
5a9c8f50
a81c17ec
1a01a1d0
b0e17156
ff7066d0
7c000eb7
cce5fe3d
764720aa
530f9171
99248816
6fae970e
41b1a260
9b7036bf
d83fc8d9
d66b9620
74804b3e
d211eb2b
59904925
54285c0e
f206a936
2afa43a6
33a9fd3e
8b13391b
d9521a67
52099068
065c6bbd
c18dcc58
9442756b
ce73838e
b92d7e32
cab7db62
a97ec275
0b381f1b
93b0956f
c9483b89
244a86c8
45b2d759
5923ac5a
23253df1
46ec8579
0fbf418d
b6f0b76c
9699911c
612ef85b
f7ce6e42
16bcef78
4a1de8c4
ccf42698
0839fb44
de8ffb38
e36b4dd0
72381b45
dda4a252
20e46135
95576d0d
e73a8a59
c8a6acdc
a6fab462
f385ba06
96f92eb8
07a67006
dd671606
4bba2f13
1f2c070e
4f4c98e6
46cf56f8
73b5a65c
209231ec
95e54b98
3584524a
49279c21
9173ac1b
4930f808
101e7c35
245232d9
1eecfb27
61c657f1
cab60094
51408b91
80b3abc6
d8c20978
c4558e1c
ebae6988
6586405c
c2ec5b00
b059d4d2
49a2525b
6617c424
c8495ab3
fcf660a6
6ffaed46
860804a1
36291c60
a353bfa7
ff97e283
e1c1b9f4
68d391c8
106fb17a
9b1f1eb6
0abbaa9a
ac122965
41022e40
1333917a
ffa45831
c9393d83
14c75d20
df678746
01c704e9
3e145578
5718215a
b836a43b
18f55f01
7f5e9927
3704b2ba
b662ae14
197ae85e
8803843c
86875c35
77abc0f0
ec0a8019
c5c264b2
aa257c01
c138a5f2
aff793a0
19aaab40
3a1639d6
31722f35
f8973525
c6eb4854
6cc5ce12
542b5923
81788f8c
54d6eb19
b83cc41f
c2f04b36
c89a8a34
a77f370f
70e67871
0a1a10ce
ca518975
b7e91c3c
1112fcae
f7643814
c1e16b44
6bcb099e
2a25d111
93cb0d3c
b83345b8
e35de996
93361c23
5fa8d652
0235432d
94c0aaa3
66d9277d
5ea66c31
70b48425
57361678
0553b3dc
52444408
7af2242c
e97885a7
3b82b97a
afccf52b
114d59ca
9b7e5348
24921975
61775a89
e09e22bc
26dc6b0e
36819324
848094b3
84fb826b
ce354c43
2beb24eb
cb2561b0
f9154acb
b10ab442
2a5877c9
d6883022
788c3624
58572b63
3c671024
694a47b9
9cc9d9a5
784ab872
f1370120
6519bb03
302eace8
b3369298
65b9eb86
d66a1b1d
87a16385
2bd27105
22ce5847
34996c96
77a1a772
02cb877e
3b2d5d64
23c1133e
59bbfb18
1b1e7874
54bb2d3a
5535417d
e36dbecb
ba84dc59
19502b00
4cfe938a
9c63913d
84b5d279
e870827b
88f0e481
ebcd2a81
330c2257
17b31770
77a0fc6b
d301a0f1
93fab665
80bdeaed
c5c65be4
0c1abb0a
12cd5b10
20377810
c596d097
687bb02b
d7e22895
4743de5e
e8093cb6
537a7f67
36868077
812f69dc
1544cba0
af744bac
769c06ff
3a3b9212
31917e8c
b938290b
6170ccf1
46b8be32
d7c1b054
15b71c81
5124062f
a19c6761
fbfc224a
10ac8e25
fa5df12e
464d702b
6a94fdc2
13819cc6
f7efcfc0
0394d4ae
43347aab
285eb070
c20286ac
af8a8cad
36733c27
5d6a5361
44b65cd6
7930a1f1
77b6ab10
1417ab64
48492568
839520b0
b5ca9cdb
26927706
11e80e90
107d228d
442b30ca
a7d5b668
7748cb63
e01c15c6
166ae19f
cc527726
e5c30ea1
cbeb1f0d
2934e199
855d8dd8
840afaa6
cb441a8f
44e924f6
a4636b59
63c9a767
2483abc2
1630e6ac
f609fa92
6344032c
4706a2bd
3e06e06d
785c120c
95969c3e
8fc9d80b
51daaf5b
b88bd307
6d72b15e
51a6ac15
788b39b7
b134d2c6
b2ba0fb8
c37b9b4b
6e19f245
7575ad67
b8a9299a
0c977280
ebea6e13
86361663
57aaa145
c01395b8
25292ac6
ce6288a0
7a3f9034
a0359087
79964305
57546df8
9dd8f71d
44dd504f
bc73c387
33d03153
e62a55b6
239ee127
dac1614f
7012c189
fe5a6e35
3868a7c2
6726b2a5
90a4f484
b60d4476
7b6dee6e
fe45eec5
c4e209f1
c10f13a0
0000002d
00000002
0000002a
00000003
00000041
00000002
00000620
00000020
00000000
00000620
00000020
00000000
d969e5b5
d8a59951
5a5b0f77
b7cc552f
c1bd1297
4f49a3ce
aaac661b
f7f46584
a8445c7e
718a92bf
7b8fa3d9
844720c5
616dbb10
da563d7a
100cb95c
5664a2cc
281929bb
76bb6a6a
b359108b
f2f79f32
00479953
758272f0
78e99175
84767a46
99b73027
57db369a
3729a898
3c826cfe
1a5ec68c
c18ced08
d45139b5
74661e28
30814214
67524c7e
63d75bc3
57942a3e
285a30b0
c386baeb
9520c795
201d6bda
79913061
9137f6cf
7691a572
b9bd12e1
5589c847
a9a4546a
b3bb2888
973a8429
475a3811
78fa9a75
75b4aca7
ff67d582
d8281a2a
7888625b
23248c18
600856f1
19a3b66d
5e12d907
98ea9824
0a89827e
8e74b9cb
0cfebe28
c51c106f
be3ea418
80d3415b
b7007e21
6c24db2a
1bc8bce0
85594895
03b5ab93
091b9e49
bbdc26a6
fe6aec31
a6f6ac79
433c7cab
75a5a1b7
61aecbb0
43956d26
fd174ba2
70ac5f80
abd0b244
b46ae1ab
b3871a87
10643c02
64cfe9f3
615b18a2
11925e77
c86e86e3
f334709a
370b5f9a
35021c46
856929bb
1992f35f
448701d9
b2682cf8
93e3fc5c
b4362b1a
51e30581
a639f00e
b63ca0bf
cbf1c6fb
0227509e
74980b1f
430441eb
a594f667
23ad619c
0b2d1ab4
91f47037
6a80bbec
d7c046b0
9b558c50
b36bc2b6
e0fcad65
1f793179
df6c328e
73826a78
66f787cc
3e2b263f
04260c40
9bf0d736
652b6438
7367c479
2b21a7b0
7787b050
f82318e4
1082114f
7ea52979
e15bba75
583abc0c
17a8610f
a5d20cc5
0ec6ba93
66a12bd2
b206171c
49dcfe24
571c760a
814b5ff5
9546b629
660b71ee
dc111877
5f25c908
bece3a6a
bc4e8f1b
a140ee38
9e67d34d
f2195e96
686cc750
ef7193d9
860d0664
525b4615
bc2f904d
08304fd1
54d8b733
514727ba
f4500fb5
0e8c1087
72b9abaf
db0f8206
6b05e532
5a45559f
38e06ab9
ad77335a
d862024e
27a48574
044a924a
b7626242
22c7593a
7055047a
6d82e541
a4a8017c
b4cc1d01
fe4fca93
92a542fb
3152d447
25a9205b
025cc949
69d3bcb0
954aa380
b9ac1ad6
4a175fa3
6f62737a
294b828c
b2013b92
3acf58d7
3b215501
31c82923
a281ba13
56468111
10dab05d
3376c144
154a1de5
75c27e98
bf3ec765
a6605153
92a7d200
44a64bb1
96cf939b
ce975b92
912844a1
5c7ca9d4
5117d4bb
e74ffa8b
21a97887
70547450
0676e9f6
d3dc8cd9
445b3b0d
bb44ca41
1b9a3b11
329cc44f
5a2a09fc
c3870270
37f1f72d
625d8418
96648965
7f883338
dc6e404e
544d4592
831a215d
d90a89c7
01198930
79c37cc7
2f2210a4
070ea433
8e876131
8a28a138
315a53d0
85028677
481a1850
ab12b948
9f31ca02
b5a1e7a8
44f358a0
32b0b65b
46cb11ac
ec165b3c
50e7da6f
db22b988
15228267
3792bcbb
2d98b7a2
d719b29c
5aea5d1c
836ab65b
3a242077
46a0a923
f8a9e751
7c2fb2f7
1688e389
c539b0b3
0a050aac
bd66bf1e
a4c53454
eaf11759
988c44a2
78092baf
0cd84032
606088b0
10ca8250
7307132a
b3fa05c3
edb098aa
f944c534
51f57c56
d94afa91
2c0fcd7a
8c1b4932
ca9959a8
a1c023a2
260a831a
1c75e384
d0687901
6a204c8a
9bc13185
8b8b5ce2
8689d6b4
c95ca4ce
3b216271
45c53e95
c4a27145
34220e1b
5f7b3137
2a84d15b
808d761b
08d5e97b
04aaaca1
5a9c4cb8
9512443a
0b4ee2bb
f6ddb594
79fce153
7f5f4343
36e3cd27
b2058f44
3a6967e4
04c78f03
57d09b56
3b76966d
9172b9b4
2e416fcb
614a97ba
84a59072
6f593516
dd9908c7
13e72705
3b27e056
9623d451
a0de2084
6083765b
6170fba0
13f442a7
4b282505
c5406374
e1c950ac
6df4758d
58871bcd
9a3ecef6
94814d49
b366b781
bc1a8d6c
0309580e
1c599150
17136d36
73f1fd7d
c7b00c89
19c71177
4e14145f
3d465923
35440c37
35363dbb
50c10733
a9273e04
a7cc7ca5
1337d74a
26a26040
4163b70b
ff81bbb1
bb22a825
b5a7af5f
acb10357
011c2d82
72354d3d
883c7890
b8631db9
9ae70157
95ce7054
33d449f9
09fab8ca
8e9920a0
219d9e1b
0e6c416b
3760f364
26e44fcb
c62a7fb5
03217c4d
f1958846
47634c12
b84fc25d
b5d70df9
1850ed53
f17eb5b4
57464c56
8db248cf
3ea843d4
2302bf32
01101b4e
52690397
77fd446b
6990d7a7
f0611b1e
a7c64807
a56c757c
f9b205af
1b65b81b
6149e200
311e9a96
f8b061e6
a352ff98
e7b3b864
09ac8090
ad602e1b
b46cc97b
0c3d2bec
416a7816
f7e7b9b4
1889046b
97aa8eb1
eff54f0e
e451bfbd
a1e06e81
6555f70d
642c5818
ed17f55e
2867a7d7
70b03035
99556c9f
fa153ab0
5870e0e1
7a90f5ac
2836542a
0000002e
00000002
0000002a
00000003
00000042
00000002
00000620
00000020
00000000
00000620
00000020
00000000
eb9264cd
2bff953b
8f92b761
a246d7b9
48836c58
00614822
cf3d394d
b4d37541
bd8cde68
1d4fca1c
44ebbf5b
a2dbec3f
ba53f291
09810485
3a0be1ba
5bbe92c3
a6c27870
434390b7
7d2037b2
6869a596
5ad48426
181ac759
c07e597c
497c2736
b8493aa7
513f2e80
be123a95
5206c39b
81fa2aa2
0289db9d
7f0ae34f
30ba3894
a1a17a70
464aea44
cbabad51
a2c5703d
402891a1
22ed7ca2
12875bba
04c18457
266675c0
53581bbc
2629db07
a4dc859c
59a7061e
feb9ab54
a3ae7c44
9ff823c4
5ab80cec
4130b729
786ace15
878582e6
ca81940a
634865af
2a37d6a5
6148b9c8
40ac5a7d
c46c4907
b95fa2c7
528279a9
7a03aa14
a5d4c6fc
2cecc02c
65c2389c
42691382
c4e678a5
100ee003
aa123370
69746d28
614fb9f0
cb5da7a4
65f4d98a
adbbd6a6
a7f48770
ac188b37
833501cb
d91c3335
3616367a
a2073373
e46e4487
8dfb7d22
8d27e0f5
37309d84
947ba388
7dbfb98e
f877bb38
9b010a58
f509d195
a96231a6
37e7056f
a026d0c6
b41555a7
633326b7
4cb6984d
993cc43c
a813a108
2c2bc902
d4378218
2c0b6233
2a3519b4
5cc43ad6
76c66081
c20180cd
92dc8da0
2c5ae368
bccbe1ad
83d624e0
82102d22
22391629
2063b307
11387b19
6b6a442f
86b51d74
a41a69c5
b2b357a1
874cb0e7
32c33e37
4e42a874
76924a84
875b96b8
20310af1
24751639
871cda2e
c2615388
f3168693
1bac7096
0080203c
99890a1b
66462375
ad42b6ec
263a7bfb
93359e2c
78bf7c38
720ea8f3
c028c118
ea7a271a
e49a28e9
31120359
c4a1c7a6
46ca6619
23828e0e
bf9156cc
c983a637
3e9c5377
886ef3a7
c124c8da
a4418e19
c93d45eb
45663525
cc38a48b
a7bf61cf
27dd8b90
32a8bc3f
617eab9f
49c4ca3b
c0dac1aa
d1c6641e
5a83ca45
7c243724
b94e147f
c399233a
105c1e15
6ec8f24b
156a3319
8bb75c86
e83d8386
abc054da
bbd61b8d
12598c56
628a8df9
0ea521c1
040c168e
f5a355f5
bd805651
b195a2e0
629622e4
a9e90ab9
326a1c20
f0933781
0c96e09d
cfc073c0
c5861286
6fb117ae
425091aa
d26f33f4
11434829
b85964a3
40346976
11862e85
6ab6023e
f6738292
08168557
27b13360
46812275
4c396db1
4e6ce481
d2166de7
7f884963
3a28c1d4
22814901
04352a46
6c22f21b
e7dfa942
58690c4b
55785704
2883a124
b482f0c2
8ca91a28
7c3e6d18
17aadcb9
0f79c9ad
6bb73da7
c4f10ac2
f90ecb4d
5c165db9
33278eba
e786aa51
7970758b
9d70e7c4
68c198d9
2c082427
1d4c6273
4982c7a3
d6609469
31326544
9476fb30
3b3018aa
7874b943
477ce834
75a531f5
84e3b789
9a523a95
1c1b9945
665b487f
d6bf70d1
2820a6f4
864168a1
909e7129
0cac7195
35890f69
a6c99822
63ea9ada
a2b12e2c
bfb9b8ad
eaa091f6
7bb9fe47
1202117d
59ba07db
47309255
4b4541e3
128595b1
5981f8a8
758046aa
8a540af8
a7734a98
2f654425
6aa85d64
00912a09
852d66bb
65b640d7
20363784
cd972183
8a90a4ac
c5424b75
aa94479c
c8c99a59
312bf66f
c4c9e2be
46c72131
81faa706
e63616f2
640fc1c3
0fab7e09
992b1a63
a402b831
49685795
8123685c
89d4c254
5487bcaa
7914244a
015e1be0
a90a1b0a
3a035695
eb01a17a
372527c4
d08e790e
458674c8
261cfa1c
7b10d4cf
235b7f03
18f59daa
036250c7
0ac3028a
26315f28
bcbee664
90883ccc
bf843423
03b5e4d8
76f655e4
be05ccc0
a946f1eb
07525773
1f315958
f462d073
c8f82448
0dfa713a
3615551f
f21c497a
21a3083a
6c761909
84f38c5a
55c1473a
174d4851
989388e9
75c7cbb0
91c25772
126ca80b
7788c2a6
0e7c4306
ec585394
ac03e75c
1f2a9ba4
e2290749
bb850fb3
ad0fa52f
64916a90
21d78167
141456a7
b5c718a0
67f13204
da9ce90d
e0550c2c
1289c9ad
983a0295
828883d6
a92b40ab
d220dc29
63a07ea0
2efb733f
b53fd562
6a41a612
5f977228
02cc36ad
30ff17e0
4ad7e32d
b571a0e6
3a4aa085
bd51bb1c
c94e01d4
d39133b5
5744473a
c9290a31
c543c7f8
3f914230
6b981a13
827b96d6
8668d817
efbbca45
70b358d5
0a36a96a
5d833548
f5937383
11ea89a0
ba28981a
119a3258
a8f76293
43afb659
0747211a
5cc55387
1bc9f30e
013cbf18
7c2c746c
8c332033
6ca74864
03745595
8297032d
c54b1107
c679624d
1b706c98
c1817e3a
2716bc48
ff92110c
319d2c6b
a02c9b39
51e4d60d
96797218
a74470ad
ff3d0fd8
3c0d89c1
b2ad59fc
522a5de8
bf274b39
84cbcd3c
6e03d335
0362fc28
a199ac77
28e22a8b
939f9acb
2c8aaecd
0c53272a
0000002f
00000002
0000002a
00000003
00000043
00000002
00000620
00000020
00000000
00000620
00000020
00000000
08ada31c
24765890
6e49fb95
f58c6aad
f53c57b5
b2973ca2
eea0d31a
c4df2874
a63ccf11
4128e247
4b5813fc
a87a71b4
22517ce1
43cda68b
c8681d17
b38b2589
0a12a098
2d87db3e
1d2e2725
38d5406c
2d8b46b1
49b90c6d
413e9580
3715db4a
46797ce3
c6d068a3
3708396f
276392bf
1cdd59c8
2353416a
932f8648
69d416a7
c801b04f
2dafe275
e65e1063
92f09f72
0f3e7756
56701f93
97aa3152
d25e226c
72f053b6
0be07863
d1a1548a
0a4e06d2
3a905113
b630673f
53ae6f3b
110b3a87
4b3f799e
4ae47d4a
969bd129
b2235945
42f62a18
bd57458a
31536cf0
9b75b9ca
6928e56f
85b1c19c
36cf50c8
5b696b6e
fe02c535
861068e7
b4ab4068
323a6cb9
d9389a7b
4356860e
f958c35c
21838443
6d8409b1
ca3812c7
367a6e56
6de0ecc7
070729be
432b78b2
5f76fa9a
99494b2b
bb308033
1713d358
d47d7902
ba7584a1
6329282d
5a340ae0
2b4e5a20
82ea99a3
48c3fa0c
1144a105
3161acc8
3d4a5049
9a042dbc
b633ce10
20ae768c
ab85bc68
c2f0f845
b0456cba
66be0500
11e6eac0
5458f117
74c96bf4
33485853
0cc13bb3
0b9fc580
1e482023
52c1ba9e
a3efb225
17a40a79
97a90a99
520706ea
c5026c0d
147725f1
26139c00
7272afa1
051c1976
77cec92c
c7b2aba0
e7c240b1
b6333cea
bbf51075
5b97a934
617973ab
2c293923
26c7c494
70a9048b
20b8cb79
8967a437
dc7fb363
3f817ec7
43760c97
ca5a51c8
b3cc522e
d84f14b1
86c13eb4
7528e406
296ad166
40531050
62ba1337
3339f68f
f1fb9a52
1251c1bd
19b4a27c
e607c4eb
969a9783
2902a855
97826921
5b6684b9
90ab023a
53ed52a9
6e86f540
0a07e62c
a62c7830
4d1af217
fc09d451
ca841cb5
7ac0ab12
9713a1d0
c0100f8b
07b421a2
afae3b3e
e998c6ac
be7bff81
2f8098ce
1c94c145
80e97630
7f61f0db
98fc75a5
0db65411
125095a6
c7a0492b
757aef02
d3671683
f7cabfe9
56148830
b952b6b8
1afa27c6
49ca84be
a94ed483
c9f6cefa
15389b85
9c5a2aec
0136c04b
9522c0b6
734e6aca
d42f53c8
483c819b
d49dc847
ec724da0
8ae960a4
0f214095
73ca4bc3
a18c6f38
b988cab0
9bbc29a3
48636b72
ae7be95d
cc4a3974
a306a198
ab1e1b9d
b42c3828
52f9e854
889c8bb1
00f35462
856c3f8e
687d267d
b6d91588
4a26f35c
d973159c
948e1beb
cd0abb9f
584e6adb
e37b3fd9
9848ac40
5c3452c8
8762a6cc
8a3a8339
97706a13
bcd00137
1de26210
82308823
8307802c
11670444
f094d1a6
b23c2545
8df7cb9e
ee4e2910
e522bff4
79673083
da77d32c
f6e4b010
71780752
9e7b4bb7
0a53350c
7a49d498
50a7276a
426e8036
7fc6d42c
c3b9b494
89e39ae5
3e95133d
039b5966
c2286bb3
027035ae
e6a099a5
1a0c737c
8a65ec2a
0ccfbc4e
41da6daa
0219da01
c0001768
b1a8b1da
c141b134
3b3af353
17517a31
5384dec5
59cfd490
c7816ac5
80d61d09
2aa9a842
511caec9
85f00f48
e82505ce
85958a3b
5ab1c2a2
829fe585
c0fda37a
43b85e19
cd9b96c3
494273b9
9e98b9af
137280e9
f582af80
13e1f9a3
9166996a
8c98b5e7
a1c02f9b
da7b9231
31eeacd1
20928fab
7870d719
4599ca84
216513ce
f2045294
9381cfa2
7ac1de7f
162ae39f
254f8526
429410bc
22424576
70ab8a13
4a888d6a
0d761043
35f00ff3
03276694
b52ba7a2
11cf285b
96a8afab
a10a48dd
98dba475
3e2c705b
eb791b1b
9561b26a
0ed65993
f356f469
19891dc8
2a95de11
a8b9a864
22b53423
bfb29a5a
bcaf41cd
ab2fc950
3e7cdb9a
df3f8c7a
d7cfa785
c6a69006
7a891ce8
d2daacdb
acf69241
59992c85
88519840
b2875436
76a696c5
c235bc4c
4c54c068
6b6f247f
9a749129
02d91095
e932678f
a9041a52
9ab7db86
a44eec6c
eaa0b917
c319c782
a18f8b31
f96e9e67
6067631c
81a8aa6b
16146e98
b986a886
665a6604
ac7e4e28
7c8bb448
e13378f4
95e1c224
7bb3d49c
52bff558
45d6cf73
1a15885e
00af87a6
e81d5c54
c2d17b34
0a78a535
45886b3a
9f282414
c313c891
65d1c5a5
cf81b0c3
e3ca6b2e
62959d8b
61594e67
3a516277
25f98b2c
bc85356f
5614ab0a
68e9a69b
5e22bc57
8b6c7aaa
c68e69d4
85b088c9
d7bff4a7
684616cc
1f3a78aa
2f1f7849
82a073a6
bf610b25
71ae25d5
d2a32bb9
212c0390
ed59f072
5792b258
8ec5e482
61476a3a
4b8b5b20
1d698d03
405f33b5
6cc77031
389cd391
e2f9ad0b
087de0cb
9be33f86
2619c2c7
255fa886
c5ee4c13
8cacba5f
f4efabbb
2a92ad98
0ff0570b
73e78d1d
0a95b8f5
76842f73
b8e7fefa
8a5226ad
0f5363c1
00000030
00000002
0000002a
00000003
00000044
00000002
00000620
00000020
00000000
00000620
00000020
00000000
3f1a59db
21a7c1b4
40596b1e
51002962
4c4b112a
43e7e43c
9da6e3dd
93db4897
24809737
06042cc1
337222a3
7fb40b59
d0481499
75e42913
3ed0e542
b89da039
297103e2
3ccc0cad
4cc0c143
618ab80c
a8a038b2
ffcc623a
486424d5
7db8c696
017e89f8
47fb9e46
aea06acb
390bf35d
65800349
c3b00931
c9bfcb48
85481de8
2ebb8800
2d85c47d
12e0a545
0061286d
751c58ae
68c14271
5c5b8c63
6284f375
95ada546
7454f01a
59282cd1
89b87e65
67a8714e
56346693
da75c235
97d8d06c
95b3383d
ba6a1d3a
23d4c6b3
9b149999
20c794c4
162723a3
1cbd94c0
9118c5f5
18a96f44
033b7362
04941740
4e843368
c29a28e8
e75561d0
bc99066f
58c4382a
01089a19
b2f1a479
5e644673
daf7cb86
30728f2a
70c421dc
a70148a5
3ecc9f02
a90c3a54
02779459
4188e8b5
5d45372e
e73c0052
c3481b05
1d188c59
390628ec
5115270c
0ac18b1c
86e82521
49674358
817346ea
e52a6fd6
6027fc19
af4ed275
14a12468
1be4d179
203ebad2
58d53718
9e67d04a
522cb9bb
363824a6
868a8217
866e725c
b8e80810
996be75c
b7666c40
56ae704c
66cc15b6
4e5f87e2
65375514
18537219
73932ab4
5629a146
9bb09a2f
f8b21a0d
f0e43ea6
2fc90a9f
e816550c
49f6b615
5bb3766a
7020615d
abe6c5f2
a7e77d85
ed8d48b2
a69f765a
2374e084
a1cc0171
4b400fc9
5552a24a
e406c2fc
db529633
5cf92e04
1677bcff
639f6d10
18c7e27d
aba93090
581f4699
b3884d20
7183ab65
477db632
8c78fa8d
7e645713
945dcb92
a667243f
243138b9
b5f96f74
71c2aa9c
fdb6314c
0b0a9af2
91b33ec1
4a923bbb
80480685
3b719f13
401fa6bc
91784594
aff25135
702dfa9b
8874cd87
1452f669
6f030320
b693a8e8
6612ef48
130cd8d3
e3af7747
cab5b25f
6bbbd213
b40292e0
692796c9
919d4a16
24ea106c
64f97091
bf47aa2d
5b0d6158
347b6f2b
cf99d9aa
9b314b55
817ae84f
9f56046b
35d03124
2f77c028
e6bb01ef
2cae8dc5
2ad2ae76
ccab8c4d
7995ae74
36554fad
0b225c41
ccb87628
72427e37
ba64f40c
442d85e0
5394b5a5
9d76363a
225cacb6
2d828d76
8b999b85
1aaeaee2
07b668a1
c0531115
c7a83c40
74d7c45c
1416b602
255ab955
42f582b8
178857db
c82e0583
39c44047
da8f94d7
90ab396a
bf61cbb6
7b53458d
9b090f54
7f80fd94
3e56c19f
fb578f58
9ddc6c7e
713e7006
203d0563
3e049c3f
ae635859
7a321cd0
60039e0c
46adf6fd
a9c25918
16c4cd32
a8593827
6900149c
87bbe383
5f202890
bcfb8a67
1f300805
3a2c7551
70b11aa1
4625a21e
7b0790f5
aafc7c16
bb19d5ad
89a309b2
94565446
5ec49a66
f50358d3
b72240d3
2ba66a2f
5c0a5507
e7445b37
14db454e
ddb32a27
6aaeae9a
50f3f064
469df9fc
1022c103
aac64c26
5124f152
b1a9a7d8
c5fb2678
5c28eb05
f6dbae2a
16e71c39
c8ba6455
9690c231
59ebc12f
0850c421
4cef1d86
7e132659
2d0f998c
aa2d7ed1
319c3989
516109c7
19302527
93879355
5b9b20be
a1da5671
064a5f19
8396c6c0
44aa9636
2b9996c7
ff03aab1
46103a46
166bc30d
19a360ae
8b48ba85
b857b3a0
6388b163
899e6993
ac4b74be
f44de09c
3bb14e82
8ca21c66
3581e889
d2307e76
59b4be90
df989b79
1cc4602b
99c058b2
08b85b62
56df28a1
7642fa9e
9ab76c92
8b5b0390
15dc1c12
267f75be
2aa65931
49508e87
31923854
633a9969
2a8a45a0
6cbdba80
c5a644cc
17b4da78
2e04166d
504222e0
8cbacc0a
59aaacf7
55ac15b1
5de9ea2c
bb3da754
e3a341f8
6d93b9cb
8fc11547
cc641683
94c5502c
5534eb84
a154b99a
19aa8c8d
3c2e856c
246c5293
085919bd
f89045e0
d526a308
1ae3c655
339aa413
c466192c
2d016686
ab94ace7
b47485a6
7ba25fb0
62a1b714
81144212
10c09a72
e72f48f7
374b9e64
ac497bcd
bc681b14
675c745a
3b6b7888
f32cbbbe
23d48754
1e53066f
82865bff
18ff1752
1b094565
d85134b6
66a7737a
0e24c265
117b459e
886b2130
28774d1b
d502f885
397272ac
71d37d17
6f97a3b6
088c2ef9
8f6bf12a
76470af4
42c1ccfc
6b53fdce
49a24278
f4934419
793998a2
cf87d739
233f988c
9ebb9b4f
271d5406
84746089
299ac608
6ac5f4b4
00af67db
a8c90014
dc3c6786
a56c34a8
9cb72945
fc6500fa
e8bd673c
212ca677
5b8f07e1
f409c72b
710be06f
5c54dbd0
f5ceb302
5cc556af
924d4250
bfed7f2a
2207427b
f6ae58ed
bc66e8ad
e9a56893
0f41fe92
06794c1f
47a47634
82a921c8
4daae447
ca33c363
c3012f77
b8d956b4
d9286009
17c8e340
00000031
00000002
0000002a
00000003
00000045
00000002
00000620
00000020
00000000
00000620
00000020
00000000
7726ba9f
45dec4c7
02ac1eb1
e8267324
004a0297
2b25d943
b45664c1
20c0a08b
87a00546
3b978970
9c60be76
5d6746b2
34708cef
f5f9a076
28d8762e
75afe18f
f7202a80
6ef043af
2b8dd6c2
a75227f8
a3f0f09f
4037c450
4bef1f59
42dbbe9f
172340e1
f55d5ec2
61d02d8c
fc8fd392
52f42f24
5fd63215
a7845b30
4ba85aa1
702a7f59
c172f865
920c5c57
01420104
2db5205b
2bb10f09
73960015
78882468
922d08ca
0815e565
651b3b8b
a794acd0
26203969
e62b766d
e0135230
5b634830
8c4afc5d
6450089b
bf53c7be
99a4f1e4
0578ce03
02484777
a194a4a4
d79b1829
811ca708
0e0fd8d1
94833149
b08a7592
2f73b666
717f673a
3ae7fc58
94b9e470
0cba2150
54649804
7ab9b7c4
6b38c17c
7c397515
b8292cbf
756617ec
4341fb0f
33afa1a5
d7f72a14
0751bfbe
502244e4
38bb9536
4fcb447b
cc80c245
a8d5b452
1aba04c8
2d95739e
a2af0211
8c189300
3862a2c2
85cec84c
9fb57912
7dc7b5de
4a5689f0
79b081c8
f56ec52e
02204f5c
57a1813a
fb204274
2b570bf7
2b02cb6e
475cf18e
e1869617
34b8ae0d
2a862739
e66c7974
c0447a9a
d08959f8
34fe4307
7dd94384
ee8ecbd6
349184f0
964228a9
32a009a8
3762aae6
ad842150
077c7141
bcdb0437
0e60929b
919c46b9
fc51b6a4
0430a4b7
bfa678fe
21b72529
8f674694
6b86cac7
b8a0c513
9c7137bd
b90773d7
8bdf70f5
1fb8f192
91a994d4
884d0a09
b0979635
adb29500
a5ec6f83
b786ef00
a0554cd5
6b879282
bc891005
3217d77c
34c2a535
09486559
7f8cb861
935c2ed1
8037b49e
054b4354
97fd30ac
a844d5bc
d734e16d
9b760d52
72f8722a
c2b5fb6f
ecec3121
80d0bf08
f0bc774a
d1b00460
3e76222e
257fb841
2bf487f7
6706f03c
df9c2bdc
2aa91416
ce3090b2
af9a45b9
d147c773
3c15f921
77203771
46701335
3f9593b5
e081a095
066f0152
14e7fe53
7c2a4335
f21b195a
3c32be96
c99020e4
1a5ba9db
2deb49bb
16b84044
f8574d46
a942f973
030f6143
e62797f0
3cecddc3
80ce5b37
09c00492
078c7a2b
64bec2b7
71bd8786
be991965
6d5d3964
016c3cd0
5370ad3a
6295e728
343a3c87
9091d642
78536905
019d7437
cd23dfc7
4e846acb
02618494
086213bd
2f87763a
014674e6
1fac2915
9d65027f
3255293b
08f8274c
a8338808
a9a49180
41408ca6
3491b312
26f303aa
7f90ba67
0a80daa3
cb3e1e0b
244831c7
d93b652b
f1310e11
9449c5b7
d3c37ab1
430c9321
106b985e
4267bbc7
0a7d8cf0
00575e7a
6699a334
32c23e1a
5b67434f
c5626617
42a31441
94008e5e
1f2a4bda
286f99c7
61229754
e6a6e1e6
8a4f1cb9
6acc8e0c
1a843a7c
e69334a4
96ecd248
3cc78a05
10008b2c
ccf56159
e066f963
f8f023c3
c5c90b4e
21744c88
a0c249a3
7810e620
fa8538e5
7425c645
7711fb62
a10b8810
74650f78
1f4aec13
61457cd6
9ccb856b
3e174e56
f6724821
10ed3c73
31d47d8f
a1380347
38886082
b233f34e
c4c3d8e0
c30663a9
b9d0296f
48745bd3
4204b182
8a445db2
d4a9d31a
ec787692
ae210abd
09a74c0a
61610eea
ba2a5e32
7167f4da
c7a6111c
9c1acc0f
c70902f5
c64d0d19
6cb8e1c2
57341071
19ce8600
087c095f
335a09f1
558a2519
2ed9874c
eb24b054
58293385
9ee96171
c7bcd3bd
34b82258
a5a5da24
478117d7
08bd45c3
bf5c26af
dbcd4267
34920d9b
21f31cc8
7b7953c3
f1702f41
913a8cbf
5b8f56bf
c8652eaa
3f65e924
46413540
60d84601
a7dc8ac7
b3cfa9cf
f7c32196
bb35a898
504a66f6
966e6a31
0fe60a05
e2c6965c
74546a30
0766eeca
3cac0a99
b0905cba
72f452bb
fcabb5d6
82e7c8f1
c0289801
2280a64c
73c27b57
43ca7712
372fc79e
f218b6cb
24783144
ae742028
fb056118
b339136e
cb9714f2
48caa26b
1f20d979
757cbca1
6b971af5
78ba0163
7a135a55
cc45b68c
4fa6a73a
27c00990
995c0355
50f0dd53
72bcb160
501f1601
6e699753
d0b6f92a
15bc6bc0
668046c7
70aba4fd
8c4b2174
c0b92781
4b629869
39e7b1f3
63638435
0e25e603
b583a4bb
8ec7f8a9
c84313d1
8cb45ba3
6dfb07a8
715ca06f
a4bf966a
26d73d3f
827a54ba
9991c3c8
9210ce82
9da41cd3
42979311
89ca3320
d4b8776d
a8ef9cc0
a1070382
b843395f
f27d5b85
5c25c584
281210ab
c384b0f8
7692356e
b385c0c4
251d7839
4dcc1742
60b524a3
b80b593c
1139b908
92d5a37a
bec35b97
693c045f
72eefd5b
9a1d89c0
4915380a
daf520f7
acb7c157
03c3ebb5
6151650d
ef7415c5
198b2057
e4cc9c15
b0704d84
462bae01
5f22e71a
00000032
00000002
0000002a
00000003
00000046
00000002
00000620
00000020
00000000
00000620
00000020
00000000
fc2821cd
0c8e8fb2
57b20292
bf6f6851
d384bdfa
378bccc2
3d32ba61
84cc3712
bfc1b89e
1e4f5573
f1143a07
c651d0bb
5b33b21a
73295191
cccb5749
7a3b506a
a0766859
3d810933
822a6b72
8b170e15
a8b0772e
a998b8a7
c761b1c6
c28c3b65
089dcad8
2387ba18
64e6bdc6
e7a973d0
8bb0141c
37c57654
4b177806
dc3b04f3
7a583b9a
9a842683
e2b625c8
5724cd8a
cb136a2d
b9b93d44
9316315f
f0585558
89b8a446
873130c2
4b0cb1d4
81a77998
87c0578a
cb8bf0af
82062c26
71243559
52a371cb
1137abca
8cc81167
bf20927f
e4190af7
908671ba
3f724976
214bcdd6
8a9b967f
275810c1
727a2780
1c776eab
d8acfc71
f0e63e58
31a7b14c
47847bef
71192393
cd019ccd
78c9571c
a98478d4
c1f63b7f
59a57092
2a392d63
94c8c287
1c57688d
5c4b4f85
5703aa4e
ab317a08
e1dd6205
6689c394
9456ab65
17bb97f8
62a16510
4c94253d
14d325c2
4c36e273
7e97624c
b1981d02
c975fb13
b4a0683a
3007a3ac
1685cc42
736646a5
330049e6
45a908c8
f1a57b23
019a48da
688c4cb0
b97047db
3a8a176c
cd901db0
5b38695e
db9a0b84
51c960c1
097894ff
62e483e2
ccf2a25f
831710f1
446d7bdc
beb6b05c
42a590ee
a4c4c7f5
3b029084
1c78533e
c97301ac
74c60894
5d3feac5
c7589550
80bbb04f
bb19837e
15d7bce3
a67b7d18
9d0bb9a0
020f7ed9
39945da5
5370478a
17f0a0f7
8c862f06
0a52f9b7
d328a3ac
5bb5f384
99360133
f4dc9251
289b564b
21408157
21338f57
6e3292b9
9ba68703
5466a309
4df52ca3
4f800b6f
35199326
6d827868
51b6947c
d13c0ac3
42e1782f
1fad8941
431e2e57
9a15a7a9
de430349
40958953
009c8b55
f530529e
252c7352
bf56a006
93892613
17e25a41
c792f21a
a2183b27
f08eb778
199a6a8f
ed6ba2fe
e4ae0dfc
55d4dc2e
ff5587a0
d7191802
44813a72
af608caf
2ceaaa51
6daa1bb1
7cad190d
f0081e2b
5c2a050d
194b9928
c7b48c42
79e77897
291332bb
e837b154
6b7ab271
146029f8
29de2551
29ac07c4
b76a1ae6
77a687bb
0ce78973
14c22568
f3b74aca
773c080e
2fbfa998
ac970848
7bbb2113
ff458c92
e2f608b8
82082670
94c7286b
8ca25084
58d68457
7b9daafb
0b6b6056
6dd09294
0cc06621
3c4dbfca
28c8fc56
75275a3e
6767ae24
af902965
cd562ca2
15e48fb2
68710458
7d2d404c
e88360e5
3c226c70
dda3077c
34090081
3b742c06
e365722f
58156d80
535989c9
229f2078
31f28d33
c9a3503b
7a218b62
06143300
c0ebdf47
bf55d60d
480d9a21
4f7cd1ad
b24d050d
a950600b
0c5b6c69
1a3a60a0
5a1c95d8
3b26e976
976f761f
d5402200
1343e004
6766395a
9b9ecc53
06959dc2
7590ecaf
e05e3623
9206fa3f
b3ccf3e6
76004671
b747d02c
9089d0e1
d1dd7883
8cb2466d
69b9d9a8
926a6aa5
ba9b6f34
c97581a8
73bb1067
b87a2ea2
87a2e8a4
53b88ce8
60b1341f
ff89c6a0
d70c7c75
29c09972
0f1289c6
e07212db
5644e434
161122f7
641e3808
b213354e
1f6b1277
17daa6d8
58e96d4c
382c8456
44444dc6
91464210
5c3d0a3d
fa297e0a
c918b60d
2d12202b
15b22058
96cb230a
ffaf54b9
94036289
266b1d0b
0772d11c
6b3c2a3a
0777c80f
61225395
95a6a0e1
126c6364
d6ccf466
6656b806
016bc597
c35c1076
1be31007
1896d037
53913665
a3d42eea
437c7384
5649e45b
a7c699d5
261c95ba
8d90d9e2
23ee06f3
a4d6e40e
6ba5844e
d7909499
a86c7556
1b0a444e
4a899c94
11b5a442
11b298ad
9571c61c
39746219
aab204ac
7464b726
a3e3adb4
805af9a5
02ae1e8b
7b37c311
5657d47f
fcd281a9
95d60ec5
64725711
bb648b02
13b727ae
518c4bd3
1be826a0
bff07511
119d95cc
61a4302a
49528526
a02147cb
977a7cac
8ab7b6ae
22838ae2
11d3089c
6da87d8d
999240f6
f728750c
17d64252
01ca313e
d6cac826
834c0c70
00cf694e
e9a92c67
99012f58
24498424
14426703
97d9c27e
d3206720
cbd527d1
3f29b777
02c0b6da
55c4c9f7
053457b6
83058cfa
7180c0dc
330b1a80
8d58d05d
b85a8b82
3af500cd
c44ac577
811cb6e9
1ce37700
e4264bf4
485aa5d4
0c1840ac
73b5e2c0
aae37a8c
134aa58e
1982c10b
96364a63
b2e869ab
f1587393
72a4b803
a4bcceac
b4ccf56b
b3cf78ac
7d2480a7
ed856147
868b4218
88727b98
52aa986f
479e20c4
2f639363
07ada345
fa29c196
28a88b15
a8eb822e
29231602
a5f1a8f1
f78719bf
3cc6a68d
c33d02a6
494e8612
0474b565
6afd0b33
c0c1bfa4
1abe77ab
2d60841b
ca4057c1
885b830e
75f7a2e0
d1e50108
00000033
00000002
0000002a
00000003
00000047
00000002
00000620
00000020
00000000
00000620
00000020
00000000
4a71f1e1
08683533
c1bc157d
e0acd3e3
41e927e7
6a8cb13f
440840c8
6b803110
3b51139f
10cf8849
5a529c75
5c499ea2
88a2e03c
08b45178
9ad5ba4c
6d460962
dac07d36
b5542486
7e7e6291
c82f964b
04e7e8a6
8d1152ee
03027d19
1d43d150
dc6b10a2
122b0b55
6c9307a5
d03e1514
81045313
b8bb682a
4ec7b396
c7540ae9
8aab2c83
9e3e9a77
95698703
8ff102c6
9e187a81
2aaa124c
53f75843
6d018361
fc3880d0
bb721f8c
37b91517
26cfa8d3
85d558cb
e2b4c1e7
18c3cb5b
b5fb6d76
a660e5e6
1b792162
5d41af91
c087ac9f
c3daccb5
49ab3c88
67b54ac4
f44366db
38ba03c6
32cdc2b5
b6211b19
c1cae07d
2a2f9b83
84a94d81
b9727b5b
46cd004d
a8d03008
43189854
b1802018
3a32c472
3e88cc4c
696b65a8
f5ba1293
cd2a1300
3763a365
4b68c309
ae872680
147b542a
9532c5ca
ae614e32
439b63fd
38d6aa42
57a6c931
015a531c
bce67410
b1b73e2c
5e9a2495
b0e523a1
0403715d
d277d729
f25272d2
899a7e9f
f0a636d8
c41629a0
3509ba66
e01da386
c67d8596
0767c246
a95fe1b7
2b9c6665
30614c5a
0d93b10f
c1df5f80
a4b1a5af
1066a9fb
1ccc3c52
b714d34d
4374b11d
6c366479
23a4a181
4f45f094
343dae6b
7352628c
a136ba28
e9792360
6bcb1730
225f95ad
324487c7
7e749977
18a278b7
3af0c3aa
0ba2b7c9
02c7f627
466f4a84
5331beb9
ac7219a4
5ccc0f72
1ca509ab
39ba99af
90612ed1
30215b9a
9635b0e4
77e674fc
9e6a6827
e5297a15
18d9475b
ad383093
c16a463c
e7f807c0
5c7bce9f
cd55b361
d453caf7
6637f8ca
cb35829f
c52a4daa
5469fd30
a4857295
aaaa3cc1
8c56f56b
2961ec3c
a73935ac
4e924185
531ae5e7
4b9e718c
6bdc2ba8
84b328b6
1bcaa4e7
3240ea78
b3b3f21e
0809cd26
0ae66a32
60939ba6
e34db5d2
5546c807
225e3657
6a0a28c2
2248cdb1
009bb9f8
a23965c7
b0083ea4
817f013d
270331ea
9e5aa010
2c307cba
e3b34a27
56906a76
3a2fbc2e
525cc188
cf092b06
0bc2dc4c
a793c2fc
ad0cc777
e2737923
1201cfa7
881497cc
b2ceac12
f6181cd4
a5b635c1
935861a4
c6e2bd28
754aaa2d
902e44f7
e9b96a95
20ba82bf
a65dbbcd
9a0a3201
38bc73bf
7da6dbe1
7cf38428
1055c2a8
af20513d
b6da09ba
b4c61229
192a06e3
c9c61464
1eb90074
ec01709e
4bed800a
c6d0c3c3
0c872242
bbe8322b
c2177d55
cc8620bf
352239ac
776cdd27
1f8ea9d3
1ba011f2
4a298148
3b1653b9
f189ad62
8cf8389c
94011a48
c7f8c7b4
9fd3f344
ae7e6a01
93bbbf59
91071c81
63c914e8
38c898d7
976bd27c
1a239030
0992cfa4
a1bb0549
8c22041c
a1e61679
775436c2
b4c0db6b
385d51f6
ae864ec1
e8732c65
811f9f02
3e3901a9
934b27f7
a27a2577
c73ac4a4
427388a1
55234985
8f0271ca
6755838c
641d0fd2
2c2b7a98
3e9bd152
759a60b1
a447af5b
bc8be14a
77e261dc
8294cecf
a922d54b
97cc26c9
258c4d38
9fcb5608
87821acc
66a3161a
532f0a1b
36adcfb7
1f2c398c
7bb3ac9b
84dcb5f9
27386d81
6858716e
c76450c4
2f7ab975
d54384c1
255946a8
17f7454c
eb587188
471f0bfb
c2b5963f
ca4eeaac
12a11b23
b17c5338
2bb4c6bb
50e931f8
4f9afa1d
42be873c
c208cfdb
17d36743
9966e0f0
b3e3cedc
be47ea34
42a2c5a1
c1c0461a
6ed9b8bb
6a44a71c
6126c4f5
0fb6886a
3c9045cc
d1335712
4a40eac7
487ec9ba
960c1042
bbe0b4c5
b079ccfc
eb179456
3af518b2
3b0b1abc
c56ab6e2
67ca9671
b207738f
40189420
3f2cce0f
ff6f8cbc
6c3d44d4
817761c3
440bf8a5
54e16fcb
a4835a54
27ae98db
42990340
91916eb6
4aa60a0d
68025b34
14682d91
43b1f25e
c7a2bb21
88d017c2
07b27933
84c29d98
cbfc793e
69a55973
71f7cac0
ac808c5d
6942fb92
f894028b
a043ed7a
5871823f
14f01114
48786354
d01d657a
f3d1c39b
77011830
e1a0326a
7a4546ea
26782e8e
d75e70a1
d5ff6863
879bb0bc
21be7a3b
596a8106
b35bb9ac
8fbe5547
6aee93f7
6c178a54
eeaec0be
515c272a
1be84957
b6c45384
5cd10e21
887bc15c
b57a3b35
8aae6737
cea7d93b
96ce63be
835f7f64
63abf13f
ce47717c
f191cfd7
6ea0f168
979e40b1
25cb0709
b5617891
bd12a8d2
27d61fd7
0f197849
ca9b8ae9
db68b444
c9f8539d
19363788
2b474abc
3a88e264
15a45007
2ca681b5
1b51718a
01a6a34c
89a73f7b
ab47737d
3b226dab
65fdfffd
bec5899c
50aad1bf
a5518c38
7539a755
a0aca28b
0704a1b0
695bf4ea
0903746c
00b9f0de
55570af3
9d92db79
d9d3b1c6
7baa13c2
b4fb3f8b
00000034
00000002
0000002a
00000003
00000048
00000002
00000620
00000020
00000000
00000620
00000020
00000000
a66b1cfc
33e4a563
0aa00544
f190a70d
d35b3405
17b5800c
4d3a576b
d390610c
8a620e85
666625d8
d7485ef2
bf20ddb6
6ca36c9a
93135769
63a6a8a7
3a9257ef
74a21558
17904caa
dd17faae
797f59b0
6de9894a
851b022e
b6a882bb
9b38cd87
26b03b3d
424a6f89
8bd5378a
f8a920ae
47370e37
1bcc4f63
705bec41
1a13a68c
9afbe145
b8afa3e0
6ce21989
725820c6
f9c8dacb
28a48a24
86e85cc8
1a2fb41f
53d33ec7
bc694142
9a6a90d3
6aac2e91
011be0bb
cc00e692
88f80b03
3cb6850f
a04718e3
68055c6c
cc8a3185
15c857c2
627e896a
a5b1cb19
db1b451a
2c6c5a04
a112a7bf
849c58e5
dc94af03
5fc23f2c
8d115611
5b1b9919
cba5bd42
0f3d3028
ac404415
7a13e440
3f829aa7
faaa2bd0
4fe8f594
9c47ac9d
73b00b42
2034ee28
8c4596cd
e8236975
3d663d6c
e964c5bb
fc6eab60
c3243d82
3f1e9a9a
54e84007
4140061f
203cc7db
ccae0a5a
0471a4af
6102d183
320277b0
492835ad
cf0b1a7e
23ae9150
4cfaf970
7a5d25df
81a32bcc
cb93a61b
a87d93a5
d21c9f37
2b27b7a2
fe6a41b9
c4967f34
cfa1208f
fcc5b114
c507cec1
59918908
7d397646
fc881647
2f394484
3895b658
e72e1176
3ff6cb5e
ce988003
112695aa
b688eb17
4507a6c9
47c7a71a
11443409
25b70168
22732a5c
45d38c34
dd57bb03
4a102e59
649c79be
9721f098
3b97a081
7a0496bc
838f0021
97c9bb38
97650f00
3c3c9a1b
b97e1f5c
bcfbee56
377561ea
55824394
629c5f10
a811e2ce
00d5c659
852b4eae
c0c2674c
31c610e8
b3da50ae
8139d783
5ae32163
47c2d539
1b36976d
7512ce03
0cb6ef9b
cb61f27d
63095262
a8b78397
15b920b0
c1ea44b6
4197a156
72b18387
5a957070
0c93ad83
57b62261
82cd97eb
399a6262
028c5a60
6901632c
022101b1
454d64e5
0c595e99
c7165b7a
4f610cef
05d78c71
ca7793ac
22128298
b47927da
370c2a9d
3a1d15bc
c0825780
b773596a
da102677
6a9a5a67
33f10696
cd25449d
7ce1ac6a
cf8812a4
d0c497f4
c92a7517
93f2764c
4f0b547c
4c2a8e46
66dc7ac8
476310ad
94f2bf57
cfb2099d
0e21cae1
47582176
667481b3
3c0993d7
09ebc986
079c059c
d680d841
0bc73ce7
58f32f15
3fb867ed
6a007ea4
991b266a
830f199b
24331947
08a1f423
9f2ea0c7
9516481c
0bb343b8
822ca923
b6ae98d7
601a8a3a
0782bb4d
661209b3
13b7c399
48b6e515
16207b7a
bdebe742
2f2a3bf2
699920d3
cec6c443
f58f01f0
024f1a02
5e3b183e
0198aaa8
b6ec0c26
c65c174a
3b653341
6a07bea9
3cea251d
d56e1c47
c1ada654
6e5b9011
804044a6
6ab2897a
b5638c8e
4251bccd
55114063
a2049ba1
8c31bb00
19e99824
408bed45
fcb9b8fb
a74ccdd4
155ca129
d7720b33
a4174416
081a7200
ce355c4d
90b86682
13b81a47
670be510
f34b3d32
3c998a62
54404618
b411b5c2
3792cc28
445b50e1
e19accd0
566655af
6e28b130
492562ec
25e62f2f
b47e11d0
a66b1689
91d4137a
21a6207e
02ce61d2
a47b836c
8242e822
21219936
0070458a
b0bb1acc
749d23ab
cd771f81
fa47c6ad
8b8c1bac
5cdb63b1
13356346
40e75053
2fe9d67a
2762461a
71889e18
75c09e77
6528c041
57a6acec
bd36065d
6a0166cc
78a58221
002129cd
4d4de21a
99eebdf1
4bd0a0cb
0f6a0234
1cc838c6
79f647ca
bab60cf7
c151ace8
93353585
b2729651
c6c73aaa
ce62538d
42b243c3
ca405767
3dd15b87
769709b3
aa643ec9
876b2707
1dac277c
f83f7e35
26a60777
6b01907c
b3752d84
794ae97a
5eca2077
a01c9765
bd06124e
15a325b7
cca256f4
4735e71b
6795e5d9
d921cb96
6f689c7d
f4c9c822
05f1b3e0
a7d5256c
c4792a26
d88d1d93
bb4b35cf
5475862f
62452ef8
26a7ff93
f07192f0
f4f16f1b
1424a60f
1c82ca60
44d73d32
6e53babe
401ea3c7
2a3a1a14
0372f9cd
5c0eb166
39c75ca3
5e68bf96
243de02b
82241ae6
4305ab09
3b93b726
e19a5520
aba34ba3
026bba40
b9b18c27
2c23c71c
ac330a2d
e8bf3b7a
48325031
089d2a50
806396b1
46798b33
58810278
c8242982
9ea2246c
445e372e
061d5a45
7428d79e
7c971c98
56939bb2
9190f025
494dc32c
d5eec501
3c91092a
e5744551
f0bb99c0
383a3655
4db774aa
f44cab54
55500c40
f751a5ef
23f9720a
61046cb9
263cfaef
5b7d8b20
1eabf290
0636e7bb
c95b7d26
338a223f
43b41785
070d0212
90b7c4b6
8ef489a0
182c9b21
67c6e651
796a2f2f
d899af24
816cf316
65440766
4bb251c0
a0b696b9
947e500f
8eb56308
bfb28098
80b54f4c
eafab362
29dcad28
9ed15d34
00000035
00000002
0000002a
00000003
00000049
00000002
00000620
00000020
00000000
00000620
00000020
00000000
8880e069
54093c46
8ac50762
a65283e2
e5a37b91
71fb2139
0d461bd8
1047a098
a1e13172
ac97acab
e04e2714
4c2a60a6
976b80ad
80eb00b3
67585017
4c4847de
a37a2079
6031581f
791e3480
a04f2c89
ad73be0f
7e14fbb4
613d13fa
adcb4226
be034020
b9ab3df3
1180e631
8c4a428c
18c75456
7b1c0715
bc18fa86
fbcc07f8
7930d9c4
ea13fb87
f8787503
2b280091
975e683f
18a2044c
3bc36767
081444e5
3cc92d81
a31c2688
4eae8299
046fc191
8364b42c
de817810
580685a0
404cd42e
314f92c5
063b0c8c
04ebd764
cc861ac1
3b35b024
b043d821
92a4e9f2
fcd131e2
8144b380
202b41b6
a3407fe3
5ed9b672
3c5c05b5
29176da2
40a26086
bd69d5bc
f807b906
1d02b146
d3b0d2f1
53279e40
9c760b65
d491a898
53faa769
0db9a6ad
7060673a
3341442b
0298c934
2570acc7
ea3928a5
66924e67
ec4d61fe
9c4e50d3
65f9420f
f7856a05
786ebcb0
646655ba
80a365dc
e48e9454
0bbaa08d
6848b194
9604b216
1ea31ec2
4fcec2bd
9aa10029
868c0769
20b2120d
e9b788f8
36a8ef04
d8ad514b
78f5a956
6f3c3663
054285dc
93e44487
b26102b6
449578d1
a1890e7c
aaf60b26
2f971964
84534009
77d8ca12
9f43f80e
32131f87
8259c55e
26104242
251d210c
bd12d26b
bb7776db
0c5a0a60
ae70fd40
073a776e
65407752
2a3aa4c2
3735c92e
b88f0558
098b6179
7e68dc8e
1c8c6287
0897ba41
58b0b16a
741254f2
b7111931
981f95c0
76c3c8a0
95d8ec66
9f2855d7
005931bb
3773f7b2
722d2725
332c3a33
c0d4ec02
4593e3b1
44e746c9
5b3966c2
533cb525
8c5a5126
1795147a
3720cbee
db0069b5
95050496
80037239
c5855ee5
9730b60f
3272419a
6605a466
9d4006c5
b7538ba1
b5d58ce3
b8d53585
9aa7168a
6a2d3dd0
8ccc4dbf
07c61053
05ba2766
47c2cf18
1951f9ba
23ad17c0
365487cd
6745b20a
355d3029
7e3020a9
f52e7703
788d503c
7a6bd61c
a36a2be7
606d41fb
5c2950b1
f7984872
c0c194a8
4a51d860
2c9585c4
da778423
caf4f97e
7411aa4b
50dc0e2b
78391191
312e9500
f0073df5
33b618cf
e83780e2
aca73a3a
1027ff92
ba902cf3
37c1792c
771a1bb4
c152e609
07015b9b
690a29be
e6cb06ee
80c481fb
6e723fbb
6872f683
a6440d5b
0de78412
a5c05c3b
9cccb7b8
45872c3a
1984051a
0cfd8a05
72926ace
4b7e361b
9574b537
408afc9d
8918b189
d9902228
81997855
f121754d
e95192b5
059c0746
481623c9
635b2d1b
bd60fe46
805ada60
b727ad00
741bf96b
e2327663
faa52732
304a5e4f
1cab4c0e
868bb3c1
a4400ccb
5f98e962
427d539c
b6223a89
6f6d8514
46127008
1540477a
ae2cf82f
d6878e84
35e98250
b71a5003
47149bd1
715b93a9
9d3d944c
946e2795
7e5ab1b7
f33f0c36
c788401b
4c54ae88
4d71d499
e04bc2a3
9cc45a04
8933479c
c9c31d2b
aadb9d12
c8978c45
c60a37f9
480be057
3dcb1028
73e34cd1
75a4315f
00a1d836
74c20044
4df2e312
eb73f684
0ae37154
a4842db5
8a6d85b1
4865197c
4cc03d01
03b76923
7bfca1f3
8031a762
6ab4a1a0
a5ee7db4
8a5b108a
c2b683ef
e31abf72
a303120f
c6a440fb
b711b940
13874805
70a2c12b
f5812fb3
7f2b424b
3418c619
93a31fa5
4f025e5b
2d4638a9
95a30651
6ee32bc8
7743951b
48c0496c
a0f4d19e
177958e2
d67ebe95
3adb2247
1ec5431e
c8d3231a
8344962b
f323bbc6
d5f52800
cbc29d9d
2257ec3c
9ab97095
96036040
b6bf84d0
ea4cca8b
281b729a
3c1f9669
f98988d3
157a7559
85cf84f7
b13374eb
9dc5fdae
af06a8d4
6a9816fb
c832475e
500dd3a8
2a76518a
07b6b827
ac160274
f0066ac3
8c335a5c
012634e9
8aa2cfcc
5ecb8c22
08c8e195
b1f9772b
b95c975b
cd1c4335
c2bd2374
c23bfd85
ce312306
49f52348
31b7332c
9771cca3
d5ad886b
31564e46
82ac42fa
564d415c
6c6cff7a
5f061559
53bc7f35
5a514461
b26f5211
8c0d9066
b9618633
046f439d
068049d8
0874a0b9
e88b21b5
98c14dbc
c53c3c87
076144fb
eaeb2915
00790268
5d85b756
c1d04d55
7ef19050
4e7610f1
fa8f5337
41579e0c
ce1c93a2
469f6d9c
6f26389c
1b940437
b5091a71
aae92447
7ca4996f
cb6a8b16
cd46dcc3
25400556
c63b8c67
cd981401
8981ab51
ec981ea0
50556783
2824e094
d059364c
3f31ce61
f161bbe6
a4abc1bc
1a9cbc59
7a04d0d3
54c55a81
76d6e00c
8d561017
288927a1
97461571
c42a5a0d
83018907
44dc4809
828a7395
a75c6b58
44de021e
e3597c45
534d31d9
ded88794
2ccc4792
f7f859c4
0674b76e
0b1f3165
00000036
00000002
0000002a
00000003
0000004a
00000002
00000620
00000020
00000000
00000620
00000020
00000000
2a630757
e835bd67
54cb64a5
7bb19612
186c0b40
57cc7933
ba489456
b3a65848
b2db2491
a8691a90
189d7f9a
450810b3
a895787c
27e9bb3c
3e835c15
9a67b23d
1907520b
1558fa89
8293d9c5
e0b1bce6
cfc14215
f60b25a6
7b506761
4ba994ac
ee0546d4
48690ff8
08018706
c33152ef
50256864
a52bc3be
c39dd5d4
e8d4c6f8
c2fcd12e
c18bbca6
4ac09ee5
19b7351b
7c0f9630
a2dc1706
7a210379
93733a36
34147f56
81707e0e
0793f0b1
8cef460a
2d69912c
6314a739
b7570c32
9439b754
65bea383
e8d501c2
9cc17bb2
ba015128
29f0222c
b7b73642
b8038783
8a0c1712
854b8d09
c930761c
998a0459
4c72e1c6
82c70c93
05f30f32
a2d7bb5f
01c7646c
51c80754
a9a37da7
1dbb0c68
a9969644
4381d831
a074e5a5
27138ba3
8d22ea99
24b4122a
f3a8b0ab
17f39b9e
b36a3ad7
a0752c18
49d72f62
981a109e
9c237b21
7a4b2924
47384c55
0b2d3e77
3ea66d0e
dc6c9624
57457159
88c0f82f
ab0fc7db
71fa1cf7
5e25b4a0
6e6f2941
c58e38cc
834ab5b5
9d73308d
3b6c02f1
8788e339
f635a9c6
6a87a903
77002f03
1f1f6612
0c2f2a97
4964c589
33825a3e
34ef1dd6
167a3a00
524257d2
279474f1
468b3270
4e43608b
b806b785
bcd0ac82
989c7c71
aa7220e8
140a1854
40bde82e
d6632215
660addc6
fd1a8097
214645d1
3cd3f9c4
821594b3
c5501217
40e5d2ca
5c4956d4
e2b85ddc
3cfafe1c
0da8aa09
e2444388
7e5010b4
53161028
c667439c
26f00886
da5f6410
340f892c
c1941ac6
3c3543ce
ecfb9d7b
c856600c
32adb187
219fb7a0
3c176fc7
21aff5ed
46a2b859
9a75e9aa
53925999
698e4318
72a0dbbc
b10e7bde
ecdc457b
2b936a2c
dc6368c9
d2f6b368
4fa7994d
0f351932
88848f80
c0d0631d
0ab73330
950e3d78
4ea77961
424f5393
4a648377
af5a2301
27addbc3
0a56a15c
72e9c324
b214fc7b
11f63a0a
ba728492
5e40862c
9a45cab5
582b3120
f452eaba
dad1ca5c
579bcd89
a23954e3
11207732
c0d3fa4e
6c450888
d440bc83
42cb8171
3039f2a3
ab0f1b81
3e56d5b1
34ce7ce5
34b436ab
13f42b5f
c909cbed
9bc682d4
083198c4
5111a40b
d1d10347
90f0e509
2fa6396a
601b3ea2
63d4d64f
c754c79c
55afba68
a8a5379c
b9c64383
fad96779
77a4920f
cc9ba079
ec95a871
b9c63e4b
8c0eb2dc
42c3aaab
3272760e
cf11c63b
20fa02a1
5d398891
5271c538
0c9d0079
cee856c7
c58eda23
90b8aafa
8796f364
d92b5488
e63f1c82
b7968c1a
97a0fa07
6b4a2f70
a3076827
e61e5238
50134320
0c13188d
2727a76c
77091be6
8dba6929
d728918b
f90d1eaa
5599a9b4
6fa42505
89042065
22245505
37c1385f
95c548b5
2cb4901e
1b6fb6eb
1695ba42
8db2775d
6b124aa0
c850a655
27c42346
33b83725
4634c663
5c9c5208
1ba1b6b5
6c656079
5f80010f
a5421b1f
0c4390a0
aa18cb5b
6ca315b0
65151bab
2df3f868
febd60eb
db2f5be8
425a2e8c
8b76e3af
23f1c6e5
3c06bbc0
c43c66d7
15d70342
cdf52b71
aa93e980
e7875767
a712f08a
9cad8277
c1860eeb
3fb7ec0b
a899e398
fcf5169c
7bdc820e
92238b57
967141db
76968204
ba278a44
68a0ae6a
34e5301d
d82bb2c1
b3f75236
2f08bc1c
ee370343
9c2db357
06192122
0d22923d
08b77294
4c3ad309
d4c5e6c4
551dc624
1661dd97
f94d7b28
c96710d7
412ac405
34ae9336
a96c407c
771b3590
2323c49c
63718e77
c3819921
13a69414
2891ca6a
3e3c9f50
c3abb512
66d89c15
c4270e3d
0e72f735
a68e6233
3cf36e55
31bc5c0d
87260191
3b081b3d
bd703826
4ba55498
9f1a1b7b
9039f095
00f6744b
a0a0cc77
1080d703
02e0a6e0
b733ac8a
41129acd
322bba0c
b60bc46d
4f65cc5b
a2b1b980
1ba31935
a52f4cc7
4361015c
3383a0a5
ee1a3037
34d9444c
9236ae72
513c05c3
3111c8fc
526ccac5
cacd7af7
a52b59a8
ae3c4a92
f698d636
23d26779
6e0954c0
f90eb16b
57154c28
211a7543
2162c8a3
d8304059
7c4a996f
93812b08
87cc7a61
966179b4
b3a53cfd
82462a2c
672851ce
8e2ac1ff
b5a77fa5
396af349
ada56c68
b682c6a5
70b79f65
b2400143
33b8b2fc
7af5cbcd
1f2d4a83
5a594bd1
12b96846
81c73bcf
0ad015e3
c777541d
dc07ea7d
494e3738
5b86d15a
719e860b
b68172a6
4a960f8e
adb61cd4
ba2a05e3
64f1264f
6a6c84d0
4a440a29
91cbdc8c
a989218a
0754c556
54719421
6b8b1eb8
f6069c59
066f68e2
d4534d1d
988cf103
5863a2f3
8072c36e
58cbacd4
c59e930d
c7ef5b21
f386c386
b0d92291
2d12347d
660c0ad8
9884f993
49cd976f
00000037
00000002
0000002a
00000003
0000004b
00000002
00000620
00000020
00000000
00000620
00000020
00000000
2229b31c
e6080852
4b55269c
125d6825
6a78a962
033a9d2d
8d7af178
e0d01701
c93c1d88
fd47a81c
5b551af0
8d74ff96
003c069b
51b5bb4a
bf70418a
b2bcda58
c804b7e7
5624aa2e
347e8598
20431c9a
53a4cdc7
c08f12ac
2acb71b1
b263353c
e80c63f7
1cd4305c
be397aa3
109382c3
7084af64
3efb39a1
983fb5b1
37f64911
8e922a19
104d82f6
63c8c829
8420ab0c
16556764
e87e864a
6ff154b8
8c7dc1d5
06906185
55e1a993
72987ad0
207d0295
0bb841b2
1488c5e7
1bb8c7c6
6b860d40
c43b5428
c9d8a072
38117c3c
44804460
21729d26
931291c2
3d184700
56637583
24c8f4cc
1f7bb9a9
9119bda8
6ee96319
3120945c
35507eb6
7ea7fa11
e259a249
4920caf7
7b304a6d
830cdabd
271c21d7
0f30d63a
cbbec26f
aa4034f7
1ca4481c
2b304199
007eb964
5297ff06
6e991209
39323506
8c47c0ba
fc557b9d
54278e06
4ab8fc5f
b46d6627
686a2d7c
35046ab5
2b11eb44
c9bc1398
14948056
31877300
94fe5721
a384845f
ee0c4350
a2847b60
3708ef95
45a576d9
993b7839
41343049
2c3cc652
855d5aea
4f313d4c
04148af7
1377a01c
48d3b876
e5ae0432
08232a48
880770a9
713d3a57
b7e4057c
4921b90b
ab25869e
e4bf856c
08e7fd64
a2cea121
ac033055
6e643fc8
a9c44135
81c8c65c
5626291c
b6769463
4979b6d6
0c65a68a
03476335
7931b1fc
9a867b25
5a34ac8a
004fc7f1
4b7b99a9
ff02a7ad
663a87f8
99775337
0b7d7907
0033b3ca
c5bb5d1d
956b6951
3b560047
84543c9d
131074d4
04352cc8
8230bb64
de4756e8
49f818d9
85c50a49
829479bf
eb07b9d2
99a0784a
ff8d7212
b1737f4a
a387a534
da6639e9
c0bf13dc
52554dc3
da0f809f
036d1404
42c8116e
267d1979
c512034b
ca60a601
464140b2
978330c1
0782c992
81421683
ea934d16
ce3c6a29
8d27db10
6a734d4a
b46ac296
ba93d2e8
e0d507a7
53168250
2f91c09b
1889bb52
9fc8e99c
d233399c
d5f83d92
910c3308
c54aa114
32f1632a
01660361
3b17b344
691a30c0
c194188b
8c0c35f1
18aecc37
6750d498
8c2f28ce
6a9a071c
79f03c98
d91f4a2e
d2041d65
33b833b6
bfb90c0a
141206e0
a5c92d15
dda1cb13
1af263f2
68214956
302a1516
a56ecf7c
b4284a67
500b71df
bc76baf3
5fc14875
886c463b
c84727eb
abc36616
1e6eeafe
4b099b9a
5468a18c
843150d3
604754a4
26446261
a678c5fd
39b8a819
29e97b59
be073852
3c2d4748
49211e2a
568ec0f3
735d0d82
5d075320
215d6752
67e052d5
78079a6d
3a1d0afa
0b543466
2b91a434
8a6a4acf
70bfbe56
47c47ac0
f0be903e
3475b9f4
12a0d320
36557cea
4c7f7a68
c8b8d41e
f2cc1717
a80a35c3
2b83ba47
051f8cb0
d7c032e6
be41195f
474f84de
ba0c2e98
4934e7a5
18c6c2ad
da29c8cc
1b20f1a3
411d275f
55fa3cf2
48d7a7ad
7623ab07
51a0cb48
60e1ca42
363300ce
1047a829
8b07b889
265d4372
63f5c519
b5d8029d
d8c9d259
01e01261
1b088020
208b650b
67dc16a9
29c58982
6047b72b
ba4c274a
59f88131
5aa3e253
1360c096
4d22a90d
5440380b
f04955d4
c1a43161
de0477ac
616c21e1
57100845
fea5d3ef
baf17125
11241e71
ae8e58ca
d8732cab
3266a0a0
ca34ac4d
7552ce91
68c9538e
7688d607
ecb39351
71e79c50
52b94012
6738c3d1
51dcfc60
c6659323
040987db
0b749c02
e51b8529
d49c15f9
aca09616
5f775090
f4460b90
8c807c37
0587ea18
9496b714
37dc9574
e4c7b5ba
d1239fa8
053a7e17
31373b4e
3af38ba5
9c7a7b81
2e45615e
b3ef4212
a8546c2a
ff168ce6
0a2d7431
6f1ca1bf
45637468
56e2a1b4
2ca841a2
6d8992ef
f1e21ea6
55723127
95b1a745
e72fc498
b087f36b
c63d4132
11106d29
9cb7058c
a9cfb75b
a9ee3185
9cd18d5e
37a1bbf0
a13f9942
b6118f2d
f0a70466
b0ad9f90
7c37f4c1
b9ce58ac
d811ab12
760cda78
db05ecc7
badb8099
6be1c220
ed56d1d7
614a4bcc
21c05018
57a4e117
ba0456b0
49217d78
fe58272b
7798a260
0763ea59
f8600ca2
33cd89ec
2a703705
5972ec75
99325d3c
8ea52ea5
a289a1d4
4a18608b
6e060595
5ecf482f
e8a6086a
97742015
bbbdfac7
c9d609b8
88a6be48
c86597c2
bcab4683
44007058
7d18ac4d
da2a6064
3cac6270
7e78d913
6cbc5436
1312339c
5b35e530
7cae8383
cdb4b686
10ba724f
f5b3cf3a
4744450f
96aa61c7
16146e62
2375f158
9e63d8e3
3d18aa14
f5e06536
a5445616
cbea8e27
d1a8e8b9
02a6e6f6
f7c6155b
ab73d772
d009c92b
a4ac2bd4
eed6cd24
0d50a21e
31bf8039
6a6c80ff
3bc3d8f3
00000038
00000002
0000002a
00000006
00000061
00000003
00000c60
00000620
00000000
00000020
00000000
00000000
3d0e2597
12c5cebc
c1cac4ad
958fbc74
182a2af3
0a5cd60a
6ba80540
b485bf79
4facec7c
b5cdc80f
22f429d9
88ac66c8
0619b9eb
076a6bf2
9dcb2571
b1249b50
c3c1a76a
3f697199
913fa863
f10383aa
4aa5d807
e1c13b79
14239378
a771eec0
c5a3f1d1
66d62336
67801721
375f08e6
1a40c2b7
ac50bc50
d21458ec
80cb20f6
a2188939
103a2966
fa692203
5a2092c9
16146c27
629f6304
7a559cc9
258e3346
2354ce70
bd71712d
6bccccd4
67b2cc0a
0e10ca42
2ba5b2b9
87752ec7
0b9b7c67
6bc1439c
149360c5
767b621d
de6f4c98
04469804
64283d24
7ca5c831
8cab2b31
598a46be
4f811336
8c043967
9ccbaab3
1997a932
dc2f5538
b156f00b
01092bdf
a2342548
794af455
c4007bc1
e5eaaa85
4f569173
69c527e1
7b989536
6a1ab167
6d874340
41eb775a
a2d0ff63
03a738a5
161c5eda
4e13b196
6e3bf4dd
5a8958c1
a4b52d61
09cc93d9
c75739e4
b5241e6f
1b8c4773
38ff4242
b195019d
57a6e8ff
2c462898
699c84b7
08613204
d8167f02
72d85bbd
d2a480de
c33c7fe7
9ea61a00
8119474d
03e631e7
09663b3a
4651212f
17fe8b50
24b42a37
5f4a97b3
764c0b9b
8200c6c9
0295913a
034241a1
aa8b24ad
6c9e51f2
c97f6403
bc3a2ac8
466f7926
b5ca6f41
3bf74f5d
64353964
c02b68c7
ca173470
cabfc396
e20c9597
719c459a
614ad8d9
12052ff0
549a2f7f
8050769a
2a752920
7fe026a1
adafc250
cab65901
3b772fb3
a4a69c8f
daaf0f9a
66627c80
a59e4b7e
a2cc5c07
1b799f2a
0b92a983
aa2b6962
c94a9b3a
6eb4f520
866f9bb9
9b76069a
4a0cc204
5ad3754c
ccf01e13
73b9a90e
955268a7
83894acc
4a2e1aac
b8dd8bcc
95ea116a
eea9e896
856a8a33
288be870
d4b05bb3
c483ba00
7cbaaa1f
78213626
c11fb470
a1d1a682
8349d509
d3297a04
c5eaf572
72012991
75beb103
18b5f966
2ea28bab
24f8b8a5
1787debb
e359f5f6
d61f9879
b5dc1f8a
ba752c7e
2bfa130c
c9778959
943a34f4
0c133b5a
898a6a30
6675bc80
34400455
5a80d413
d97da74a
974935a4
20d3c81b
0f998647
f770047c
be16d73c
d01f359e
8788b256
453425cd
bf1511d8
670250da
7577ae79
4b0a16cb
5aaa7973
48f4be34
5da2158b
74157717
5cdb468a
0342a90c
d2b252c6
abb13707
610c53cd
13696fd2
5f4c347c
c1280203
562e6e64
38061474
4268b200
08e0b05c
70368cb9
ae6b180d
03cc6307
c6cc2900
4cafc88c
c4f50910
103b3a61
902ec166
198ec4c9
759711b3
9fa6c28a
c92bab2a
5d2b5642
1b83c078
21447f3b
33ec7319
af3c8a97
b61833ec
8bc6be80
314354a5
7b4238eb
b666c2aa
4038667b
0c151e67
b5a59299
967e5122
8bb37da9
68a81d24
7636d2ac
f4117232
96015660
1c88bcf4
58f11222
53c50530
ad4e780c
c7e9a351
059b5745
cf55416e
62c614da
027b9e8a
593e5602
d14f08bc
b862a6ba
a8ac8aa3
9699cfe4
3a240c9d
0d329588
8594a380
c9aad912
7f8dd0e0
91dbcadc
766243a1
88acd8eb
063689cc
c8ca81a1
265f4357
076bb32a
88a7c3be
531eb882
e5e5793a
9da48f4c
ae33f068
82eb91e9
2d02e893
7b094443
52fdc006
5519a024
94701025
b920a658
56668a8e
4152f7d8
e868bbb1
3c6ae922
ff9b3302
3455c499
bb8ac393
e22056ed
88f37c21
222977a9
2a62003d
cbb595ca
75c0e2c1
9354dbf1
d2307176
8658e4af
861a8536
1b9d4076
7657b655
26baa750
5b886cdb
9516a904
1950bc68
00e64d82
6347e9c1
12b5305f
61a09283
075939c7
9ebba350
59815f97
9c193f67
8b4f82a8
e0f15bd3
8adace62
3ecfccc9
f413740a
96652f2c
7e243052
a0806cf4
4c58508c
e4157788
47ea56bc
7c31de8e
c40feb5e
fb623b57
5a79dc29
23c56990
166dceb3
446bfebd
2892c60e
8373b918
a984743f
b9b3e759
a1c0ce81
1458d436
625cc729
299ac211
6b5636ca
02b2c60b
99da963b
20b53a1a
07148998
b7678b7a
4cbb4709
c474392c
7212a758
453ce0af
f804eb9c
837a4889
8c64a665
50869475
33c65641
71cc8247
3465f0eb
73593adc
6d425186
467d52fb
273269d4
a952d777
6d58e06c
f1241370
9014783a
ffba75b4
e03c76aa
bb9a6d0b
a91fc608
e3dd737a
5e360b80
1eacb561
8665c2fb
1ebc3f62
822e50d4
16c1c374
1de0f026
d4cf5bfc
7ccb68e7
93d4bd69
0a1ca0fd
428076d4
21b0b389
a25ef785
9425796a
95f5669c
3f030bd9
590144aa
9c38ec0f
9e4f6b96
9453a686
c3739156
f74bab09
eb2e2de9
27d1e821
511dda33
0a5f2573
b7ab80c0
01a043c1
a9db7735
2270b399
8653d7f1
403bb013
cb8c6e59
cb522ce9
8afc6189
8ad83194
fe8b6594
d22e6b90
9b53c495
311919fd
d6db9db8
37d33c06
177e6a2d
55fd4cc7
c30c23c9
1168c4c7
b6926c43
82d8056f
748d8787
45647fbc
915bca54
d291533e
f62574f3
ad04b697
e9c00c9f
539466aa
1e1a4886
9a8077f1
15ac7c59
33643836
aec1a914
59176fc0
048bbf18
560590ac
e68b4f6b
b325a808
6f4393d3
33cad009
b887a7a5
f942728d
98c950c7
cf995da1
a5b0c627
478e0ad0
ae099ea3
4fb2d86d
351eb0b6
3c494f93
c83e27db
65f6ada6
77e7c233
719e63ad
ac1b6967
94b4c3a4
7753467b
00b15bc3
20b4ac43
d1ad81d4
0a8fa310
b3230a90
d878fb87
a3404eaa
b8022e2a
e60dc1dd
e5947137
8c1bb01e
8e952a9a
dcd6bc85
3b09217c
ee956829
53781f92
bde13e18
dfa9a9e3
dc95cce0
7e893695
16289869
30abcef5
c8e52a0b
51b28453
36ec926c
7d6b4b9a
52b41cb5
c8d2af61
42384c6a
90809b38
76ce3275
a2d920ad
79c050e8
3375c183
1f12a115
6cc6b110
307f7fc4
cb121d70
246d484e
c35467c6
6ec81eb0
ba56b0b6
476e6377
11facc57
75122264
37e62644
5c68954e
6f8d72b9
ba3e7e35
1d24cf3e
d9158511
e59640ba
2501a85d
183dc16e
20dd3420
3002da00
a482c25f
ea9405b4
06d69b42
f3451026
f07c7db8
1dc74060
4b1b1414
d5fc5041
11ec3fac
eda0b9ee
e8f1cfb3
15d91c0b
014146b7
c38b8b95
40348d78
067ff4c7
a35a0e14
91a28bbe
b9bb2bfe
fac97116
c6197607
d26899a7
cc8b76e8
16db2c05
d187e957
26be93c6
2cba752e
adc88b08
52b2b7f9
8f160b5b
c75a6af2
acad817c
bbb22e2a
2d7bd953
830e6878
2615360a
16186678
e2732937
5506d757
dfc2e9f1
b44954f9
861851c7
0643d1d7
f12ca177
1b773b84
e76fd70f
e1b78110
cc37af65
faccd0e7
6a4d1271
a600e115
9b8d1a6e
ba910c15
c281c6be
336ad9fb
a8324088
052346bd
cb2703de
0c093af6
68b5e42f
4a4bb5c2
9c18b3a5
08dc9f60
c00328ef
4c2559dc
61954acb
639cf136
d9ae8f76
1332341b
0ecc6a87
30fc1a14
be6568a3
c9ca09d6
72286305
ad590e68
3263e7bb
70253fe1
c84cbb97
78b24bbb
d81f33db
640a0f44
34bb76c5
abff7371
1a35cc65
a8bfdad2
472a5422
5a45d17e
7a4601ec
8b835354
8cf31db7
88721a26
ebc41072
28766dbc
9c47c867
462c68ac
a648e252
be327167
c2f9b156
8a004eb7
be448c87
43e82de9
35589751
db09b413
fa9db287
a10c9232
7337b444
c6f0708c
2920588a
e86fd679
3cc50bc5
52601728
c44fcb07
b3ee4f78
a48a5d27
fa8746a7
37556c77
acea674e
b5958548
bc5d44a1
ab1c5428
b24d325d
d3c667d9
4a14ac71
25a8eb9c
b00b0488
9b32d4c8
aa7ea981
9a64bb42
4b420a96
f91dd3ab
80269737
5524e17e
25bee032
c3ac6325
3f74cb36
ee398869
294e5f66
70762341
2402e331
687879c9
b069f305
327722c7
905eb5ec
b0426acc
7226658f
724441bb
324b09ab
e6037888
64da57db
4d09b9b0
4b1529fe
e053b8d0
2e2c05cd
e4024953
93125648
0af61cca
2a12d624
f54a157b
86a46397
110df461
60bbc3d2
216030ab
3f9e65f5
8bed96d1
b817c559
a857c492
06b8bbf8
b7b831ab
7b37f8c3
0014a279
ae1ce02c
5d877599
60c69c2a
61388fae
76a2b703
143d88dc
36e9bf5e
e590023d
a0b63fb6
838bd24c
026111d8
0bd43dc7
09e0b221
d04e9258
54f033fa
a4e68862
c74c9153
6b8782a1
44265043
a10f052d
45dd3b9c
3f009815
56a19258
2a8018e7
88f4a1a2
fa46912a
ab7bb778
2c52bb9c
5d299735
394079a5
b670ea6c
1cb48229
f35eae07
6d1a593f
99c17814
245d0225
b960dd37
7a093394
36d163a4
a8ec9ac4
f9372c16
da5c0c29
41da0e4f
200a580c
0cbb253c
77990a36
b752d81c
fca63f3c
9d90b252
9e9d5295
a44796b6
0b399228
c6bcc31c
a16ac8f9
2b73f809
5ca876e9
461e4098
ac5a0fc0
d66d2850
3b1ab148
12bb2345
3c968660
a7928574
bbd91e26
8728e665
f29022c2
6fe8d3c9
02419128
b0a1473a
042a209b
c644b448
c5241432
acfb8acd
78c14bd0
c91a5486
00d64f0c
77343051
03b47750
11aa097b
e27e68ff
5b71c56a
0f43f33b
86028ce9
4000cd17
aa851944
f86318d4
545ac919
49000f94
f539048f
85514ba0
5796ee06
e508951d
c674a5ca
34e87a68
ae1c78f8
8ced7fb1
3fab2187
d0eb93ec
10dca097
604393a4
d19ea880
82d69051
4d3f6f5c
3e28b8b7
dbdf2d1a
378a4cfd
9655bc79
aec99a5a
4e999a90
7962face
0f26fcad
8ad78636
956ec9c8
731ac6f5
8cdb209d
63630a7a
ed04d74c
b2dc7faf
e89b06ab
e26bd9ca
c096fa3d
d0eed42b
3ee460ba
669ab7c8
25c26e8b
48b7609d
c42b5cce
ff45a028
1287662e
48d1e97b
143f2111
65ed398d
519e5012
9b3d5460
c0d57f73
3e27d574
e5e4f6ef
100895b0
04e6186c
27c9e7fd
cdd45dd2
37b7762f
6ebb580f
8d699807
68bd55b8
5cff1970
acb62a9d
33398239
a44b3d5d
4c99af65
0c414691
d97653ab
7830d113
1501b1c0
f5b79413
cc907c84
c30887a3
7e25fad4
10e04461
9998ed0e
ef021860
5b7b7d33
7302261a
a5355bea
8db41ff6
43befc13
f4849e86
1b1dcff7
db61ae6a
f67f5de9
aa7c58da
f84e0b3d
b39bb465
a9439a14
63b79cf8
3b36bf87
cada7f0c
85aacdf4
90e41518
86ca7c28
6624f4f1
04639402
6804a970
3998b3d5
a075c2e1
1803f37a
dc0ec5ff
a54fa234
35671931
adea8be7
e6572016
1792afb5
86ec1b0d
322415a4
05d7fc13
4ed32c0a
c742281b
393ce162
09956a66
03861764
c2fc7d62
3c580ada
512a0dec
1f9effea
58fde45c
fd9d23cd
68ced391
d3e8d53a
4ede5f00
c6b29f34
569252de
68e83115
8e2191ac
4737122c
9832e2bf
2fec1f48
84c87a12
44696c57
ca2a9bc7
67def124
1078d1df
3afb3206
20d944ae
13e968dc
817d2de8
f14ad47c
6e854619
327f88ea
08ea0912
b7cd94f3
1f210821
6a83b170
42b6d67f
7f7b982e
e334dc8c
4362f5b2
1f445e87
e2a550e0
80ba63e9
d3ad024e
304f526f
cafbd0b6
3a838e4c
6a51be52
709dbfd1
df0cd889
09aba748
195a17f4
7f9e0506
70fbdda6
e7d24342
f4d7fa9a
becc026c
7fdc645a
79eee68b
ea5dd3ed
da6a47cb
073a1183
68c9658a
a23e6489
292b0fbf
4e6df77d
e9bbe9c9
83dd93fd
7f82a09f
a13b13b2
e6ff2879
749dce4d
f2cfe9af
ee9a97b7
a8ffb675
7de97351
16eca310
add02b46
aa0a5516
5816d745
9947a74f
8e3a4f2d
9a86b02f
6fa23534
c873b721
a876438f
c75787f6
f0ff8f67
66d5224c
46317bde
21932b53
8640a6c1
bf3a8301
fc46502e
6a2e194a
3938ba0b
68733b9e
b9410baa
71396f88
c31dad62
732cb921
80a24051
8de05082
15b557f5
355f23d3
a3fb40b5
d04767b7
7d517b37
511cff24
542df648
ee541ef7
afc0a2bd
b4c92a7b
59cedb20
9c1f7b64
e5160dc0
de6f8fd0
22421fcc
c4195cc7
eb123802
1de186ec
f137d3ed
1b13185e
ac56d8b5
e1f7c519
3311e4fb
2b811868
ad552d47
02d2a9a4
27b62e32
a72b4a0e
c1e1bcb1
51842a35
b656b48e
28e470f5
564bacbb
9352ac53
12f3cb27
1edf23ee
4341d972
e4a935f0
38ecc6d3
a495070b
5c7e1818
7238fe90
2af8d1e0
6a202fac
45a76ece
2cc4bf90
625759b0
20027c3d
9e145423
3a32e6f5
718d960d
07adab5c
0822feb6
dcc8744f
0a3eaaa6
8d4cdf40
89158185
b51847d4
9f356037
959fc3e2
dcbe8ec9
2c83f970
5f81703a
3a8a2399
79c4299a
54ec1ff3
29741df9
9f9ca714
9d88299a
9215cfc2
6bd2c564
962bbcb9
83d2a180
5d859050
489d0f68
2eb8cfe5
fb0f20d8
6c62d81f
debcc6d7
2550a7ad
4f185ff5
0eb4c232
6c6211aa
dc013587
cfd13f8a
87e84bf1
f118e726
d9936e73
b6678ac5
2a955c2e
ebfe2639
0f08e80f
002f8e19
78b57ad7
e45c798e
ec4b9945
f74e5ddd
f3ea82a2
391ac823
9deb6a27
117b7f4f
a60429d2
5f1412b5
ca2b6c17
8c177163
129bec18
b1d133d2
52fc5305
f78f3562
013bd3ae
7d9da755
1b7d630d
d5d638c5
ed837c81
081714d6
351b9464
15f6a127
258580d1
7b83fe8c
0d5273df
ba7acd94
0a8aa432
8066c380
d8c8c3d7
0c95803b
a2aed91d
5f756b40
7b56da6c
51633551
c1719e4f
959b2e58
e3056efa
e22e9c05
5d7e31e4
b11e1867
81652e7a
d224682c
e663feeb
bd6bc064
b962d140
d67183f2
63e38a1d
afad2e23
ab71b5e8
fd6310e2
91d79c1e
d473955d
0e713123
c2b4ea17
5395ba68
7c8a5a2c
03ecb27c
4f134758
e960828d
75bd60a7
a7aa325c
5abfcfbc
ac39da20
6d5682d3
7601c32b
cb8a0be8
56de29d1
df843708
e3a8cfe7
911bee6a
10a6bc1c
a686071f
02b61b79
929c0d5b
26a485bd
8cd3c2ca
b3628083
ac498c20
f4dbf906
5f9636d4
22d3cfcb
a23d092b
1a64fe13
dbd33e62
ae8f1aa6
4dc117c4
26cccf40
0129a136
3deb3c63
c00e29c0
d37a5e5c
7f8d82ad
47139b37
5eb21ae1
e82f4f9f
15ddcce4
f9abb3b3
38519561
8d349c84
4a6a9c9e
fe55bc5c
7987dc22
e323ae0b
4d8ffa50
5414a927
58104aea
095dc99c
a5e76f06
0c5137e0
ddc16c2a
76039205
62cbc619
5a6cd594
00000039
00000002
0000002a
00000006
00000062
00000003
00000c60
00000620
00000000
00000020
00000000
00000000
414d009c
59ac2eeb
81a46cad
c5145947
b07873f0
7f3bdf5e
44a85cca
c6495418
3e957816
c50bcc72
2b069b55
9fe2630f
a20972db
b2e46d54
94e53915
2ea4388a
83fecbb0
2819c225
aaadb78a
46ab72b7
1b07fbc7
6a35f293
67789622
60e71e90
e89f685c
93c613cb
a33a8ab0
07b7c202
4332a9e4
0833b9c2
3c60043a
999f5aa0
a205c26d
76204acf
70f9ab2b
48b832bd
5a3d181f
b270718c
b5e2ae34
b588bb0b
6369b32a
af0aae88
514a48da
cb15b078
29acc2a4
c3239853
655cb484
245bc9aa
3221c096
fc210e64
696c3904
779ffa6a
24e89d61
0a53b148
55c4b542
62742e07
57f3f7c8
020c7458
3440803c
65d92418
45b4acad
c93f2cd5
0a770716
8b50d8b2
b707c496
1f0204a1
7a446164
55380a73
9bf02615
472d46fd
b58f9133
cecbd588
58b4abbf
f8651511
29729709
e18f6b69
4520b373
ce1a0356
494f51bb
1b7163a5
75633c0a
2eb4cb94
e3fd6fe4
3024e94e
2e1ac4f4
18686fc1
1ad2440d
d85b5267
35f84719
c959510e
290f4cd5
81d04256
1116c12f
7d79e3cf
29342b7b
2e37821b
b1a5b679
97727320
0fa36a37
a7ca916c
b48f4aba
ae463e17
b34ea2b7
fa3d4415
67d067cb
f93ad9a5
2aa344c8
4ff94890
e368297b
2c075659
0777c5a5
c63512a4
1c978a8b
cb270479
322eb153
105655dc
91c70f3f
9ea7e09c
921a99f6
63569d34
2d3c97e5
6b87beca
b0584908
e3383ca6
e8378577
7e23856b
76c16753
202fbce3
24b5f729
4cb899b4
e9edb128
a55b34b9
61ac70b0
d7636d58
5e803694
b311eaa2
36978353
84c35dab
5f0297b9
65efc480
70039f55
385d1bad
06e85457
6c901b32
84367a30
9b91bcbb
5c9b8901
5d5da3be
38cb9eb9
133c94a7
4a56495e
b1293c3b
18f0428e
6b9c0bb5
62568277
1693ed09
ba1f126c
165a5888
a67acc5e
dec11992
96014e9c
381b6277
fa7e9970
339a9096
63aab21a
864b70fc
22f845d7
c6f75e8e
aa42e2d8
32065a28
55fcb11b
bf476bf3
f8d82ca2
c39a6849
53241069
28520878
19f7d716
5e11b614
f4f9710b
6545e01c
bf826792
2455c7d7
638b6baf
6da8bcde
b7fb7ed9
4639d7c0
1643f2a0
fc236f04
6d773949
ce56919d
287110a0
02fc243e
c5488483
3ac0a54a
567bd70a
2e020538
77ce3191
65741d20
762b1367
10d37f70
172551ca
91251c08
fa3331e0
bb976ea0
5925e658
f9b5a51b
7268f001
18a80880
03e3168a
218cf04c
aaac79a3
e5630b61
9afaeeaf
1e1921cc
77a618e6
8099977b
53b093b8
ccfb444c
7b830e77
3000d634
792a7ac4
2cd4090a
53beb472
8bb38e19
363988a8
75c39580
d0be2f55
8fe04108
91b9b72d
d2423339
a9d63a2f
3e76fcf0
6a70b5f0
652b40cc
b19dcb26
79af65ea
4b183da4
14488815
7501bd75
a2e04d40
67481466
8a744f92
60770c3d
27668562
391fa2d2
bb6c76ce
fc5843f6
67da6ac8
27839576
0fc7ea3a
50af7772
8e629912
a47e60ae
647384f3
39983b3b
e38cd243
a8951441
31b51384
b200d2d9
c6b98a92
21564a32
2c35c3f2
a5d04905
63c746c1
a2110653
47352692
a82b7bcd
b91045c5
a3561012
5e2b0d47
a17ccc09
cc3f7d37
b274ce18
6bc6e5c6
ab733d1b
6710791d
a821f89f
cb825852
65fae2ba
aabe20aa
4655c578
1b332d1e
0a1064e3
f95e6e94
4ed78e0c
c0797c91
553f1be8
465cae6a
4c5fe1ff
36e4b685
4134aebf
21c0d9aa
d2b06b5c
17340e97
04a15b56
e5049424
30717881
8745b19b
02c407a8
5af4c1ad
b07c926b
9585a84c
5363bc1a
d4144297
b2e74e80
7b85e381
97bdbce6
f50272e4
1ea728bd
049e173d
b462c275
373cd689
e00c63c5
e5b410a2
9bf17dcf
6d20b181
369daba4
9431797a
a32231e2
9be02378
bc18f735
6ca22690
e69f0f97
1e9a96c0
a3acf675
fa915225
939733cd
509a345e
0a698e77
77e734a7
f04e6c8b
015a91e4
08d8a206
006e670c
90a08bb2
b2611510
1e79c104
5964a000
577a6c5f
4f4b3299
1bc40a70
32921a1b
858c6334
d2d3c597
cac6bcab
48525952
279d6f03
5e780677
b71f95d2
a07ca989
45920561
299c24ea
84e8a77c
0a8acd56
bd27bb0f
001ca7d6
6fc8a649
7b2c7944
736a0e47
8ab32a48
c147f294
46e5102a
b04a18ab
e27ae9a8
8a751c3c
bde4cf86
1d2ddba5
175a8c1c
50a4a039
6824823d
db3ccf86
a5d26933
3dc41616
93455028
b96b7295
bd6fa475
f7fd738c
13800026
d4987cb1
f0ec3273
72b75a72
20c67429
47fda521
42f4829e
766cdcd4
831c178b
0d5b5f02
986a6c67
d9beb682
12866e0a
960aea47
278341fa
84d4b55a
391c5a69
386f6994
5c2220a9
291d04b2
36dd96d0
35a8ef45
2a543703
c5c69fe0
3efc49cb
dac9ba74
3485bdf5
ad8cef06
10b806b2
b66415e3
54c3a0ad
0aa9007e
583a7904
a4b424a8
93cfe189
22b11f2c
294b3668
5c61cb6a
ca2912f8
af9c5633
8f9d9228
962725e5
6e606772
e49ce496
e1131ba1
84d45822
45230a6b
3ca553f0
4ef14f4d
3cbc7089
074f611b
24a66746
41c558b8
d774b647
a03003b9
1ea3679d
b5c36159
240862c1
4635b981
f08c7795
4c0a1f9a
962f1833
00823990
1e07fd33
7bc8338e
05e1bed2
6db8880a
971a25ec
3c4d3d6c
a713566e
d3447b98
b5fe8c7a
cbe58cbf
46283464
bc2f9233
9e169a8f
20bff0b8
d2ec37e6
40c9508f
864142f2
bcd62e72
7d54579e
f541a23d
376817e5
7275b895
516d4775
40ea1416
cda1295d
c70fec70
80dd90ea
67459dc9
918bc5fc
414425ab
cba68871
fbccc855
ec572b21
6836021b
5143a0c5
08177e8b
1f7aaf2e
935e1260
00d6b78c
0ef146a7
fc6d484a
503ea196
66d1b0b3
c6668603
f69d2dc0
a64a7524
094882c4
07e6baa6
4868f336
9594d88a
4270ca23
2036577b
8d95a349
a027cffb
6304a1a6
fba4c155
70ad0325
a272a498
e5b53a2b
c4b5913a
a3312491
0e8ea1d9
b75f07c5
04c0cf20
7f123088
f96fa978
16877b83
7586d8b5
936769d7
24552fb6
4d7a7b82
654f03a1
09d5d3a8
cc515ad9
91f4bb51
6969cb81
0c71b277
d9c99e0b
7d64e345
7f200b93
6bd3cb7c
8625da6b
3a0712f3
71c20c02
4126ca85
db50471e
14374735
0c54f53c
22bc9031
e5aa495b
c396e249
6cccb69e
56940728
ace74b17
16318afb
51e85ad2
8e8916a1
435285d3
3bf1289c
be78fa83
1f00bba8
85d08587
69219c9f
7b3adb7f
385948b5
c515734e
ad5b0bfd
2c7f9134
7582f13b
974b3578
538a4a98
8ca50e36
d05367d9
f2bf0215
31bb1a1f
90b6a7c9
c91e7694
9608ae57
e936495c
68146117
31a69442
7928e1c0
26702759
66d59b2b
f61e4504
458154b5
90f216b3
8da6d2a1
60b74317
33374ccb
de77d921
202d0348
c61bf6cb
fb438c78
f6e40117
b821285e
ca4fe484
86a816d0
bfcae05f
7327689e
b57a4b73
9736cb0c
fe4144d7
961774c8
20655b5f
1d6b1b59
d1760755
a137fcce
c92cd1b5
33a262e4
cb9cc732
8999c6a8
699708f6
5686736e
c6314196
e8c11784
71800f9b
1e1d51c6
b36d7ba4
634a317d
d67c84fc
e8b6bd25
0b5a8c45
e70a078b
59e6a2d1
73907d63
996e1bac
52aec1a2
a5c6e60f
4fa6b627
37729632
73d70545
3411ecc0
e7c3243c
7220421e
1612e7fb
cc9b0044
23929ec8
1d767c9d
80552709
21e81307
bf239592
c3521f6a
227a8507
14549bba
15ea156b
8cdb0394
57adc2e3
19b565e6
c3e9230c
0ab9c4f7
f9926256
8ab9f1c3
183468fe
a8275761
7860db76
2405b4a2
88fd25e3
6ac72516
7468bcd5
62a57ba4
1bd1b7be
b35c1146
f68c0ae1
3fc73a1d
5f94b8be
1028314a
87263872
74b5db01
18e617c2
aa40baaa
19826756
e47663b6
4b5b9729
ee8cf1a6
f6df51a4
2e18a657
eb42dbf1
f7718091
4f1cbfc0
f10d4516
86ba3a82
c272b749
af10d373
257fbe25
58db6a0b
2c4dd798
05cc4b24
4c074d74
15259857
2bec3867
ceda2080
f1175130
f8feb673
3f194362
781dc88a
b6f4362b
a3225f56
26485252
16d84b4c
614b722e
6f84b140
84dda09b
bcacb264
e64714e1
c9911858
5b9ba38a
9f294a5c
fb573e47
4e99a56a
de1ef71c
c7288fa7
8c9b1c7c
4c5fa100
6bc5bce7
75603ecd
a1129032
b2a27763
cfd729cd
43b3c797
89654811
82c543a0
fa6ada91
a16222d4
240cf792
4dbf9ae0
7b907292
2783ba76
11671711
9c7e1d27
c5bc30aa
908b22b0
e15c2aa1
04f2f182
09a03068
4879b6e0
b601a344
af4616ac
bcf6c268
2894b016
332c216d
7a6ca253
a835697c
5631c4cc
daed8f88
8f767109
098c557e
c7aab59a
05660099
8f3e8800
11e978b0
aa8a6420
a03e08b0
f26d02cb
7e54822f
bf0aba99
071d74b1
841ace5d
acc467a5
75f49cb9
a2fc4dbf
ee50060e
b6838627
5011c5a2
7eafc724
657c6cc1
35854b07
cd4331a1
96d40d59
4948800b
5abec18e
9aacbb48
2d00485d
db0b00e4
298789d8
a96203c4
af7040b0
db1a88da
a095e6bf
d7b8731d
3bc7b622
40a9580d
1e3b801b
fa5b2c88
9543df1c
c68eb2d7
c8b11496
4949c70f
2355bfaa
f7d22eb5
0e2622da
cd2d87fd
191cd5bd
e12ced80
64384052
1097724e
e54a4511
9998890a
42aa40e8
3ad94617
8bfb94cc
dd1966da
8df822ad
44a13693
b4061249
59e63e7b
e9f1abdf
dfd6669a
04df4335
f72dfd14
eac85cbc
db0f5d24
e113b563
10ec2c17
26a6c634
578601c8
dd6beea5
1881c7f4
d642eb6e
8e99cb76
a79e5800
6d7535da
13ca56ba
1efdc89f
d421ed19
86a4a81d
77b8faf4
e48f8ad3
51bc97ef
86b038f3
d7047055
f2a43fa5
b33fde81
178323fb
35afc37d
fd77638c
2be74641
9c0c595e
7bd5f21e
84bd755b
8a6a4de4
10e1c93c
2a643f7c
351c7e22
244e95c7
8f3a3999
6861cd48
d66bd390
3c4774a2
e66cca14
4359848d
9e0dfa89
6b6f93c8
46af421a
9d90bc01
c73bb152
10bef526
3de6c784
165ea65f
6aa3d1b7
0e40381c
c7738bbd
83eff16a
b2ac9583
6117acaa
2f4314d1
3b24a57f
f88bc85e
a9586f12
ed7c0f75
32d769eb
c6ea12fa
44d66855
cfe4cf43
c292b360
053ad2d1
1a5a1676
218f4bf5
895d14cd
86dc8470
afe0523b
86ce18d6
51f5d566
20798149
7b605808
0bfea7f1
f6bb0b4c
86ce652e
2e3baecf
58c82f7f
c8e69124
ebce96af
32c2ca56
da162e0d
db6f1f25
6bf840be
fbb9cd4d
8f2880bf
6a6898ac
ab70027e
d0771899
62674e09
58ee6ed7
71f9be17
fc76098f
569ffad7
7ab47df0
011b0b0f
731e7f68
1396f964
695e84c9
98f28172
0ff4f243
a8f01c1c
a810d8bb
9e5ac3eb
ec98753b
da5117a6
de782092
b8a862f6
01ef0504
dc33ad9c
33eb4e12
48be489a
1003e7fb
b4e98102
df6040af
7e5bf420
59600848
44ffa8d7
bdc43e86
ffe6f712
7c8f2522
23dae700
6120f464
3c4a6ce0
a3b5193e
320edc3f
8acf63c6
388c44b2
52e0b098
6351ccb3
1877ea5e
a657723c
e4192afa
294ebd63
d4796b94
cee8f81e
0c7e4d15
85f9daec
19dc15a8
36c41d4d
42059f62
76a2d5df
a2b18a92
e89b9525
87185eba
1b8d183c
9652a507
750731f8
4d77d405
70a3dd26
3972a686
29d134f1
8cb01d29
b421c9fe
da9c64f4
bebd458f
6b45e449
b960635c
f328b632
a4d049f7
8ff99f05
72b5cf5a
4d617037
06496291
fff43455
1df3d2aa
f53f7dde
de8e530e
fb680dd4
c38f740f
135bca41
cb2d4d90
2833ae9f
a181fd61
ebdbe7bf
10cd8741
f93e7d16
3a53bf90
ed9a2dbd
b5e0e6d8
9fc83f14
fa0f64fa
0161e71d
e3a88f1c
9029870b
2baea953
0b54c7bc
e98da782
58e2ba9c
b029eeca
ff754faf
c7db7b8d
89d767bb
1eb774b3
0aab7e46
d8ada49b
6a0ff9d3
64af122c
e25f3a2f
d90404e5
a497a8f0
d1f14ce0
4eeb4e43
45a8ac3a
09270a00
eb973c2c
4c681328
c6306146
a3a1fc73
667de1eb
981d49d8
15d4eb6e
212c9b2c
deb470fb
76f52e6a
526cf7ba
3530e656
3fb47e0d
41274b16
72ddd908
4f62d3b9
cd9f60b9
e285bebf
72f7eb53
5f665651
c0d4059d
5f41e2bf
2b281ba3
e683db71
9fa3cdb5
46b43236
892faa95
f303744f
6bf2db67
ba317011
516596a2
58a5cb48
905ee38e
96e24730
f6705f0c
10514c5d
a821a5cc
741af8ae
da30813f
84c58677
0cb5c7ba
49dee614
d2f85d76
61b4b1f5
b3a4951f
7a1e1e03
349f75ae
fa0d5658
6b343897
a90014d1
4da760e4
274c52bb
39670cd7
b5e49301
2f9715e5
7a48dcfc
72346dc2
3b52b950
4bfce4f8
4b77883f
a573164c
14e2c797
e3e99b67
c240b6c2
f863d173
30e14a65
1f1abf4c
aaab2ead
15ceeb1f
8580fff0
4ee2de30
567225b5
a9be8b32
15db65ad
13c3ee13
eaa5c300
6d72a037
8f4674eb
74cf8b15
35927574
87b64de7
f91d1b4f
e0294def
32eacf91
291db8b9
12d61cb5
2bca5843
13017ac4
bd66dcf5
7018230a
c733212a
06813ba4
088f2dcd
05f21f97
41fff2a0
6a8a0393
9a2d90c8
0201987c
60a687cd
efc3c93a
86e80530
cfa33e48
7799647b
c04c4d06
40b83fd3
71fd2508
0ba2695d
e1246fc7
cc3ba637
1780ba05
7a5bf860
d70139fc
f1131ea1
824ae1e5
015baac0
44eb79dc
74874684
4773058c
e3908bee
b7acb2d5
9f1cd8b5
68804c08
314e74ec
e443a072
9563dac9
cf91ba52
3d6052df
22897638
748e8650
73cf5c46
1bd77356
5654e949
78c070a6
d45fd66a
519bed5a
b2dd34a3
a054dbde
436c2f2b
c9b282ea
f1a57533
ada965e1
913c80eb
856bb0bf
ef630623
b67fde16
5cd8f008
e7c9ced8
3f864ac2
abe6c418
2f38d2df
8191fddb
fe8a4b2a
e788b6d6
8fb0366a
6bf5d238
b8d5404e
86fa5ae9
e08cecc6
92388617
b28573d0
f1c70d24
8cf65309
55de4014
ef89e031
389013a0
6289dd2b
23baccb8
a5a94b5d
ac626bb4
fb3c7a1d
4090b687
e08edb87
51451c1e
e3e7f538
30817307
8a23f512
cd5fa3d2
5d680d16
becdc1df
f3926b5e
5126c598
1679cc88
d91088d4
8aa29052
18794672
59165553
2dd359b5
0000003a
00000002
0000002a
00000006
00000063
00000003
00000c60
00000620
00000000
00000020
00000000
00000000
acb65bbe
22fbcc09
5cf0ea35
e8cb09b4
80775c32
0390ae3b
015f511c
00841f1c
5b5cfd2b
038a7202
acae6685
62e4a69e
e4c2b764
43ffa3b0
74749535
aa1d3a0f
f35cc795
bd2a4a8d
95901697
7025a574
60a0472c
7611b7f6
469d4f01
b87ae2c9
5f80614f
74d42249
99f10039
ab239a07
7496b244
0131036b
b6aa49f0
6cf6a132
5908735e
908fa17a
73db251c
29f98b6a
2fa6a2f5
a3c95478
873c22a3
ee7c49aa
a3b291a7
95f8240d
3b55ab96
aa8fb3f3
29a1657d
4c1d41ae
d9526652
a1b0bbc7
d30bf1da
cbae92f3
34d7e67a
0d3bb03b
a6379794
224a8d6c
13618773
9a814fdc
4537f03b
bc94b1d8
511ea81a
68d9d800
65390b78
e7a633d7
9e38ec00
179b5a89
11b7a4f7
19d1f459
9c8239f4
d7806e38
18c7b2ad
8d6e476c
4c638e51
70a34c6f
db0d156f
56800ff3
a798de11
a961c2ca
70e9bf22
7feb0490
eac458fa
94937ed4
201c5a80
3aca68a0
c3159e37
4dc7a651
588a3040
d71e4256
6a2bba26
e57c1382
8a866f91
7b089019
8e6516da
424000aa
a6dcaa53
546e5829
a78e2188
ae873ab2
925eaba4
b8ea669c
c417a997
fd214512
74f06c34
2970bc7f
16540247
996b1876
25245b66
c9ab4af9
6450b3b1
0b81247d
8a4efa63
57346c42
2bf8cc8f
77aa784c
eaa9c535
c784d135
73a10152
f12cb989
aa5b1eb8
a50d7177
d36e7b5b
59358092
4b009626
078bbb17
8871a359
2403e347
65cb6eb4
b9e77852
6d21ebb7
c980a193
07b34d0a
70b042ce
e0707801
9346595f
e5181806
8582c792
4996284e
be8cf4ba
024d5372
95108113
fa3b09fe
4a2b0f5a
9e831d5d
a0527528
034d03b4
487ba9bb
98b98973
803b889a
7e5333b1
c55946b2
f5708807
365ba475
7f8777ec
c2a2296a
6e878c25
ee64e65f
93162dea
b813af66
cf335afe
b6e7c59c
26920f9f
fe1fb14e
37d721d3
85575db1
9f12fbf1
49257f8a
4563bc6b
f50162f6
899601c3
24c35c6b
9e3e7cc1
43a490d2
39f733c8
b42c2131
a2efb6a7
00d3bb7f
a12e1536
d24da810
25469b96
e94384d3
f9a24756
0ad84660
252d1a1a
7602cd30
bc6868a9
2744891c
f7e7ba68
03800bc9
48054b22
92805061
0b6029a0
e53dd9ef
53b50354
8dc79b9c
434762c6
337e33f5
9d7b1294
b8baeafb
8b229f07
1111be55
9e73f1d1
d1b3cef3
9837ac8b
39c50703
f8a51cc8
c3667738
05c14435
9c721690
cad1bd9e
0d7de0e1
98ccbc38
c934442f
074492ac
bb7ec11c
7fa4994c
509e3a7a
71b08d65
ca154252
1690d7c3
1c8ec719
aed361ab
3cb0ca8f
57269a87
9ef74ea0
235930ce
59156067
14509223
1fb9c353
38efa7c4
0a35d930
f1adc3a3
a1259cab
5abcf013
e99e28fa
644f01da
6bb7dc4a
a05c2374
0bfc6766
3b0cb996
f117943c
579bcff5
6ad71fb1
daa6823b
723d5dfa
6c755961
b7231608
f8d7bc98
92aabdca
d307437d
2a718408
10d0ee4b
956e1612
e9b64536
4325c166
6b607828
51862574
a6221a2b
ef32a67c
ac701039
8255a59b
2a2ae7ed
ec60bd96
6c0a296a
fe29d890
7854c767
0771f0c4
bd3563c0
174f0e46
942a0190
c68c47a5
c339465c
b91b192d
6a7986cc
9aa73678
b412035c
354881b4
15f2741b
63f20753
5341535d
02329359
cf9aa01c
854c7038
07397342
0a436084
e854778e
75389574
40ca9298
9144c5cb
50bb9a13
58e3d67d
db93a47d
1cdf49e9
cc6b4826
7697c289
2a039188
53887988
6792b236
b3157699
6c511ca8
a5cf7185
7b8d1256
10133795
85a59429
76b55fe0
7ea41147
5c9bd114
b4262ca2
9b276922
7b679c5b
41d72d17
b8260a7a
040738da
e5833714
c0f3cd3f
223aa6ca
a1021c5b
871c8c83
fb9017cc
83f88f93
97fa4470
1d5e901c
00235599
3a61dba3
cd512930
35ef4d1a
8c407829
223a1cc7
79ad01db
a613c86d
fa67d65a
2c8e9f3b
caebeb5f
1f9df28d
cb6309c0
2b1a4c20
84ce995d
c5216ce4
692a724a
26b186e4
a42c3c43
a4ab0267
c10803c3
caa016b8
c9d83129
e42bfa01
29688dcc
626c2eb1
3f3df764
ac7672c4
a0e44132
4fb49702
f8630aa6
89f3d99f
8502e43e
b94f3fd3
35b0e92e
51b8d932
25ce7ae0
c9951806
88765a63
98eb6f2c
bd5b82c6
7e979a3b
ec5d51e7
35f39a14
a0b646e9
ac0c2894
8847bfc2
05861b94
4cc787ec
6e237680
65498be9
69654284
21e77476
c109b918
ec2b7689
3417541b
a1ba7751
b0eb1555
8c6915ad
2839109a
b6543ebc
1ab43a41
2caef9d7
226b5c48
5b91717a
cfbb5165
639157b3
c9607f60
f39f94f9
26816865
8cd7c391
8a9e470c
b3138ec1
7f859fc5
afc566fa
404bb2b1
83137c53
22b1d314
ccf81824
01a82e17
d7180566
142f9854
0dc86a38
502f7444
21757202
47044c7d
3e992cf6
ab5cb9f4
63f46588
0c8c7387
9a922342
ba68c270
c94392ee
3b3f2c11
01f35718
1500a8e5
13b63a38
11074f00
406df10d
eab16ae3
91b87d60
1b7f43a6
15a806ac
b676d544
e40dd235
dc324877
b73a8088
54cbe37a
c1ba18e1
1ffabb1e
9727bbc5
134f7b55
ade9fb51
18183341
ab0199f7
bd74ba93
9e494251
048099a7
6ac5392b
650d66f4
43b84b80
6e18b38f
f2866153
82c63c61
01603d0f
41bf6929
a4f075cb
5894fe22
81cec799
47bf02d8
b903c142
4c183866
99c31490
733ae1b2
e4646325
83ba698b
77301d65
1b4813d1
32fc8fcc
27802e3f
87a038a7
88ed8ca9
ae9198b5
8049fba8
e3886faa
1ab6cd8a
9e287106
bc4d372c
18359092
d801f82b
657f3e47
418a8789
0e8a4b3e
4787cb39
53f4e217
955423cb
53be6fd3
36424e4d
784cda8f
193124b0
02886990
1e5865bf
f9c2a72b
06448140
632ce89e
e6f666f8
b1451ac2
afb538c4
b4a70594
6cc799ca
4c2f636e
579b3541
7f662940
a35a98f8
cabd90f0
5ec3f16e
0d974a0f
aa1a5562
82936731
3036a95c
4ab28055
906cd19c
fe0cc172
35f4c1aa
b8266e24
af374af1
fa142066
7570eea5
5942c0a4
123582e1
73db004d
8908d109
d6f133bb
964c129f
0a1e69d8
371d1fd0
53c94515
f7ccc3cf
5b1a5e96
b40cae19
5f6a55d3
fbca159b
bc93605f
dbcbc79d
19c95918
beccc364
9640bbfc
525e0663
c608b24b
a0bdc7b9
c7620848
a689ba2e
e8b6c8c7
8a7b8a16
73969609
47630c83
751b9697
37c49f8c
a19f128c
b6b911d3
7ac86aa3
8956e866
d07cc249
94281c85
a5a60b2c
58ac8636
6da79f35
3b5b686e
f9eb3ea0
7c7a8788
ff984659
c1ef6178
3365e276
312b799b
80791b6b
5342764b
e0c8204e
08864b39
78d2759f
226ab0bb
c269c738
a4659f0c
c17e82de
26fb624b
3bf6112c
60834ada
f3573115
0fb0ca4e
74b5d666
812b7623
af009b54
3dc5ab6f
6a10150a
83a0abb0
1d899bc5
d79d2dba
944ba237
13042525
9b5b3983
a1d07983
860737e6
67d32e8c
5b8c506d
b989ab85
78f748ac
38ac4194
1f2d6652
ac515b17
2c582118
293ab831
3cd63dc4
b262de40
03bda323
9406bc4b
07f25a5a
68cbe3f4
bb8aab35
7a541cb0
e8a15158
098a2947
a142842f
b959a583
85c262fc
bd71e8ab
5f1ba19a
15fd9fa4
6307508d
0d90f257
2396b578
05619816
5b910c2d
90d86f4c
2e5af697
93a81ba6
34cc1e7a
8ef99f2c
4d95876f
312b83f3
ba4a6bcb
7a9992e3
78e60e58
5b34821a
f931ca4b
3b9b6260
c11c9baf
fd279bf4
507b7bf2
75c4b84e
5fbdebf5
3a4b0f9b
73ca82a9
fd0575f4
a3a4410b
2fd4bc43
a96e5748
f1c1722a
c5348355
3d1bcbea
b4005490
1a097dc4
8894e11c
59851b91
42320779
98aa7801
4a148b81
7ec4a1c2
81738962
8a0fbc23
c7410743
dac26b13
e856c5e3
bcb64acf
f4afe9dd
1052b4c1
a9a1733f
e4b6c04e
c6f0b3ab
6d2074c7
a1b335de
50262c81
5884095d
0e1accb5
f7dec3fb
9b1c887f
fdc034d2
691eba81
1163bcbb
319902ee
b16f66a7
a3c10b7b
a24286e9
4085c089
791ae554
2d4dc9f4
a708b8a8
4d898ab6
fc3b47c3
44293805
2639f7cf
f9a8c149
903d0229
a237d015
da8ca802
2c392128
ba3ad11b
c747761f
12a40989
bb0643ba
04c6542d
957657a6
71cb0a81
5da22472
8344a5ec
bb12c168
13274408
8226734a
462cb667
cc0842ad
14b3c697
cd960381
813cb0ea
f7e038d5
bf194631
3574eb61
db011cd2
5ac55c2b
db6c2006
71cd1421
48a043b4
f24ba0b9
90c74ffb
4e993718
05903011
718b5e50
71869715
922735da
729a35db
27e0487b
15c0abec
21105c57
37315a78
982e364a
914056a7
81b9e868
1136bb64
b55f38db
9f192ca9
0f8b0751
1c718f5c
18165810
d862793c
cce28cb5
c3f7b329
fc966244
024f5169
562c0d62
2126997c
eb1321a5
544ce4c0
ea13a1d4
1af99754
70d31ab3
623b601d
696db450
1dcc0957
4fa9e221
65f65acb
40c89660
575a0836
db3153ab
04f5187e
397680b4
53cd6c81
973be95b
0d3c8946
57323f83
5a2b6041
33853073
c5e2c9b8
cc47c196
242998c5
8b390147
6dfccd03
6f1765ca
10dc063b
cbb7f77b
68289bd2
22bb2474
0c38bfcc
3d2d7b7a
04b9137d
4479e243
2cf8ea43
3ce6d7cb
8f3957ff
e7a4b5ff
ea0e1d82
b11a8123
fa640eea
847e84ba
f489a76a
f0d79ad0
4cb63ada
20710c56
f51c51b8
f1912198
0445cc03
49c78021
eed78054
5e1f432f
a4f988ce
cb6d82ab
a4a6a4c0
e518bff0
bef79651
f1c500db
833e010c
1bc30e04
f5a623a3
9e982aa6
3f991913
97e12503
6386be18
4d1344f6
94d62d29
4385ec6a
3e09943b
26ffe97c
ed56abb9
46086355
b533ffce
9228f2ee
fa5c42c5
189a6d56
74fde32e
8fb7a663
98456856
f5b4c8de
67a2ab5c
00655ca8
555f74a0
d738eaf5
8a4b483d
9f6b7f83
64490b78
41ea95e4
cbf680d4
163c5077
04136b93
4594c847
307e0937
79ba9bc5
67ef8c5c
170e07d7
76616c19
7fd638db
8d19705c
397326c4
ade4e506
b194358b
42f19f2f
188baf41
51e871a8
ccef7da8
841d85a5
552b7bbf
81a780d9
b8eb08f7
12cd14b8
b27aa952
a786bb8c
745d47cc
0e4e1d24
8c5afc97
cc84dba3
1f7abfe3
1c1e9f51
88d70453
4eb898b6
78b7f6fb
d7dab078
d75819ed
8eee2a6e
ddbb3353
494d826c
dec2cd75
dd6a90ae
d7d68b86
4700cdae
38f67e4b
8d65915f
9bb8e0e4
792bf543
20dd27c5
83d3ce45
a9858b34
67af039b
99c0a444
a40b5d2c
60ef0cd2
f4138c46
eb5ef482
33237b3f
dffa33b1
cca6b3b2
051de787
0f8f77b9
5c48fcb2
757a56b2
f3d71590
8c7173f3
9d16418e
aced2f3c
1d408571
8e631d4a
51607954
338a1477
00e36067
b249f059
9e7ea31a
ed1bf111
4fb27557
f24f29dc
fd14d1b0
91411157
f937f5e7
aeaaa2f7
c108b034
5382d067
8323b249
a8f2234c
49d58a73
e5094450
0cc82afd
79da6dfa
90589ca3
6f2b6ad4
ac521f70
d9b518ee
a9bbcf75
cec48aa9
ddad4597
efdd09f3
e550c479
b32a151d
d1eff4a7
a1d1e772
37c7be9c
ff407291
28a8185a
c35cb463
efb03ede
7bb7a797
577bbe8d
b98fed68
08d6f11d
6ca08f34
dfe03959
b36dd9b7
7ae698f4
17c75299
928627e9
5e1f29c5
7808fa15
f163f8ab
7dfdbf0e
4e015cae
f2c4f3e8
ca74cace
dce3d4be
f991a858
4b38570d
2472129e
661b7264
94af8381
2ee1efb8
94b299c0
bf5f6c12
d28d1149
2bfaffd2
bb494f37
07d664ce
0b2be289
8061494a
8479ebe0
83b5b481
2526c893
0532768b
a75eb28f
df729e8d
f3df23f8
c88e736d
2c25af7a
5bee4a7b
29f1e25c
74f2239a
e200e95c
5defa65e
e99900a3
d0610b59
10e01ef6
447c1a07
5c1ca03e
c3a8f047
f0bab5a2
edc61b1a
6c5df651
f5a5bb3a
c6e7fe00
15a2bf13
5fa25ea3
c96bbab9
217737ec
ec5bfb8d
e91c3959
2f4430bd
c4bb6d4b
49208e56
949b4e37
73e2ffe6
ff0d1223
9c7f36e0
2672c6af
4ac858a9
e54980b5
4bc61d4a
6ab35b01
1cfe84a1
e1363b73
8a2a68e8
e25689b8
4e3c328b
a50e94b7
77827177
62ffa537
f4a8bcaa
54b0af3e
b138a833
f7f9af16
a16de1b4
fbbea1e1
e12b4b4e
56ad5c6f
9b276b7d
29c70a40
3251baeb
219b0517
802b581e
77934a86
e5f66432
0a373bce
512ca539
4000756e
9e0d6913
c238b0b7
b5cc1198
11392369
4177b743
03cfc944
7633f01c
84ccea95
ce52fc06
7640623c
ea032a9b
3fb5badd
3e75eee2
813123f0
409b8b7f
07ab4aed
31b3b5d1
781fa4a3
de981287
f0e27525
80f12786
cc23b030
54dc155e
540b4702
68867d32
6fd1f7eb
bc5b446b
6f34e576
d735f6e4
c3ce6345
bbf98828
df6639dc
cc73e1a5
7acb3852
b0b7c58d
3d48d5c8
abca9f71
1ff35af3
c79efee3
a6cdf8aa
f8fa49b7
1ff82d51
50149c6c
ffd1df9a
2a38f4e3
e2ad2481
cbc6ace0
14c06de9
4a082571
e4773a24
5e11cc90
32ee0a86
ee2f7ce7
67134a18
4121e8c2
d73f6f3a
9d0db5b3
17a9af96
f4b50ffc
c0920e9e
a119857b
6b7c81c7
fc5559fe
7c083b18
3984feec
472cf637
adaefa99
cbaa6bae
57d0547a
bf25a03c
8b4a0065
96512490
e78d7127
55f9c9d8
f4efdd87
d23b9430
8095dc3c
c2808168
03e25dea
fa3d596e
0d01f53e
760f15ed
f9aa11ff
e8412752
6e4128eb
ec5f49d2
513d40d9
2fb4ae06
7c3fb535
45be4e71
a36d0880
c554e864
df39c689
054db54d
cc6b014e
638884da
e1496e03
cd8ec306
f09cd88f
7160597a
1a06800e
e49e420f
5b9d74df
376de154
cf11b48c
3ea6e110
507a800d
8389bd9d
da3ccc62
55b257a2
8ac2949b
881b1c47
2429c739
b26ae89c
fcc2fb03
a16861fc
2c73f688
35f6d250
46e90c7f
aad72733
f092534a
f8419627
8dfdb34e
5a30806b
c458d3cd
8e335bca
cc2d07bf
72b1b616
eeea6243
b3afd30f
599a5b9e
19b15b3a
dbe0e0f8
010b53b0
5af55d36
9af381fb
ce89ad55
fccde531
317f0921
8d5f8bab
2853f897
469fee87
0a4958b5
ed9b3461
e0ad22ff
6df84980
ae43ef28
1e293e11
7bcd4842
435e3891
991e7cc0
685e21dc
0000003b
00000002
0000002a
00000006
00000064
00000003
00000c60
00000620
00000000
00000020
00000000
00000000
a4b7a0b3
d0d289f2
102c0571
113eb7af
47e7348c
a8732431
8110360f
19a12070
85b4e42e
3d1baa43
dc1a139c
57c632a4
0fc60652
ea4c7e6a
5f228b05
850be457
913850d2
9365539b
3f25595a
0a26921a
48144a3e
2e3499d6
87eda31c
55e5ad56
51c27583
bb59b851
1b3c1d14
88b733ac
eb7d0a49
af96896d
299661fa
012ab6d1
06abdbaa
2322f400
d43c108a
ae202481
4e8739d2
21fe4429
c399dd11
023b5732
60cd61a6
3b1b5823
56b08a02
aa39b018
84478662
ee93a0d1
e29619c7
992b316c
7f296b54
f3060133
4c05eaa4
3c397498
b6395567
334bba59
99287138
3175625c
3e470807
df0120e7
289fb018
3ac22a09
fa148297
e20da1fb
6897a708
f6946083
45ca36e9
4ec6287b
fc62759f
8b9a6f9c
c080dc08
a909094d
f959c139
78702220
b8bc13f0
3bb7304a
69062149
c206c422
17dd23a2
794489ca
c4c2ecf7
401ab2a3
2a71ab45
5d7db2d0
f3982747
8c59035e
b20c15e9
d7dc4a64
02a9988b
0b7d03be
66ef8732
69766713
3061a50e
173813a3
4ce38669
2f237195
3ab563e0
636cb13e
b14b97ab
78fa8b4a
22a0e906
e3a00936
82e85360
8732741b
cc7a78c6
ab038a1b
93473943
a2cbb60c
d17301bc
219094bc
50c7835e
96b13315
3f975e77
67b65ab1
f5142f50
a8c2b75d
8c538a4f
ac69ab97
6799c169
d7546cd1
03795231
2c723a7b
e81a7326
13df4bc8
8c32ef7f
3343e91e
280b5659
058bdb49
09bd5508
39908e90
bf6adda9
eeb97009
b6f7bad9
b30985b8
7aad4157
1bda05a4
7bb5908f
81509234
1ce1730c
18917072
d9afbb70
b577cb95
0f153f5f
481d3449
48149af9
04dc81bb
24b21380
a788cc45
04270a5c
dcc1185b
83cc4af4
05b0a89d
2b53fc8f
6c90cf94
1a7bd597
708e93aa
f8313129
99cbeb52
ca4ce6e5
d38b0312
7760ca35
11a10ab7
f6bfc1bc
6f8cc816
831a95db
354d8b11
c07cb582
1147720f
249313f6
c15635a7
1a09fc50
391232b5
33baf110
b53e8353
3a7653b6
69f2f4c1
f3ab6668
63a017b1
676ab76a
faacfa35
e9983ccc
528be724
e23236bf
a2ae2c92
1ea57821
5b7955cb
eb5448a1
59c27222
5a85dbc3
c53cc397
cd2a3a06
578eea64
0a9538d9
2996fd3c
0b9fe389
f74b0cc4
ad5862c3
a471ec94
3601a9d9
1f71c11e
f609109e
f10f9f84
0e294715
816e0490
e8f63946
50b53f50
ce334bee
d75c903a
2b754eb9
8a293be5
e6856514
51a66dc9
1822cc7f
b63c6965
acd2568b
309714cc
e5ba8c0c
674a594e
f389f44b
87eea607
b109688a
a723eba8
21958aeb
3b583ecd
3bcb89ac
39db7f62
290c3023
6ea1e163
e5562435
661a1c5a
f0bca5eb
25ce7344
c4317468
899d6797
bc0d239c
5e4b4843
df444255
8adaaa7c
5ae51f99
0739116c
c26b12b8
29fcb1ca
c18281b8
a8897751
5dabd1ca
18c3a674
42dc8524
4dc10a13
8a6077ee
8ba37c92
19b66295
521ac555
27eea0f5
c5170244
e03df62b
5881bec3
ba36965e
07c5a05e
f90b6fc4
b0c3bb2f
728c440a
a6a55641
6413c061
45c1c2bc
e3f535a5
cd38b7c6
b5876093
c15fcf25
59893901
cbc0ecd7
d3b9cb43
1c693c99
0126f101
c7965c65
72a0a887
56633ab5
f69a707b
0a207562
957e0532
43b864e1
ae21d93c
1eb83840
05c85445
53c2dd62
3b25bc75
9cef3495
2fe56d46
551b46f7
98ce0aa5
bb5b1664
328fabf0
06a39838
219480c0
b2041346
c3417c08
a981e2bd
d5af692e
b1cfc807
91c4f8b3
0595e35e
00d1c6b2
77ec2a92
ff0f26db
1b74af91
c13a017b
c07b43c7
15bc6f51
a175fb74
2d2bf008
c12b9a48
67d0d8c2
2a973cae
50cb7f5a
b7d1c6c6
16b247e0
b5192a67
0a389106
9f4062de
e8799960
50dc7293
48155961
d5c24a76
60a03387
00314b74
ebe5001a
3180e89b
24cf46d8
d50b9456
8ce3ca25
af6ac173
49b94b5c
0adbb7af
d3cc67cf
a99c83dc
c0fa3f32
c98cc58c
62e38128
abc28b3d
a3cc380b
da012781
c9c85039
fe5fec3a
c7308a9c
b0260219
93519745
f8521fa7
4ef14ea2
ae30b41e
d49a2114
51c5245f
7c54aa8c
c730adfa
4cb81f21
d65730d9
1bb61354
2196c506
f02d660a
c2b66887
bee2918c
78c90c1d
b9b9cbec
cae2f72b
ff79674c
042433cb
a3c52e88
90cc142a
9751cf86
b3eb17b6
690028f6
fb5d9893
cdb3795e
fcaca822
83c07a14
4e997c79
2318d814
8443ba47
8e443fbf
6c782600
5aa7623a
0832ee28
8d8cb6af
f88f95f9
157bd80d
e747f050
2cd13df6
719a5d26
844d681b
1c91079a
a7a8c909
7f6ba56d
92106168
034894ba
6642768a
0106b724
97c9021e
cf0a25da
87e6ba89
b8b85250
360916f5
a4ac0de8
1b497f1f
9b702475
a3ffce1b
ceb49140
29b15851
ca6b75b5
33986486
b52bc411
942563a6
432ca2b8
cc503691
30413583
66a37f4c
6a86a957
c17d2c5a
2a37f2ac
ee30620d
ec2a1c12
b5b7ffc1
7c27a004
795bcac4
83816040
2d3696f8
36bf1f0c
02693f1c
211539de
d5abbed3
608b3649
5006a7e3
f2db068b
046a0015
0aaf74e4
57612b86
b60071ab
18911133
a3110779
779a9c33
7608a7e0
fca01e76
a89a26b9
ad478338
40eacb13
b027bd28
2910aaef
47693aba
8a64d186
822333c1
d532331a
39bae6c5
4532e3c8
ea170da5
1836adb9
6a8172bd
421112a1
457a8106
de7bbc37
b8614398
29b69556
2975fa9f
93860485
83ecd6bc
c23b8c04
a62482c2
30ca05cd
853bb1cb
b7b16a00
8ed4f85c
0c796c5e
43287494
b9743fa3
029232ec
40b70b27
504446b5
8d9e37af
0cf3289a
9b76ea29
21527ba7
372ec7a6
61e2f93f
bb5736b9
05422d69
93793945
01cde5b5
e51f6552
3c9acdcc
ad12c8d6
d0cc87b8
12d2663d
9545a741
286b99d8
25fb7004
7ec11186
b72e6aa3
99804c40
63992799
65e84308
6fdb9fa2
2c6cf4f4
275230b6
1072054f
4e48c3c6
d2df66a6
77b8a2a4
3418e2f5
f44116aa
27a8a482
8e2cf742
19e5194b
837a3e8f
3dbd54a8
803332c3
6c33e408
4a6830ae
97500c79
0b9cd836
09c89931
25922be6
3c43b37b
d83c42e3
ea23426b
6fb15f01
739f8335
36163078
0db228cd
71b82cce
c2907653
a2b54e97
d90396b9
a7031fe3
6cc1a784
ba9520c6
f3d14bb0
af30df8f
f06441a7
cceda43a
50455514
0dc1d7c0
a64e7a25
bab5f06c
5e1325ea
11afa662
23874779
d3c078e2
6bbca6d3
01302566
c701e72a
410d1f97
2665ef8c
c30244af
82289757
48f7005f
764795a8
237e6fd3
5f8c755a
63badb7b
16444c8b
a066058e
c08733d7
267b3a18
0e33df85
e96e349b
73c76669
bf09e038
50554cc5
e23b58a3
060c95a4
010e185e
49471c32
cd08faa0
922223fe
a54d3979
5847f813
85ba2ab8
605f4c0c
b549d4ac
6165f420
ab0948f7
4a845d6c
0a3c744b
dc571c34
61489eb4
f133d56d
ab030446
cc16e558
f2ac041e
a8ea26fb
6d014602
e744b846
951686d2
3de4df7b
1209305b
706763b3
cb736250
7262a7fe
947c4156
92977ea6
a318b308
85596f07
496a7ac5
de7ceb5c
08361e0b
93c0a40e
87c2619c
7931b2aa
92e9a489
9a6d86d7
71587f93
b9a7f866
97b89130
556b62b1
b44b95c6
6a27cc88
f938ccac
209a8eb6
6e120367
494f3cc5
141b673b
bb896496
14652104
45252cba
6b2053aa
c9a14e7b
73b2dfab
5dbcfa5a
89b74cf0
73fb4563
a337172f
2ac55b89
4d3074a6
e4add19a
b0842ed4
afe5c53d
b8c4f99d
104829fa
2aa3432b
ed694c42
1b77aa42
23fcb173
2e55e5a2
0b560bcb
39c3e318
e0c93b01
3c2f6c61
a9c06966
12433a8e
387d85d6
6e14d702
04b31b42
a90ba146
3214110f
213e8a48
d9288dca
0669210b
3c6d77f3
51662ea8
b2564456
7042f9de
e34e5962
476847ab
b3478b4b
e2c14814
454c8061
ef081032
0cb8c508
6dc2b0ac
bf4c4341
748b29b6
1519e373
a4b5f74f
a34f3b41
ca170608
f1370618
d5e4bf70
aa4bada8
2e45f5d0
93bfa2e7
4d366520
6441273f
4c574eb6
add82384
c05c1325
e6e62eb0
7b306939
ff21db17
43daaa72
4456be1e
5595c79c
910f15c7
32ea401f
8b796b43
f82ebeb4
78ec9211
c51002e4
ac8d9087
3c393d15
549fba41
ebe65817
1183ea2f
543df5f7
6bf9143a
2552ce62
3264dc4b
703a40f4
5817646a
6c3ad541
17f58ed0
a35a8a34
b92517aa
f9858086
b4e99ca9
04c553d0
cb69ca48
33aa2985
a09cbb84
448a4289
bc2bfc7e
bb899c85
c4f0cd63
ae481121
1d3dab08
a896c4ba
5e6bc923
897851c9
99399955
a3493364
dfcde7a4
c3909049
606787af
b5b2acd6
0baf2c06
4711688d
92aafc27
f7410edb
09db640f
6d00fc11
138a9523
a8dbe52f
7a63a31a
57590e24
00772a2c
a999bc8b
b3f7c694
2e65ff5d
524dc619
a2588064
a4572c59
213f6b6e
02171377
45f80e8b
96181246
ebe734f7
52b350cb
86bd34a2
31e0a922
6d5177b9
131a99fe
90322f81
33583574
51a82a67
67268364
67296793
f6487873
7958c084
5c974443
6eb95b21
f56a6214
2628882c
7b4becff
31b36381
3c9794a8
d554ecec
8db8ee5c
dd9acfd7
40db9ffa
a40630d5
23b22d06
740ed611
33df1a79
65ddad08
64034db4
63284175
881d405b
6614d946
b846e6d6
9ee7b4fb
3330cbd1
9b33ed03
4b0b9284
509aae6b
67ce8664
e6570756
f0107a2e
c03872dd
78b0c7b4
2fa32c57
40382db9
e19733ab
6cf93328
b4b3b779
73e3de64
8474f008
75ba9c28
2dd007ca
e7b37b1d
46b64a16
d1db222f
95a94a66
7510a9be
85ffae4a
ea1c46c0
a5d4556a
c6acb33c
22a7c8e9
9ce4b801
831a325c
d035f5d1
17128a1d
d60eabb9
672749e6
4768268a
1f3f8da8
4283ccdd
6fbc94ab
4b631338
7bb58907
636d6e5b
855a64cd
5d5e99d5
a94f3720
70fd8384
04be0e03
fd926997
9e1bc39f
6feefc62
3d785d6f
7922bfc1
6de9315f
4343277e
6cdb5b61
c45119f9
58addb23
ef7e66b4
c8fe90a6
318df6ec
f7d8b3b2
e4d479e4
6641b0ec
28daed30
09d01aa3
233d0821
353e44f8
9adfd8ef
3da01e58
39793788
32603307
b1639607
fc320ede
de0403b1
e8767746
0c85b9a9
1af0b218
55bc8f05
5fc73f4e
2e5bbecc
b25304a3
ead80fc5
04334559
d9462f47
3e00ed55
8b901cce
98944d16
9da0c73c
909cd03a
86e03572
168d7724
ef28679b
8ceed24a
ee95099e
f924c878
cb514dae
fdb6d4db
de8a3d0e
04d4abfa
242fc3bb
fe5c46e2
17a30866
4be7a1d4
8691477b
d58174e1
a56c132f
89148580
ccd49944
56061c73
310dbd83
51a8bc6c
7e49b8b2
0e2cfde6
ee534d2e
e8514cbb
5514d793
4b4d63e9
7de43b7d
831e7253
ea052a87
5ea6c0c1
0ea4956e
3c664f4e
064e6217
c45531fd
4afa2c59
2e8f799b
e53e7914
2f49b94c
d91525dc
158dbd27
aad3a2ec
7565d44a
fde4410b
0612ac27
a04ae274
632d81b7
f7da5d74
26713870
8f631fb8
300e1c72
d36a8cc4
3bf4f6b5
2057b0bd
29755c2f
e28e97bf
c39f211f
8f56bb93
6ec6268e
d1a941a3
9bd4e6b1
485a6c34
ae50e661
54c9c195
9f9f3f11
8d80e39d
66d12828
47bd9e02
f0516bbf
790756e7
da9e22f6
c73a6cb3
cfd9db80
292721a6
64453f92
afed8e86
57661336
c8b72c0c
1fce2fde
2e760d86
f1003b11
8c842e3c
90aafed2
b8d49d74
038b087f
2a5d9bb7
fc3f315e
565b4d34
544f2245
7b8f6006
e96bf925
120a2288
9b035980
145ee1e5
d13e03f2
52ab550c
7917dfa4
9b3e324c
bf707be9
14bcde71
f9b93840
3e458880
eb5033c1
c10c9a17
1e4e3b73
ea7c106e
fb8c2c6c
44427d37
2056b462
c42c39b8
e82e9cb7
241c9af7
5245bdab
05ff6005
b75bac2c
fa747060
6ea76a1f
c4ce8d89
670f215b
06eda657
ad1c3552
2984a8b0
7456b19d
27611791
86f7e97a
d18e1ea3
b2a6c498
a14ac412
696e63dd
65386031
e3f9237c
987adbff
f0d6e6db
8c452f44
fd49ec36
23f10297
5c7a4899
49dd0e7e
b02b2505
27b07b93
a548f668
a9e672f8
0e4dfd7d
d2c96f72
84ddbafd
0666213e
621ae594
cd76a751
0354b990
a658259a
b731dcaf
fb4db844
df09c374
1e4935a6
18a4028a
00a94d7d
ca604a94
5350e988
a14401e3
25f45bfb
7eb149df
be36d974
67b6a64c
7b9b12b2
efed89d3
57b11c9f
d0479f55
ca5fab2d
9c19a735
2e14ec9f
4662be44
ba81a40f
f9288729
bf87de53
54a52ef3
df660012
389407a2
4cc50411
36c6731b
4791d2f6
fc771f76
c079ef13
85e67a8d
a988118d
284cbb09
bb919379
06c6c49c
ed4e6670
88aa9c0c
2054be0d
ab3a81f4
ef953e60
a7f0d525
3b80ab65
4f534749
15e41a68
d743371f
9ba2ae38
a4ff5362
493796f3
8c198e11
6b0338a6
5495a84b
8386a717
b2111818
1a323997
433ecb7c
8e60b296
167d15ee
1057ee80
48d87285
b3a72960
c4be02ad
3c4edcab
c293e7ec
a69d830a
424f85e3
56b0248d
a7d74776
d0043e84
7adff133
30ff1775
01612f99
b9f730df
dcdd1a86
141d83d0
9b4e8431
53d0a343
8807f766
91e22697
0038a23f
39617d8e
f1e280a8
1c9307fe
6e6dc1ab
477151a8
15dfbf5d
9dfb00d2
9a3d30e2
328032f2
44829962
1f329464
f21514af
8a734a69
18ce9e38
020b6b5f
a7c83ce2
400c867c
2b0a26f1
4e51c357
b0b12ba5
f835f1ec
91fb264e
6aeea4dc
59eaeee4
fafc7e90
ae18a03c
959a7df9
d643baf8
6009fdca
0ee2a612
0d0622b3
17fa2634
0e36ba58
7e4f74a0
5055cfb0
aebfde94
14e1f0b6
44146ea7
1e6125c2
a6e1ce17
3faa6a0e
90a6813a
4d509f54
2f09f723
e8d05b54
a64b7a75
3a35a652
3cae789d
eeb3db01
0b7e6975
2596d679
ae020247
fdb3d644
efaacad4
14056fca
eca1061f
52536714
30d345ae
5f76cb1e
3b7980bb
019283d6
6ab1336c
98f0bfe8
40c5f085
55181c24
8e9a1a0c
afdfaea6
7b56274d
2dfa6a04
aec397f6
1636adc2
40334655
801fbb55
87514339
cf96faf3
af9bd2b5
0c0cf707
1e82d309
42fa7751
67f0e3f4
8d91d13f
0000003c
00000002
0000002a
00000006
00000065
00000003
00000c60
00000620
00000000
00000020
00000000
00000000
bc787563
6ac6ca4c
c0a9586c
202b2a74
e7bc125b
cbc472ac
9f61ab70
0b314713
b4d3a51f
835c592e
c44a4003
37e38c73
3278450b
160046c1
6e14802c
58914596
6b291c68
c0510175
753d88aa
96538bf3
1f23406e
653422e6
c0193ea9
5cb62166
2f53f158
bb173a4b
9442aa03
bb8518b6
fc38121b
a9aa447c
fca53a6e
cbff845a
5c99b551
dcbe6a84
2a6d0584
3a064841
5b30f26d
29c9cd49
06dca1b3
83a001e3
704da48c
be92a0cc
e82e1918
660f7dbc
bc0a641c
6f7f6bf2
14802635
60066c78
a7a494b6
45c34951
6b048cb0
f85b84b3
5b94c633
8b9a24c7
98656c77
53c80575
4501eb9c
d2bf043c
5a8e2099
1f0aa78d
1c5db66e
70ca987c
31c5e90f
0f5e3356
a71f432b
2196ae6a
6fa1e394
383d8457
b710252b
cd786000
d767aff7
5d08f409
66cfeb6e
9cb66988
816a8c16
c75dd236
bb4e14e1
1872ca8f
6559ba1f
b9549b76
96d0c2a8
568cb4c2
9598b40b
361cd740
de2fa802
20ea5747
4531e255
dcbf3220
47203d17
84f4b210
85bc8751
77a70195
2b82b093
eb19b64a
bbad4068
9a903b85
556f40e8
a00dcd02
53932a70
e97302e9
23144f7a
7b629870
56294511
03ee70a4
9462ea6a
48cd3c32
319327e0
c796f3ab
e9ac6892
e97c79b3
c1e7b39e
75c69724
1afe9933
603323a6
0e31f7e9
e8091933
91712738
6710d695
70e4b83a
921616b7
19cad700
49a7ab9c
4a49304d
4c91b1c4
0775128b
b58364c2
2d82802f
4aa55488
6ef49bcd
10a77b82
34443138
0c90ad28
5d6d583b
bc429347
93378ba4
58b8e922
da831767
62b4c828
4d84f96d
416e385c
39455941
fc999030
8c378e0b
22f4e422
7593d4fb
e7ff94d9
03b87809
374cd905
a2b03f74
37f6895f
87098b49
b22017f2
6863a87c
2625955f
f1dd0873
1fb87db1
193db76b
964437fb
3dcb9c6b
eb3643ae
336c4fb3
2b265126
ec4f504b
4bfe9132
a6c12f8c
7b04eca0
902615e4
bc3a77ab
34418ce1
56118fe8
7c56529c
303817c5
83e8a70a
28c75217
952d2a74
0962bebc
ba50c963
b351156c
608e7e04
ce68236c
316274ff
f0d95e2c
46b01d0e
be21a626
d3db15b8
35697867
d421d342
15dd1d36
bdf06150
019492db
086fc1bc
c246d16d
9fa163e7
628d3d29
9cd59141
a58c14e0
34061fb2
9b667374
924ef41c
d84a0f93
6aa10ac7
57c8e9dc
2b1b77f8
acc1eba6
1e744b02
88d43c66
a499e066
e080c956
da60b6ab
02668dcd
f647d24c
e982a065
40f2e20a
eb1d4c01
549583a9
8ea0f686
5f4d9c21
0ab02f84
32072c7e
3c6e64f3
7c6c8508
13a24d7c
adb0007f
36111920
b73232ab
8900bc8b
b66d4129
4326e47a
cd9ab313
127383b7
42465a79
41290898
65f11f33
6df746cb
1ba738b6
4625bb51
5a5c7166
0e58835d
966d25f4
2695dd57
256f316c
02175299
51f59aca
42a7654a
a8e21ff9
1853654c
5aab32c6
9a345306
9870fe2d
fd6c722c
b8ee395b
2f3cf27b
b5ad0b80
85c5a7d2
43c0aa56
fa0e6a8d
1699374c
91acdd87
a6c4a68c
7cb674d1
99726ab4
891b677a
61f49a89
38466e20
16a46b04
b63536b2
04050424
eca71a77
fa366b26
ccb10282
f2c311af
a57559d2
78943aad
cfc0743e
da9607f0
b3771005
32a8005b
55f8bb4b
6da9e180
46298c3e
fc2a22ea
4e8c5ac7
17b3ca17
226f0066
58277225
a0123740
f8531d31
3110f5c1
d97945ba
04044a82
3c5bb4ac
c97f6a39
6b9caa5a
94927059
1b3efc38
c12c0189
7c49e67d
a5837a53
062b06bb
8d3a830f
8690fc53
7ca01fec
97c5324d
1a62d1a4
c9a92c14
acacda94
a9669879
1ab5032a
cbebffb3
332b525a
f144cc08
9e204e71
85342450
46f23b04
0a34e24c
7277f475
35dd8457
0ccba7c6
4b901170
620f5a50
ad933d57
2d0a9417
d65e4430
56954ea1
6c07e16c
83554edc
9034122a
9d8a5197
70ac115b
14147b14
c192503d
89525945
9d8a6804
a0bc0acb
a555a6d5
7dbb2048
2dae995d
44236d96
675be78e
1b92148d
65e26e93
acd07006
6f736c87
621e0ba0
5943cb69
c746d7dc
d19202f2
1a6906c4
83cb7859
3a2f5871
c7578559
fc4b14e1
4a4e0c1c
5183fc21
b184fc9b
f8d94946
c3e39d9c
fa096bd2
b57d1a7c
2073c409
d393e5a3
9b731774
8ae146c9
cf91850c
ab85bf6b
7da5d738
5a30b37e
1a616fb2
2109207f
30186567
814467f7
5e84ed55
6f990cf8
b9b9b1f6
c7753e5f
d6b432d5
45655458
4e466666
14275051
840395e6
3670d25d
9495089a
8c6a0fd3
7d7063c0
fb8d40a3
67d41185
875cdf7f
f5b49350
7a2bbc0b
a3e3f0a3
410a759d
ba6138db
73a8682f
cfca6054
1ccf3031
50834020
911b5562
b2234f12
161bf24a
38133959
656c5115
24d924ab
7598ea5e
b0427e26
37a690c9
bd3d10d8
f99f6c6b
98b2179b
7a732aca
d88f1544
41cbcf00
f0b77974
85f24c09
1bd28c8e
b7624c48
d8dc048a
cac12e76
065a10a5
52c1ceec
948bf6a6
4bac8714
d3656606
29f67c21
3b2ae4ba
0304b2a1
46ab560e
ed672ca7
40165fe6
24b7b64a
999a04ad
8a4906a4
b253055c
434ffa86
46493b10
a174f785
dd542620
d1743395
bb51ab52
eb71418e
0c4045b1
565406cb
9f547b50
e263cd18
a89acdbc
3f805c07
f7dc8486
a686e196
6943625a
d13c2a81
a505e395
81364372
e6009b3b
6f4bcc15
17a67565
26c68689
924aea98
a4706b23
31ae2242
4dd7ec34
9f3e698b
c7875961
15c24a55
0a9bc522
b2379893
1fb6f099
d5409b56
c48594c7
38cc3762
3142a2b7
3b14c17a
c055098c
59cd48c3
24d710c1
3207357e
8293a694
f0f31d9b
b945a841
afbae3a2
b3b6b1b2
9f0a7e6a
56826ad8
2ae94178
06460b27
088409b9
b3b07185
7c5b869d
3e160521
bb3ca298
90e9bf26
d7b67128
05c11d69
1e66ee6b
8d4f87cf
18fcb263
a1e56d92
805f7761
0a1a417b
304549c0
66669b18
a62d44c7
9447c9a0
eb8b6129
9b40c2f9
a323b281
8e98c326
e779714a
1de74295
d14bb5b9
12069820
09f90480
a7cadafb
206c3a01
401000cd
2ac8f99b
25c708f0
aabb79be
8512a7b9
308ca553
31c2a9b0
d8929c84
657f2f3c
c2a42f63
f3338a78
2b219c95
5b6c5bb2
2433d79d
5972336c
022c4d09
37746ca4
b93eafc7
62070fbe
8796cb15
60bfbdb6
99f0b37d
b254eb5a
e3522382
30cce5a1
4590c64f
c62c1433
298b5fbe
e843150a
85069406
c494e047
bec89582
e102aae3
242479c1
8d014c8e
0c4b368a
59b66190
204ff1b7
1629acb7
5c8c9579
3b055ae2
eb1578ea
cd3a53c6
637a251c
a9e6bdec
778bc711
7230f1c6
a900c747
83aba9c5
564c600e
436a11f8
6ea87d64
0b4bdb9b
0639a1c6
1da59124
59406a0a
515d4133
78ab45b4
a8cd983e
36b243d5
85158074
3f406697
49edb753
2d069214
e35030ab
50d0a302
3a0a9381
77c6dc39
9a666e3a
00eb2276
9ba0a3b9
2b5fa5a9
36007012
5408f00b
02f91424
8a0081c1
2407c23f
8356c7c5
05136115
397a0ac1
d82b4766
ac12d3a5
6a12579d
79284b8c
9a71b76a
c4b440f0
f641cd93
cc814e51
fc82e13b
4c1c17e7
1229d69e
c2bd4a98
a1e1afdc
4042de72
7f5146c4
180ab694
80486b16
c63b8002
d4320861
1cdaae71
2c4d3228
0a354648
67927f69
180593d9
7b4010a8
2d5c2dc3
a2bae645
34ef3a10
741a0fb7
f7b33cec
c0e7be9a
4ee5efa2
95bcb67c
a45e4818
bce9af7a
c2a7f453
e3f2146a
0182af7f
c8c880d6
269d39ba
2e49c5ae
dac68413
f5cbbdc0
3ae0f27e
f420769f
278f8667
a087bd11
2dc2f60f
d6cc8447
60d13429
06bb8afa
d07e70a2
a9386cab
f22dca4a
d369984c
836c0c1e
a4a62c66
fae8675c
c9377d83
d096ec7f
85125d78
c56a8b8d
f3c100c6
205cc621
1ef20105
b4ab78ae
8b250866
5973a012
87b79381
211baeb8
b939b8b1
036323ce
0b3314a3
440b60c1
c4060af2
16679329
75437833
7d1d6979
1bd15082
3e776398
760a961c
55539fe5
9697f6a8
340682a1
d554475c
36c9353a
fa8ca7e1
303c9ce1
ba428a44
23a86775
0779959b
6eb22936
fbc4bc99
d3b4a469
ced54590
2824a2fd
bc176309
78300b9c
f189f120
e76f7524
21c16c9e
fa5dc7fb
5b0d6994
00a2aeab
399122e5
8457af76
3cc43312
7f0fdb0a
f4463f34
03c45b94
d82d452e
31f09934
b7943b24
c5acd9e5
395ab1a9
0134ec24
cb5d805e
aa0d5aa8
39ec40b3
5a7615a7
2583a814
2371f141
31ca4664
8403847a
c6e412ba
ef3dd33b
ba7ecdb4
1a021288
c0c6d74c
5521aee2
38b9e099
1ba5f6eb
39e7257c
8fb633bf
c15cb805
e61736d0
adc66dc4
e1d009cf
154a93fc
74e07f2b
305d182e
87bdc3e5
c8c3d5af
e03c110e
a05e7017
b93af121
dc2263c3
ab1ca0b3
6f2adabc
aa4710d8
aa992cb1
3714455d
b056436c
479d1718
0f216d4f
fc8cac56
21b97305
290a5cc9
4ab20c24
90007da0
88a7db98
850c0584
04bd7c85
23fa6037
63a2b634
966f94bc
62a517ca
152da0e1
65eb5865
209859a6
182b5a47
e0b62aa1
6cd3a474
ff0a7a02
97624740
8a49e697
86440a2a
cc43f7ba
7f09b1d8
6a8e4973
d2e3666b
fd07737a
6668f70f
519bfc86
fa11f53a
caa00f3c
659cadbb
61a82d87
3a64d3a7
cfa6e421
46423113
2d8ee66e
df62d60f
1a9796e3
7b1c2827
41fb95f5
6deb2809
d262c1b1
b5f07baf
bb306ee0
b5ff7628
c6bfd497
1012ee00
030f5eef
bc31b2ff
a3713397
8a62036f
08461f6b
a52bf3a3
406da385
0442f276
cde3a049
97f1695a
81e19174
72cd6db7
a14115ab
1ff8c591
0dce6fa1
17a257d8
ae94c6d9
f9ea636d
8c9a585f
25444fc1
ccc72b91
ed6eb0ef
943a663d
cd792348
c45de034
930480d4
7658b59e
b6d9066f
7c413a55
8cbdf896
8559bfe6
971aac46
a1d75488
5eb01fee
8ac3ef03
35b9068f
32f04f5e
03879d32
ba125581
1bf08d14
df36ed6c
9b02770c
cd4e544b
68f02853
b5398da2
8fb3fc1e
bf632a39
78c24f89
c1e5bbfa
024335f5
ec67933b
35a8fe56
4176c583
e5f18b2d
3254403e
caf0a06c
91e5cc65
ec332a79
9be78a20
bc23cee8
2ea3533b
0a55b5ef
967f3045
081d5798
5fb1a8fe
6b8dbee8
c167a45f
41b59b88
622bd86e
9113a1bd
f0cbe3d9
652b4813
cadf1520
4aebfcd6
a0b714d5
1583fd98
0b4a4bca
19b7930e
a3dbbed7
f5506a93
79d34442
aebe939f
c5abb3fc
bef597a3
02c75e70
e209d7ee
2b65b80f
6bbea3d6
9eedad46
60e59686
8825dcd3
319b6e02
a0d09a1b
2b8bdd40
2f4be36a
1e2713f5
fc8d341b
c1ca63c5
fb405072
ebaebc4b
8992ad06
6400fac3
4c829f7f
1aaebfab
cb0b7df7
876e70fe
53a93605
dfb208a2
73935b4f
3d9153d8
57d39cdd
2aaa8ec6
3e0b5b5f
040268e6
3e127559
e6fa6a19
a87ce9a4
6eecc01f
4e6371bf
07be3e8a
1bddd0c0
0a970868
166a7bc1
a27b9a90
83bad422
2be9e5c7
7c10aadd
c8e0856a
4c4d1df5
32494a24
780ad1c8
0eecfb84
27a60c83
298ed439
e4be9dab
a2b905db
5f59c32c
0149acb5
631dc708
fb2803d7
74f73b07
c70cb9b1
9e233257
996eedcc
e79b5d9d
89bceade
3f180c5d
8a2c4f6d
fadaddd9
0c46fd07
c9d37464
1560190a
6908a79a
163a0533
e3444256
7b76eaf2
258379c7
c36c6b3c
599a0c24
f2c4f171
3550888b
7567a3f6
afd358e8
daa113ba
d82066fc
7b606fd8
78f939b5
7d8c02f6
a26e8977
2eca056b
14d31258
6461335e
a23bfd81
a925c3c3
a5b05fc5
393384c8
135b7e02
c01978ee
2bea5c64
b62b91e4
ecb989c8
0b11123d
5083578a
9cbc2b0f
201fdd10
cd33663c
261ae2dc
adad97c7
74fa05eb
bd2f5618
e3054dde
b02da64b
aaf678ce
b7d355a3
8529339b
33c8651d
d02003aa
4f6f84d5
a2e8a9ca
15e2c5ae
1ea9871f
77f4e825
587abdfa
a5cc7386
f5e07840
b3c95860
712f3cc1
2ee58acc
38605522
eb2b655d
48786f77
e05c0a3f
f2d2505d
f7e3377b
0ec0fda1
54d50b2c
d1033995
1fbae2fa
7ed08dbd
27d585bf
901d5641
c8eb5e60
c7af75c7
3f3c0c87
bdcfd54b
a7c0308c
b4222f29
8ff62c0b
0e005c9e
5ea831d7
2003d8d8
7992dd41
4c43bc1d
60c641bf
1ea1ab38
b4665685
3f5a1ce2
2f4e1cdf
5c7faac0
3ba48a08
c4faefeb
19088f0f
fc857484
09db3a66
cf5eb6a4
48d7a477
f9da005e
b3ca807a
6f1c101a
d0be0989
ad4ae73f
23c62bb0
fafae41c
505899a9
37c73e72
a5296eab
1dda2dbe
e7deb3e7
f647235e
14158ffe
2df08169
f1f72d6c
194816ab
4da514ef
68e4e817
c8b219c1
82d70c5e
b1aa3b40
5b267ca3
d5418893
33b76b20
8f69341b
c719b8e9
e568066b
d6b002f8
8395e1d6
6ad337f4
6574fc19
0124697f
3df98c16
e76ca55c
5e319e99
697bae67
280590c3
7e3e6f4b
16359589
fc5a8e67
75f378fd
79d8d38f
72f5c4f7
0eaf8fa9
9ed05f80
661cb03c
aa052b03
b1a9bb6a
d308cc37
bb903df2
2b88ca80
9b53e2a3
a1cb391b
ce8d852d
15195bf1
122abaa0
5b436af4
852bd8ba
ef9b5c59
78695fc7
ec9f7252
68273043
1026b2ae
929aece7
55ce8141
9ef3d216
1d6fe1f4
31b1898b
0bdb9cc8
11c3dfd6
341130b0
67caceed
1aa2219e
0d17b5bc
33e855db
5f028c51
a257de47
0646ca1c
f46834f2
3434873e
11f95984
28945998
d983fc14
d9abfcd2
4e2c40ee
60d39d33
884b169a
4d580566
fd734764
31532d6b
cd128a6c
4f221b6e
1e04c4c4
f471e35d
58160071
a877f4d4
85bdb2cc
b09fca11
788d4d20
b28f7a7b
6449e72d
5b01c58c
7876980d
d9772624
70ea3699
eff458f2
cb9f070d
58efdd1b
d607d07f
615d8af9
ec21b12e
2f58dda5
3575e5d0
56393b97
e45f2570
2a06476b
92a319e9
ece7ca3d
281a1d06
39ce6ff7
0674ec12
020d7c9f
a930b191
149d7e4b
d2f98fd8
c9ab3439
1eab89f5
5c5aa49e
cbeb7015
807266d0
8ae457b3
53edb614
2ac6f2b8
4fff89e2
c3690885
9815bc30
34d41031
d7886a9a
1e51022d
a3224765
187567aa
65c73d8e
0000003d
00000002
0000002a
00000006
00000066
00000003
00000c60
00000620
00000000
00000020
00000000
00000000
c17a0b06
44855405
4c804038
0d6890bb
55757921
a4759369
86120092
858b61f3
8e66f960
6d2ac426
cb1a1a77
4c422f36
88a7d4bf
144e8e8b
a9a8504e
d8b018d1
549c4a2c
4d2c6042
ef17f2f4
f0558298
62bb7527
5671dac5
38130259
c6a20eab
4eb2da0b
a6b4a96a
6bc0d7c6
8a0b9822
b9a9cd05
766cfe7d
294372e9
704f1047
a7ebae06
3229e7a8
f735ba35
388c608d
8fbb38ba
fc7b9b40
559c55bd
e440654f
6b2c82b3
8edba713
69769576
ecba0c58
5b8af1a6
7d77e320
061878e7
ca4269b9
1049cc65
d86229a3
c6167ca2
905838c8
a8ea9f93
8d946003
298ee5b8
a8348e25
2ae8391a
81cc814c
e59e74f1
b9c3b1c4
51a7e5ce
9a60cfa6
68f34e3e
859dea41
5acb80da
01189779
841f84b2
aba15af9
2724f933
c89875d0
d295baf2
7887af66
c88cc0a7
4b25362c
c096001c
1456cc06
137d9935
bf5189ab
b06ef039
dafb58a2
520901ab
32112043
54f18d19
ac5308c3
ce2f876f
a7d26a18
5485da49
7dc331a0
f86a0f69
bacb9a0e
4fc643ed
fbe81634
0c27925b
3d961178
7690c34b
0836f3ad
1c82320c
9b04b31a
80d7f041
b67558b5
d9b75453
2ae3f58b
9a2a7292
2b958991
21f84e29
8534720a
074c2deb
20113642
4fb63ccd
1350a3ea
8f2ce7c6
4951ca20
21bf69f8
95b42b00
93344c12
8687b9bb
925bf0ba
ef979a2f
57b31695
b5c0c654
a76c392f
ba2a10e6
a97b5a96
528fdb13
23adc2f1
827996cf
7e18808a
dbb15fb8
6fe52a22
6a85b504
e5b478e3
58e0876d
1cb941c7
92e7ab4b
79d25585
d104508e
662168f8
3c08eeb5
6e5a6b3a
551d8f0b
77e2cc03
7500a078
b36a1176
60727403
1748534e
f728a6bc
a6b77554
26b0d46a
90556aac
8405d92f
017c449c
86b54801
8388ff58
4e6701d1
b73f2ffc
13219c32
1501d25a
77862a7c
8c394c55
855fd033
1c07ad81
23e9af11
40c7dbe0
6009ca71
7a099835
33ab737e
a8fe8675
b71b24ca
1c46218e
b07e9b29
a56157c1
6988b0ef
5c389166
6d2cb912
e0c155a5
28cd6832
20130f4d
73833a38
0c430fc5
ae06cd89
31c76083
ac65732a
cdb66b80
a38d556a
942ec718
b7b62fad
c63c773f
0558cc89
4c4998b9
5caa7b30
5c3ac19b
b31bc4b0
a36db2ee
399a682c
5f54d530
c4593b91
0a800b02
7da97067
5aa1cce0
a917b12b
2f8289ac
8d7b1c2c
34ed9069
7787776b
ab33d5d1
f61a3bc5
1851f46a
e431f70b
bb8a0a54
992b3c03
b6cb56a7
f12448ec
bbf6137b
690e860f
a49c4bf6
2fb21e92
a0385491
112fba68
77f1da3c
d92d09e9
f041c732
89324657
49cf269c
f2653a04
29708fae
55362b0e
f44738fb
55e6f983
994ceb10
23853950
c3029378
9e6fd691
7aaf0170
b91a84bd
7b5c76b8
841f3411
3f44e328
f3b3c628
a4b41591
4a7416a4
8c8217b3
00ebbad7
38c0d443
91ce1852
c605b215
7d190996
da3998e7
abb7ba0c
3ecaaf79
c58af132
a3bf8476
88fb8560
6503054a
148f79c4
a395ba28
fbadd9fa
a5cb6c19
727427af
73ca9122
7c2b9a62
4c8bd861
441b040e
aa4a2d55
58155652
e7b7e6a6
85f68789
2277a58d
7843966c
d80d5569
83a92c94
63c84c8a
e5113d09
0002530d
0c0b78d6
41d57033
b9d0508b
e45ac9d8
738ab702
a4776899
06c4a659
e143118b
1ed3ab7c
3bad9299
11e69711
2ef70f16
b1b5e89a
0bbf372c
bcfc1dbf
1189e950
51ef75b2
b8994a64
db64b37c
182a359a
c4d92526
313c03c0
530c07f2
44b550ae
93c3740b
2caf31d3
4e9af31f
c194f369
311fa494
0ae81f04
1668d9c4
d7b15408
7a1b3816
5767f8cf
fb773d54
b90ae56c
92ad67a0
86ff6a72
0b38fe97
313bc5ae
e9c5afd6
37fb9cb1
888fe0e5
666671f2
7af0e470
de098b4f
f1cf0e4c
92721431
432b83cd
60b5ab01
ba43eabe
527fc4c9
047da014
36679337
a0cc5028
84b61c68
ab205f6e
956e831b
84785bf6
2bc47433
5584467c
60334575
8ba115ae
49196bed
0675c016
97aafdba
167f183b
f3957f55
ba893a39
c25db8aa
a2559c7c
00098d33
c0b3bb1d
815b2a66
a1f91b0f
e6477adc
c0148eb7
cb85d302
c4b640b2
ebb052f2
a050d283
351c24dc
94000e84
73939049
bcc1008b
7ab1b02b
8d7c0617
83926afa
7175678c
8379aa03
0f7149a6
91ae4fb4
60dbc0a7
e59d8b03
1615bff4
978cbd70
0bc1d65b
872e56f7
99b2532b
45369bad
972ea931
97e6f159
4277db33
406a837b
b19c6660
5d7952aa
23a88941
7b2aa399
579d97d6
08d38b94
8a757162
ff7f4977
fa7985f8
790b4eaf
9a2ea433
9508c069
acc39e4f
cb45b07d
c48b2234
07a0a49a
6e66f32e
99291cc6
a8aa1827
923becbe
9b3a6cd7
1e582945
acb39455
f266015c
8c01f85f
1346f5f3
95a2a8a2
ca366f5e
2e01809f
1a9221a0
752897b0
60b8f3f5
9b2fcd71
2aba3567
858d10f3
1752234b
647bbb7d
c4b8677b
861c0a1a
94461a45
11afe436
71564676
2b7c5f50
ce593247
17ea728b
555c31a9
47056b7f
c2be0f80
853ccf6f
d2c53aa8
273a9c02
38c0ecba
8561a8e1
84f15ef6
14c49ec1
1bc4a4f3
fa305ff2
0096be8c
c7746144
918c4851
a085e858
05cc90ae
bb0da3a9
101109ab
c06a4a97
3c662d2b
57769e8e
b9a6240f
35d677b7
67a1cb69
1d860230
56aeb3da
15f79f62
5f9980a8
f9909793
44f1a2be
1ca89623
8a94a708
6273ef1a
1d9210e6
88282a76
1a39d838
b4186a2f
8b4d67c9
b5010257
8ea9d575
9b8c12f3
6de1eb61
c55bebcc
b50a59b7
3309d009
3f3cd953
e3d75b83
a8a47ab5
314d791d
916f5eb7
66c08c98
4f24d6fb
e2cdae0b
7d3a7173
d71f5a2a
b8552959
ce759203
cd19341f
a5648c9c
a11c1c90
9f996878
3101b435
4e43bf77
5845d255
cc811083
3fa4c8c6
0f6a4b8c
20ea5433
c939c52c
43575996
5a383f4c
7ad4dc28
ad9ba1f2
824c8d99
88d25448
75a1e600
caa5536b
5737e293
fccdea9a
6b6ca083
a4823ba9
e578c60d
0b1a89d9
9537d943
4148ab83
a7880826
6f66416b
ec6cd2b0
c0fd5db7
5bb42359
0b321552
f5ee260c
b2bc077a
ba0d2288
34469f83
b34cf4a2
012d4991
16e27881
7c44ba62
d963997e
d9febcb3
70b9abcd
588b4897
7a951dea
030a4d68
91977943
457d5ac8
a1d17371
4b6a38d8
cc500cc0
13f70ac9
f3ac7c6a
538009b8
0f09d34d
6bb31807
27703510
8ef7068e
aaa9c12b
761dc31b
21442215
d46e6c02
4b185f84
c1caaa0b
719154cf
fcefa58c
47c8e07f
74466c80
a46103b5
2335f70f
1633964a
45c351ba
2ad7c406
8b7e8743
8029af95
1bc79d1e
d4736aa6
a691472a
75e4cab6
b922705b
c9ef0347
1c80e50d
90c4b289
64c93065
340348ca
91656aa0
32880430
0dc040a3
67571b1d
b11e4c12
974986a6
604b31cc
8553a964
adbc1640
4c8908e5
c2fbb7fb
624a227d
58c74a9d
61e592da
acb86d8b
700d710e
cbcb8a6b
c4471e77
1f842ce1
b7b3568c
2190ef7d
6b524ccb
a1884397
6f209db2
841306c4
3c886d45
95937245
ab82f943
f867cf66
7fc00804
4cb4d7d3
3b92b1ba
0aa2979e
5d8dcac3
7872cc44
76331489
48460841
7695c377
264c3689
9c9da58a
0774bb47
25d2fe4a
4647b7d8
26e444b5
41d03317
e2cba14b
e0a5106b
5eea7f0f
93718802
da00bde2
893b8d2e
15b9dcae
7bc98d54
a296d07c
66b0c605
5b389ca0
9d69df05
599217d2
a7503029
3c2c030f
3e9fc7cf
d97d9a64
aea8e161
f73d6728
4c86cffc
cc622cbf
a25fa5a6
905d61f8
7432fe29
fe433cb0
e65362c5
71f0bbcf
17200001
f0d3a7fc
b5813b53
9bc7cc9b
90e23b45
c044d0ae
0b9274f9
e4249818
a8d83257
c7afe734
3505c4c3
24b0a9ca
f08399a0
53641af0
c6008028
d08fe216
346173fc
72d46c94
711e33a8
2931b280
2f4422ac
2b7f9af2
f6c34901
74cbf975
195ea773
f56716e9
c2f40a4c
ea8a82c0
59d66269
17eb7214
f1baa601
33033ae1
0f65b9c6
cf95db80
e73941e4
7acc578f
22b729c3
6a194493
b500a177
fd9a7808
64a20ac0
798b6e51
73929c01
c5b634b5
9657820b
68048012
638f8d74
a5783c7e
8451258e
30a05543
948c5611
81c78ba7
e9a175e1
7f7a146e
0d58aaf0
f72f02a2
b9dcce34
bfcc42ea
c0934655
c509b6c6
662c0778
c68accec
3b299586
07537736
70556b23
c21c6a40
8c9669ce
cc3f4aa2
8b573a2b
d361f4d8
13d1b27c
8157bc20
c4ce36fb
eb1f5c97
753b130e
1572fae0
1244aba1
405543b8
bb36fa9e
e4136eca
aaa3ad5f
8eb7595c
648f3a21
855b501b
04c047f8
72481e86
a75c433d
0a540749
fb098610
ce73215f
5e5e6caf
5150b5c0
5308d0b6
6f94b3cd
3aeb7c7b
497456a6
c76bf74a
4b590bd6
10c10c29
c763c76d
06155192
a0a60665
10b6146c
67aac82a
0994ee6f
b776d6c7
32444077
0842f01b
35578172
0ca2b7b4
75214b84
dc582295
18c8c757
b2b5d059
e172d207
f27f5892
6473330c
eabfe040
0c92caca
10fb1f3c
34b052e9
00722633
483a5a58
9941ac5a
e751b150
c2163693
f4750c96
71e33bf2
709bcd37
1cf72aa6
5124ebe0
4b9d53d5
a99f7142
12440eb0
87d69bee
7147da77
e27b14f5
72817da5
94366344
5f355d10
88172bbd
00d8743a
6337eecb
0317bf31
d18219c5
b27408ed
5d3c23d4
97d86fe4
eb2f5bd1
759002ba
526eddd8
427f8579
87867c91
18abfdeb
d8caf624
38aa350a
ec10c144
3d4c6014
5e3f78a6
f0dc4d12
a7021171
cff5a8eb
82224bd0
7905bee9
11f66677
d3e9b16f
18b87b95
9d9e4ae3
99eb516a
9189c3b2
a124d09d
9bb3f224
56867332
a5d502ee
8da2963c
7ad034f0
0bd52ebd
e3972022
de7cbd92
2280e46f
94aa69d5
abd65817
265441b9
5fdcf4c2
15ca4691
fcd26522
a2bf396f
fc5eefc8
3edb2aa4
7fda42a3
8e3ddbe2
275bb18d
3d99b89d
14adf343
464c83a2
7b16341c
86dcfbc2
88ed974e
620d19d3
0a5f8d15
6ee2d212
307d12a7
13a07348
1e5ec4e9
3056678d
1a5495d3
5319e2dd
6771d7b5
d3d96d65
afa17301
cc3b9179
77244455
c5828d7d
7eaeef9d
49faf67e
8b527c03
f9be839e
3d16c208
7203bf51
7511315a
84fc4eac
f3e87281
fc1ab8ba
9b35bd6c
aa4ae131
7a1d5caf
5df5658b
b972adb6
6510a33f
148ceec2
6a123a7c
b6c5da3a
3b419896
c1276701
dff358ea
e520f1ac
99087c78
6d5f2f08
f5e0856c
9bc64404
f961844b
66ecc23e
3cd1071a
627b9b13
1f9cd422
e5778564
36271e9b
56e480b5
6a2ffdb7
a5dcb8f5
ed722473
5dd08af4
3cc88ab8
42932cc3
895d3964
7cb02940
b5ff571e
76b7ac49
d6ddc856
68f8ed2b
b7ba287b
8d1cdc05
afad40b4
8b1169cb
a97d69da
bbfdefef
6e54dd97
84aebef3
d2efc7a3
7f82e583
768ef603
6806b695
113e3684
d5845769
eab4f57b
971e8510
1f34c2b5
f6ef8d7b
a418bc70
938b22c4
d08281c7
0640eef7
c3089930
ba6e83bb
d2f46c6e
d3b4a56e
2814cb6f
22c52f54
90fc296f
d10f9a2c
bb012ad8
8a1ff27c
67d37725
62d246fb
4584bd3a
e25b7248
13b81c11
df9bdc28
078fc6f3
ebce9e06
b66da4bd
0ab08dc6
874472c6
38282d0e
151f85a9
04747e59
b20288b2
fa1fd8aa
6801fcb3
8c0286ae
505eacb1
f5a97aa9
26f7f480
59276f3e
94c803c1
c35e7236
d3c025a3
3ae5caf8
3efd7084
5fe3634a
f3e260bf
82d7760d
9b4ce288
f95de26f
b5d6e0bb
eee74c6c
2069b10b
880acc98
bd0c8213
5238a64e
d99eaef8
63eb1ad0
6ce22425
47bc83f3
84d6da88
ff2d819b
65eb0dcf
7e0c62a2
f765b7bc
fec02688
72e90f0a
00372cad
b8a728cd
01c85981
180ea7d4
26177c51
86ce314f
e391dc5a
569f839b
a5f09a79
36422d93
47b40920
7d195cca
b0735439
6c5e2e4b
651fd30c
457ef8cf
10f536c2
60d89245
819c50c0
ac677098
3274be3d
a5b1ae30
abc5e8ca
990e5dbf
762c85ca
f6838672
53a1b32d
94c4bd8f
539cbe0d
f11f1f3c
b736980c
162d81ae
9e30c2bd
27485447
adce25ee
37f95e20
e8fc9e29
a6963910
6fede836
dd6eddf6
057b14a9
c1af271c
891784cb
da4fa698
07631c02
3ef168f3
756ad5f8
83fb9058
caec790d
0940907c
9a0ae750
2018d1c2
71bc6f03
5d86dbcc
93417538
c8b099c6
d40f309f
bf356fa6
98e7d868
10efa1db
ecd052cf
3e335d2a
064f84f7
b75ef941
4b4f557a
2d351deb
52065e18
5ca303b0
33115baf
d370aec9
66ea3d6e
c0b539f8
eb4a068b
1446582f
bdcdce31
0e77524b
01c0f67b
90a691d1
3e14b307
9d8aebf0
02b85e84
a25f260a
e831e045
5887921c
8f05b9fc
b52e8081
99a68d46
3d9bca0d
b49a8a82
0b40dfa8
2b36dab5
630a8c78
ebf5e5c7
500f4d50
8a7e2d66
8e6cb380
c8d259ab
f4a413ac
7707945a
13eed1f6
eb085760
7e32649d
861515d9
cb1f4734
afd99a1e
7262057d
46cc7e97
bfb60dde
8c560e62
8bdd2d63
31c2a050
1a9b0e9c
2e57bcfa
afd59fc9
8a4f1db2
4d536d06
d2efe4e3
4b436b47
b3bf6974
50503a77
a2eea29c
9a089bf9
e9f2253a
acb958d5
cb9da302
16a98545
657edb70
734ded44
903a6f87
c3b5ad2d
fe97bbf8
4a2e55d4
16754ae1
7df129b8
64ed1e13
3819e227
98c4eb3c
f9a2e306
4bbe5dfe
90117cfb
594fdea2
dd271094
fd833ee1
7da88108
fd3345d9
5b036b65
d93c5c41
eb6afcc6
cf5b9fb0
e9a536b7
a1cc47a4
66f793dd
3a10ebf1
40c8acad
ae0478b4
13047568
f014681d
d7b4f86c
829b6a78
6e78716a
d0cc73be
ea4781b9
f9e4ea13
ca0da4bc
bb8168e1
67f78ba8
de86252f
7b94d94f
8bb11b64
06216b02
ebf4ede3
0b53cc50
4fccf5b5
d811ff2d
2ecbfa67
2f3bb524
4d59a9e8
be895e08
a8c9f76b
c7711f44
d8254b8a
1e44a984
718e70d4
ebd0ffa9
00d99e3c
d09371ad
2296edaf
e946b7fe
72cc5b95
0dd9c91c
b5425960
27678390
f73ba909
57dc4a8a
fefa8105
4243a1e3
93faaaa9
15360cb3
80a2e15f
26264419
63604aad
0f2b7521
5bc1db1d
c3e0d19d
0000003e
00000002
0000002a
00000006
00000067
00000003
00000c60
00000620
00000000
00000020
00000000
00000000
88a554be
b3d58d20
5ba3e410
728d21f9
52bb5684
9e1a0306
a15e52c2
e9838c21
19d1d33e
30b42aca
759c1df1
28aa5289
0d9d7291
2abaae66
0134bf1e
78662aea
3ad65273
8de17e7e
b5a4c030
88ee5aec
94a24a40
8f31713b
294a04e4
0c956f54
92080a75
7b68b5ea
39ab0252
070a4ca8
57cc513b
a47cf415
eb6b1239
6798aae9
ca39ab62
dd7b2803
a0535ae5
08eb6a0d
2408cad4
da904f49
34db6eba
6e0b1393
8c249be9
4f40ed87
6150e898
60192da2
6a34a225
9e5419d9
e5bc7449
22ac9bb9
9c2fe54a
00cf8bba
7dd4cc05
fb7f2614
a4f11308
a447ae57
88247cb3
82cf16eb
55046e81
4bc18337
e966a646
27d4801f
5fabc84d
b3765095
c9390196
7b3c9666
12986c05
8e93802b
76b55cdc
d8869ed7
67d3ce9e
2f4e233b
19c84ce4
5c95733a
9b6e95fb
37ce4e90
33073f2d
65223b18
b772068a
9d1ae773
13233165
a7979ad0
4f048d8f
759ab141
46f190f9
4c106821
8293a0e0
68033f29
9f72f284
e06c2404
c9500728
9fcc53c5
00871c7d
41112c02
4cec6675
5b7ce08a
a66e57f5
a2435d43
abc518d1
d4e670c0
82dbca70
ad421b8a
d8f8aef7
cbf88d90
89508a64
f1544682
8736bd45
77a3ccc5
499ca797
15c63780
555c96a1
c21f54b4
0d98ad70
2a164225
65c396ac
c9749303
c1b4f86b
56d95f54
2f8c590c
e748a210
80439213
827cfe15
a5119843
4440ada4
c563c77c
6c8132a1
08f92af9
7980fc35
f273712c
5a980186
5917548a
a86de140
661a9087
a9d9665e
283bc72b
81b18300
1e77c179
b5bce36d
86fcba03
b916773f
b5aefc66
0cb67b82
cef25e26
16c33027
766b1df2
b1395b43
1318315d
a951730c
1083b06a
942e21ee
57eb0b8a
2a2c191c
8e53fcfe
4a3a3f24
5c3254b3
9417e97e
275b863a
718b30c9
e91b46e9
558d8e20
967685ba
9b8d8298
fce99ac9
63fab1bd
dc05708f
71404844
5888fcc4
fd0394af
c74f0767
72c52f80
0e860a96
842503e3
cd184900
c7929655
8a8c2954
87f6ceba
b3695223
116953aa
9d7cf901
2c5b633d
369f3622
5567542e
b08559df
81d34211
7218b5c6
3b0478b5
58864d4c
8065a6be
c07cc03f
85c452b3
2c703711
76746a7f
00335964
8f41bc1e
543355ac
a39f5ea6
6d27ac7c
d99e27d0
daa46380
76f1dfa9
2dc50789
2cc61d41
363b2c79
4b8055f6
6c297cac
269c59a0
dd29b715
88c18ad0
8844cd86
f9140b7e
014a8432
09b82525
bf6704ef
43487cd2
affc8f9d
6373c11f
15a434f0
98a8be11
d0cb89d1
716b3264
b4a9f5b6
b4536723
47932511
8ca6dd11
403feb28
595fa4a6
0873e27d
054be1c0
8006bb4a
1b210e4b
7b2e5bae
4b495e74
20f854a9
2850b287
221428f5
9958880e
e673a248
c1f96500
b8077c45
ffc07394
a6a7c784
40d3f792
b36fda1e
902e50f5
52f3e125
5b29f8c0
1a77c30a
664a9d45
0086349b
62ce3ded
b0c57069
819bc961
580c9ddc
2c586954
0b6b4178
835c6151
b250c05e
c2c3c5ad
1b7d0b12
a53112af
0bcda9a8
8b90af0c
6a3b5eac
ac4d8a54
83fcca8c
5e00772d
fe00068e
7512123a
257b3a25
456827aa
eadc0826
b4c8b71e
041908af
b40c7deb
6cc0d5ba
6ab1a9c8
67255470
774a8dc5
7e81eb12
79f944e6
78f1dd8d
a08a14e0
675caa37
6d94131c
ce5d189d
a7bdc9c1
cec59128
c964c877
9ab94639
050b1835
6e68f731
dc0c34d6
54032884
aaac0b5c
39770ff8
25d82dc9
6c5c6a64
8681636b
501c060a
b43ff7a7
66654211
bbf75b8e
9bcbb4f0
d0cd7949
7f237535
385b0bbe
b8fd97f5
86faf9ba
099b26d3
524e5e33
a8ecb709
a5be0bae
c24b9af1
b2f3915b
15a5f497
80318dd2
ba558ac0
6f9d9acf
47b40216
59499930
ce965bf2
25489269
45b19d80
d10ae48c
0260aa3a
ae1ca100
91487c88
05dda423
5dd2d106
1d0385c7
7256be96
88ccca77
c8ace846
295c914b
0551b43e
a3053307
55f515f9
a29b6bab
0a48b7c1
026a7031
c622d61e
d15dd9cf
e38a65a6
36933db6
3a50a5be
37042dc0
29da2717
c6457af1
c0a83e93
5d344340
1b0df7b1
74a26643
1d66fe62
792fb4a5
9c556868
8abba35a
640254f2
369b20f8
3722a226
749612bd
c8f78247
97a303c0
6e4abb1c
a7158242
ad84a795
e4b6a97c
1bb029fc
14b8ff1b
a0516745
9299c5ec
344cc569
062fa5c7
d0344938
33f66438
4381f127
40d97085
4a0cea4f
be3581dc
16e66a99
ab0646b8
05776018
f5702db0
449239ac
9d1892d6
274abe47
57a53653
e6c6211d
179bb869
7c254f05
a97671d3
eb479d48
4424aa3d
446fbcdc
d0e118e3
5243ec35
e74c7c56
3ad1aa90
4fc27700
d8a46b7d
ec477c64
be1cc51f
d5ba971d
82747528
05358237
0680fce0
06660cdc
a305894c
59a8d511
c1b51520
78d589b4
2874f709
567f991b
2d946526
3337e40e
a0a2b32a
81a33c90
343759e8
587ea3c2
acea356e
eb587ac7
2cde1a12
8691b34a
31504447
974ace8a
38a25956
a9a45885
5473900b
5ec48d4b
4b4abcd0
4b0a2590
92392d18
0c5634ef
421a23b1
2d681e22
b02083ee
64a58e47
b6189ead
0e91aa1d
8ac453fb
991c48b8
058b48ea
75929394
3162d847
adcb041b
d01b8891
9276d191
c53e0875
33265cb4
665c6614
5018b83a
4088847a
7d00cf33
0ac2d60d
a8958128
02176045
ce0316cc
61c9b458
77b74899
a4acb374
412e3ce2
38bc5a87
0f5e3757
000f6033
8345d08a
3f1bbabf
22792551
485cbccd
8301b808
154f77d2
727b2c28
7d1b81e4
87616aa5
30074311
539b2249
6577b926
5699ab87
1167b032
70c532e7
ba76971a
e852469c
e5328e87
9e460674
b7916599
f8e91bbb
363943af
5c6144fa
d3863ee1
70b21e11
fba76388
9877bd64
7e78e75c
cf039cdf
2596a1b7
6412a0b4
74695796
70ef0d5a
8d166b9d
e7372186
50551789
bf0b280b
6c02b1cb
07885c96
cd2b2d87
bdb1d33d
b5763251
5606b19b
c34c55c1
703d0d84
18ec41a1
b2cad4c0
06a4822c
ba55715f
c7344748
a3487701
4d69be01
c06a89d8
f1433679
20bc61a0
68bd19dd
8bbe6af2
23e3e71d
cf6a2a46
07d13b53
c863e144
7a8ae7e8
66684087
8cb2f306
735d479c
a982c3fc
cf78f42e
831263e6
477897a2
9062f752
d1abe958
306e56bb
2fc0e446
a595c657
c3cc23a3
6943047a
eacfb5d8
f88e9ff8
1a58dd50
9b463b51
57f60924
b2a7a654
61490482
06465833
ab432a21
c4b8d997
5893ab4a
a3154309
6603c561
65a36112
a8bae4bb
809f46e1
858f1169
6f8ad3cd
2f89cb5c
78bd451c
0d179cac
755414b6
85c4a623
28664f08
f809aa16
dbbd48b6
1158199f
936ea335
38a3c0f2
ba5970cd
6912d87c
110c4a15
3a125b6e
a98ac2c4
66343328
3ee4a41c
6ca29805
f1d870e1
21b8f5a3
135b685f
17173700
332888a0
178bda80
d793b8a6
51b4420c
6f95aa6c
761740d3
ba2858a6
e82a2003
7039214c
93991cc9
054a7afd
d60e0836
c9e8b464
4b666c84
48dc8e27
10038f2c
b4c11219
84e148c1
b3d63475
662ac5a6
a50b9f7b
1ec4c986
f47a5b6e
774e1ec8
78b84bbb
6356585b
b36e0442
5b14a784
507d448b
e8150ec4
a0a0f494
39cda1a3
d6fd5851
9a348f1d
8095a023
87b06e44
575b6f07
76bc33d7
f84485c6
3e3268cb
b6240b81
8ab34bb0
89f97a85
b156dc91
f8f84272
07d0f829
a32ae729
27e780b2
6aa37fba
bf1cac73
19777bc2
602649b4
ec8177a7
02b7968c
9586d255
2274a61a
56314641
3dd2014d
1bbebb57
581dacd9
773397c9
9cb3650a
c92b362b
b168b730
685be77b
72d55596
2839f736
fd69d921
1255bc95
4630ae3b
894dec48
452fc0b7
86a00702
62847328
3324cdb6
3198a668
2871d980
e1c74a41
c7e56405
d486030c
334615a6
ad220476
b24f94bd
38f07d08
33eacecf
a934b2f0
b21d2d80
4698109d
0718e310
33f244a2
1bb5b4ae
bd75ca59
346f4f16
6f2b4d6f
7117238b
b3e4c604
57f0b117
cc5ccb6a
555a315c
4a7529b5
1e8fd0f2
56dc81b4
cbdc0c2f
1ac61b65
17f868d3
2cb512b0
a6a3ea05
7b2f8ff1
cf2646bc
8ba2432c
9b3432d8
2208e227
c048470c
b5c0261c
2c81046e
1232c463
2c2da798
60cb8e61
80c9e287
57726552
8f0a4f9b
693bc793
515c0f80
be45c04a
7aa60ba1
1b480972
4162df81
81aae4ff
fadd4ab3
0cbb36c9
b0c33656
b19abfd2
4608a12c
c1a418fe
b2748f96
6554a16f
7e0dc13b
160c4bd8
71b5115b
56983747
f32e1414
ad05f753
017fb122
28092409
c8d50662
2214e10e
23e67ec2
2047e59a
900efca6
5673b785
a3c2719d
7393141e
a638175a
36256094
d1868631
7a388501
b81ad05e
eb19347a
f2f48051
30e21f12
b23fe7aa
28122506
cc2c0751
ae03878f
e5d286e1
a6c3df18
6fa04825
67596d29
070a3e07
d7ab537e
840237cb
7875ee46
f931b4b0
919c4832
1820b159
fa8e47bf
489daff7
48a929c3
e9c94725
a6c90156
6c21a07c
3d9ff50c
18da7076
97734b99
051b8196
fb378d95
a2007f30
c97db1dc
73614c16
2e81c57e
066c8fc5
647e8d7c
07805b61
0d995ea0
edbbc028
40bdeab8
3d914c65
64b1d6ed
be7d4a31
18609b9c
04927656
66e6c424
087d38c7
11b2ee38
66936e1e
b3577cc8
1f1eaad9
69a53e8e
beba0123
e85360ef
a1b8d55c
a7a9a125
9da2a325
a23cc2c3
0b9c760b
cde6b40c
8203ae20
56b0993d
1df1b04c
fe0e101c
5f79e3c4
d220abbd
2ce31c3c
75882c72
5e80204f
b17f93b6
63f0f748
01a1a370
6e4e4a3f
1f00e694
11653272
5b1d39bc
13a2bbc1
cdd51874
4565e4a9
81b4be7d
204a377e
92d7b1a3
024f9c9c
e1e17be1
ad214cdd
017900ff
7ebf3761
bf1e7325
a784521f
61dfa202
21886520
6e03ab4c
d98a755a
1daf6899
5164c2d6
5724d994
1edc2d62
7202a247
27f857b2
c92fce06
03da16a3
8fc24f34
197370de
6096e37a
c5fddebf
43e0020d
67c35822
79294d5f
e910fdb8
3797e3f8
becb13a5
83d454e3
72dd84fc
0cd8e5e3
f28a1e82
b9a53c26
fb903350
6ebe35c3
14de8c7c
5d6fdeff
737278bd
aa3be399
3c450f0a
08302c9a
81af2763
8a8f7803
b0dac5dd
11a7a091
3719bebb
32d9967d
8452fc12
2e5a634a
9decb5d9
9a897cec
76f01962
b59a5d41
247c6485
4d8a102b
03800055
e741ce8e
86501bdc
c6afb30e
b7ce99e3
596f41aa
ac051b4b
b836122e
0f615f7b
b20af73d
2567f990
cd1c21ae
59bfacb0
c1935c07
7021d721
ac70f22f
ba1ba046
0a3351cb
9608eafe
f156bde5
3a7b11e8
57b92f55
4b3e9381
16cbc601
3775a3ac
bc5993b8
4797a778
4429518e
6f7e57e2
03ba9334
684b92a3
9803145f
48c425c9
6d979dd6
4b62a16b
48de020a
7219ff00
ea0b004b
4ed49955
a7700d62
415aaca2
6c22b1a2
a198b8fd
50e54ad4
af215545
59bac159
1b7e0f8e
a6f6df54
9bb13147
3b566a3a
a4804507
0c2a29a9
382a4763
42ff4611
e44e5125
d28221bb
267dc0e8
f05c4dbc
60ad1b60
af4b3f81
e43fbbe1
2b056a47
c54a78de
1b575b2e
ed1a5f99
42bc3a7d
3a8cad17
0d263e03
da67f136
33b54010
8ae178fb
0050f312
b39293df
1888f7b5
ece24548
fdc682a6
d250bc81
1ee6e231
f3cff070
0085de7c
2f6cdc15
5c3af224
87f32371
275c12ae
09f86270
6ba0fa7d
b680aa41
ae5d3eeb
3207f4e4
c417741b
765872b4
5411ca19
880b09c6
5c6acdc3
6178f7a7
eecabdb5
f2a0284f
95f509b2
9f12459d
66d72686
1b97ea77
7cd6302c
22eea5c7
009dd947
601c812f
4d03901e
876c5448
25bf3977
d14741a3
43fa9a7d
bc8142d2
dbde599b
02004ee2
e5a8d804
7e5c1535
6086e49c
721254f7
89622ef5
25dfaf36
dab381eb
466e1619
6740bada
073040ef
9efcc69c
e21eaf6e
3ed9a2ed
77382590
c8abc1b7
f0bed14a
47e2b375
e0c1eb60
bea7008e
e2b288cc
fae0b8a0
bcdb22a7
efdfdb2f
d8286cab
f4958649
4edbddce
cf1446d0
ec443f09
63ce639b
d8aa481a
c255d934
c9cf1573
c30d37ff
2299c2c4
0dcbf7d7
64b54d44
0eca8f9a
258601e0
538203a1
f95a4b21
7992e4c5
7df1c6d6
9bfeadf6
bcd8e600
cd49451f
5ebf91cd
fd925efe
2e663fd0
94b7c30b
dd1ccf81
32dd8644
8ed457e4
46087d24
12ff1e13
10785d66
d6c79256
5ec83141
771d1d09
7b06aa65
c8d422af
a8a311a5
8f386b07
80ed504f
59cb817c
a641ac10
0d088e00
42f6de0c
37748e76
42cfe56d
8aad13d0
44eceeb9
7ed390be
aa922a2d
baf19e93
6edcf2a1
c65b9aad
b24fb025
731f18a4
a70bb633
c1b11ae5
2ece19a5
e460308d
a9e15d02
7c61ffce
63f45dd1
3874f51d
3946e38b
339761bb
ae6368a7
5d6754d6
80b3f738
ac07d5e0
f137c0df
f5308d84
022ef2c9
928a4872
e765135c
eec4f96a
cc894e31
69410e78
37215dff
783d8d2b
fa6a0331
866c1e9e
cf91076c
b193a728
4457dca9
8f6b6296
e00a1ccd
eb78fbcf
a55ac1ed
6afd5462
47288550
77b9ac46
bdaf0cbb
6fcd44d9
6fdca908
63384719
d6d93347
c9ac78a4
acdffc31
5a3df78b
7c8999d4
76c02a58
53c6feaf
77af032b
b68b47d8
1b92c17a
7f2ef910
a4d625b0
0e3fed45
8d5d149e
b318a0d9
ce83a35c
dc99759a
aa9550ed
c0e72300
4c70926c
b070ba04
22b69d79
f68da132
4fa70257
4d5b8fbf
e1c4ca83
fad9d583
d6fe015c
ac0b6d30
42a75318
489aa755
073432c9
94817882
bb508a91
76805c1a
b9b012a4
5923ddca
956b2871
4a34b072
cdd08f72
d88d826c
2b7bd404
4731373c
2c16e3f4
3913c332
0b65c28d
86371ba8
a9423ad9
32a6ab78
e952561a
4a53e6db
11a713c2
14161178
98e375e6
e00a495a
f8c44dc5
be0fd36a
ebe1144c
5be57577
b7a039bc
5530e542
bc60f62a
515e18a0
cf66b3cd
b32632a2
eefcf722
061eaa98
0e297bf9
761b6a41
69d81e2e
b178289a
e6af8d58
630d4097
aea7167d
32098755
4c9f5e5f
be14b015
b2c6f184
6aa4b395
d75b18a4
551ff3ab
0000003f
00000002
0000002a
00000006
00000068
00000003
00000c60
00000620
00000000
00000020
00000000
00000000
c8ac9086
25df8931
7f742c87
fd05905e
b67c0db4
6bc9cf62
12462bfa
0b4f76e4
7dd93800
b48510ba
4c1f6e0c
08f9aa14
64264528
0b308ffc
a8709651
07157309
573d2d83
0a537eb0
e06c2a5c
38ff0ff2
42d1201d
e630c484
a7345ce8
6dc48278
998453a3
4a0097ba
ce97b9a1
c52f4b0e
e24fbc69
9aead111
db77d182
0b7c9353
a5566381
c297a2c2
0cec5491
21c6826f
7db08133
ebd8c732
b2055876
7a8b16ca
81acb590
6c040e9e
9e5de925
4106851b
6e664ecf
5fb9fc22
3784c7bc
3a48ef6f
60827895
9b925427
b8a8cd1c
4bc425b7
f60f9478
5002c711
ae64e36c
9b5714a1
1483580b
8bc5caf3
797b117c
6c97977e
5794a7f8
300d5051
a8b60857
192dd722
0416715a
1409d02c
4982ecb9
346c5b34
36f20f6f
895d347d
980d288b
c6f49611
7a26a45e
37607e48
1750028f
2611d796
20e69ee3
a647bc02
f289b808
218ec8ec
11466dbe
d9a56885
00917531
5400ca21
891fcb49
c0390f64
12f58c06
4b020b62
ecb6881c
1884844a
af993c18
f64966b5
af6b83b9
ccc401e3
d9d8a632
aa155251
0da1f647
fa747205
a44481a0
e9cd0293
d291b8e4
cc80a476
3b7e3417
54afa428
288082c4
88cf29ed
f2116d7a
aa248242
d32a5111
b7cdc971
6f2942c9
ef0bd06c
92a5c93b
1739ebcf
dcc3986a
49858c93
963bcf39
35bb32bf
f231b11c
7ecced1d
d31ac32a
00df3128
c71bac9b
21cd5a76
ece7720b
21233e29
fe39b0d7
aa7b1be0
57f97b45
38c662d9
22897f31
cc4c03b8
2346704c
690383a5
6fc08a20
9004e8a5
f2530bb9
3d76728f
5fccb8d0
cac3a99b
84ace33a
e481d1ee
15ac5116
4f6a1b53
fd3025a0
22015aa3
99b22716
5f7623b0
d2bab0a5
4198ed85
3e8be414
dcb8a042
cd24db7d
5f857625
f5e62d03
4ab26561
cb455371
87838e98
b5164351
cabcf932
aafd7b98
0f83bf0a
24b916c5
92773957
88b391cb
fb4a303a
96863000
5043df39
29264091
c9686751
49da2e6e
7602f462
719149cc
5ba52a5e
c6292cfe
810b07ea
50b0c396
0c9a7946
f96090e2
c9cb589b
180da2fe
99ec4b88
40b54437
b821c5bc
c4139978
a6e9ed16
f3b5d776
06d1b479
1992d02c
0151601c
d2da526b
14dc6f10
7e8eba30
d10e8525
31697c08
fa5e7682
da199446
6506dac9
8b67d484
f03e2c6c
30f7a892
d8b2ab8e
c519af29
2c764581
7f3a6baa
7cd46899
0bc08528
98b6c420
e74c31b7
26a435c3
318611aa
d2332be0
4450e3c9
a7861883
750fb513
7a435263
cc1e8cdd
456d8c19
5792879c
f669db56
d0621c97
6abc96be
f4248a78
839b8370
c5cbbf31
ed2995bc
2a805e50
32644167
e2aaaab6
898b1ab5
5c251b3e
451d3a5c
04d22dd2
53eb230b
0b7059cd
03f85938
8f7cc196
ed1dfbcc
727aab75
9918c0a3
ec8c74f0
6c9f6eeb
86c0b543
559df1b0
38527c28
37f7d1a3
9f39957c
01d3a3d6
bb2808b0
6d68ec09
77767d9b
46728a4e
bc9f7cdc
b4e27738
4d58f034
dc368360
a1d29468
befca011
cb549c53
1bec5d95
63cad224
3ecdea19
b24105bc
0c672c35
5132bacc
9c1fcfb3
75471aa8
3b2b34b5
7adeb191
51c27510
1235c031
cae8a2a5
b7639a41
473d2088
b4e2ad47
4eb5905e
3ea6380b
b9512e25
02241827
548a170f
25af4f43
30d4202d
3eb923a0
b5a69e80
1de7229a
d47e7b87
10a50125
73671d01
c239ccfd
97e61198
79e44b3a
c998c983
44851079
2946ef68
22c6138c
7af96b9c
6209075b
34bf832b
a29537db
1936d30f
a1b2a334
f7e71085
137a8229
3aba21ea
112b1102
194c1c28
0c3fb6a8
80de3b58
a055991c
2c1240de
1c94bb23
6206c185
87c4a844
29129fc3
9869f777
046bbcb2
69e844e6
360c2b41
ff61c535
f8e96696
75cb6b73
2ac63258
53c35ee0
8730fb25
34550c2e
2314bdb2
0975d5bf
b8774314
57868115
56a5ba9b
d3a4e1c3
f8d2b9d2
093c117a
15a07b53
0c236105
25f4c934
3b5ca289
458bc733
55a620cf
d2aba1ac
86d7c962
13d59330
a6bbea6f
a54a1aa5
4ac34e54
2a6fd9fe
ec0f2fb1
2f3078ab
134d787f
293f4af0
326cbfb0
2856daf0
92615b2a
93570d45
53a2b57b
a5c19f00
04c2f653
49ba986c
80fc8e00
97465637
634ae090
9630a605
50797732
e6650747
80bbbcf9
bfc6d584
6a703b3c
f88c3d13
22738e86
0d4e85cf
95226579
380b7daf
32abc9a4
4b2b3cb1
bdeae211
fd4362f1
cc690191
7dda5b1a
f333a297
24a8a288
b5528a10
1287dcb7
35b15a76
1a472c63
f9b552b0
baa15db1
80a2d4c2
fd113816
86977f44
8b345cb3
ca5fd4e1
68814c84
67213760
104c1207
e50b243a
a6cad5ad
07b4bb0e
012113d9
ab1cba39
f125ea76
3ce01722
32f894ca
b33df981
abbdcf06
43b84107
8dc098ee
b7f2a217
592311c7
0d61e116
32d1308c
79b6f611
c974f56f
f6349128
9c3cdb30
3bc5c912
775f2a20
35e5bb5c
05a8c698
bb5668c9
5914487c
a28bdb38
4ae527f2
099472c2
8545f82d
482ccac0
02955312
a44dfaf3
721b22d1
58a1a1a5
9cbed09c
daab5e4c
03e43081
e3aec038
3a5098a2
4df64a8a
fa31a62d
96aa71fc
9c4ac02e
b78d113f
ab8bc3bc
8fb09891
8fab8035
e9314493
c9625f78
2e9d4903
1556ca3c
ce52a1c5
b01d9559
09b2830a
47227aa9
7db715a7
dc833b48
cabb8b5b
66b66918
2aadb9b7
9af487a7
664e2bde
a11c238c
40ebe49c
da95b7f1
2ceb9ff1
2a1a928f
1bc583ca
d7bf14c5
bb18e77c
ad3b5a6e
d9918a07
1a12698a
01597c33
b4742d54
024cb7b9
5d9facc9
335e27da
77dbab63
e916b232
49e91f6b
1164bc22
22bed715
05643166
c85212c5
c4ba02ed
b17fac91
73dccd27
da3ec191
781d1e6b
4371e902
f9a100f4
04fc1959
293524a6
bf2965a3
0217196c
1b67247a
4044cbfc
7a3f8320
3a301a20
84a25178
03eb1285
8044206c
ca6fe94c
bc03b56a
3c63141d
0850fad6
6b05537a
cedb6d70
52c33823
4b444359
19e5b172
7b635899
831938ca
2b05799d
97bc872a
796f642b
8531a11d
d073a40a
8ab50111
35bb597a
039a1549
8828b2f5
6a52f41d
c08eea1e
eb7c7ae7
bad36765
0aa84971
422f5598
6e123020
6b7458b3
8cd31228
c3dc0409
4f768403
a48044ca
98e646ad
3f53ac92
acd55689
7e00165f
e527fcc7
7c4f00f5
caf61ebc
5387023e
47750696
389bdc49
f05241d4
d673af63
83cb2495
ce7c906f
e83c8263
34badb19
55963ac4
c738bf77
096a3487
d5680b40
309b8489
01c2afbb
627bb0ee
d83ccb0c
6781f628
9c9cb474
6b804a89
621324bd
9b2d6cee
f79441c2
c02ce2b8
0d9d9aab
fae272e4
b6baaf04
cb13206b
fabfca30
92f8ed10
632f2205
a76fbfe6
a8123e99
d50f16d4
388f7437
6b2365b9
3d84a7ff
94825b54
42c10fa8
09bd42c0
e142c042
15c232a9
ac5cf051
409cbc00
71c52c86
9702d17d
908e9862
4a370d30
2fc6a96b
f4ea4852
53359a38
9ead00bc
fbad63f7
2c7b232b
bf1a0a49
03df9076
5bec421f
9458ea53
f94f97d0
4002ae78
37608951
0ba44f76
5c46c260
a4a20902
521371bc
64a1775a
19a0b120
d7053605
43e2771b
7e74c9c7
d201269a
087149c4
7553524c
94bc7162
67b696a2
618cd9d7
90acb72c
39f2d5b7
088f99c4
92adad03
1f99716c
e97ffc59
27fbbd3c
5559aacf
1706d622
d1a047a4
23f78a51
684af7c6
d0184269
7e88d29a
417e8444
a0146a93
35c76e82
60a4ab0a
c23cca65
b7cb53b1
431e07e1
60152f53
7023037d
c957abc7
c973cf71
a8c61600
24a7e481
9bcda40b
366ab7cc
400fd6b4
2c737822
20019ba4
63cd553e
905b9a9a
435bd79f
992861c9
f7ba8f47
be773f92
c58437e7
7a4c2170
6d73af11
bd279c8c
5988a51b
ae45aace
e4636922
e3028f79
c0a1816c
f785a05a
96ec4269
5679873c
8971f410
0c3f93e7
727845a6
ce0ca4e1
51027826
83b1b571
5784e9ea
947b5f05
7b466f65
79a018de
f69315e4
c73cb3ae
3d4426c3
e9375408
b5e44b50
6ec9740c
11d2c79a
3e0c5b38
efa2c2be
40be87d0
8dd4ec45
491268f3
455aaa90
32c9d268
724e35a3
711a4165
a40cd90f
7542a222
347637cc
be80320a
2a67abbf
976c5f66
a4b2ae5f
78414918
f4d36b63
4d3c712a
70c29087
0153c319
4b375b19
644ad9f6
4a8f2187
964b864c
b9362190
a2a4a115
b944de60
fc0bf062
e81d59d2
01ebf8b1
34aab7cc
66a13dc0
68a36053
1b4ef635
2c1b0e9b
cda39210
d3c5d1b7
c11523b4
2689d071
030f26a9
24f261a6
a267b64d
22bfd4d5
ea23cfab
501255cf
54566b45
21421de4
66500592
e3cf29fc
5405cd11
43572745
a69f38e4
05d28101
2b2c380f
1843739e
91698966
2e809768
16430613
499e02ab
54c5c10a
dbc8d884
7a9c43cb
0a1266aa
7a73b37d
f2882625
5da5c379
bd71d352
67194162
3d12b218
3205360d
377f0cfc
51894b2d
d859a1eb
c16293d9
9359b233
d9056bea
41af8cab
0e774a57
c97fb746
81293ccb
8fc586ae
9a7a572b
75af58a8
b6b13ebe
40206064
58934483
03ecfe13
1d620c92
87ce6e98
671408a3
b7be6bc2
b636c9df
4ef7ec2b
7119ab91
ac9c8158
c93a09d9
35bd1834
eaf6b6b1
3fbdc57e
2ead793b
069dc0ea
d4fb8fd9
5de07f80
7c197e69
4a573416
46dac4c1
3c17471c
936cb8c7
299b50db
65a51bfe
b8793b64
21fa777a
1a872601
cadafe0a
afd4ff50
b88803e8
29885c05
fc69a08c
02c23c6a
f41e9fbf
4c0f476c
debe8130
ec068f4c
83edb215
45445580
7e13a01a
679de81f
8afb470a
cc6aea09
15f0256a
ba2ab7d4
af36924a
0fdc5ab8
a55b54fb
a325f31e
174fe8f1
70fe0dc0
4e3156fb
87dfc57d
4e73c0f8
5bb31410
026fe68c
f2e9b414
74a82524
d4ccf8ed
2a6cbe29
878a1aec
4404b64c
7d711d30
3b5725d9
ad947005
3d5f4ca7
cf8338e5
46b8923d
38fe9049
76baf0d9
606bee0c
9a6241da
27d327df
3a7c5d4b
768bb6c0
0507917e
6603c337
a45adb88
5f1756c4
00391df7
01f59eb5
314daec5
e408da12
10de2e36
491ba807
d84a6846
65348d5a
87fdfccc
fef363bf
34d32ac8
3e749af8
813915a3
1683ce72
f865f8e1
5de2b264
b30a505b
a71f5e9c
ee4cd4a9
37303048
b58c2ef1
939f74d2
d8631caf
cd8c5c8b
b670724d
e7221dc9
26c4f733
092304b6
58e9851f
d4612ef2
f89422d7
f473e436
654ee019
edf22dd3
e4a28977
66f8e3b6
1352609f
cdd5bc96
4b3e7d92
9f448221
2a3d7861
2596774b
aa6a63f7
330fa304
28360fca
8127edce
43ced48a
3f0501c5
0694cf21
6d301435
3a2fa500
53caa08c
5077a57a
3c4fd63b
739db938
0c99844f
06b09b21
8697a16e
84ab8a78
432e991c
226579df
3e69cfdb
7e38a617
9c391510
d9d65032
d83b894d
41df6348
bcbc2ce1
8d609838
39e7d532
c8128097
24424ee3
7fdf8417
d77904f3
d8d82d3b
1fbb4718
a7db92f3
59b99b68
f8d8933f
f28672da
ca029fb0
6e8d7407
77479dfe
d2320735
20a9c9bf
2730f032
dc901ee0
132e26c4
d7aec9c1
1613e299
500244c9
4a8072fe
70a50a30
d6f43806
43f5f770
679b9472
27f5d830
3bda47c4
e1d3ead2
40bc5aa8
40c650c7
60bda060
82d2a470
71054b98
172f3cc9
47af50a7
894612f3
153a5dc9
67149a74
7b177ad3
8a058ae3
231700cc
9f293f94
a97c81f3
b6eae148
f6b0435e
f0123080
5c334b79
a2ff9fcf
68fdf939
54b91fa5
64f63a97
8479d869
532c24ab
d156e69b
c9dd8bf5
437f1640
1529bce1
dcd3f59f
c30b5e16
9dbd78c5
93adb8f2
bf102a13
8409db46
513cd951
a815a615
d55c2130
4a69a7a5
b200103f
c517f64b
9bec9898
dafd913c
df36b1b8
e11d26a5
dee74155
b498fe03
2056e6a3
2f6a0225
b8fed401
9b95097f
fdd895eb
e681edf9
2985c961
d8197416
59abcd42
aac57252
af122982
8668c8f5
7bb382dd
2daaa6f2
fda71416
3a9a9ebc
803d0a8f
ad89326a
f580601c
9314e0ce
45186864
6984bfea
b132f136
865a6584
ebb6448e
535e4f1d
1348fcfd
b20c00fd
8f11ad58
0da22b89
2e35fd9a
1b35cd20
a0af53c9
4fa8991a
9999961c
471cae87
2c001721
da4ce4b3
ba0be793
512689bd
d6e73dd3
ca3e900a
de6cdaa2
d3158a01
197b60d7
5d6987be
cacf9fb0
2236fa2b
c3a1ffcf
333b44ce
8cbad594
f46985da
9c5fb08b
7b99b94e
f1c9ea97
df5b86b1
c994d117
46640463
afd117c5
d2c3779e
de20c69a
f14a1880
5b1bfd96
246a20af
895d71a0
371a91d3
acbe26d5
bbbc1195
6cdf5173
105dece6
225461a2
84faa775
08fc57ed
0ad34e67
0b1c6a8f
c2bf5538
9ecae98c
51c911c2
7105a258
054d6de9
1ff1fe3f
8f059a9e
92ee9829
b0f8f24e
cc68bbd2
bf00749c
ab7d4b5c
e1719fa8
e6c70da3
cbe78bfb
57f0cbc5
41212afe
d927abe7
ef2d0d02
93c70e03
e5c06361
cb66b4ac
8203425a
a6bdb971
2a3f5366
d33558b8
f39b829e
c9aa28e5
82512a72
8f807f1e
77a7fc07
b6a6c1d9
90eca1fa
bdeeb0c7
cc1eaefb
34c27262
577f8f83
ed9beeb9
8126da84
f69e2020
84866567
83803883
fd92b111
b3d48ff0
0b94497d
0e971122
c922a0a2
119baacc
75ab6e1c
fdc5606c
80af0612
25f1c86b
2f870f2f
386c3d95
e7d65675
69e52a6d
d577989b
fb9d0a53
43805337
7ac7396c
18821d06
5916e17b
ec8952a9
bacec1a3
696fc46d
ef33484d
30dbf40c
ad982b09
56e55d99
78cc0075
1e7b36a2
66ef24ad
f7f016ba
85b2c710
cf87e6db
18a48213
b966be3f
d617af43
95bac233
adef61e9
0e2211dc
15064fca
aceff419
47123902
a03f5048
95c3e787
3f219372
26ec6438
68f7a5a1
43bad8c3
e0831bf7
73e06dee
de437f4c
01f54656
a8605f73
2b205824
33ea4840
1e861dbf
16386540
3f635646
34c34f8e
274bae8b
51ad4a10
d9226065
97e31635
206b9428
1c08ab26
8fe615ce
cb21158d
e0f94246
695c6474
fa3ab4d4
a13b1c46
d194e7f7
edddf0bb
6e20310e
b178e9ec
00000040
00000002
0000002a
00000006
00000069
00000003
00000c60
00000620
00000000
00000020
00000000
00000000
c7c4e881
992612aa
aa49da1a
0851bb4c
c8943990
792c0700
de17513c
879e291c
a8544f5b
e78286d8
b9f52109
c669cb43
812d40a6
d37f93d8
51e0546c
6989a5eb
e3323088
3a73cd66
a99c896a
a58422bb
28f5142c
7c90da03
0a784cc4
3acc9c8d
146f3c38
22501c7a
c284246e
12c463ec
dabd5af3
8b552a40
ff34e784
ca882558
01d36b57
0560a210
22adaae7
6c998832
145ab85b
03dd6fd3
aad6ba91
8acd1467
e8080045
62727196
16402a43
200c762c
aeb40598
0451c744
100c628a
7fb5e5a2
5451cb51
2ca819b1
09625419
006a9486
8b70749d
40d7866c
515b345c
12e92dc1
a5e60737
9d20b321
f27a09c0
c070c1a3
ed5a69cd
99462ec3
bca2830b
39884825
84299c45
b9654802
d204f0d7
f6b0c8b7
8be2fb72
58495357
f55704e2
5a9a91af
1970113c
cad920c8
50f4a433
7298a34b
e01eb733
3cd08177
310fd416
594538a6
76c08a67
c541bb4e
b82c3bf3
00439908
1fa0476b
14ee7cec
ba85194d
8bb586b5
c02e7641
073c7a98
f8140794
e71c8862
6582de3b
af3991eb
d5ee39c3
1c6be96a
8952787b
d9061687
4d09d8c0
a9c932a3
2cc70eb8
7bea9f7a
1f703ac0
8407aef7
8b414092
8cb7483d
f6936782
0efa3f72
489ac34c
2736882b
c1b8a6c9
c9790c94
b3e835e2
c947c33d
aacd9bc7
6b9fc3e5
c9fbd641
6898dcd6
37af2c50
40f4fa6f
7a352cf6
9cb07f33
3797278a
dc1bd32d
b7c643c0
ac5b8c5c
6b7f3823
f9f318f4
5396f7bc
c68c492c
86dfc302
27d0ec10
1505d2ed
1437a227
914b37cb
6b70f4a2
59557f78
785a6ca6
1e584503
4103515a
2ab2d818
fa6e9787
d44d6aac
b2aceb3f
e196676c
66465f88
26ea3b03
94514c00
fa6300b2
8f7ba465
904c66e8
6c2fbb23
53a3805c
e1a991f4
e2b079f2
5dbaca0d
f5ae1b39
0056c6a7
b63a693d
7320a9ae
36fc4bdc
b07bf28b
27797663
133b0660
73060158
46cb4a9f
975f0b65
aa954d50
df1e588f
74f57f01
987ac6cd
c77aa6e5
6b7d5ec6
1e074283
e30f0167
7ce18d58
8613f06e
fa867723
074457db
503262a9
dcbb65c3
c31fa284
62e5627f
2c38d245
714b1080
b630ca31
ad568b3e
d70d0c04
07c06a7c
e11c2231
c681b002
cae12051
515923b9
430000a3
1d4c7840
e3460bd0
3369ad60
9ba63ea2
efcb4239
e531aa81
7678a867
b8ba3a73
407e3613
47279776
b695c57d
19e92195
38532209
1f621908
276cc1b3
9e08d517
97ba1577
07e12053
84328ecc
148c275b
928a6382
a48af44f
eb6ada4a
aaa3a7f6
c085cc5f
c75a9bd4
4cd8a364
504b5755
7202b195
267d73aa
0379190e
175a60c3
c5a2c423
66921534
a8b2d32d
27e05cb5
7b20ce9d
f7a22abf
c6695941
80e244cf
51189369
b39113b5
2894d191
2966da04
b635b701
a4732d9b
ff397a4b
b16550d0
b5d8e0c7
e2a9b38d
43899780
87c5411f
6ebc82ae
31793ae4
9a73b863
0812aa97
c2733478
06baf071
764ec7f8
8c5eada5
aa263c44
7ea64c8d
f105359c
6a8a1344
dfb2191c
08b78a53
ba023456
eeaf91a8
7be362c1
49e2b663
b27286a4
6322a205
93d50d18
d2370a75
e4861637
18930887
b1693aea
1a652049
b024e659
e60e599a
048790d9
84badcc6
0a8d862e
05cb22f8
6430f37c
f910435c
1b786529
ba24cdac
d32821f0
e24050eb
2b4ced61
6598b888
a8122553
5fa3e918
dc3bacb2
c222c06b
7634c92e
643175f4
51138231
6f76625d
a31c9983
9c1019d6
63472f00
fc7a3817
04db64bc
88b2ec96
657fd8e6
741f2577
927c8a83
db2535e8
b8cec6a2
c3da1945
6060c7a0
80233d88
7e2b8128
a455136e
609b6d54
cb5ae41d
97c221c9
67a6c006
1019f57d
d57d6437
698a8028
2f8b37cb
df7822e4
a9f725f3
89f0e433
6cb62ad3
f09ab0f2
b93cf989
aa0738ad
a9435988
b9a9a779
ac2488ab
fa62360a
8504de9e
f2772b3e
e51836bb
b691b42c
d8cd6403
eb1e08bb
2434862a
275701ea
90ee89a4
86a49009
e02758fd
528a73b6
b7181215
ba20e637
22f00b08
3591be9b
8180b45a
a3052813
71165074
93538398
b8c875fb
0a46b1b3
7161a88e
a0e99488
33289047
73b9e8df
a9bdae9a
0fd0042e
8bb798da
9415a6fc
0f236fb7
b244f2d2
cb73af12
bbc7eecb
f55b88ae
b86d3c06
7022e179
28c9d226
c92d56c3
be0b3886
08911ab7
5c1d9f3b
16d5ae30
46c0668d
92567151
5320b84d
daa65409
d073727c
cc6950ba
d447057d
f2193fe5
31c3ce04
4930abee
d70a3a54
7784dc88
670b397e
f2e40c69
c9c7523f
8551269c
4c529dd1
67e8c4c6
e33d4411
197428d4
bbbb31a4
9b4fd696
794bc15a
58871173
03c54b4b
a13f03d2
31cacb9b
4c035c7f
dae81597
74c2d0a0
5c179396
e112b570
01bcf485
1e74d8df
61ba1052
84bce033
015bc497
e420cf76
25257d0c
31359902
d20125d5
42cc1d20
a5b23a53
25705203
4d496368
c5480652
4358a8d4
49ca116a
6248d2b4
601d0af1
28293f4d
5d3e31af
ba86b601
a6dc9e07
3c9f3c8c
c0ec8a1b
cad86ebc
22a971aa
8bad9947
ae355d99
d3c60cd8
acea247b
c1c115ae
c16bac47
99b87716
8359ec16
476e872f
c1614d45
56c3b861
f2b722b8
f333bbd0
bc3b597a
bdbdb758
0820b592
cc12bca9
aa2761b6
a548cc20
0eb10a69
4155150a
e8e0ab22
c86b32bb
9c2cdb3a
bcb63e02
006c0d45
dd9cab00
26967fe5
00d82cad
0da541d8
c7ed2104
03c5cd98
749109eb
33419ee5
2316751c
d060d9dd
da687b50
5730522f
c21b70d4
704d52ac
31d9acc7
a6a5ea3f
d2396d80
700763b7
0611b036
dbd79922
9181980b
ebc1c5a7
d07f50b5
29955f12
a771291c
e754692c
29ea1f79
a908550b
d8e76720
8a4627bb
a162596d
46ca3c13
0a0333b1
4c91c399
e8ffa46b
53bc1e45
3aa3f5f4
04053268
14c4786d
7eb71013
d7bfa035
cf921384
0d123bb0
d12b16c0
b56b0995
469d3c0c
1424aacc
27e6d574
1c355c55
470a4bac
64f446cb
d64ed00b
26c63b63
39700c68
49bc11a2
e5d621a0
a915d5be
25cee680
3b5e18d3
6304ee98
39ce8275
a8f21540
12d0f1ce
522660b6
e0f47219
81c6c1b8
adcd09f8
c011b482
99ec5c1d
4f6ee25e
8af251ba
6167c75c
701ca0fe
3a905dfa
c342f24b
85025a11
8aca8437
7b349c03
353cf6d5
32dcc8a7
9f25af7a
a80e5662
a0e714e3
8cc8104f
6ba3441b
c44f6dd2
12f3a8aa
426c57e8
b1d74a64
49f3b03a
20552a5b
b29244c4
0225d165
57088249
736a9e4b
6bc5e13a
848c80dc
43e73eda
20b7c213
e33bb1b5
10c13204
2c388e49
cb60742e
886c7818
9e54cf96
a1998237
6c049b7a
2509e23d
6189f00d
57c0cd41
7115d0b1
9e28304c
547abd8b
1d6a9d58
c63533f4
01edc6fc
70f70b95
548fe3b3
3b766049
c629f298
450672be
672a00d6
51039075
5a49c993
a09474e3
c180e736
ac4ba090
5a8f56b7
bf92cf9a
454a282c
b2b1aed6
7c2c5302
54695cee
d6ddca49
8a95405c
727cd619
d54c6662
48a033c5
c106e06e
9a2023ca
b4e6427a
b6833274
282b5dd5
8850718f
6039acc0
e47595e6
cbd4be5c
235223cb
5ccfaa15
a4531a51
a0ad86c7
76356b83
2874430b
8b1ee485
5a4a10f8
b267c352
36a4cc41
45879e3b
32f8e1b7
4e7b2955
29b62f10
3b1bb01e
d0335c56
8a086c99
8b130e68
35ac13b2
1327ae10
046858ab
857579bf
b3caa097
9f7cec6e
9335ba84
61c10e1a
8f13f9b9
844139d5
14f679aa
be063eb2
01b055a8
c6a0a62c
b438f53a
a601d3a1
762e0505
a57849ae
01902055
14669150
ae718f19
fa62294b
ec859761
582b1754
3d64b77b
73409e41
11a7caa7
7e32d935
d1a6a79c
2de08612
5bc899ef
2c958119
c3e39100
795ae3b1
e52dcbd6
3a9b6e3c
e94c0731
d91914ba
0cf76254
b9a3f430
42c80c30
ce620592
7fb74c40
65dfc7ca
02c0d772
92712596
78f22c11
9623c5cb
0628a61d
891b4cd8
7e744cc2
f00a689b
f8ac1598
4c5a8e71
9a2625fc
74352c94
16533f87
1cab1005
420fa912
7ae79d08
078d1c5f
622442c9
13e663cf
a22959df
a8a3ba63
8a991462
4d8918ff
c74d5bd4
0831f94d
b9aaebd1
404e24ac
5eec3967
de790ce2
aab9ad2b
3f19ca79
5b0b1432
b7d94483
b185d098
c02a181a
a69d31cb
4097c96f
ab72ba1b
054ac758
a9e36a9a
de43a60e
73044e2c
95f97d3e
527d44da
3b849715
1bf80e5a
8a209380
03d5a803
33b6251e
cf2cca13
600fc7bc
3483d5b9
071b6a02
86192128
89a3d621
86bcaa3b
25fa9d53
10d4934d
ddbda20e
3ce86a23
9379ffc7
9f6f90b4
28513e07
49452558
be6d4757
20af429b
323abf02
3aa903e3
d57d80e3
c1a27793
d8ae66bc
54d64880
9edb3862
ec4c23f6
68f7522b
558325b6
935b84e2
7b482568
a893263b
e575e908
2159936c
b860fd13
98261cf2
e4fe9c0a
7367f01c
b4226a5f
00610591
6daca3c6
c16a179e
3b0d8804
9372b1cc
55cae240
e8132b40
74801604
6460f42e
bc868012
3cfac961
9357771f
eb380cf0
7fb60353
ea92e2b3
94e555b1
8834fa8a
9db370ed
349339a5
75202bfc
d2fc6dae
a35839db
2ce9577e
7578d0fa
c01ecb29
5c34c0ad
bf7d1829
188568eb
4cdf2ecd
5c4b2159
18a466f6
75da497c
30f419c6
1089b3b0
5c00be72
cb165e18
ce74470a
7366270c
46408b1c
15fd5a98
6fd1ce87
16390624
af220d03
5ed3687e
d5297ba6
700382a9
40dcaa40
40c30d8c
8c4bec1b
9907b835
96a17269
e8328eee
d782f2b8
b1941033
166afb96
fde4186d
7c7494d4
1e6e6f2a
f6217cdb
118e3a32
0d06b5e4
a9749ecc
9202f33f
37948633
ba99c282
62ba0fdf
97006f61
1efd45f4
2a0612f6
cf6519cf
64d4b052
299e7926
c0aaca71
b2ec90af
6efaf034
f6265a3d
9345b313
43beaebc
f6cb3a6a
34761f44
5e1cf050
fd456c52
9cb2b580
e2904922
a552af21
54439476
76f9f461
4815fcac
4f16cad0
17130c43
d0f54553
7d76d23f
640675ed
25aefc74
afc030a6
b984e99c
72262c50
51cd1195
1854e69b
b0dd37ee
b7409e22
f5e0ce4b
656b87ef
96be2ab6
f289ac0b
c5ca93f4
947859ae
fa6cb717
36215d6f
614c0c89
e26d99eb
4adde1f0
14cd096f
4db50be3
dd65e842
56e99348
072d57d8
0c50cabf
0a1c251e
da04343b
b84b1ccf
8038d3f9
1f865f0b
792b31bc
b9e6970e
15ee0ce6
a8ebca99
fb4cef75
79a67540
afd69578
78b2e5b9
12a16a8a
e5096a37
7ec9bb41
ba7788a7
a5046fd5
8179793b
881e21da
f06ffb01
bf16f1b7
e7923610
091af524
f1e09aa0
7c2fcf1e
d391797c
7df3bf24
c44b1c2f
f7188cfe
46bc9ec4
3bb30486
5159416c
e88baeec
6a1d732a
22c66070
628347c8
c9c050b1
14e110eb
2cec870f
33f11647
4a49b92c
ea3a5a68
c5807fa8
9b21201c
060d76a8
a4260d16
750e6446
c51503ea
cc56065d
329cfa81
42ad7edd
c50bbd50
57976d10
e2df725f
12daf913
cc660cb1
bc1892fb
eea62ee6
5cd618c6
abaab4ce
92cf1068
1fc30fd7
279df643
48995325
a421a6b7
34d5b3ad
e30167ed
20dacf2e
2e2893dd
7fc2c877
bb9a1f4d
57232f77
2cc3d602
a632ecb5
62ef116b
9f03fcce
825634dd
4b85a7ae
a12cddef
d04a4396
d8d6e274
ee6aafb4
dbc81b9e
153b38ab
0c157b6f
b2b96240
70a0aa56
bfc9616f
5a2f5f0c
648df04c
132c5d5e
c860d4cf
30856bc7
e11a722d
9c124dbc
ff7acb73
9ad7104d
220f9278
b9f7109d
2a6cfe0f
0c460c1e
24f3cd12
9a052e57
c90916ec
e2ded4f4
6c61c28f
518e9e96
b9208ce7
4bfcec87
dd7817a0
92f56a33
f1ef33ed
259fbef7
5be65010
549d137b
754c7d12
36f625ec
9e67877f
30708467
daf13431
51c2b018
c4117987
97a2f5d1
ddaed92e
6631a79a
37a195a1
70dd09fe
a9de8c15
a95e69b7
e8584f03
cac528c1
162179c6
b761fa21
b7e68dea
c3f7bbbf
6f733acd
fafcf19e
1724cdd3
7b19f949
b3315b6b
7f0fad12
f8cafeb4
578433bb
be3a3bf0
e4cc06dc
a0fcafaf
058939f6
44fdbe6c
4ce95f56
c8f2f624
086b8dd4
45305975
a96be195
9cb8f212
170841b4
0170a1c0
d669b676
026b2ba8
999517b5
7d0e5c76
9735408c
3607af05
1af1da92
cb714d22
fb9eaea3
80dbb3dc
febb86f5
b7e7ebc4
48fad7d2
00059915
7b79b0b2
06c3991d
6879e270
c9285545
6199acac
5fde54d1
ab3e26f6
92b61017
d43ca7c8
de084530
6d13157f
4ec913de
44935a82
5d9fda2b
ee91a223
2c8ab2b0
7040a667
8561c9ca
b2f33cff
1cf36d98
49f92925
5e87fcf1
de99b6bf
c187118d
50a05a50
f0250f62
c8d2c784
ac3d94e0
cf83e3f0
37ecb370
1fa072e3
bb69b9a6
7ee3f535
4cc2cfa6
34ff7474
0aa55b2e
a05a78b1
a16c40bf
7f249e1a
81d4ee04
15afe69d
584ee599
c0648914
ad7df5c0
2cbeb58c
24b7d627
473ca8cf
1e4bb895
5f9ed464
11e63f29
57914784
602b44c2
dcddd3f4
7bce9715
8eea3914
fedbb9bf
284d8c7e
140352f5
0a93b002
6b1ee637
4fbc8278
8409c053
26a9c2bd
09be3baf
d93051d9
62686f0c
808ef485
8716e366
ec329f72
581e13ff
5c868418
2925063a
d3e8454b
8e586bab
2ec9c48e
e64ee540
854bd54c
acad5d87
45001b47
09be8d2c
9e93b243
70d4b66d
6f991b48
9997d54b
29752c4e
e8aad56a
f3f08f2c
88361231
a36e9d70
ecf69f1f
8a936b7c
deaea1c4
221b9f57
607e8825
971671e8
09915c58
cd6f59ce
b516de4d
75df2936
b4db1979
6c0c68ed
52510078
19cd26ce
3c449214
335013e9
c3ab8458
1c8ba3ee
6145189d
e80f63e8
f530bb8b
7019fdb4
4661dd87
59ca7f7d
c547569a
c25eaf60
7b0dbe86
08b52031
14683aea
dafbfa0f
6b6bcb4c
e320efa4
4123db7f
ef35e651
e71cf4b9
9324204b
a7fc25b8
fdfa67e3
4b114774
73bf3407
efce04d0
8d017da5
bb1014ff
27b9868b
2b0c3b87
20ecc3ae
e6f37595
d5a2d7fb
94dbe36a
5102e922
36ac0722
97617709
92c562c2
13f468e7
0c1498b9
00000041
00000002
0000002a
0000000b
00000093
00000006
00000c60
00000000
00000000
00000000
00000000
00000000
9ab08385
d12f2131
b3b826ce
86afbba3
890ecc20
43107201
7077e01f
38fac511
1dc4616c
00982290
66fe1231
3e19e6c5
93ba3bd6
c6b90dfc
440ca99c
0ca9e05b
574635a7
61450414
ed470579
e8c954a8
07c9530c
6c7e29ff
1a7b92ea
a2174843
c3291842
19b07180
20d72e0d
9dc2b9b1
94054597
c51ac631
129de57d
1c393da3
0cd8d54a
cecc779c
22b02586
79552082
3f6a03fe
0614a0a4
10184027
4a5bf3c1
e45c8ce1
76c68999
4d4d6249
15783432
cd762fb1
50305259
45a81643
4f519282
e8320754
d8f09733
08a7a0cf
fc5798bf
64608a38
0e65a16b
353c92b8
0c0b40d6
1752cb12
dfc41764
4387827c
c79809b8
686095c1
79147130
11fb3a6b
a5bfc754
c6b4590b
5836c17d
ea44847a
86d7855b
63b94839
51b250cd
8350cd97
795b77c3
34c21b25
3438bd32
1973d604
3c921967
b24120d5
3038e99c
5c636b2b
bac0a6a2
96e090a1
5a422a09
1467618c
0cfb9e0b
4d183036
5b863936
0b05839b
44a5f53b
ebd9b9f3
119af58a
81852a09
833b43c6
06d2080f
7b8cca80
09d8a74c
10634e06
09b5f6ad
92319c14
1f882527
b215e725
29310d5a
95a92e11
e2c91a41
f69ccdb3
52754160
61b6483a
3cbd3a25
57c263ac
a6995583
551220da
0a528e84
c428e5d2
fb26532b
2c41473d
4dbdf51f
d7cf23a8
31b7e8a7
692e4951
f72d5113
38314da0
977e4648
b3353dda
bdeba12e
9e0d79ba
79c058b6
992be168
d4abab1b
47051a8b
cebc1e9b
5b6d746b
87bc4ff6
78a37380
8b8a8772
2b2d3792
24a664a5
1a9cb889
31145746
9e38db89
7347b4a2
152f9484
83e71057
c3058232
d228b797
5409db1d
c4ba4a92
f8435995
8d204058
648689d1
90458354
a431aeb6
8b34a405
87631baa
70494438
c84a114a
fb21c56a
abc30e45
f99db62e
18101314
7a54f65d
69c57776
5043ce62
6171a18b
ca37a266
e8ff220b
2cfab4c4
5627c680
94ccc400
a93711b0
41571999
d3cd4f9a
61889c75
3420a372
430a6a09
089c8231
5bb822d4
7a97a720
0034460f
f0bb694e
c18b9cd1
81c7ba13
0b00823d
e42977f1
5b87ea39
9d5973e7
f0594511
5765c676
7c10915d
2ca1239c
6a25e489
820114c7
0bbf7212
7bd997b2
2e6718a8
68694727
700135a1
ac1a69e2
a2284691
69fc6e35
a487906c
2a8cc008
40567520
ae552314
d3e611c0
bbb10e24
01116181
2a07648b
c3c05fa6
874a22ed
6bf458e2
a376e959
bc414550
0365c223
72864145
9ec75cad
7941b298
45d4e155
bdbb079e
ac5fb4f4
18fcb130
fa15d214
6b54b368
72c7e55e
dc158a1f
0807cfc2
0da1daa1
bec41582
81a65fe4
2f6bc944
511cc50c
93852327
8beb2da0
bb97eae2
c1df60f2
ca07c327
0e6b8a1f
c4d875c1
5452cf0f
d3c49109
a56c98c9
1265df73
8657b9c1
c938c8c7
3ef79726
984a98ad
f714cf04
9294f540
aa1f4452
174e1930
86d00776
fab44b40
b347723c
12e8219d
cf6683dc
a6c04360
30f5c5ab
438128ca
08a8b38a
670aea4c
cc578343
96464dc8
ab5b7c11
ae499156
b0774e30
9ce6f57a
be563c47
15dc3d1b
76da050c
9c0001b7
798a1144
06a503ac
dd030696
ea627aa3
077bef57
b3308bf5
eae0ab93
5002292b
05a25901
88ba4050
bbb6dd8e
0463256c
57da5170
1d51adca
817a7402
65cd24c1
683c9151
60b44bbb
c7c2a995
3d400d92
837f6b94
61b16266
813660cc
390048cc
48274d79
7aa57091
a20d57e0
1ce07203
995172a6
b40441df
0cd51622
9239ebbf
b21d131d
4a77cd35
44abbe0d
fb3605b7
3cd30741
75b50cb2
98c0f422
5bea9d97
27c4791f
b3b46bf2
a5859a82
9602e0c9
3bc354d9
515411f8
76e36075
01119381
1715b163
c5c9df36
321b774c
401c27d7
2f1c2528
67b1a05a
d1dc755c
9c53a73c
554e942c
486e07ba
9bd63493
20856778
671166a6
a252097b
d388073d
89ae00a4
007a3ea0
01c33672
45e23cf0
97c57020
e74b33ee
325887e4
58a5e330
b6af42b5
10a05a58
5c4a000e
13c6c046
4227a590
3f753f95
889d871e
bc1a86c0
5570ea3b
2cb8c20c
9155aea9
83f2eb0b
12068b37
994d8778
afb9ef29
33b68282
8153290c
6f40eaa9
ae97c048
d8d7987a
ba5076c2
e50722db
1c53a15a
4df2648b
2c0a790b
833f07e2
7a2be88f
3d2d683a
27dd6c93
a9d75a1a
0e37c5e9
4c3c4bb7
a1b5f787
d46648f1
969a08ea
c2ea07c8
636dc7c7
d5c01124
78009490
67416c40
391aced0
b7282325
acc17355
22cd3cd8
59b34538
197b3500
470c64a9
6ee401bd
74c98a0d
35bd6a1c
83675504
f81564f6
7c8f9e54
6f48ab75
bea27c00
5bf2bd42
5dbc7cbd
0316110d
16f7109c
9b308a87
f0b88bb7
8a533826
a8215708
e329b499
32142d87
8d1ab0cb
38350ca1
c52f0589
82dbef7a
52796579
3210b0a8
b1e24410
a7387436
5323ab13
b06409a4
7e1714cf
c7b8c866
1544bdaa
5c9d69c3
d2f31e6c
cf27d4b6
4a3524df
426e903c
7cd195bf
347a1261
a4f17cc6
9b88e0ab
c31fcb51
46737eea
840ca29f
f7b4f7ee
a4689a54
30089596
9625f858
111c21d4
5bacf1b8
16202367
f69f4d48
5a6906bd
ce3a7b62
04292538
2e698b44
4b81f434
46c95559
c7e2a372
ca3c944c
a2f18e9b
1a5b2a47
3f1028da
1a0eb562
7ba4ee53
2432a708
587abbe1
c348a078
971ca060
c1970929
c171679c
af8ff944
c160c711
a7753f09
6f3a2774
a4e6454c
0c391907
f4ab5b6b
04919fe8
b2f07c89
fab06374
c1ad3f96
bcdc964d
ffbb07f6
6bb77779
0e7585c5
256278f4
cbb766bb
bbb1b7ae
7fa011c4
e9891d51
49a76e18
55a7a08a
6c49a250
4c215b25
263f708f
1bffa0d5
66e1b254
236e6207
7754acd5
aad05936
1612dbc2
215e20b6
61eaf5ad
ef9fe6c6
d1634484
79a91890
3d362970
c9aa8027
35f7c734
51921bb1
81813d58
9c8c7479
416cda6c
4b2fbc83
2471cb7d
413b7619
95123099
b3786cb8
90699024
1ac94924
57a41132
c44e7988
49e2a6d0
19f73056
1768b5d4
89a9b898
1eb8d8a6
23659be0
5b64696c
7a03177e
a954252c
04960169
9d275729
59aec37a
d8fb6f09
0a720c6a
4127e056
3ccdb901
0dd625cd
6dab2af7
e412635b
9720505b
7203da5f
74cd39cb
01511cc9
632113df
02792402
66c64556
ac6f4313
90391458
af0b9766
de65cb09
92c37852
21c94c4e
db597246
26292adb
049a7ac7
c67633f5
204a3746
58863616
253f569f
484670e6
a173d4c0
92ada3fa
1336a8eb
a0b6a180
76c04ca8
4b5366f8
ade96c81
6e7f8b1f
95507c5c
cce58970
68acf2aa
174999d2
75c4d620
07bf6366
c54c76b0
b16b650e
4c1ff4e2
03c05fe5
15168967
d413a9d8
9cbc4193
b6e5b57d
c46f2488
52e139f4
6ac2dfad
e95eb9bc
799eb222
c4291da4
260dc52d
05a35535
c78b76ab
2977e204
575e93f2
70c819c2
861d7b0a
0cc80f15
682175bb
2c50a456
156f7297
c649a7c7
f80fa045
d8fe0af6
0bc73b55
88480078
10c952c6
b4ea8707
8323953f
23d1c9e9
8af7b583
a9a3fbc4
51bf0f69
6e89a721
6bbca064
d02d0a1a
9e64f914
364d506c
37737a25
64bafd8a
3d346bf6
a78650b2
2f341291
ab889b80
f8fa9e46
79d2130a
bf38285a
168e8b81
279a230b
af88dbd5
674946eb
38454e34
c723b3db
19bf9605
9a71bfcd
817ea4e8
dbb0b82c
a515d317
989beb96
8547c4e8
b422d990
ae2de75f
3040b663
4b07cc04
ffb502ef
030418a9
4da2473c
188552ec
36602610
52f2696c
3abcc212
e8386751
06656ac1
457d1117
d3da7f09
b7b6455d
b54bc4de
07535570
0b23f619
7057e2c6
39b25f08
82f10ccb
416488a8
6a2b4df7
92c5d4c2
4293a999
b2461bf6
0012b3b3
dc1a817a
31aec93b
7624c112
ea70b408
01ab8361
cdcb628e
5b64a65c
fbb21449
71d2c011
f7b5c89c
68412164
a7520ec3
8a149587
057c0602
354209a5
b4b031fc
1474458a
b0e59c53
6c4927ca
d2b96bf2
1841e132
5351823a
b20c1a62
41d7421e
f4186a8c
10842be2
99393100
a2284517
b14b349c
05d6c72f
65136a7d
38ca2bcb
abc82c28
a3665846
64913a7a
97e9cf52
394663ca
f5db5964
4c052117
2c3704c4
f3d638b0
6251a08c
9eb7cbc2
90880c09
3df67a13
978eac32
a6a442aa
70089b48
aa17ba1b
06f3a2c8
8b6853ce
5e629c87
867505db
5605ee5c
a06fd81e
85829bd6
b0082047
e90b27d2
83eb6970
6b70f6cf
e17611cd
63073ff1
225cceac
939354d9
d12f8d93
8bc1393a
04ca35a9
5a8bab63
20265f9d
8a6f4396
f92f3d36
67dc4297
7a2a2c1d
195b0280
c4bb242f
2d80b37b
57469a67
5e23ddb3
948dc5c5
a96485e0
83ea2c99
ec415cdc
c8b99978
5759704f
c74d0bd8
7a977832
5746716b
961be63a
f5e961ca
08732a6f
0a6a8a12
4babcc94
54bbae9e
aaac1a72
d0e548f8
7d342b02
2f794b86
a8de46e5
78933634
2736fb32
0c9d9680
4f8010a1
4904d204
1994a028
23a4f581
e61da76b
694e4fec
7f2c462b
0e9b1a24
5c27b23b
1c634161
7fbaa39c
1bd11d73
4da7c27c
dfcc2922
347cd51c
53a78e47
9da7978c
54e14ef0
328e09d1
90804911
a4b07692
231f8b0e
8ae5f3c2
4a359f6e
42bed548
b6e50a24
3b784c40
97ac2843
7cf2b199
6d24d0c2
77fa02a0
065882c2
ba074c22
04526c05
bdc7d937
65d347f4
6de7efe9
00000042
00000002
0000002a
0000000b
00000095
00000006
00000c60
00000000
00000000
00000000
00000000
00000000
6346727c
a2ca71c1
2b6af926
96335499
268f6503
668a2524
2db414c4
e57babd8
7ae8c130
f48ec718
a5709801
99558229
4b29d591
f416b6e7
41bae771
6bbd3b07
e4928b48
c6d4b340
4d714bec
28c11fd6
37c41846
f6878ad3
24d02464
c9bc7d6c
b1a1ca02
aafc6c6a
6836ba3a
2db72689
f7cec969
c3d47dc0
1f40d467
54bdcb92
4dd6bf0c
bf88e5f8
333e86e6
7126e173
14385314
fb361e77
9d3b7f0f
fd8452df
43262daa
103bde58
9022d127
218e7331
6a39be18
f31db384
ab2aa244
5cccf746
f99e6565
b15d736c
0d96bbb4
ad47e5f3
b33c6d75
6bb55ac4
72470709
1aa0adf8
13aceb5d
9b33885c
48987f82
6ab9067c
193c69de
b7f85095
9a87d86a
3d29351e
d61c1d32
583cb124
3a0987cd
5119ad03
bec4b617
45bf2b9a
fc7ca4ea
3831ba06
2fcb7cac
1c206202
2f37e6bf
d2c21ae6
088b75e5
a8969244
0440b5e3
6a36970c
53b796b2
543db0c8
fc6f3e02
55a92d06
3b56e2d3
a8c56ea6
60b36b6f
a0397519
500d2653
33a803b6
745883ef
9b31449a
0de241a1
52499505
2b67bf27
7e6465b2
a568e820
872aa603
7beb680f
8573babb
757a8e47
9b783492
2518a2b2
99920e51
37e9b251
09a54351
791ac2f4
8568eac5
98a5e189
fbbeb7e2
9a6521a7
f96d1328
c5276812
913ab120
d77d36b8
409c3c18
9cd8eba3
2d32f085
d3e3aa86
b393663b
8253594a
49f970a4
11185a11
ef71f38f
a199b64a
19619366
6f2e11a7
c6d05d9b
60ccbe6d
3b8ae595
2c2669d4
4a3cdd8f
c0454bb2
0b71b839
4becdf1b
432d9291
23dc73f3
1f849b7e
767c75b8
82ccb9b5
300664a6
bd6f63b6
426360a7
488c1738
9cb3e1aa
339e3d58
ce45641c
9198d57c
205045a4
4f77b89e
9234a74d
169b4e84
9de54a16
dd1999de
66cfa42a
5d4981a5
ed757922
c3f194e3
56858791
3f6a8b3e
6b29144a
b51bbd28
f55a9384
ec7d2bf4
272c5367
80c62a01
3c093bb0
2842af7d
5d39a61c
71010c77
29225957
a973393f
c6fe04bc
8b060320
f76a8c43
9b9ea914
01d7cfc7
412f24e7
3a078d3b
32256e22
1167f95a
2777b714
68957369
f9a6201e
f9a0cf98
bbb53983
a050947f
c1a5895c
281b3b4b
ccb41949
63834740
6944ee57
51c3d218
432eada5
4c05b8ca
b95ea868
063d7407
9a63d774
eda72399
a2a1a39c
bc552acc
f8164c0c
791085eb
b3322413
3e0a7706
bae7c996
36cba93a
cf1cf45f
a5bb8d10
aa127355
ba2c814d
fc335b2c
622c5652
d48af970
7403ba07
caecfe18
f32ff438
b8ae8043
8e722e58
01576aeb
b77a386a
b558ad68
0c348408
73273c04
3b6600a0
2000fa9b
92b88f91
20b67832
afb163fb
8be667ec
7753b6af
3792b4bf
b19c4994
36b8a575
44b30a0d
1707cc72
5dabed77
dfcdb930
aadec016
b4d1207e
f9401177
7b2f902a
a4cb91b7
ebb5d233
40b3305c
858cd294
2234e2a3
458eb8a9
75e0b194
b850caac
aa2109f8
91bbfa48
3789871a
e3cb0494
7a363bbc
3fa9f980
aa7ab48a
558c4dac
9134d23c
3bf6ce1a
79d54256
d1c56653
e4906ae0
733cf5a7
8aa150b4
53dc3dd9
554a4d18
f7be5ab4
36593921
b73b4e86
db1fc9c9
8a3b9692
5ff9d28d
db4018cc
a0fc451a
3034c843
e358db44
5a8da7b4
93130737
b34c0880
772fadcc
ccd4ce1c
df5806b4
fa642fd3
119781c5
d04e2cc8
15b0a6a4
424bc477
694cb82c
44830d51
60937a70
d1c6212e
e36608b9
4e482c8d
d9296892
0c4f985b
7853805d
d1123322
f9beb539
b8b092ad
aea93180
41b66305
462af478
af47061a
bcec7616
b7237d2a
382d5968
3543ccd2
49b2efc4
d4ab61ec
3960c9c1
441a63b2
ea7fd18c
8be89503
777b1682
71a3305a
d81f32d0
cd194a35
311f2354
c7598387
20637935
7b9d8a1b
04442ab0
ac5a2f1d
8c628c64
d15981bc
8b1c7547
5e5a13ac
492d838c
4ec5d57c
aaa5f2e4
a774b811
76581767
6f057995
30901a74
571a82a6
e71f071c
03c1aeb5
8c222b91
85cd228b
7a8a4c3b
1a9c262a
8d8551eb
715dc5a4
30606a01
d91707ef
d74551f2
639492ce
0c027646
238bc139
af5c7c23
8f97605b
f2f5a567
3662d581
22b32490
4852a80b
cc17f338
d37913ca
d95c4df7
77982dc6
7f4142c2
4bd26bb4
83f02c25
c010b241
02521482
28aa388e
e8c18411
f0e086a9
93d6d839
a10281a2
ac5567a1
39023745
8db814a3
7886937a
6d42bc99
f910bb9d
101cb275
25861017
e39d94e5
ca146c76
6aa9465a
c3bd7027
25cb8351
62492f8c
dc50bc9e
da5f0338
6c7a8c49
21873c23
32bf9b4c
018a4e89
b0ca9630
28f2c590
8aa74474
0a55858b
99c957d2
22d81f3f
fa17310d
6bee4354
7501e59b
8766a3c3
82f57529
8305cba3
3d989139
06e051f9
50183357
c2452c36
88957ffb
5aca381c
1258f697
f8fb1b82
2c6a579b
5daa6852
e38c0ad1
41832f02
3a274005
89cbafc6
cdd7d921
362a410e
64aa63d7
0b634e31
b86c5291
530491d9
aa03e776
4368838d
1bb8538b
7d542e1a
7b375211
21143c4b
467901a7
cf05f31c
f1b77372
40917b69
0fc0f7a8
baa72b72
3d88b6a5
9a4d44db
191b8d90
3de28a63
cd639979
7ba919e1
c9900175
c1af50b1
a2870a39
9168df88
da6adb68
f257be50
2ba76da4
444b347c
8b2318c5
7f47f2a1
28096c0a
85095843
a7b73c8f
c9c292b7
59bf3947
cdf3f221
3a4df9e7
23ce2751
1f0b5f40
a7c0abf5
086e36a6
35f0b25b
b3a3ba92
14ab5475
cafcc860
e5c7ab40
93c32934
1791e6cb
646cb379
b7a01c65
6bb2c505
8cb7c8d3
62d81dd0
738cfc17
8f5220ff
26c8c31c
9c34518c
84a75a04
5bdd4c68
0079199a
a833cbdb
540db446
277aba67
b63e2b58
b5d53eac
5b23e709
596a819b
533382ec
c1831cb1
051f5c33
63383b26
1427a074
8e1a3ced
d52a61ab
7d9241bd
a8b533d2
471f48e6
739c3cb2
e81df541
d6f6964c
0881eace
f84bc3fb
5938bbc6
3972e23b
26c554a5
60683857
5e98f504
c145b77e
4cca2077
26600dad
abc6d356
76db5110
4e501961
e5c82771
13409e58
6c3ce746
437aa4dc
9c5757a5
0ef09c49
dcaae57a
97131ad1
17b18ca5
56c38669
250897a4
8eb20e7f
a57e35f8
eba59b32
282b0c3d
0a94c705
054b87c0
6e655384
e7a21b1d
90a6b270
64f6ba96
1ca392f3
b1bd95f6
4b77496f
a26d5395
34cd4ea3
5a39bd25
68601c1e
1c1d487b
93938170
4976e06c
4719743a
4c4ba2a3
dc3ee059
502b90e5
25685676
5196f380
5ae87e79
1d834515
aa1d38a9
cb9c8a66
1ae47636
b70543b8
32afc862
467c93bb
b355109a
98c39a24
5bc2830e
8c4ad2e5
4a3b66e4
3d859f7d
e91643b0
0a870e16
3513f84f
fba686e0
40917e46
2eec00bc
059c2952
14d10ca6
4a23c24d
569d3c3c
0c6530f5
9f24b5ce
ac05eb98
921a7a21
8e97769e
9624a956
a2d6cfb6
ca125a11
43289681
38c99464
1177ca56
c206a797
963c132c
6959235b
1773790e
1134bc2b
8a943286
8223838e
6b102b04
3845ee0f
113cb538
e8e25c9a
a5c60910
9d8d870e
f96294d1
2355d119
f9b13357
e1f61ca6
88db7165
c21fb8de
51ee9e64
a2f60215
810e8b47
10a199aa
72cac9bf
437cfb03
3c17a32b
3d7b5995
3e1724f6
f33bb392
98ec6981
f5b3c045
6c007d7a
b7b2ceb8
7aba5389
20a5c39a
b13abeb2
df1ff2d0
99138898
9df6fc68
e0ccc63e
d1edb605
adc73622
15177ac2
a9d31c75
5c930093
e180bc2b
d3c2a689
22e2b90e
9dbf17d0
76290bf5
68596eaf
b0a34573
38b7be15
9c763e60
bdab199a
604aaf94
b2023d16
4e29db51
2598add3
5715483b
b52141fb
9cc36573
88caf987
0379d657
13ef5f97
b7726711
5ac9b5a4
c726b32a
4630f731
5ea1698f
ecbe6557
25f77785
3b8f7929
e7ba5a21
3528cf15
b68fb19d
93d83b90
c161df90
684f98fc
b7154861
198a26ae
4a4a733f
370ca765
7a987e51
048c790d
e874a321
af06ff91
a04e33f3
d57677d4
60d71e81
eeaad338
66ec8d91
41196470
ff4145bf
59b08043
8113a01d
bf72a9a0
0502c24c
14f21f85
d8a8c9f1
b1397043
640c7641
b9348ae2
125a8901
b6025168
b39e55e6
26b054a8
2ef2032b
1c3b18a1
98c801b2
a6b2c830
5c7fab84
32447cfc
4ef44095
432c8155
3c3d0453
1d43cdaa
448fc275
31f4949c
5cb05ebc
f6256659
14b0b6b2
4bb6cb59
9860a39f
2b9c2a51
aef57767
7d62279d
549178d2
13f0b7b1
f165cc46
7cee5c63
9eb290b9
236777a4
504fad34
2aa7ba7d
da6024ca
31538255
1432f308
42427796
a6ad4b3b
650946ba
bd6541d8
d49f39f7
0d85f017
fe98c573
85821589
21c9ba06
9f7325f7
c33c4a38
9186a9c3
7fc6eb8a
a9300e64
917bf400
e58a1261
d008c7f5
3716b0ba
f4cd90a9
aa68a972
2106af76
94060764
b6bf1073
4406aa4c
9fb82b98
74ac6cf3
ca68b56b
f1a1cc4f
46c3c6ec
ac79ea0e
35a6d082
a1190546
a668a455
549af5e1
83bbbda4
0ad2ab54
798b5163
b5138dfb
14442988
6b8dd25c
e0945413
2dc7f001
2b55884a
f0ba7b72
a9433dbe
0903ea1b
d5705d55
95ad19d9
f771ed08
709bd12b
edacfc4a
5e55c1c1
0fb0afbb
67e0b329
88d3ee50
392a1f30
18535d93
b657d655
7c3009d3
afafd979
71537492
3916ca3d
76ff6fd6
621ef2bd
8091c442
f1f4bf6b
aa1a749d
e31a41f9
e88f0fd9
00000043
00000002
0000002a
0000000b
00000096
00000006
00000c60
00000000
00000000
00000000
00000000
00000000
cfa39888
88a03e41
18770f28
877f8221
c7515d87
38f8540c
8bae2a9d
5acfb939
3cb556a2
785963f2
e07855a6
0996f796
fd68e38f
b56bbaa8
bf3b285d
16ab78bf
e1eca881
7e5b755c
2215c3f6
b2e65a35
7875341b
dfcf86fa
081f8302
0dd22672
b999da65
41438039
63859d0c
5713d2c8
db947549
cf9bff18
ffa0d411
062712d3
ba63e743
d572cbea
b377a2e3
2d4ad2a8
80363497
52602323
06e33592
045b307b
a157a567
83b56d71
c17b1ad0
1bdbbecb
5ad21d96
0383c103
711f3cdb
5c59ac89
695c0a0a
e904b15b
8131f13e
9d9c009b
47ef5f06
2b937b73
c56bbbc1
b72458e1
8802744e
141a1970
2ced14e0
cbf7d2a1
3a1dfcf8
58001062
2614023a
2acc140f
f9484cc7
26d20d4a
c9bff77d
e30d0ccc
9b332f0f
a0aaf090
619d8799
782a1db4
fec4c64c
080e76bb
719aa299
5eb85571
dbf7b4e4
c33a33af
4f61f63b
84f23cc3
83bc362c
79921b21
65e3cd17
94003940
d30b2790
e6c55171
287ad702
4a1ef3f4
7c4d0577
67f8a141
df8eb724
cbf6c022
5834005d
6245669f
58f2be91
6b40f769
e0ad13e9
291f0cc1
64a7091c
0c2d82b1
491480b5
03fa5e7e
db4075d4
e33c575c
69809953
104faab1
0656b05a
b0ca8536
7ebec891
28868284
6778127a
32a39488
d807a144
56c7e2a4
9451c449
16927761
aa99e61c
e3810280
898402d8
4459c225
0d3adcf1
d15f3b69
4a430b59
72c06cbc
7a853f85
a1b68a31
de4ffbc9
434265a4
60c9a3c9
72b93a68
e00cce74
a7734c38
828c689a
28307b29
4134eb02
d1103bf5
ab5e0066
3920bc5f
31a262ea
34ba2d8a
7754e7bf
de97c03c
9bc2c4b5
1b43a663
e316674e
56d47064
28e4ce08
446800d6
09675b89
50bc3471
0f50b8cf
f060c8e9
1a65d575
7188403a
1bf9a8f0
37030562
d0698937
89484a40
4a99debc
b214a6e6
a5f82b3b
5175155b
48c2a1aa
509cbce9
96fbde1a
4dcf915c
a7cfa37a
1955d590
317cf485
313e2e0b
54811d1f
ca6645b8
433c9197
91d8f412
cd756b0f
a78545d2
7ea55d3a
863dd76d
f0c41dd4
acb4f32a
574290d1
496e3920
8526f92f
356619f8
70f1c078
37c00fa9
95404c91
6c7fb4b3
0577ac9d
cd2a31bc
fbc77864
8d44a8c1
8476a061
69812bba
17276f56
14c9b0eb
601e096c
149a3493
724826fd
69f19a43
a212d69a
cf0d9983
a396c2d4
b2b6b0c4
5b451a7f
f3827379
11c2ec34
ff3bc4e4
6562a298
9b16b1cb
5e85898d
0252a3a8
604a66c0
ba981567
f76aa4c6
c841b044
b3062563
80ab402a
51d3038f
825bb09d
a8763372
88cc1250
0568f335
547d0aa3
1f4b63bf
fa973afa
42dfa7c6
42ad00b3
c9b9a520
dc9a5b81
7dd3c44c
2389cc66
27afb1cb
af3a41b1
95ab6b27
228ea450
43829118
463db818
a85f49cc
7db36038
cbc63242
a6db63a0
2a67cca6
d3b01992
52493310
4082a67a
5830c81a
9c02c857
a7d35d9b
046298a8
c2c8acb3
ba95d5b1
02b5bccb
f07b4b0b
588ada48
a14f32c9
67619e22
aaf0999f
bc2f97e9
6a09427b
92e7f00f
5372a692
4c1f7d81
be122cb7
168197f9
e9659c26
4fcaf22f
7564a69c
e2132ff5
98c0937e
36a344b7
108283a1
26173c1d
ba8605a4
1c244e41
a0a21f00
885380c4
bb5b6fbc
664494a2
0a9d09f7
ea48bd28
03c2a97c
9503421d
44ad38c4
51604916
0890d2c5
a1823f28
7b631975
1b30823e
36e2172b
37b9f1ab
d194dc8f
b4ccbcc9
195a8d36
dd1b74e1
e0f71090
78b4a67b
7e63bb80
8a13264b
18c3a6cc
ba7790a3
7614af2a
aa613d63
6e057b91
1b24b8b7
1659a407
c304dc10
4a2f5823
4b99f85a
67143bd9
ab445ebc
a3c3722a
a37d298f
12904873
3d159f75
c20ecad4
10941d1a
19a6a2a4
720c15b0
3750c3dc
26f8e31f
99cf4027
9bac5585
91a7e758
7daaf0ad
5280cc3c
49033539
ca005caf
01d578a9
599c9aa5
881bb2b6
86f90cb4
5316a23f
abb5577c
dc442a72
3863aa45
e4b90098
19e431cc
0ab1b027
3e5a20e4
69318d20
b5f5d35f
4d05f93a
54a55e56
bebc5f7c
e9400865
16df7b29
37905a8c
5e3e6605
76f935b0
92cb8ab9
3f6149e8
87734e79
14962732
90aca294
b88372f1
c8611306
dd1a103a
69c7ae66
6d830e22
a4a889b6
d1f96572
7b495f80
536891ad
c7f41632
67317267
121dbc60
4353ade8
4508bbc7
4ec3721e
1009aed3
b5a8e085
a576d620
f96b47bb
9cd20f09
448b9726
11ad1db3
56e44527
ee405143
89ce09e0
704312b8
f3ba21ad
8adb088b
b70ab1a9
98b84428
8a98c2a7
bd5c986d
55215c1f
e07f4c39
29990e84
b3ce42af
a9a06339
00b9580d
aba96afe
f8073498
a5d820c1
b106c066
4abc0c00
2976520e
154ab4a5
75c7797b
bffc475e
2f29ac47
a4c3cb71
8a23b80f
a91dd7c4
65c7540c
ae45d514
bcb84197
3bdac06b
14576a35
3b850682
94dd2398
164824ac
0caa5307
ab840677
5aa26584
1c28d8ba
204b35f7
ac6abc8b
774164d3
b9e8c6ba
2212050a
a9afb4af
22543863
0dd7291a
aeaca2d3
419f0d77
2d91cd23
0c0e18e3
45cb3f4c
34c6ff81
eb22570e
0cf89722
b739f620
488fa1e0
8942c609
c0383882
ecbb17a2
45497caa
40a40f77
f4736396
e477a72c
82c74387
7e18cba5
93b0ab4c
b61b42a2
67b22284
5b4eb029
77e1be6b
dcca8b5a
21dc1be5
c077f3cd
cd7f99fa
e62545f5
22943ca2
91bec5ec
408273e5
0b4a7522
0dc4c5eb
4c8bb124
8236d02a
d15aaa20
c4e20c12
02e2852f
914fbbee
225a0ca7
8911d90d
7bc0d07a
2548187a
8b487194
1d8e83fc
83840b99
90f4a768
8e7ab099
e0925f21
b2d39b3d
58452ca8
ba1e65a3
789c8c0f
542aeca2
09969788
4dab7b7e
2b03a91b
38a50280
7c95a1c1
441c08b2
b2752f01
44784226
4c248911
e48e2817
70010400
e13f43e1
d5883199
b7d31069
9576518c
f1b6cc25
352a8b40
ab9985a3
b679b02c
2b14e692
e46816b0
72d901d7
b8a35f26
59b7e442
36379452
88a92324
fa99733d
62a2a597
6856d744
9b9336c7
e5969930
0a39066a
7dac584b
21e6a4e8
5b222e0e
3eb0c8df
b567b1d8
5cc1bc5a
004ffcf7
c0eb37d8
3737e51d
0f7fbb38
32c7babb
a4bbab66
d2b23631
09ffa216
73e35253
2a73a0a2
fb7c4669
7e36c322
1aa025fa
a688cfe0
51c36aa1
b4923564
859d64c1
b2bbda24
b324a4fa
30cf1d59
393ca4b0
2097ac29
d4c9a36c
a4833e7c
cc12690b
9b4e53d9
b7a1bd7c
686e36c0
f6ea3711
9a28b7a1
6327525c
faf3cb92
c1465931
673026d0
d9622702
29b17508
d969ab19
09ce8af6
75e853a3
6e3a8447
f8ba285c
b9d1056b
291574a8
f5594abc
572b6c55
721aa748
fb531424
6a79e0af
4b414818
d118a082
3b3b9b03
c0591a37
2a002244
9981ff57
c246a901
d1a644b6
2f6015a0
cdab5936
16663552
65ac3ab0
e802857e
15462818
95b64f9d
384e24c4
485f7044
4fa456ca
5bcd3715
64fdac67
75e57244
2461b203
5ca26087
62a2c54b
f8206974
4a3d61c9
88b20080
9c108b3c
fad919b5
9e598599
d875679f
539fa95c
35bce562
66067835
13227c59
2982b281
3db37a2b
96c7cd80
42b658c5
7ab6d22a
45810b39
b991e105
9f78d421
b94a6ecc
9882050a
038c34de
44804387
2ee42b4b
47263ab8
513d2a80
46410ea6
4fbf344d
456fc61c
71540d1d
87888cee
11cd4065
9ab505c6
2b676129
f868ade7
3530090f
57b163e1
61b87fba
bd97773f
2ebcb0db
ab27ac2b
77d57413
8655ecc4
d4b55d39
4b294701
9b7db9dc
45f92721
96a20c21
ab2df76f
27a16ac6
cbb72370
27c41278
75653182
83d87580
6a05cbc4
012f2a85
1471d318
59231221
913050d3
65204502
47aba6a2
a7fa9a9c
c2c374bd
8923d363
8bcf48f2
2ca6bac5
b9992a1d
a6375d89
60d5336c
e8608427
fa98375a
b46bbb86
98441c60
8a7fca9c
06406a6e
bb37750b
c9a2980b
bfd62767
e05952c5
53737893
4f75c926
cbbb4850
1ab790cc
86052f90
b717943d
dce72ba6
705409c4
e06e9013
74b89796
15d9d3b8
99304cc5
f4c45722
7843c8aa
1e7c010a
946ac540
04415865
f7afd347
a3b00568
1265ce3c
517138bd
70a272d1
1d3c2721
b129ec9f
e5817f80
1412a3c5
dd4da351
f9465bd0
cb603b1b
976fd392
34be04db
972bffae
2597fc03
7742ae60
4f87fb7f
f1a231ba
2ae9549b
48417628
bb7ac608
97f71a64
36dc0452
5f5e8c08
51455032
0943f3a7
be0ebce2
f6f89065
91b5530f
412076f9
d93f4e31
3db89d3b
1f2ef9b5
c6f037b1
834c3c70
1c789c08
825f6a7c
2fb7760a
933fa76a
22e1aef2
508cec10
5a60a245
a929c431
b4d1e949
4f0596ac
38187602
99eb1a0d
c814a87c
cbb03224
32021260
f56ac43e
67397056
9b34713a
6b92f61d
7789771b
7a482262
81abf565
923c953c
5dea890f
c68343be
25f2cd9c
bc687f00
40c98cbb
8c167583
5338bb22
f58f00ab
f8a62129
0f73d862
09062655
98225d61
abc09b6a
fa70468e
92600974
1da0128f
a2abf0b9
79737f30
75f7a65f
ef58ba28
e04d3153
aeb13e5a
88520016
24e696dc
7ae6e944
c1f0008e
2bbecf25
8c858630
f6b2fbfe
50a578e1
af032901
f060ad1e
48b9e60d
fc597dd8
fdf8602b
2bcfef16
6578af1e
074692bd
6debf4db
0c5893a9
3477dd89
6f60489b
f72e87ae
a6317a1e
ef324715
2cc9c309
00000044
00000002
0000002a
0000000b
00000097
00000006
00000c60
00000000
00000000
00000000
00000000
00000000
1b5332e0
166b03d9
43642fa9
04b06cd4
f7318320
7d05e8c1
4417b782
6c01c615
72dcae7b
e72f2304
68111ff8
3e912000
807379f4
a8775d7c
6a888242
94962a70
5862aaa5
bf150c30
8542eae2
921841d4
1fb4443a
1e60a8eb
4892a441
3b77cd32
f6a4d4ed
91a115d3
01f0b5c8
d3933ac9
b6448a3a
30474a2a
b31ab076
38449562
97e88d0d
cd9f0858
dbd10961
182840a0
ce296a5e
9a333334
705bc31d
b738b820
d216a115
cc24b846
228a4b1b
ca206fb8
2157fd17
072f4c89
86776930
935a6502
1f51ac1a
b7fb78e2
65e624c8
210508be
6768b63a
9cf4b789
abbbd11a
505d8063
21118a05
378c19ff
b9fbc336
4fb3edce
2f2338a0
63f35f3c
6402b3b8
ec1ff2a1
5ba78fc6
92c728cc
3b1e08b3
98d80798
1c0626a8
bd4267dc
a0156448
8179dd39
a55ee555
02b39b28
a9044e4c
e02494f8
88014f64
2758c706
743f7b87
52269c9c
4afc6a18
1696605e
b96a20a0
1b9c266c
8880fb3e
a9fe0515
3ff384cb
3d1cd616
40c565ab
c668ee50
ffbd36d9
f7747880
6cc9a845
239f5994
b7de0a4b
0c799a8b
12233af9
821784d1
7131cf19
8c403a16
177d9eaa
79b64549
2d0e1c41
6bde4411
0a73195f
2c88f48b
c19c2191
3c20c908
13a10551
d1648372
04501cbd
ea3e5ba8
34982994
3ab467b0
fdc55126
f6d60176
36a9fb8d
1588fa7d
4055a468
b7c495b0
4e6524b4
67c80a89
7cacf1a3
1b1ce6d9
961e1f66
686154b9
2039e13d
f4ee81cc
52c4237a
0408d4b1
32f43528
8bba385d
462f16a7
f0c27899
a3a75c55
e5c31775
7a2d3008
ab901c2c
f9afc383
a24a5e60
6ac87aca
922a0437
e80847e4
9000ef06
beb5985c
a7a935fb
27ea682a
eb8c4ce1
674d41cb
06f6a4c0
68cb230a
8304814c
8a61bb17
7fcc382c
32f5709c
13b4d42c
f53d369e
b48e491c
80212abb
be7f4a48
dc0e9549
2263ac20
e320b19b
11f80560
8cb4a324
cd945654
79c9cd38
af47e7c2
a50b83b3
8c312b21
91b79b18
185536a3
f4c9105b
4155b05e
25a7a8a0
84326958
8c7a19a0
3d5b77c0
8bee24d4
cbd0b325
081dc991
546da2c9
6953be16
45814122
fc2a8d9b
8088fe0f
7e85812a
04867a6a
cc82f74e
4521e4f2
d36c5b65
bc24c198
c84607f9
fa474945
45242ec1
8d2d390e
b2a248d1
07987768
0030d385
4663acc8
3f486d65
8966b749
8a21215a
9c75510c
bd56fa94
daa7cf52
3a226311
406ae56b
496405d9
a99aa058
330cdc84
23433f28
b5655f6e
0d28a4e1
678a5689
a2973d1a
25457270
c7ba4ae5
b6e79007
a8a36c60
db685b26
5f4b4303
104131cd
175f0949
c05130b4
eacda95a
8c6a8f26
baf1e968
945bb93c
665842d6
68fcf44a
cb7a9083
e405a30c
1e52769e
fe2d2958
51354154
5a580a63
d0b69308
c9b17e87
9b39d18d
9fa2e8c0
0a15ac92
be57c674
3a8cd1d3
53c1968c
c8a4cc2c
e00090e7
3a495793
41536f0d
5537336b
574a5e86
78d89777
ac49fa63
63fe1675
7683af08
d4871774
e782949c
73c61d7a
c93611fe
32611540
8cc7945b
a8b710a4
86a955c5
34f2d514
eebf429d
086764f5
736a6849
9c3bc8f5
688caeac
0c9c246e
262eb609
4439aaaa
7a71005e
6b1d7210
354aaa9b
1af7ea40
bbb3a2d0
7af69647
19c6ae52
8dc9bc7e
f0a0be34
bb392d89
d12049e3
45984e94
49e33c52
3ca131cb
cc796e39
5f7460b4
220c5cfc
78216f64
1e510b90
70421972
315521e4
60d3d308
bb479585
21427fcc
59c6ab1d
0753abf7
6ce9421a
c7da3b87
da96d42c
54ea3100
39f95551
9926acf1
c59bcec2
7d901a46
0f4c661a
05ee35bb
b4d3a65d
f93d83e6
63fbc2d0
c30a1964
4d4a78f4
b44328a6
9245442a
1f742c23
8777a119
8886c76d
ee7caa9e
3a66be58
2ce3b71d
578ce0d8
5838ac84
64aa6d8d
383b9625
6a8a14ba
2aa48872
0b89bb59
7439ba20
c4b557ad
15a38834
45e159eb
c9378d9e
006ce512
53f21706
8c8bc655
38b9bad5
d32158d2
5b63e515
e2b5acd3
8b61c07c
c748c475
f74aeb8b
3bcf4e36
698886a6
55c5145c
c762ada6
cd2ad752
a1458ce5
c987b477
42f03e19
09296375
a362afdb
853adc46
ea8f12e0
f5bc8cc9
6f3ade56
b85b9634
7c4c6a25
1e43044a
1ac9c7bc
680fa063
b80004ba
fa33719a
7bdd32fb
1d741068
1eab0c05
f23b2ce3
bb182b84
73b68049
8996071b
a19c280d
5d5712d1
7245bc00
0ae9a6b5
7ea1dbf4
96bf365a
8c858841
d23a6672
b2490ae7
984a2179
4cb7d753
dc9db8b3
3138c70a
226817ab
fbc1bb67
a0b4a33e
bd9987f8
fabf7c40
3556fbc3
4c10abab
7b2e05d9
b7187716
328684b8
28269d15
4686d34b
b06892fa
f25ba784
26216607
60998646
a8aeb5c5
6ecb52b0
856621fa
69425e6b
b31a3f76
7f246272
d7988f70
22b59118
e8238c36
02bcb9d3
c4e982c0
b21b1422
b1ecbada
a4dc293d
4b9f78ee
09588110
6907e592
1988b1a8
ec2c1f49
37291259
ad80a21d
38fc7111
7a8bb450
55c86595
07c63fb1
70fc3d05
bc2c0aff
03368931
77a0095b
6587d898
0c032358
139972c8
5ea2ab46
467cc57c
9765a5bf
5745d2c8
9678ad06
55944c6f
e855893c
07925a78
c94c1016
9221d299
d3ac5235
107c91ae
ff0f941b
f762a097
ce9b7761
60254228
144b9405
4402a576
6742dc78
86a2153a
36491648
050b4a5b
4b2b2c13
7895f59a
b797f3de
21525d64
1ce06e39
fa94bad3
ea65a5ba
a6025fa0
aaa794ff
c7350db7
00b31c0f
9a32d654
88a3a265
05a4674d
4296b43d
3ac121a9
c236044f
1136a6ee
f95641d0
66d7fb42
9d37fa45
6a4a4ce9
7e671d55
ec74facf
79676dc3
911932cc
43b9d7e5
e2891417
a447386b
7556f487
d3369119
4bc33d0c
bc8805f1
70f71d89
78046920
0badf112
78508605
6a43ae49
7452356f
b2f234fc
c250566a
516b41a5
b4742558
c41b61a1
844d46dd
39907dd9
1d7157ca
0012c445
e6de7252
696311cf
1d6e1a62
b0701ff7
73716526
2955940e
33dd4226
8160acca
4970fafe
7075264a
c2f47c03
22c553df
3b16b030
34cb31b1
9d09d9cd
e4e28e27
7918f7b4
d3bb1603
86fe1152
cfd3d980
2c14fa27
1b0216c0
cc1c125c
08b46346
84133664
5e356737
573c2083
7cee1aa9
040a25ad
9eaf0173
7ace88a9
71003c49
33527611
6ce1207b
a12cd86c
cd19f2ae
24740a18
48c7b6aa
3b2f9c44
68e36f71
83120528
7297c106
09a70d25
a6372252
be5a080f
585e48e4
a360cec7
3f5eacb7
38518349
b3c583ca
c5b6e64b
281e0887
bb22e604
a1abc343
f5843611
48f1f044
0b310140
20eeba09
b678e84c
8c90c6b7
ea927c57
9ba23b16
1ba1b842
24d6307b
4dba4516
d18bba4a
954b2294
371acf8e
c76e8a62
d3989d42
32b0ed26
d4146888
496761ea
5a23f969
f783c8fd
124da052
9db61010
dc91b12a
526a22b3
a6d5e824
d299f84b
f7b94940
1bac7309
3dbf080e
7834ae6b
375834a3
c553fceb
223b4994
7cf78597
10c524d9
20752d9b
0d439c48
60cb53b3
e19e2d65
9276c960
c8517a77
0b44c5b3
600a89b6
96803a16
950982a0
3627655c
b898443d
3ccd1fa9
6520ec22
823ac6f8
6535c145
3bdbd881
e1a4963e
c6db526a
67005f3c
8ca2326c
b4549d3a
40e659c1
d02de0b6
4799cc39
6e346b3f
117f603c
8c95578c
8e757918
2f2713c0
3023be90
bd858948
eb8421bb
78ce5498
2c57a9b6
8b77bce3
68220d83
08a7d097
0960f35c
76eab7b1
bf76805e
99b98bc2
82608fcb
2d877c8b
d676f800
b0bd98b4
2817a8aa
af762a7b
ab0369bb
c9a3721f
bd951b61
23cd2a2c
75199062
c2162467
66a93e29
25bac085
e4982c4c
36356e47
4dc1323c
b621c72a
00e975b2
b3e99d29
be839073
95f4c375
cebbb4a4
3c800379
1323a3c0
99e777b1
a807a6fc
47b50ce7
468c0e44
ef3e67aa
38f203b5
64fa8f28
00a9e0ad
fcd55ab8
0e580388
b3439697
6b7ac410
9de5ac5a
8769a6e9
244299ac
4a038077
8157c0b6
aad0bd60
31570f15
e80a4419
cc2e0ac1
4d37b289
af3e8ae0
957633c0
c8e85d95
78853578
22746741
adfbd80a
38a9138e
66212eba
b9d3f27c
4e16741f
e5320a62
5693b6a0
97628820
e9e04a88
c352a0c8
f70136f0
5a8e53c8
27d81150
88670ad5
97ba7bca
536c0680
4dcbc40f
514a62ab
346c38a8
3ba5fa5a
a9c48336
9b75d675
74899632
b5691507
5ec8b95b
7d26590a
dd00b6f1
3c96a85b
b33e45d0
204156d4
cc6023ab
1e315a0d
b9388806
730939c5
443961d4
72fb26ba
10db430c
3950232b
d5677b0b
018a160b
836123a8
52be4487
4c638db6
a48e5099
a9a98d23
6ba744aa
ee3d6012
059126a1
5486e552
3e3802e7
a647b932
193bc46a
ee8d91af
d6420893
457a5b47
dab32905
3a472f9b
5e645157
7e637528
bb707974
70037189
d0cbfa29
a9244d75
7af3ba8c
c6249015
56ac5de7
2a948613
4d0e7552
4137aa95
92931ec5
cac9bc48
906a3575
40cb27ac
61aa840d
f4eb19a8
955732b0
361216c0
e66fa448
b5762d60
2f4a47d9
84238749
bb0564ca
02134ee6
5882ab6f
f0f40b04
3623ce94
dbb20f0a
f6ace0bc
2a7191a4
fc637ec4
e254cf10
9507cc57
0323e29e
1933e12d
4804ad5a
9f03d377
07b7b399
972051f1
8773846d
a7808fb6
430370f7
353ab83d
b37546ce
73cc54a1
6941c289
2d416cde
00000045
00000002
0000002a
0000000b
00000098
00000006
00000c60
00000000
00000000
00000000
00000000
00000000
caa0dbd5
04586025
3ae23c55
a656600b
2b0abd94
10127c30
1600714f
641b41e6
b5d22a7f
4dc933a8
b8281017
0900ef0e
c1b6d9d8
bafaccdc
1932307b
da96697c
b0ad21dc
3bd008ab
6fbf5431
2bfb99b0
75f0ed76
3c608b7b
f659c9e7
b4b7219f
f96b8b20
fb7a69c5
70d4ab5d
755aa123
bb3c6da5
14c1745f
f0a56a44
c94e9b21
b1ac6d74
7c825448
aa5db1f8
cfc1af97
0fbae2a9
54aacac8
9cd06021
59392ac5
e1b641fc
3d8c1224
ef92d21a
c90354c0
45820cc6
11bda467
183c50f1
2ad0bd45
432c2827
5182b0a6
03d75347
93607637
75184218
81f1ff3d
3b8d71e0
64367233
8383ec41
319df3eb
9b48a13a
8dd6e6b3
7b50b30d
18340c43
11d4263d
992d78b7
a6054af0
68e534ca
7f5e7bae
69d33972
c4a68c65
799f71fa
c0d4340b
d00c299f
1d292b55
fad6b4c8
32019951
d461ecda
97a374e7
24785d2f
fa309251
e3720bdc
2205ef68
16b4b61c
7060b296
75403360
2130921d
60a75ad7
c02426ba
fb824b4c
49e7a378
9c8baf67
87bbdb82
57f98066
852be94e
a896dbd1
0aa197a9
7c6a265e
2b391812
2294183a
3abcfc4d
4616d9d4
a785c522
9202a0ad
6b912563
b2db0cec
20a0195b
9239e3fe
fc035855
1e99ffc6
17567262
59801e0b
2acb446b
61c215c5
62ae8408
44c61552
e78f07da
976f476a
cc977b9c
9d22a403
85f1c2c1
583a8113
951dccae
4b965caa
5ca3aa7d
4a581c6e
fa3624f2
9ef43464
7b9153bb
955fac39
6ac9a118
97a4c30c
d440b693
a2f98255
9778bb83
23128812
42b24b75
8b442317
aa8b8434
60010b0e
2facd439
4a04559b
a2a514b8
881824ab
12e546bc
68725731
a41839ef
7082837b
c0136c73
d17dc37d
c09d3df1
9c2bd843
dd298b05
445f9c85
75539364
cccd1b3b
e1d415f8
114bc200
f88a6222
63e53fc6
8b957f42
e38db31e
5361728c
527255c7
d4b95a25
8afa5a4b
8bc4b85f
b82c0236
52ddd00a
8da71618
c70463e9
c8985d53
98387b9f
fe98e06f
6a7d2e62
c5220241
50469480
c5ecb559
23dcc393
cd73e5d5
f1e068ba
13bb4c40
9f5ca071
34162048
6b09e7ad
cd24fa27
c35424eb
81035c5d
cd67eab6
f196634b
bc10df31
e620e7a0
2c8fa9d4
1c48f032
5a6dba2d
a54ca786
33321274
485f3501
d2e4c319
c33c31ce
7d9ba48c
fbdcceca
0050cda0
ba2d8ca4
919dc8c7
0be21f89
76cc2210
dabe5d8c
aa442491
48a7cba3
2981a920
891b076d
8e6db096
51d323f5
a6e22e80
45cc53d9
c06a6d90
bf286652
ae7ea96a
f2d07ad3
a621b651
50013521
c0d59371
1587b962
6585ec5a
3a0d1f91
664c524b
14c273b9
64ee84a9
5c22f049
17783530
5072900c
09667e7f
862746ab
46467b90
64934f07
081358f5
f04c46dc
46e0ea49
7a012467
c55fac24
87278985
7502d1ae
c6f9034b
21c0e2c9
1d3e42a4
e37c34f3
b066cf57
fe0fc1a2
b13a0091
03c42f93
d988675c
b40b299a
2ad438a9
8d43c8e3
79449a5c
b2fc93a5
e0641706
1abbc05c
807076a9
c19efa93
7ae296e0
ab765d6f
11aa6923
a4966c1c
6fb9eb0b
1c429960
95851d43
c5888956
7cc229f4
8bdb8840
c82b2e70
ac3c7616
25264638
17cae6ac
e867c6f9
aa3a4057
c013aa21
474036f5
87699c51
bee099c5
5d17c4fc
f56200f1
667c55be
4c67fbaa
1ba06b33
2a486a86
3db294b2
bcba4743
7612a3a0
e36fa164
a2a7a6e2
8eb1464a
1923c282
7a6f9710
03f8b312
b25e1a25
969c561c
bc3ca852
bc706272
6c0480d5
57dc6e26
e8b088f3
8badc1a6
37637f77
15bcf318
83ee42b4
54c1dd7d
ce09f9fa
b52b7f16
8a7b1254
a57dfc89
6cfb18b6
6dd74983
939ebca4
8b68c6e6
1be69dcf
943eccb3
68306f64
9753d714
f03b48a5
d3fc12d4
1be0cd15
8f34a8f6
5be0bf82
489493b0
935d4c56
e11f2fda
2a8a5e0d
d40772b7
9af13b86
501cc030
1f3d7bdd
cc7966e5
bdd7fd17
18088a3b
66124479
a210cab6
97a011f2
24774cc0
89157c8c
2443884c
a96828c7
7a88026a
370b1b94
c7cb3425
ac4cbec7
f17e66c6
75ed3726
c80bd3c4
8db5bcbf
160cb673
28c3c283
4794f9c0
05aa77e2
82889929
0e945957
f7001484
2bd8cd59
96a2269e
5a0b75c7
c226b27b
1da8e92b
79fe2271
017b7226
6d7e3462
d822c1da
95478493
f67d285c
88684bd1
43a44e79
736c280e
e2fe22b8
bb970e96
1f8f624b
5ad42183
c02b4622
971e783b
866654d4
0fb5d345
ef606650
561b389c
6b326393
12bb6ba5
22e87521
311b2c21
412b9803
089ec6b0
402905c1
5bcd1249
743dcd90
97646b23
b0c6fb86
70876b6a
024bef18
135d197c
96aec462
3dd1a541
5873ac8b
a1f82567
62544984
06995034
788300fc
69094962
b40a3b68
02838805
1de8c505
fe53f322
f2321d8c
bd16e092
dfc619cd
808042a8
5baba481
b997e394
72e21523
153ad715
82613c10
220332e6
b1353556
7c932a6b
9ac70260
564a1d0e
3b9e768a
e1603959
7fe5e132
3cc894c0
785245f1
1815603f
c2582640
e0b4a162
9881ff37
aa3960a6
13891491
18ba8448
87c436a3
1923991a
57e92699
8672000e
aab33bf1
49acf056
82664581
d9550430
143a2dcd
bf0b28a7
e70c6f83
31a86c36
75b579d0
c815266b
00392644
8dbe03eb
80b75883
0fac2a28
95914bf1
37dc1702
a4103c95
829fe234
3b5372c9
7f894d37
ef85b304
3a345d29
a3c2a2a3
c1670237
47f8a4c6
55788447
7481dabb
0b2773d5
8f371967
c8060769
96100507
36536b62
8f40b5f0
47e8a235
a08748a4
697a8bcc
d4066e83
95912fcf
206589db
8c71a812
74f9ef0d
d958aa2c
38c63005
0436c673
c519ac83
41e3a8ac
a4b4a611
4a073a48
713e31a7
78b9650e
f37cf0e1
360ba32a
b34a035a
52094741
223b6502
65c42a2d
4a7c527a
66c424a4
03fad280
34bf5a3a
da8f7eb7
11e59fc4
4cc5d77a
21258f54
1c95e6ba
622de0f0
c079c2f1
ad851655
f42c060c
4843c365
8a7a4bac
b16fcc04
ebee6e8c
9cc06c1a
0aa8b8e5
fc0d2f2b
5e9ac872
631ab2cc
244245e2
a0f13d9b
2f77b46e
e219ab58
b366c577
097f4b05
28452e42
cb8b4133
eea8fc74
fa1f4272
b33962a4
e5602530
37a53d59
4283b705
4dae6553
d0ab1c94
b59598a7
a1a25640
98de2224
513867bc
fb937616
1a44c004
3cfa047c
6c4c43e6
53337ec4
c782819d
5dc043c8
3cd27bcc
8d09106d
056e7100
97db5596
7817e402
d59dd34a
992f4042
36cba73b
487ef28b
db3675d2
0672ee9c
b8ba53a4
664bafe7
462c9123
eb5251b5
2ac75dd6
b1421c46
6e4de032
c7e15b21
12050921
197ddc24
837e50d0
a6878c86
5c4a48cf
e771c130
98418b71
4a8bb5a5
3a7250e8
4188ca80
cd1cdbad
46143990
89e19175
4cbc65dd
22384fa7
5b562433
22a6f440
8b0f3c09
3a46bc8d
55b046bd
2ab8bbf9
a15cbea2
f8c35870
67ae7889
0e843eb5
6c44869c
97c200b8
c7866303
f54ea69e
799a5736
52ca1916
ba2cf19c
fa725fc4
8ee11d92
ee4950aa
1ca09bc2
9491e857
af0073d0
78c49115
9c6b8923
e8c474dc
c3ab21e5
9d40f474
5349a8e8
56875329
2ea4eb38
d0be6c02
56557098
3c1192b0
c7aa26d1
7cd7ab29
a89ba0a3
a495bcb9
86d57b59
bc20bd22
d2ac5147
2888b138
b5f3d563
8b885155
082c0207
99ea07c5
013b6a6c
dc8f4b89
a0110660
5c26f56d
ebee5749
41b1a081
ca7f84a9
900e746b
7186676d
7501687d
7ad237e7
2928231c
d136a53d
371f0ec5
9b1b45c0
2674b8fd
87ce3850
92822129
985695ba
70731561
84ba19a4
6989aced
4c0aaef1
759294a3
f7835a24
9b4e5722
493b663a
5919768d
d3e3ade5
01a9d9c9
6ab8cc54
06891d41
30549b39
9722d33a
bb6bb095
cc292484
e1669bc4
2c74b8cc
ac07eea7
2506ac24
07033565
6a2c9f4a
4cabc1ba
2641b081
7b8a6877
59060596
42afa601
3a71a81c
4151ebf6
1247472c
1dbc18c6
1636477e
77ef3e30
399c598d
8d9c7c67
666900cb
77005c09
865d69bf
99ebbd98
079c8151
c5860433
ccab6765
1de24d71
55973c1d
12564bb9
95347e84
47a94817
e7de8902
6702aeb0
12ab3c32
40ec478a
1a618b90
19230487
765b53b2
71a24474
29abf071
3cec6b25
75e60b2e
f385c1bd
567f1757
58774a60
d4ce83ae
31a510c8
52c18c88
deba330e
c5d77624
3340ee8e
5d6a7ae3
3a3712d0
454756a7
df085476
5b0541e1
10e82c56
51b4e45e
f9b6b483
0d4b2c7a
e28f48cb
817ec008
a3c1b695
183daae0
0412704a
82d17c92
637533f3
fa6945b9
30b8d009
7a7efcee
f7b1bd7a
4ad43f26
c9328094
ac869076
2c462b9d
9b3fd93b
5a230df7
0ebbb6bc
726093ff
d30115ea
a4b579bd
5c6a407b
e95a0cf2
621534c7
106eca64
70f10109
1a0b0415
0d48dc42
bb2812a8
916885b8
281306e0
ca40ac74
8601ba25
365e6377
49ab8fdb
c5a8bbb0
478aa13b
40269853
2942bd05
fc50161a
9cccb672
13a80aae
ac0ef164
32eba54c
a5185603
d51c2071
920835c7
5bda7c4d
5bb1cc37
5c731834
071b9b06
b3f269b6
9669f075
fc13ac8f
a6afe315
c5771d88
2ffcc5a3
1dfad927
4fdd165a
9a340068
7593e590
010ad6b4
c99a9632
8491f11e
3f5c30a4
ef579933
5ff2a82d
24ca5249
c6ec69c7
2d2c16a6
548545b5
3ad8a274
78cd0c24
239a305e
b0e30593
00000046
00000002
0000002a
0000000b
00000099
00000006
00000c60
00000000
00000000
00000000
00000000
00000000
f907a450
e7b89436
698ad1aa
3298d9dd
e38a2098
16e4766f
4071a5c1
8a4881cb
269bf3a4
215ff936
eb290875
623061c4
af154244
44fc7a3b
8be3a528
d7622233
a7e52e88
07e2033e
631181eb
3c4901ca
26d5674a
d67cd9ac
b3960c2c
5e9066c7
bb9e6265
cbe5a26a
b05b940d
d0cf313d
eaf98f66
206a5acc
536094a3
80f18de6
2ae42ea7
d4785647
e8699fc2
be856346
8998261f
d0b7240c
aa23bd87
b2b48247
59ac8c05
72ca2603
32844bf4
b41a304c
5d785271
b7aa72b4
a99487b5
14c09311
d72e7258
6a800004
0a54dd29
1f40ab24
7183c678
4907322e
16bc0635
b826791a
4db84e9f
7b635908
90fc940c
bafab289
f45b344e
10f23702
02ea182b
b3be1100
28327744
569bd16d
9dbbb719
03a121b4
77bb69c5
577965b5
127389b1
a6e5c41a
9d56b66b
9329420a
1d349d89
b46425a5
45633ed3
9da65021
cfaaa9fa
c33230ac
58039d1b
c62744f9
6ad684e7
b4c9adba
245a2421
607997db
c2345a02
a1c65365
f11454aa
8c441055
2cbc8ccd
f40228d8
38da173b
00a6b50f
76326c25
a88aff5b
0c9f72b7
757c46e3
15abd1a1
884d8982
64b43f49
194ba567
03a96c74
556e8d81
cedbc3b2
29b46c64
1b930221
04c92a18
540cb299
1aac55d7
b9556ab2
2d685a79
58689a02
c33c0f05
f71cb22f
5545adda
671b7299
7a052931
f4797629
5c1b8d3f
f743c736
83859f80
20b05863
2b2981dd
e8611c72
620c425b
1acec550
53944c45
51b2cc32
962ad29d
e5087c66
9b3a5d21
0d0837f1
12fb92c7
96f29baf
8f05c70e
a9cfb882
8a1b945c
b2b65196
8416b79a
bc2c8ab4
0e7ec936
27d53723
c8236260
5e93006f
50b15985
48720152
d985f32c
65b5b2f4
05031b18
336397b1
567a78fc
21163592
3a393b90
e6177d45
534238af
1eaeb049
6a066223
5a69b81d
afc815ed
c6015f97
4ee44828
afbcbc9b
18abc48b
0c709759
bd1e8240
61ec1b07
7f468f38
b8a3541b
37438c59
667ad056
c638351e
c95a0494
5dd80925
f6521b20
5a1b469c
6ee21971
e19717a4
35524737
4755ed88
e1875248
1be17ce1
c5764765
ef7299b5
c2a1a8bc
6001b740
c412512d
a07d08a1
76c15288
f379ace9
86d16f61
7bea1b66
d729c243
10f705ba
26c3d07d
050ce493
a0cfa196
56a70f3f
7bc8b6bc
4b3c7753
6f2bcdce
0fbdf5e0
00e47096
cfe22c02
d3c7c59d
aa95b850
679ce678
5655a7c2
43554064
21652acb
545ad5c4
d5eec76b
1b82ed83
881e68d8
935b452b
2ed73980
355f6219
b3df3998
7dfbcd52
7a2703ec
fad98a54
4376154f
0f2622fc
86fb5911
82d5ab83
c807d9dc
90060287
9b5aad82
32cfa715
c3d86670
4e8a179d
1ea44311
00b66a95
0ba7c3c8
01c67cd0
41e03323
4d57a872
84695680
040d02d5
28266105
e825ca62
09443b07
492b4f04
ae6df991
fbe90385
c003e850
ed98c32c
2bdba676
9aaad25d
8955d8d9
33502c41
39a0a251
e63e564c
65d1b102
729ac792
6623a72c
82350aa6
a9a6b175
71cd81e6
20b01389
99d165c9
b9cd35dd
099dc17c
cf6bd184
4d6ab094
91854018
85a5b3b8
f23efa23
d3121794
0b54e606
ea23bc77
8446c510
02c67521
346da5ad
3182a7d9
910c86b5
a20e657b
3a46856b
26bbcc27
16004c7b
29e1b457
2c95c127
024b5757
50d1a2e0
bb023684
7884e9a3
577d837b
2318028b
c4a19b65
d11ebc13
64a7890f
a7124a18
a3dcab84
a90ad96a
2b7075ef
90f3a050
424090bf
2e57fb62
04093847
a4e1fe04
07c46abb
d2a46a67
82970d5b
8f024915
b877a5f3
80b82350
ce182b97
ead3762a
60881c3a
3e67b60d
aaa67dd3
630993bf
0ba0c922
79295724
06019346
86602b66
8bdc7c28
b4e8f111
6891c13a
2a6a75d2
b1d9cc7b
7584d20c
bc5103b6
71f4b170
62b284ff
78e239d9
7952173e
ba45c97e
f97e1505
b10c4b81
dd5c8937
335fca74
70b8dd5f
7b2e2bb7
1ab082d2
9b7b792f
dbaa98b4
2af45145
9bead225
bf81b949
006a9813
b83209a1
18bf95bd
619e7171
3e3220ae
2091e244
d3511cb1
1f790994
b28f3b3f
f9cd04a4
4db0f78a
9e0044c7
87854199
9090799d
1a844067
436021fc
1c1a5d4d
dc293a23
f6b4909c
c576f465
cd75d9e7
f2049a53
1b08e666
540ec08e
867d3d46
61bb5680
c1752854
953b8dd6
816adf0f
c872882d
3aaf2e2a
0d7a8e38
8d137be3
d406a3db
c352b73c
d7cd6a4c
96856291
4768269d
a3474aa4
8630862b
3ed7853f
c876dba1
b2783b24
5ff9964c
5d8c6559
6af08e21
2db6c720
d3150188
2c3db7bb
2ab1f844
a06ac356
b8b6ba8b
709c7acc
ab05ece6
12761099
0857902d
0a983964
77e8b77c
a4c7ca60
74a319d0
026179f5
c2da8067
767e9a97
e5c63eb9
3e82152d
81cf0c2b
a397acf8
46aa6cb9
93378922
bb3b40c9
6023f488
ccaaea72
d4402103
8c08d0c8
d7699717
0b498540
1ca216a0
978c287e
e7f8c247
9d867e89
7c6e8c3e
f6762860
5577dc82
cac406bd
644a1bf4
6e7040ba
615239e5
365e9d02
2155db09
e26a6c72
b52644b3
41ab3200
0ba2a284
64cf00f1
b0752018
e2459523
99348f72
ac144606
a9b9e9f8
b0181436
2f15ef2c
9e80829d
768b2bd9
4933174c
2abe88d6
d1dbbc17
59274140
60b5ca1d
48c14306
1d18eb3d
2d43aa78
38cc1e89
7067e24e
28acfc06
70481af6
4567df56
c2898946
e09a104b
75f229be
2c73f9e8
e17e62cc
1771a246
46ca59ce
db4d81b4
0379596d
4e822b2c
d1699dc5
85f0c73a
185cb061
fbac6686
1b094b23
3c0356c3
acd9bfb9
12cc27c1
9964db51
5896c860
9a860fa5
06b5a5cb
5cdf7bda
56abfc45
aacdf49a
bc7870f6
c37cf31f
797e981b
065b15f9
0a888e61
1964a31c
d4ada9dc
b9c808c5
d0ab1c9b
98a178e8
36b8bd32
b66c01f7
82a53468
c8fadd98
3ea8b269
7aa25760
80a560cb
f5247732
3195c240
5801a62f
08666816
8adf2190
b627e0b7
201d9a35
723191f1
3b30c1cd
c064da26
0a1e4210
24977e75
4e8eb5ea
4ab55226
61865c46
3a8290df
33b96552
0e547e18
77091873
38893c07
8b726c6a
ed711c7e
d4d43f15
cb730244
6d40416c
da680765
8264b695
bec511d5
5c4da88b
82d7293c
989c43bd
b1f34b87
59599d03
ca6b1511
280e99c4
0c7cd53a
14a242a7
b977b20a
abb72a62
b4401b72
ebdb2570
207260ac
171d3bd6
db45a7f0
8182c586
7327fa05
2c7f78c7
8b553baa
117c203c
7b0075c4
c3328048
7024e14a
4a1089f7
96571a0a
286a870d
2187c798
1e931305
49b4b0ca
15b2b29b
25da9dc7
ae50dbeb
0badc1b1
742abb98
7a72aa21
f6d8698a
4307530b
5fb50a86
06f29036
1aa7b3ad
e03d80d3
bb6ec620
8cba73b3
1b17b5e3
82d26018
8d283a4d
5d8f6b4a
a34634f9
bcfbc49f
a380943a
47d77d4b
bb925674
fe1f617a
cc6f190a
2f072c28
8c0f85fd
d6dc2d52
43078118
6b63cbbc
21c09e5b
b93b886e
f098e9fe
e9fc1136
63d2981c
8bc902e4
18d9b760
46d6df1c
930ae48e
2772bce4
42197fa2
8caaa26a
08471254
b78a9581
2960a61e
01884796
79582eba
ac9024f1
452b0986
74a74d23
388a10dc
1017bcb2
6fe176b4
766f8af2
0c0846fb
7f20e929
d03369cd
458d9c42
cc164c25
7a9b2b0a
925038b1
cba7ff24
2f546931
e94b4b35
64f76aa1
f0cc4388
9b58c698
9967602f
35248880
eaa25151
17c59acf
3619ca45
a82163fc
cf886a63
331e0c22
239fa098
a67b0f18
7d6ca6cd
e4c5b689
02302751
08c255c4
6bd082d0
1e874109
6a5d086e
12eb29d1
6cb3ab37
d895f921
841d9973
9772c241
1b997cb5
d8c95ca1
0a819f87
a684208f
e7254c39
9368e229
6cba922b
5188adda
6c006d1f
12ac9400
98740f90
37769198
be24f46e
ead05385
2777d882
98860be4
4a9d8bf1
56314671
f87ffc72
77b68331
425a694c
8cb80940
ba99b775
8786dbbf
b60ba517
da0f7556
1316ed9a
94941a41
c895be82
8d38d66d
b70c4044
c3d1c74b
b0952a5d
348ef13b
b17c1564
6b9bc6a8
ee26bb62
844172e0
6d17a102
94517a86
800a71e0
b0d80130
dbbb034d
643d6e61
9b733551
8b406cd3
040e460b
c441908c
605ed078
34b81289
301b96c1
3468d77d
8034805b
1571e41c
06588267
91224c9b
6591d537
24aec9a7
f0945d43
2c9bc215
495327d6
ec599c32
bfb46bb6
0503615c
99ad58f2
292c688f
ff5d264b
92ba6532
905b4177
ee7517bb
ac16883b
39b99799
ad5382d0
9b541287
7e84ce9f
8477810a
e25089f2
6229c488
c74ab1eb
bc7c41bc
1e09708c
014eb4d0
408416fc
6208f97e
3d5cc9fd
441f090c
4fd4ffc3
0ecc669f
e9704875
94b032a4
d81de6b9
83610752
7e73cd33
344ba0a4
75ae2826
015cd58c
5386e219
6ccc13c0
424cb878
7b6354b7
48915f73
c20283ad
c8a44c9c
1203b9bb
4606e9a9
ebb5ec1e
5a4f0614
b002374a
061ab79c
86d8110b
2d15540f
9593b3fb
f79bb408
8cf9a918
6966d6e9
a584b8fa
81e1fe1f
d937f709
920ec084
c24afec2
7bc176b0
91cd76ca
45329494
ad8d3277
bb494d8d
41c1cf91
0cb8f5a3
4e457f88
aea19cea
e5bdd5d5
93c80c8e
b1b841db
00906aaa
a3df62ab
70cd619c
e62f83d5
54774ca0
5fe44cab
140f287c
fb8276ac
0f3ef79d
ae804c48
0eb6f5cc
41ccb22d
d047dc3f
855c2acb
a38dfc44
00000047
00000002
0000002a
0000000b
0000009a
00000006
00000c60
00000000
00000000
00000000
00000000
00000000
75079b30
10d58566
74d4e3c7
8cabc142
06726868
66d4c1bd
229dd315
fb528922
a4b6b35a
1992ba92
ccad4b10
57d40b23
b03918db
80d8a586
b41b1d2b
8e38764f
a2825615
c7d6e150
ea421b48
17650b53
3f6bb5c7
a66eb777
76c35d00
94f5268b
1da7b7ad
e01243a8
7c744e3f
808d855e
18f39a47
64715b37
80b73b92
60f2836b
590981b6
b8b490f6
59c47551
b13c0aa3
db8d615c
022a04b7
30b5f435
1065a813
e72a2ac7
c517e1a4
b87ed7b0
dc3b86b6
ccc75463
d406001d
00b9ba55
441cf6b9
13135666
135a69ac
9ddc1728
f69f3a36
3a7e0416
6089ceb3
cc6ef213
6946c877
3495d8b0
3ab52623
744fcd37
a446c62e
88c1fbc6
bb747fc4
1d1333bd
4cb7f602
705e00f7
73c61826
4caba4df
c7787f26
aab5807a
806ce6a1
83bca2d5
2ab2a590
773213db
84a190f6
95875fcd
60b403f6
547d5384
57006b31
0f051894
091aa388
4bd7b333
f5867a5d
5cd01bf8
9cd46b50
55315c5d
e123c792
b7294529
c66f2248
1c7faf31
3449f898
4dad49f4
b64783f7
0d44ef66
55400ab6
b37abe04
70916833
7338f5f7
d37ac429
48832d09
ddce590e
850d0a81
03c82b1e
2a901132
455d4b78
35828293
8a7df34e
f2582f65
a44c74b5
440ec8e8
927221f1
c0d8a883
461fb01d
964f50a9
83418736
540c8b03
f9642772
a8d3237c
c8cd9018
c7322f13
0ff67d0a
b2497ab9
43077d93
74056364
bc78d1bb
a87698d5
0732de25
ab1f4962
221a4192
c0a08f10
8134fa4c
d2b3ce93
5fe5543d
5c84a3e9
e2ac3723
6a344739
9f5261c1
26dcc976
1b004f9a
b434638e
aacd568b
58291ca6
69b08b15
e0525317
b336b361
19550a60
50ecb5a7
72147059
eb6313e7
573666dc
b049b98a
5646fc62
282f2cc2
a42cddb6
464feb4b
416b74e8
23524d7c
a0b589c2
a6312ca0
9d29a91c
81a5461f
60942b25
bc4ad911
69a05c56
36c9649c
ab91d1c3
0f40da79
256612e0
cea1046a
4c8d645b
7cd11f4b
c9c5b004
5d567a4c
23ef5f5b
3a7ac29d
b3a6153c
94e87fe1
5edad148
285176ae
76f91fa4
cf59b985
eb6a0763
d40f4fc9
6423ff66
2197b31a
aa091182
46d6387c
2e56f6c7
a4ca4787
170cef8d
6f44cadc
a2376669
1004b128
cf005054
04f853a2
9a747b68
791181bb
0b29afd4
3cb5b8cb
483de159
9cba5291
a5dc8268
95c2a6f8
24e1be57
a5639297
18cf074d
e1e63ec0
5800ac31
d4159566
706c4ea3
81b8643f
e6b23877
7b6639e3
b4a7994c
cdcb4a22
37edaf00
0171b382
454313d6
75c14e87
1adba1cf
7a5ad873
d2e00e4b
b0c6b339
0307cb26
9c498943
6db97d2b
6424e901
62812163
64950c0d
993f55b6
996bb86a
3a357821
124fe242
243a9ed9
9d761565
07a3330d
d237a026
730192bf
ff07fbbf
0497215b
c982c477
4ab2fb12
23dab297
02b10d3c
5064c56a
c9713779
b135281a
0a68633f
46a32c91
4e63a874
0a93cc98
18a950d4
a4f63388
2242803b
00a60ae0
ae83ef2b
6f81522f
3062a33a
20bb42bc
5f44c49c
24a62a98
4d0a268e
9e6ba89c
091dc527
41791529
5b7d9cb9
45f29c92
1321bfbf
8aa99acf
900c33d3
1fa7d6ba
310a6998
2a989809
a1846065
dc1d07b8
b6ac97f3
4030febd
50ab01af
06d33d06
02951f51
c5a352ad
714cbe06
0854f148
efbdbc7f
941e2454
cfd327a6
f78efb9f
f44b7528
a9c3db52
1a2786fc
a9267cd3
754558c7
8489b126
e699367b
b985ca15
a7156c76
878bb238
2da14d87
1e51d73f
6a6e0aea
2492de0e
9e35738a
11d91f51
320c78c1
b5a56c2c
92ac5e07
c4a4873d
bd147729
006f6f71
5ce011b5
d0b3a1b1
2784ad33
78684e1e
8752a640
f301c5d6
7146a529
03a8ab7a
04bac441
6cb9f9af
e4b5ca4b
d44d7cac
8a0ac662
c21606f0
f652cf6b
9374c182
55ccb459
535a4f98
c86ae148
dfc02c79
1c49bef1
57c93dc0
34872c3a
284b9329
2b84e04d
6144b851
06c8a2e6
79583d36
440ad4e6
682c056b
1535c721
c4aca30c
26b72247
24c8ffc1
6da06239
08b55f77
75d05046
68a6b171
b0781557
0063fb7f
3a194a6c
8917c9f7
51c3898e
46b6172c
6801c395
7ef7cfab
ae0d6ce9
220cb328
3e1b645a
ca2a8488
4aa831db
7dbbdf98
2092abfd
37264b51
4c84b73f
fbc235c3
44af3fa3
a5511baf
7952d1ec
a9d948db
4939fd75
15be1521
55c0a7c9
26a299c8
45a73990
8b835fa7
5637818e
0da7aaee
eb886247
4df4444e
7656a1d1
f9556137
0b94a7c4
959db393
44dbb24c
73c7cf25
eb515cb8
75e058ec
cd2c20b2
352f08ae
c7dc2a6c
8cc15faa
fa9201f0
4c049190
9824a73f
e428e3a0
40883fd9
29fb24a6
98ba67d9
82828473
75d4ca2c
f1a559d7
6ae3492a
a17c018f
eb5662ff
6669a8f7
a0d2bd9b
495c2aef
5582ac96
8e5aedb1
7807769e
a07556fc
3a9c593c
9a7c6b77
d02686eb
4f1c19c1
71aec0de
c6f71410
33eb6d6c
cc7c02bd
54132a89
63198c57
7503e568
c3ffc1ca
5fb9a0c9
a3c74c93
21b41546
6d2228c7
6d600853
213c82bb
9c5a3d94
bd29b7d5
e81a6ed8
6c25529b
b24696d8
4ac96d79
a5c385b7
b63e90f5
f9c38e2b
42849597
a85e5aa6
33bc3e60
3d1687ad
1db9a744
c665b8b5
44aa9f73
f33c6ce2
b50547f4
0d84c910
074821d7
1c51b906
cb739026
b9980ce3
d659453b
b3037403
e7830920
208f6d00
5d0a92c2
62a38ad9
76bd9a07
5a56ba17
94211687
59436073
68903657
8eb0803d
2b883cd8
a11b4fcf
f8ce6773
aa99276a
83d666cf
ec182263
2cc622fb
a1389f9e
a21756f9
f0ad80e2
6f454907
d97348ea
26a2cccb
b2fb0e93
7448a7ca
59244ca2
121c832c
f81a29f0
61dcbfa7
0184466e
a36978d0
75c57dd1
98c9a73b
4e403bee
01130071
9e2b00cc
0850b1f7
e66b5469
a3296028
cab8d7c8
5a58c823
02d0ac6e
34118b73
f40ea4e4
0ac4ed41
656f4802
848136a7
08d285a6
4a1d5516
82237b03
68571db2
f1374030
9687ab52
22c5aacd
422a7c53
575213fa
ada52071
c29afb1b
63841220
7b6b2197
99703992
b9a20bfa
1a817e94
6090d4f8
55534bd3
25780bbf
f3300893
69e05ccc
7d6a2bbd
60325919
d95bab35
1d7b4455
562f5208
11172b81
164be09a
267c52ed
e1cf3574
1822e81b
b950d693
e1c42a18
11136b7b
c5992774
3cd72346
a6d70419
2a8da0ca
8bcf0d72
3d80c1ac
b8c36352
6650909c
0dd2c377
7441d9c2
46549445
c04a7792
6635f07e
1575a653
4ff6b8ac
eb5942d2
3a6a8259
21c5dcce
df72908d
c5d777e9
a7b32173
327cfba4
ecf02dd9
3a39e976
2a3f2bd0
fc1d48c0
8427fa10
ec26d2df
b58627a8
9826a22d
6b0ed8d6
c4a20bc2
0b60580a
f0cc01a5
76284404
9b27d3a5
e7c915df
9bbe55e3
1e2b7e4f
72b99205
785a1951
6cccbf10
a307d595
66093d70
b248dc47
0f75607b
152a4ff1
62026424
c3ba57e4
08cc4fdc
2fc66e8f
377ac7dd
7b8ba740
c5d44483
4a60fcd3
7090c181
ad811c00
764c7ca9
4bd71a48
1f842f86
393d2125
b01bc633
47db8967
c1195066
bc40a993
00699287
00a3d4da
ccb6323c
a7477c32
b82b99e0
4280742a
8f021a3d
d30850bb
0cc4ce02
3429466f
3d6453c4
e2742711
c3908ba3
79224a54
86f96b1a
b1122f03
7fa7e85c
36e11e24
6cb583b9
711a3625
866690e5
80e6e059
840ddc9d
741e8ff2
83b596ce
0eb1d2c9
a79f7eb0
17504caa
499771f3
f2bfb750
13cc92cc
cdb6ac9b
951cadba
913b3f72
5fcda331
bb3518b7
c513b0bc
2e63632f
09cb1cc2
bce54804
97c4225d
a8d89a8c
7c934fc6
0a126586
f82e6917
bfe03351
b98264a4
58063616
c1b463ba
593c0401
57029adb
bc264e26
ff50b905
abb8c5d6
51273eb9
bf7f19b7
2ba22851
5185aa3d
bc62caca
f43f76e0
2796bdc9
44614bf3
079a2029
cf8088b6
de1bfc9c
16c25cd1
70c26b72
a4085acf
29fc16e5
af998c08
33a8e2ee
4b6019a2
a794c164
bc6fe324
2abfa382
7c8a9849
b0aa83b0
87d3adc8
43c9ccba
76361cae
4c62bf10
9f550c80
6700967d
f1308aa9
8246cea4
7a0b8611
4c217b55
17735c8f
2b5e3cd8
ca5bae1b
b4009238
ce541470
ea2a1a43
100be679
d0c55ab8
ab127377
086b085b
297125ec
12995e58
1fc7b513
2925f3fd
d96b2ba3
ac88c84f
2b4f1484
4561aaa0
01b59c7d
a03b7c90
23903a7b
c563cb3f
5899ab4c
e2c54a65
3b98e49b
15a00c2e
56e338e9
69fb7b52
012e428d
13873779
bb34a731
9e84a833
0cdbc2aa
c3fa5f5b
eaaef92b
96074475
9c17f129
6a06763d
d3dbaa22
b87caf9b
7d5ae5b5
987dcbfb
7719774c
bfcefc9c
7c4f6bc5
85c2c129
055c6499
6cb1bc88
2deb8ec7
6688c241
34aeb994
411810c3
cac28b49
975e59a3
62e8d123
bc00597b
762f431b
6a90b944
4b4e7a97
e0a69fd7
c3a61ea7
3b2429f1
2cd9a008
33784ba0
c77f6477
e838b049
584b7a52
c05db18e
330cb803
1fa4217b
6d48345f
d6c58cd7
c470748b
a76450a4
e5b5bd92
5be537bf
7e00894d
7be779a4
3040db52
ae31f126
724d1a58
99f3876f
554a8d51
20387140
55f8605e
86802564
be77962e
a6e67ffe
363007bf
f1f05d90
d95d03da
2dd81bb4
422ff941
f85c879d
7fe2bcb3
1c05511a
9fa1a360
49e83de3
0f840991
6052b929
80b55716
47847c09
0102d412
7c18a060
f871af50
65e52bc3
00000048
00000002
0000002a
0000000b
0000009b
00000006
00000c60
00000000
00000000
00000000
00000000
00000000
f3401c27
27397342
4444538c
bb6ba05b
b5a09732
352cca6e
55bf3794
01842012
4b46c248
f0778231
79f15809
66d4fa3d
0714299a
cc168bc2
92b5cd4c
e33a1b8a
08a387d0
5630e293
75434c14
b6d79713
626bbc4f
db2b942e
7a747b2b
9382b133
1415dc00
d66212a5
5625ac59
83581c75
7a67a859
5e75ba2e
6a74ec5c
ab5a96b7
30a76ccc
7f5f347d
79eab147
cdc795c9
6c9895f0
023d10c9
2994881b
82a92ca1
b2c05d24
8261c5ca
eb6e36f6
559b6292
60d486ce
81bd15de
29c53585
a55af1b6
8266b813
f59b9c2c
699adc00
7fab7a0b
e7342bd4
9762c52a
a1bec83e
75565f81
a5b9a32a
7fbc2a2f
4635cc41
58483c40
c96b4586
1bf04f9a
37f3c4b7
cb4e32ea
a5c84601
c4f0daac
17bb74ce
04c33561
0d3a54b6
18bfa05b
2237009c
7b292020
8238766f
32646d5b
938bc896
c67a4cc9
391f25cb
504179c2
c51d91ce
526b82d7
a2749d8a
a7a61309
b7f5c1a3
345c5fc5
ea01d3ee
57c87e9a
0c889cbf
7e4dcb25
f01ec04c
62b5502e
993ad729
28b3af7c
995a06b1
490e78cc
e8be44f6
9fab5d10
3a915365
d92aa355
9b211112
b6500cee
a5d4a286
9f67bb3a
56892ac2
0c636aea
8805850f
53aab9b0
ab30b76c
3b913cc0
7d38d9c9
171d16db
425a9fa2
ecb7b565
d021c455
5dfce802
57926a49
e16aaf1b
99d6d6c9
d2318322
5cbf0ec2
275c5019
99614215
fb3345c2
68875004
554f45db
5a417683
b9518e9e
8605f5c7
296528f5
2e683464
5f36f658
e74072e9
3e657ea7
d63d62e9
a16d0e79
4010b06b
ca53b6d7
fbc0cccc
9165a171
4a89175b
81b14547
45b97a55
8b1050e5
30d8c313
075b057c
dd5263ea
25af7d42
98db9d04
7f6d9351
4c538959
c2f704c9
2b2fcaee
25c6a66b
6a63fb1f
a8423be8
fc45558c
abd22db9
a49f202f
63f18016
1634599a
c1a1b5f8
fc4f9749
1f028185
4ebfd667
ea566b6b
9d88fe8d
97b3a6b4
5c0969b3
b9b18247
a69fa3dc
765f96d6
475130ab
918786b1
1c6d4e05
6000ed83
ab03e700
c897009b
5278ac9b
8a5430c7
2058c161
52818dac
8a725cef
bce85084
5314ce59
589c3128
751632a5
7581a953
87ba37ce
c12645e8
8504632f
e75361cb
2adb9ab3
8438bcb8
714e3bcf
72ba7da5
75792671
8b5278d7
177a1f23
25a2efc5
7e186340
51a22896
52208c85
f11878e5
c83059f8
95373e58
4023c511
1719664a
2a55944b
5e912457
c1dd5a64
704a0b4a
bfa8b1f1
23fe7d1a
2a6a4a5e
154de690
24c0ae60
cc605104
15702945
d65fcb84
45687931
937b5132
a673485b
26b55fb5
cd5f61da
95784352
0a90ef47
8ca6a8b8
7190b29c
86cc4b36
531bd31f
285a9621
02694ccb
7c867751
10dc4a48
85a28302
d376f5da
b06a00c9
a543224b
afafe20e
33c640bc
8764a13f
da5bab7c
28c570b3
2a0ce9b6
53c3b970
9a5b4157
73441c09
e738aa5b
aa3575b7
35f1594f
6d0ceabb
38555a89
6aeb5791
90053b57
660013b4
2bc849cf
8424b350
26a6b387
a1d901bc
1f5ac591
9c47ade6
81143926
2e907b51
177fc308
c9025b00
ca158064
c2a38563
42b54085
575dab50
a8d453d4
5d16029e
0327cc57
2294bce8
2e135558
1f8d06c8
ac254368
846c1285
80a4203a
3cec0a8c
8431e162
a220e03c
9a77596b
12351b13
9895a1b6
a94f8988
6da2c33e
1e032881
a478bb63
353b529f
7eab5277
a56a9f36
c6f7b849
b7a567b5
44297828
43acbd5d
974f59e8
9789129a
29a59c31
de3d3721
22eb0e25
0367521d
1c63cbf0
a1862573
51d0f395
f24cd627
e55946e7
85b5017e
637ca785
50a86bd5
2a256976
012cbbf1
04788a3b
42173a99
044215db
78c72919
92a08660
66b865d1
40e51d18
b6fc577d
14a55cbd
36aa8b39
4bc18f59
3126c178
f28263e7
5873d024
b10f27fd
76458546
0dd323c5
2266c58e
70f41ad1
759b63ac
7322d161
24db3fba
99e5e30d
531df88f
97b822bb
70a55454
8442a04e
c11957f6
17a3f6cb
51c676bd
55ce6ad6
34b0e041
9f13c724
b3b6cf7b
b5e54e7e
4e8887ba
962067dc
9e1bc7c9
c8858046
99a74f16
64fbc529
4a834a88
98f384c5
592c0c22
15a040a4
a2ed0ed3
3a567a0a
3399ccb6
8a9fc814
898a641e
fa36485d
17ef336b
2fb14e6b
a22d1083
e0d240d8
4af0db4c
7a2279d5
259ec6e4
9cf9a404
0cb90a4a
3ccb072b
54b81227
9fae5a86
fb781d48
39366a73
f9a77743
a07569a9
b3ab89c1
2a46516f
71ca6182
9cd8ac5a
1a9c3941
5683ba6b
7b39204c
5113609c
557096e4
403ce28e
07bc4135
60e210d8
40fba846
cb09daeb
4022a027
105ab5a8
74564c1a
e74c7688
2487daa8
f4853150
3410a910
8fdc7c53
c8a38493
e5113733
716cc195
3c3a256f
64f3bdaa
25b321c5
5a497354
41d73666
11d3ce37
439eab86
c32f4348
b6216718
e052a52b
eba80a30
a18c2217
b93499c1
00ca7f80
5d20af7b
19c1e26f
1a34c006
cc105682
4c43202f
74b80b2a
827be003
9f761bb0
79423353
982708af
050abc2c
83c37a7c
6fb88f94
58862266
d87743e4
b6683e2f
cb27d3ad
979f4c05
30c22910
be658b03
69581187
38e78b2c
9826a2ec
cc921fd3
8c588e02
0b49e47e
483c8ddb
7b575634
8b135316
37981fab
968068a2
07a3221c
fcbd0bd3
61f3c23a
fa3ee0c4
b6a51481
17321388
271feb16
8ae21238
75365477
bebcfc06
6871a9a1
34b2cd71
5b3937a8
e4357b01
4d00323b
03a6c7d8
a28851d9
b4f84a7c
d65e179f
f833a4ac
87b5f44a
eca6475f
9c986c37
6979a086
7d8738d7
fcf03981
6d368305
37b0920e
b9757a32
a0574489
b758349f
fa59bd26
aae1572f
eb633c55
c51d7ad3
331bc1ae
5e15fb4b
d5c38678
b851e807
93aa5301
962553e1
242503be
de63584e
34c8028a
256224b3
5aa273d7
d10db049
67803090
a81ad985
c9df67e6
afb32234
21c1f011
660135d9
1bb2059d
e96e99ff
a4f993fb
3c819337
4bb5677d
c18d2723
29109488
f40dbc98
96edaee4
83a04f69
6452b4c8
f80045c5
be56e2c6
93b00b29
146474c6
c5c67a5c
7153876f
74c52d83
59b15901
2593cb8b
c47311f1
c19790bb
7db7262e
6a979b59
609111b8
ad8c189e
5ca1b633
6aa30c05
86615a32
f0548e23
72651601
bd5c253b
22dfaf36
1a1c4f41
4011620a
fb3faefa
c901435d
8e07182a
aab87417
0001cab4
81bd3b48
329a7ea4
af1c9715
d276a079
90870d38
2b48a82e
f30d20a9
4b3b944a
bdd7f7a3
0f8061b0
71f53c99
16d9a340
1158c62f
041d8fc0
cd677016
460e112e
23a00d22
51a7fd90
e1cb269c
20db869b
9b8bc966
1d64e4c9
d4997da1
bff1f6a7
efb1bb26
b84488a5
bd564e3e
584f25fa
480ecd23
511c6d08
7c7eec83
3a938c79
34f70f43
5a3ef5bd
33888488
39490a93
2e541272
137985f0
1968050a
d094da0c
993d65f4
5a739c03
492b97eb
67d3a081
c2097f98
8f49475d
c62a4b6c
0b3a52bd
3aa1627f
23129d45
16b9a0b2
7924e79a
e7261610
07e00536
399042aa
fac9cacb
5269e56d
d4b3dbfa
d20a17b3
4980bc98
ccbf3540
5919c98b
b1d3f71b
fc85a749
6c877628
44e9ffc1
14934cb0
f4e42ea2
9f279f12
a8856739
eb5c2072
9d757d97
4eb3694a
83b45f55
48b51422
36b4ca17
3b05b700
71b5505e
fc910843
fa307ea2
cb4a3d1a
25be9c9f
d7c85488
62518f76
cf6db2a7
b52307bb
8afad679
6b281cdc
24114209
23297f2f
2b1c0937
69a400f3
4f066c51
95251190
f14ec899
995857b4
743611e3
1b855629
c2407a10
514313b6
a11d685b
6b6ac28d
f068f48f
dc522da4
2fa70d22
dc86856e
38bd184a
0229f03a
cc501800
a424c580
cfdafb2d
498ef5cb
c8b8ace9
5554b895
179e94ff
646c48e1
38e9041e
7c925c4c
2a449e7c
62a98f17
f934079d
32d10db3
95883e3a
9b41fa8c
51fd5f51
0be7e903
e1bbf491
68db14ab
aa2cdd90
d6cabcae
356493cc
a3512d1f
721cf8df
8b91b4c2
9356a781
2965c24a
3a6ab241
7e7bc958
506a780c
662e7f1c
90f7444b
9bc11ca7
f30d0b71
7ac2d952
efb0d01d
80185d89
8bcbb51d
6c7b28f3
f19c0c9b
8f26d54a
6d547508
71441f14
b9c86937
96320107
e2ac1718
0ef33a9a
f499d7ae
1ad48844
303bd423
f543684c
3b02af32
9a674903
ac6b62b3
e5408aa5
7e5b2d47
bec5e7fe
3ad9a238
00058fcd
820dc354
02ce0c54
4fe5b4c5
14b5636c
a6a4396a
34f2db86
b013985f
e8df5ad3
8272a73c
2695898b
dcf07264
18d7ddb8
883b85ff
86b012c1
83b6732e
2c947139
fc2e9d62
b985d7cb
9e2f0134
e36d7f21
5d51f722
209007ec
e8a3c5f1
5569a637
3a47c001
2372c7a1
a877f705
57c27be0
fa56bae0
638466af
9103453a
a8fb0515
0165aeac
0c5fdc5a
dc4c3b1c
7a13fd6e
c39df2c2
6b9e8b84
9ee3db30
7b964110
46122c15
ce56291f
4a4acbd9
84e91812
3efb7a3e
0e66c613
1b429db2
6d1bb0b3
9c4eb330
c1482a40
6551f9cf
9458190d
b160ad89
317619c9
691d8624
5591c865
8f99b74a
79c3a558
09a75273
22f474c6
59ce90af
982155c9
5121f806
c2220bfd
74da25d5
3ba64744
14e7cde6
d491dbb7
a2a160fc
4f93148b
d6f6e995
cfab48c4
e8628c35
180b9042
404625b5
520c406e
f26d3620
ceb41c8a
bbc9af77
aad883ca
9d8c55cd
05c95cf8
de5bb8f7
ebb369df
00000049
00000002
0000002a
0000000c
0000009d
00000005
00000620
00000000
00000000
00000000
00000000
00000000
0ab77bbf
02fc407a
3b55365f
d256b915
a0d1a9f8
b4d3dd7c
cf75d655
78091e10
98f7ab24
f6173b97
06b45a72
080a3f84
356ee1e2
c84e42fa
61a1f7c2
c729f8a9
127b64a0
9934aaad
539b62de
7cbe7f49
6c3bbb24
9caba7c7
ab9969b4
8b002ea6
d1b51c93
6bc6cb44
78f1d087
5518c0f8
b6293560
1366ceb1
d934776e
5ae29297
5e537602
6072836c
fa560010
8ce79438
5b855667
8b018a22
4ee93ec5
4ecd14ea
1cf350d9
8d6aca90
6aa8f64e
79885622
8624e2aa
85193612
57d3a275
8da64d65
93bb9beb
a8d60917
12b83e9e
c72ce2ad
95f3766c
72621d2d
f29a0b20
a7785bf4
aaa65162
6577c3b3
d46a1c47
2c419724
6e0421cf
32457242
2e6ab273
435385a0
a74dace7
4739e193
8a6aa780
038c141b
18c50d9b
1172cb43
b9634c17
6cfb363c
86409088
a6b732b0
97e39f39
0111166d
c0495cd7
9656884b
6ab910b5
f7049cb7
b92c6403
3d01c095
aa46c458
1fc38935
4f67721c
f78891f8
052c3f6d
f2180327
178c5082
bf70876a
ca9872f1
01016ad6
cea3ecac
6ba1a39d
67c89b19
bfd4df3f
ec14c662
04b7c270
55ca6282
892cc4bc
24c7950b
89431e89
3445936e
e2a87fb8
2146b995
4805f4f0
f8f08de7
8321b609
7963b552
eaec1538
01fc020a
bf0b29e7
ebff9410
c729d07b
556a04c5
f8e19897
656967b8
777d293e
a6387361
5adacd32
2a2bd4a0
c1c258d9
5ab68e56
35129660
c25cac33
3e99b195
1dc23207
d77c1f51
75028a87
43a31235
10e9a568
44fa9fbf
51a574f7
7762c630
5f9795c3
1c74163d
72228865
02109d9f
ea575cac
f9fb1870
c2034f92
65a91c4b
a86cc57c
c7a2dc2e
0d6ab1e2
dbed76e3
b1864808
1f292403
375ba77a
0c3158ce
ec0300e9
27e93d38
6db4140e
975cd8fd
74f58de6
21b76896
906031cd
6c213842
57d1d938
e31892bb
63887a82
69f8c843
630d2976
f65e4f21
beb499b8
d5ad25fc
29b3ac16
47e20884
4225b2b8
1911c273
a0b4e9c2
bf0eb5c0
a3a792c8
03f68b21
dc09e2ab
daf64a85
11b6bf5b
a21d4486
4b29072b
299b9474
116e547c
c6e79a3a
83e38916
b853b5c7
f40ba648
ce47ecc3
90754c9b
3877519c
5104d46e
e7ba15f3
00d9aa1c
74a94e8f
f329d6b0
23dc8c64
b692700e
1a5a1af7
fce750b6
bfc2a205
2fb344ad
30a81ee1
c17ba2b1
7cc514a8
c74a1cc6
b9f7f34f
8a4bf9f3
f96d2318
7629676b
a42902c5
e4794121
7bb2ad03
8e2e72a6
78ddb81b
3ac3b113
4c10c134
f85b45e7
86c82141
ea0a0a62
2ab17969
076c864e
e2092c76
e4fb8051
2f484290
86bf4934
3ce00054
bcc7a712
bb11c0cd
903642e0
4b560468
b2ba11ed
475124c2
42c50158
4e27394f
09c03b07
9970477b
d0159420
24af8742
2cfc2842
212a2c68
a367a75a
70b71e9a
4ead3ab6
83fb61e1
535631bf
0d9bb524
784c126c
b372babf
bf32a1ed
71c3b36a
b4596962
e75c3161
27f9ca10
879a484a
903f4af9
0b2db1e3
661c5b38
fc82a3cd
81114e55
c9918ba9
cac523ce
20654111
6cc7a1a1
e576b521
4bc8a6a2
9ba35c66
0ba96496
cc439d42
c5a2de08
7a607b66
ab9807a0
53f7947c
20a266f9
a5ad7bc4
6c712fc7
4325972c
2c9197b6
acacde19
c23aa81d
cc69ca91
3da2ca80
2fc21c9d
f20963f7
cf454e65
400bd691
b7229642
a462a0a2
672cb080
15e4b6c8
7e49367c
be4cc095
6465bd51
045919c6
142a3b1c
b5d76e14
1b291057
0b05aa06
d9d86bf0
26388b87
a29cf219
d3728fcb
4153398e
ca3625f9
e4537838
26f69b42
0eb73154
332913f9
b7140080
c69e886c
98e42d50
303b2960
09ca7885
f49d9402
38c4bbad
db9b5077
6bd577e0
23575b76
cf285432
aae3c26a
05146b6e
8e6d9392
27117d60
4d39c95d
b6b85b57
a3e5572b
b6a345cf
4ec48b5e
65990906
1e73957f
d89b53d4
a16d6422
1bd57612
bf6d8002
badfbea2
6e545260
d47be688
3b36c735
137a6519
9bcea193
abcfb137
b1438760
2d225895
dba6a2d4
a6c6c651
4f7cc65d
221b8bcc
565c6e22
5f8d1b72
b1c58526
b84b393b
41c427e0
73ed07c6
5bd8190f
d4b897ef
9812b339
97133ea8
500e2bba
e0b510a1
6ce4c460
95175b4e
228187f4
2d38eba8
ca8dec0e
b5c74b49
12a2a60e
80cc21de
a178af46
c7bb2450
98631097
144a9fc7
1457fb4f
d2271215
e9bc3b10
27927463
632621a9
15d621b7
432a0e4e
0fc65058
267a7529
761b421f
326e6559
c1d67606
473c9e2a
5895c5ed
f230c540
75ab94b0
50930b00
2cf7d23b
1fb694d9
fb58a1e7
6b443beb
df32e7d7
c90f6073
4559ce88
0000004a
00000002
0000002a
0000000c
0000009e
00000005
00000620
00000000
00000000
00000000
00000000
00000000
a3809555
6a3b1c6a
4a28437c
ecbce5c5
29636b01
b5b259cb
dd637b03
2bd65274
1f3356ab
bdc767f4
c4d38991
81f28b58
3e8b18e7
284d91c8
a6907d04
305349f4
3554a063
8e42b991
cc1bb420
c4cf4821
b99bb671
d4b3d6ce
83645b28
6f3bb38b
6f6748dc
13cc8fe0
69d2a039
520e9c05
b8ca3985
9a18f614
9639a293
a2332641
75d5ff95
4b897904
2a705d0a
372c0030
8f0079b2
1bab99ba
14738f2a
2181f9b1
c38c1ceb
05d76f57
5648d7d9
c6063eab
7436218f
3c2c881a
83f290f6
4ca880b0
7f73bc05
4b93c5f8
4dac3f4c
f332816c
496bc3eb
c6b7149e
5eb4a278
81b3ba45
bf9c09af
eb3a57a1
981757f8
70aca31b
4e2521d7
720db519
a3a4962c
b846dad4
5b959822
1f61cbcf
fb60a980
f8ee96b0
36ca2c77
ce4e71a8
e9b5b2d4
b3e27946
6f30dbfa
805c2318
7b806c5d
7023d656
c03da11c
1d235848
c417b530
ab9f21bc
5911397c
e1acc061
b0600404
3a6a8b66
fa5dc416
65c17202
4886e504
409207a1
63f086d0
20b2a497
9a607c7f
009c02c1
8066751d
d94d31bf
407d11b4
8c0af62f
da0a0ba0
9b730ceb
a782e024
1d27c0b1
d81d3a45
c5b4c51e
4b7a70d2
f6077854
89a2607a
e0738c88
b361c089
b475c22c
85242a39
458f5d3c
7816c54b
3fb39950
eb810584
67dba2ad
2736d748
b9b8a858
0ad0c5b9
c0950230
a3a01179
9ad67f27
7f4c8733
81db4892
03b96051
253e26de
4ce0a8b6
a466ef6d
b0424478
38c94195
43910d8f
ff6418e1
f1bb4bf0
590bb574
710319fa
c8bb1244
1e6aa649
301d22e6
d5a3abe7
18261649
897e5ca2
829b8ceb
6c98f606
631eebff
31ee0979
a161b07f
1c7a6a1f
f6f803b5
834b6abe
c686a448
3647cd60
710a9d86
0524584a
73b69290
26087539
c5cd85ff
80a35e80
67087ebd
b81b395b
13742561
5334ce89
6fcfaa4e
e0da0bf1
8a6950c4
3250240c
f97a88a9
9219fc22
4d4c8095
0b577423
25094d95
a690146e
a613041c
9855e313
fe22756f
3ae7073c
1838cec2
17bb7456
c62201b9
6f816074
0803fb46
1b8f18d3
c5b3550a
6db1dc0f
5667033a
318a925b
a5b5ec3a
313899fb
3aa6ef5b
57b78611
64c08975
67369fc0
ba597b62
4a6da347
26b77240
572cc39d
dbc7a253
8ee25eb1
de57d9b5
c0f84780
357a8193
e469508a
3a27baa1
12827361
67824abb
44bf3243
10ea1883
b868a7da
557e653b
aa65f0c5
055ab314
ecd68cfc
1923c69a
1b376669
b3a31f52
b89ce203
f042c52c
90a22f33
6e3c0221
d2b10351
2681cdf4
57271e60
bc1db7e9
08a04343
3a528e85
c6434560
41d49230
a708d5c0
a288b757
58efc5d9
12b054aa
6c29f45b
d3f167b7
87e16654
83a43638
db7768f7
36e7cc87
e83e00d7
67b13a65
41c87165
26572b4a
52f5bbe2
b7fb6e4a
99432815
966040fc
847555b6
be12996e
76f935e2
a964f88d
b85f6c1d
01a381ac
55960d84
a021fa94
d7945073
6efb6299
671ee04e
a6a55c9c
b2d39e62
8a2a9916
22277a53
0936ba6c
f478e8cc
08b54f58
32f9ac44
3a6dd992
d486056b
a3733851
91883597
f3e94d21
9de4f59e
44cf7c21
521ab991
11d5168a
770838dd
e79fcfca
15312715
34b4e629
0a7c4d09
c9f93409
a2666460
b01ec160
755766cc
1798fa39
f171a686
720b49a6
a46238c8
38d74ae4
c8939202
64b70b1c
51e94e34
a812e650
849e57f9
66ed4e7c
1c3c321f
2e135956
94ac96a6
2221956e
0a6fc669
f5fc437c
35c85042
000d35fc
34e720e7
7e9aec73
af7f1094
61925b43
34b93891
cc35c75a
fa193879
6739c910
9a1652c3
80e5be52
4d776860
0f95a35c
07e2cd64
9ffc2273
c03cc378
0c065492
abeb0987
b57cb080
839a2680
2f44283c
bfbd38c7
e360b2db
87231b54
12153cb7
0a2c5e46
a8783cce
ed145450
c88f7e53
02e7beaa
b0b48bc3
c8028592
b2232c4f
6ac683d0
710b3bd9
cc80a57d
b17d501b
0a083914
82b4640c
02c79639
ccc45a2b
b08b223b
5fa4b16f
ebfb35b4
983b9e71
1fac2129
83a873f3
2d598e4e
60352be1
b179c8e0
20ec8c6b
e8bd0205
bcea2824
33815828
0c0051d0
71507336
2a4cef3f
06501b3c
6cc567e8
189b2252
ce119872
4418b6b1
2aaac9ac
ca690983
c10958d5
8f53372c
6d03d934
acaf4327
37182c36
bc5513fd
83264505
b239507d
844c70cc
7b67b964
11eab6c3
dd040b1c
6bdc8d4a
3570270c
21b7c752
101e1105
5fd551bb
c91b77ef
d7f30837
6319a918
91968b8c
6ae98ae5
711b525f
4da7e917
1a9eb265
2e75f089
ae048d54
6d8cee71
cd743443
08cffadb
4389c94f
0000004b
00000002
0000002a
0000000c
000000a0
00000005
00000620
00000000
00000000
00000000
00000000
00000000
eab4bd02
c4a86e98
c9855081
487393df
cbf96be8
0f91bba6
0160b72b
3ca92f4b
99062886
d02353af
68dec1d2
9b13119f
c4cc58dc
b1d57197
5f7cf1b2
eb6216dd
c43c660c
6ee25d93
85bddc64
2cd4bd5b
927cf3a9
605c5763
80a8ae08
41123138
221ff756
57d23d74
c414d5ba
c2a4f49d
70008e82
c2c10e13
ad136202
dacd9496
2fd88c30
5775430c
39071825
7d060825
4a043a3e
4a5b66b0
09a2af23
0c018a12
85d6918c
5fc677ba
d1469011
986c194a
5b132d88
783f3014
dae4b152
3d87faa8
1889d8d2
6b264169
afec4e74
e484eb47
6cc8697a
7912c716
dbb3b8dd
7b2ba5c7
aa068d2d
9259f6b4
36829de7
7e8a6c8c
057ff4df
b32c0de0
5326cb5d
7a1bf5fb
c6215769
6b2b608c
2ab5bb08
014813d7
1d22dd51
f629b1bb
ec2105d3
8ea9cabe
51707484
34fe6879
22ec22cb
a00ecb45
90a4b1f0
86eb0694
79ad9049
154e8848
aaf4f362
55003a82
a5db3238
2750e1b5
b4334118
92eaba46
c6c3cd16
6a1f4833
966302fb
c0662b5f
5680b11e
5787714c
1ac37320
599f9700
6c51b61b
3d37ee0c
43827811
e324804a
92d1d116
dcb18aef
07ad1310
228ce7a8
c284386a
37cab8a1
84e79924
9fcf10fa
2ac2a198
41eb472f
7a15b721
66dac2c0
61c90f35
f5927b36
4477ae7c
1105f743
3e79215c
cc5b36fb
9fd1b73d
dd9a1118
14006293
c39593a6
70a3731b
13b18596
1c7176b5
26135667
250f8487
a7f6bd41
e404070a
c3dcc2b4
3491dc3c
af506a58
64fb1020
41033d0a
968d0b1a
77d294e3
8cb5e733
bc841152
9245c78a
206259ba
d40ad0a1
59e44072
948b433c
6d3529ef
ea5e4165
4416c124
9926c7e5
a918571a
ce911ab2
17aa83cd
aa95942c
4598051b
da5015c8
e65a19cb
2ff325bb
8d92b72c
e33fb8c1
8cc70027
57412654
921c243b
6576e3ac
6946a822
f9c68d80
7c10984f
185cd13c
73e4af30
bf948500
e079c7d1
cbb97a01
4493d4ba
386cfcfc
19f1a5b9
c36c3156
8c763648
488c9da9
89e1cabd
56a593ab
cc303549
ac75874e
09b418e1
973c355c
3902ab02
8169e128
59321fe6
59566021
75345082
94a46475
595795b8
05b1a7dc
f3daaf93
247bda96
e57095fa
ebc2bd16
75d836bc
af247291
86f65940
cc1b513b
6869185b
22f128db
b1895141
aeb7f403
99873e00
13b74482
9cb1cb26
897e0134
a076262d
298a2618
a2297ea7
55067c69
a55a45e2
39498444
1f964e97
dd944920
157365e5
a220618c
d7561be6
70263966
7bc71d2a
d75789e1
6312a589
0ff65228
890722c6
86b29fca
59f9498e
0c2ec603
f57939a1
15b6da82
39067b04
9bddb02b
34d95565
c18be1e9
01ca7c98
827c91a0
b52960de
194a9993
a401b55b
fd89a63e
da3b838b
89b29d0f
6f84690c
d2845a62
a2477fc9
7457341e
8ac5c8dc
bd34aeb7
5c5938d8
d8df82f1
67fceb37
2f6fb9f4
04cec2b2
5f2be66f
261c29c4
86253fb6
01412906
d18855bc
7afc8234
11516488
5a19fcb9
e9fc158c
1b7bfd3a
7c983c17
9a872b28
9f935146
41afd283
603fbe3b
a09c2927
ec38889a
a10d7079
c7fc929e
bb9ad617
5ced5b77
9897bc19
e62ac3d6
73f49a27
795b6f35
91626794
33230ae0
42536c76
b2c7b2fb
0ba1c361
bf8a7c14
81478b76
41435c49
7bdaa499
ff2b8bc1
b78a26a1
2d97ce45
73a96552
d684bb5c
6c237b7b
86051332
999ca680
85d06c00
4b413500
660ba423
982a5470
ef645633
da003751
82ea486a
590f3790
bb68b874
a1b3a70a
837ba745
74ef1da0
57380434
b577b149
f2749425
81ab7783
f075201d
f12190e4
66b8d184
aa7ba9f3
a2547eea
ab53c392
294d978c
23ce2eb0
3a165b83
90b90c12
081013d8
bc186a5a
6b59696d
42110caa
8bc197b2
d4a1097b
818aa486
87c2b52e
2dad715b
a6f8bd4c
643c1c90
302747a8
dae763b9
a8699299
cc76b349
21e34769
6cb92683
b7bd75e1
a2b19ce7
9f43d80f
cd7a6c27
260e7cc4
70f2c86a
af9c34cb
022c5db0
2153cfbf
20333adc
e2006150
8fd57675
eb02020a
e000c82a
81fc1c80
80c60adc
ca25bfb3
405a3b9c
47a552b8
61379699
8e826390
6f0a6c1c
b0613bc7
10a9fb11
17ce4419
f64b509a
484943a5
0a0f8a62
80942735
14e987a2
debd9066
f5aa415a
a3518314
0037c5a7
76c40071
0cbb184c
b3c78084
33e81444
34147f25
ca963873
db3521a2
b3d2c724
5a3bd5ad
a5e40d11
91b583a8
254629e0
737c6537
2db94fa2
e635a76d
75725303
3c969982
c61fc9e1
1644c32e
8264cec0
bd965c49
add59882
73f9883d
115a008c
e6acab98
0000004c
00000002
0000002a
0000000c
000000a1
00000005
00000620
00000000
00000000
00000000
00000000
00000000
7ba63579
34d3ae16
2a932005
6607f50b
8743940b
8ba88da6
781a9260
64e9c20c
aee3eab0
84634287
a2dac671
7c384871
b716d58e
5c4d47eb
77c74f22
a90a03a6
1379c48b
76f2708b
9c128c3b
562875ec
92eca4a9
d3262438
377c4665
40c2ad54
b68bdb9a
60a8cd58
95807298
4e62aaf5
e7cc9e04
3c154f77
3d6fac08
ca4f04a3
36697c2f
e41547b2
78490e00
6a766d4d
4b9fab5e
225cc1a4
59ec584b
e91d7c5a
84791bc6
5ae1e002
597bb22d
c6ac4473
cf9a9267
58732991
299216e8
5964136c
bd9b2b4f
076dbbe0
2f4647c3
a780044a
a6a310a4
92c6913e
4ace83c3
f9deb1b0
11f71887
393d5c8a
a8bbb9e8
38623caa
7e904331
754cb01b
4a1b7396
26620cce
a70e458c
4688fb44
a85f0732
02babad8
3f2a53c5
9168aae6
b05d4d28
0c95aacc
169d4c56
1a5813d8
8f6be7b8
d1a20adb
407f0eb4
48340d56
557632bd
dac90276
b890e02d
2d80b83d
2b968db1
97c58c4e
5e5e3197
08966de2
19c672b8
cc54d41c
753228a2
0fc0f8a7
02282970
9b3b7cdb
c80c32bf
26ace6f3
b534cdc2
288b5a8b
d69034fc
127f0b63
62176d15
3361617d
7ca90d54
7fe613ad
a05a298e
43976a95
9a79cbad
1645505d
1ac9c813
1d20ad7f
3d28e164
19188aa1
5f232073
520a450f
3a150f40
0eeb3933
7a5b4cf1
6cf433f8
0a025c70
d39a7416
68612831
5a860bbb
06337484
89dbb783
a4f58827
e4adf621
93b07e54
54b48fc1
1b8268ae
e5799a43
22373f2a
b0014424
2226b8bc
baf6db31
f407c816
088a118c
c1aa558e
4a73d2af
4b279409
7b52a068
7e58d9c9
6ca70040
9c493a7f
5e0f9940
00337941
9b2bb242
2ebac46d
a7129501
9d666668
3b0584a2
8be627b7
88345368
0f76a821
d2a20a63
5bd5ab50
3c733585
0aff9852
7e956acd
5a70728c
68b86b6c
6773b2a7
114898a7
f95726cb
a255d394
d62124a4
eb388d28
8e821373
491022e9
8034c251
6e2a386f
a0b863e8
a5853be2
1271dab3
68a5bcbf
6affa667
1f962da1
9f2d1117
67a25464
1127168a
db26fa4e
12b799a1
04a6aa22
5926d053
f41c1aca
86112d53
fac5ec28
73c2482a
670aa847
211427ee
ca245cb0
3328c350
1830cc57
e7b2022c
0d715f70
bc065cda
041c7af5
26909d9e
c410f200
3491a025
b0d1053d
12369319
cbe358f8
c6d18a81
f4506cb9
909c53d1
0e25f698
0d7270a1
f14b1358
b2d18681
b55453dc
74523783
87e86e78
fd3945db
8bdb27b3
9a5819c6
65037995
78022441
3bc19ac5
003d5ac7
47ba9369
3fa9143e
0049eb5d
922205e2
5cbabe93
150d4020
78b5c504
056430c2
434de8fb
86c99a05
5ba02431
e793cacd
f8a322b5
18f2b400
2887c9bd
225c8e10
8b42b515
73584150
39b10527
83998f25
0d56cca6
da2c4381
c60206b3
c843aba1
89462612
6f2a348f
9b4f463b
03143a16
8473b250
bf501382
9b4332e5
4debc498
15ce52f8
42a2c6e8
2a5c5d2a
313772b4
9a074b79
44543316
c739532a
07072dc2
20604520
1eb74171
25fb4272
88c995ce
e823c2a4
f277b0c3
c3c7ce26
be04052c
182c1aa8
19080e7b
71387661
7b7cb565
b6f1229f
f9020bdc
f17a5429
0d395298
076fc8ff
2ae22665
8b74f1aa
d55c99d4
d856536b
5718c9c0
d8011380
c745ccbc
b89cb3b6
9e1db3fb
8cb12860
0c94791e
1d0d80ea
e816ca6a
206bc43c
9ebcc93b
a94b75a3
b5c448cd
1c355837
14a73b24
cae3b5be
5475fa71
9c804a29
65a1a445
942f7084
285a5248
a3c0bc66
24b07808
599273ba
71183c04
8748f2b3
8426a7a9
15c08338
658131ea
17fc06db
777aca30
9b98abfe
d3e8291a
00b72646
5a4f8b23
01c8bff6
3d64e6b8
f69fd3c8
75d047d7
81457797
c62a1bad
3b763d05
0d727515
f06c58b0
caf806a9
077a3830
09c6869b
93af2a61
c1919913
a5a02472
2363082b
b80c9ca8
3910441a
db0235b4
c28a9387
a6bcab17
529675b3
cc5b024d
c14e4336
f7eb1019
48770a51
14a2b57f
fc4e9770
a86ab1a0
dec51cb7
005fbf73
4d7807a6
4b4fd1f0
36a8c702
6ac078cc
da8865e7
b86b75f5
aab2d64d
0469f6ad
f30ab6e5
ac9b49b8
1c0b7791
55302691
89428165
3623381c
9a571777
90420fbb
d693398a
9155c69b
1cb17e82
c11dc710
d787cd5b
5eb234a1
309f4012
a025671a
6bba3b51
1f65f551
2a91c441
46abf44a
35256990
a0e19d04
4950dc0e
9b60fb90
02aea334
8205ff8b
5e6348b3
b88d36a1
0b6c379c
110104ce
905ab291
126c2469
af17c112
fd74e9a0
9bda5095
ad3d2035
ef46b185
221781fc
1e591acc
1f8d2bfa
0000004d
00000002
0000002a
0000000c
000000a2
00000005
00000620
00000000
00000000
00000000
00000000
00000000
ce8c0d02
ec793d2c
70846f39
4210fb6c
cada7a9a
505ad82a
ea58a239
58cfbee7
17f08452
eec1e6c0
17f78fa4
54e6063a
6c3c7a77
a4f90f06
2dd2b2b7
c37d4390
37af1599
7ada6039
34bb34c3
b9674f1a
3b011c89
ac2aa434
b6e51e94
09c5f8b0
41448345
a03335d6
3ec4efa8
5a21f4f9
93be6345
6368576d
19538bf2
13f22079
42938728
86c83543
64198fa2
be779b09
03a70a92
aac59550
3cf7b26d
6e0e24cb
23cb42b5
bae0f2c0
af93a44e
46bcc391
9a71eb79
19b158f0
909720e3
7480dfaf
4c989137
a9c3b187
22c1690e
9e198766
963c21f1
55c3af64
c50a8508
0c2c4c8b
6186c7ba
7d1e98cc
158d45f2
87f508a6
657dc17f
25c342b8
594b1896
9cbb1100
5970c3d3
693b249c
675eeade
4a8f466b
c6166474
c78415ce
3caa3fc8
4b02db31
34c307f9
b47437a0
c303fc88
a550e9e0
90572bcb
23c74655
e9715960
5675b46c
7556f700
07385b2e
35c27324
4eea357f
d30b1ce8
215bb1d5
197a109f
9f2aa71a
d3e7781b
3c0c8019
a91c23f2
a6b3b998
239089b7
04147ba6
968d914c
079b7131
eaae99ef
e23ba27a
7f17abcb
28ac927b
837966f4
9afa8060
03391597
86f282b7
39c56f87
2618f441
046507b6
1ef8a579
d6bc51f0
a5777405
c0487a66
b9303c9a
3ce05aa7
8feb4e8a
204ac283
17a86185
23ab3798
dbb1bac0
ea1c9bb4
773cb471
bc06a20b
2b693dc6
1e83223d
d9158a71
76087d32
7271c2bb
4d459878
6ce7c243
3f0cb1b8
b4cb3403
29b597fb
176647a7
6166812a
2347618c
7f4903b0
a45b3956
077e9b75
aa736741
ff16b3f0
42f489b8
38ec0469
013f871c
5ad579d8
89104e7f
542e3ce7
77fd0509
1d5b4c13
bda9a158
ab942f30
9d1234c0
89a3c567
c7ff4c03
74358550
e878c2d1
a80a23f4
9b38313f
399f3302
3585af4b
3134b1b5
948ff139
c1e99113
88297132
2278c727
4c9e1fe3
5ac5a320
a284e9dc
6978cc33
9f0c0d31
340030a0
63ab7a3c
340a366f
262c5594
258b4aa2
4e99666c
a93ee23c
e7ea3199
41d469b8
4561341a
1b5a8693
4969bd9a
d0bf1a91
99326e10
7ac0e1bb
04c74c99
61787289
a4c57ca5
dece2b41
9b389292
82343491
f30f811e
e907a782
c0376c50
731e8b28
249f9749
9e619b06
3222e154
b9f635b3
37701415
ec42d85b
e8517b85
3845a803
6a377ca4
938a0b27
10657caf
e1ce8bc4
d631ba12
02e84f32
c9654027
da27331c
238ad7a1
7f9c0c41
e6617338
1430eba3
e0b91237
d6a73662
ad230174
b8442879
1c3f5193
22926c88
b09f22bc
09386d5c
1a13312d
5a9c9402
a1839516
c3712f4b
e58791ee
37bf40e4
556aeea4
35cfb1dd
55bc4f5a
0c519a92
70b251f4
a8dd661b
78d3c740
1e46f6e9
52ab8925
61307955
5d600ccd
61a062d8
061b8126
977a7896
440ca1d7
c146c4a4
a00baa01
32bfa0bc
8d01856d
f505323e
b47c3107
1a4c45bd
6946a887
f007cfa5
15f90eb8
f4ab7451
d9c04769
14b59822
3c6bfc7c
e90a3fa0
b761591a
0a96c7cb
68f44966
1d1af644
268f8733
e1d81158
96c00720
9b22c01d
f62b38c2
c04a7f4c
6c2d34bd
433a36e8
4cf1f3c6
e08cd00f
0cdb452a
7662117e
80afe189
99f9ad01
b7d6829c
8b8a1af8
ba9592d3
4e797015
6544f8a0
b058ba21
c0247749
49a4868f
d4275ffa
a6aa842d
74c4aa5a
34743356
a20a8f80
369bf9d1
76500418
5e689a11
d4344618
a4af2e23
3ca9df30
745db097
36f5c0a3
c0c706cf
2cc2ca8a
c3040a73
a09bce72
5170682f
70e9a7f0
a3a42c71
8987eaf3
22660d38
08036eb7
4acce905
48388cb3
77f8af98
0accb9fc
c6c38681
474c8d04
b00d54e4
7772bf10
cf2a13b9
c005b3d4
9520757c
c5253608
4898621f
54ea6a44
9332fa89
689251d1
ac00abfb
815788bc
b5083075
eb7d8b4b
4ed6caa1
9c937c6f
a6c55d9a
cb9862ae
5baf29ab
76d30831
18d5355d
aa40d0f9
4601960c
594a0908
1c57a1a9
88afaa7c
c947c62d
6c9962b2
51dd69a2
25a63373
fe23e2b3
10aa64a7
0242e1a1
6d436929
bbaba6b6
02e0625e
1066f9df
35e3bb08
b159074d
95301716
fadba305
43c2e938
49cb9ba2
f05f64fb
30533ec6
fe301503
a7774e43
34d97661
b33ff48f
905497ea
3602cb37
f5c1f460
6463748a
18851d36
ba83495a
2484ac77
27704b2a
27498a2f
d1d9c605
5bd07745
8795248d
94f6b6d5
9e39aab7
0e069a03
106aaf25
3304c005
485b32f5
5aecc290
1cda0a22
be89b1e2
8bab4f06
a6b969a5
48f8ab36
32679924
4ab1947c
c691762c
f52628f4
8f536828
cb766a6e
69843c78
0000004e
00000002
0000002a
0000000c
000000a3
00000005
00000620
00000000
00000000
00000000
00000000
00000000
8964ed02
a52c6b60
57b37765
c159628e
29dccb4a
3d10df80
c00cd4d8
d04d85f5
93e8da35
8150ab17
ba6d7068
59b44c78
4322a238
530ba4e1
33944b9f
ebc7112e
03374025
00a667a9
ba70178d
92fb5abb
8fc21f28
ca7f53fb
237cb732
aaa3c3c3
ab92b7d2
6bb839c7
58f3a8ce
71b37698
05700fca
67a9c614
faa71b27
6607c32c
92f422b6
c8a9446c
b54bb0b3
cc33b871
9c301880
d7a157f2
59a8717b
d95f477e
372625b5
b2206f80
80a258ac
459c9a43
8242ec0e
e45a61e8
96f870f9
08d25f37
bd837ad4
31e789d9
1bd980b6
c287460e
56bcb9ea
c426c98d
f453f0f6
a801bd63
3eb87439
af1d80f9
944a816b
49a96dc9
5916b3ac
ab55a255
4cf21389
6d53d136
134d01cc
32177275
8fca9cb3
8c16a00c
18f2b0a0
1c5ee64f
72974c4c
4da8030a
bc8e0402
52b42812
49541922
22c62b57
a1330ab5
af6bac6b
2c11d93b
f016c807
bab4bb88
a29bc2f9
bcb103cc
2231be50
59c7dcce
e6d56a0b
39d27799
8029e6bc
6556772c
a03446c9
e3ace67d
f32c5663
a60c5b38
42087488
bb2f53e5
a4788f66
c0093620
04ab9b49
7ce3a4a1
ee6223d6
3ce58064
2bc74114
796758bf
b6b407f9
c30b8425
e523fcb0
454752eb
5208df0d
30a819a6
b2fc4f13
5f826c84
7486b394
094b52ac
5636dc0d
928d34ce
c7b15e5b
2f27e5a1
42aabb19
b8b46342
01518f0c
6707b27f
ab334464
94e2f045
4bcfe803
568f3d94
7e800b6c
d63ce37b
a99d1246
91d14771
cf24021e
12b4758c
022623b5
6a383bd7
01138680
800b3b46
6765c653
476e62c6
9b76c5ce
9e9bece6
25254291
3bebff3f
f52266c1
da67c6e1
9fb4ec9d
2a80f403
08a801d4
62b864c9
4763fcb7
0cd39942
2cd00187
356562aa
295b0a33
7578ba0e
550b3194
9198bcec
0f11f1ca
106d1319
c951ce98
a089755e
dbbd78f0
e0988652
7b1a728d
89bea899
ea96b1a5
a4fb7337
561d28bc
81e77a19
b6504002
09c81cb4
eb356243
bae14510
64197418
39afc664
34e9d135
cc07d587
d5368253
18e6ed45
bc09200f
643b2baa
bdaa180c
975ed62a
502d7de5
29f51e1b
b05720c1
d030642c
85e5e2c7
91636ae3
66ec9287
41ba3214
1e02546a
f2fd0087
41d0877f
67c2c930
5b9fbd3b
1edc918d
255bd660
62275a21
44c0d74e
d6bf2c83
98386121
4585196c
0506d6b6
da33cb23
22fae207
a71f230f
035ea331
1759ce9f
3779a306
73378b87
1e2c2868
ad6f489a
53781f1b
83ba8879
c026da1b
b6687e65
69ea9485
23cf3478
128dab52
73b04176
bc7af71d
5194c035
1618ac71
79115218
8b043110
4a978775
d91c6a40
5235817a
02c54b31
b3bda4d3
0a68741b
42b6d585
e28bd69b
42955c63
22940246
f365f31b
bcfc8e84
333b3c7d
a7956bcf
4912c686
0410c170
51b50292
53d298d0
3f4a207e
4d2aa098
65ca9d64
8cf7ef24
c72d78b4
ac4a9838
b99c75c0
2ab3b449
591b28a2
7f75850c
000ea9ba
fb9a78e3
1ba68369
35374647
e5472d5c
5a830fc9
009f7bd3
7665a84a
4e506d16
eda5c15a
21b7bef6
8ecb9774
6ca024df
31c094cc
132cd6ae
2f22e061
11ff15f5
2104a331
3f1fdca8
97bb4173
20394d5c
3384e32f
53424914
65b09d9e
bb9dec0e
407e0cc9
be6b0452
8057b4f9
104f0ebc
7492cf5f
60b7c583
e178aaa9
c1885f5a
3e060191
32711b77
afd34145
60881349
dcd051cb
65fb4594
49b79035
81819ab8
1610afad
6c80d010
d3b7127a
b9ea9d43
8ba3f548
651b6656
95f49932
b5aa0753
f8941d01
53d46211
74161053
2ced56e1
c34b0eb5
0953fa03
e5bd5288
31797b34
f31fabbd
aae086b0
75f37118
71918995
847b625c
4d8c9557
359538ce
aa870ff7
c2d7fc9b
ba91915c
a5344b1a
cb407b4d
5f2f6449
bc274a9a
5880aeb9
40c6b5c4
5c8eb098
54566035
c14be789
41a55222
89b49897
5f7a1b88
20ecc957
8bc9f314
e7220592
51e72841
9a225f7b
d11e999a
d11e4693
12833b7d
45bd8537
692e9e27
c0c9ce48
733dc6d2
43b0a7d6
22bcb8ba
08c19c34
e9d24364
29112789
e7451b2f
02d22e29
65e36010
2db486cc
b677bb11
220c748c
532ea394
4048a868
a360b5b7
1454b814
73ec0789
4fe73059
67779367
372a1f92
bd7bdac2
69874bf1
30ba4d56
9969312e
dc7e56e6
da5e5fb8
4fdc2109
ef6bd7f0
c16b3cb0
21c67918
0ac3c82e
0747abb1
c6982978
8315004b
50d8c209
5fe22d38
bf28d553
a03b08a2
5faa3014
2e2f17c0
7ae355da
7b21016f
8c513aaa
ca171493
5270b143
a56eeeae
31e6e9d1
940db64b
e294e08b
cb570869
0000004f
00000002
0000002a
0000000c
000000a4
00000005
00000620
00000000
00000000
00000000
00000000
00000000
59081d02
a33220f6
87410f2f
f713b747
9a0490e7
60a8cb4c
d06e50de
65e31d56
17478e1d
cccc0b1f
c3fb1619
a229c4cc
890f307d
c2a0b9e7
29b0ee5f
1d9f0255
31938bf8
89e52c44
8b7e0c31
bb9a9668
22303ece
57218742
9a40586c
a65c29cc
9d7d715d
d48674db
0c029443
22795adf
aba008f8
6d039959
4c1cea4a
b9719c4b
43745fc0
21b769ae
457ea5bc
cea3ca35
2bb3704e
3c630bb2
21ebe6b1
ad070bc2
329db660
b0a8bd4e
1d0361a5
5a1c1f45
078cca4d
2d577620
9a7b7bc2
723a2f4a
4023b0d5
308150b7
9d3c982f
887fa666
86b3a8c4
85f0b7a0
6a3335f1
acb71ccc
1622cfbe
6acb03ed
e1e56633
4d41fd74
2c47c251
249b1c2a
3c50a263
9ec289e3
f13cb2a9
93718d06
4c33dcad
c7c5b002
c3831ece
6a765784
d561c4eb
c7e3f891
0b4fd572
a94d0bd8
64d8443a
beb98494
e09b9b55
5cb46c60
f575b96d
9b68bd88
1a652494
6065e0e3
148d1c81
35aa4fad
469d0bf8
3b3b8188
2069fb87
ad70f121
28390945
26904a01
92be82d5
d9146a65
97c7c29b
2795cbc8
bcf80b04
83d35d72
889fd3a1
c8ca0a96
02947e10
7ccf373d
766d4429
1f460b23
180ff3c7
1b94a6f7
27290195
666f857b
902d86cb
c073fcb8
a3250a4b
230e35f3
8b6c499b
2bc866f5
34dab0c5
c785062f
8270a49c
2c026142
06467970
133aacbe
a8c4b8da
1f104c9d
42866743
49071836
784874c0
408cb22b
92322de8
757bb6ad
fa59968f
700a0661
bbda7579
be6993fd
050dad1b
ade38d90
1c75399b
522a0fd9
bc930207
5546a968
c7db2740
88e80d62
949379c7
61b37973
6a47ed30
728f3827
50ef2518
19c940c6
7460336b
6a92c748
66429cc4
9b14f96a
560c9ee2
4e9a2480
4e30599d
2c704338
31e42598
1902709b
fbf3aa8b
484a6454
2390cab2
f8cab5a9
cca33396
37bab8ad
f11fc645
7e16ed13
66cca1b5
0c8a9837
0ce98b44
454c8b12
d1b71736
560cae98
84cc4526
bcb0ce6a
6cecf415
1cac51fa
21bb00a8
cb67a9b9
b84b50fa
32871aa6
6129f632
9f5c28fe
a078712a
54d9b777
f26237db
b11e19c6
87f808c2
69723cd1
d0026a8a
79dcbe50
438b955d
15d05bea
382833a2
865a3077
7058c820
5662f56f
15947b58
a65b8500
9e12c5a3
19cd9ba6
162f796a
b9666e03
7f5b5633
d7d2617a
79a8cdcf
30084782
44944606
7812d36f
b3cba0d5
1878aa88
af730b37
e01a3a5a
2a11b0ac
26f966bd
ec3f761d
5a93384a
bba25118
145d8cdb
4a23c553
7777c156
e270974f
29d39265
90a792cb
2e40e08d
41f5b2c9
8bcbbd03
94b24636
d16667f2
2690b7c0
4394f42c
465a81c0
8427c352
89887217
fa315cb4
54c95320
3ccec123
10f54771
0fd8a202
fe7cdcdb
c23577a7
7fb48761
a89d0047
85806a94
607cbc96
486ef59e
a3ad9938
aff63fc7
165b7704
66fd13d2
8b002c5d
8c12fa05
bc6c6335
1cba00cd
25402189
f4755bdb
a8c1a5bb
b78fe003
c84b7807
bcb64007
db612ca7
77f6b75c
1ce99e27
a3abd223
d6c72fe1
02e1ddb6
b698b09a
30fdb3e1
80ab3850
db95525c
c03ec8f7
56e30d89
948a5445
a5b645b6
4eb9dfcc
0ea811f3
b60e9eb5
adcb7f1e
813c5660
414b81b6
968ac79e
c77208c0
623670b7
7da5e045
cbb1a29c
c7867290
76a4ee15
b737e4d0
052611f2
7d688202
0425b4ed
b1fc7382
a8eb5a5c
a4b42438
7a2801ac
6ec57506
6f6f857a
67088895
b109d782
9c759969
6a6e0555
1b50f3b7
d1727271
6078bb6b
b5c49c0f
2e650a44
9aef9ab2
4ac44e37
b1849b2a
693f0ee9
ca39153c
7b8e07c8
38231b67
7292db60
21b9ea70
e5f45a5a
6de07367
8507796f
77b315a1
b0f71029
f8c842dd
c7209d13
2ed6cf0d
8c2d6bbb
9774bc85
9a504e41
3c6e2560
aa913fa7
657bfe4e
71417ac6
a96d0cfb
77f2ef82
db44b100
d4ab8f12
76f0da66
5613879f
e4223021
bb574721
409953a2
c499ce4a
710b1f7e
a83ef684
34476a31
bfe5d080
5f0d7010
59e929b3
720a83cd
4f6e01cb
ec33cc75
47d71868
f636db7a
a0d12851
18d90d6a
3a4c0867
b16425a0
65f2407e
880c8635
6ce5b672
2961863e
10b465b5
c577bfe6
33b2b68a
e5cd10c7
8a861467
850b867b
c0203bac
14274e04
98e54c69
db94870a
a67c49f8
2013b5be
286b443e
7582571c
70f350c5
9dc9fcbc
6b40b3ea
02955ac9
502e1120
dc4471d0
45dcb598
8ac50349
5ce6a3a3
21ba3fc8
cc9af5bc
18401c81
0ab8e78d
bd18e575
8c367b7a
94a71925
1f5199ff
dbec44f8
88b41cc2
dc947e8f
82c09e4c
b36a37a2
e3ac31c1
4e45cac3
00000050
00000002
0000002a
0000000c
000000a5
00000005
00000620
00000000
00000000
00000000
00000000
00000000
8d686bea
a2e00759
ca679ca7
7812770c
30257195
5c0666ca
a7b088b4
c79d0401
3078d7a8
89bdb07c
24955329
97c703af
b0b26525
12e3cbbb
036b81bf
7c2a02d3
83a27e09
87790219
f97e132e
3a373ffa
6435f766
fa837aaf
d6dd7ae3
40c6b05f
537188db
88324a78
cdc26b5b
3b2f09bb
59332467
ba683d61
728712cf
6823bee6
9e21b8a7
60b1c548
b1e5b98c
2cb5ad38
9d90263c
ca4e4444
b6d61e15
2186b99b
ec26ab71
9447b6b9
85519226
3c861429
712a2d1c
d50cd7ea
88ebb611
7ab95791
b87ba10f
da8e1b84
21dc9fb5
cf283a10
855c846a
0e6ba3a0
48813b89
98a65359
176387b5
740d5c5c
d53f654a
c2b0ba47
34907abe
e40131cb
ada26117
2b2e368f
114e4424
6ad4d2a1
4f83a625
1985052b
b6b71f6e
6658d00c
6130bc58
36bbe845
390a1667
d49e8df2
36580464
d8108753
498a2b25
8d472fcb
0f184b9b
a04f96a3
254b5f5b
c76f6356
fcd585c9
2c79a756
cb2678b5
05abce51
a7633fa0
ffcfeca7
9d007b14
55c783c2
ce3e3af0
fa25c617
4f035b32
44257150
f3886fb7
40068492
9b26d8fc
40f83663
67e4ddc4
b4c8224d
7b96b45b
421c35a7
df5ab141
2ad8add1
1494c504
7b16f603
e43e8725
9c95c404
db6858f6
d0f11a43
7f04e201
bfb4c11f
193f5321
2ba1e44e
6c4176cd
d06bb1f3
ceb09ac5
457da694
12d534ab
b1dc0c3a
95b15bb4
c740b2a7
6583ea36
efa097d8
43491004
04a90140
9b155662
d86fa63a
90b8edb6
7356829e
1293ad01
85b03b0b
9e2faba8
63c954c6
251174c0
aecbc154
3c6c7cb9
1308b484
9472d051
66967a08
c992b61e
e67631fa
2c088236
31a79e43
e5280362
6c1a4aba
7b7b95b9
46ab35b3
412bac24
a67a248e
8e56ba64
23d31347
cc33f705
696bf30d
94654720
190169ac
6f42b1a9
9042c020
2769a7a9
e084aa4e
9967aa96
02557088
cc88eaaa
59cd1487
4907e6bd
fa6e6a71
98721c96
512c24a0
122857a1
914b0aa3
52166791
120dd72a
f998355c
61818d96
a607eb63
9cf2458a
9880942c
04884c04
3b223654
cf00de00
0a454328
cb2c0088
1b378767
2097a33b
fac74059
7b98605b
6e664b6e
a697714c
9f474162
a16a4c51
79ba6c04
9340660a
358a5a13
07b340e9
8732b005
8228225d
65bb61b4
66b47837
9fcfe8c1
11364e11
71c5d7a3
c2458051
b5c047a2
7e344c4f
3ca614f7
9cc32374
84699d84
81cc8c2b
60051e45
8fba6029
af743491
60067202
b3c578b6
52432957
600b3ac8
9ecbbc89
37c504f7
5cf74f65
0301e666
11c591fc
49293f07
87349b93
d9c17cb3
b3c4807c
964ac097
63ab80cc
40dbaad4
5a41f2cf
24c452b0
fc13472c
5e818113
3d9726d1
02dab76c
05c2db66
a96984f4
da9fb0d7
3a262a0f
f388c5a5
04ef584b
c6e17e91
38931474
d05f125c
3f31bc44
2a7f8337
3c5aaab1
0e3256ad
8f2c7a6c
7136cad9
5a56fc7f
0cb5535a
ab060b86
c2f7116a
970d62d0
67a221e8
904b70a4
50acfc3a
8b5b630b
2514ddba
651a041d
2b8d9505
2ee82470
6c02e8a8
3cf1bf48
9fd307be
80b592dc
d7a465c7
65367c3c
b33bd4b6
1cc3a08b
8a3a4597
b2493a9b
c6402ef4
9e2c2007
b02aa96f
158ead20
1a4c641e
50491958
b62c9adb
7c420aa1
51262827
795cac74
3ad75927
7d25c6ac
9ce98113
b3d1ba05
20884b81
a1dfba8c
0c2b4836
95244617
0a739e16
8c5a81a3
93cc96de
c5edc7d7
c7d0c319
146d66a6
1cdf76db
1da57d57
fb4f67ad
956093a1
2d4ce034
785e70f4
86dd0ef0
2c61c87f
63701027
eb092410
4d32ff3c
665fc4a7
f0fbb009
82e7d301
4eb68a19
db4f76a6
b9dc1ecf
ebc2f19e
e381a6a9
577b888b
d819ebf5
aae22846
23c42176
aab5cccf
48047792
9acb9780
536d12a6
32232b00
b4a13d2d
6d3a1295
b5d0a43c
11418a62
051d5c8d
43695159
a6f441bf
72903611
3278425a
10896210
0974f728
38a6c1b9
0cb97e41
ad483311
ec13c237
5b3bfa07
3d36316b
57b86a11
0c97c0a2
653a31b4
b6c45f68
7bd5b045
c41e603b
b56f2539
a151cd5c
7e4419f5
067ba813
6af3ec20
b98f1c97
57e43566
a811250c
28969629
09a75c95
3838965e
ff2079fa
115a2628
8080594e
370fe9fb
1ce6b013
2c28f7c4
b36ec2e2
b442b73a
3c14874d
5acaa94c
a01e4fc3
378b5837
edb9c875
1ae9a5d2
1ed8912e
7226ba7b
76ab84cb
b0a76157
709ec894
9268a7f8
0f3a68ba
e411e845
c32f6868
1c12d01f
4caba5e7
65248e6a
8a22c661
88c3b1db
fe6e3a4b
b6031113
272731a3
db4ad6f8
093427ed
76643cc6
837696b1
00000051
00000003
0000002a
00000003
00000033
00000002
00000620
00000020
00000000
00000620
00000020
00000000
629388e4
25298bb0
cbb5f08d
c56703b0
c29b2ca6
ac05c640
9a5ed82a
11a5078c
62639b0d
225cbaca
2cbf4ee0
04ebf4ce
30ce882d
9051b98c
11c79b80
bf2b19b9
44eea011
c8e5780a
563a3465
9461bce0
b8018807
ff7c9910
b9557853
b0b1893e
56183bef
823f47a8
2869f123
fe7333e0
e8b91406
b59a9a3b
085b965e
7bcac161
c124af49
3914516c
e1f04ad2
202b2205
022f7bc5
c543b470
26f4dbc1
f52983c4
0c195c84
8e747e09
9517c8d4
c24c2d5a
0b875b68
f555755e
a2522e97
2100e978
33671428
ed0000b7
b642520f
7e3f0c08
bbbe4e82
0ab36403
f08b13fc
3befa950
4761beca
be1bd469
14452866
25a2f1b1
9f42951b
16c620e6
547afb31
b412e99e
242e7f8c
85c43693
e3b2d7f3
9b695b4c
4184a35f
529be78c
80545475
3e11892d
b7a7c2be
14a6bfb2
5775c253
e08bc03c
f775b714
3b3add1d
1bb8b8e2
484cb4e8
8dc9cd4f
475771c9
d1641089
20661720
3a4102d6
c1808aab
9872de38
ad12da10
b0a83c79
3c614a23
b9246a9c
c4a44c26
946460b7
a560cc6b
ba8b2ed3
54a9b335
1729f77d
c2f09684
0c00e117
628c99b1
b9c22139
2b271857
525d93b6
6a5cc547
0754dbba
4494c0f1
7778bd67
5f91b1a4
a67d5144
a8434220
3ecccb8d
df115b91
c77e4991
78d9df06
b957bc2c
f8e05d8c
5b744793
3a947a25
44288e95
b0702850
60b4a478
29c589c8
1d43d367
250e353a
e7bc5cc2
be45758b
2382a895
1af1bb15
80142194
3d9b0bca
1a979d85
598a696a
772c207c
8251534c
c1e8b993
248bdcc2
0ac148c2
cdd37c2a
dd4ba7ba
b38f5a03
cd56ed74
ce81d537
1427ae8c
c33608bd
53266c40
7c3a4e17
0269ab58
f317cad4
6c6b41fa
9be4e21b
7203d1ea
561a8645
06f7239b
14000108
2bbe8c64
7485310e
09bc903a
089e3f30
b590afb9
fabc2a50
8b67a362
3978641b
006129b6
e19b8bbb
58c6ba26
501442c9
2630568a
81eccf43
9cb90548
5ccaae96
0621b63f
b5a050b7
60f40a56
32d2faaf
75148771
a1af2a11
b4bc0987
46c7e050
ea1ea0e7
2432b017
e949a566
34455617
9b3ae651
28ad6081
55eb5a53
7a93967e
6cb6b748
c77d1052
d006f841
0c0a1370
99bcbc15
01285e91
51718c89
6ae25346
00811ecc
81b91920
3c664aa5
862b6eac
ba6bf1b9
098712d6
c769b453
3f2c97b3
102d9ae9
2c34aa36
cd124996
cb9a12db
8ef2c981
6504b063
319dbb06
b458c693
7688c566
14352bb0
6300adb4
95af48b5
b6bdc1d0
86b3ee62
699513ee
a4a60a42
7a44b515
06200a49
ec763eb1
2c236563
c9a082d9
c1520be4
4a1a04a6
2d125904
590dabf7
ca831010
527bc73c
c3ca0aa8
2fa2e3b3
42531a9a
f55e3774
acf9447d
33497a75
1990a09b
6ed523b5
27a17a9d
73944523
0a3b2dc2
fe02123d
135f47c6
c3818e74
0605a43d
f79f3578
896b06b6
a95c9410
aa351e2a
4d39a876
5390e722
cab02ddb
2a47961f
a60a7a35
7addbb36
3b923638
f270a4a7
55f31d91
8c331205
17520c1f
e016745b
b0693a71
9630b5f2
aae68931
62aa4b92
f71bf502
83c59d9c
321c9a92
29b0f7dc
941983a1
bb21b090
20bcf8b7
2a01270b
1cdb2e9a
c6389811
768ac9f0
6286c9c4
bf4a1b02
d4e65b54
8e80e6c1
48194875
f86679f5
136aed44
13ac3b3e
4cdf75c8
397bf220
ce4b1346
0b751226
444b3c2e
1ecda23f
f7bb48f7
53871c83
cdbf563d
6007139c
2dca8d4d
f759d74a
8c7f12c6
0f58a297
cd5a1a3c
44260b5c
53473225
796af8cd
9bc524a9
02832108
1a3a3a1a
7b57407a
5ce98b59
c5602106
3a3a9846
3620568c
8947627c
a48fba53
29435648
e7202b2e
166c6cba
cc0035ab
903d0aa7
b57933e2
3f1c1822
42019caa
86182988
8b24e627
44af4966
84e9bf5c
c0d71944
b00b30d5
0a460de7
2f62ba8f
f2b237f6
da81a0a1
b9e7cd7c
273d4bb6
3c779dd0
10349b69
207b5cbe
f0833a84
2600a71e
9a7b1686
6bc785b8
7bca2e11
99565c16
a8d97959
5fea8ece
5bc69a54
b93bc941
5ee47462
f0a61304
a6245c3c
c7ece2a6
c0c503e3
4571a2e7
a764267b
558ec451
27847a69
38ca4543
c24a91e1
e0576c31
3410083b
0babe720
a3d28117
54480a70
c57e9550
b44d4906
9134d51a
ae5d4392
f4b62857
3426ab3f
f7a11b84
40f10351
2f033117
a1287bb5
80fc8daa
b337bc77
ff7cbc81
7c322668
50f2f504
c25150bb
04c43d81
1bccad47
61a2b846
e314b168
3c27d933
e5675144
991f3e14
8d15f6b2
177d08a5
51605727
3b1d35c9
26d65994
dc133db3
c350dd76
08d4b3fb
748872e0
6c90b88f
19d8c416
54c2590f
37a5eab1
e8716ad4
acabf264
797bc85c
62a70c42
00000052
00000003
0000002a
00000003
00000034
00000002
00000620
00000020
00000000
00000620
00000020
00000000
db042254
99efb357
5e50e38a
492eb598
a7d8c027
cdd75e9c
5d93a89d
7cdd77e9
7ce02452
c1517a5b
02304874
80142b65
329b09c1
55e6b071
bc105d49
3f5c6354
0b7e5d4c
66294dc1
f081057e
60941db7
54733744
4fc0909b
e4680471
85443c57
387ae1ac
a9a7afc1
14279e80
6c4f1453
c9233e17
2b85a413
d69fb494
e1242857
7606c365
248cb036
7bff730b
9a5821bd
ff4c91a6
d22832f8
5e8a6f73
9e4f3b55
5a105642
bf5a1bb5
7d6445bd
78412f78
ca365c52
56563524
7b991cbb
381a221d
425df331
92e2c7d9
6e13249d
ba806a01
ccf374fc
11fa1859
e97626a8
fc71c1bb
55758db4
4a9789bf
32e2bee0
2ca30d2e
135afbdf
67b6703a
76e5d40b
9bb31cd3
879810c5
9c959abb
106cb16d
b300666b
5ec03115
63c4ccca
40dc2da3
a1192ca9
649ea936
2cd07442
9b565e6d
cd4208a4
c24855e1
3b96dc8f
4bc799d6
2881abf9
bba1db05
4346e7b5
45d49b53
8e230730
9c8258b5
a9324da3
3c7ad0b5
e4c93a3e
c27728f4
b461bbc6
ccc481a7
8cbe0fe5
954c90b3
aa8f91e3
76f52cf7
02273f32
384d392b
43561c30
37bbe109
00b40b2c
85105f4d
3a668e6c
4eb5f5ac
e1130e86
2f6c1152
99aa215f
539b3650
510b7643
e25da385
8ad66ad5
9dab3459
bb628c79
e7080b7a
21119f64
40727c84
024146d9
583c3f47
3545bbc2
412cbb56
c17aa048
b0ae058a
1c686c96
af02269a
139a932f
2022cd49
8bf37b48
4faa4786
42ce8376
bb46ab6a
aba4f5a4
e862420a
6bcb0507
e1664022
4a0c97f6
55505264
de1fb82b
90709a96
7882ba8f
56135b7c
61c00d7c
35c1bcc9
c23d18e6
e30a107b
20784cc4
a91a523e
9664994a
1869aa11
6ebf4941
778fbea5
cb594595
c10e0bf8
9abeb042
15001dc8
512b96bd
a5634496
1f3b4572
507521c0
2830b036
70195e2c
080023d9
32baa566
90b3bca1
5c411c92
5baa09e6
1a9a0e1a
bf7c2b59
e8613ed9
5a69b6a9
d522f28d
caa6160a
16382944
5e033255
e9b301a1
a833c45c
b5c2113f
da4a8201
33f77363
4447123a
c072b748
b0788aa7
de161787
515c456b
35ac9a49
da313474
647e17e5
168bcd26
66c327db
09017cd9
cde72d21
6c3a968b
8ce78265
31a862af
6aa98c0e
a7210db3
7401078b
4d27f3c0
ba118b82
a448106d
6a6d64e6
a52b8eb5
6a4cc549
070551d6
07161165
3d63bb70
2f6b3869
c0a20853
5f9937ca
b203cc60
94abc16c
a303fa48
ada4124b
0ae35634
9d938d7b
bb88a11a
30cc0c08
4205d2ce
ef6cac22
36dc8e01
2e2690ac
92092bd7
459b562c
4ea9f804
ea2f5507
204d8af1
76dae582
ec6ae6cb
28a30e4a
84818c91
b38f734e
624dc1f0
bc11e2a0
615984b6
f38e8237
b3547d2a
7381c544
99d2ad79
19457635
d756d758
b9e78fe2
03e8a1ca
9fb6629b
c0e1800a
9dd79ba9
3b9724e5
79e6160b
b441cbc8
d63b051d
03e2acb1
03c8c593
0878e62a
5442c3f1
176ce21b
cf9bb3f3
02035158
7e54172d
8258bcf0
36634de2
4153cd72
7554b27c
4b2e5149
c3b59eb2
d86d4650
779e26c6
77a2e19a
5cab0266
50f8439b
8cec3d16
3943c4d9
59db99dc
9bb34053
4d784902
26a506f0
8ae83891
4162155b
a1112073
8a649075
602a9967
0a9d7ef4
7011e406
6eb790d9
d587771c
ce801165
b384fccb
67d3609b
753be9c7
aa8be6f9
52c86cf7
4c7b6a53
42310abf
57b12f10
41f3f58e
f49cc1fe
8a7f1cec
183a2925
612f6903
175625c8
af847771
c9a08030
20f2ba9c
32e82f38
7a25f341
3b186120
34412397
737d8912
6b456f36
8096820a
994ffb54
5b1b4c46
677bdd1d
9f7dc0c5
73553f18
4be7c779
6d1cb7e1
d45c1728
58fa1da7
efcc94c4
522ecb34
ae60437c
e72f0490
68c4cf04
64a8b53d
f4b231db
3c7a516b
b1379178
382feb46
71a0c3cb
bda8bd67
3b3d085f
326a7e11
16566401
8d2b7196
3c4329f6
4425306a
5d5a555d
69564611
3c5350a3
90916335
111477b0
9505f62e
d79f5282
f50ca271
96297aa7
905981b3
d4e89b9c
3942c006
1bafa224
1abe68a6
0b23d6a9
48463ae2
913f0aea
c131794d
b30eb67e
f3750e39
c7d34f44
b99a276b
a955a25a
77e16c28
5971b31a
347c5627
0869cccc
36940805
e9852234
14a77a49
c78dd1b4
47be5614
ca9211c8
621d7bb6
75cc6ce5
97eb156b
9b7d8970
b25522fa
b8227a5a
bb752466
92a38e89
a1a7cdcd
e537a751
75b48366
3cc3e051
611933f1
e8bd7a31
7749ec4b
1a4ff8d6
b9fd0dba
a6f3e212
1230c522
67f26463
ad5de8fc
bf16e15e
c6abeebc
6099548e
10ad03d6
3b189703
ac06a746
ce15c7ec
3e90869f
c1ef7b6a
2c31750c
b495686c
f3dae4ca
394e2aa1
00000053
00000003
0000002a
00000003
00000035
00000002
00000620
00000020
00000000
00000620
00000020
00000000
ef50bc86
d498a734
66d02368
3a13c4e7
aa6a7692
a1d1587f
0ca7399c
549ac08b
4711d117
03b90a4a
1640cfab
8ed27749
39c690f7
28716b74
7ed73c25
9e9ab763
114d88d3
0fa60a71
371ce677
f75d440c
7eb2283f
b02728a6
1a5c8068
6b375419
9a30f9b2
07907119
9173b309
ed3390a9
77d7668a
bcab8173
f8240cd5
e3ddb6ea
5d53e606
b072cbc5
a40a5533
594a8cac
5eaa74a5
8bd13856
46d1aa5c
0087d3e1
dc7e32b6
ab4b6ac4
9eabd1dd
9691cb88
c820c771
df1155d8
73b546fb
a8085353
bfcf4294
27f081e4
3b45055e
472b8932
e8b73779
a96ab9a4
15a446fe
1802c99b
b0646a55
4d305016
b40d6400
cc65c78b
6b3f4a71
c5a444d4
53fc2a69
672ea40d
9a769f64
95e4b6a3
1e5a32c0
d8e5667c
8d5417b7
db5b1780
920a67c1
b0f02092
63b19c7a
c570cac6
2fe33f3e
65c273d8
74b39da1
0131c6c1
e927ba4f
3c46b208
62f7a489
315776b9
2c7c1d86
59198ca5
54ba6975
21995906
1ea0379d
745df796
45d14dea
1fa35607
c0468359
37f29587
be593627
7fa8a985
13555379
01ea9da9
a01db10e
8a4ccf56
59a4058c
bb373b7a
a5176374
b9892638
2722dcb4
9520097a
5c2b807d
5031b07c
e8718ad3
a3f5075f
d1c48a59
67ee41c0
c7e23234
f94f7946
623574c3
b0e40c4c
6e3e9a37
94404fe5
7d2aa95c
283fa0e4
87ea7d2c
56b15546
923a6138
535864e7
3d47fa4a
29cf4919
560c715b
ccd4dc93
8f02623e
b28d0398
02657d17
8895bcc0
f0cc78b1
5ca1a17e
7310d43c
64eaaa58
b316e972
a37451a5
b0767343
bad60f7a
7d945736
50462bfa
1ee90797
0b48c53f
d88d7f41
25fa4c47
bd70b71a
c7ef417c
7e24e902
800fd979
891082d8
8f06b45b
b08d6536
ec1319f1
c71ad152
5412e617
8ad8b080
24e5b837
a598d60c
90813150
7653b2a6
99937cd1
fc372bd7
5962e45a
0cb0a655
9a8ac7ca
160a8cc3
298aa1b0
e4312007
ab747f44
787c30c1
e972b614
5fea5fb6
da116b76
f4cb1252
4e5a34a2
46098207
416c199b
79e386bf
d52316be
06ebce7b
495b3819
8aafccfa
3ad0a219
5cd6c94a
091c47fc
e804cbf7
c1a2ab03
d5a8d831
3c31939b
b614986f
4542ab65
ca676806
1f0bac69
697c3976
a27f4aea
b578e497
b58810e9
7094b1e3
bf11d292
e1a45563
801e3127
b9942c7f
cc74ba3c
c9759f87
5fd94f4d
0e727939
921fcbd4
2b304f71
ba4072be
01e6bca2
205bd477
8956c522
d3e49e58
0117ea2d
907331a4
a7374001
c0fb82b6
90badb71
aa4e7aaa
74d45f9b
e3720a9a
71e14cb9
5cd38233
001917b3
a46267f5
9ae35481
242dec77
20ff2276
2250fd83
ed3be172
4919925a
3b604d2b
1f5afa67
e5eb5a94
cc196c35
1476ab0f
a40261f6
895c3bb9
aa249ad3
925ac041
74fc4fb3
094a3655
d4b0c635
0d2928ab
7dbdc5c0
87d94513
03d0247d
6acee680
b5846b0b
724aeec9
fc8ad6f6
ea495253
82cbfe84
1f5572fa
38959d65
44704c93
7a55d7c6
8830b140
bb74de44
845c1745
094da636
25b4fd56
7f844376
a47e2ee5
75327928
be922886
11ba9d32
4fd18c61
d59c01ee
e3451dec
82ea8159
0c737589
72bd156c
4e373927
86133a5a
295823eb
7f885880
609b0b0a
5b63ba50
49486086
165c0ce3
a9f56231
30c15521
c21bd2b2
d0be00a6
52d95e72
443f29c2
e93c5030
3bfc4f5f
a9c3b2c8
811b2713
b2a75497
cd582912
f4babca3
16d4ff8a
41b087a1
ebbfbdfc
bed94277
2f8b0cf8
7a6a1d0c
6749d215
2a5990f3
0b865845
96f94875
3787437f
18855924
0ddb1e47
640777ee
33dcb597
b795de67
025d79db
8032c096
2430e9ac
b7465c32
f8ce7b03
9f9a5d7d
ca19819d
29df8180
47baab4e
43711b0f
d3f4a514
1ca57cb6
62b39bee
b9f7023c
831bac05
748d1c32
d7c460ba
ac6a1719
855f714f
c8cb9594
699b5a0a
2a8892d8
49b02693
1ee17e2f
187cba62
45059c95
7a3a1f3a
2535f142
71b9c9c4
b4052f53
d7aac1f0
a0973997
1eb4db6e
c18c8bbf
ba8a0c37
20f9f0b4
b88fa76a
9872bf0a
85f9ca52
bf6b7248
19127830
9779c655
acc99c88
5b2ac077
7aaa6ecb
c06b765b
f0287d85
4d70d11d
62714bb6
35f63ee0
cf629a3e
1830eaac
82095578
9f59ab3c
c65fc245
95190cf2
3ea1ed09
d983acd7
848d6dc6
6f8bc768
b28d5372
d1b83bd5
180c0c9b
86a61000
b9bdacb9
45208028
be6d4ba5
61026806
b4e065cd
56a658c6
d7eb1ae0
62999d52
13bfe620
d180b24c
5721f406
e6091c41
bca973a4
68d9010b
2ad4b939
9a2d1770
547b88b6
d4a93b6f
22d47d20
aefffa1b
803c7cd4
6c0655ee
9b684d75
2d5a1329
116d577a
4c31ad40
ed228421
00000054
00000003
0000002a
00000003
00000036
00000002
00000620
00000020
00000000
00000620
00000020
00000000
30207c54
3b68a034
37039da7
619b6596
875738cb
87b45b5f
f0c27564
c21d7a1b
c86758a0
0f1b74b6
89df8194
2e115f23
9627a7be
065467f5
af85de92
635bf3ca
9cd544fa
1db64940
2f1fe776
c54e3350
76e83529
753f58e5
b2325531
5066d9a5
c06b590b
c7767919
1e79e290
9d241004
a4161948
2837c880
b11796de
fbb6aa9a
afc8fd0a
512fc3c8
36466aa2
7ff64c25
e842f25a
c0f5b1d1
cb04a5af
c7b8d585
fa6f5f82
75e0137c
d14e9953
b10e3660
cc16feb9
a3c234b1
cbcb12b3
57b813a6
8f81466b
ac346ec3
b90ca422
e17b8cdf
93476df3
0e2b1879
ceca65bf
abc30257
1b8baf29
cd32f1ff
452f7800
27121a62
8c5f7a6e
c422173b
618935a6
e23d7418
07019d1c
328b22c6
59047176
165830d9
b1431698
08530074
3730c727
8b62471e
0e144671
aa32ce4b
a716e4a6
214be626
552ab365
c1d71229
7e789221
59af45d0
09365cc0
4963680e
fa952105
95a58382
e1b577ae
621f7cfb
22b724ac
9629e10e
c81ba9f8
b722acbf
b410d916
49492726
63d8c944
8a7ba269
88b92606
1951d2cd
919de8ab
f8c01102
27c88c24
b95cb80b
47190080
1b14f856
01246144
743e3057
19d02112
64093517
f3ec0c71
a6b3067e
0d6076be
20034f50
8779ebc3
8e11bad4
0139ce1b
c04cc81b
0e0df80e
f9e301c4
0a350e7c
321a642d
c58f0828
1e71935d
cf0a2a2a
c94e7e48
b915947b
2a4634e0
96e360c2
51b22074
86138054
c3c9296c
9f710fae
a6b1c5cf
33243be1
266b1614
164ee1ca
48482726
59b96676
bc8840cb
d0667e08
aba400a5
0c1b8199
791d37b6
c1898683
8295c444
0125a410
4350e0aa
56cf9228
05d67d25
83c0d1b4
7d5350bc
43f8551a
52843e5f
da42b690
67a83ef8
3c2b196f
9777a344
ab1f5c36
b2c4c6a4
117a2b08
989e50a9
9b34053b
09b6f53f
f8a47e2b
8657c013
67afb17c
c0fac859
9e7751c0
06454ab9
419943c6
51642da0
4d8f96d5
c94223f7
67e8258f
0f5e2bd7
f05b8a02
a3781ac8
e680e6ea
7356b2b7
c9267437
6a49417f
39af274c
3c24594e
478553d4
8a7aa183
a5e89059
fabce437
c83c5e19
22300033
c82b6311
712c4da8
34e9734c
40b0136d
7017470a
1713265c
f1c98318
937b56cc
2d100e7a
189aec9a
f7e95804
63f70469
464ba34c
b94058b0
51d2e2a4
8ba8a168
c4d3b683
15cade9e
de8fa892
9c73953a
c2b8972b
486f1044
297165d7
9abb8555
b674643e
87ce167b
b3dbc540
5ac9102a
39361405
c2b2c004
e996f66e
eca8cf78
3af7cf02
e1c2a79f
d5a36be8
3e00d50f
baab5220
ba649ca9
511cd55f
013e5b80
00557226
004a921c
d9807be9
c8794bf6
aa32dd4f
7904e376
41100020
1b86a71e
387c4545
8260c198
ad89da3c
7177526a
e4ab76da
ac3c42a8
c8853a93
4cb28a57
3cb34f2e
d29f4845
16853473
220ad5c8
90a794af
846b2be1
9641b71d
d445c966
f24f9701
bb88af98
ff4c8aeb
98a80f4c
0f013a45
eb0e97d3
c9c378d9
5221f53d
17c37940
e6ff1ab5
09335476
0fccfb2a
25db6ed0
3baca71e
351b3c03
f92d6a67
8c6bcf4a
1a30fabc
d18c02b9
99e43621
d392258d
badb5ce4
5743e9c8
151df466
81d63413
81781a25
301fa77f
81bd1c0b
ca725aa7
fd64159b
a3b04bc2
09f1aca4
3f0ab30c
f3397f6c
4f61cb63
1c7df4fe
0c917acc
5388d35a
20a2da37
540c8abb
b8d4ecc5
e28c0714
79eab6ea
998b7f57
e2b40b68
13fd4897
8d259e28
948a9ad3
04f30309
11f1532a
da9f2ad6
ec4360ab
25f506be
ce286710
839a4b01
6c95e5a8
d3a703be
a3e74beb
b772b0c6
56c07524
2489b780
9df5d498
de522700
265f7890
c7069ec0
0da178f9
714374b6
1378c999
4515f2a4
bc1692cb
41390fcc
ce3d2bcc
ec311dd7
699a3363
6bb6d347
fcbfcb83
9fa8421f
9c52ca8d
5c4a61c9
78d6f27c
27a0e1cd
786135a8
cbf2f78f
3da36547
b79d2e75
56b06928
db1b8144
abb72668
3f6175bb
6c7464a6
ebf8345b
c236bf50
ce037137
c79006ea
51d18890
77302c5e
138f6602
502c7221
9415394e
a58fa792
977a6d95
f9c98003
9be70bb0
1a72ada2
12b104d1
1a082512
8332844b
4582c5ac
c4d65339
4a9ae5b8
346b2270
9a7b2d19
87d37490
ab42289f
a846a46b
4192b3bc
a20e674d
e09f31db
9fb2a957
b46d8118
b4ca646a
98c8353a
94a5689c
4ca81351
44a68aaf
e2461675
9c10b845
cb720377
9067b729
d0d90cd7
a3475e04
aa2c26bb
70b74182
600488ad
7c53e085
eb20309f
e5a70407
357ca635
af7d76fa
e7222c42
d0c29b51
c4932027
dde431f5
0b66330e
e6461b2a
87fbe5bc
2cd3422c
b36026bd
fad41536
72e77db8
00000055
00000003
0000002a
00000003
00000037
00000002
00000620
00000020
00000000
00000620
00000020
00000000
bd672a71
7c5b7115
38469b24
32309047
cb8604c4
4b00db39
238fa3b8
b0260c5a
05455f1b
a39a4618
3849b001
76d7c844
698aec41
9c7365e0
663a8c95
f450965c
32f010b2
8c65b357
8422f149
f9b9184c
5aa224bc
d51ce517
0b88a793
19a3b4c7
2e886674
481720f4
cc104227
a0546b4f
eb346d33
b705f7c9
f7c30525
09ff0c96
168c1794
9a6666dd
08da0e4c
c86b1355
834314bf
847818fa
608a98bf
e1a5ea4b
d7c61c41
729a7233
fd9e7531
e8804ed3
41a83492
04ab752f
a929abe8
23617aa0
993f3542
dbeb553c
b7670524
029ce67d
460f2fc7
11759db9
8b0a64d4
f27567ec
a7e5fc73
682fe17c
a3593984
1a011abb
278709d6
f7690f81
8d41110d
e5a57241
227d70f7
68842ba0
9b4087ea
eb2d8415
c6d9aa5c
307f1960
560e5f51
7f441b99
575645de
db87a5fc
3ec96bcc
6a30b178
f23aa4f6
9f86987c
60c9b85d
60f084b3
4f26c84c
03a033e5
52acc4c0
82616342
b167c024
09976b1a
95a392b8
431fbc69
3b4980b9
36603d56
308cd804
46bccd3a
2d08d49c
34b9f0ac
8b55ccd9
58d5b535
8997839e
270aa379
bb327ecd
4f3f0b8f
9b2c8fa1
4bcc4d95
4d44c21d
f3b44719
bca6929b
0fcc83e1
88197ac1
b5788ac5
5bacb6ad
aa033d44
807c9726
9d062261
ab92c268
8935d1bf
001c7063
95a99190
93a36b91
fe8746b0
082b0d10
aee36cb2
3d56a469
5544170c
1b32cb6a
fe907a9d
75f362e7
a8d84959
38a10ad8
f8476291
5d85006d
378a5a30
744f172a
3e029c8c
388ea156
8798ab56
c6e13cb2
ec1fc511
851a7d32
3cc1884b
ff7be177
ba4fa4a5
0e3a747c
4a0f40c5
23b89665
18d1fcbd
50c7929f
d1454359
3a01c7c2
6a0b8c0e
bafa20d8
25a8ed94
1f7d66c5
b373a980
1a81b0bc
fb8101ed
474e1e70
231a3dc7
af1bb74f
69d949a7
2a08be57
268bec0b
eceba1fb
6a4c778a
c0b204f1
e07cbb14
67d716a9
a876e327
e7cbb339
58cb695a
ee2d32be
a48aa9b8
469cb5cc
7a02e6f1
ac1d613c
cc41bd08
af92bc48
09d110e9
2f681613
e4136ad4
8799cc09
7693b412
c12b0096
0a0e5fc0
58f0d724
3f1923ba
bb588db2
9d13041d
379743eb
8414b1d9
27381f18
2746274c
4ba589b3
1a14d556
19ac597c
19004756
718a27b0
3c77a96f
58d3a1b3
a8f30a98
9876193f
00ff13d5
5b05caa1
0074e686
fb9a7ecc
c982ae53
efaf52e5
72d087b5
4b6af626
4e003595
5289172c
71022487
8193ab44
274a41ea
2ed26a0f
7d249767
0989c58c
521a163e
2b2910d2
dc6a973b
3054346c
3a27f85d
5bc164e1
92f140ca
c0495029
93a6c648
a5c52d92
8e45f98b
6b2d4fa8
2f9abea1
fe3fd133
30513755
56157b3e
886b6a92
c8a2a428
7999680e
f2a4bcf8
30d1696b
6713f6ac
ada0567a
51e1b800
80a42152
833ac998
38ae4415
be74d857
ef7730c6
89ffa0f9
166a1147
a587fbf5
484c6283
1e78d12d
74411c0c
2754843c
2eb54000
d501505c
a186884c
2d13e918
6f951906
65f295a6
8941a205
bf1ad74b
f319a973
34e19d10
f4796775
2885ce01
127586bd
fe281590
4083ad42
1a75a898
941c281a
74657081
88d63da3
2533aaf1
433a9993
225177b8
495eab56
484fa202
471b3500
1918c10a
bc653040
662c2646
e8056828
3ab48985
8e384db3
c85bebd4
f2743bb4
01899689
3dbd73b7
50e2b789
15028c46
4557c19e
d86b01c0
79789171
f17822b4
cc051048
c3882e2d
46427a05
19c24f89
95107c65
a99077ba
59ed85e6
948a5464
6b7586c6
55048cd2
bf7abecf
c5acf837
844044c2
0c12fc1a
6b209790
959229c0
a9179b75
4676455e
75686d0c
0ac938a7
6f95acc9
ecab7449
5397b762
fe92a32e
e04fcf15
1f1c9465
89929b39
a81dcf1c
396b1549
f15682e2
e7be4ee0
07c80d62
0aa3f20c
791b97a3
4fb09d3c
3aaa84ff
13f215a2
b77a593a
376b0a98
5115605a
731ad4c5
46246703
08be351a
215ad42e
38192372
7a7908e2
0ab68790
ce3da1e2
00885d91
5eaace91
db938a1c
422d6de5
ca5214cf
905c0cfa
18a44d01
492b9615
c611b1b4
c1ff94e5
6f5901ba
21add997
ca8594bb
37859813
7d347246
bcc65f83
3924d464
4ea71bc8
f72f7eea
3e96ae20
f795c14a
f15001b9
60903e01
e369bc47
f24c59d1
814168cc
ac215b02
53e84356
9576c2b3
cf2742c1
26737ec0
6a1ad159
f0b11869
373aace5
7d0c8fc7
0c7d87df
f6b12cdb
6318e2bc
431a31c5
5b1f3030
a3c1867f
b06f37f6
940b55c1
b2dc4ca9
fffe7b9d
289a73b9
499137a5
afcd59fc
6e481997
cabd93ec
262613c9
b8f023c9
f074917c
491799f9
e7ca0449
874933f2
09617ccc
0e6b3735
28d2d4cc
7575606b
00000056
00000003
0000002a
00000003
00000038
00000002
00000620
00000020
00000000
00000620
00000020
00000000
8888d127
2905aa92
8358b91b
ceb64160
36b98bd5
27953821
4955d6e3
73710ef3
7c7cc973
eb43e6ca
44b21dc7
74fcae91
ccc28554
f4c7c491
74d25ece
7b13da9d
2a019fc7
4947026a
f79d7032
37e1271c
b33b4b06
e62299b7
09480fd0
049b9126
8c0cd715
415694e6
820ac98c
164828b7
d4736f75
3c0503b1
619d54ec
393c8d80
90642b0b
c79074c8
85a657fa
65abde53
1faca334
d5ebab50
cef09e6b
aa885262
08332ed2
8050dc51
54544abf
055f1c3a
11e8cfaa
7b56900e
c89e3f94
3a34e392
97aa8352
b41e1ac0
5fb8d714
d1be41c1
19ac3b1c
28b0a79a
3f622af5
34582674
c542f42e
a89ce160
2183c5ea
67e16d04
3a9d8078
b8d40d3b
3658a852
d0af962c
0bdebc05
66188f55
810e0181
d07bb456
3fe1c98d
374fb818
91862dc7
161603a2
9228c90e
45366264
2fab9ead
9f12c810
35af87d3
c1a39686
3232867d
d64b3303
3e11fdb2
8fcdc89d
5cf33424
cb40c88e
6f90b6c7
b50b07c4
88a3c430
cd156602
177ebd23
8e6cd74b
f73dba94
e61e4a83
657ad989
3db628a9
073b08d7
779c894f
b953f392
41a151aa
2608239d
f2cdf71b
69c39f52
1e981b2d
b786b142
11c67732
0a250f49
d4709ac6
a3a46296
9cf3d804
74ba64a1
407b86d6
802650aa
8084c234
09882061
bf32c04d
db99b602
f15b3ad9
b923e15e
06133387
ece064fc
69279f44
b4c25704
99e41585
88faccae
1f631cb2
43279ff2
5a788d5c
c71aea68
422833a1
1c631a25
a8047b3e
8377a268
6cb6b54d
503bb115
76171245
5fd1fdca
6754aa96
b681bb49
2897a258
6286d992
f223a78a
6e7749cd
8dc6abd7
b58b63c6
4e5030a7
ef98616a
d4df8973
14dc4904
e8a3035f
5731a17a
5763584a
38be9b8f
359d64f1
ad2c4262
08408ac6
375e0a9a
16b1e20e
8c5f331b
2a19b1e9
25922f52
c45606f6
146d8544
0ab4a620
c96f93c3
7729b282
8be5d7c8
660711a7
770a20cb
91e018c2
a82f9110
3a9e6da0
75391e4f
df9071c0
264908ab
8e384f73
377ef575
a2a1a56b
cc6b4e3a
723af891
367b8863
3dfb0250
a754f1d8
cbac86ea
23b6892b
330b46e4
e7dd27d9
8fec081f
287a910e
fa5f57d2
a94a6c19
1d4d7320
031738d6
a8107d50
464ba022
3b651feb
8ca0e485
9ab7cc77
8426082a
475af377
0ca8d825
d7a6b080
3f96d84d
ad939085
315e43e2
a168506c
5618eae8
8b654680
0539b801
0e94c96c
b3200f4b
1d63355d
457c2655
5122c576
2371736b
29012325
17dd0ab6
92c8e65b
2381877a
8b68ab2c
35a5adce
ba2d115e
5186cfd2
d004c83f
37aa0748
95804515
03562045
53737cec
e34e489c
2c08c3bf
2f8d4b96
5077a979
90b1d07d
b32a450b
da9a2101
581ae927
09a5b7ca
e5c54cc8
48db81b9
547d9acf
cca12c2b
833120c9
82995aa9
69d82402
7981ca20
d89302c5
848728a4
61090235
0d491b88
24859848
bb783782
8d54c947
371694ea
1e860fc9
3766950e
d37c4f50
4e4988bb
f6cb5907
f37d7dd0
a72740c3
743f369c
652cb242
af9894cd
bf162099
ca775d53
8600a71d
f7cd9756
c1ab4c7b
9cd07a0e
337f8309
04357151
9a148873
4f7dc2fd
444681b2
95150608
2fa7b01c
14589991
7f88a9bd
dd712a28
4c66c2c5
8c96be7d
dcc7f901
db259c0b
936b641a
7c8ce455
0344afb5
32f6575f
bdaf1199
52f00d57
083740c0
376fb329
6ccb3ba7
7af44d47
d89b4006
1380b89c
178acb84
26be6118
879f2246
73b9855e
a762f37d
5c46a74a
ba4c9485
7a64c75b
a9ce43cc
0f4533ac
5c32e742
661f0a95
b04ba480
99b5e46c
1c90870c
c65205b8
69237bfc
988119e5
42964966
43a8b807
d220b321
0cb09f85
a34b7039
580376a8
7ef5b15d
8657bc28
a4153e8b
122bf186
d844d69a
774e7a80
49920608
7a354083
f6ca7366
5c688989
e5535059
bcd54a76
9cb48783
a0023254
1a1405b6
4471f394
ded0082b
f60fb1d0
02647564
22a2081e
daab4b55
b190613f
61a03cb0
2939530b
98447857
f861f5e5
9ca9c60b
77a376c8
fb9cf975
64686656
aab77578
1d439517
f75259b8
cb971e9b
4b8030d1
9127c1e9
00e2f2bc
52a5495c
b6ff41b6
588ab006
af093183
94f0606c
4e660a30
f42a291e
e78955cb
4e37da79
0b484762
c53c4d4c
9b082f7e
2e1b51f0
ebad4b3c
0467c59e
be7b97cc
07f16473
1ff14e6c
6345e67c
64934c63
88a0e727
6d4dba91
4a133877
38988b71
f76be662
29de4eab
18f79c56
eb4c97e6
aa347d61
4a491653
cc105a0f
d22d17cb
c8c12981
448a1e8e
34428e34
5ee672b3
6c1f9e94
d61151ff
2db1fc07
461979bb
282b7a1b
a6d5acc6
8c73e484
59d1755c
eb166fba
b832118d
00000057
00000003
0000002a
00000003
00000039
00000002
00000620
00000020
00000000
00000620
00000020
00000000
00345923
28b35868
bd097fab
8fb9d70b
d735cefb
ba8192a9
5cc5d840
7c328835
20fbe3a8
cf4a52a0
46679843
95b90651
8cc8e3a1
70cf2386
8e3a0b1d
6b3d2c61
fb49379b
3aac0525
6625679c
e5555913
2d82bd98
646bb055
23b52984
25fbf296
d24bbcf9
e45b72e4
ad547e09
0f0f0ba1
01d2751a
3cfbf41f
d56550eb
868013b6
9e90e165
62a5f7d1
8048a28a
b9456d5a
74cd581f
bce74414
451b2059
5919c3d1
a3ad236b
9ada0269
512cc4cc
157e4bf3
a4959b21
379d42b0
46d99125
99baa0c5
c128dc73
4cbc3bc0
877cf0a0
c7cac3eb
04db7262
c3b8a29a
67c2e280
00612ff5
7d095a65
a96bd574
a4c8a5ab
cdcc595c
715dc236
c9b13a30
0bbcdd7d
ac01bac5
4c360fe0
5f2c0c92
b0c1137f
829199f5
7e0ce0cc
f7318056
4a818cc5
1e796310
fe13bc43
a1d18ab6
adf34e1c
6f7cb71f
562d84b7
74f46aaf
3d140632
88edc527
7090d136
e6b5f14f
4c0333b6
46a39303
1a17a0e1
fa0c7683
703524c7
78690438
88cc7a54
4e8a5d4a
a877a0c0
97dc177a
7a7133cb
ef1107fa
15828acb
a243a79c
6a425b8a
f89b7652
27f661a3
1d21a782
c02598e0
afc20e52
6c7bf033
a4e30130
88e48e7c
20619a41
78becb5b
41441f16
6d29c6fe
e666cf79
4207db81
1c6d90e8
125d31d3
3b37c042
ce6678e2
e605b9eb
57b9f25d
51a3fc4a
59898985
9921942f
4c7884cb
f703c226
c5d4791f
ad05e900
32092703
ad770f0f
21be0baa
a0fe691b
b3835e51
6a870263
2bc85b54
0aa134c5
6878713f
32169162
5e853a8e
1b4672c0
1bf8b64c
1ba21361
2c376c94
011a7230
9073b664
a7ba0c18
61b40282
631698c7
6d59f1d8
73140e2a
04b78eae
40337acf
d005758b
afab2713
27cb51ba
760e8119
6003b141
06bb7c7f
c803bac8
40238837
cf50b3cc
35b1c906
9cba41bb
5090728a
97c6baf5
6fe50e21
4d8a1360
824caaa2
b583613c
5638ac27
41dd0096
75573c04
5a4aab79
fcc54005
7b473458
d29858f6
87a53dc4
bd16c349
cabf451d
dcac38e5
5f1bf4a8
67759450
89800444
09a7e755
b0c7e7d6
d9bd8c73
7a724b52
1c9ab3d9
381426f8
81bb5f78
bf50ec16
0b826581
acd9db71
9657d713
14123f4a
a8863951
2d34048d
62815fd3
c04045a2
949649a8
c1f336ac
37367416
8a3fa542
fbb79407
83db479e
962d78d3
c53f8c71
767a9a4b
c1923575
82b79f31
7d7cde11
3e197405
ba835052
4bfcadbe
0a8c6730
c12d15e8
5fc296a2
28afa711
68a861a5
8d896b4a
0e83123a
2c7a6e99
62fbc384
5a43b02d
862e3180
5cf19727
ea6d4814
885b1f3a
66ba2501
85247890
a7c2ba3c
1c6140be
8b2cf38f
c870ca32
2831e716
a93d8a3e
186ca3b8
83336c97
22571aab
ac5f94c7
c992da41
9f54a5d7
830820eb
37d14b59
746953c9
19f8bfa6
6fdc04bb
e7c7b640
d9f83d94
9f5cdb23
fc0f1487
4003b897
8b7bee75
6dc31937
22b88a25
2cd647a9
fcb7210d
686c091a
80e4de29
dab2c2e4
d9dcaaf6
09ac544e
85546cb1
e9158532
0a2acead
eb23a3d6
508a61b5
927b3167
056bb950
35679e21
7f349658
993092da
64737b5b
c54b703d
42400949
eac1355a
3340ea3b
73aef1c5
3a230592
9b9793ba
99272943
f59dad30
0943ac4b
07a9d97a
fa43a007
6ebc6b29
aa1c1b5d
502b695c
34d4cca0
f08a6cd0
86028040
75aac321
0e524b38
84358f48
57ba7742
8699103b
d52a9eba
03c82962
574638fb
35ad3280
03741691
fd71c5b1
942eced4
09857835
38a06192
4968c428
4d98831e
e94dd864
58317ba0
66f9093d
bb42bbbe
9132145a
b1d16cb7
72159654
c5b25641
76ca86b3
0e14e058
456b7091
159c0966
b28920d3
fac4a6d9
a8585077
acc8202b
7270a827
76c0e957
801bfbfa
eb8e59e8
255489b7
d74348c6
c3539d6a
0cdc9d09
8a7d1938
36842369
a2189b63
7ba3e4ed
64b090a9
07da728c
a43f712f
a8088435
1c24603f
5f68520f
4a06179b
6be4ae46
78a476a5
f940c691
32a29d6a
9ac02b38
7b2f6f22
2a24afb4
d7615615
6846a879
40b6eb3f
4392324d
054f8e34
2b639faa
be33901a
52d74727
61d6cd56
35c6e4d7
c8520408
1e6b8a00
7111f01c
fa4a3a8b
b3b4c42b
474f8380
f962b051
72971bc7
84bad1d0
0a3c8866
33f55e50
c173c3ae
2723cada
3b3761ac
a00f69e8
9cca44b7
845786b5
454f9675
50cc8615
c629fa21
7d4fa7c6
86cb7d76
a4971e82
ac65eb52
ac0c94f2
aec0058c
36afb390
bcd8832c
c30c2e4f
1f6ed67d
931b10a2
3dad8a22
511d3b29
57bd78cc
747015b1
91b50383
db6bcda8
906c64c8
9013435b
c1f311a6
e9f88e17
928a22d1
b24dd31e
fff06238
93e0bb57
00000058
00000003
0000002a
00000003
0000003a
00000002
00000620
00000020
00000000
00000620
00000020
00000000
6ba2ea37
38748d1a
39d56c26
ac957bc1
790b1ab8
8a159004
d11f2c9a
fad30d50
0645cec2
5f3e43f3
9a3b5e81
69721886
2fa5fabe
f6dc4441
3c86d47c
ee27848a
d8140ba6
9ad6a909
e75f49ea
8b49923b
7e908d09
8a397ba1
7a9166c7
6fdb88bb
152d2863
1a021f64
1842b450
cf4e98b0
46966c17
154471af
3c334066
89490008
32ab8e8f
d0619cfb
5ced8386
14697fbd
a900dac0
e0c965fa
6f42c30a
617eb350
d5fe03e1
ce9c9054
7c76724c
3ad27b3b
2d493c75
c9a996a5
959fb2c1
30b17518
66314428
282e1a72
67d3da66
e446e77e
90ca9b43
652712c0
b4b43213
0a8861db
69c26ea4
da11b78c
3248b8e1
aab71630
4ea54bde
406cc3c9
7a8b8748
c592f5c3
3ab276b3
03644277
e6332cca
6c7217f3
78b54e63
7d07e211
a9cc6b39
2a30a8b5
a65af644
61410cc4
0d414d16
f3838089
a3ab4f36
1d24d544
979ab95f
64678566
10618268
8051a8db
b9f111d1
9b85808a
7dab3ace
6c3a43f6
73fc3fbc
a811d88e
e1e99bba
0472d3a3
7061b47b
a3659573
0aa3cd27
8f6bd564
69cf915b
13d24521
263e11d5
b4a60224
aeb18616
c480b628
9aeb5bab
139cad30
9833bc3c
ec3b5eb8
ca3383b3
efc8c78e
73474ef9
133ba31a
cc4859ec
624f943b
cdb783ca
753e77e0
15da7402
42fba099
16797250
aa41a3f7
4de64495
5e1f5372
8457b202
6731c937
3ca9b6d4
e632b180
7e029c57
b13e37b6
576bab3c
06f3d53d
e377b48b
0b99b678
7625f8c6
5a7fe689
1ab8132a
4789ba3a
cda6b2ca
62f54e26
4f3a5160
b8412524
71c94e59
1f457980
77c0a5f9
8add7aac
1256af80
1ab9ec33
8a008fc2
6451162f
34a5024a
4c2acb6c
05ac0107
9ac15bdb
76c404e7
9586f395
4f21774e
71ed2e3a
6569dd86
695e13d9
e13192a9
447aed78
ca9fa72e
2b2b2827
ca218ebb
d800e1b9
5258ce31
934198a5
2daef2ec
0be8b5f1
6ad466a3
c1ccfbd9
f94a68e8
9b11894d
e6bd17a4
99cf53cb
84d78113
314db16b
b38105b2
b0622a1c
f88bb10f
64987f65
c594cb2b
9d757b0d
a9001c7b
bd80c59a
4018a0cd
043c8a86
92e2ee73
adcb4740
a7d79297
2451510a
e797d45d
317799bb
c767a2b5
0a5eec97
cafca167
9ccc883c
beaec39e
1c352493
8cb39f29
8f3be62c
f034a225
4a43309e
6492a2cf
434bca52
65fc532d
1c6281f9
a0e40431
28f0360e
994309a0
d602c135
3f513c31
2957d9d0
472b2bc5
5d0b5c85
4ecaa6fa
a4933e43
71f86f3b
5a8d32f4
68b98cd8
babc1524
9caef4eb
0020a840
c0e7ef67
2da434aa
13464cbc
8c70a163
2dc78771
f8dca269
5385d04c
b9c46211
703338b7
b5641b36
2bc890b4
294368ba
6f57a143
646e7ae1
a02b6dbc
9a418d03
8c161a66
6ce2a5a2
83825f54
fab0e06b
a4515a0c
434818aa
c30062f2
b4a6cab2
9f98e88c
bb7dfa39
96f4beb2
4724cb0c
cca1cafd
6ae4b603
5d38af86
dd669c3a
ec943033
7ac8af37
aa27a6e1
2229b484
7cbce7a0
322e238d
d29daf34
94f45d01
79a459a0
a841baa5
c0356ea3
a1046204
b4a02c3a
b985da3c
35b3e758
a0b69064
0839ca2d
2fae7cc2
813cb738
cc0c1bc2
da65e0f2
00e9a579
cd265306
20c3606a
984a1538
ab63e0b5
60abc547
db1f0ce2
046471ac
e31e8245
f4177ec4
4a61b03b
7e3eb0dd
f16a658c
a138eb7d
5712b673
442a9c0c
516cc827
b64dc531
c0851741
c3e5c86a
7e18b7b3
446fba15
24a95147
430cb742
484b97e0
063498ac
1f94057a
84d6b81c
b6b34ea7
ad130913
20ad4b62
27e14405
03615456
056540b5
34ec7bcb
a527596b
02c7a563
45e6f88c
a5b74b5d
73709648
55314f4a
04968378
5304a813
11095e52
8f38cc39
321019d7
006ae16b
7dbd0a77
f8bb6727
2acb326a
84a2a7ff
ea146a53
cf5c0dc1
547ccc1c
e95bb8c7
114bff0c
633a8967
93d93531
ada34921
00a0dab9
b7137dbc
61b7ac5a
8c7643ee
a88822ab
35e485b4
c56ba9b4
e70acaa2
3ed47aaa
a2347a0e
ab792ee8
17291e5c
785d6930
0b5c9bd4
1a26d7a3
7bb9b34d
013209a9
c838397e
f7505507
b4722508
8fd11165
0d30fcc2
c9838bb5
ac3b0290
0f204531
78535fa2
280940c6
7d7d1906
80051fd8
ab12aeb6
706536a8
a5f4c8d0
89032719
fa5ec43e
75884835
97ca5fae
8a435270
78d60024
6c940b39
829d2808
7293c328
4076203b
ab658005
eb83b468
9ba6609a
56833bc4
fb305417
c8dbc8c5
55a8950c
aa95bd4b
3a577748
18006a4f
a2617efc
8662c152
560c776b
65d3de66
42d8f4e8
33eef008
1b6dcb10
9a239ea0
6f3ebcd5
9a8bf51c
d2586426
22dd4b89
8e8eb966
04322481
4ba131ef
60d48eeb
99783bce
a9007f9b
00000059
00000003
0000002a
00000003
0000003b
00000002
00000620
00000020
00000000
00000620
00000020
00000000
12611a59
aad9c555
5f14cf05
857d0115
1626be93
6e5a3b93
ff56b8ba
856f0fd4
8cc9cc6d
ce5bf353
95935ce3
4fa9ab58
8bb4e2f8
e58da768
3e90bd56
73161c00
f4af4f65
0492c5a5
67aa9971
6afa64e8
32fa3e34
4ec3527f
d29db9c6
105bd498
88bd63a4
7095396b
c9cbd54f
e62e269c
6a33af8c
be0a43a7
973a9a34
5afa8f3a
a8603cc9
8d9b6167
41ceba58
9cd6ae47
ffa6eb10
b4217943
7bd0a11f
a33f4248
e411b115
7ac6e681
9344a22e
417259fc
8ef7c637
323816aa
e6408cf0
42c42d86
a4bd8850
cb530212
c80b138b
704356f3
1bacb50c
bc69d4b5
74420590
7bff553c
b08254a5
f06425ee
cc4eaa27
c99a62c5
8c0101a1
372590c8
7da66c9b
2f4644dc
a52b5da7
3526dc13
17981567
e2152791
61b287a5
9d8bd35d
ecf08a53
b924f173
ab5ca110
90146df3
13acff24
7bc9fa70
e9bc9a51
86c07685
7f33c109
44e71416
6ceae69e
a8c886a1
c7a4800c
9e3703be
a25f7aa0
471a5f6a
6869aaa1
90cd8261
bbddacac
1ca0b550
c08f33ac
892f219a
21e1996b
3c835742
14920d03
9fc37611
bca5d608
9c2a003a
3c9256cb
e39eb577
1ac5c996
c9b1889b
99cefa36
029d3ee6
15c1b988
02c4029f
c3c16cda
bee4ce61
a81f6790
abf7ab44
b227048a
7d0b2aaa
931d0001
23f22dac
ee5518ea
ea108662
3dc3b913
86aa18d6
f40277c2
b9e22d98
012710b5
756d80c7
4046c766
d13af6c2
fadc2e94
30c2f797
b80d7980
9c9c3702
12f5dc01
b78ad662
9bf56a6a
9fd4f0be
cc5ce104
5c96844c
c373ffc3
cd09b52b
89d42673
659aada4
113218d9
7201ba11
6f877027
179728ce
13fb5df3
1ab3b46a
828b29f1
e50e137c
0e80d91b
eb3bfb03
746244eb
ca852581
4d49c552
ec92220c
1305e695
1707d17e
117e13ec
ae43d85c
dc670b91
23b39fb3
5456fb6e
3532d7eb
06a22ca5
a287e4d0
e5a3b00b
91740692
5cc84659
1b2d0a87
e543786c
1c5969c4
ee3b4b04
51772744
9994559a
450f978e
085817f6
2c3c9b0e
30185691
92a30ce0
1163d629
786a809b
00620d6b
c2d45497
8a9bd743
731000b2
85e629c1
0053a183
b4aa3ad4
15953546
4b4d13f5
55a493b0
53372352
e17d2cf9
1711c823
746ad81c
88884779
52d507cc
b8552242
5103064c
54ae83b7
02c72021
460261e7
832d7962
7d182d17
6e75b0a5
7ab2359c
6c73457f
2ba0572b
e0293874
b69b0341
f913ca6b
70e2be29
8804f575
9f37c2db
84b66a3b
79e51267
e0a8995f
f94e1053
2cb660c3
20b617fa
dbaf0c33
4cc1db13
f855b3f1
da8cc248
8d542dbc
ec813b48
21dca281
14eb7c40
6071f641
9666b2cc
9812bd89
e91277bf
09cf2e52
84eaaa82
1ac9b8b3
00a463c2
41daa780
b89d07dd
fae8c877
75d3f6b0
cd1096fc
c2af9b91
6bd2af82
c33774ec
487e946c
bf9acd2e
3235eb02
a98d5393
73342e78
de7baba2
13b46a17
6b7bcb47
065b25a1
e28a3215
1f9aa378
0b5b07ed
3ccab55b
95388bce
64a92967
65906779
bd614f76
bb3cb56d
924f1e76
a450b2bf
dea279e6
aa2f66c4
7f2577ba
0c858948
36078a29
87557ac1
cd950189
4061c38c
10ec7f24
bb0f09c3
93539082
783ad8c6
e076a9bb
f6c847bb
c0a86b5c
45978850
260c76da
2dc95047
71bd96b1
3bab03aa
2e78d13b
cd0f1138
390497a7
243a1e34
28b62729
4b1383f2
aaa76e39
43cba470
69687f53
7d5581c6
0c5552a7
c3df127b
19722f70
3954d852
758a7ac9
7f36c936
ae295bda
b28aaec2
148952c2
eba6d320
70246c1b
bb705db0
723f0329
c5abcd17
b77502b9
d6470109
e4ad0b62
5e762491
038dd197
385975f7
5a048a21
4a3adc61
94949796
7fea5eaf
2860f23a
39d9be3c
86528515
1a52faca
da2c5854
45b9fb70
4128379a
106c1bab
225a5ba3
b87b9761
99107370
5bc0a37d
b089e2a0
c2973316
6144b008
517c4667
eb4537e8
174178b8
9854db40
b55d43a8
5acc89b3
ee849ab4
db0a67f9
42489312
ba11b108
a6b63ba1
a44bce5d
d27d649e
66560ee7
3d84c103
f49096cb
e08c9015
066066c5
9371798e
a3ae701c
3fa8ada8
7385727a
3ad87809
a9a7b1c8
130de91c
765549f8
42f5093c
19c6c9d3
d754be78
939a8982
b8ca90d8
27722edc
43b7de25
0d07baa8
51b81686
c0b404ad
5402b635
e7d14203
96c48d8f
02550905
5624c7f4
bfc9c82d
0d2744d5
57e4acb8
40a4af7e
73c9b4e7
86ce1898
302a3795
78681942
059745bc
12c9f92a
536c34b9
92af00db
8ec77029
e924dda9
75d299f1
6976f9f7
29e8b156
802dbeff
e2d6e6d3
d2cf2e1c
9ef7f74b
9e819483
44896200
8ece63a2
efc19520
229510da
46114871
deba502c
9690502d
0000005a
00000003
0000002a
00000003
0000003c
00000002
00000620
00000020
00000000
00000620
00000020
00000000
ea3ecbca
b53005a3
be9c9210
de4a3486
c25b4013
6d45a40d
64a3ea1a
1a27b441
0f729376
702190ea
3cd6a750
06f79a3b
86209867
e1ed6134
7b97e775
d7bdbbd9
47b6bfd9
6108d164
efc8a8d5
a7226d1a
39390a07
5358497b
c53d1cab
8e64c216
91828597
49577b93
36c1c851
c00df580
62226c93
5a485031
5d82b14d
602f8ca1
17923e2f
8394542a
7c6b3cf2
36c28236
efa750ff
617c6df5
7583a044
c6506b1c
e19f357c
84d2d628
435f407f
10ee7b54
2ac50e25
595b9609
80d64e8c
6b3c344a
901bd407
41870435
52314d6a
8403b1de
5205510a
0937518a
290f3214
5b438e1a
2bb147c9
ac8d952a
48c90efb
71cb60a1
fe33f06b
f0589269
0fa2dc4a
7a6915c5
f5b76af5
75670848
461563d7
1439ac43
968a1a39
4f2fb166
f8fa4959
25729a62
b1284890
56129053
cc45c002
9668f82b
40b02cc5
a97bc85e
649f371f
8af54f14
15a8bc03
62520985
3c4fcae6
ca5cba07
1e3f35c6
8b51304c
ca865093
08af4b26
521d52ec
bd75c485
f8821737
c81b4144
4236ae9b
9e0e188c
871b1210
a6aa421f
c2b98750
d62c1536
a1668835
bd19385c
2b110bbc
22a76c88
6b5c8b2d
b4952608
1f91362f
3b2be71a
d0b07878
39513a38
2e2b57eb
10209cec
529bb29f
c786f80f
45081197
80e50952
c1a4b0c1
5a9656ea
c56a3fa9
778bfc38
bb3139d4
ac64a386
f56505c2
a870331c
0810073a
25b7eaf1
c1883b55
2b2b383a
f46565a9
159a910c
43ea85a9
1bc88924
50a4c6c6
9438bfb5
db7473c4
60765b44
79f0f376
d0c91be0
72487a85
11a0cec3
0b48421c
db9b4393
15e14350
9f2cd98a
8b827b85
a42ae7b8
7e8fc215
64a61c17
b57812a8
72009a05
07f423b0
7bc94509
cc9be9ee
b79a62fb
332affc1
3d917705
8cb13d82
b28bb734
da229701
63353dfb
32f0cdc3
64b8701e
487393a5
2908481a
94307c7e
830b8a6c
68054f45
4db3c091
537664d3
4b56ed39
a1684678
d21b9327
123b0c63
0d20b049
eaa55f34
7cabe399
b47e9c9d
c8937b58
4ac26cb8
33694888
1bbc03c8
baf90731
09aa4cbc
d7372dac
6ef7846a
2512ba61
48767783
1608d352
5a56088d
568984d5
273c5900
6e4a3280
a4603871
14e97c06
e9cab63c
84e32428
31f24854
355a0cb3
8965c385
3db159c7
3550d839
c62dab8b
2773fb81
0697d8c8
3a24bfa2
0aeb92cc
5d245357
54c15fa3
0a15cb55
2eb1abdc
c1d595ac
545c04bc
d536d191
61c35250
b2a5035c
7f72412a
f28e581c
cc35f238
c9bdba5b
36fb3fc6
89fb4565
8131f9bf
413a9314
bfe8cba8
6c5e81fa
c5debf44
249cca23
a7a0eb2d
58429d8c
155b598e
67a86ae4
c4417947
2a34c868
3a5c5731
84bc5b82
a682af38
3959a47f
c4da6f57
99e9899c
77175351
7ba1957b
4ccbef6f
006dfca4
d3cdb0db
5b975e4b
5f07f569
c7878da9
c5c62e38
ec043460
6a65bffb
97db2208
835ee501
f8bc5709
2951e59b
8c1226b9
2be75266
c8fcb86a
55a5e246
180bba10
b5ea8663
7738d4c6
80d56773
4e752469
d414b3a7
7a6896d1
447940a1
392765e3
58367441
7847e7ab
e156eab3
4befa283
070a9e54
174e743a
bad47db3
6097a427
cc27269b
09b32603
6777e586
b609982c
e4873071
522ad44c
3065c643
f4fc00e3
3c0a7750
45502adb
8312aa55
9b942f33
edbb3788
09f742d7
14a17a3a
01bafbd0
e5387ad5
2c301228
66909c44
912477e8
5a5aa81e
a8686812
f03c67b1
b8f0ea1f
2856214d
794d19a4
44600615
c46b978e
c3caa83a
0bc0e1a8
29415a96
91794ac6
9c761815
cbcc49aa
83d89574
335870c5
2ace2a0c
06dc8238
3c7a3621
a1b13a76
d8e16ca5
512a9b69
0952844b
74b3c865
3274afb5
ca9a223f
caa74916
09472652
2370ca58
24db1a94
727685b0
31793cf2
98a5b46a
cd771e83
f42791cd
2677c922
924890a5
58431444
3729331c
b6a9751d
bd840698
95e44f3a
1df46731
8b529c69
3cb5a426
36b9b722
1b0885f3
c5556552
92ace581
67b03107
db32a89c
00e81b18
2f255517
d4148139
0edb9d1c
4f9e3a42
e6644530
0cb86324
2b721a46
743e2789
90c10f7c
e4889a20
7b8285fc
17c9c497
f320ac9a
03cb5328
40273053
9b3dd067
ca9fa55b
2e463f53
116fdc07
13a154eb
adca3f9d
b4c6c528
c5feb293
bd81b547
060dbb8b
24b750c9
aff20ba1
71723938
c141c368
140b4d2a
579fc4d3
f8287260
7568c948
8c2ba5db
c452703b
65a8f96a
d46a5b04
e0426b80
ca350e64
c70b46c3
b7335558
b58af333
13c17e2d
a6348a52
a135d11e
86edc41e
1708baef
54efa5f2
e271050d
ccb82ee5
02ad6aa4
b12d2571
b41b675a
9c73fd7e
a6e98828
0000005b
00000003
0000002a
00000003
0000003d
00000002
00000620
00000020
00000000
00000620
00000020
00000000
c010548c
16a046d4
ce923f20
eacdd71e
b5389d83
ae10b858
187715ae
3a2f4eb9
2474a563
e7b7c932
705a45e3
0dd76049
407c7603
13bf8f2a
496bde4f
372baa32
e7469ef1
62854645
96435548
35bd30b1
6890ed51
cf64f7e2
05c36282
3cbbf74e
0866f311
18d8ceb3
5b05d516
be0961ca
f63a6870
38334576
a9c91ced
eac7b3a0
36009078
0d03109a
72b70c79
c8d58b25
3fcf063f
91c83327
7f647621
245950a0
604f0f68
1e079c58
d11af92f
f3905574
cb80e65c
366546a0
d181af6b
7a11f27c
58abd33f
6c78a8b6
00fb3115
6320667e
00f3b045
23698725
ae79652d
62cb1538
12196970
885bb150
457ba7db
7b41ae92
2198a443
5c823d52
40ab925d
6a5af233
d2c65d69
6a012a92
120109dc
436f8fe9
725490c1
30394772
47898620
0cc88fbe
3866dbc8
61de8fcc
ce54421a
9abd8581
213ca039
11fb4327
09c0bb8c
57e76a87
5e09e0be
4514904f
87df09b5
16a38b57
9e05b9e4
77a29c13
a5c8de54
b0a3908e
b20b0f03
76ea75c0
5b82d615
db4916dc
59ebde86
bc24cc0f
b13a2007
4d652e94
ba183123
d2456f24
bccc4e01
491c061a
04cf8e40
3cabf209
06577621
667a5eb5
b226971c
341fb6c9
47bf8c0a
9d10d412
336d532a
a36a8305
b80b22b4
384161d5
3202adb1
5fc8248e
facf13a2
c53655a5
a933066d
88a6d0fb
a6143256
5c1b2332
22223682
f58f6888
3ae2c922
476b089f
46c7b6c5
ba905d6e
d6b51bd0
f7120adb
58299a36
60b03c31
0c893a51
b1fa1848
d1444454
3c9a2312
8acc5788
bf8c2710
bb6a16ab
bbcaf2c2
1dcd8072
72f3ba1b
097ca54d
750732fe
77734b62
7e00f472
78bb45a3
68b81797
08d85e1e
bd5ff9a6
9bcd9c31
79428a98
19af8a17
51098bda
a00955b9
b92d52b5
a6ff9d8a
062af542
5239919b
e1ea2a84
b993e990
8129ca60
612523f3
90ec2dc1
d44b928c
63409e8b
82f61239
3e372a51
b17695d0
6eb70d1f
0b5bc694
d57a6e27
8ab0a9cf
571580ac
62a155a2
2d128098
933c1a75
ac280ce9
03207a77
6b1e1bc8
b7b320e3
cbecc153
bf7512d2
bb527d40
1583815f
949b3478
76f782f7
74f5fd22
ef88db7e
91576870
6da1361b
06514719
350335c2
3d90c94f
475a6c0c
66e49ac9
83aaddac
bb564461
69df7e2a
0153f686
a65d0cb9
53c90d0a
1ed611bf
b118f7ea
878b6aa0
733cce60
c5ac25f2
29173c95
8449a535
8215468c
a2325026
3a5b83a3
6a3f37d3
b1c8a99b
24248961
ca87d908
db4da491
a9da13b6
1d93d418
d984c06c
82551a69
f68a2589
c9ea5230
1628192c
27017a8d
59eb829c
b010dc7b
e5070b2b
57ecb979
b7723d7e
074623f1
a7011b52
154bd047
a6a09d00
552fc2a1
39518935
c8b12cd0
28cf4e72
b3a99355
4b6b3a3a
383ecaf8
297b4742
445171d0
65ac2a86
5e3b2188
ae86b47c
aa254bd7
42711b1a
592c05f2
08c2a876
4f068668
9c98a247
84db18d2
c5c93833
1a22dbd5
3751431a
11e3d120
3d38a4f1
c3fda1b3
c9c76230
f60ae594
350e4800
861b491c
e463c8bb
3b91aada
aa968faa
e513a4c7
73da8479
84b92b4e
3b60e34e
d6c8b485
74114181
5c0b37c6
1a53aa09
b659095d
551ad113
5a971437
ac581f1a
b5c47748
073f57d6
62368e5a
3721d663
cb50c89c
95234f0e
ab39b35e
13fc7ac5
9deb0c13
0c94e31d
55ed42fa
b685a55f
5a4ac9c0
8656b691
b941b8a9
935c9cab
c8c35de0
c3db1b0f
4206002a
0ccf870a
cbe18a36
4e77b662
98c4a825
2c941641
f2ced8b0
32667493
74282141
767c4b95
e0de80b2
20f5358d
f5a60324
ece9b0e6
3459ae64
228bcc18
100fc38a
1731dc4e
a26b17c9
ab0f7a86
1128431e
cf296035
45d42f47
93d40a48
c90916df
b191c9a0
77ac7505
ff01d55f
95b74d9a
85ea5b63
2e5ac71b
f9774c83
969c2396
247142ca
2770ceab
71a3ed05
64037292
41142489
5a6cee10
d89546c1
e91cb6b3
b0b4a688
b2538261
75d3a2c1
44b5e949
aa9a8bb8
01f329a7
affad621
da9b5241
7cf62bb4
23458437
f8a1e247
c4ecb8aa
0fa0ab8b
f0a08615
b813474a
2fbb6aab
7b261932
23d08210
5a78d5cc
5b0f3ccc
0a8a2a0c
3b0ca285
267b94d9
da147d50
c9b485c8
c59dc162
62576168
5e5c875d
800dcc08
a25326f7
bffb8637
238ba8f9
1708aee2
65c23589
d978e403
dac296d1
ba823763
c1120807
87fdb1d3
57e55903
cc4334b8
601fb9f4
97e9e58a
4d0c3345
042484ea
3f7ca62d
da716bd3
556a2987
3db91741
a15b3ab9
a699d7f1
262afbad
e1cd4a8f
7de0fc0f
65abdd69
0f80011b
362d35e2
885854c8
e900d30a
e8cf709b
716a1563
3c255e3c
4a4d0dab
0d27fa2d
b5530cef
0000005c
00000003
0000002a
00000003
0000003e
00000002
00000620
00000020
00000000
00000620
00000020
00000000
65709b4b
a2791e93
4323c79f
3f1e8b7e
b5e7b9b3
acc65844
f50f909e
37474d8c
a1106e65
6601275c
61e0c43b
16b9a580
23a8805c
27362e92
49624e48
a44d3506
52d831c6
26ab0150
e9ac7851
bc477f68
4ebca0cd
fa278998
344478b5
227637ab
863497ad
c62fcf1b
1c1688ca
6553e701
05761154
995691bf
fdbcd7a8
b96b144b
306a3160
aa0c08b2
8bd18d93
b9c3afc2
192950a0
44a99022
c1e2de63
2a86dba5
e0e50cc8
b7723f68
a62ec1a6
bc922099
0ecb4c49
a9634b2f
f7e947f1
36b90626
0fa9acc4
f77c24b4
03e0d34a
b8973815
c4c99b01
5b8a1dab
581ff904
d3d835b7
63bc5402
3f8d658d
62e241b2
90c87faf
e24e24aa
63d338c3
5f521a82
db927ba4
3ccb2fa7
a9fb520c
4e1f69d9
76ae22b1
4587b625
485b0527
294639e3
37b9ca42
2253bc54
ccfcb448
75f2a79f
c8a9ebc6
86673820
cd476025
e0cd62b3
b9250333
a3dbd1c8
137e65b9
7c1c3e43
52abb932
a7578842
9cb271b4
6293a018
5d28e4ac
dc1f5fc3
5b3804bb
7537f018
895f36f3
c77baf17
26c62970
ec3b0b96
9549798f
61223088
5a6107c0
6a4c5ecf
1ec32c30
17f8bce5
1a705bb0
a1abe619
f7ec4af2
32a7ce1f
ef9190ff
2a2e6b42
c075bd6b
820f56e2
35198f7c
808a8a1d
2e5c77b2
445a2364
0c7012b6
b19942b8
d28f260b
ac0bfcbf
264268cf
e46a6a15
cb328d6e
3613aac0
50c03a77
cd1520b2
d4475968
fa2b327a
17754217
51a00b4c
bcdba76b
4df9b1c3
44760a5a
b9c23848
bec9215e
2b18232c
364f6d04
81c1c5bd
4c56c724
c9a2bd4a
b9f9ee0c
041cb203
2b51128b
298ba127
ba79d5d5
0a220c67
323ca070
0741d04d
266b9b09
bd538c3f
f66db935
780e5222
02b01c0a
13cd8323
664495b9
54bb3e5a
0fa1c753
cacc1064
b727a0c6
4308bb08
94c125cc
2fea3955
dbc27828
a7fb7834
0b207448
4a762572
376dc7ea
871bfe4a
326b4251
131b6460
1809912d
b95f5681
300a6a34
52fb101e
01333956
1c5e08e2
49708052
2e0db370
a69135b3
7eb5c629
a383183c
62957a99
1dc9fd1f
515c4188
03eb39b1
ced38c6b
ba99d0bc
138120f3
2c360548
f0a8ccc6
b23fa274
22210c75
243da47a
9caf79da
3646324d
b37ea641
db1b3504
62906b92
93967882
4a402f31
79d9841f
234843b5
47eeb452
30f47f7c
dd83acc1
9c8e17c6
5e90aeba
c21cb721
9474bc13
42cbbe01
2f38ea5a
a74eace7
b434fe0b
f55fa37d
57086414
376c834a
3822d922
02aa45b9
3b1216a9
098f4c11
6ab8a85b
147b2aac
882ea7a9
683526f9
c671eb5d
e21e6a1d
34e73da3
01463f08
877b3caf
f8189538
73007126
b580eb04
487411e3
84b3290d
1c7a007a
a2ab9661
4df49021
20a6841f
548ec506
b2961f84
3b552ad2
5154b1e2
9f37443a
de296878
c74e2417
a07698ad
c0056c8d
f5780290
458057b8
765d39fc
9c418544
1b1a4283
e5755579
2b6d84f5
6f1b8573
66aca37d
82f07fc9
57158fc1
fb556340
93bf7a1b
72d1ff87
03b0358e
e8c26173
5b471bc9
e1993bf9
e13f7d4a
1b2843ad
6cb0b88e
524c4df7
beb8d492
175c58ba
a1808481
c19b0466
2341f2b0
30cca6fa
bae0dd8e
2b603230
64de88e6
33c1b8a7
084906f3
754462d2
767930a1
0b0e55ff
e393c6d4
18073155
5d82e0dd
531d1235
a5f94009
c2698b73
eb828a80
8ac18f0f
2800624d
d15a0b06
83a822bd
f18be503
dc9a2c63
6a726f8d
51b37317
6c8bac72
cd59e6a2
30be353c
7b4bcfec
2f7c1db2
87705a01
25596623
b1a26600
7384c684
49629666
32d7aa3a
9f726993
004dcf14
a5ebac6a
5dbee351
6579b655
9df01a3c
d72b3231
8a8754f2
378b463b
45127296
b6a1abc0
24b80774
2bcb9398
190bb006
48386127
6f1547f1
fb8c139a
1071c236
3a8fd0b5
c29e139a
746cac85
7871f576
d4a69978
8343d30a
dc2f0033
07d35d6a
4fa60999
10879ad2
caf6c5b4
b809821d
f0856172
5696668a
1f753712
5666dcdd
d6888c27
2c2c8666
0728fbc2
922b82bc
07c48e01
0824fc83
0c994dd8
17754575
38c0bc18
807274d3
506b688c
e1344044
15b47ce6
cfc19517
fe7d738c
241c8f0a
8d07639e
484e970f
1a7998e0
531abdc8
fe688894
5bc81697
9df5e27d
9343982a
b608b125
0012deaf
85533a6a
21b32bca
4a687a55
3974dba5
aaea09fc
85d79512
88758b94
40319f2a
5654d9b1
e038377d
4a793bc3
6aca6187
05084ad3
09ec14a9
07b25446
c47f5208
db5f9a28
4a04df7a
23c50830
ea001271
034eeff4
3f5d3567
a1e01054
88aac535
5301b5ef
3ee58f13
ef4e3697
48fae3f8
66bcbf3a
ad9fb065
4d78b5ea
190d1d91
ac93e2eb
2f31b1e0
0000005d
00000003
0000002a
00000003
0000003f
00000002
00000620
00000020
00000000
00000620
00000020
00000000
eb36538a
0c0711f1
bb485853
99098b16
9723c989
0ab3cd8c
0e0ef05d
f20969a5
5e861da3
8c920af9
0aa861e6
c573abb2
d7634652
d89e8d53
7b1945ae
dacf86e3
470c3398
a3205a0e
dec22567
41f210c3
9de78a38
7c0c85c2
5b8baaf8
1e076b82
41817860
57a7beb8
3015e688
ff266093
a0d50677
16a6d68b
ea22d2b2
14ca2ed9
18a1f941
146bd9c3
bca1b796
41ac5311
37bf8a7e
d8590762
873c508f
84ba0303
5ac11591
5676676a
f5c50515
f1ff6250
c8f1b4a6
387bda31
c42a7beb
81bb8836
54b9c122
43549e44
920a2154
bd80917e
533a64f9
4cc57fa1
b2934858
4b75be11
b8a04a2a
faa54056
62591a03
85254d84
7b1d80e8
40787025
7e837211
aca9a36e
8448bf98
5014a3b5
69c4dceb
0554a8fc
a2281264
e218ca41
a48c9df8
15ac8578
910ee4a2
6a232a67
818b437c
181f8508
d3c05c53
65d3e3b2
75c83ce9
5976c273
03d9095a
a693a836
039d3e10
4f30bb99
3037a1e2
75f565ab
79097f0c
2fad9967
fb992263
c8688509
26cd0bb5
54d88c70
54e20f6b
70c7a747
19023ee0
5d918c1f
e759b453
80227342
9ff15394
a90b7797
c38879bc
0bb1908a
cf4fd9ab
0aa21311
8d40f05e
31c0a8fd
47f598e1
831b999a
ee596c86
f09e1a05
3f166a29
1dc13c1c
698e9096
4a001078
7f1241dc
abcb4636
c9c0d180
b124b191
8c728baa
2ba8b20f
dd802696
50f5cb51
07f1ee68
ff721a18
f320b389
9d54c16a
15821375
a7a60b25
41f8ddb8
533f683a
77936882
11a0d502
00bd1596
dac06e50
1d90a266
0886f98f
574fc923
1d44cfae
8343d19d
080380b0
a0f5c404
9819dcd3
cb2ab836
72c59d93
3c7dc047
fbb15b6c
91754d77
89c459f5
29240b7b
6b5ca584
e84c966a
c1099c21
6e0ac669
67cfaba9
336e0447
37b98a94
8d122670
07a73797
9c12ec24
606f4cce
8b5a9ca6
67c69d46
64c5179d
63b1542c
0b727cbb
80bf9a29
4a55ad78
3a177375
1a777009
29489dd0
59984616
cdadf887
24c294cb
884c18ce
7197a5cb
67a94dd3
6335666a
4697e0fc
bc609dcb
50cc2f74
eac7c334
b1319041
70baee49
802ab864
4447ac42
07a48e7b
e652f459
222caaa0
a2550724
e93320ce
1afacb82
5ea2d495
1e3a3ae8
57788ad5
70385847
704b73ce
1c8075d9
1308f13b
3b5b8ca2
21c13fb0
6e6bf4cb
4d643a19
655638d0
2f996128
176016ed
f7435bc9
5553d929
d80e21c6
f27d1b0a
1812c940
3d18caf1
a5ff380c
15bca89f
e255a43f
74fa393a
17864086
71bdfa10
dc59b720
5e392671
65af3325
653f5f60
6e48ea6a
b9054231
548ca55c
b3b90a28
dbc0055f
47761566
bbf0f111
591f0974
f25b2e99
21a18b5d
3d1a1589
fa231b19
0e16ad30
d091e374
c5f6a554
47242c13
c5267012
1a42c450
2a151a5f
e2340465
81a60af5
c8cbb76a
c7bc9729
f4c87e42
bc77e093
65ad43b7
c00624c8
46776911
80a873c7
018717f4
0c634761
07cdf93d
e66f6be4
102ce9a2
03c18bb4
23b23954
8103c0ad
337936b8
db4c6356
4772659f
5992c388
41278486
7fd373b6
ee013459
19293389
6e8a2313
767c7761
0ae8ccf5
a257341b
603f95fa
3b921f33
bc022826
fa9cf327
f90e4d5a
c095df61
475812d2
025dc619
1563959a
dd41cbf9
d5096080
610c066d
8cbf153b
404e2fa4
acac15ab
0631ec36
6c094066
0ab2f804
fbbbca40
68a8cdd3
41365667
a21c897c
6347b582
7e939581
3cce1507
e7b7baf0
6ed70ac2
312edbbf
7967317a
7cd7aba2
3aa0f436
88d9af93
74ca7162
75221c5a
c9ee3262
51e74a1a
776cd61f
84f3600b
2ae424cd
15b79396
08d9b02b
06b4eb59
6e62d9a0
5932afa9
26dc613d
89077801
8bf38acc
cdd03b60
926efb93
d34d7d9a
23c20538
4db9714d
f547af47
a6f4443e
4905344a
a6378a56
7cd03146
cc854842
a275479b
468c5fae
e362c30b
c637a6a8
4f12a90d
01bd1a54
b6750b04
cfcb6b09
f96a677c
709aa2ba
9e41679b
4c7f737f
87016a81
51a4c940
a14b3b34
651c41e6
088b260e
0bcc688d
47a9cda5
6936fa77
05aa80e4
07b9a7b6
65b5ebae
75698c4e
9a179f0b
1b776fc7
f993b72a
f9962dc9
4446b6cc
18ad53de
ab39cf45
c51be1c2
509cf141
19005873
4b916b16
21529a03
26ec7b0a
571c086d
5358ea1d
390a150c
944b3e7d
9ca4c06b
f11f19b6
cec63358
a718d06a
75dd0627
2c57caa5
0d64aadd
caea56b2
4fe5f89e
7ea20485
e5304dc8
51a5760f
bb7265cd
fc969b37
a7c3cc5c
c21791f0
300108a4
8be344e2
057f33ea
5c23f842
16e02e73
5e7f7e63
10abe201
f0f6b1df
f97ea17c
3fed22ae
57b58b66
c4ea739b
b3f1518e
9bba7ad4
19ff3ed2
0000005e
00000003
0000002a
00000003
00000040
00000002
00000620
00000020
00000000
00000620
00000020
00000000
d53d1509
90cbcf35
615cbd69
691363d4
c04fa55b
13973e2e
4d84bcf3
40779483
48a6b368
d2874a40
85b8ce97
557b648e
a8ac7043
f44e2220
9159a9b0
1d421a39
f724893a
8521a394
75b185b8
457c2854
22f315b0
cbb3367d
89509d57
ce382839
97ae0324
07b3cf60
2094e98c
c89a965c
345bae27
23ba972c
30256abd
0a5399f4
21e5c0b6
c7b71ccf
b0e956b5
5a823d99
4f9386d3
2ce8b77b
47b40984
29992bba
69395129
2b0380a6
d9a96958
ca479c34
aaf7991e
d3762b0e
171578da
10252c77
f92e1931
ba09743b
52fb636c
886c98c6
737255ac
6f24dc25
142dccdb
e24c6b5c
ca802d34
c42ce741
baf396d3
84bc9e52
9b0aa1c4
f3f12a73
0cf0d280
a79f3901
01083c95
99e25013
c46c3c4b
845443fb
04e63f73
1c5604df
81598fc6
0d1cbe54
da96243f
4222b3c3
417cc319
fc0bdb47
f179420c
476a4c5a
be981ba1
44c524eb
b5260f2e
0f4cb8ac
6a0c6435
25916091
9f3a5964
4a33139b
1df34ac1
5449c74e
d6589fa5
cf562147
ec7b581a
b0293da3
8969be86
8e3c1197
aac15bc9
b63b2bb2
ad189379
77a175c4
8ba27194
df70a7f1
b0ec6322
4fc1f62b
ac104856
97ad0501
5e266638
9ba573d6
465d681a
7eb3f307
34b43614
86266f60
3e698929
989f45f8
87273b69
62c8d8a8
ac400049
9aef57b9
1d36bec6
c1c89a63
b9d185f7
0b9483ca
4f192a1d
627a95e9
2af8e540
536912f1
eb1b3942
3a30b75d
b42c8c35
c9731c5a
c8f2e04e
5c497b37
aa81c26c
b1a7537e
b90d214c
750b6b51
186c83a4
ff9d6afc
635c7001
8fcbd510
be3ad08f
f8f9bfd6
95127d7c
262d3018
239d4677
914618af
3a662297
9a534784
10f3f06e
f21a7a50
2050a9aa
77a2e457
1a996a44
47612364
ba810f3d
df3d8845
27912c17
5ec32836
cf952ae1
83036fe7
cb9b0442
37a257d3
4af65ab4
2abaecc1
98a8956a
43059665
5449513e
97991c09
53b32105
4fe073a5
557fc6e4
b5ee19f2
9743ae2f
074fe106
98e23afc
67026011
9b62bcee
38a74cea
c801087c
9164f12c
0cdb8b77
3c46a98b
f8bec494
56577d8b
1a61c4c1
3b61e3c6
a42060c6
9352ce09
86545699
b500a48b
54278103
f666e8b1
31c5208c
49dbd2bb
b46f3ac7
e04bb978
84c0ac5f
e977a79f
c20d6f57
9aca6791
9bceb0e1
6afc7b0b
33f5934d
d47768e6
23e61216
6bd8f11a
82ae0b4f
00467b37
7d5a4390
08348bbc
74d2b8ba
6df999b2
5ab996c7
e7cdb4e6
4d89cb67
f094b4f8
6cd3ae18
682617ad
a7c00b63
cbef878c
96c28e96
2a2cbcab
c708a6b6
9a72603e
11545cc0
02eeca46
c2c37630
cf1efa5a
d8dc5424
812bf37c
055e245e
da532229
70cb6112
df80c906
15b35871
77ebad83
98cb1ca8
389943d9
b595db85
b38074bb
55bcbd96
b4d1c884
869da9e5
cb7ab577
c0b07a81
bc022397
26c52a03
2e420f11
4c93ec22
ac662394
4d404144
6a198ace
d8c46f37
4ae4fa77
2d8f1aca
ca452fac
78063e68
a6048534
72f39d36
14b02d33
711244b8
442f3aac
7976ea83
f78335b2
e6d970d7
451932b4
d042d31e
8a097902
41086326
e7a3fa81
d6812b80
927b0619
60562294
36822905
9fca487b
779c3ce8
a7a708b2
acc97d09
781ec85b
2c149907
bbe682ca
5cb1cb2f
c468c7f9
9967c8be
07b5e92f
78b4af46
8049900e
536e5658
c1af9597
0a322dc8
c644caa6
18d4623a
2c13136a
1c3ff6f1
299eb993
b1d4fd46
418dc0a1
83ce2fd0
8ac5410b
8841e95c
f2bd679c
b4b81bad
656e873e
40866a9a
6850eb4a
38052906
cbe8b87b
19da6a41
90770b34
6368581a
a900c865
1a7622e4
c1bd4a3a
8d494427
ef069b82
c91312d1
a1623692
e1c962a6
833e1419
776a3916
2bcdc507
342da53a
824beb60
212b42ff
77760033
bd0a4830
b404674a
8a4a21cb
6f984c2d
20a5da93
976c3b0b
b32b3813
4523b198
17e991a4
79d13d2b
be527a02
394d9ad0
2d73bf02
83b8f460
c20da9d4
8309732d
8aa96462
fae93c1c
b914e6a7
7f7ce137
043d0590
76e3dfa1
753c7863
4950ae81
c9a246b1
457a4b29
a617b255
3044fa1e
e6b3f009
e9a702a1
15501d4d
8ecc48c3
1c6f799c
879a6b31
30ce60aa
7275194a
ab88adc3
fe4488ea
048e78a9
434454bc
6fc3ea80
55c48d22
4d398a2b
d0bbaa45
8c050972
70eae298
b215459f
25cab3db
91d2babe
659f9476
d3031706
60f9c8bf
aab05701
28147e73
4e7993be
96360341
c91348da
0f48a72f
693dd9b2
a75aacc0
3a4c0f2a
e20267a6
5477fdf4
07546723
a39f3c86
7e112636
da7ba1c7
5fcfa006
9ec7f019
04d71d43
f7d6b93b
1a9eaff4
173b79ef
d8c03bb5
1a8aa41c
470e6f40
f3c82070
0000005f
00000003
0000002a
00000003
00000041
00000002
00000620
00000020
00000000
00000620
00000020
00000000
cfbf1cff
babe1c93
292c9d2f
a8a4411a
a42928a1
373cc107
b666c7bf
19fc9e50
5a3b6bcd
c349c8ca
97f34513
8fd3d6b5
b394404d
5509669b
562878cd
1cb2cc76
110f5d03
77e4486b
f422299d
5bc3c145
45d98c75
a873d420
c0721e27
678672b5
37c24c1a
a74752e3
56da43b2
962809d1
c21c27a8
c0f6236e
89afc88f
416a9622
16ac01a4
b27c5658
77379913
7bfb0dc1
5e255665
30c79bbb
7cd2c04c
40449c31
c0e12ea3
7174784e
5c587001
c0ed1139
c8ec1fc5
a74c65e8
60663260
779259ab
769a484d
2c97256b
b9f4ea70
0a486c69
e7c7c515
08011f7c
4d5783cf
cb08c071
a55a6d12
4a192652
b9ba9df7
5cdb62a4
622eb865
a6d3bf53
b34399cd
f22790fd
19ac74f1
072beeb0
27595bdd
65655d2b
833a6044
eb26ca79
0ae16ecc
79b02ca3
41a4b892
60b141dc
01447181
11aa0507
bb821cfc
8b76e206
4309d7c4
5bed1f69
7e7cfe77
f737377d
566f0fd9
c52a2891
7acde064
74c01cbb
5a819537
cf8f85e5
c84f8793
8ebbe787
6544251f
76a96141
002b2a19
f1133508
a7049fcc
95d7d071
636f178a
86c5142c
03573868
9d68e00e
aa5615b2
1438ca1b
8324f92c
7709b1b1
6680f166
8ea10b5b
ac6326aa
198c276b
215bb6f9
922b35b4
c7e94845
716873cc
d3a75552
7f07caac
6b0a2195
3c90c288
ceb90f68
b9663cb9
85ae9332
28a4b59d
5304d581
c8f486ba
c77bd648
874ec80f
9bc3ba53
6d549283
5a25157e
e45904e6
515cf9c5
3a8e310f
21f40949
4e78c8a4
d891eadf
e7178319
916413b6
5a752943
835b8318
9cf9d76e
76690b30
99461942
5a5ab522
cea1bb88
d8af8fb1
137a141b
c11ac047
196bb5fb
4b46de21
2caad11c
a3ee3c96
1855b994
ae1ada0b
f1ecce12
aa06face
380f983d
5bc59b02
84b90660
005c44e0
2affc5ca
6493e783
0a4ca3de
48fbb1a4
87b3d91d
029de176
e1b9669c
5471f033
7d114201
02eba39b
4bc9055e
64ba888b
39efa246
5454dda8
2b70929f
3c1b820a
60937ead
3e1882cb
a79d7dc5
a8c82f09
26cf0228
2c424724
bda81a5e
1518f4db
b6fe2c51
28619a89
9d788bfc
8b340fcb
67041d98
259e8187
85d0b3e5
37b1fa39
53a265bf
f717a310
60ca8e60
97a4b372
bcec0bcc
c7591612
3899181b
e1c1b654
3268e0c6
5160cc87
02451171
a5231fae
53099be7
25d53fc3
64362d42
f50ac4fd
cc4dc5c4
96d6ca32
90586453
84c95042
0ab13d8a
0d5a22e0
e029bcfb
a9f90d9d
e706c6bf
fca25906
7b815d92
199699d7
3447249a
86fbe2c8
71a959bc
373c3085
76c18d44
fb400aac
b8423338
59e344af
807eb515
c357bfc1
1a225d23
448b9a07
ba799937
41daf13b
afab6717
1b147eb8
52877931
ac6db486
40711bc3
5812d53d
5cb4b28a
aa2f6416
9909ca9e
bc76d8b0
e2b96289
bb041933
a738cb05
28ee77d3
70c55620
0761376b
f2b8b7a7
b2a64785
36b18781
d198261a
714ac662
ea4bda71
382f78fb
1b852445
e5c7e2ce
97d736a3
c0e8ceb7
796655c9
c8a29a49
3e4596c7
76a44bc2
a737c92a
49aad2b1
45bf4531
10521de7
ce4a284a
328b613b
94e539a2
5a160f54
c84c8583
9b0a2823
79729d84
9bb07864
b0ed88ab
19c45aa0
b40440d4
4cb403a9
03aa1c26
a0aee257
a40e41b3
56fba816
1c67884e
1c593512
0665aa9b
3ec091fd
19c25dca
ae04b785
71af5ac7
417d63a2
08b47b30
918442c4
0c22b2bc
5ae9bc22
8b2f713f
4c380089
83aa7013
79532c4d
198cb810
20caa040
2ac6d827
a8617540
cef4e3bf
bdc18075
e73ecdfb
01c11555
38c458c8
1a09583b
6068eaab
6b2f253d
cc0ab7d8
b861fe94
757906f5
bb28b616
8eb1d85e
78a9194a
85db30da
b30ad4c7
94bfca2a
f8b46536
3f90ac0e
c7608723
5a9e06ab
7b40c4a1
eb613958
ca5258d1
72073e53
65c4a626
500e69d0
40f5ed47
315c3498
91540151
92d1630b
bc6f059d
a2f72c6a
0928d76f
a029d580
fba234e5
39f0760f
fd25175b
c75fcb3b
b6b67021
07a14b33
017425d5
1306c87d
d8c8b707
7847bdcb
25aa9e30
6d403119
583c09e4
850c9687
7a203b70
d6fd9bbb
1206ff16
04716788
681c4da8
7df0ff28
e313b2f6
f41927d8
296c121c
1b44040e
d9173819
7baa86b2
339f95cd
d346676b
32e86677
b094f7cd
d7a307e9
2e091824
d99253fd
d1694ff4
6614c286
2507b856
28417578
7bb8afc5
c673e4eb
35584d9c
23a2e357
e6890335
6c145f78
6fd79833
f74ce224
ccfaa1bb
98767caa
642be048
eb1123d1
d927628c
dda66caa
97a86cad
c7b594e1
de4d83be
990b9f09
be228a84
d52cdcc2
b5a7ffed
e48d7b05
94eb00a6
e60a775d
5d06269c
3b8c82a7
00000060
00000003
0000002a
00000003
00000042
00000002
00000620
00000020
00000000
00000620
00000020
00000000
51a0e12e
6154c6f7
c5d12130
91264289
2cb6aa29
5f2bb458
ce51146d
e832c2d3
2798fc68
4768e1dc
6a13a418
62b73545
f927fcd6
e14b0455
2333c402
0fa607b2
c403b729
8537b292
1f7580de
bc866074
30f226a4
cdb4c1ea
325b2c29
1a0a7e06
b05b784a
8b2b54ea
b0126f3e
64c89036
36799bc4
4f0c44a7
509e649d
778101a5
a3328c39
7d9f8cbc
04166657
c2e43336
9020a33c
525193c3
2d54507c
572f2a4c
463bc07b
7ae38212
7d158b27
0422477a
7dc55b4d
b4aa8336
d4a839da
4538dcc3
05754581
b8c153c7
50f7eb3c
894d5a7a
68b10517
5d28586c
2f7f1966
500d71b2
ac43d917
ebc9d97f
2a3c1da1
3ac5047f
f648eabd
8a228956
31734f38
8379d342
ac563a77
3f009c01
8dad907c
8cf106bc
89999676
658ef8d1
f2d41d03
018c1f50
6f82844a
ccfd6a04
40825e8a
12735395
46c3a897
2731e876
10a72ceb
070b2e17
9784b58e
1236b122
b47a4175
2e115365
90c4d29b
146e1a13
9ff1bc70
d97616f1
c86d72b4
45831477
54af1999
4b71343b
5a7b392f
48229785
85913816
b6055796
8450e26f
06331653
2ac5bd64
cda55997
9a699ab6
81eac508
e87ae89e
b8d07d8b
80b69f7a
07522b8e
b34ea823
1a69bdcc
2e73e3f5
b2158fb6
9528a4c7
83c67276
31877ed5
b543b69c
f676b85c
63883b72
50ec0fa3
fe5a475b
67323cf2
9f94003e
216b780b
530f8416
4d3afa6d
81902189
00194c59
050affa7
77cabc2a
ec7bbdca
cf835fac
3f1c9b61
3739bbec
9c280213
699922b7
8c4d8aeb
88194489
e343b756
4ab6b2ca
782b7655
8ac15282
42d99075
ac837816
fc2a2057
31bb6d27
c7bc24a8
346f9cdc
dc6f8fc5
8d5b5a20
a314a44c
d4fc6b05
06614bcb
0371721e
3c187013
b66bf772
4b20e3ca
64bd0c11
4c6c4b70
ecb5da14
2470c9b1
2bb719ac
ff950877
169ac6a3
46494179
d69e98c9
d077b99c
0f04d84e
2321eb09
0cc3adab
a49bf48c
3a24762d
f607644a
900b4040
95a6bc94
8b10862a
4d28bda2
8f4ef60d
18a90f67
6a551036
9199f5e2
669a9fc6
08598d41
308d8300
01031fd0
a876090c
e1adf866
269b6903
77329ccc
f6af5258
0b5e4a70
c9874671
0e1ca5dc
c2930b9b
a9310334
810ea96d
716eb493
47b1735a
1a7311c4
fbe49c0a
5aa4e4bf
ae8c1627
e3887d54
44e3cf62
8b6221d6
0c6c9050
9ba76001
164899e5
336d5154
4b82f0c8
eeae19fa
06105d29
037acac1
ce5279a5
5b6524cb
b467f14a
941cf77f
44966b6b
8b570748
c0c8d75f
f823947b
9445c37d
74843330
875c96da
20467b40
447fd8ef
712a9ab5
4cdc046a
2981d077
a69f2996
99473855
79909038
b3ee830c
98622c97
ddceb959
37de4d18
8ac53674
a98ca01f
8cb818b9
25b5f4c3
414cf806
b65f9c73
9ad9ae4a
858249bb
8194b325
c03be191
171ac6b0
5682c8d1
16ad002d
1bb4b15c
a16e76d3
0baa249d
ab9c52f5
5c952bb0
54009034
282ceabf
2a113d4b
37acac49
5a93f174
589d9c76
4cd75940
a25c060f
b19fbfd8
95f83870
3e03c23a
d4290f11
4198f722
7ab64c71
2314ca67
2d152e6c
08c84bee
675306e0
4fbbe53e
0f67b632
06dd4cda
2378ce1e
3405712f
d6aa4938
b0b663ae
60179482
b28cb99a
51aa9d6f
cc499907
ea003304
5743b718
f070b54c
8cc657bc
6e05e469
130665fb
88778302
bf8c7815
10a13767
88a01434
7727c5ce
ee78981f
560d23a1
7da970b0
9b1adaa9
69681256
05191f50
cc29d499
92a26492
a11d00ce
d235a64d
11290811
41c36679
f7c53a42
88d6aa3a
33b16f17
9bb2999e
f02bc7c7
bbab6594
5490781e
39777762
2841508f
3b5c7b44
03e000ba
c5f6fa52
06a77b9b
a7678c69
697a9a7e
21680668
391b673a
22a15fa4
82ca356f
04b35bd3
4e08503d
a95fd918
c9a864f7
2b507295
24c653d5
22e46b42
8247987f
3a9c7813
92299c35
b9961fba
c8c33836
5c9150d7
b79a638f
9d370a06
10c831a2
2146b491
40c698f9
b2314fec
294b0617
02342bfc
6bcb6826
0ab81e24
923854cb
37d14a03
92c0d642
3ba175c6
99eabad7
2ea37e7c
065de46b
6c121c83
13215137
a1cfd17e
87e69211
8624c01a
cda7a9de
7c513584
7770d186
fe7f4a88
aa4c3e37
3211f242
0714423f
5791890a
c2b4662d
1f8694d0
e4dd297b
31035304
4342f26b
8b004e82
0c152b84
22122898
39ae2eec
8f2303b4
5e9a876c
06622104
44414ba1
3b4c50f4
7b32720b
bf504d02
c1adeac8
6566bcb3
7b232fbb
3fc141f0
338720e0
e988faad
7910c7a8
73bce974
76e6fe06
ff942675
e5099032
00ecbb79
ace372dc
5e17a9d0
8db0eaa2
51278ff8
21e45132
2b00fd43
f327faae
00000061
00000003
0000002a
00000003
00000043
00000002
00000620
00000020
00000000
00000620
00000020
00000000
782de4a7
eadf2fd6
3ed90c81
7e42ebcc
f8c0647a
b0a40789
aeb5da8c
96363478
04009ab1
a5258049
420698d4
8d3b3f73
4301173f
e2b3027c
4a7a5915
a7c2c869
55c65d3c
9f134e82
fe111231
153f2ad1
57681575
8a3c41ae
9384697a
4c36c944
20a9fca1
b8912919
9cfbb400
17baa120
2622c922
6c790525
c9c7da53
e1171333
5d130b78
c4ce6973
63ef6e06
cb2cc96a
6f516c85
745d425b
33c03ec9
6a85c5c5
702e00b9
2cc5863c
96ae7a9a
656374ba
16bae42b
cc205983
7578a0e7
ac32a71b
7dc45cb8
a7759359
2eb19b41
866302d9
c8be93f8
0d21bd12
915809fc
e8675d21
7bbad033
91c402fa
25f7b441
6a4c9c3b
474ec85b
653f1b46
97a396c3
590c7612
68b66d92
5d4b10ae
f15fc781
d36e3444
24391e98
fe544b50
f9974c80
5a93c365
416ffc94
91920680
431b7ab8
c22b42f8
92a28070
835b7301
0a42e7a2
5a54b732
23654563
9c93702e
1aa42dd0
9222c334
b7ccb300
3237c7b4
afe3b01d
f77565f0
22ea5221
73cb9a94
4ca279e6
7b1a2d24
1b638e85
0e2c26a3
a748ad3c
52397f65
1f6a72c2
230db4c3
27e8f194
ae2ccbdd
61ce9743
1e47da8b
89ce6773
76be4064
bd54921f
8712ca1a
918b5002
7119e0cb
fb86a673
9483182b
7592449c
facbba05
56b667fa
4d1cac63
8d8d3295
a5f61682
2088361b
94a7368f
213a0670
9b3c8a43
588bd79f
ba7026f7
1e38ac2c
f6cd4cb9
740f5ca3
b080d835
3447027b
6651904c
57050acf
148875c2
023fa3a0
9c431f3c
5a8ee38d
439b7770
7dc61f11
ef279533
5390a1b1
7ed6935c
22c6f2df
b32bb044
3c8bee80
b021c7c1
8cfabbd0
3d9733b2
70b81c9b
c386ad2b
835ae087
8d085437
680db7f1
6105152e
7c20a9b1
8a2b9e23
b1b67d52
6dcfe4fc
f62176e0
7a2b764a
a2499362
ebac66d0
46738187
b929f18c
903f4768
64a12902
f42e1bb3
794d70d6
22e28269
771a2830
345413ec
9accde2f
6323d82d
60960296
13531116
f9ac6cea
2713b9e8
7414429d
b05939cc
c0b93b14
5406fb35
4359d67f
b5c1c057
b7986995
9fc6c2c9
7bdc62ac
35f11c78
e04d906e
45e44290
86067a92
b731d213
35f12424
85b78879
4e18ea53
2199591b
349aa675
62a75639
a31f3d69
be7b0db1
dd02fc66
39410506
39ac0c5f
09592a79
330c5fc9
6ce2854b
3a7f0a35
bb709210
908319b0
d81dc234
6b5ab6db
50a949c7
0b97d978
62d2bdd6
59fb4281
2b81b2cf
071732d8
0b4c75be
cd81ebae
3a5522a4
5006cc1f
5912863b
481295e1
ada94b29
6dab786e
1c2f12d8
3b6bf332
51c7b36a
962e8370
c12b16a7
df5d1c12
56cc8300
bfd66892
e6412056
f8dc872c
c3a5b19f
4f209904
39ebcdab
971891b6
9cc6f40c
397a7dc7
45e2d67d
99041447
05243ed4
0c9b0038
2045433d
182eabca
2912b159
e1b8c535
db6290b9
9e04967a
9bc9cc9a
94279fc1
c39a2a1f
6a5b19be
6b168511
b9fa0562
aec16527
d734b84c
a469798c
1fbd32a2
f81691ba
1ee7ef78
45254661
61658004
a311af2c
db561c37
ea333e91
364b604a
c7ca943c
6ce4c047
1ba74fcd
3b48f749
51942953
4b76246a
3a6f60bd
77c44271
a2c9cf5b
2e441817
e62073a1
b5344e2c
02710c13
a74810d9
5c33d803
f57681b8
46c99c14
6643522e
51c76669
6ba88319
974b3031
ce0516f6
45a1c1ba
1815e637
9234d94d
64d95a92
4cba6248
69aafb53
088b56f5
63b69744
5b2557c7
465152a1
a056bc4a
78767b53
3b6ec920
4c89c6be
d502e22d
b6c75e3c
af84f217
9270f7b8
67540444
02f7ba28
008091c0
f1e49796
0dca9fce
e83620f7
8743be66
07636a0f
6c6bcc8a
b2330186
2327f71d
762b97ed
a2929083
7805e089
59503cfa
d2741ea0
c0c03190
556fd69e
e20a54f0
979633c8
386dda4a
e8bfa6e8
7c466391
33ac470d
e8f39491
ccf6ab5f
a26dab61
889129d9
93836d1f
ec96b5b4
89d374f0
71112acb
f46b0cb1
49f80f05
4d2820ce
a29d8b6f
f116c271
72261364
b6390019
2a50575a
ca800293
aaabb90b
f7c1cd94
6aea8fa0
446520a7
64c57661
3ca05fa3
474885ca
fad7b0cc
7479927d
d51ab172
c6522598
466766cd
8587fb07
874808f2
99acf5c4
526ffc7b
1520bb07
7807dfaf
a7016333
227941c8
9a95ae27
d56d410b
39dd7e15
29330373
4ca17044
6c8b3f22
07a7e1ac
6671880d
cae3aef2
bd7aca02
9fca72c4
3a85cacc
46204642
a0664665
b7129966
75478693
50a3d68f
118c0eeb
9ce9be38
e76d70fc
f0d5b2ce
e2fc7d34
60631d0c
44551ef9
16b7082f
ce667e0d
de5066a6
94fad528
361acaa5
cbca095b
e082ee23
01226f4c
a295b728
2582a442
37ee0255
00000062
00000003
0000002a
00000003
00000044
00000002
00000620
00000020
00000000
00000620
00000020
00000000
ea08fa6d
cbd07ed5
c3c8c02a
4f1ce92a
e95578fc
6fc56cb9
fd7ea183
64a19ce1
2e36705c
3c393803
370f86e4
2cc7b01e
81c49478
215bb0f6
7687fc09
68962cdf
a9151131
85c9eb8d
4c1e54ae
d65f7a67
b632cf7e
f9c1725c
d0cd6868
03797089
1e4fd795
09416ba9
c05c2690
03c2b9a5
33632443
1eb56a4f
c90c0a00
50d0c033
1463df67
51729caa
f2740f50
2a89cb18
6379126c
427786d6
49c5e196
8f2ee14d
c9e57918
629247c5
f726bca1
1197421b
51b5d418
a758115f
e8790308
6f043155
c1069213
03cf7fda
cbbc41a9
54cc0caf
f380be24
3f68376a
c64d3274
f7b780d7
873c5a46
0cc8a09a
56e0b865
4a4b2b1c
1dcd9214
f0646b09
0c55d0c8
73b8538d
376c3a53
14f101b4
e4cf0ac1
51f1755b
2927b0a1
9a4c1bc1
69f73f07
b847a259
bf09373e
6cf09b57
1d206886
81049c32
43f000a0
27284643
cb5d554c
86991c20
b2f3990a
2e66ac78
ea262ca3
6be3720a
8436ec17
e2ad1948
59abf697
e777203a
e4028058
3535138b
b68eb4bf
ba3c0ea5
93532bbc
5a0d765c
22091374
55d8f194
4b6c974d
505353d3
3374112e
9262b533
abae64a6
ca21762c
f1b4b673
c477354b
8a458db7
65a11bda
90747eb5
69e8e53c
511a531e
8a386c07
24c1b156
d35cecc1
b579bc90
cfc3e658
ba1811b8
80591405
12a159bd
5acb0c32
e6039587
3cb7247b
e06bd4de
b9aeb494
3a9352ba
e1a37904
b9d0cb31
6afbd426
2c567a3c
f97419a2
5061e02f
7775b381
c8d69ed6
915291cc
b4450a3d
d912ab62
6fe008ac
f12da83e
a3f314e8
8f2bd3cf
f943266a
09bca0d4
34eaafab
0ac3ba3c
d7f38b0b
4c855d64
39bd75da
7aad5aa8
3c132852
cb3e29fd
72894b36
6719c840
10a53138
c83849e8
51c143c8
4679a1dc
1511bcc2
69b413ce
eb5f5c6b
13df1930
937b6d93
04514229
9705974c
73999a43
6c714c60
d54f8ac6
4cf579a2
be88e26f
e0f39a49
2338122a
c376a93b
68ac2864
8c766f0a
73352214
e22a7d90
be0676a0
c1c3e720
fbc8c8ab
9d35a047
f90acb0d
294e44c7
a38738c9
370cc0ee
1cfd0f21
8bb28a70
406c0972
943a752c
69e9091d
86a7624a
34e68e21
7ef63513
949f2096
72710150
45bb9689
05adc9fb
378eba09
ae385390
f0a28645
c9370465
a37cf3bb
8116d25a
491d396a
41a9ac21
8dc3723d
1c95c9b7
366b0a73
b0b07738
4b6a1bf6
cb1a3253
f4521bf1
282e6a1c
9b794d0b
03501a5c
5bceae29
57b12346
6a4b947a
325c2c41
8c3be867
8283ac51
fb2503f6
58b3b2c8
bc24f8d8
658b4e11
a7b69852
189e86e9
06f2b8c3
7b9b20b2
73509b06
c8606223
00d7954b
5918510a
804806f1
18c229ca
e42dd61e
6b3e6012
809a3ca5
0709e5ba
bcec9b4b
89f93b3c
f43b8a21
3b6053ac
57897c23
2ac702e0
6afa03ec
12d06947
6524a9b7
58316574
cad63b4c
63b8834a
393b74db
c5609994
90c11287
50007fc4
cf0a640c
49c2e28a
bba4166b
5dcc724d
d056a7cd
2bdb2cfb
a35416a0
8c06193d
2427aee2
b969dc39
8571ec03
50138966
138558c4
f9c1daa6
0c6f8937
6857beba
036d2b9d
457a75e9
87d0e1a8
28c8f834
e35a5e8a
1522a22c
8166b441
03c29fe2
1b2ca805
6776a205
64577b79
61f0ca2f
b27031cb
90debdf8
9a19a79a
3d4f7c24
b475c285
17cc659a
c1700c27
b05fbac3
89f46756
0ccb8062
a4082c97
51342862
e711626d
b7e6b1b6
c7d81d05
f00fb2d5
0208725b
a079b463
1eb141ee
90527607
b6860cab
1608470f
4a5b3cac
a7080a73
6c5f12d6
07e216e7
1f14217c
38514ca8
8c60a634
521af54f
12c9ba70
f65d09d2
c4a36011
79013c95
6cbaaf3a
64c1fa5b
160f4520
e1344938
6bb00c0c
e70ac519
bb1d53bb
64f5bb05
560ea178
e6f54a41
a5aad3cb
e020d60e
7748b85b
457ce507
1850d320
6ccbce68
cca94962
078137cd
2b3cca7a
5394e736
41b9911d
909e6ef1
24e14c5a
1d33c58b
303905c6
5c2acea1
1c99c44b
76e44ce7
8dd7a16b
631f0906
30837e17
4ab21b4d
deb26424
b67656f9
9cc8ab1c
ee8fc297
17b45db9
2f341c42
6f3409b0
ec481745
6c04ffb5
35afd842
48b277d4
6ad423c1
a78439f5
f4f003aa
3731979b
7b12d54f
682469a3
569634b4
489da38e
f7cfc805
5999ccba
902be13e
44b35d81
0b77142f
7296f598
ea788a97
58b1f5af
7a4343a1
669ea214
05fb9728
e1ba4c4f
a3336868
38d44bb4
3214f208
6a6358d5
7b671985
1a33a6c2
9cedc543
c904a314
a8bee1c1
492bc024
63b7d108
2c4f5011
6f89b0b7
38fee0fb
a4bc3ad2
bcc75863
432c9dc3
b895bc16
d5a583eb
5bd16f22
2e5ea924
55d6cbde
3a501018
01b90683
00000063
00000003
0000002a
00000003
00000045
00000002
00000620
00000020
00000000
00000620
00000020
00000000
927b3298
da687a94
7d21fc40
7eb78d00
54ec258a
13a19968
aeaab3b8
f4667e05
a1cb57b5
88297083
ec6a5b85
4eb98c96
587039d0
7be51e32
b62a94a6
439c2000
059f0589
12c33046
294cf76c
7b2d1029
44a9aca6
a7008cf0
227942fb
0fc9ef03
322db086
baf7cb7b
6495dc20
cbcdeb96
d9f983ab
1ee3992c
4cc6abc6
ccb252e6
9fcc6025
a10d296c
988e5c54
0b61fbaf
3e2a3429
9900c6f7
96e1f366
1564ba1f
ca2482bb
7938ea34
033416d6
84416de7
aa3245ba
3a71cb7b
2304cfac
4faa9185
fa54d5ad
98378fa6
2160d8c0
df78d392
a9a432e2
8c00b150
e53c89bf
438c7598
1642686b
ae6e57eb
40f581a9
a073b72d
ed89b922
15b56cb5
bf987226
ed2ef240
76f20624
b38b5b9f
3f41dc9d
b8d53914
7091fd4a
dba4c17f
d6489fb6
414cbf52
e66532ca
93df76f4
964b636e
40415690
20b9a051
4203cc49
d476c813
2a16ba65
0d757d2b
bb47119b
145fbb85
88bb0c16
123a967b
cb3b5dba
11015c91
d21685d3
9b861a17
09044a6d
3c483bf6
e63b7684
6319e859
6f836bf4
a32a1344
7aa68562
2c3a42f0
33ea37fc
85c7e304
c201134a
424b597c
839149a0
29363666
994e3798
56442ab8
a70d869d
83f17317
72fcf905
f6b91c3f
14950bb8
a389f870
8a0177b8
92bcc120
b77a0a5c
e512da84
c46d93f6
4b52de71
e33a48de
56729f91
2f1963b1
971d3989
e29410b9
10a52552
5052976c
f9a70095
70f15629
b81384f3
b9a63b53
bbb5b9cc
0d571c06
3800a5f6
9acc3c67
d944e5a8
ec4cc39a
434b7c5d
e68763be
9577be24
39d21812
2b4b701e
8713bf38
14a7bd8f
bdcf3a0b
8c801101
a02a7392
830053d6
b9a95407
ca1a1170
2332b3d7
51ddc1db
83095134
1f71a247
dc126148
4ee3fd9f
01ced093
ac5d4811
1e0b6a1e
ba2ae3a1
21fd6cbc
384a9373
767908f1
a1e2bc7c
3b4a656a
4ca4fa0a
e926a248
4a86e37c
fba74920
1cbc71b6
c2366faa
27934844
70367da7
1f46aa2f
872385eb
4aa20afb
14a24a71
841eb8ca
a78ca3a1
81c42308
635e243a
0573b556
1bdb8a63
e67ac2ac
530f3269
4ce73a66
df0bd1e7
c7ed93f2
b506e6cf
8fa0c0ec
6bba7de4
9c37dbc1
577589e7
891d8cb4
4660447e
3d4b8155
6130237b
2f46771a
dc3d927a
e7af8457
a6619d49
b556d3b2
3a614494
7a082c76
87c82704
92bd8751
2f74f139
29512a07
53455aa9
ae38845e
8197b5a4
8c9e72c8
9cb8a996
929f0511
a16dbab9
9a52ca28
98bc00fe
f7491f51
60757904
7e02d559
a9af7e42
38e60415
2b860ab9
a1297355
9807bf73
69ab028c
d0da3d32
a15508b3
f731a771
e0af0524
abeb275a
d7203332
454a75f2
0937a8c0
a2c4325b
49908c87
5ac5c420
f8871524
22ce2fb0
1cd81f51
4daeb964
d9013435
ab1bd13c
44c0dbe3
e7020311
b7ec1860
97774754
47e312a0
a4786b1e
24ae743d
27e611e5
7239ab04
bc3b98a7
40f022f7
7536e68a
53c12c27
b5a62e23
7d133008
e2bf5212
c3c2a1c4
21d2332d
9dbbf52e
15280829
87943f2e
f1183a18
2a286ac9
01b7131b
e259eb69
78c481f5
b570994f
197365ec
67127280
c505bd56
e75ec085
d21c3702
af522f1a
49bc674c
0a164561
c6b0b558
001e53d0
f3278fe8
51337789
dd07d7c2
e7d80a19
6a05638b
8303c33b
38f74095
9422926b
75546502
abf67532
ba20d224
a996a4c8
7b0c29e7
c331e5c7
c833d7dd
6517b198
b668d14f
1e148a27
93202141
5fb74648
00c356df
a3ac1234
9f2ca779
d3caacbe
bac05aa5
7f2254cc
eb71b5ca
8afc3287
4ddc0b12
e367b2c5
918552b5
8e74bcb8
8d409a2e
975b1346
bb78b1c7
55758634
196e7f40
bca1f000
98a672b5
a441b8a0
9a3585b7
5f190339
b8eb84bc
7b03915e
619f973c
542c6680
7c997287
de942a4a
71bc7e38
61c49f74
b2bc03c5
9a63ae84
6873848a
815fa189
f59e37c6
3605d558
136ff889
8c437019
0aa3b545
690d468f
dbdfc94b
36715b55
14869a62
0b9c6b8b
1057cca5
a99a0ab0
52892671
4fb5ce7b
7f1a63f3
094720d0
8de1b1cc
b1787005
b3c78a55
3137aea0
10cea772
71a08ce3
bcd9e281
e49fb3d6
28118936
bae5398a
ac1480c3
67891f97
a2a2d19c
296dc2ad
31094959
4008ac99
f9070a8d
0a4d6555
b5e9f91d
7891a2fc
8a3b6295
c529a633
27493276
3ccf9219
30a159ae
d44d1bea
6a5b0936
54eb4941
1b723991
d34d727c
10437685
1ecce8ec
a31b9d69
be5074cf
2b3eb382
9842b3cb
6a69712d
5e22c28b
f70b5fee
fcb6088c
13d56a65
c68422e7
fb478fcf
a3eac56b
c0199bd9
c4dee1ea
a3a7289b
9f882558
460360ff
41b6fab2
abc7496f
58fd0db1
b0be6efc
00000064
00000003
0000002a
00000003
00000046
00000002
00000620
00000020
00000000
00000620
00000020
00000000
669c21fe
c0c03ca7
6f0b74bc
9230e8c1
12371d85
ce901eb1
de5bf6f2
b1797100
625099b1
2b148b3e
e788bc9a
19cad11c
0472934a
811f7c4b
870bcea9
6dc85786
77bf1374
71caa3ce
412080a6
1a8aae35
c5b65482
728bb6e1
f9a6c524
32d3152b
eb2f6081
86de8360
2972c761
3f7a9ad7
b2862afb
9b467e85
efbe4685
45f611b3
4467c7aa
4f6aa359
66671f17
1401848f
6495e19e
5c80b255
83317361
92788a7a
ec589c30
baa33c3a
e77355b2
042cb2f1
623b4a17
9399fba9
521d2d25
cf089996
77651b8c
88c91d37
a5cd0005
8c47e615
852c16d3
a9f09142
7a85a341
67e7ce28
2b6af3b9
27aad09f
c2011667
4352f7a5
d9929224
e158cfba
9b9b1b31
5b937284
d07f592c
7cd20e71
9a24f101
5135c0da
4d47a306
fa3639c6
98abbfc2
ace2e67a
63044a15
f6d65288
b22195c3
c7afd13e
a0251adc
99e52540
1186195a
994320eb
0cecee14
5e580c06
96a4c371
0973afc6
39910305
346d35e1
0935e413
9509850f
9aed5943
c46185a4
7e5d7730
607c80a6
5d1ad95c
4c7aaace
1026a2d5
848cee79
aa9d491f
81e1adb4
029b8db6
3e2065ac
90dfa3e6
7f72b1a3
068de79c
c4294afa
710c16cf
d8790c45
c67c5f1c
29d080a9
2760bac4
4298ccaa
0078132b
163a92b1
3bb97228
1f52ffa3
d98ca6f7
885760c9
a6bca704
d65af6f5
dc68a84b
28603455
fd05142e
7746b628
c846563f
5e1bcc00
e5d156b0
3e375008
0f4f599f
36044006
4d8122ce
ff32fc26
995cc162
b6b0c8b7
2ece91a6
06a25c7b
b7a7b923
61292a45
22840724
6a401e2b
e896f047
f03a5262
7085736b
bc0e9298
62cd7df7
96e0c079
1447e3ed
340662eb
190be92d
43035bd3
863c014b
47446564
efc5f09b
70b585b2
43e3ae48
e5c77232
00054322
9039f910
a11aaa32
564322b2
31b16abe
45c223e8
c52480a7
39d21018
de9feb58
30d156fb
51208f90
f8c9470d
cbbc81a3
85ec747c
3cb4b6b3
b2d1a9f6
2c9605c7
a9c00377
4cd23dfa
408282aa
72bfd16a
72285737
add50b31
855e96f9
d5b37d68
af2a691e
2e13211f
f1f26fec
075bbacd
91919b0b
59873f59
8eb3a1a3
bfc98431
a7c594bb
2f153512
34298324
31f4482c
14b6374a
af59c62e
8c041ed0
506be77d
bc3c6bb6
4a259fc3
5c3411c6
d74e2834
a03b9976
3d882c38
a504ecc2
3b00a074
7d87c433
ac7b6a33
d3855028
cd61fd82
7413a80e
4762350a
c7f70348
67b8b107
6406c80b
1649df19
0f906a09
2cf04531
b4b2622d
8b7696b2
90029717
0898a515
0052d7d9
153000c6
97c1ac7a
478ad77b
fb7b6b13
8c24178b
ad8b0ab2
5256978c
6d92609d
295a3494
aa1e3d96
2dc69788
e35d06c4
dca486d8
7b4510a1
860decc4
c33095e9
ab23ff0f
b6a3f0be
a5ae0c36
41ca8364
e100acac
488c65b9
5dd55da2
7c0cac5f
b259c6f4
af315263
ee6a99bb
9cdb3160
bff85291
d1298a6d
d5b58d34
6ba1e16b
6f203ccd
a6678ba7
2be274b8
4432c5d1
6cc25fd8
47eb7b23
387ed42a
339458e6
564c271e
bf5b9571
59f104f5
9416734c
920e760d
822994f6
0b00f35f
cf709535
8a1bba3b
1ce0c2ca
5ec5e01e
51e835f4
75d77089
56c65731
336a982b
8fdb2abe
8f4578e1
28e78ee1
3075db45
b92d8042
85a7943b
9fa96253
ed2fd49c
0bdb39cc
c5d9538d
c6cf77b3
b01c88d4
538ba539
d2c3109c
b4a02475
4fb25faa
b16b6ab3
41f43302
ce0122a9
509fd678
4be35284
50664248
778eea87
f4eb9bb9
4fe16943
474c355c
2473025a
c5963b0a
14a5a606
29cd39a7
6827ce5e
4952f5ff
07cd4788
42958ccf
ff7c6640
fa9e8a88
74104436
0d43ac83
ab586ceb
74624ca6
0623c9d3
a66750a2
5f51a3b4
014896b4
83c73151
6f6be0ad
df63a4b2
ba430d1a
34b11370
fe12d2ad
37824aaa
2851c19c
f8aa5553
f48e9fe2
cd35722f
c056f759
42a5c848
22dacb53
55a73c9e
a20252e9
0361c4a1
7167490d
77c621e6
0cc84c6e
3a2fe1e2
d9f51a7b
1883614f
c3c9dc31
fc6172a5
0a99672c
7ec69847
9b1c4f07
cbbb7e12
ff5994db
25207fbb
0edb4dce
12bd11ae
44226bf3
49064685
07873212
5b353cd9
c8f3ebab
73c609f1
7cee9ce7
b2249abd
274eb9eb
da587691
9306329b
ac85984b
7a07b946
a9a1c89e
1a677b26
3c9c4c66
0e38ba12
a2984122
da8f7827
bfe8df4f
7fb0648e
69d14d84
01f1d865
83ac75a0
2220b2b9
402b5892
486319d5
42284025
6d90a23d
a4aac059
f2215886
192c5ea6
051fde51
0febc4c7
8572b623
572429b0
248c1a7c
8ce92c0a
1342df40
f6c57b45
b601b8b0
73589c8c
bd4f71fe
c00f5c04
77d14c71
56e0eb12
1cab0844
723bd478
00000065
00000003
0000002a
00000003
00000047
00000002
00000620
00000020
00000000
00000620
00000020
00000000
a164f2b8
ca50552b
23a533b8
ec9e115c
39c20bf7
b38a8038
54a5cb7e
f6f09770
be546363
bd5ea792
073b55db
30544b81
f5387434
06c9a712
139719b7
9e3a64c2
f4a2245c
857b9d5c
ae26a70a
b9554bd7
cf58228d
0f4e54f0
b2f38c1c
0284741c
7e8eacc6
384d6002
75062ec3
d8874cb6
1caa0e03
12512e8f
c66aeb07
94c62ad8
0bd294cc
4d128377
88ad238a
7a539831
a1b98c25
096b83a5
0c6a856d
2bb8abb3
0700263b
60258296
512863fc
f9c890d4
87000d7e
1a7b5934
3ab01cd7
23569e8b
e240d0de
381a5652
b91b29a8
4f99f3c5
e5b758a0
c8d7a446
511be63b
abde072c
36d344a0
4f8457fa
c8bf6376
a9d74754
c0c2abfe
781049b0
a61ae209
7e5c463d
f9923a58
561be4b8
6070e032
61f56755
1ed91cc0
5d6a4564
17da05a6
3e1a8367
54c04971
1bf8a9b1
813901c3
3453a125
60f1073b
cd613297
2542f798
a7609248
87359dc5
773896ce
ab7e8081
6deb4e8d
ea57c5d0
3bdbaae1
93f45073
25181b93
536b83a1
89725ece
37ada473
45bb48bb
ad809e4f
7243f55c
d3b72f96
7c4bcf38
6954f03b
0c494986
06974ebc
8f08f80e
2c838a51
1ff38035
c99cc050
c65b7e98
38d7d505
9baa6745
aca9138a
2625683e
929c632f
602c7803
9596df5a
33269528
a08b44ab
76e6c585
98c2f4be
644a7d2c
a1b1e732
ec6fcaad
6aae04f6
37842baa
cd92bb47
17040982
715a7254
9f921c51
d5e98e61
ba80bf8e
0b202c5a
5b173c96
2da0121c
9ca1a6d2
5510b645
51c2c168
d169b1d3
9b386754
65e042b0
45397562
1b8a1f88
946502a2
91406270
e0ca32f8
6f65e9a0
77ceec7b
9cbd48a0
aeca55b3
4a2500db
94bf1a7b
49b683c0
d8786019
f9c08620
b060ab5c
dc63c835
cc60360b
0e2c7c6b
8a720323
02f70cf3
a051267b
b800d04d
e36c7ca3
a1da5351
9d83b465
c5e18825
bb107689
49bfd32f
26cd4679
6791bf81
b1444bf2
28339909
284addb8
b7c62a43
246d65b0
3c3bde57
19379252
97c2acfc
acc68f71
4eb3f772
747d0893
3b7b8295
76ca3743
d0827c96
21a80143
8870cb34
ec6165d7
104acf3d
74317c4d
390fc824
5316f212
81b46413
dcf71342
3e75c448
b48bc161
e49fc95c
84b952cb
be9b80dd
7ae70d57
6f810567
1210c5b9
33ad8fa8
0b80de98
1890e832
407b1143
5abc9d46
c5110311
d8610172
b768ed29
e4590ab1
ca6b0a40
3d5b69b9
9f8322d5
90428151
4facf434
9f29aa29
8aa901ac
53c84da2
71603b2d
5c7ea6da
934a4d42
26806af1
96538504
1851c9bd
cc5dacd0
0bfb9e0b
5fe8d73f
cf7b7768
905acf87
1356deb7
b5aeab72
a4abc452
c059f030
247e97ea
f937cfb3
5957721e
e1c9e61a
cbcdb6c1
6d063b9b
92cf398f
8a82468b
c064c1a9
307e1476
53c8a949
47e00eba
0e0ef5be
788fa0b5
107bc820
dc9163e1
c5df1072
0d95278a
5f9940f1
102b2505
04c55d66
917c2674
eb230c36
86539974
0947f211
e3266602
6da30e6d
ef1a2a1c
1c160e28
6f68f86a
8c1cd8f9
81790a92
2b5893a4
b93556c4
65772c1a
a7779c69
29a3a696
b5015d4a
af083b0a
bf556649
9283c1fa
52526e50
2e789508
c083a628
8e74461c
ae4cd9e9
5bc73fb9
a6979dab
d74ce34b
85e103b9
cbf0980d
86ac5669
98048df6
39076c3e
506855ea
acd65303
81c6f3b2
837ee12d
e74f5134
ccd54f8c
b422c98a
47e891e6
2c754736
5c516ab3
a87a9ef2
ccfc371e
dccbc274
d3b66d76
2377e131
3e6ea718
32267b46
5820e505
b807856d
1a8504ea
98cb3d04
5d8e5a8c
d4132b91
525a5d93
337658b5
a4897806
0e162444
b7333613
72c60f38
739a30b3
4b704c83
8b85a6aa
01846c48
d6036be4
b83886a2
1b94f171
0c15846b
533ac537
58e53639
b5cd53d2
73b3a7a3
7058f0b5
f078db76
35e024a1
2362bab1
6111285f
37bd7419
72a16f03
c7a242c8
84cfaaa4
25b49f2b
4d53b1bd
7ab853c8
cf5c7682
fea40372
48f74b8a
53704458
7098447d
4c7da028
0ec01fc2
685dc074
c18f1c15
43340d5b
72cb30e0
30509111
4013c390
2b5bebbf
89574f4b
8f16f3b4
e89d5361
9cdf58c5
2daab91d
049123d7
17f0677b
0a2cfe99
9db75af6
ab9676a5
b5f39f11
a5322aeb
19bf1668
04ec075c
a213a787
305a30e3
448089c3
a6bb43ea
5a664442
41e41961
bfa8e3c4
bc71041c
89a9e7b2
58c0d861
a8651c19
52717f06
57aa15c3
920e3d01
08a61067
4183a6b9
b79ebca1
3724fe82
098b8cca
e23b780c
b6dc8632
c4a762f6
a81b5d56
1b651960
ec5a4541
cca88fa8
76b606b2
43fce374
7f44fd0e
084e0c2f
bf06a35c
e897877f
6936c2a0
bd4adfa3
c0993fe8
b2c9211e
74ebf3bf
00000066
00000003
0000002a
00000003
00000048
00000002
00000620
00000020
00000000
00000620
00000020
00000000
df92e58e
0b283b77
05db870b
e6364614
eb8c2001
4e6b9c24
088495fb
28b0cb3c
984a0e1f
626824a5
9101a4ec
b1984150
84268a04
ec9ea22a
b55c1165
2a120587
368691d6
0028bfaa
d6878a67
a8f5125c
1849d183
f8ccf6d8
bc6676ab
96d8a821
1c1f94dd
915c18f2
20097f75
0587c4e4
f6dfb02c
58b4a65e
b66693b8
19757b63
13001801
e45355bc
6cc02cab
4aa7478c
faa8d6fc
5711c68a
1c60d758
b39d5055
86586605
cfc14967
820b91c4
0b948762
48dc2d28
0a2a7319
22ca7c82
82406873
8dbc4462
91221f7c
6d5b2e89
7146964f
a0eb5ba8
a0b36496
e863a84b
62986a1a
2809fe66
6298f88a
5c67c159
13010c04
bd9bf858
1c2e9771
03824e08
f05c54a6
f08aab31
7808f23a
5366e0c2
542c050c
2b4bee95
341bd473
61083dea
12f29d05
42aa3b36
58180168
697c3b55
a9cda728
322a5d48
9d4a1e02
be4c997c
043412c0
27e3399a
d3469778
c98d2cb9
bb431948
a1666b32
90dd05a7
66e64336
781179be
d9a25e93
cf07ed9b
34c51683
c7ad85a4
2e80fc0f
62489b8f
68a76a5a
3f41d16c
af094165
b2b686a6
cd718859
4b2952e6
8440556a
a0996568
4b066bf5
da7d3d79
0cb3ae2f
552f03c2
23da4e04
a48cacb9
ad93e8af
45a2a7f0
2580f62e
81ad199e
4965981a
bb918612
c342cb5d
161cc704
74545357
b261e351
2c015ab0
19dc6e6a
6163ab77
f90945d7
20d6e408
132c8c67
5bc12280
7ed89a21
901f578a
87587f2c
3963bbb9
1826d9ab
24436d51
1db2d526
5e89b6f1
544300f4
3dc4b444
565451a1
5aaa8223
2217bb45
e10e2c1a
a85b8b14
06b88670
fd9f67d5
37d257fc
11649a22
7a0f0b7d
81656281
92911a46
93ba674d
363e7269
63c17f4e
b70e4584
a9103199
5b319b99
d9b26ceb
aa437c1b
3d8cdc21
1c7ad6a9
c8ed32a8
68f04ac0
a04110ff
b9b29817
4d313992
672d800a
441363b6
54e57019
a1126766
7b1ab834
01f4bcc8
4346355c
a7398302
9d13fb59
a0237818
52d58627
45322ba7
f7375aa6
9c5db066
80f79bcd
f4216412
72764da3
3ac8e0cd
72953b67
7c510403
ad003f3d
2c313c28
447e0a12
404b4f86
484f14d9
da619d33
720ac88a
965bc4c6
363771ac
ba7ad758
45c8828c
10ec5266
81f36888
11493851
2b2400c5
b3e15e17
1141e309
f2f828e0
7f146968
407189c5
0c5c720a
09db4612
592814b6
66cc0e00
4ec2897b
8e28323e
45dd6cf7
49b10b62
e3810598
24433e29
a9338558
89601916
47c34253
41390541
d67a99c8
f2877f64
7a8aae0e
e7cc9a27
951aac5b
4374e2cd
9ea077e8
04eb8777
adcadd88
df3d0998
33f80e99
a8c24171
525a63ab
f1811689
aee94255
e18bf5bd
5a557a89
10d9cb80
9d6b110f
3c305e92
6781d1bd
031b853b
37ec5c50
986bb890
5a214332
465e6959
81b7cb17
277489b2
81f662e5
39a91521
5ec0d004
952e7325
5c05655d
a2c7cab9
3a08c9c1
280a0ba4
3e85e431
22eb50e1
4d1c6a69
011bfcbe
a7181186
4c20adb0
12841b24
a6624539
2379e200
67b862b8
38b2c419
ae411974
5d4467be
04c04e7c
8aa1ca37
05539706
bc4a9123
61626455
e821c649
d0bd8cd7
93bc226d
20688bfb
0ac964eb
43a7b617
1932fc31
2033003b
5986961a
19b667ad
e90ecb6a
b134f815
cf7ce554
e58b73cb
a66a7499
643191d2
80fe1901
bb92190f
1a826220
95c17fe2
0fb29087
77664298
cc1ebbfa
6a53a266
5fb054a5
682a8448
4151b068
aa30819a
015a2692
75c7266b
b5821ace
d3e81d32
4eca447c
34bff69a
3bf784f3
98829b71
25c28107
016795b6
beb13c36
a1233997
646d90d9
b384ba3e
ad1a6975
67671a38
a0a6874f
68c209b1
85ef8323
492b8e26
74b4e0bb
f6912c34
4168acc4
c00b8755
c7541852
bb415dc0
224f75e9
ec12c372
8cc735c7
0c7a41e3
57ee8ecc
60f7ae4b
dc5a641e
39912b15
a1a04361
500a4c8a
d0c48430
905cf777
1f2aa68f
c2827887
7645d49b
8e90d8a3
1929a8b9
7d81d398
02ccf616
932c5686
557ada28
e3139235
d9bd05c7
248a2266
580198f2
60be94a8
c13b483e
345f0404
979b5f80
bee4c794
2d9e1629
75f67a04
48a48d4c
01b63c6a
13da6a66
69b8dc23
713047e2
f89f0fa0
8c0410b3
27513c3a
266b9340
81c5197d
74cb5aea
88ed406a
282c6b86
3a9b923c
582e525a
af70e982
31cd3adc
c224b027
b775976b
0081c302
00fb38a2
4d96ad6c
7687f442
1b2ebf51
71b39737
ec67842c
829d3685
550c4c88
5ce020c4
b30f72c7
2f3babb8
f5aaa31e
e6730bbc
cfd9766c
be3c5ff5
01f9c7e9
3ff8a2c8
fda6ce99
4f46f7d0
130fa9eb
d77e27d6
5d585e03
fe3ecc8b
9cb7dbfc
00000067
00000003
0000002a
00000003
00000049
00000002
00000620
00000020
00000000
00000620
00000020
00000000
8c2b05d0
d03a5568
92f35e5d
37baea0f
81e2b121
b83ab848
dea23641
8bf3cb08
b409d838
b8c7d628
13328ba1
4e9cf0c8
718c4c14
2b0a0e66
71912d9d
24a42aa9
5c741369
37b6eab1
43c9fc95
61c9258b
16d9640d
b466cbb9
c9744452
1ab99e7f
214a1a1b
67697aa2
1812e71b
ad9f9277
93519703
139968b2
fcaea83a
d209b28a
7f226339
25cfe2d8
90696999
575ade2f
7a5c847e
76017917
8e761f26
2b534158
117442ea
b111f8b0
a028f947
ac2e1d11
21a566b4
d86e062c
42b60d4b
3f35026c
a72a4c34
3cd79155
5a26b0aa
103452ff
182176ca
7371eab9
18585b27
774f080a
84e32068
231111b1
82585fe6
35114607
8d5d93f4
c67e6362
4aa71204
74c06959
990d46fa
572a8321
ea955461
e3903e1a
b5a9c03a
e8bdb984
f3c02ef1
1a23df49
5f7729fe
607cae92
8d987ecb
407d4391
98687aa5
417930c2
282e770d
17393b6a
84949130
0a78774b
eb335156
67c30e88
035cc273
19db19dc
a8113c77
f2b895d5
e0a478b9
9eb67d39
cf51c687
f2a49f8c
11636259
19c5fcf3
4b51a80c
6ff66b2d
7c98c3df
25b93715
2e1761b2
01461b28
78641f08
60975243
4bb48bdf
687f1215
37872a47
148a872e
68fe0ce1
b93b1d07
eacd206b
e2167392
6153cc53
5f52a233
e350b961
19d3e052
d8b8e531
9bae0dc3
4dc49560
168bfb15
291d8d3a
0dfc3c74
e5ca8148
9a284935
bea62a4c
d368cbdc
18f24517
478c0868
a1ace29b
ca686108
ba7a2618
be94264e
13157aab
cf54ed07
00c98194
021fb6d6
86693a6f
08745440
ba4c0944
07c95b68
4f27d475
a9516641
b2ab7a3b
ad2942b4
2c5297d3
7dba748c
c3c54600
a1199924
27529921
c28d2043
e87e6ffc
6b404d3e
828fe71c
e86e4430
c4eca261
9f593846
a4493896
93b45666
8703ea91
2735199a
10460c91
81700321
440c995b
268263a9
e55250ad
359d7c28
58a89c74
c41c4620
cb435dc9
9ad0a05b
ef5bd12f
1aae6c94
50e5227c
72b6803d
0c6eb315
aab4b10b
4c7cab1b
9ba48191
44881e39
802f1b69
4b588552
cc358682
85869c32
99d6c15c
8fe801be
e312a58b
12e59997
901ad81d
7a63f6a0
935036d1
90005a56
b7b1abfd
f8234a28
5f15d212
5c8f2723
8cc05f6a
5546477b
c41e71ec
27ed4a26
c409a0a1
a9c9c023
f13db279
5446211a
f20a14ca
11d36786
cce27c07
08327294
056f1a23
b1094d4f
a3a8b9f7
db50bc12
15d1f613
95afc2de
b550529a
12b8573a
b9863b57
87d9c329
6b489aa5
868897c5
d6f4c2fa
bebc9cc4
186a356b
c88568d6
bc9302a3
a0a38b78
1c3c64a3
31b54f98
112fc9bc
568eb262
3c4a8129
608ee296
5afe0323
1113e527
17130ce3
b1890cc3
91e226cc
6b6a06fe
384ec7a6
aff5ea3c
9183f315
db67cb72
3243c207
5f95bbce
a9aa58fc
5572f2b5
8532c605
c8e2868c
bf20aa35
c6254916
414f8d56
c5c74a77
c49c1301
70854f97
b7732643
f3ab39c8
a847351b
47671336
369b6a5c
f2913354
1656ba78
49b7415e
5a700931
af60b69d
0f49ec7b
53112c38
b3e8a7b5
ff34c5db
8cb57de6
6335f5ca
dab3815d
a117696a
1b2a7152
a57c34ed
36e00c4b
831cec0e
16617674
86ff6797
8b7400ce
828edc54
91cac04a
6c47524e
ba31f775
12fe3861
1b641062
fa5a584d
883897a1
33c3591b
e97e050b
69728310
aac34c4a
fab61310
67146da1
3ab7dc8c
796bfcae
772f8658
9d9746ba
06398193
0a694748
0537ba0b
eab9e177
4a438395
89b67175
6b80f62a
508c33d1
3cf1072b
08a495db
22399da8
7053a5b5
fb95215d
f7f69e32
8fa80eca
7623e843
40947aaa
234c7b3d
4dbb2b3c
58f7b108
a84866c8
8b7606da
314b2e63
9d03608e
9d4cf81e
45fa7295
1f99ca7b
1c2383fc
29bd03e8
7b9ba6a5
7a12108c
d2ddb948
3da7e83b
bec47348
d96831a9
2e793031
ce2bfbde
d14f20f9
133992b9
a19ba310
5203ad55
14e3004d
f604c83c
c7c3860b
a7748d60
7db8849a
2b1fb24a
1f07ad37
46620163
70063313
c5d7c976
5bbaf71b
9026c222
6605dc17
cc9761cb
b4a0a2d4
a1285808
f00d791a
1a4d06a1
393a3fbb
419f09c1
a2a86e49
37f61641
2d04c588
6451662a
170c3db4
3021a7f4
f0534aa8
35a5d306
0a6469f6
e0539026
76cc7787
cd68d224
420cb911
3df05ec1
ef7d64f2
bb6011c9
0624c73b
275f3383
247fa70c
08204229
9597bba8
2037810b
0eaa6147
8a291435
e37e1d77
95e96673
e2afe0d8
f2debbf8
a38a1971
e3b6009f
9e48de0c
6584a60e
47e79492
b46ece51
8e91c855
c64f85c6
cb00af26
c6a6ae4b
29387163
482f29c3
f9b9a9a5
5da9c377
84db54b5
4af442c6
3bad22fa
00000068
00000003
0000002a
00000003
0000004a
00000002
00000620
00000020
00000000
00000620
00000020
00000000
a5abe71a
8508bce4
14316437
4389011e
238e1196
a147a74e
06a43ca6
753eb702
820a7017
6d61368a
031e8b19
3fc66461
8da89a5b
31267165
b0755009
7422e47c
6b37a391
c5e7af7a
f10e02e7
878fcad0
54280a52
ecce163c
a38cccd5
43938859
ae74051d
0b6e8338
4094b0a5
f8acb13b
78fdbffa
a816e18c
0920d184
d8838219
85764ba1
4631e5d1
6cc7cb27
a175eb5d
bb573ba0
e2df4769
4e9a6bb9
cf222b99
f0957551
3691d338
6f101866
918e7682
56c04d77
f38235e4
750a86b2
1d100229
23b4703d
b4c07b33
3875632a
16227778
005122f3
4e900a79
4c3c609b
63cb499b
a04a84b4
553f63b9
60736d14
316a296c
f8779b5c
1a0f782a
60719166
b6c89631
c7182931
bed00891
07920b76
a57333e0
2a07ffbd
572d9b15
8b3374c9
ccb37597
4bab46c2
0c6659cc
66670acc
8fac1bbc
5bbdcf09
c4380323
23977017
174b6bc9
95f03595
f378e44d
61469fd1
1281c392
e52c12ec
37973c34
c2d4ba7b
a104c95b
4c1491f1
b0456387
5d0a2b50
d2d6837b
c0f8b675
8627b2d5
04fb5904
10804db3
26a7e318
e43b5567
b26a94ae
c1cab360
3ab41a25
cc06adb1
35218a3e
826128ec
76c61330
745a987e
d2813922
ab23336e
fd443629
99009c77
25b9b690
6309a858
62dec6e3
3a4155b5
15899786
d4075546
90c732b6
b858a7d1
90d98c8a
9500570a
b762120d
d02c4f49
0d302855
f5c74432
4c942be2
27aa35cf
94944ba4
32269540
5e9b000e
3474e317
d1b8b004
a5a2239a
fd1585c4
ac0b43b9
4c77a197
a67c050e
b358444a
b57a63b6
e2c33446
c5a58db4
1849081b
e500d0d8
776032d2
5ea38c8b
72697580
19950035
17abd250
6e30d25a
2856029a
9a44737a
b03fcb7c
59edabd0
00276065
8c82fa61
9c7c68e7
6bc34588
887352c3
272a09c1
1b23ef01
9018e85d
45927d7b
2f178875
2bb453bb
56e5b663
23a88382
b782589f
3230575c
5fbb9b3d
d04a6bda
dce10b56
b19b775c
24133809
73218dd9
0e98da66
75cd94a9
d09cb9ec
7ed9f594
4865e2da
f7e36651
b9271f26
5d470434
0c10a112
0ce77610
12b3c420
01930667
6688bf0b
3ac5b116
37ed4335
7aa6acb5
ae67191b
6868a0d5
c2daadc9
b2009231
73788e95
9ac0774e
126710a4
a7aa3444
7e382ea0
ec5d93cf
a0d504f1
1d77f9a2
e09c62bf
3783a9bc
a3f31cc5
6b816bb3
b32b2309
1f01e82f
f98b1a3e
7673a7ab
1285a83d
1e82e463
e2f52886
5b4729a9
a0000077
e03f7786
809c0573
e9a5cce7
188e1345
3943ea9c
8467e1a8
56833034
6d6b4dc6
c27152d3
b9e77714
bc18e7ab
311215fc
d7855932
35da2120
c9c93640
f3b71bf6
c6c6b4ad
5dc0da07
b000c051
11b11b1d
d68a3180
c98795b5
39a78fcd
497fb351
49efa066
c8d81e91
0f26b4ea
6b2c307c
45a0fb93
5c9a339c
6b355a48
0b83ceab
d333753f
a85189a9
3fb23e47
1caa934f
006fcdc0
63a86dca
39bff7ac
796f94b6
8a830650
96b58726
ba5b7c16
789abea1
e48a69e0
16350d98
a9385909
a9511954
e5788abb
55c0bf54
553c64af
122b2c6a
c390f866
04554464
21963984
9b32b246
4b8f7818
2975a1f1
26e29851
8997b13c
801b6445
aa316561
b03c5b35
8cc5ab4c
47452322
160515da
7a74bad7
3f00d097
2c1b85c3
b50ccf60
80e29619
4d5b24fc
a0cc3fa4
ad82e76a
a3c9b259
96ea30f7
4bf0085d
b2a2741c
b93c3be5
5ee18245
1751e3dc
d5904492
07168124
094158a0
328ea3e8
74e9c928
10c6422f
43f99fb5
2833a708
bd8da01a
52ff9aa1
0f7c64b1
930cc174
1be4c132
4c215020
4d0b0921
76037468
7df52842
5c9f96c3
16399d09
9a4a660f
2c009714
d87800bc
4dd7f26f
365c153c
69151029
5e051d43
5c69e044
196b44cc
4e6168a1
1ca8c5fd
05ceb9b8
3143e3c5
970f7100
3784c5ac
43198503
802f75a4
db833bdc
6a95aba0
1f9f29f0
0c9a89d9
03e4abbf
19bf699b
68007956
9bdb423c
0900c15d
10cb111a
13c7205b
79093b86
5c4e9384
c06cb69e
af28f328
120a2c86
0bb8c24c
e8bc94cc
c57e01da
b3fa2133
a03fa927
c26cb4f7
9e2191a0
56397b61
73745a9b
9260005f
65b805cd
1cf901b8
bd6cad96
feb4316b
61e89e37
a9110a3c
bebaf5d8
72038403
1490c45c
59901462
60359986
a7752e8d
c75254c7
1996a053
b60358af
66c082dc
08eb59fb
72493eb2
e65a2b5d
c3ca3814
16e938b8
925f2ca3
a0e41588
64753b69
3b544b6b
069700f5
c9d05035
ab664b48
4a53ec77
8197935c
47cb6ade
64f658c9
c32d0759
98e0c79b
4aacf79f
2a64dec4
8c94d131
5abdc193
11f27070
06c020ba
3e091895
ea8fcd17
d01bb248
00000069
00000003
0000002a
00000003
0000004b
00000002
00000620
00000020
00000000
00000620
00000020
00000000
ab49f4b0
bc928024
8ffb58ce
745d7159
8a00ba67
76811274
06411845
f53d6e9b
63c5955d
53a484ee
8160b811
408ab114
2b482648
2bc98249
bcc9d090
2e3ac829
f5f84916
a5f1876a
435b35d8
ac1f904c
5d30a4b4
6e4afb15
a1ffc199
72c5d65a
2eb4ba58
d5be9502
0ef053c3
5e0cd52d
5a81a8bb
6c6b7ec5
bc7bd6e0
d66aca20
7d72799b
f706db5c
3cffbf03
3b985a62
5e566075
14f2be29
46128c40
521fd36f
1a4a0f15
37e43a97
913ba0d1
e2ef0ae1
75229da4
ea0960c4
b8b0c6d1
1722ae85
aa3891df
db3a85e1
43752d6f
bc7ac252
b66c3442
79cb8b65
f703d3ab
12c4ade2
38d02090
5d1b83d0
512fb0d5
0a85f24e
5a2992af
83ff08da
bf548dac
d558950d
88f0853a
76c7fbb8
c53ee942
b9fca298
2094a62d
176bb72f
cb99b50b
46c5e083
8e61781f
832ac9f1
a6aaa573
6724cce4
74090a83
47b2e9c8
f914c590
87121908
b99cc008
5e53ba22
03122078
aafc277d
10cf431b
792259e2
8c6c692f
93b365d8
80ff8fd7
ae5392ce
a3965c02
9b52c275
02ac1734
ac57f8c2
20cfcf92
207126b3
f4a20993
316d0324
4df3642f
7387d5eb
1ceca28a
06c3306f
987b19a0
eb3b3b53
2519f603
2ac2aa1d
8a8996c3
cddcf446
781cb389
07c36613
af21d04c
28cb0c48
40efbef9
6bf8177b
37a66be3
e57aa422
bd9c7003
8dadb442
d0047152
9752a298
1995597d
d0451f5b
3410295a
561e9623
7b087cf5
98cbf069
4d520519
00806b07
51880064
00c8ea74
45c4bd36
4e970050
5a7449c5
b9eb32f1
643c7424
268f8c90
69a8b7e3
031c7f45
41153124
f954cd55
c3d99881
2739bbb1
5c215b37
693b689b
602db5e1
48b8c5e5
61c727b1
4725f371
1c488af5
2c659e9d
567746bc
793a994b
75cbec86
6cbc296f
a10aa9d1
9c58e531
8250faa1
d8b7403b
3c23c54c
508826f9
e2be71e9
aa6bee69
811122e8
c5f11e38
c5357612
0612a73e
74e59e81
25e00429
dfb7a5c4
02360577
36fc10c7
2c7cdab8
07dbb526
02fb6e0b
84360603
a1daad23
36a2143c
762471da
f3ab19e1
272c692f
1090d255
fc6e8426
1827e21b
99c926da
25ce191c
25c04a43
5f78d294
a77c03a7
4fc2eb51
3ca00283
d05eabea
3691ce2b
6b6a82a6
14c86f4c
8379a1a8
917163d4
0c05aa73
8eec129f
432513ce
587f32e4
046a9596
ea9ce36c
64242b92
6fc12736
9453f93a
c46acdb9
28866158
1f7a99db
bcc5c943
724a5183
f6a9c7ba
e494b159
0cf0b6b2
ed0b5bb3
fc1fbfc1
07497a7a
4b86db21
ca8e79aa
542a8c4f
d9ac5019
56106ad6
85c7b064
110e0b8b
67472829
5924ff59
3e544b1c
931716eb
86eafa11
e345ebb6
532444a7
8d869607
758fd4cd
d6907688
0b16fcb0
07802868
6690994a
56961ece
64cbcc92
8699c052
00fa5528
0200fc03
7caa6ca9
0e88c38a
0f6b0b98
23a882b0
8c8aa76e
cdbe2749
60593d97
152c4056
b17c3c0b
cc9e1ab0
b5ebc8ae
3d7c45ec
aa293c4c
ae0bf25a
6d50bc29
f6221f33
8b84ba29
368424a4
e28422d5
7b164353
a0a1a62f
85639aa5
187c172b
6415831e
9bee4ac1
b41af629
478ef081
46822654
8de4d606
13641600
321d11c8
81823721
dbae5753
a19da7b9
b041e70d
56c31b0d
62028925
7bda3ccc
6873ba99
a5db5f59
15e58597
d4a17408
9514276a
6bb20dcf
2844ea4f
29998980
a17a7a64
2ca30662
c4b86cf4
5fa2b980
9da9f08c
c8584e34
2e6b03b0
b89861ed
23c57cc6
86a4c280
5796e566
c34128d5
a313754c
4e460071
35461671
cbb21c14
92178a6b
0918433c
33898199
180ab28f
07700a93
8d40ac0e
093b9766
95ffb57a
26b469b8
c7c0e3ef
0ad4b751
4040d953
02b893e0
f3bb3071
504b8836
f917b97f
c95abf71
9fa020c0
30c36431
76dc5a38
5f501c78
e8a7f717
e8d1908a
47428824
d94099f3
2a019140
8382d7ba
8c793610
991d8efc
1b22668e
792c1098
37244313
6e53a529
d45d9a09
909733c2
4835469e
9b2da91a
c5a27df1
6d556f49
5b5e712e
d7647cd8
0432579a
e53dbc57
daf0cee0
9af01a82
dac38087
bada9de4
6c92b733
63b7dcda
cb788c76
ae269514
be57a45b
22761ed4
9679bf16
e4486090
fa0b4834
5ddc8b41
4e50ba3c
50014fd3
067ba1bd
8c24114f
a0afcdda
2df47f9d
1dc71062
28f810d5
4fa4e0bc
deafbc3c
fa65806b
bf4a3d39
3a4fe9fe
f1692a19
0596d2c2
3e316011
230ec919
c8425e8b
3e39428d
4b87bc96
292574c1
5cc158ab
51dccb82
57fcafc3
61f84d9e
accf829d
dac32e67
525fec3e
66cc0a2e
54e5273d
0deb96bd
9c928dd7
54343c42
182c7970
c2687455
f4352a9b
e5c5d2e4
d49968f3
38b1d62c
50ad36bb
0000006a
00000003
0000002a
00000008
00000075
00000004
00000020
00000020
00000620
00000020
00000000
00000000
8b877aa9
e56fd3a6
f1b35c50
afa9a11c
ab91136c
86353a6c
8ff1d330
762dcd52
c19dca96
6ead6bf9
d96b34e8
8a48300e
a571c879
4675b0d2
53f7803c
bb195742
98335ebb
225add79
ce7a07fc
861b3d9a
d9dc9dfd
5d55560c
88bce5f3
98fbb5e6
8c081ae7
39084b59
a8a8b3c2
57c1d385
3d34352d
c9410e03
33b95b6f
16b399d4
9f8977a3
820e1c93
4ae250a2
783dea11
6a43cb40
b5413d03
e3842e1a
4f806bf1
1be29c2c
3498453f
ecf7ef5e
a436f1cc
e543bda7
8def972e
fc254e11
d83706fe
0223de3c
6351bc89
affb1004
ee10b8ee
f0a93d4d
4e9c1f15
c6cf687d
4804de42
9e783968
83eb0b13
15f5f735
e97f3180
d28cd08b
77448bf6
5ad0af5f
80609701
7004f28a
7234875f
d22b41a5
0dd6e4be
bf620561
5faa9164
a7c9de0b
e895d613
5a541028
f40a151f
75a02a8d
6e8a58e3
440761bb
6a2d8bfa
bd2153e8
02455401
d1d80974
6e5243a7
81475d50
50bdfbc5
d32fe367
9dc49ede
b3daacfd
b1f7c2d2
99eada29
374fb203
28c371a6
f5ae7066
9fdf5001
0596c1f4
d7df3bda
51fcf5a6
3e72c965
f50d11b2
6ae313a9
5d319298
d3ca62bb
13d9ea7f
4727918a
9fe23cfb
80cac4e0
fadfb4e9
74697cb1
a17e6036
9f5e2100
08b1dbf9
45159e4b
01b07494
dca82f3f
12ae17f7
115f1834
61669f79
d7773d86
cc8c5957
07a40379
7905c10a
8afc3eaa
dbb9e879
8916d600
96064b13
b1a82cbd
23127945
6358af22
b864df34
a9909f9a
ee809a20
cac72444
9db432b1
e1f901b4
b0ec7151
e4c6713a
235664ea
da5eb012
0821f6b6
deab3858
0e5f9923
00fcc9d5
3082d06e
a7e8af14
dd7e97ce
a5a2c16a
4ee24a1d
46844952
03ade88e
9d8f23f9
ab3bb8a5
a314e5b2
8dcc7086
37cc0363
a767f24f
33bbab0d
57cd9a5e
c8fb0873
61b5d789
260c9691
be7e056e
9ec1db42
881478b9
1d9e506b
af006bf5
4f7c0abc
4c6dc7c0
6602cc8b
a20a5964
71c6c911
e34b5884
29badb7a
ddd6bfdb
f617f769
c95f187a
ffdc5f4b
4b726cf2
49e30c23
5a46d3f8
17d9b532
06173b21
2a488a11
c978508e
6b2589c8
74c09f12
3889bc70
e2195e60
64969e78
8043873e
20a69a97
16488b46
d1c2fe7f
053b5c37
5d631fa5
cd7840cb
3edd11b7
23e729f7
071423e1
2f8e7e3b
7fe69866
1343299d
75499787
0f229942
4834e45d
faa3f060
e0108af8
7d28fd85
e119395e
ab4faa9b
c2d56d36
6f1e5254
405cc04f
bc7f8d49
95f74bcb
1fd75a25
f4d543f3
4242abc3
f1f180bb
f5e317e2
010e82b1
2ad73dfc
6735e298
8b21179c
50fc9e02
061eef25
3e44e5c1
26cc644d
a8870b49
db3ce142
11de43cd
5c1c1a78
ee1cfa20
dd39b540
164c9630
0de6783f
8bd819e5
2328f724
887fbae5
2da96ac0
cf5f6b1d
5fc3cb43
de1d6947
193e70dd
6d63da0d
9e8174f2
0b1dc028
e681356f
6e9197dd
a5dfc19a
2316a651
fe40dbaf
98263060
34877646
0e9fdd3a
ab8b3a45
75204438
1ba5deff
ae169510
dcf9f9ad
5dac6a55
dfd79501
4b58c456
c8c8d0e4
75343955
df3bdb8f
dd1e4d62
e78f5f0c
cae954f3
d070a5ce
6c3d56bd
0da1a998
3aafc6af
3532183a
add05a3c
7513c611
0f32f5fd
34f7adfb
cbdea6e4
4d5365fc
37aa0c3f
42db0171
dec8baaf
2389ce15
2b6739f9
7e138ad3
7b3393ea
8dbe0fa5
fa33a4c5
f1a2433f
068918f9
b2cbd555
d07b99af
83b2172f
8febaee9
5323e6a3
bce0b756
f6823931
0ed09eb0
340e6b35
f40c2e76
a2ecf462
2be5ed7f
15877e84
9b01764a
77ae7d43
06153df9
5575baa7
c04e9308
b227950d
53a69abd
5a909693
a9893438
617536e6
449e6793
a1b64aa8
9f6b7eed
bbc7554e
eaa09146
21d0633c
294b18a3
0517e388
194475a4
86b19855
bb803c17
fa5080a4
524f2df9
7689bd50
dfd27816
01711d87
d178e60f
a7a9a676
f0252089
ccd3de6a
24833fef
c2116b30
05418af8
f880b239
bb730cfd
e638789e
ad03501b
9cba2783
97ba16ea
748f3ccb
7884654b
a7149147
fb11f1f5
0bcc9158
d0c5113b
7a550c53
7b980799
f81db34a
e339f379
5a380507
80fc077b
14d1d427
0e337405
d8a00fb4
88b84c7f
74e21779
f6519f8b
edf5d4d3
026510dc
a19bcbdc
b52d82a2
182c78ae
cacb8aca
5188bdb6
cfcc194b
ec7c5f7b
58c45670
bb7948ab
997d44ad
1b6bcefd
1d467cc2
7ff74cc6
3a0d1f69
d8413700
128812db
677481bd
e57fe9c7
51c99656
cd3d8336
9975fe1d
6439a861
29b89870
89dcee3c
2b6a4d9a
8bb58be6
2f8185b1
f5f64349
4ebe817f
2c98cc35
66a5b637
6db5d742
27584831
f036ba7f
ecff224e
1a8baa61
1e5cc606
b0ad41ba
844a5799
8c1c8f50
e5d22c1a
40bd8655
bbccdb1a
7d24fe85
0ee394ed
89b5ec6a
dcea0e6f
0000006b
00000003
0000002a
00000008
00000076
00000004
00000020
00000020
00000620
00000020
00000000
00000000
49b090dc
bab1f05e
06ec01af
6f3cf568
88c070a2
bbf77ee3
0181ee98
ca1b03e9
ebdafc40
0ee65e26
62c1d75e
d3ab0030
f7a5bd2b
b68b1df5
44a8d67b
70910ffe
d1648892
a62a175d
96c424ac
8c6f37fc
0b274387
64f7740e
a62e5f05
104df70f
98066304
a9ee2baa
eb0f59f4
c75536f6
cecce910
e6b59b4d
8c07b960
a225c128
5daeed97
b52d2c79
bfcc30e9
bf6bf588
6dc40ccc
aa8fad71
b710a926
7b469248
5b04c0fe
a679c637
4cfc23c8
dfb72e80
f9d10626
a64df716
a83c6b20
43f9e152
fe32378c
24393a90
9b9c2059
859a7b8c
0c4f779b
15f7667a
14882c45
3373f3ad
78a622d5
13236061
4d70df6c
90bc1269
46a98c5c
7e4fd0c0
0162f87b
f6c48a7f
1fd9c8ea
76e9297d
a37dd254
7730a4fa
1709dde8
50c76bf5
af4bdf95
c9824832
bfabc099
c0ab71cd
f0b823c7
4aedebf4
2bf09b23
047a3828
b63e9742
11da17d6
f99f5750
090cbfb7
bd4280e7
dab48cdd
f18089f5
868135e7
afc0db0b
325c9316
e1d51203
5631f6a0
78ead065
457a4bec
a04cc624
b17fee6b
83ad5be7
18300b12
f9ac358a
66bfbd2b
fec10d09
d5bbe7f7
bd0fbb9d
e3c6f976
ae8b4230
937baf4a
280b20e4
22797bbd
a5f83a34
c4a3d179
5da0b558
e2e6ab86
25ddeb37
347af36b
d5dfde89
a3ac1647
3989e6d8
11c9539d
3a619278
11746a40
8a5d4756
1961c450
981729ea
e30b27a0
c7a2ec3d
9fac697a
826add17
9c7aab61
b65c92d0
3f16dac5
654a4113
d99a3f28
2e2a8e4d
68b43f21
067198c7
01673417
95eaed84
202f681a
84b9d237
7aaadcf4
a1862194
ca1fea54
b807ee82
6b21a0a7
f7a59670
f268b3fe
80c51ab1
44336b48
8acc19a7
67e3d7af
8d41e367
70e16d84
e8e0d427
bc6a3473
dd378b78
b281745f
fd772833
7a4fc397
4d5eaf24
654350b5
053cf8c4
6f8a0dac
6aea3d83
d12c4feb
34c286a0
096c0a8f
0f7f32fd
10b4fdbd
92382931
e96b3ad9
d032decd
9ca211ab
2a13e5ba
47b8315f
c4818559
3ebd439a
ff044cd4
f0f92e35
315536fc
b69679d7
ad5fed14
4408efcb
c97aef8d
326047b1
019e5eff
30374d66
2beaa880
476bf049
d2453045
6bf1125b
5204d579
93f8254f
5fbf02f8
55ed6f36
d629c350
bcc0e89b
e7183180
d269faae
1d08dabd
adc2e13b
d119afa8
1cc597cc
4c016d99
9257a376
8147fa46
a5ae7d04
b1f1c43b
542eaabf
e6cf5639
44d0b607
9064f5cc
ace33425
3d11220c
8d426523
f3ae64e3
7af693c6
08b4dd6d
f173e4fb
5b3306de
f6190306
7a1323d8
a125a7f5
28f0c206
7732c941
db588d07
1a169a3d
9fac98ad
bde3002a
f2650b95
e228733a
d0e4c394
81d0402d
f9350933
cb607e41
a647a1b2
abe7a6f3
9ff64676
a1b5a206
150cd0ce
c800e370
e25401ec
3716b3fa
4f0f4551
d1749bb8
f1de170c
9cc8ae6c
bcbc2a34
9e1f9e69
a872eb28
5fe8a738
7d7d7ee9
7fa961fc
fe137bb9
44bfcad0
1a9b99e5
9bf6d1c2
b343ada6
5354bedc
4c934930
79020519
af50a142
69d22184
f53c8aa2
3fdf9e13
6264c11b
b2bbf806
b762ac0a
d1f478fe
5e8b0589
da39d0d0
875eba41
ba9688ed
93b7d418
428483bd
feb2faf1
9744794c
20681966
f1118411
e7f7fd74
289741e7
aca6e422
9e13d7f0
9e24b7a2
3607c29e
6beac069
ae8504be
1b5cfbe1
20a298af
1ba3e9d5
eae09107
903c514c
6e9cf906
e8d3c014
9c2da2e8
61770356
90e6f9d8
be1a7cba
48ba5656
7a16786c
a84d9580
7df0b612
74e05e5c
32fff944
56b585f5
2b9595e3
7102796f
5b9c0715
32a31613
688b8990
5d115dd8
b82411a9
f5d22054
7cffbbce
8dd34b8e
cc06c371
a5d33b5d
fc590a57
a06a15b5
59280075
67aa1bb1
770784de
61ef05b3
4742539c
79dd46d3
eaafb853
bf88d38c
2aaec0c4
343ce85a
a872c6f5
465e7d3a
76b69f2e
a6a6a3e0
8c2ac291
89584127
b3b345c5
d55cd305
e1fc96c7
eae8af2f
798b8e01
0973f78c
80945e57
21f96be7
dc45c7d0
b67166b8
bf6730c4
29c46db5
bc07512c
5f8fc901
df0329ea
96c9a68a
6a957850
0f3e2a43
c16bbea3
b7e98f29
3b03564c
9007a7af
2f0f1afd
637c870a
53b3c2e3
2593f304
472ffb56
1ab12a2a
e45112fb
d6805193
b1da595c
2caa1f40
191496d9
a94cb0ce
7f137241
6d1ba52c
3e2fee65
b4f26949
e426da01
9f325187
ad00b238
e1f227dd
3409071a
7361a267
2a7877c4
545b7c2d
4612af52
18ef3b3e
728e8415
6c289ba2
856bf47e
b75a96b8
8befc638
cbd098ec
1c387bdb
417f517d
ef15ea44
528645a8
0c6ce6de
848318bb
6ff0924f
773f63ab
96afa516
2340bc58
80926ea9
7c3cf99c
d82147f2
c18e3c3d
ebc2622b
7da67864
d5633c40
07b86b4f
d84581f1
aba722a7
5849e96b
450f3dad
0000006c
00000003
0000002a
00000008
00000077
00000004
00000020
00000020
00000620
00000020
00000000
00000000
f0297ef5
ec42cdf8
3db0f185
febd8ecc
3a94f2d0
a924d3ff
37653640
4a4dcc34
f2fd7dde
00ce6e8f
1bfaf2fa
a5f963b1
7120b51b
f27d3ebc
c65eb970
80df3dce
e88e52b9
556a4861
48f74310
5a4c2985
59d55db3
3a90a525
4f15a5ea
e3bebc6b
002917d0
5f6cc9f9
af521cc9
94655c4f
097d7044
063a07d5
1ff77264
357bb54f
4f04860c
8993ec1f
b9cc3b29
98e99c81
6313c427
867fd407
fe683539
16180d18
57715870
2e3c6d72
9aba575e
45263f15
58f635d2
5068030e
8143e80f
c070c50d
12b1ab3d
49cb7cd5
210ca48a
5ac5a506
872a8d76
9106267d
a27b033d
aa45be7e
bfe224fb
1a1c1451
c03504d3
ee4bf026
164ad651
60d6924b
5dd64470
3d3385a2
34d41a5c
82e5700b
c66ab917
2a80bab8
8627b2b6
3a6ab15f
899e9e65
0a438e11
6912bcb6
c4a693e9
f6a9b91e
2c0b491e
432ae2d6
5d23c7a2
448b922b
22765960
bf3d2b42
a976038f
711a7f92
e9150691
4bc1462b
eba4dbb8
386fa1c2
a438d620
a100578a
804c5792
bbb8b70b
7fd308c5
a2af27a6
1c4efaac
232075c2
f4b5d4ba
6eb135bf
2127b307
c55acf2a
e4cf5c72
573b7b0e
0aa8b443
3c321000
2460c5f0
aa9beca3
35649634
00017501
ad1007a3
b336895c
b47d1654
ac07cef1
17ec727d
be12966f
e22a32b9
ae623e6b
73cfd2bb
30182e48
b989b2ed
a782a007
408ca1c8
efb74f90
8c603eaa
b9fac44e
edc92434
c56b45a1
61580e74
85770591
5c85713a
94d56f1d
8bc93f35
3fcda7eb
2d91d24a
b7f4e140
e7747de5
e5f14662
37d41609
96a81e39
a3c5fd33
69ef4339
03224df7
f3e0414c
fc5cdd37
a04fa53c
6c9c85c6
c95358c0
cd5fdf89
4a6c7d53
b19f3ab3
2dfa97a2
603fb97a
e7dc83c9
84f82c09
d98d9294
78817b63
14c3ffcd
ebbf3f53
d2432a17
cdf44514
b9062c74
fa5467a6
61f73971
bf5864f5
c989a58d
99b3e272
5c653cd5
989274a2
89793767
8108a282
0d1879fe
6adde953
13a858ff
f99b1abc
b88d043a
570828aa
d437cb60
f61bdbe8
f7380c3e
7d5f8887
440e1e49
5ce2fbfc
b17456b3
e959478a
46209604
4f650fcd
84f2eee6
1172d835
eed22098
89dabc99
e792273b
aac974c3
992274c7
80d21b6a
f2b446bc
bdef275b
217fb80b
f4818739
44e20daf
b250f533
b252f4c7
75f89236
6502fda1
291912df
a9592154
927b2e88
de3bfb07
ab6bdad2
92072c6d
b1d00723
8f3a34fe
b7434fd6
4e2ac0ca
6982802a
e8d5e474
5fe4ab8c
1cbf072e
021986f1
9ac76e0b
2a32b69f
09cb3c57
d614aff1
9411726e
8da59ddd
44fdaeef
e66130eb
ecb25fdc
c08517ce
2e54c716
10ee20c0
8c1c65d4
0d39f5f1
b8ea5c35
f478a89d
64e640ee
a99a4f93
d628e46f
98c154eb
52f8ecab
dadd4580
144793e1
fda62f84
6bbd4324
4b906851
9ba6277a
95e78231
c969d046
8a7132c5
8da73741
13238771
1b0ffc30
044fff7a
a2760ba1
15181771
c9920ce9
f8fdace5
e100513b
8ba0d638
59492efa
37eb9354
5ac64289
421f8d79
58a6a7c4
05b864d9
7c775ca9
d002cf5b
38280b02
23fc7915
44c6cb34
a9d9705f
076c4146
2a77a12d
793481a6
6a859650
1d115acc
0007d687
498192b9
f36827ca
e7f06e82
3ebfeeb8
de29dd33
9ad37193
2a1d3235
6b758139
d31f0152
1ce20ff6
f7fd234e
c21c662a
3b228b33
54a1ad63
2cfe9119
2dd4fe63
61456197
bb1bc611
27812111
63c6d22d
7ed63e53
48eb826a
2e8608c1
ae29063e
8e9785cd
8ea05a70
0a7e0c8e
1243c28b
62e5c22f
617b90d2
a1337ed2
b9545efd
cbb38914
88a722ab
d4b09cf8
247ccb9a
45a25226
d774c72e
01d860f4
12c263f8
9dff26b7
6ac4c089
d1a98af8
d0824906
e5d16673
33df977e
c847d4bb
f5feb44d
d8a59d66
20180ec1
96c92f4c
58c0314f
68e7e728
eb0cd54e
4c837ca5
7a2d912a
3b321d01
7286c82f
f6f2835d
3c5d6598
162cf1b3
519b8f1b
d45ee71d
da378d96
d0d9e6c5
dce75783
db14631f
efd9d577
12a280a7
4c513cef
6a10248d
d013de9e
ed27bd46
36808055
5dbbdb1e
ccf98922
dfdee5ac
10a0f860
fb90f350
a56616d9
90b0829a
d0d05db4
2b85311b
0bb80f7c
35dbcf54
904050ea
149406c2
44183f08
be455aff
6877d93b
eb29977b
0561a119
cee47a62
b05985ca
dbef80a5
58a3e040
ec32147c
603e01b1
bbbe78af
7c20c905
396e669a
068e126e
7ba6f1ab
b0c1986c
fdff72ae
e364415f
ee6779c0
9a06007b
873e66a7
2f852391
f852b957
d9b7330a
a05b47c0
db23f8c5
e1ef63d6
41a43c71
e76d5262
5f3d4e33
94f54252
30ced23a
83ddbec0
c3d65052
0e788227
9d5e5784
6cc633f6
cdba330a
09e7e4c7
584334cc
9ae8df80
d8298863
52d63618
8641ad65
d46a6ea6
c508e6e5
0000006d
00000003
0000002a
00000008
00000078
00000004
00000020
00000020
00000620
00000020
00000000
00000000
eaea4c9f
2b8193b0
002f73b2
57f34535
97482599
a86e19c7
0d8ebc51
eab52551
18e14eb2
4e30859d
994deca3
402d943b
f80cf2d7
80cfdc36
e06f8864
ff1824e2
add96611
e6a0b08f
6dd19b9d
18f3f8db
b1181470
e4c5ad11
b10362b7
49920b5a
d8bd6193
5428e0a8
f3627439
bde3a824
c115f8ad
1f297b9b
7a039437
c78cbc83
fb25844d
d6e60045
b35d1819
46005f2a
d75a5b9e
d29140f8
eb318eb9
846c7099
ef7f5187
d4b7d919
fc569717
669a4b8a
7048d7e2
20f1e120
56aeb9da
ca00bf62
b6afa9bd
36640057
f2102d02
85c01049
b8880ee9
6d699cb0
c9a5993a
e0b33eea
015cada3
50572bff
5a975670
7c5fc8b3
7ee02bbc
85152be4
39fd5007
f36a7c15
8c9f23d8
ba4b59a3
133437ff
9d8e2e9c
f88fbcb6
74d9cb8c
c287794d
8d6e0ca8
871c5050
4a98c702
3f892085
38832f24
c555be7a
30bb8f0b
12a0b8ab
83fd6355
01a3eed7
acc8cc42
e98aeeb4
aa19ba6a
542c0590
41294969
a41fd4e6
18319ea7
b303119a
6642d259
22af1f6e
62ebd1c3
279f9a18
91ef25dc
808147cb
92163c3f
5f44f5a1
bd2ebac0
4207c946
84ed85ab
302fa04b
ca3acbea
4858b616
d1b5bce7
9c30e05a
d3795607
9361b1ee
05134854
f7ab3b8c
d68b37c5
3216ee31
8b6e5b60
c718851d
a58be07d
88a4e5de
7d95dcbf
115b5926
32fd5f3d
3285d612
ce52cdd0
0a689c73
d5e5dc3e
00e9f239
898de00b
33df7672
075844e6
525e1298
5f382f9e
bf0100fc
bf63438b
49f1543c
291c1143
bf2b984c
6f200f83
07e475ac
d8069198
314ad7f0
61b99a66
378f64e0
e2333554
e0a8af39
50e3e0c8
6114fa77
172ad4b4
d299f412
9f00a16b
02ad7f97
c535c51b
f7884582
e3c6673c
8cd29823
beb1f906
22046881
b6c123ea
5947cffb
9d59450b
4ae3c618
9b3a31c6
de9246fc
d77fc6d3
fc1b1f05
d19e0643
012e9552
ff68f615
7b91e548
add25870
e5e8df1c
8170dca9
9fab95c3
54b6781b
f5aaac06
5579a324
971b2fb1
df71215e
c8d1c6a6
224cccdb
93415806
109b2432
833bad6a
71f1d59b
db3c06af
1f4b27c6
a5e17984
02d46657
caab3caf
2e05d16e
4b926eb8
96b697ef
b1c90665
3437ce78
42e1ac71
5f5af057
81ac5625
9c360830
3d4fa61e
0467d5d4
ba4dda16
592e0037
89ecbcfc
1f730c2a
8e29a45c
f1f786ed
90d407e5
e1ac258e
8c30c0fe
2ef6561f
07470754
a3b73557
4532436a
67b068e3
a24b2044
5cc4f29b
b2da60d2
50276d80
79bc9a5a
ac61c143
2a26bb7b
eb78f732
e84fb08b
b0d42631
c43423ef
4511396f
c2b95245
2e5a4c5c
4703c49e
8226b64e
02cddb36
1955169c
56969ba5
b40b5308
76cd47dd
ead175b2
a49e7347
513e4982
c3b72f53
fadddfa7
9d18efef
7b86c87b
2c26a661
91a83ed8
0aa9dd1b
3d29a778
ae9628db
bd8e9ab1
9079d051
20ebdd56
9bdf4b36
cb5fba1b
62fcff2f
af869b42
11c51c40
95e04651
43a72969
632dfa92
15bd2541
1948d6fb
8aaa7641
bd8eaa2c
41c8d25e
f64d1f5d
42637646
d6492097
1c725efd
22b0d059
5022b8f5
b945d498
6a63b8b5
37c3a2cf
80db4681
2eea9b62
75519c33
1186f561
261a1211
e199cb1b
d1dd76cd
a48042b5
6183c797
0bca7d4d
817ac655
8fc2b2f0
8dd88410
eb04af8e
356d08d9
0a2477fb
74c2a0cf
93e19467
5e20e646
57c5b2c8
c0d450b1
d58f5acf
bd912a8c
20c6a663
cd4db5bf
546c0ee8
e4ff894e
d8622344
ae7ea4e1
3751d872
eed650d5
d8463feb
6600f8a3
96e7bcd5
4766a07f
f98323ce
5140ef9f
918b1c87
41c35864
db1da52b
7d654afb
7e0151b4
7e4af7a9
50dbc27d
e7d27bd7
51ccf98d
2d82e45a
037b553f
dfe06570
7564181d
0ef91cf0
9f33f532
07d6b455
79be1238
b389eada
d989abbb
6e7c0699
40f8c6ef
d16374ac
ddb3c297
4840abbc
19a5b46a
31c9ee5f
1de554a9
f1208910
fb643237
de24a153
bd13294d
8069da06
4ce19c1a
aa39e539
d08e62e9
bf074fe0
3ef92aad
d1fa1b50
38e210ca
d3e1ed60
4121ce03
a07b7c49
76402b9a
7faec2a6
eb689c72
a5063b27
ef3c777e
9d3e03ca
7c5dad59
d93793b4
f81e4793
082b573d
c8bbca2b
03d359a3
f6e374f7
45d56213
0f248ac8
1d2b8f6c
bb4dc988
3ba74435
8dfcf16a
694b5dd6
ead0838b
2db5c0dd
c55a47ed
b388324e
44f5f356
7185d086
5a9c329a
35103a28
d1162713
a2064600
bf73fd7c
43b102cf
f4ea13ea
620fbd07
52365252
6b140517
c3d80819
2da3182d
fa7578eb
80bebc9a
8d722299
d4ee02f3
01425d24
05a3c83d
dfc0846b
d3c04023
9fb4afcd
4d331aa5
a99774e3
7520c7fa
a72474e3
cd71c4df
5dcc9805
95e89e6f
c6197054
492aa5c4
69b37aa9
903e3723
b76d028e
59df7c8a
c2ff7346
0000006e
00000003
0000002a
00000008
00000079
00000004
00000020
00000020
00000620
00000020
00000000
00000000
647e08b7
2b80dc54
061fb2dd
64039ec0
6f15f294
70723d5f
853189a4
f6a0a7cf
f2faed5d
266122da
0109e7a4
105af0fa
b975ac8f
b1e50734
b58658fb
e7132402
dfe7de4b
ca70fe27
f9fd6950
e5981e85
c87ad3b6
7f4f7cdb
d0f235c6
760cc2ab
b1820d78
89119cfc
d033e56c
8309e15b
0c2c06cd
af0ead2b
4325c256
39c327fc
11a92cb4
38bdae45
09d2ef5f
3b3c1326
04b823e2
a198d609
e8e22e09
6ff71dfa
3d756adf
5342becb
387cfdc2
44ee8c6b
0eeb6821
14a65250
862713ec
64421bad
ec7f521c
1d927f77
bbba2e82
75727844
77c327bc
af8fd1a7
bc106e9e
6876cc8a
ba0058f8
06c80198
afd18914
88bc1bde
ea884362
76631329
4706e520
2b94238b
7f8ba4a8
cf421ff7
16e59f06
5c59aafd
6b4d1d5f
2f17dcd5
abcd2d25
57d534a6
2dc5c3c7
7a59138a
8eb4965d
d91aafeb
4bf0f63a
adf92e2a
d0b6af1b
684a7ae1
308cd130
c53acc3a
a3999998
665c6848
4a31c9c0
8b3da69e
06050886
80fd3580
9b2c5f50
f089d100
23928878
8ce3a422
37548c87
aafff1d5
7c8270c3
c346138e
974eed18
3ab9b126
f1390341
e475678f
0760388e
165711ed
7aa2ef0e
9cca942b
bfe55224
7c02ab6b
55e1dace
52efae47
b432cadd
ba7e07b7
cbbf04af
0a5a7b95
435bea48
16c8dbdc
ec6d37e1
70caabe1
9b509ee9
ff2568f7
931a1ec7
d44e420a
81083e94
b019a429
cfa4eae9
dbdaefab
9314e19a
501e5e9e
cdd9138e
4ea51399
84a238c0
820c577a
e8e77c5d
069e15d1
557f3a38
55d8410f
5dd93a40
dc52bd79
b78adbf9
172431b5
78f898aa
e70ed13b
4fa8e17e
06645c0f
61c54b7c
30f88dd3
0195276b
adf06967
ecc24375
6fba78d9
4aaa7489
2a9a65c5
9c87351a
31d9e1c6
1822f7ed
0707de22
77fe079a
097f1fed
6187ab34
f1a61f9b
84bed354
e3a78dee
645abb3e
c028a679
4c5468f7
d0413637
ce16b402
9b713a49
014eae57
6355ecaf
7d0cf0a0
e3c7de6b
1988f8e7
ba3b23e1
f2942680
b1097232
49b6ba45
cbb5962c
26667503
340621a8
7b62e094
ef4e66b1
1fb2d5bb
a44b6f5d
06f344c3
b8a502dd
40adfdb2
2b578ed9
1a2ecfc8
5ba2d15c
f223093c
da3d80f7
2dd510a8
73bb20e4
5058a9a4
a71f4bda
ab00d122
86a3e99c
8dc82dd8
1a64083d
6ba358ef
7b7cea41
71a14a5b
2aa05c22
3db42620
2ca05625
ee2abdae
79e4ed7c
a4469bce
d195b3c7
b1292bc6
c2114beb
a2dd941d
dcdde495
bd0c58dc
f5e8a12e
6b152e10
48641f44
623beaae
eb21db59
509f9114
5200bc2d
aacb2a5b
c66716af
4dae5ee0
8ebcd8f7
03ba792d
6babe527
1d0619f0
1c283936
2cfe50d1
318cf832
82d37ebb
cc18124f
09aae980
307d4d80
f4ba1fc9
469b6a75
f4605f26
5f2b70b8
1dd4ee6f
6c4c8434
88535fd4
8bbb6ba0
aafb81a1
10d3694a
0b702991
c7afb66f
c0c6eccf
35ed722a
4e11aff8
a260fb73
1c95f072
2605200b
729b684a
90e88920
69844067
baebeba7
ceb63638
019948af
60b37318
92fbff22
4dcd00eb
3f7ee25b
cd09f6ed
14cc256e
c7e6f57f
e0273a26
881f79fe
f4e5bd69
d817f0b4
99f38f16
b5b2d871
b1a566fa
1cb90e3c
f57c0c42
f7b6af63
f3d4faf9
a3d42bee
d0cee90a
ed939867
5b0f824a
7fde6e4b
c39ed840
e1c955d1
5c28873e
d8709644
2dcf29b1
feef4849
7eb3e7ff
852d26be
08d4fc82
9b1d7817
c1d85319
09571149
927c49e4
17a3981e
41bd8e24
a7b87546
b7cd02d5
d0f6fca9
315e24b5
59432f26
51f6747e
4d065d71
296cb7bf
a8aa733d
a60fb4ed
7f2c5063
d271903c
8d646fa9
c99fa603
b81988eb
19a8fbf9
ac6a6bd0
17ba7bb8
833a0d8d
f11c97e2
6d5d9b34
59e574b8
3cd3aa7c
241304cc
0be13a09
736c027e
86a93d39
a56e0860
c18a13e6
f89a90b8
e57b6c5b
adff619a
9ab8db8c
7adf973d
14df43ce
4ab92a1b
9580917d
846d514f
da85b862
0a3c1016
45e499c9
63fea50a
9454bcec
039bddee
ab337e50
52bcc80a
0de8dfc1
403fdc06
c3d1e18c
7dbb578e
f4a6754d
255030f2
aee53ffe
6ba1e2d6
503f3de5
6baeb735
c774a7f5
71376bdc
4b2d10b0
30279147
65649622
a0511bf3
51a04fd9
f2cd651f
82e58ba2
b7f6f511
15d14d74
88ad9654
e2f39f73
07167a99
540ba921
c04ae2ba
13924ba6
16a239cc
f9a165ef
d286c824
d808d4db
4f6accbf
b00f11f8
e079715a
065f08fe
3e857b9e
7f3d8af0
81a5363f
afa664b4
a60ea6a7
186057b3
ce855144
dfbab242
724d1a1b
fa2fb851
d1614a45
a29d8716
e45bc08d
b7386065
db0af0ef
3ff1b3b2
871b0e64
a8d38d20
45df99da
0f62a20b
159f4f6d
1e9451aa
01f7399e
56a6c7d3
26414e9b
1669542e
ee31c5e4
d93cf263
a5d00b36
61672b3b
c93897f2
0000006f
00000003
0000002a
00000008
0000007a
00000004
00000020
00000020
00000620
00000020
00000000
00000000
0915fb7b
cca9d99c
b4834755
f5021bb1
54dc303e
9cbc3b10
1166c1c9
d92e470c
4b089119
65d210e9
c1df9787
998e76a3
5172270f
83a1038b
6f19ff47
3463313f
6f371644
4f32d64b
c21469d2
96ae42f3
7dc1da86
82d9ec04
1e2775a4
d67ace6e
564b32af
b8f87903
d278764c
209cd413
b989b9d6
41ca4d9d
6b913861
86a98be5
a6bf21a4
5988a0c5
df0f358d
711c42ca
8b16d056
5ece411f
98a134cb
67e3d1eb
bfc0d7b0
7d916778
55d8cd3f
0ef670be
3c82c00e
e5467723
71b5b1bb
97de490d
1eeabc0d
9186da88
1120854e
6885de39
ab23ad9c
7a4cdbe9
b7aeb185
35fb172e
dafe3d22
d5529a8b
0237cd6c
5fe4c4c1
fd02789d
16a47b7d
da399b7a
3ab6fbce
de461945
c863fb44
95d046a6
46cae3e7
a2758942
711da6ab
2496bbe8
20606da8
7502d2ce
b2ba8a34
ef7434ea
cd7fec76
85e0264d
893c1499
b6f8ebe3
ea5cbc5b
08a30075
caceed08
585fe52e
42b27998
5b4ee725
bc7facd0
f5a96dcb
76d98451
5bcee0b9
e347371f
bb3d0120
a4d687f6
70945a0a
6c6c5f9a
09bda215
4005afa6
b51d3ba5
e5e6da7f
0f0b51d4
57053c59
63373354
91068cdc
f2ec8191
621a72f5
10e31bdc
f8184b68
04c2ec8e
3927658d
08724d1e
a28f3c6e
cbccb9c1
fe5a4aef
00e2ef62
d96b57d2
a90ccd39
27f58fcf
d51047ea
defddd07
11dcef29
5a248023
c194b901
58d139a2
b66f0ded
8283939b
3aaa102a
65fc6628
4dd673f0
8d144edb
5de0d30d
b0955ad4
f7f4c469
ed8f72a4
c53edf95
57d11e6a
c228a4f8
d7eb47d5
da8d882c
a8534310
52e029cf
8d9cd323
358cfda9
03a31958
969786e7
947b9591
ff92c355
43a92966
c839baca
c252f6e0
d4e045b0
b84fb3cf
600454c3
ad7ec215
e8aaabd6
a51f189e
5c33627d
9d9ff7cf
e5abae04
fa631404
888cc205
8e790f39
03d21c3a
6cacbd9f
163ba1d9
eff533dc
0f1b7dd0
f66d65df
ca188d97
06106912
3c78ce8c
fe6e0ff9
8c963bad
b684f952
a2786662
41d098a3
105ba401
771e2e94
9db8285d
a58eaff5
eddb6a20
75dd601f
d79c869b
c205c1d2
6ac805da
b5df96f8
fd781e7b
5494b53f
aed65f1b
58b673c6
24f9b0d6
718f0262
c14ff893
f8cfb132
c3e94118
ea1d85a5
7788b162
8407b819
dc3b9877
ba7d348a
a2524db3
17b562fe
70ba3ac2
8820ab98
ef1da626
a0185ba4
5abb3545
a5f542c1
abe08310
c41cc6e2
5ca8cf9e
a99a84fc
d8aa5a8a
564d6806
9958dab4
94b2ba80
ea45596a
a2a8028b
7870ae8d
c0edabec
5b276a39
a4b04355
469597b5
89bc7be4
3c5189ce
87146b17
d5fd62cd
941575cd
d4b37e1d
583a94e7
7f6d2892
b92c759a
1bd46075
43ea7bda
a1117745
b518118d
60fb60e0
de94d627
6ffabf06
91543000
56224c19
300392e4
f6ed934f
6d6b36b7
579c2f5d
c82269cf
adbc3225
9a44159d
e36f6e86
8685866b
412d0f24
a07b4a23
cc58ec35
f5b989e7
a8990f6b
3ce076cf
d840252b
1825d884
58be4310
a48ac9ff
fa59ef33
e43146b2
d1612a03
90b5a834
792547fb
24b355fd
5976507a
f8dd2fb4
fa14d06e
f3ecc86d
73a96fd8
c1309a3a
6f01ebc5
ef25cf48
4febd514
ff2dabad
4e6c61c4
524a07fe
ef9bea7e
20ae0649
4363c2e1
20658506
97075737
ba82ca2d
d9ce684b
1e01e2ce
3929f13c
57154c8b
8c818abf
efe47965
1c298d64
8b5ff782
ab735db1
a07b9dd1
672925ea
3dd836d4
2e111d0e
cfcf24a8
f55ec9e9
139fbb3c
e8f18d83
3e661723
1552eb95
2a22ddeb
d6e6ee70
0352e0fe
b4469d8f
6d16e777
e9ee4feb
2bb1cbc6
b76ce28b
f3b4374d
39be3ed4
9b7b815a
7e449cbd
b6dd6904
953dbf8d
39f878a0
67cedfad
7a44581e
8f3bc3df
2c94a813
6abf80ab
701d26c3
1a31dfd8
cc2a8d78
904f0eae
778e23d3
93f351ed
617f332d
8ed9d0d9
03f749ba
50379673
fe7eed57
11aaf8d1
169c3c9a
dacea947
dda3b357
a390f388
1a2f5cfd
597c3ade
d5fdabc9
ec9c1c1f
122fb7d8
79fb6b7b
f18ed8b1
50b2b3ca
fa7a3108
2ab2ad36
6a0aefd6
9ee76043
af792d4d
ee4f771e
78923065
a4e980a4
3ca96f18
141c5d19
adff5e2b
6707097f
2a523c40
ada88058
16ba2d5d
b464b026
e0438c1c
90dae0e8
9fe12758
9911b77f
7757c936
44dda9a0
40b100a9
b6dd9355
8469bcdd
edba7623
9bc83640
2600cfc9
5f225a42
8e026f30
26343445
e010b5e7
920eb0cb
bccaee3a
475f6184
ee2d4385
66320205
77f9fd16
3cec4eb9
e7956f09
c4c87987
a324c41c
5c83b71a
a623b287
8c689824
4d59a5e6
b5f61396
661be7c3
914dd54e
8c82ef9f
a3201076
c0fd74f4
dbd0efaf
a87620c9
7424e55f
ccf34a94
e826ad9f
31d1bbf4
72c08cf6
37002e80
8b7abdbe
eda84e4d
7c110df9
00000070
00000003
0000002a
00000008
0000007b
00000004
00000020
00000020
00000620
00000020
00000000
00000000
4a33d38f
03df0ced
6f22eaa7
bd67ee78
3d8c519c
5feeffc9
fbcf5c43
b223ec9c
c4338673
d0d2f8ab
2f728df1
ad7f239f
efdf510e
c2418353
bf42df97
1a91d1dd
8cf55cbd
1751c612
f52d57e6
3e229cb2
dcde9f1e
cfd4f1ef
97b610bd
5bd8cf60
7b62c46d
ecf78445
d8c31d6b
c62cae73
e95f0960
61c94169
7e6c636d
d689d20e
583b9073
b6a69a39
4741d344
aa08419e
debee9b8
8306e350
fe27e825
be54636c
d24cab03
f090aef7
66273f6b
db0c6b22
48cb5fac
97e3cd0a
b6f30321
60478f5f
26ec2b3c
fff04ed3
b7469da4
12a1dcef
1d84f960
e1856ccd
4f89f6a1
f1cb96ca
5dc89891
c246a380
81997c4e
99d466b7
a5054082
33af7669
5fe0162f
317398c3
a06e7307
e5ac7714
912b442f
3c85eddc
2b4db427
f448e69d
937d0353
576b3721
4b989252
80daee64
0bcc6b46
6e7b4b47
1f6c79d8
c26c1c94
5dc4d4be
86aeb57d
a35c6f25
9b899084
6e67dbbb
b716a7bf
1f0d4194
dd038f58
142dd6d5
127cb050
959e6685
fb4b0d83
07d6eabd
11508e8d
584ae639
7fc06d2e
a2e4b156
f1e342a9
44c4e844
4368e1fe
ceb9f7b8
1535129a
f3781e9d
fd6d4d95
a4dd7777
8173a00b
8a6a1694
0c8deb47
9dc97318
a1fb8ce0
11a3739d
6282c7d0
93694e8e
85bb7fd4
d5d96ccf
44d45bb7
c12fe6ab
47d63809
2d8c1f85
1a49ee0c
bc952b0f
60de5141
23b9388a
0f610f4b
711e8e37
5a959857
225c49e4
8bf79b3c
dc3b0ea7
3e019124
105b30aa
6540c8ab
25dedd06
602d398f
8b15037a
9a8e35db
6972e8dc
f1bb3951
2c8f6b4e
904d26a6
55bf3465
81028b07
5ec43f36
bf482d99
d9cac298
9684d043
31dd3256
aa09d496
74be0684
949e1ed4
9dbb227c
17ef4af7
8b287311
96783e0d
cb82ca91
18adc630
f255bdf5
ad56e827
36fb46b4
7f2341ac
189b19c1
56760568
fb221cc6
16cad7c3
09076adf
853871f0
2bb4641f
955a2696
a6593a71
a42b9bcf
3bba7141
5d4238f9
a31ff56d
af02c871
80ce851e
b7b7f9dd
5a4adc91
f45ea9fa
9940c434
de19cd87
bb8bc6f7
2d5537f7
7de7a611
45241f56
249b604b
04eae55c
4db060d5
991c5082
f4623b26
43f9f322
4ab077bc
8e2ee17a
42030bf5
d8f52e79
2fdd5729
175d80ec
dca68794
d0e8caa5
95dd06a1
1f2d3da3
ba372b67
488971d5
9490eb7e
0494eee4
40231125
0c6accd8
d76b1900
f9093d4e
fde87b1d
c76a1529
543937bd
65878543
416e4806
c95d3958
a45deac6
625dc8b6
76f0b82d
f5301c33
8cda98aa
b2cf630f
b8ba89fc
e5a3dc3c
bbc2caac
a2fc9229
4ca2c79f
c6a2c88d
25118e59
d22ac58b
c1626836
231b5de1
bb85f275
ea910771
f0cf5351
dda69390
a8be99ac
eca2f20d
e68b878c
2e843d97
bc3fcfb7
0fd0e315
684a2cfd
4d2e2f00
0a0fcd18
7475badb
821e616b
28e532c7
b3777b88
d738a245
85ee683d
9318aeb4
1f852b3d
ff158600
bda18f39
586bea70
39a551f5
103435b4
8b5e42c7
e06f0648
02b31778
84475482
a34aff64
dae9d64a
659603e9
32f3b963
9dda8ddf
b375ba66
302fcbbd
e35ee2a8
8ea11712
a92870da
d8901da1
b629d8ca
f36e13da
4b8b81c1
5241321e
89f9563c
2eb3fe88
ba42b5a9
47f49511
b200eb3c
e719ffcc
dd68dd91
fca723bd
324894cb
4fdc34f1
3a345335
68d509a0
526fede2
896e6b95
cde832a8
6ec0a9fc
91ea1dcc
7c5a9860
a5c81de8
c5717f7f
6fe08c7c
a30ae15f
0f91c38f
5f9ff68a
ad1763b3
df11ebd9
e5f1a0c2
f09238eb
5caf0716
f9961ee3
a2b1a16c
b33a757b
48e0c489
7d886a66
b890eb3f
036edf95
414507af
500b2554
6cba5ae7
494ac4f6
b32abbde
e61301b6
0f860648
a456d8fa
b6501c53
b32e14fd
6878946a
f9cffcb8
5a9df944
ce8fb834
de641023
094b6230
5c71331f
b987c307
b1b701c8
d43c3187
a7fa2a96
b3158af1
a93dd84e
c0092809
1dd09f28
5beb20d5
400b512f
13c3e67b
510d9e81
86756f85
845af3bc
95fe11e6
8029732a
94a0ce1d
8ac4eee0
734468b2
67100ca0
0acfec9d
d721fb17
8d378575
1713c598
eda06aec
b0617078
a20e6d24
dfe22695
787cd867
fa730691
f42d3880
42585184
4a02cc74
d56b7c38
31cbfe2b
329e88aa
e19b23b7
97ad8789
afafae0c
b1e86959
f6e21827
bc63ad9d
c1cbb261
62c6f627
827cc163
3e344940
c72cbcde
152de3f1
05b74523
148e32b6
01f6cf00
d94032b6
bf41ca9a
d11bc7cd
2a4c6622
072b63e2
5a07b8f6
d491d721
ce140ba6
37351b2f
83ca7fc4
1891e99b
5455d986
72164d48
1c2db4af
aed9c8e9
2cfe5ebf
e298a6cc
9e3fbed0
fab297d5
2b3429e5
663366f7
c509d5f5
3684f6a0
2eef0d6f
d7c72701
fc5ee190
fdf54272
b5c3631e
77641b52
057bcb02
7f4eb84e
00000071
00000003
0000002a
00000008
0000007c
00000004
00000020
00000020
00000620
00000020
00000000
00000000
7182c61b
e8053878
db9c27bb
df517cd0
b5bf7a3a
17340b06
bd5ef31f
8084549e
c6bd05c3
e4fea43d
8de97968
189f8ac9
385ebc9b
d9724395
7716bf8c
a4626d1c
b56d61cc
2228ea86
f191295f
3b4a6d9d
8caddb48
d16f1afa
ebd3b865
6cca5c9e
e48ca1a1
7913b863
a72464ea
7c01cab3
235a8f44
1322339d
73134d53
0c655efa
beb3dde0
8b64940e
20aa05b3
60abdbea
895cf735
6816e604
77a7597a
3742fa48
cbd78237
86d37f53
046e5b99
1edfc5c4
7ca1e0ac
df0b8384
8af02656
edaa9c37
6ad7dba3
91b87acf
0a5bc719
3d488f43
baa44b39
8fc00129
95d9c27f
3161fa13
62089736
216d8658
73c23325
ffcbd7be
a3af5a3c
dc7ed34d
3d9041a2
31a47be5
e2f33e4a
51dba9b7
5705193f
451728a1
80b95a6a
3a0facaa
40c6d35f
afee5b69
a311fc27
6bd168e8
d8445f12
b1406f38
bde8605e
86d530e7
e13f7799
2ec9a7a6
aafe52c2
574a6995
5c9bb684
d64c067f
788d8417
817579de
99624285
2e54fd4a
a847b322
7545f134
3f4ba270
76ef0183
049c52f8
7de4c14d
a7693ed6
aed872b9
d706a951
fc8dc485
c1aff8dd
280794cc
6d4582ce
1011dc9b
c31c8f16
47bf5f17
55ea636f
09fe114b
7dfdd615
62399352
7f68245f
ea7fbd81
57975a4d
ac2ae6b7
8fc6815a
ec0ecd61
1ba342dc
be7bfe06
061dd5d5
f630fc08
6cff73e2
6271eb3d
b9cfbe74
8b083e76
4958ed33
1f531233
60c32a4f
a5e3fdc1
735148ff
5e924ae5
a70f279d
7e353730
d0b6dd0d
2a5e8259
03996528
696cffb5
067c4e9f
6201e283
e560d41d
2604061a
d841d563
ba49fc5e
f62546a2
e30f39d0
aac17217
8a7ce1d0
0a39ef63
b8b98d92
79118d71
edd8251b
327a325d
b8524ed2
b330fe46
7e9a0cd5
d0b42923
f6615857
ae6db3f0
7c9aa61e
e3407674
68368652
5f391a1b
fb5a6e9d
f856633d
b44a5641
f70cb5a1
2af18347
a3e123a1
a097c9dc
24405387
d7f4962f
8eff3317
58294913
edc83b37
1e1a9948
13c1c8a0
264d0a35
c5922cdb
99cc353a
7501346d
c0ddda74
913fb6de
7eacd21e
3a509913
0866b754
45f1d973
6349afa8
ec314267
13a74c4d
6d51ec6e
d02933fe
af905f24
44dc869a
10fdc639
ee9c6ef5
81f91b7a
ff72c7ec
a0d5a5b0
318b4dd7
c7977096
59762f6f
b63bc1a5
176f09c9
938781b8
265c0c76
c6d3fc9c
751d4064
12237764
7ceadacc
1f60cf01
d7b3359e
36c2bf25
cbcb3254
07e69003
6542b760
d68aeae9
63d982f3
55f7a559
a750dc49
b6fa9745
197a63ac
5aec03eb
9caefd0b
99fef730
c06a9555
06ce0cc0
ffe0af76
74ea2272
6641e559
db519edb
2dece668
f32e98ba
40dc4d75
4b47fb42
becc2392
acd6294b
263a7f25
73c1be51
fff54585
e03f6458
09a3ce28
d23e28d2
2f7b2d1f
c8760734
86501081
aaeab00d
bfd8f003
608105e3
836fcb25
83db518a
3ed55919
f2d8602e
c57a9bd8
27098b42
affbc3b3
ca6c2607
90e4d63e
0d95485e
e709df73
c6204794
a8580b81
d474a181
cc10c85c
e7f112a8
75eb4e7c
00373223
7d173626
0f618313
ed00377b
e00562c6
c9f35502
ab3a2fb4
7793961c
1babad82
a542beea
1712cbca
6cf06ac4
4a713330
7003f8b0
f59fd507
7dbc3038
a965f509
7b51cb64
18af0a8f
37a987da
31777d6c
b936f111
7a576103
89da0b9f
59a5cd22
f1406e63
a630347b
d35ddc17
1572ef04
39c23983
f198503f
13ad0041
9a5cb5b9
61aaedc3
e79a0a29
ee83dfc4
442269ab
782b60d8
0f901c0a
8ad761b8
b60d6972
aba03955
a31e3088
22b7c51e
5ca5572a
313f80be
03b308de
cd5ffc83
ffa48823
2eb281cf
664a6bdb
0a8a67b6
1fd2066b
b2c11893
0c058f21
f2046e1d
010f5792
97d1284e
3d9e8717
b4f65322
dd29d18b
3651fbba
e08288a5
454476f1
dec86894
9b4189ab
86989a97
e3507e5f
d00bdc44
6f0e2727
6ca9df8b
515f2ec3
17f608de
4dac5ecb
1e8189ba
d5bea460
9a530357
a2947477
70ec79f2
ab934486
f7604769
4cfea6df
670ff19b
d465b13d
66dce37f
d4779fb5
c3c0022a
43640b24
4b3587ec
58b7a5be
615a7b6c
d6dbb715
878b6011
9523cb7d
d8262597
be33adfe
cd4ec30a
807bbdff
97e3f136
fefb2cf5
ef4551fd
a1a4b785
16141dfc
17b5f8fa
692f500d
6750c3da
b3350755
fa67a065
464ff981
a6f92cf5
0bb54279
734a1548
ca94dc69
ecda805f
ed2539be
f11c4309
39fb2606
ebbc090b
2dc82725
89f801b0
6d8673d8
52a8181d
4d4fdbb9
3eda38f9
fdf4164c
d63b49f2
cf7a8ce0
7b77b19d
25b4061a
b5aa1f09
00ad96a6
8f960ceb
9b240920
2fb3fa35
17bb4c9a
326c8b5a
be4f65a1
1ccb9d3c
cd7484f9
5bcdc2a7
68e0882b
914c47a3
7645b00b
01685679
e1331e1e
841408a8
00000072
00000003
0000002a
00000008
0000007d
00000004
00000020
00000020
00000620
00000020
00000000
00000000
b6320f30
cf62d40f
da7d7554
70913135
3db3450a
86cc2ad9
5d2d02cc
aaf6d59f
adb93fc7
fdf85f84
5e9992d5
698ec8ad
41d9a4b9
ea845e35
0715b7bd
ed6138d2
c76e24b1
95ccf6ab
41e8297a
4815d181
8b18e314
05d49574
7ef6b428
e6e3f272
b6b1a2c9
65f12bad
87b56f23
668c6743
b102282c
9f071ba5
d34614d0
5fc9e214
15de65d5
509c7002
33ee0d48
7b6c5acc
d0e5e445
6c496c38
14be97e2
01036112
2297714d
14026f44
1e296605
f37f7a2e
49c72bd0
d98a6ada
dc23dbbe
a05e876e
718774fd
26904602
5794cd4e
c4a27a8c
f4708a40
144cfe48
5933af83
d6796cd5
4364a740
a983cdfd
dc498ae4
19f097df
9390a6da
e6a3ad97
416c42df
4e4b12dd
364b079f
0727df5a
acbe0fa3
23f03292
917503cb
cdd4b1f8
bb03a886
85fa69ba
743e2755
d5d07445
72b42d0c
190134bb
0af0c901
4a7a0ecb
a1b80cb2
6ac188b9
91ea199f
dc18aa44
74752531
784999a9
98acdbb9
1fe29f50
15179d57
ed8c21f3
2c56511a
da80bea2
3acf72d7
47548750
d5674c56
ba70e3ee
d7ee0780
abc48af4
04ac3fd6
c3c90313
5d3a5a34
c0ce2846
506838da
e60ed31c
af545872
f890c141
136fcd79
49eef38a
4e615479
e31fffae
b7c1b008
53a861b0
91a61abc
632bf7fc
1d7f4e00
83fe1691
53cea2c7
a3c62fd2
ca4ac2d9
3a35b72e
f73669c4
c04ad61a
49448b64
807205a3
10f60e98
7e34ab89
e69e73a0
14a8fe35
7089a612
22974416
d2bfbfea
a4701a12
22edb752
41066355
bbb4eb4e
3c448063
94c649a6
fb0a23ff
684ffc60
15e98885
3b0443f0
2002881e
58ddce8d
f900bb68
d2a641e5
b2f4b03d
f9ff7c40
ac34f967
9d3c926a
4ce97d74
1af7b617
48b37189
efbca026
4fb7329a
492b13e9
52c09a63
1288fe7f
e596630d
c066f9d8
33b557a4
cd38a012
40251904
fcfbc011
edde02fb
8d3c7fe2
6034af8f
3c2c3f6d
2fed9fa6
1e59a0c3
1884b45a
41a4443f
a7057290
3415b372
55e1af0b
b6cdf153
d0f921a7
e2568a59
a2401a10
5c93e40c
cd47374d
a355a3ce
e282b408
3b9613e3
f003f538
a29c5e9c
ee6bbcac
630b59fd
36ab6b78
addcb91b
c6d8bd61
04a51ad4
2cdfabe5
71e46573
da92dcc5
c956fadd
180c7cc8
e06dcb95
b4f7021a
da698b6b
325d3933
786f3b48
297324a7
7033a49d
22cee30b
2ea9e6e3
5453e4c4
c1679cfb
79f3cb58
1450235c
c9828c51
85666af2
f1d8ee66
95736093
9feaa7b2
687dbf67
aa7d8767
951d57ff
f79e1408
6f76c1d9
ad4830bb
2d73a182
38def69a
807627dd
acdbb1c2
37b24054
f0da3ace
455d7015
6616437a
8b4d8efd
a6a584d9
2735f0c6
3f4db0da
e7d9339b
793a59f3
9cb14eda
ffec4bcb
6de5b18a
85220604
ec32d64e
b497c4a5
0dc0dbbe
45b659d5
12128d34
f4f91a9f
9efd6f4b
8657034a
2ecd09cb
7e616e0b
49a65b0c
515e7e11
bcef9f33
cc89b9ce
9cb31d91
6d181288
d088e416
e6742e46
70bc4be1
87a3e534
3582abeb
6d152473
bcf0763e
94f35c24
1598b31a
8d0009cc
a34a659b
86d7df37
4d7fce6f
006cef0c
746a823b
2e7ed848
c8cd9512
9075bdbe
e0450a69
8040bb5d
bb37d5e9
a00d8a6b
6baaea74
b1346f24
673cce6f
8663bb09
2a22441b
942f61b4
a14ee88d
e6f65e34
6c04e652
607c5ecf
69217747
0830c0a7
f1f2fc43
71b28e95
d2e276dc
94bde4c1
4d85be66
53738d79
ea48bc63
25f72c18
66e9401b
a0868016
5d9952c1
beebccab
d517ca4c
e6bd5e91
c8299264
74fb7148
f2bc2104
a28b772c
40ba736c
59b2fba2
5dc5b17b
a0997c64
f7e4cfb9
0b8c108e
9a94c168
06554be7
9612a3ce
f094c45d
87d44d6c
58315d4f
900b261d
74cba785
13edd0af
21961c72
7ef689c0
c22d01ac
74482a80
5120191d
c0eaf691
efc37745
b68a1b19
48c931a6
ac42c93e
a73e6626
f37e601d
a5d7589b
b7fd406d
2072e56d
dd98fa01
2986ad96
35b7fdeb
1ef9860e
03ac5610
25cf192d
d864b2d4
a37aa076
f771a743
3f3a62ec
9c076a69
09496851
8d1065ce
ffbf6f90
f8344151
fde83c61
935bb15a
1044fec0
28519725
09a10172
15ef0c22
5e8aae5b
1bf5e638
650fe033
27a50bb6
7a710fbd
57813de3
6e7b1876
33c3ae32
72916bb9
8b532ca4
38a0ddf1
0dc4fee6
16f466ec
11759772
12ae8757
c59edd99
bf9594fb
751a739e
8bb71080
146b006d
d562f324
fea69621
512d2c71
caa4ce04
8cbd1edb
d96a487f
f851bf8c
d091c508
6e6a1e3b
23c9c205
35d2468d
6eda485c
244e9eb3
f14a4177
3d23e92e
be2870e7
73e15cdb
15712f3a
08804870
85d724c2
368a86c9
38716ae7
3b87a27e
e104d9ca
40b651a4
ad00940c
7d7fd337
7733bf2a
91da9502
14b1a371
d46c8690
8801a21d
1b5a1510
00000073
00000003
0000002a
00000009
0000007e
00000003
00000c60
00000620
00000000
00000020
00000000
00000000
3e524a18
83577bbb
3b815126
0f8e47c2
195553ca
bf161398
49bdc0cb
96be3f75
0d226745
c22e9c19
874b3069
b9471eba
c81f94aa
08063ae3
3e42c2b7
e23cbb4e
7aba91e4
0605994b
191fe133
c79b50e3
5b1a238d
416e9a9d
69c750fc
39b4480d
cd997674
0c1f6fd4
4fd76105
662074ec
1692c337
943a6a17
2524f215
08e71dd5
867bfa32
cc5db0c0
7b346470
20446241
a6bfb7c4
50e18214
ba26ee4f
a1a96af2
b5134c6b
07a73a07
9c061bac
a7a6ceb8
2a11e2bc
7ebd237b
a7185211
5408528d
2064f808
4a5d56e2
57722684
a2643089
bb466e42
0439c367
0886e2c5
f4e184eb
394c1831
6d59d916
96df5115
ada39d53
0f700b8f
89334578
bab335ab
8d79f37e
239b9526
597c1c80
1ea03a34
c3fb924a
7c7bce31
7c4e19d4
e65eaa45
11a01445
bd3cd1cf
1575bcfc
a4ca5d9f
00a30a65
040a3be5
850b833c
8f34e755
9772a454
9ec5abaf
551371f2
17355151
cc406fa5
6a3e8cc2
b02912f6
24c93570
ff261032
d3e298d1
1e7ce816
70b5bcf6
dcd34c05
730815c1
b08aa176
aadc8b7a
65506872
a70830d7
eb219642
4a3be2b6
27256998
8818b7f0
bb7aba8d
8ccac0c2
a6681064
27e06b78
bc5a9c4b
41d567a2
c99526c3
a72736bc
95350ad2
96694946
faccf384
09cd9340
5c354735
9a82f3bd
5a762045
cbc83e5f
6a5228a0
57003546
4a748aa2
16704359
8b4683c8
7ba8cc33
7c4449a5
250c0ea1
ad04b2ce
388be2a1
60857071
bb098e8c
d293ec02
5bdfa7c9
4e093f0d
50b10c00
49f665b7
14e80040
187f7421
ac7b4209
121bef9a
7f4f6356
34d44b02
9569c263
2d1978b2
e1a32b90
368a66ce
7b49b859
da7e4086
5283906e
b64e21e6
bc619843
71336134
dc8c121e
8bda1fa4
7efac294
bb8f3160
c3997eb8
6093d963
399d7787
e9160788
6832d60b
ae6d556a
a3488c11
3e15974e
3f3f5b6b
2496cce4
c0fa8fb4
a66df538
19922dc5
12e088cb
d73cd828
43e51836
93a6ca03
a833bb2b
b07d28c6
0754994c
0daa8676
13d210b4
99cbd51d
05b7a6df
d2121ffc
b2f90838
8f1c8383
27bd82fb
b1a7f970
b9a386b1
e4360393
0843b84c
3697293b
50cd4659
2be6c90a
52430163
d4ce76b3
abbac78a
73358c27
d52ab753
0612b24b
e83f8792
0cf758ec
ce7a3520
0d66729f
28faaab9
68962c2c
8111fc3f
b8df7360
41901fb0
d5afbba4
f75b7490
a6885260
aa0f4692
671a2f7a
a499fa78
383edbf4
807c85d4
4ec3ba8b
ba66ebaa
291e0a67
733c2c6d
b5b0f796
22aa3c7b
19b5b0c0
016b5b62
3b4d730c
08d81d51
1a9cd0d2
e49ab0b3
2328a119
082cbb31
832a4f49
7383fab2
b9082649
301f16f6
6a750b2c
202f3714
7a8c8d32
2db89e2b
d45277df
937a569a
9da7a334
aa080231
4a95c935
1c967177
98b91675
8759c263
af9c8a4d
3728f131
35275573
1963d9be
c9298859
05980ea0
057bc6c4
bf8dd106
1cfd1131
cbc1d02e
bf8ba9de
e8bc6932
00907d6f
83a9baf4
e0912060
a6980740
5d23184d
b7a02d09
6d463f66
2c0ef872
b42023e0
8cab312e
769ecc4c
33e5a4f4
cf328937
a167274c
568cba25
bf6add00
d3bf89cc
18b7cf8a
5f8a220e
02220cab
c2e03784
bf3abe72
2ca7b05b
f6991248
cceb4e86
8b9d21b1
33ad191a
5771c26e
cfc575d3
aac813b3
8295dac6
cf4711fd
88f246aa
3c2334af
247f1924
f4a877d1
7145a054
5630c664
52406e7a
1d466427
f38920bd
5ac56cf0
80082329
b07bd1c1
31a67a27
6486e50a
ec72c24a
c06648b6
8f787825
cd70f277
8c301041
0e97e704
75325ade
c582800b
c462540b
49c9ba66
bb3c009b
22a98427
608852c5
1bcd7f31
1e0c20bd
9c48408a
83744a08
5e8b8980
96a0db5c
725a3f13
2e38cc5a
530b7b0f
a98b28b7
cbb4c37c
bc0b2605
7ca747c9
81c6d6b9
a9759628
6c164c8c
0566a665
27b04448
3bbc626c
27d04277
5eba08c5
591e8ba4
83c1e572
e8560402
f1199fd1
5fd34643
de0041a4
076c2a16
18517525
9d6c85f3
b4eb6bac
706b519d
e25a7410
8835b94b
c2fa3e50
c388fbcd
344a4429
82f65758
d220c4b6
89acc94a
123b838f
0231a80a
73d518fc
231c1721
52a2976c
3c3dc948
382211b1
98524086
66054153
6f098874
321f368a
a496b601
cd2bf6b3
ee758711
590215fa
2c1c98c8
eba911b3
cad9c630
50d0ef56
3692a9ec
8856ce07
357b8952
5450357a
dc499875
15b9b8a6
024ac2ad
93bf2327
c1725607
7377aae4
802b0f7c
14f98faf
6fc642a1
75e8b63a
930c7fb9
2680a51e
00d132ab
caf59276
2aa81608
59355a59
a8b5063d
d0660870
d19b56c8
42e60006
fd0e8390
91473bf9
75e8a026
83bd4b1f
257a0ddc
ad0a1fa0
c2b54cdb
14113686
89d9387a
34c14610
d7076c30
58415d58
2d9eb75a
516bb175
b0731484
278982e9
79f269f6
6025c667
263a0a05
66dfa1c7
0e04cd20
719f372d
6021cec3
2462626b
27c5f799
02bc3b8c
3885763a
cf13b0fc
e9c53316
8902a61e
3fb8d05e
1bdd8ac8
80ca3100
778d8079
643b2495
81f7a53b
396dd5d1
d0df5892
31b8ad41
b87507b4
3a7e786b
bde2150d
d393b9ef
d12f97d5
c48c9cba
0c32faba
e9b12d51
95f14d52
18980a27
b0e55909
9ee9b97a
197a2957
09ef1f38
bcb1f5a6
4c689357
93744e72
c7292c86
ee164b30
64933183
34820378
380c8930
681db077
3d173d56
c370b373
3aa6864a
14575d71
da1dac10
62afc554
2461314b
e7bf4cf4
e9a162bc
7347c160
7098e624
69fc32c3
847c0447
3c0128ae
e9352415
b21782b5
98947787
24f19c7b
310a3678
064c6945
97d59b70
cfd0b91e
a9ce754c
64a0c9b8
ca38838c
09284961
d3741050
8bc9cf93
a95ce4dc
6a6d751b
3f290362
8922aba7
064b1b31
8d773a78
ac5b05a4
803d80b1
2b5b0333
9053866e
01c37c88
1303f72f
ebcb6ab2
087916d3
5086ea1d
9ac910f1
041458c4
1f90568b
d13ad17b
cb3421d9
03a5bc9f
19a83ac5
9a5b82b4
98645238
3a3d86b5
dcfeb429
bd17e19a
72995c07
16388dc0
4c44c6a2
8c1a514a
e1b75e65
6c086543
8925a324
f907c107
4fbb6573
d99c0c97
7a9b4328
3462c484
f45e1a07
00a31cfb
4f149364
799de1c7
9b8d2378
36819810
1eb69c4d
1a67bfd6
4e310361
b29f6434
b73740e4
35c56b6e
d09bcab0
31737b58
13d655c9
7a0ca9fc
c28303f7
165174a5
1c0a28cf
32179d7b
627983af
67182a8d
29f98548
81f90c85
ee96898f
f04d2316
21242e24
446c7275
62c6cfe2
43814fca
4a59f3bd
94ba9392
cf211823
84b7d79e
b58b8299
97cbd75a
d9c5907c
41531e3b
0f50e565
167ec879
4c99bc42
cce1475c
29768652
9280b1c3
14a0a61b
b737da20
09ccc2f8
5a80f09c
24cef842
97d96ccb
0d46aba4
3944c929
98dd4807
a83c74c3
883d5cc9
38160c87
50e19356
c1cc12ea
653882dc
a2b06ea6
be056c3d
73c85962
175c7008
039d16a1
f07c4988
137c83a1
5834b033
34941699
b75c9b36
0013402f
41c1ab7c
7990091e
27c8099f
c8da26ea
84c081be
b347ca7a
b383bcb5
58c8d321
bbbffb4f
5621470a
08e3b5cc
e0522bd2
c67c0c04
2ab846c5
3761547e
15d467f9
8c89b7be
2a65c477
d364a236
6b278826
d730dba7
070a32d4
77f16bc8
4949c38d
1bb9885c
81b9f83f
b73378ec
91cab630
001308c3
9ccbc710
9c170643
00367244
e84e59ac
55ae79a6
6227cc13
a3705a10
27848668
a8b79a44
2cb9dbfa
01e7caeb
894b1a42
616182f5
9bb2c6b0
aec8407a
8c42a29d
96a906c8
0379d4b2
d8b1ec56
99458f1c
68056e61
8534f729
e5f7a57b
30a0609b
81260415
e4dc9856
b2a608c7
4813a1d5
a6cbbd09
29892eb0
0e55413e
32c5992c
34d3ee3d
702f2b0c
58e1b788
3ce65941
caa95687
810ebcf8
aa3cb15b
5093f9eb
b5c58c9a
b2408d2c
f6c62899
da481539
4efc6aa0
75ad08ea
2609a85a
73c6fd67
a842f005
846aca78
1e6ba784
90607214
03b42e1b
3a02df70
0eb52b3f
1afda203
4f50030a
7522450b
211d5897
9fbc8eb5
7534e4de
a9546e9b
8ca437c3
d2c2b0aa
888259e8
87798f72
87aefae1
5a2ea6dc
95d3c4b3
e5818ab3
2c16223c
4b8beabd
95913bbc
4bf754da
22725348
41c5c429
f4c68ca3
a0eb4896
376374d0
bc5d5348
1df64349
0672aa23
7ae038b5
1481a26e
5647c7d7
f35594b1
2474d72f
fe63e573
bb694e42
8c39b0ae
5177e464
f8422c98
1e378308
cab80885
0674b2a0
11b0c835
d39f424d
310e6e09
5628056d
c96c0aa0
11d63262
c0f38b76
7bc90864
fafb03d7
93e8a81d
58183b72
06e3a316
4395ff97
0baa5cd5
db666f9a
a7370812
254e0a79
f6ecb9a7
b75a393d
5ebac1d5
91cf2c5c
87ab0217
f5097236
5be39d14
714a3591
7990a903
12f4c230
60154664
f9208a79
52b61e25
c2b08508
a297d4ca
b1183bca
5abbbf12
a74f5479
47f46161
5b6b18bd
ff20c206
86f71ad0
0a9bfc07
0fad9c31
e99637b6
aa25c8a8
4412c02e
3952bb51
c2ebd643
e92ce092
cb6a696b
c56b225f
c2ac9958
42f0fc27
5d8a0cd2
332f3c1e
41e7bdea
184b4aff
2c44841a
9e976e16
19ca9dec
9b6fa512
09ae6580
b3b72e28
cacdc657
6645fad0
19c26fb3
79496e29
a95fc21d
9fcd028e
8ce4bb82
ea0fafe0
2bfe2c24
14191e6b
dcc3e617
7c833010
627775b0
435b77b8
1d5862fe
f6acaece
0d7b674c
905c0955
1b380ada
02d1c9f9
6b4ed6b7
e10cd26f
536d6235
c843bc95
a4463117
e82433af
4f5487fd
cd041269
4a32cc6e
05a4ecfe
1b4ddd61
2a758352
6ad649ed
a72833b0
138afd09
d12965f7
74b39f87
532a33da
675b57f4
66d44352
df3cc6be
c22be26e
871558d0
ee3034cf
1c97d9cf
34a12c95
8fb14da6
f260a96c
5043f9b7
634621f2
1daea037
ae97cd25
777c6236
349a8008
ce386e3a
ebe01f03
251c7b84
a0937aba
3ac60bf3
db62356a
68d92a80
088269f0
0ee3e9aa
98bbc30d
a835104e
bbd5deb6
6275c45a
2ae588d0
465688ea
010a6982
74a8307c
b5b48f7f
40a732ee
3804e694
2d16130b
ae8a8832
57fb0cb2
f1051509
88d44a1c
4dd28e57
6bc25b9d
4d4d19f1
5402ae76
f74a0943
74d75bfc
23d9b7aa
0b08fa31
63b2b495
bd123bbc
d2ba1cfd
154c77d4
c375630a
56049d54
73ba4c57
015d9712
d1b5a2dc
aa896af8
afaa6769
02f6beec
7d23cbeb
0eb052cb
b9b7cad7
47cf28c3
05de3a58
672ff8b6
ac0b7913
ebd05fcb
1afa8774
afe6f79a
31522cf4
f1481bdc
cf5ca44d
e84bde69
e7897232
e0cfe6f5
9830d398
d99231fb
5ffec725
9cb7ae57
880ed427
556f90b6
6bd01713
8456042e
c4d9eb46
1b1e57a1
1bbe4452
c4d16bca
ca92e1f5
12b3ae6d
17583df4
4610f40d
58bcad81
1594818d
d5db7aff
20b0b7e5
ccf5e3bf
f2772f45
78c99c9d
636c2f97
e0397f79
755e730c
b1044d05
d28f682f
0ce3bf68
22e1442f
0d41cc0d
8cd3fcb9
dc582701
e268127d
c5d2f0dd
9ef4641b
59d3ce17
9ccc80cf
01968ea0
4e0e918d
57655d27
a8448845
0e720809
ba48e7d0
0b10061b
d7e0b0b2
c777e815
221bec4f
bddab8d3
29db9a0d
dfe290e0
80ba8099
f47dff52
d6b26b53
64b2a2dc
20e46879
de3489d7
15031db2
385cbbf8
0f3a5f42
0176b55d
4a2e4d6c
bc8404c9
8fe28b10
9ad22d09
bb33fed2
d04975d5
100fd698
7225959e
77a057a3
cfa7190d
490edb00
6b7561f8
f6cd262f
09fedc08
fd629e2f
7ca4e5b6
0cf91a5c
3af89de0
480a8570
ac0537f2
4c3ee38c
aff20542
577e8352
a521d290
7e4b1dd6
41ce7bc6
041c65e7
bc753b6b
82125544
4b9cbe85
60423269
979ec3cd
5208d59f
462ae86f
68783e4e
a4114efd
1aa01b7a
27b2690b
b93612d7
b3e185c0
8e2614a5
ccd8b2f1
572e619f
42ffcc10
274bed88
c145ba50
bec53382
d9e0b7a0
5168dbeb
f801955d
bf16f092
2e8ea07a
546bc53f
51b57aec
31829826
40f733eb
731a465d
fccf5d13
5027c422
618de7cc
6da731c8
73a8ec32
a5a35fa1
37a30039
f9a3fe57
9b66cb96
10942609
e95011dd
dc7f57c0
817c2633
5976b67f
dcd702cd
cebc1ae1
9c77b786
d9f132c9
a218c5b9
ffe6fa5a
6e6dab50
a82df679
678fd722
e5ead98e
46673a57
8013cb67
2bceffce
9b560f17
24ea9485
c99aafe0
f2d54524
493181cf
d01ea76e
49a7cd8e
bac60af3
b6a36d0b
feb4ff76
05f91f21
a8018314
fbb1b413
cb6fb25f
2d827966
1c8042be
7739d749
77dc67fa
76c674f1
2679d065
21a0d200
531dadd9
4d9d42ca
fdd0725e
7c9293fc
2fb93210
63b5eb6e
a422dbba
fddeeb32
a17917b3
e47cb732
5c7ba402
fb2acc07
41645741
b1224f1f
2ca58480
46d4bbb0
ba0a64a2
07e91b93
b66067fd
ee668c83
a8a213f5
0f0c3104
b71b926d
0c104a68
e271609c
a4b158ec
992bfd3e
9d616ecd
2a768406
480a06df
a13498a5
3223787d
848294cb
7bb813b7
cdbed79f
00de1423
65a84919
f69fe585
a549c6c5
af333f27
b2d89407
b02cf36c
da9b9afd
2209e61d
4f829e24
976b0877
f4a790d3
708ad118
6386f96c
daefa1cb
b3a7db4c
ac8c8052
00a09dbf
b2ecc1f8
642a1c52
f46fdedb
d8578a1f
8e657504
a07c6bf1
2c89c4ea
40791b70
beedc84e
ba515431
1b8997f3
ccea1ba6
0c14851b
d639a036
3571925c
5dc51620
70d92626
58c19e64
6b10cf77
10c4013d
601d94e7
f9798c88
52613d70
95eebe9e
cde62f03
158600b9
73a5bfaf
56ebd754
f9b45003
6d4e8238
186e181b
cf168f40
f6a0afd3
87036711
1b7a2a1b
7958628a
e39fd63a
4ed06c63
fca08351
ba24e295
c857a7b6
3e19fec1
f9543388
64cb9843
f285c903
37447445
8efa1e43
81ad5006
03b3496c
769b2cc5
c4e6002e
0297f101
f7c94a4c
eda55997
ed5d67db
c15fc602
03b29372
d73fc601
20349dba
35b94d01
b127f17e
f85dd09a
bf8d7eec
2881621f
e02eb6e0
1367f83f
6d5f9cd5
e87f4c09
908c96c4
c349116c
00000074
00000003
0000002a
00000009
0000007f
00000003
00000c60
00000620
00000000
00000020
00000000
00000000
ea02baec
874b1468
34c5165e
f9910894
a7b46c8c
116c3184
9d695651
24c19f99
7170ee00
f4b721cb
0013b247
25cc1fab
eea8b50f
034064ea
5254cb00
5350917a
180c9246
cd2a8441
f9792c01
ec103c92
acb5816b
9bc7db17
e7fa6308
a863c714
2db57655
09c380e2
6516d437
908525bc
7bda2339
37eb9ebb
7fb73377
35e7cdba
0648669a
8499a732
b5a12219
99cad688
fb3e21cf
f257048a
3ba49b7b
420c9b63
31e15ee8
6dfac8b7
e6c4094c
bb90a7e4
5bbaa510
99742c85
441a92dc
ce0974cd
0689293a
a7a57996
5e05cdc3
9061d43b
d7511f96
5260d45d
cd9298c4
67ea67a6
4916e283
2eab0595
d28e1057
14c34f54
6fc1574e
906221c0
9b377633
879d81d3
6b98c1d5
5ce074a2
43842432
59d63f59
bc68ba1e
65162648
53a1b9f7
715af2ca
c68fbb2d
a905c447
030c0820
f319e64e
4c237302
2de24a80
1f5b0786
53c02dea
17920f73
28148cd4
611039b7
97a4d721
4d64301f
a9fabef3
88dbd497
4f83dbc6
983c5a85
c6989311
914b3cf0
c73b545b
14317194
46442c4b
43ceb7d9
654334c7
133a2668
76096706
87948919
adcba9f9
44c8537c
6d246d3b
2a578741
17df3144
a3a9a682
f875cbc0
9b1538d9
8fb23a7e
ab85f62f
788faa98
253a9244
ef7196a8
e07546d7
33a0d087
385aa590
92311cd6
0b268e44
8a47c861
116e58d4
47b72235
06b824d7
62d85542
3562544c
5d72121f
07dd8f48
c21cdf9e
3633748a
82c88011
9638e61e
2239a6ec
dc354abb
60847f32
2ea9122d
140a3fc0
6f73b118
be8ec9f1
e54e3f30
aa050b82
108130f0
c4af1e06
9f600029
e24ba05b
9aec1aa6
cee01c11
2239351e
61e0957b
a47ba24f
926e7168
344f6f85
a8c0aa5f
e9173473
96dcc915
692705b0
8d8ce9f5
a7703630
c9c50341
38adf1bb
0b620811
8430b0a8
349aa1c8
15de6e42
389222c8
0ac7eb37
b84c4b86
1b501954
68cac62a
19e29892
a4289406
72819145
d7174a05
06c62c7b
d7aa65ea
1c9e25fa
14091ea3
6976482d
b5e9a336
88bcb799
ff9155ea
db58ad11
86b18a89
d43a2131
e8871d31
6b133558
aa888697
49616164
52c2ea01
5043b1c1
2a488707
21289aa4
e79667a4
602502d0
6f44ffcb
e0625051
118658d9
2f163b3d
746fb0b8
685c6395
18d38306
3036f233
5af06006
845a89a6
fa04c096
54c97bc5
9d09354f
ba019ab6
9be479c9
cef6c642
378ee8bf
9b136623
1903e3c2
d199824d
63116f41
0867c28e
a828e3d6
42c68495
507a3ec0
9640b953
99fb3ae7
b6b1b556
1d95b4f5
196a3371
2b673216
033fb87e
4b3d9715
8af4c09d
11845378
f15f43ba
39866306
73202763
37cfcb07
aa93727d
f4ac4cd6
fbec91ab
7b8aa520
036439c1
f4eba8b8
b191f1a3
941be6b7
b7e006a1
6476948b
b745cb79
ec98bfd6
cae0de31
deb3c248
31af9544
cbcb1720
085494cb
39c4c9b0
b080bf2b
82a1db9a
3a7f9467
b17aed62
ee32b784
fa0a71db
1e13eb13
0291a0f3
310251f8
b6d8f1ba
226f3334
2c2e3ff1
3470eacd
30cb48c5
313932f6
a50472c8
c84238a3
c500ac9c
a890ff02
6e27852e
f9b5ce70
4b03b93f
10826b00
f3f6152c
28b01e10
cb3f01d1
a6850eb3
99e22c1f
b4b0d4b7
5c71afb2
9956e047
1a8dac94
c1915206
46696997
bc624c9a
d9d638f9
bd52dc68
21c1a2da
4bf104e6
89c7f40e
7a749479
737d7ef5
7ad44f05
b57d3ac9
24ae393b
0d2843b5
fe183423
e0913b64
76ec4da7
ae4684b7
650f36da
267b7064
c112859f
079b0ad0
bc16ff56
967b400b
96d350a1
7c329b9c
28cfbb8b
5ce47c4a
64faa272
d33d7307
41528e51
65755987
f97af846
90892374
583af148
3fa2bc0d
e87a8b86
0bd93d42
93b8e7ff
0a0a9751
881a2393
a34386db
4265a45b
1640f7b2
f5230947
5802b901
c8b0d92b
69c7d277
9b467c7c
b556703b
dbc4c618
c28a444b
82890357
593e1567
830e05b4
11735664
ae2b58a7
b2137bfc
3d29bf7e
64934877
2b8c3e10
4f2b1809
dd24a434
78809366
1f3ad8a6
d3b3c923
f527c782
7b2a2251
4d4ac3fd
272e3952
48576dc0
305b06d5
195782f8
6c544d1e
fe6fba6d
3b58545c
0e63789a
c0a78270
935dca3a
cddc4d3e
25988364
a2e21a92
8115d1b5
553142ea
c65ac2f5
cc54a3c0
5542982b
87632b88
40523914
fcbba620
22fe0af5
95356f97
a6938a7c
758f1058
0222e43f
4baa0a3f
e5a83974
2f07f070
bc7b131c
0b0a9ecb
28892e77
0988781f
876bbd74
92e9dbb6
c3368810
6b49001b
ccf2e9a2
0c33d40c
24bd05a7
3141e04f
cf771589
0839be38
3fe73967
013ae563
89f1c86c
948a57a4
9036bbf7
dcb36d01
18380b5d
29a4d8bc
b82491d0
abe2b528
dc55b7dc
11491ff8
8c53a232
332cea67
237311b1
7c6b4533
2894ca65
b8e848db
08d89f13
965507b1
952671ab
91303a6e
52150298
8447a3b9
8ad2c762
1faecc7f
122b59d7
b3f6d8c1
4116d9bf
00d22807
5e52de8b
8665cb85
3b470f41
b661589c
f9687840
e16dc318
977c71b9
780b61c2
6bb50382
10c81c37
e898dcea
d11384c9
17625c59
8b260543
9aea1e2a
63dabe3d
3919b1bf
bcd24963
1852765b
fd07e1f9
f7deab56
6ad47c01
761ae0cc
0710a5e3
3aa05e71
bf2f240a
381d2ef9
2c31e170
fca59aa2
e1d3cca8
6ce7aaba
e5b9dcdb
9321a325
6d5c1fb6
44227c50
8ad39198
0eb6f4b4
732665e0
546fc665
10c20194
de3e073b
e8f4af42
51419367
6e08fa84
45bc5483
10706108
30c399e0
52a99944
8a5a4b57
89265ba1
aaeec6aa
a381f32b
7c915716
e3df4669
c70c5214
389f88c5
a7867d82
021a6cb1
45226135
207659d6
13919fb9
3f94a646
0cd19277
3a42d16d
b59db5a5
a80f7966
3b324200
260d6768
bad96610
5851671b
581b08d3
15b3852a
6c073315
a6ac1460
00bf46c4
9d32da6e
2cb2c118
02649d92
88166d83
2bb24c5b
079f8632
96679729
828815a8
28eaa4e8
2d1a7bab
fa8ca259
9446a190
9458cdcd
e2432c75
fcb04de7
06f23622
251b8704
6833a34c
44acf58f
6c541064
95b15db1
9cba8c89
e0a55a03
11f46e46
a49c066b
6bad71a1
aae08fe8
aecb4100
b2cda841
81802d30
35440c8e
ecc6e124
152c0922
5634dd55
07420bcb
4c622423
4c9555a9
54cc19c2
532089c8
3d16bb68
08ccd577
36a227e9
37ec04b0
3fb00a83
a40b3eb0
aa7a1c80
7f497c2b
a79e1f38
90f1287f
b765cb3e
88ff9df5
3bf00381
023534d9
5aee6814
885cf1cd
2368f91e
bca3cbcc
598aed4e
b334545f
a89329c0
70764601
6aab697e
b3127d99
c125ea2f
37a8095c
31bc3e36
6800cdaf
a88c8bd3
a1e3ce75
99466f03
c3a87320
88b13c98
76b1a95e
387a905f
0140cfd9
2e0c6911
cb1c63e0
43328601
8958ce26
089e3872
db3743a1
1d5be3c6
33269135
9cba0eb7
33e12189
1e67daee
ea800471
0e9570c0
5662395e
777b1508
c0d64ec1
b3b51cdb
b0a91f43
2542db54
76c75960
1220981a
1981097c
30262360
db116aa1
3dd1a61c
705fb800
c9fa472b
57a48357
7db38898
94966c43
27281866
2fb4c550
e5c9674c
09332496
2417bb47
3c8b2a96
4de5ce83
893ce246
ba43ab04
bd614f7c
922f5569
448e6c55
0a1b4e68
12c7c5ec
c3b25f00
750a327b
1d1e0900
35f0a637
2b1b8451
66668301
e49796fc
13375013
1905ec42
5860253b
aa849ca4
1220b556
bc554c99
74556db1
547040f9
f0cc2298
5b0a0e86
f8cc0b47
3a890823
adb27fa5
eb3d3439
21b4894a
a523f346
9c58a507
49996938
5bb4cd58
b980f63d
f0122e49
68921a86
fa0c5978
11237d24
0f86b675
18b82a6c
18164d3a
98372882
02374be6
d1515676
c2476540
2e3404d4
b2d014b8
6daa3b85
e9601769
27c26b07
9198e05d
0527a669
a30bb4f0
3ca7a466
6715b4b5
09fc5d46
3516fa62
7e40f185
737a5e37
4cac4d9b
d181995b
7418c03a
c7c0cb80
849d62e0
5837ab47
a4c87889
bd71a051
ab078f30
9f46b8c3
2b126a8b
3bd908f1
6a315471
e8716382
12993d39
7527b9c7
9084a552
6bf69ea6
ce07a6a4
c16906d8
a24090c3
30fa7bc1
a3008047
f1533a10
1f451a42
43938cd0
489ab3d1
aecb4f3e
a6a4a143
73654e50
5577102d
4ecfa85a
311b82bc
8dbc8d31
caa69cf7
e2415030
b21138c6
c68100ca
964f6522
8f410489
a402bac8
34a730c5
4584985e
27a5766c
2a256938
8c34fe5b
724a7c1e
c58eaafa
08abe997
9a6f98ef
9bdd08d2
2d9a850d
c41a0147
c6565ef9
253b33c2
96cb7009
d3c8297c
33558ecd
b220e7f2
21557c5a
5fa2283b
909702ea
40f03c7b
aa53d073
6a2de20c
020335d9
8d66dd1f
9eba65a8
f93d9c80
288185ae
af0573d6
e1468baa
1a72cd1d
f9a2a3a7
069b2108
cdbab875
bb382c8b
00866b5b
845b2ccc
1bbf9312
c28cc82c
a3113446
733a7a65
d95c26f4
c237886f
d8c5648e
e75a4e88
3b0bd1ab
70bb0ab2
051e1ed3
0f486098
af698be6
5cd239d8
95b4eb36
b01701cd
c2e81610
67a40556
9f347b97
60ce4e7a
93191eb7
ee3ab7ad
1e9ca951
ac4c8322
99a94fc8
dd6da474
a00e3c32
1a47a23f
9309f16d
a94a1d58
1bfc6579
c39234e3
6f953f68
03fb02df
1a12950d
1d31ed7d
9d2d0a50
2d3cdff6
e59d3099
07e0521d
9fde0aec
db7a4b18
83d12d7e
0eab871a
8e0803af
74c2a3e2
e204c183
65431bfc
fca3ccd3
552c762c
da427d41
ca9fc77a
e6615ae1
ed49971e
68eca284
83e2f160
7a32d0e5
c48feb39
9bdef9d9
d84c2434
87c31eab
0e61f58d
649f6db4
10735808
34d4950f
84910c56
a963744b
6530b701
fa4708e9
86bcdbba
e9bd4636
2bdd73bc
63f00ddd
7c2027f0
c1082920
b1e2cb06
9cc4a167
c25395f6
affc8860
af03e16b
5bf9c6a9
46902174
1c3a42d6
d0f0e29a
5097cc78
0594592c
c7af9c26
e9f58f8a
f64d0b8f
1eebe4d5
f859618d
1f3f96f1
574433d2
6c3ffc58
e2ab5637
7f883d74
876c9186
65969711
a30e582b
9fa2adf4
d4d79f8b
e510fdbd
f1d86274
d3822eeb
da7a9495
e875183c
cd4f8cf9
d8ab6d6e
076b76e7
aa014c2f
a89c6e63
6bb1c731
d52840d7
e1547098
8c7630df
4a5f188d
c8f4db35
7a9b4cef
e272dcee
b1f0f55b
1a024fec
03bbc2ab
f2095791
bd186160
926f3af4
f4605800
b2cd8c24
4788607f
40efffa5
38225474
0b37f815
d94abbd3
1b8268ee
c33d20b5
5a716985
f96d7213
6d3cc0b4
20a91ff6
30a61ba7
cf57a4aa
27f38f31
c3cef91f
fd120387
ca69609a
1c72374b
db3c804d
eab02485
1585baa8
95fc3703
b8a7ac03
2b26950a
d450b002
e382a5ba
a4f11c7a
cb644cf2
7bc8b717
ee63e234
ebd879be
44ff9485
ae8c8fa3
c520e9d2
fcd43d6c
65e50129
ef8310c0
8459648d
4d08f083
3e8d3ef2
3969cdc8
b83f5f55
2df552a3
419b9343
f335ede1
fa8d5b69
cb97fbac
2c8cf8d9
996005a3
dddfaa7b
e8d8a866
2c7a2394
73fd9bd1
1aacfb34
fe4cf1f4
ec5a4f2d
15348bd6
97412729
87ac55be
24a74d71
d08f94ca
07f40d53
0a2f8c29
96203618
b9696934
ca984d83
80c958a6
ba9cfd31
fc2db9e7
363e9e31
0047ca09
abd195cf
c67e9a5c
5de4635a
4dddeae1
0ab214e8
9dafc676
71a0bfa1
ef93d38e
7502bcee
5c17a447
784e6cdf
f0c55617
7d530bb0
f23f5174
49c1621f
e0fd1c55
e473dbc1
e191e3f3
3e58297a
e4a56ed8
0427313e
fee18e8d
d99cddab
35269fce
a356c368
696f7c8f
011470c8
dfda4f49
53703c46
c7778917
d6714dd9
321f1f50
3e2fa088
7f5ac5f2
c9c2723b
8e4f04e1
256823cb
1a722a75
efe176d7
58be34aa
e9b8026c
7ba9c986
60cfe403
d565f994
a8772b66
40386fbf
b49df2c8
0892eafa
c640c224
d8e1fad7
dcc42cb9
3d892417
d8c436c0
a50db50c
e20896ea
6f404659
9d121628
193ce26c
58bccfe7
cde679fc
b794db60
c12a0cd8
c4e467e6
e0fea2be
79665963
85bf063b
84a0eb90
ca1a9f0c
1c7ba996
68cef3b8
2d4ad6f2
9931ee2d
de9363be
c8551ce1
422bd9a5
5e75ff00
707fc43d
7d1ae617
32a95bea
5684e736
d6fdcbaa
e55b9394
9bf7f485
d4bd2d81
16a5af5e
65193012
66b11ea7
c1af6c42
652d9d0f
0a02378c
c787e73d
0b5e8fda
8e6765d7
a6035309
abcc02de
e1141adc
0f0246d0
b5f7274a
3a22517b
ead0c1cb
befb27c7
45511ea7
faa5f5f9
daba1e77
6b020a28
3b752a46
4d831f6b
1ab97a89
67c1d5b4
81efaee6
4f015e83
1b3d7156
dbd5e620
8e08071f
389f0294
e6c9f716
a0261713
f53fa949
d609c80b
52bdfeaa
bec470ee
3750f1e8
bc80bfc1
0a719fcc
580a0455
da3f2667
952893c3
94591d4c
e14b112a
0e1e42f6
b14f7965
4fdbf155
e330cb97
681dd5ab
478b4c87
5d738796
3af89b22
a9413a81
680b560c
a1144f6f
28b9f522
568e461c
378ee9a0
49f07a83
8c7f8c95
f5182635
535ce188
104e6e80
45691886
2cd4e3c1
86f5f726
fd6ef76c
6d23b830
7410b78f
329f9223
de5a1d37
0d06f36f
de554369
345eb730
066f323c
108f6014
7e0ae441
08fd5e9f
5c9f096a
452c78b3
7e10f55c
7945a633
ac9d5126
41c43e24
47414b8c
02526706
39e30cd1
321b1b9e
e1901b94
8d93d7aa
a6adcdb3
16e8b1d1
6c8b9d6e
d9c65ae7
f939f9fa
315241f8
5f5c857a
d88c8da4
a21fe929
95935355
5c2e258f
a0657455
290bd12d
63e9488f
9b9c53d9
0945c21c
cb115f26
0ce360cb
98cb4953
99926c36
d55842d6
e12e6c41
f8919ad3
4adaf289
c0f8ad60
9b5ef556
08b50aa9
397b4192
39f2c633
97939132
b53f3259
f73dbe84
cd80f856
2809be2d
657e732c
95770065
9f4b22fd
08f381fd
e98a9387
16546df0
61baf8ed
be68e12a
2f9c117b
abf94cb7
7df29260
55b7c993
383e17cf
d933bbc3
86f38f75
cc14c114
a031d707
ae6f0a4a
d16fdd17
8e1019bb
7a3af7d9
0ee07cb1
72d9bc58
13159fae
d24dacd9
35a3cf1b
bfccf573
ad67da1d
1ce42475
d4797040
00000075
00000003
0000002a
00000009
00000080
00000003
00000c60
00000620
00000000
00000020
00000000
00000000
4318fad4
e6c6abcc
c9d786a0
04a09b9c
508fc957
ba69423e
3a7a22c8
867f4b8c
49c2f1be
0997b445
c6f75c1a
56a9336b
2f1cd7af
60668f47
50ac0b7d
d3cf460d
07771c9b
2819f803
2cce81b2
e9780d18
6ce1e787
d7b26747
049f0f13
81016174
660bb022
5546b665
8190e599
cda7d2e3
d6d525ba
bd7ccf49
6e51f232
7ba65e19
79116a4e
bba28b6d
12fa617a
8ed14063
e3850244
77b70a77
5e8a633d
4f4ae7ca
53fc0db0
53f22421
d96434b1
72f59748
59e563cb
d0221882
42f193c1
0e512d0d
6104444b
699d435b
3742183f
a0a381fa
276ab49b
06d2c754
ef0d9130
fac01a98
acec1f2d
beb968a9
f46b2303
057076a7
177fd726
f8ee9244
9663fc06
b375a476
a33492db
9672d455
b4465a49
7cd5ac2b
7cb96c30
33372c85
d5c1a3ca
28659293
3617985d
d93b2838
55e9481d
d8ae79e5
4778cd96
09c13885
07861058
e2fc5d12
77c83556
181930d5
93b7a6f4
bafa8b09
fca1b128
ab0825ca
02359512
b44287ad
7a913489
a77a0947
388576f2
97a7acc9
7d2bd425
f09eb412
19a173c9
1133cc5c
509c75cc
97e13154
4e656182
5b3dc29d
fc73b43a
0c781328
343e71e7
e3be1b03
2ca8baa5
dac98593
69b547c5
1e134910
ff5c3b5f
0c243e65
248ba789
dd84c88c
132fade5
29736eb3
1e54b8f8
e9e4809b
a8ebff46
157e936f
3b347180
62e8cfc3
2c28f826
d843cbb3
5e5cdd54
d4adac0b
d9b37700
3df3b895
c1baf6eb
d25fb949
55d88444
f43d7ab9
85595988
724095bb
4a6faa9f
109f16c1
4af1cabc
1a2eace4
025d00da
a8033aca
70a654fb
1bbf72c8
00b283ca
523d4202
9058a8e7
68232fcf
c6826a15
b8bc91bc
c566f78b
ee7755d6
29994b41
bce43945
0491208e
a3e0cb36
5372869b
ff1ddbaa
c2d1c4f4
9a99245c
3a0ca493
38dd25e5
a2bbe660
6dc43b23
162b88cc
2fcc0227
9077d497
01be68dc
18251fca
5da44b09
7a494652
29a0f8c9
d4755798
f2219595
1236b127
ad61ca80
a4559091
4b095362
1e8c3019
e5ec95e3
32a08942
d6028780
578a97e5
663c9314
b7ac9031
ba93aefa
0b6a4371
bc804507
35058663
0a23f42a
7a6c3093
729a6f52
556a5c14
dc6d54c3
42bc86a4
5424a5a9
047706a7
bc5c8f92
b6eba381
8f27d5f3
5255ba04
17640f9b
2f5e9081
96bd8b04
8435e99d
7d4e6aa7
d06d4129
43468852
db61b396
9239ae1b
56b7e51f
5c083c14
d4ae3532
5932df47
f525d997
5aaf3408
b5f540a4
d89472aa
9ac79391
85f9178d
c9a6272c
a1f456b9
bb3ba7a4
b7af8b4d
45c07fd6
c8766e2b
45b49c6c
8a152a14
4e760b8f
6257c226
287b3366
8e0952a0
1e6d4a00
c1b51c80
25c61327
efbce301
2c3b5c9a
0d9c8d3a
6a387114
92ea6705
47256d58
742252c7
ebc1bf60
7c0c4210
bd4a863f
67935cc0
5e90b06a
d44188cb
4ba3669c
c1468a0c
3cb66299
41a09ab3
13881415
c25878ed
786c0efc
4ccb892e
e216dcdc
42071faa
22c74fb5
4ec798fd
43322faa
6e0bb3a3
eb595145
81532f49
4735bd3a
1f30161b
723120a2
ca8cbb11
b04b723a
9bb611d1
6ecab4c3
4341ca41
54a48d9c
5178938e
fdc3f986
b7ea9791
8d466210
229fc6d5
a94b4a64
52044c32
abb5e325
6c1ca0fc
591858c9
eb26788a
24e21d90
40c09655
25b32301
1bee7813
a0c10356
6e724b8f
a60d16b0
b7942243
f89b5cce
ead84fc3
a513e849
193ae241
f5249957
4c58f754
37cb3cc6
c5742947
c9d90538
d33d579c
3294c5f3
5b08a9ba
cc4ed8f6
c01f3dac
4d10b4a3
186be628
433370a0
82850203
a7852af2
92aa11f0
3af07e69
d4c6d241
08337758
0903ff3d
e2cc7b47
83e1960a
cb2001aa
5212c9a4
b7e15d81
99310b59
eb29295a
cc0347ec
4e81b117
5a1efcd9
1c616643
60e3e724
ad107a2b
b3838868
03eaf82b
933beaee
7667a177
7581387a
ad160462
99954dd3
cbb574c6
e507382e
6820b267
6dcab12e
05164bcc
6c64acb3
31e17d74
027d65d0
69fd600c
ab27baac
d7be3587
23f7be67
b474118b
7c80889a
b13388d6
4e0a7610
24cdf8bb
a15c0e06
6c5a2ace
c7bdda79
e7ec7810
3a052749
b646e938
b0035bf4
21405617
763d689e
78ef854a
a4e71750
68947b3d
c72b0db3
124aae80
8564e32a
5addcf8a
2c89ca86
0d1d7bce
88133fb7
1b32e5c5
4b2b4668
11363202
4f5a825e
65a64321
b4409d82
3883205f
a25d2812
e8ad86d4
2a04348d
f91d039f
8caa1ae4
c8d2349d
0e155a60
ba5d5d15
1da87b2e
51b7731d
8052724a
a610a633
dc8960bf
db2b8309
ad531b7b
3359ea11
189551e9
b0d68387
f5964303
e1f884dc
8f13efc4
59770909
853d2805
0ee8f017
85162223
71a91b09
3db59860
8bad7657
c4651df0
71a18ac1
bcae1074
03417e24
2332f806
ebb80267
b267a644
288a7b48
565d51b5
15ba61e8
28d277c1
3e486b5f
f57c7323
c6a8c5be
6e0c7a67
e565964a
af97e6cd
ac80f899
e0122c22
4425d6a8
bd10d6a9
51d7a6db
19bb0c0c
1919ecdb
d0002402
a456999b
d69cf8c2
c65c82a6
4ce8231e
b25f9566
75bdcc71
027921a0
431e456f
cac01f9a
66627960
bd14b057
a5192f86
b3981fae
8074b39d
f70d1b14
6460b413
964c3a22
94588fd3
9b0b2c8c
50c299f4
729954db
192b5ecc
194f677f
8c399f05
87a86aab
8e21b870
40a45654
60e6886b
f80f39f2
9a22ca47
74b0fd25
240cbc5c
1631c5f0
3e5aa339
29a8246e
fb158cb7
78ba37a9
68cac3f5
9a62b463
3ce9df81
1d0c240b
b4239d00
3c438b4e
95762b3e
714ab25c
8110c850
95a74a91
dc1d97e0
73aaa438
d58226f2
901933ec
5644fe3a
5e47a346
198748f7
2c864dac
e228627a
ac8654d5
3cd89892
4dcbe8d0
e0192500
4eec615e
3bc442f7
38014570
7e346274
2291a36a
53a84d0a
5e80122b
51480350
1b365a38
1bdc7c38
8fc6d944
439d1e35
8c38a4cf
7400a435
ca690431
6b79c4ae
723da584
3471b0e9
610be85b
11c00287
e78966e8
84973ac7
aa55c2b1
c616b737
89878527
fd092668
e9513955
8a112f1d
9eab9503
fa475417
b02183b3
9d5c1369
6b87b518
396bfecc
a586e16c
48264fd3
0f7cd4ae
d3bac1ce
47726688
a4b86509
3fcc60a2
f29bb4d7
655044a7
a4ba9677
c0f75023
98910765
200ce0f7
2c345cfc
11479d7e
e36007b5
6bfc6733
5b35674e
d082aa17
7137a560
8b275f8c
b6937bdc
e32bc647
878a0b57
13448242
ebdb8ac5
2c4b8256
177418d8
971c2e6b
83d4259b
cbce65cd
f417be86
012bf486
55704219
bce52650
38f0d525
b3c110a1
209a2256
a9fad792
617de90e
882ccd20
ce29f9bb
70359208
02767fd1
9115fe42
94a771fa
148ca7bc
48d48a65
6391db24
619d87f1
10382f49
4a87c011
9b3447bb
467317bd
a47cd53e
81ccc162
c4968841
a3114232
04f06030
5f766406
0bbe1b04
c9468c81
0695a58e
6cc3eaa6
80af02b2
5339011e
7b2ccac9
f6c7c8d9
7984e376
5b4b6b50
5047652b
7ab6274b
a68d0ba1
12b3ab10
56fac546
017a0902
94c48c48
4a21017b
95b9e2cf
1cba4b2c
b157465a
1f943c89
e7453e28
993bdf66
14cae6fd
d6dfc64a
24ebd1bc
885ce63f
bbc2a083
7e3cea9a
e9c00730
b05a7f93
1deb794c
195e8598
0a2e77a4
ae67f030
2e8bf475
441fca54
684cb86d
d900a228
369a7bda
0312bc77
8f72533a
f2c93ff2
66024d85
45cb2812
c70987e7
a8c621b3
9458e58f
ab72ba38
3c591e14
df5136a8
1571c9a1
8723e1a8
ceb2f63c
a86fab17
893b297f
25367294
d52f38a9
a8334a56
248febb7
659a3f0b
7f52aa05
f86ec66e
35558a7b
17376998
7b0ddc87
8c0b5a54
3bd3550e
6f9b66b0
c4ec54b9
56783f2c
98252903
b0e6ad83
603c6800
922e853b
ecb854eb
63f6acc8
9a760c43
26198b0c
8307c8c5
7365267d
e4596ca3
07594653
735d5194
62239775
36a94132
77b231e3
7b611f74
64ba59a5
8a6e4300
09f92c57
722207cd
301dd560
b6a3286b
17cae8a7
864ce065
d13f40a1
38f1ba59
878927fe
05a66717
8b20fa54
57a24792
138ca716
81606752
b44a330a
5bb5a850
0e86630c
663e4a5a
1b665ae0
21c7f93f
546c15d7
a6b1ab66
7c487e6b
e848610c
659b98b1
141b3835
15743c5c
b1c7a4d8
a5f35046
1ac62864
a0523647
6ff441c1
bb23e07d
a99e7389
290a70cc
0216e448
57584fa7
4227b149
b8a892b9
96de09e9
2fd4000e
0a2a39c8
c0036ec4
10fbd907
8a8a423a
e0a07b29
3431ae24
1dc2729c
8249b18b
00673b1d
e2ca590c
e62c17f1
0ef93ac5
3a8ea46f
89151620
a5da5311
bd1a0cd8
d4876de3
74523621
ebc591df
ec69bcd7
07d15965
09aa7813
aaac0d0b
4f1cca86
76a64cfd
8ac97b52
0161ce08
6c9c1662
8387a118
ad654eb5
3021b61c
412808e7
ad1b4375
be00e680
9a1e5188
9b780436
e00fab42
a8d327f5
0f860c1c
3b771307
69b81b01
03c2255e
249bc065
82f33a09
bdb5bec8
0cc9c78b
c64f8aa7
90d0637d
70a7f1e1
95fa6683
9d533044
d90fc21a
aa4d5208
5441b05e
92905b79
57477f3d
bd97d3e1
7036dac3
6f45e57e
3f58a02b
9dda6d50
aa1f4e5c
304e16c6
7a9bb42c
e943cd71
0175e2bc
32cb62ae
d85002da
9f0045d6
cfd8737b
67c380b4
42b41bf3
2a41cdbb
39497631
377f2b28
4a4851cb
7c5c9bde
18bd44a9
62231965
b66fcbd9
265d6dc1
efe3ee4f
6d4d8a66
1545b5ad
2be0c695
50793a59
2a04a873
c182042a
8ffa64a9
3b5d21e1
157769a0
850973f6
9f77d929
5d4f293e
33431d2d
bf49d6ec
9ca1c1cb
2c9ad954
e622237c
a9acf627
6434dc02
1b4b301f
754e8fc0
e30aac55
88708b42
8057abbe
0ad7bc2b
cc64aa1e
dd5cc2a8
ca2f616d
77d6c397
4f633275
7406a717
ec9bac3f
e8c2ecc1
6432a791
57f1f55d
49abdb43
2f5e9997
19614f7b
9c7f0a9c
6daa23be
e11e035f
d8d3702a
3dccc277
485966d8
7a5692fe
98a75d7c
9484aa3d
fe03b159
0cf69e68
624c19d3
51071f1c
1709cb0c
36414ce0
abd03339
e2edbee3
da540539
cc3eb83e
6780f170
fb3fc3e6
54836223
4b847677
90385375
9d753b78
ba09f776
f7162466
d07e2b28
3e31cdf9
b538e962
2afd561a
696a1b30
74423d75
3170b7bc
fb99892b
29fc8cbe
09c95a4d
43ef2ac8
90f36c4d
07f1d988
d3dc70ef
c6c30172
7ea34dce
e26e6a27
16241290
fb59b139
bf136483
3cfab901
cc334095
ee93cf26
d246d1e2
2fec67c0
816e30a8
a490d057
7eff7c2b
7f9192b1
3c943b8c
8d788fc9
c2bfb970
8fe79d00
c893ed67
a2014b91
a026979f
6cd78248
3a6c1955
87fa6af0
89090735
9f7ffc57
99443254
a67007bb
84f70bd0
864651a7
75517aa5
b3924ae7
ac67ac6c
d0ba6978
32ee4405
4fdea9cb
98c4f2db
ba299a12
a8bd5a83
2c5cb788
68a8c610
7fd130fb
ce280a5b
e3094413
7bfdb8b8
d186e2ed
11988c4e
48f5fe26
f4bd8eae
24c1a6e0
4a748289
a5e7d645
31f419a6
598806ba
9f0539b5
6a5ef439
0448a3a3
a5ba1772
9ca3c9d5
cbffd6c8
af4341d9
f8ed08a7
383d3074
263b2c54
c1f38d16
ba32ab8f
1b1cacd5
b4b88a6f
0ec75ad4
8074d2c2
d1b5cd5a
591c7fcf
0557f942
ea5667e9
07c5ed3a
439a66ee
41092852
b64c620f
cd877188
61d3b178
17f4273a
e5aa40d5
affcab4a
0691ba30
71157a8e
0e36b4e6
37e065cd
b8ca7bbc
fdd2d2ee
03cf3a6f
f94f4c79
cf030973
e8d3395d
3adbb6a7
611a9bd1
52399a28
cb7dc580
fd46b402
b543a6fc
8875f5f0
3f7acef1
2d5505c1
f67ea080
4e4aef47
45599b0d
26702188
4de7ca93
35a6b6d3
b8166b50
a9d4ba8f
7758c79e
8ae166a7
3029401c
6b017a2c
fe03b349
d31c60a1
18bc106e
9d3dcc1a
8c01d594
7cf3736e
255e8b61
4c7cdcfd
212121bb
ef8d3baa
85def96d
fde21b8b
b35ed459
c12843f4
b36168dd
3077ea6f
fb7bce29
6129417b
d750fd48
b4cc3bcb
228fb064
17bc6641
324828bc
f7bc6f4d
7daa66dc
d2092087
46e58912
3a050738
95711d7e
ef0f4184
19ce8177
26570a9c
a1b52204
63244c58
cb7dba67
91d9241f
a64be887
b9e6e1e5
2929a85d
7a689534
7a78063d
a230124a
59f42411
67ee0f6f
484664ed
d185411f
c52431ac
4f270bfa
780d1e90
004431b7
9b9edbde
0bfda7de
3e758b6b
f8a4ab4b
ca76253e
ffcd083a
9710052f
b22a6bff
06ad1d2c
482d609c
a95ddfe8
41520dd6
b2fa75a4
a35e0269
02cd0ae4
5be1eab8
80a3ef05
15b6a986
3646dbe7
1f15cefd
c62373b4
6c23f6d8
d06d790f
037b9f8d
e1247992
20098dc5
a0b291d8
ca47f041
6e3a0e5b
135f0410
f89d6534
7dc93c08
ccda581f
1a66383e
5cad614b
d71da22a
c3105392
6c611346
9cce6dae
1d458258
486018d3
1cd422a2
5303375b
097cac81
13790acc
2ee6e13a
2dcf26ae
7882d5d9
6c5e3237
54a8cf36
209b4164
d4a938f8
7d1753fc
6e90f9b9
c5bc0239
7f9a69e7
2b9c45a1
44a0b963
618537e5
05509f00
573a2dca
131c7362
468c5ff8
7480027f
b96ee432
dfbcc78f
ea7bf3db
bd6e5333
644b0126
d23eab11
5c6ebf19
79ac9d7e
0c31f2bc
ae8d6531
8bce69ea
3d8dd758
fc504959
90f9dd28
7076c19c
34690556
cb6c2ce8
f29df1a7
4d752965
0407fe68
819e05e4
d5cfabb5
7ff3e5a0
c38e6068
1f1f6c50
b86facca
98751787
46691992
74bb7049
66e65ecd
a9b608a5
15a6a076
2f6f134d
253b4a05
aebec6d6
32d28355
8beac113
512f5136
72e84b23
5f77acfc
913f733c
ae746f4c
a5fab70a
5cc7b7fa
69379674
edd65076
561032cd
e0dbd79f
0ac3f86b
68ca11ad
36e85355
3a2aeee7
c0ac5b86
381e2840
cc49cd5c
962d2939
f5ffcb7c
daea0bf0
99bd7e2f
b6552d98
a073e616
61154911
9232c1c8
24d03d13
701e2d83
944398a8
47ea1b61
1d4dc42d
ddae8ecd
b9e50913
4d17a22c
b8835a16
de84815d
2522092c
d8f7fb3d
3cb46074
2a68cdbd
569c6dd8
dc801b2d
77e01369
00000076
00000003
0000002a
00000009
00000081
00000003
00000c60
00000620
00000000
00000020
00000000
00000000
c303f856
25c60022
afa25b44
36ca7677
fa392757
18715007
64bcf7b1
034d79d8
a5117f63
310f55a7
520fc8d4
6ad71f38
e23b361c
1593b77a
879a1472
e6567477
530bcae9
14ebe292
6b359288
71e08710
5df52d4b
a7972751
35de3efc
688a038d
874f8c52
123f2986
cd424187
ba6447d5
f7e3073b
8053ed2d
ae7fb72a
b1fec215
20c0bd5f
acc15446
e6a7076a
9f3b4e94
13093b7d
c877222a
4196d7b8
20b1cc2c
45aa155c
cb5ca3b6
cb0500db
329914d4
6c96b33c
647e9c74
68798352
1c703692
e881cb84
365b8fa5
27d6ee6f
b01ad834
a5860f20
5f90ad3a
5fae74d1
36b7ca33
5fa3409b
d56ab024
613269fa
6fe2f018
5d9b7673
1a2b8971
541a405c
342f7602
59b4011b
2b016ab1
5b9e14e1
b8e34df3
bc800f19
4e5c656b
1946bcb1
579b0c59
6a2705ba
71768645
34c2324a
e154796d
47605fdc
a8042236
4a21d39a
616a9033
80e198b6
4d5580f5
622f7b9c
a1666d81
4b1c769a
69fc21b7
879a3e16
744ba3b4
ba354e11
03f2196d
03a9f74c
67708417
a2136e97
48396903
e138bb24
7642ff31
180ef572
72255f79
6e0c2924
8d7a4bdc
50515d07
a7e3bab6
0d4c500f
6b413b06
0049dfbe
9a0fb5eb
f85f0542
31bc4257
0a567819
5c859f06
a80bcece
3aa6c043
1b0d7ebb
a7804636
a91b804b
71bf5640
ce20d85f
7480c9a2
c7216ea8
68f1597c
c7cad460
c1ca3161
139c4b99
8cc9b816
88b1876c
1cc8ea70
f3ccb216
c4da9be1
b583d362
3360872a
39562288
7f8244a8
d19043d8
d60c114c
9c838f46
705fd545
9baf4e0a
23335fae
991aecc6
c2aa99a1
2f2a2152
ac4d6bc5
d459c246
b7baf01e
950157d0
2ad560a9
0c94c4b5
1409834b
32ca5ac7
6fc075ba
ad6fb1a5
95d755d4
ad81cb6c
c2253809
8b613545
afd55db0
7c08a52e
32fc314b
7fabcf5f
4f80c448
53db997b
3733de9a
fb79b2b0
172141ec
b6015a39
6b949427
39fab4c1
a40c1872
8c957610
7324534b
6c286d0a
cd95b042
5122c629
12809748
f0200959
1c50ad68
17e9bf32
8218f5cb
05be2fa7
23f3cdae
4a0c08e5
01b731bc
9349761e
0777a5ef
a80abeb0
950a22af
bdaae457
82e41dd6
a041377b
b697490f
1bc58428
45f01bb0
e27c4ce3
a9294876
2113e457
0d9f5ce0
08e11bf0
5d933e3d
86228a2f
27221825
a1c3908c
852e4985
80165b25
2deb2ea1
8e964385
88eec7c6
9e42f863
20bec572
713434d1
16ba4472
c7299073
67a8a6c2
66d2f395
d128f37f
456c209c
bce681af
ab8775e5
960fa3a1
806c2b92
3c602a34
512ea78a
33da555a
91b4841a
2788554a
7afb8980
62619546
8b1d0887
8e14b35d
05a8a057
97a722c9
7b4ab9a1
d6662187
c3a16398
b87b948e
028482cd
92375e26
778cb82f
f4d00c8a
bb4a1f06
8988b4c9
676deb48
304b4cfb
b4fbce3d
5e7a4769
08925152
60f6178d
ca92647f
e86609b6
2fcc605a
a06ae71a
d1ee8757
06b67fab
5801a479
66c5c166
b61a31c9
b5a9a3f3
8b6d70f2
6bc01c89
55971c75
84398246
91c91b07
138b06d4
0b2111c5
9527ec41
17a1a6f9
a5a2749b
0940d520
f340403f
a219b8b3
b9995f66
a171479b
e5cb4cb9
8bfa50a4
f8235639
c5e39934
6327d12a
c311a947
17196921
6513fb7b
572f1922
cb71cf52
7eaa2c88
5ec2e3a9
fa6c006b
30b9d6a5
384bb8d1
bb103bf7
9872a77f
539ba845
515a7208
bfc6436c
190e545c
dc1860d4
14a61d67
1aa9caac
38c65369
99bbfb94
b58a90a7
a8df8fc8
6792404c
9b79113e
b98d22d0
7e289f95
3536b82d
01889e2b
af995a39
ff5d1c8e
c60a7c97
75ac5a3c
766575dc
275a3f13
8f27f35b
8822fcc2
0b0877c2
1827ebcf
239b09e7
193598c4
9c80f888
cf944a73
b2e45844
c2b8b02d
3f1597b3
a2674148
24481b57
91beb437
c488a9b7
32b0b889
bfb8b6a7
372b7224
12950c23
1e4b3977
b54fc7d0
28c12f39
d138c29c
23cdbd01
cd4ad782
c445d571
099b08a4
47f645d0
e3bfa52d
f15e2063
c2448493
c455b74f
78df4d35
9406ae73
04941b9c
f1af1fd8
1978e573
cb72790c
7b891a61
1e18d51e
d0cd9211
295c5e53
9a204ac8
a3876422
3c2846f5
4fdc9594
8b3f5144
9b2cc539
859a5dbc
c2496ad7
365f1362
c607c300
f55df2a9
69733426
12024c93
efcd38d3
0c91c987
428c0d76
e025ca2f
72c67035
51aaa89e
7108d6a9
b8af1ca5
ca109b82
cd57f2d1
62d6b46a
c427b309
070dd37a
dcf70614
b210821f
97cd5500
7cfd8859
23150181
f266f05f
104651c0
22136b45
ffc49c46
52f653f2
002a6638
5f6de26c
3c46c75a
7433e781
473b34b6
05fb5f38
6648fb62
65cd6b66
396bc135
292a898f
5c97d924
9ab652b3
8014c9a9
4b74c922
566a9fc6
58891bbb
dac336b0
f5071105
02d5969f
83248757
434b1be1
2312312e
f33f1836
bb8e166c
8bc3a13e
371cd32a
08e0a091
ca2437b5
5301d09b
f7cd7fb2
2852c63b
0438e487
fc76c7f6
b565473c
0c58fb04
a64e2e41
a34506ce
c336f4b8
d62371d6
1f25449c
1d25f720
f431a6e6
9486485c
d133f716
73633417
7b992946
0916c3bc
e1d13766
a74b8e3d
6507a4ae
ec1d19ba
3e35386b
64c1c941
db895e2b
9e3400a1
5171970e
489d1b7a
6f746f45
ba53207a
665ece66
83f0a533
705db29b
60ae245a
bf439ca7
4dc85676
c6efa593
2560383a
9078681d
971e2403
0c16b51d
014971e8
86c86696
4887d209
1cabdafb
6508c261
764c756f
e5457b62
645e8317
ca650c4b
5137c35c
55cc6ed5
29cc1abb
a4355459
b92b3a62
65e11f47
21c8bc7e
486851d1
796522af
9c5df2c5
543e45f7
501bf238
886c39ad
e3452521
86d69785
be4a5628
d2505cb8
21b3604b
a5075341
2ac698c2
be344e9f
42692826
35db5436
9631de18
007edb5f
534ca8a7
21315c2d
ed9557a2
465007da
6a382ec7
055c69cc
74b204ec
4fe2c577
8542c867
38a8b86a
049a3078
f43fa7ef
fb4a9743
91529e25
b0112851
6ad81e63
b2c8cf17
c97f4a87
ab2f8730
66547f65
c13c8575
f43a3196
a196ad4d
228df440
195fa43a
158b8ac8
99cc184f
8c529427
94c9d716
330784ba
6b077525
6dd298a6
5c261306
6be894e7
5b895d09
94112a0a
56fc96e0
4e12dd34
0249918b
5a98694b
69179177
9944547b
f380c525
2a00f0a1
7d14c9ac
90b95d15
7741779e
42bf95fb
30238da9
18892357
17c5ea74
96a77994
8286252e
e12fc119
a46b8a19
888bf6bf
7315869b
ec166291
2eaaf37c
561035f0
d1c29d85
b1d20744
1597a58d
f484bb69
4153e736
53cd23b7
d5bf92a3
559059c8
9e2243a1
e97b9d08
4822e810
8a615ab3
7a34a2fb
47711738
966828aa
440c7269
76b49635
4d78e339
6680464c
80f52320
88534532
05cd4bd7
bd8ac50b
964ff0ec
4cf38255
59e393b7
b501e8fc
150f8eb7
40c15a16
b249e1b4
632d6338
76dba452
04c5300e
229ab342
60a0210d
c67226b5
246357b7
37f90b73
753900f8
72da6952
55b66e22
68927b28
93a208d7
b9e96ea9
faa3d94c
12f26554
4c61067d
a17fe7bd
116875a7
bd681267
b70b4966
f1fe23fb
03b77418
e7407a34
57a91c80
c1b9ae84
394d6b33
23bd8e3a
08f76667
15136a8c
c47f6e89
92a94c19
44c41a11
e83a25ba
8c28b177
7d72f48b
90c69762
5db3c26c
12476542
24989523
3359ba7b
4b78879c
f9004220
50e3895c
f185331d
d8470911
2cfa855f
7f1338f8
60fdb761
2a964d9b
7b2c38dc
9c651190
4301f81c
d5762746
31874e48
cf9998ad
06af5900
eca04f21
9315d69f
0a758705
31d39cb0
517153be
189427f0
703e17a2
5491b101
4b6210f6
4b466135
a616e093
68a85a45
e7dd39b1
2a04b980
532fe1bc
f70b2801
aa733fcd
1130988e
13eecb0c
55c3af0f
1daaaac9
30cec394
cc68a66b
184c3717
d0fc66d9
add51a8f
63147703
425557b2
285c0c1e
bf8986d3
3492385b
4f611b6c
2e75b260
ea3148e6
03b41c0b
988c8844
145a9c8b
a73091c7
3f5b793c
fc186580
7ea41b64
98297cfe
721ebce7
b971108e
0914c2fd
0689b9a3
9189959c
ea00f59d
94041da8
35f47a17
5ca4ba5a
1a005f18
96271b3c
2a0f665a
22b17018
72817953
3f9f084f
f15a0384
3ff9ac1b
9335cb40
c5c80928
b631ca0e
a8c1a0c0
9c6b8be1
7c54c88d
12b29841
c1337cb9
5e900100
4030e53b
c1cd0c85
4e922e9b
a392b98e
e58753b5
0fa0a270
01a389d7
910327f2
857c03a9
b69fc55b
712242f7
0df5b81b
6332912f
73f827b8
b4c0b09a
ecae1302
571b59d2
c5f9d9c8
ee264110
3498372c
c336278b
c447e64d
589aa185
64f87664
6e76e708
9bc0a489
48c53c16
d2a2b5a9
76cc01ba
50064423
2a4b5021
fa1f21fc
b7e52409
54671326
167d5538
6f9a5a17
7e941a3d
c2b5a41a
6a086773
6c8a263f
d159991b
b79c57c5
69ac95ba
e1747733
a8fcbb0d
aca62435
9133cc16
692b0903
82ae3b20
44da94ac
7396f897
1256f298
f7617bd6
8c08852e
8e2de582
32911585
c81c1132
a75fe2ff
f2965735
31302ba0
eb327846
e07bf060
b63d22b3
d7d48ff2
c482534d
bd03528f
974e0f18
68efb551
a95882b1
97520884
4e60ad91
4bb50103
063180c3
f7c03233
14efd4d6
8af905cd
4bae546a
e31e02b8
7bc9e75b
8605d7cb
f5c1ce63
010262d0
ad516548
3ff989c3
634d1bce
111e7982
7fc68a6d
39006173
b40a5a73
f28d8ab4
5957dd1f
d5230845
4d8d4174
21761c2f
527eada2
5feb3768
306ccfce
99a30c6b
cafbbdca
cf639135
558e4519
456e6da1
706aac81
93ea07f1
76f90311
6af177f3
5428f1c9
7c1c891b
8c0f4e91
e73a34f4
c8936a77
620070a1
c3d88fb6
c832aaa3
b3b67858
3a7cb6eb
31470b4f
233c38a8
00229f0e
5c6619be
0996e66d
0a570563
ba895811
85417708
7bef1e51
3014787d
48bb5655
39e7170d
6d37a650
5819a868
8275f86d
73297e78
6dda04e3
f6405ffc
aa876f85
24a4f033
d7dc0dd6
f0661c17
3539219a
b9514c3a
78222548
e05b46d5
37317760
6890037d
1bde1301
5c1d8a0a
19a35237
a6e1d3be
cfca7b51
5d962a64
764b342b
e6558af9
c96ebecd
1b8301a3
8b5082a7
17eb11c0
c84693f8
6d77ba5c
48d1c291
b90960a7
5ad902a2
8b19d134
955dcef0
56ef9887
01b75c94
6bb43764
71113284
c34a28f3
4bc9f56a
33a3624f
470344f8
a257a7a5
ccf50e35
d531d11e
bec1679d
c9913b54
dfdcb7b2
edf36bbd
243bfe58
4409f23d
183992ea
fb29726c
a4aa2a19
f4d44568
ce5d4e52
1fc875e0
600d2d99
572a6356
a3c84082
60d3b278
8994a113
0c6e03ee
488f368c
bfc405df
6803e626
1e1ed51a
15558be2
be423973
1c1c22d0
5d5e0dfc
09dc28ba
f3954c2d
04175165
922e8662
89770d75
467f4ed3
a57f52e9
a5f56c75
3faf8c0a
a49e6555
e52258c2
2d0528ca
6af33ffe
b4fa29d2
027c3738
c565562b
a0ae0069
a00b1689
d6c26f5d
2558360f
18213f79
f9c69b4e
3c57dfba
906e8aef
560fe2dd
8b1f635e
0354de32
fdf21ed4
cbf987fa
3177e9a4
5b84fcb4
f439c568
a256df7d
0bc17a09
950d1aa7
2b0eccb4
c0656b6a
62ea9eb7
10f1d549
926b96a1
02155444
641e01d7
c3a0d698
522dd555
f8bbe1be
eb9b071c
5a921cae
426f6250
df7466b1
15ed2dff
b2624add
37854bec
27ee1db1
842cf6a4
f89abdb4
c188f79d
52f425a0
740e1f3e
c8c7397c
e0ff1fd8
7741130f
206940c4
58f6545b
b76f1aa3
d704bcfa
af74cae3
3a0d1e07
ead745df
ee59ba23
7bff8cce
89bd2cf9
0babcfb0
f2b29c53
7aea43a5
9f811d66
cfa4993a
b5ab16b5
eee1f804
51ca61de
02d9e86f
56b3d112
b0caa33c
e8740a70
a226fcb8
d05458d4
6de3b7e7
46a86bf0
5cfd2e23
a1d76ae1
33c10331
6f4749cc
2aa8cc7f
213e9130
2f779864
58ef263a
5708ae66
89d7e988
7a7660e1
1ebce8ef
f270b089
40e94821
46ffcd88
52fc6ca7
b2d50418
ddd45737
8ccae7fe
4a2d56b1
80e76a4c
d7d353fc
635fd3d4
e2c6df6c
bd8db686
037325e8
dc42987c
fb7f9e36
a95e20ea
9d06b89a
8a4d1dce
958a3a4d
2d222fac
5d3d9c24
77e9fe32
496b2fab
ce6b06f6
db4d4c84
40e9991f
c0d87c1a
3b62fb86
af769a98
311808ee
284f85b9
9eb7ef0b
32aec7c9
d849baa8
305c8ad3
36b8d88a
57133dd2
812b46eb
fed3c1e3
1c0054a0
1203d13f
74f3ae31
210dfb3c
b7dd3a1e
81a8032c
14887435
901face1
ef39842c
ed7a6d6e
761acf86
842d6b45
666d31d9
346f7637
0fa9f833
8dc89147
eb5ea1c9
9b1cb237
d286fca1
861c7b8f
a03659db
8c63861b
d02f4336
75b63b0b
a2ab7cc5
a62c82a0
258c81f2
bf5b2d47
dc83fdab
b6dab8be
d8b57a4f
efdcd219
de21c435
2e0355de
1b081de8
34796df9
fcbfb6b3
e1c2f2b1
3322b6f9
658c34cd
3a30fb32
de83b9a8
9f12a0e7
6aa4adc8
0ff65699
245c5c0e
c1112898
6cb7953a
0cb8651e
27f29060
d5c7453f
40298cc6
6843cf0e
66ed20e2
8f6d7c81
12a7f5f7
f7a26b6a
7cd7eb7a
4252e7dd
d803710e
ea6a554a
dca9564d
c8343b41
38941dab
dd3d9cfa
84382aa3
278a0634
fd0cc6ba
7157d9e8
01b45f54
f2119a20
5d5abf06
21db5867
dee1e532
0be9c9f5
3a3c9f6e
4e38ad9b
7efacd65
573075f6
16312d0e
a3b55f83
39622a51
901fda35
89f55302
2fac66d9
dac52646
2aa4a8c1
45d2e192
214b124e
bb5ac7f5
7c973b2d
67734563
8129c561
adf22dd5
ab04e81b
34a27ce5
85f262a7
ead555f6
47779b03
d687a75a
91106463
2b5c5cd1
62a1598c
ca500f5d
884b003c
a77dda0b
6914e8bf
cd6a0653
e4bd3564
7f4c87f4
bf8618cb
1dc69d50
9bf6178c
206c462e
7c1405f7
7ddc904d
f81517f4
d22f69c2
2724cb23
8bc283ec
e67e77fb
9bd9712d
1cf34073
4e61ebf2
15110a54
5afa633b
63f72b0d
3a9c4ce7
69d98d10
14aef677
58e585a1
c7da0173
56aa0ba4
0ab2e025
dff8223c
bae4b946
1f028c4b
00000077
00000003
0000002a
00000009
00000082
00000003
00000c60
00000620
00000000
00000020
00000000
00000000
ef65d6b1
ccdd2459
2fa1a3bd
2c4f712c
a88c180c
92dad981
c0a21c8b
a29eb712
37067e28
b894549d
58909647
aaf8373f
3227e5c4
64dd764a
8e86229d
30730267
0ccca067
281038aa
1ecb4432
141d5604
3a174743
a495b865
57425335
2f13222a
e5786c44
b8396bb2
6b780981
b0464704
91bd0b75
8d5ce107
b2380727
9bef128a
4db9b80c
148d536f
94055348
0a06ff61
9ec919ff
fa831a05
bc669349
ca990224
99c95cfc
c0210ac2
896fbb4e
63687646
6944242b
ff7ebab6
714fb7c4
81f97273
586e57d7
fa146ac5
c82985c0
ac07078b
1a9d4862
58bcb9b5
56b28b3b
c2501898
7f2ac903
6c92c141
69cf027a
785c9f51
227f93d9
04611810
5f40e9a3
4d5d385b
b88500ea
2a2bc947
0ca24963
79809a12
c3bcdc4a
953b5cf2
49cf3f33
76806b49
72af091f
805a2671
95c89eb3
bf81c8d7
c4b7400c
c1eb5c2e
72bf0adc
3cb7cc2c
16115281
6909a61c
d13384fb
00c7f956
40519a50
d9f1cc42
49736065
8dc123b2
1cb51adc
529870a4
1daea5c5
b1a8ade8
8eca3450
07146014
446e07e4
35e77da0
bf2c84ea
b6435607
0d000a3c
0476e98c
b427762a
16237ca7
9bcca733
8bd78448
91804545
045b04c8
400c88e0
3455893d
3270199a
95df4927
ccebf213
81427ca6
d4954c69
75110311
48beb6c1
3c17ce19
cd24ddc8
99908bb4
b1255594
9225e064
9d46ec6e
e1035046
b1027e25
186c7c7d
c1e01890
b162a66c
c53850b0
e51d12d1
25867f01
f255b2e7
65107182
a7f50b33
70bab889
7a25b962
6a902e84
b791d4b8
c2c4cb6c
b08c6f20
b8773884
60411db9
9f2bfeb7
b815a9d1
2b0f5386
08487111
7abebad6
5282bada
0429ab52
64333ad3
e763cd9c
5e78be85
839284de
fba09234
6d75dda6
6a24b161
8b1c1b06
15d1f440
2083d85f
b6865833
c0cb157f
18ae274e
0b6314f9
b95ad557
82b6c10a
30da966a
a7d88f76
746da596
f54faa33
a8d26e04
d190d246
b6315867
8d9681ab
8614c97c
d2aea3a5
4c726b72
9dbdbb13
25dac6d1
6806ffab
51951231
c5b9cd90
82f8fe80
fd801b21
145a6b50
77130806
e66e77e0
ac1a6c56
8575704d
369f1259
11694895
215aef7d
19834a98
51445c34
0d90aca6
1e7f24cb
910d98fb
c311594b
a26d4716
3962b805
bd3c8307
035a9154
c8293713
1fb6cca1
f09ca203
52f84b00
35628a44
87b38a4b
7a5ab9d4
58e34261
3ac0530f
e3a24dcc
97068c9c
181582a7
ac4c0775
b706f0c6
d241d275
48333328
c1892827
076e00ec
1cd615f2
84caaeaf
aa7d6a9a
a24b3a52
a2f9b72e
bf84a411
c9778027
8c807d34
e0a4db60
55077226
91f48a7a
51573076
4c761a59
1b938aab
726cbaf0
2389192a
3c284829
a98dea56
00d73a73
3cc1af12
645b38de
2ced2a42
ac4c3073
d230f47d
a1745986
6b80069a
683e4475
ea0ab457
c04ac873
4d30754e
bb83b283
2d93cf33
037fd36d
cb7876c7
2ee86008
85110740
c1789e40
97162221
7d2a70eb
702ca625
5c6592a2
0679059e
07692a2b
ac100c26
e36fc288
45e59d11
0eb4f93c
95452396
4c5ab564
6ef6ec2a
9e2439f2
b41babab
c0a96d02
4c7439c9
590f3586
9d28f122
6a0e105f
3b2b8c3b
52232e69
8d805884
0cc02ba6
06d45d7c
abcd048b
45324ee4
4983ed6b
6f32e071
ccd8173a
5d8c181b
df4384ef
91dea7e2
4bc50b4e
b1740be7
977a15e7
c2461e9a
b5739a73
21843810
b868560c
2070db09
94fb6c6a
22f90f24
a45a61c8
1ccc57b1
a826e12f
ee165750
31671b8a
0a1a5b61
96418cad
ea601789
23bb1ecc
717be759
ec4523e5
aab0e269
9ab745ca
5406a2d9
2b782114
0107fa30
80bc4013
75bbed22
37aa4b70
29336800
9b75d058
c47d16d1
cc53be3b
0310e902
67513cc4
36076b78
7522a24d
f1ae44d0
b9376e07
8c160081
07490a55
e6b8bf0a
6cf5c461
201ada5d
83159c28
65cbf890
8f0794db
390ab4da
b8eb922d
9e229047
b43e5fb0
0745b7b6
c79b7693
c2be211b
8e807022
28021cf6
83f98e9b
743cd34a
2db1fc9d
8651c23b
2170ad83
a577d99b
9cff17a7
52108027
3887082b
c670c630
54fb4d97
2d11f665
537f4808
a4418931
a46a54b4
819307f6
7c48ef67
4f9ad725
a9ca4fe6
4123e328
680e9464
344a6dea
6deba63c
5d142a38
e1c1489b
873931b5
fa3f2248
c44b861c
18fa1328
bc84b3d9
34333b30
531cf17c
0d36e193
23c1713b
87dc9297
81082be8
f59b46b4
09896487
75513215
02594d64
b77ca06d
059b543f
ab314209
9b099403
9b6a04b3
780452a2
71b1d141
05b8b13b
7c983682
010c6b21
e66febe0
21a3aee1
27fca1cf
051f9c7a
b8ac98f1
0551d4ae
ea7f289c
a5c67d02
6fdbca8d
8e1b20b1
a36fc2d5
7768a300
1b5e530d
e2de05ea
37512446
40505b0a
719c4fb1
2fdac99e
d10441b3
f25b6133
30b13bb7
a0a226ca
32e91b31
3d84a512
b204664a
6b5b7b67
429b0cb4
403c037a
661b49f8
2b742631
6f2d29b2
455d1dd0
ca09e2b8
69c7524a
65de4475
4533520b
668a5636
5aa29df5
7d4c2055
674876a3
9779cdf7
af61f799
5c2c1863
4bc358fb
736aee49
ca38224e
dc5bb680
b473f110
8b9728d4
23322685
3645e710
779685dc
236b3866
b524d365
1d77b42f
c21f5640
b8e42858
9175c91d
2cb87718
a4aabe24
4f1f6630
24d39a45
34b8b406
74867a58
98731a09
2470f90c
06c58356
900396f4
36d74a93
0e3d3207
c19a1f4a
582a09cb
12a68826
ec1a88a2
76614cc8
b87e9cda
4aaacdc1
3118bd77
ec181263
065f3ba4
81e83384
0f36b1b4
898d5fbb
19e14177
d532d9b9
ea1023d8
63a3faca
c197f398
567c3565
33c7346c
80b24346
c270c2f7
043c256d
9336b175
6b4eb67c
ab085d1b
6c7aac5c
8a553d8c
40181e6e
1248288f
ec89b0b1
16f99747
66ba5c35
90f8571b
64b16415
2400810d
438f77db
5ac3082e
5546b6e1
e5a6020c
1acba703
6dc5571b
04fc3713
685a1c55
c99b9bce
db0c9171
7beb62cf
288093e6
39b69cf1
85331c7f
76a9123d
69b14c04
5ebaa063
d05dcbb9
66b96f45
bfb5b5cd
147cd277
63b26ba1
b2f81d31
212734af
d6f0c249
5fc20520
c6c8240d
07249bd2
35694a59
76798c82
471dbb72
399ae873
63c657b2
a0b87f59
48a8f8ad
8e6c3020
c47d99f8
485aa31d
be1b2148
b6b507d8
65ca562e
0c4cc4c1
1c6ebbb2
83d9b5c0
12a9a4ea
5682cb61
387aa257
5e27f3c3
b49a2106
c3b70448
23709ae0
b94a1b30
cff24d7b
147ae74f
1c03019a
cd593f07
180abc90
e88d1ec6
bb13944f
716956ce
64114e48
17f23a79
c54137c8
fc1ea253
72506b01
2a111b2b
446f7fd7
231a1134
2d51244a
21fa798a
7f31921a
9eb644cc
52920bcb
70b6cd8b
f2c4e945
762e3084
7ae34070
a5b226ba
287fc6f9
12897e29
f94c9955
79d32449
ba0b6750
4c86e735
246ea4d3
32599e97
3e08747d
a31d5db7
2b07da99
85af94d1
cc90c363
b366e652
ca4677c1
235498e7
25591e37
536489f9
18a9cda5
0719945b
403b04b6
ab7a5352
6c4a6248
aa165477
e6df8786
15982c6b
880782ec
c21e8541
8472cdcd
64b92bdc
7095816a
ae8b2d78
8645359e
c863c858
82b2a73b
e8865b0f
0cc070b8
4e78d259
2b412b9f
f049bf49
92ab1b86
986c16a1
b6718800
97a622cf
460ab129
dba3ae65
3c251e1a
18c1cae2
16481b86
27a73c9b
0f0d4317
c75e91c9
600acf4d
b585b43c
e76ca222
79c0ee15
5e683a56
e4d12b24
cdb74dc0
09b96863
26c27d02
cda02458
108f70f8
a58b69b3
bb7440b4
9925a628
db974caa
5c681498
a1a2c875
8a1cb65b
b3d87d65
832a8275
ab08927c
138b7591
85691c13
35cc747b
a498c629
af73e7de
a6b9a4d0
cec5ef3d
bb2090f7
ac056147
028c8dc1
8315fb49
f918cf17
47040fa8
40a901a4
31d80a30
99d0b183
a697b243
f3389ac1
65f01949
6340a2cd
e30a1f6c
abc546ba
f642cc05
a2882c69
80b28706
ed3959d0
aafe0e84
7f246901
646f3222
9b7f9e37
16511929
761b2271
aadd2e43
7fa88d08
871c3027
412d6424
a49c8f2d
ba34665c
28ba651a
82a4382b
26405190
83699586
63c251bf
005f4a36
9881bc7a
0a58ea71
992ee61e
855e03b5
a17ccf65
951f88d5
3a5850cc
391a211b
c1ab2377
4ab91ce0
79641a9b
cd5e38b9
a25f9948
2910fe8c
9a27fbda
faf9ab49
ad2b8f5d
36918535
52fe10b9
14b23b12
fa3d2947
089c2970
2443c8c4
d47d47f6
99df8395
9d38027e
db4c465c
11ae6280
16b327c1
48ccd704
f855aa95
04909b7c
341425ed
f5f26839
10754ca5
21cce20e
8897b992
2a272183
f007c900
dc247a77
a47c6cc0
839e49e8
771e28fb
0f5cb62e
4459e8cf
f5d018b6
32a53f66
6ca1259c
79c844d4
7b789470
6aa75192
6b3f79ab
a00a7f79
73b25158
836acca5
b0405535
3624923c
04093ce3
c3eb4763
89207303
9568cb0b
24bc347e
9cc93c66
73ac47da
c3c3cd3f
0fc56239
1a3a02e0
afe1a481
8d3830ba
a8cd0e0b
760bd894
8a54f795
6a848f67
062a2093
fecd8464
5f85f0e9
b0bbb4d4
5176e623
6013696e
6343ee3f
c80cdf19
e7d147ab
435e96d7
35efc659
0d6c755d
d3d9d60f
62b0384a
a4e1ca3f
907a52f3
9ee4610f
29f8c97d
2fa2ceff
14871638
bd002359
4e280143
a053c493
9570bb82
a5057b27
e5acde21
bf4243c4
f25752e2
2765bce3
6de151f0
ce73968d
6f2f94e3
b3fb90e7
66bdc219
36f0264b
1c61a84c
eea28e39
924fb321
1bc986c1
2cc6d404
8c356b35
7cf7294b
62cc03c0
f8a36015
067dc1e2
f693d528
f02de270
b6173591
c16f8144
2d4eb808
30ae8cf9
df83608a
c4687b0c
1fa8df3d
2201267d
6faa4384
744a6335
e6f7439f
5187be5d
b84eebcc
a01720aa
9ff219a9
95a58065
48387696
347999b6
0f99b070
c0e5d4a3
939030e4
d63ffe48
3b528b11
c6f0f03c
18ef82e8
ef4c81ce
6ebefaca
023461ea
4e7b70f9
7c706dd5
c0b6e14e
f7fc22f6
5632a1f1
619684cb
191e88d5
c0dfb0ba
84058578
0e632222
120cf73d
1d392cf7
3f489287
ed20bf39
0d1ebd0f
c0b3c068
acda3a6d
3d7a2f3f
f09e3190
b84295d5
5979374e
10f42e56
e58033fa
10181263
d98ed47e
98aeaac2
7dc3e569
bde6af44
19641ffc
592a5b6b
c7a5828f
6b0a36da
6ff231e4
fe7fa863
0b63386d
50749526
8ab8ef8c
a5def4c6
038bd7a9
636d196b
94701fba
d7b9c098
e6fc9a77
5a4f1337
b321516c
84011bd1
dbfab441
740885db
71d7d33e
5e1a9f2d
a8f125e2
33c742bf
39fde3f3
7153810d
0662a847
ff3878ae
20c4c137
2847e839
41d7af06
b529e525
f4dff463
9b99512b
2229e3bd
b67c00e1
92166f63
83ea85ba
c494712c
2508ed40
3f116fe7
f05761e1
92c966a6
94042252
21f2cf64
f022515a
e1c6da82
5cea2575
c17d9835
a96cf2eb
a9fb57c1
86d4db30
7daf5468
dafa7ee2
337e5cd0
4280c5e4
592c32ca
f16fcca3
aee71506
46c6f708
f1da0dce
a5f2de7c
af9db1e1
7fe43187
b88322a2
df7603c0
f6360c96
137fb517
3fa198c3
656d0ebd
6d6e0b51
13889d69
9483162a
a34722dd
4a9d5f9d
289921e8
a57cc9e8
c94a429e
5fed40bf
3ba7e750
e17d962a
371bbc6e
08831762
11a975cc
ec41437a
d6011ab8
b029bf40
340af829
73405e43
75c49833
7c953d8c
b73f593c
45901d8d
e15b9110
5d1df445
8735842a
8a893a84
20534ece
ed559367
0b18a210
1d1162f1
9e0bf36b
2a64eb1f
9cf6447f
91788326
0facc04a
074bba56
9fec0213
f8fb0bb6
61854490
e33d13c5
f6cb2f26
38a9eb4b
21766693
49bc6158
0927b56b
e7c11c67
976acc56
bb7ae379
4d768448
78149162
2c9c7980
429bbbe8
35d7db97
c9655a95
3998b1c4
97a4107d
d7d202dd
2a4e582f
ca3ba97a
70091cf7
993c47c1
cf74b441
b3073f2d
1a414d55
83ade86d
8b0378af
c37554a7
f30ae9ae
e0b5491e
4b56ff08
b25e4392
1e801cc0
d847ede8
26e9794e
a02ab49f
a2261024
aedd6367
5ef76db7
8a06c1c3
e68eeb4f
fb1473ef
fdc3b28d
8f930121
8b690b03
edeb8616
0527b0e7
a8e27176
f8d1665e
099211f3
f976a5f6
22dd34df
58980373
60928261
75c8e48a
58157902
91fd45fc
85335cd1
dafd0cc0
c7423a1e
5e6fbbbb
d98ece5e
8163674a
6b7b180f
7f1793cd
67fc6472
7c8b9ffd
9fcc7b9a
96be138a
6b42de26
4370e138
891d6bfc
683e9264
15dec6d3
33670075
3fa2e664
7cea5c20
6ba78102
75d20bf7
81d9abad
21de84f3
def46568
14b3b89f
304e0980
f5f285af
6247e313
5df73697
39c997ff
9fde29a7
4660304f
b118c332
28020a56
cd49c63a
b72390f3
3a157c4e
1734b059
f1fd05e3
19febf83
172f882b
e94c217e
51646906
bd3a4c4d
f7e2ec30
3837c5b7
4a67529a
92ac3058
d10716d9
0f9a35d4
45873785
a10ef833
f7f1f323
c054898d
a63a7eba
7cd0816a
698801df
398105cb
068bc8d9
fc7a3227
425022e8
fadc25c3
9d5fdbad
2bdb45e6
8222feeb
3869dcd7
a93c1200
9cc9674b
5fe4ab6f
88ff9a25
e484f394
dab7bfa9
9cd05b3c
54304ce9
07db24bd
f8d5c760
c6b3ff4a
e2053d7b
b595cbe5
fcc11425
43f87697
f3b60a72
52d556a2
1fc855b6
76eaa792
33280d43
36e50cc6
c39e059f
72e3516d
99644ba9
574d3f50
f5299daf
65306a22
019b5322
710cacee
68f4420f
a23e41ba
c15104f8
853f42c4
83ad89fb
772723ff
90f2b820
06e6372a
cdbf9613
77b01ff3
a0f3c57c
db4b9118
092ec590
06e48b38
dbf38620
9e66cb4a
5b8fe920
545222e1
f8e6f585
4755efc9
f6ba1b95
e5a9ef60
9d3e66af
dd140bcb
cb8a1f61
2f176f79
e47b22a0
25b45be2
ac44bbdc
54bb9e28
05fa9acb
f6601c32
bdca68a4
e07bac25
935a1181
1d7af4ce
82acaf08
0551065b
b420b670
b47b3128
7858a60e
60b5c543
19ac923c
20bb719f
43afa8ac
e51e3969
687ab796
fce18f18
3010676a
edbf1b1a
e6d73f1d
00000078
00000003
0000002a
00000009
00000083
00000003
00000c60
00000620
00000000
00000020
00000000
00000000
005d0266
16eba83a
1a3872b3
2a7bb018
34685261
a3c24b48
3302b4d5
c98d4eaa
6666711f
2522f936
53387973
30598471
d5cd5159
e30a4044
4cd52a97
f5b58382
e7b55f4a
b1a1a95e
04816bd3
6297124c
1471a343
dbaf6960
f054c722
34bb6260
ee4eba49
b8c9cab0
74634c58
eac4a4d7
78c9b6c2
8254d310
edb0fc9b
8c484319
a9a7f852
670bd449
57d0cb62
0bda0e89
60173b08
b6a90131
6cdc6859
635fc198
036b61f4
9707790e
f8215468
6ae3bb41
86bcef4c
e80e63aa
b4dec1d6
411217cf
f52636d8
d424ca2c
82f71001
3bbc72c2
0b9a2910
9bba3279
fa53ba80
61560841
ce04840a
42842a96
4bae7720
1dc3354c
cdcf12c3
19ca8b6b
8bfa7251
1090d41a
093e1c2b
9c73832d
5e3eb258
778b9fc9
66569822
982ecbb4
ccc00928
ad0c9db9
c04fa945
885f5ee6
012cf292
f1cd22c6
1ad7ba58
45f12da4
cd157777
86ef6ce1
a38b54ba
4b95166b
b4b08a7a
bc505b6e
ac3c18d6
51e39e60
73d650b2
16c6b112
9276086a
ac446882
32921913
f2de67a5
9ba6236f
983ebbc5
7b5e1d2b
0543fb0c
d123c5e5
20693633
9e2a1a56
437dc8be
76fd21f5
b22c2c35
dc9f552c
19610f42
4dc47957
100fb892
64cc99ec
41385463
67ca74bc
845796b5
bdc2ad4a
8e263cda
08d5abea
2d51dd89
6877c373
e338cb2a
997ace1d
db8826a8
d5c53604
9a5cf99c
b79053d1
a4b68a49
90f0ec9e
80a60488
03962147
09acd926
cd421cd9
075c6e48
5a997356
66b8c16c
7c4e9b6b
8176d624
c55af652
1b39b845
2a682f5e
72ac611c
a2f58e36
8abbbf9c
ca166b9d
b839862a
98968fb8
3b4ed6b4
02c32461
c4b38a93
4eb3fa31
06e7534a
7ed56358
b576a685
a55b3d20
4bd8a72e
5c9db82c
53aabab3
b5f33043
4caee0c1
77be7925
91e7dd0b
274beb2f
b00a73c9
a9a09d6b
19cf5341
2b0526b5
134ace1c
276bda82
155faf35
8060fd9c
165319c1
6c3e94e6
c5e1e372
d1640a5d
02192ee3
3ba0298f
f4494b20
3589ae38
8e519443
7603bcef
97613a05
bbf4832d
f79c358f
518548fa
b9917c39
861699b3
b6e49029
1c0959b8
991a79e3
c2dd3d29
0be25777
88bb57f5
09eb6596
3d63a82f
4b315372
c99fb5c6
6fb46634
12ccd4f5
f46200c6
5e22c22a
1985da08
150347cc
0c75ed58
56a875f6
b1dbc852
ba11cd87
446e2c7c
c4726372
85e7fe21
50157749
086d1e79
03e83156
8aa3f81c
49638560
53e0d705
f437f740
28e4ca20
9dfbf318
2596f496
3486566a
70c6b327
1bb5c223
e6a6af57
33260c55
c20ac7e2
bbdac9d8
4fd2130c
96bfd534
3624aabc
07a9c5ba
916b3bde
04a9c4a8
10d1ba28
6540cb31
e76a6516
550c0414
3b5895c7
027b0846
c6710138
2f0602a2
d9e1333b
ac08d048
94a571aa
63ef3f02
773c7385
fb92e812
48db66b6
b57bd34d
074f1c93
a02e48aa
46a99f71
7c5f8419
915a28b1
48d606c3
d6790a82
54662645
1f711463
d5ad40d6
d8dc2fb6
a7fb9469
e97e1261
2b2c31b8
9d1068a9
f7a7f461
40a3b64a
72a4d980
5dbfb534
1cb26803
6879b0b5
fa731465
78cf0200
5fc2ab48
7450675d
b5a387c0
b87cfd14
698e84ff
a189a51b
ac164e02
d360112b
0c2d8046
7504171e
d89b096e
677c36c7
5c6c0457
22063a51
26ae10c5
9bf12bc5
6a09ba39
b6fc2c19
7963bd5d
042bf71e
16c21199
b6655aa4
d720c829
c7bc7906
51614b0b
0ebc4b23
36b939a1
81d24c43
84c660bc
382b48f7
bbc38b0c
5d304048
57f63500
aa62a2ce
7b07d35f
61ee22e7
5f76b0bc
21315ce0
128b052b
9b7b92b2
45bbf78e
b8c06220
3cc6b41e
500c1608
272db272
7d893f99
c3789194
a0bd5472
7e51f04e
dd8b8b32
e255912b
0d81fab5
dec18398
f994ba89
ca400086
3d337a77
3b726dc0
197aee15
580d4bf4
373cca6c
8359636a
614bf433
c1191f58
4c9c8cb5
9e32024f
05ee971c
03764e63
5b2057ee
d23bb106
a9d35d5b
70359466
24a1692c
30651366
614df878
07cfb512
bc5878c4
4c78a218
167a69b7
8524e90c
48861c37
cb65ad1b
bf3ce90a
f88f5ab5
16da79c3
b495d4be
77334321
16878b82
84a586a3
0120186c
8b9b362a
bbb5b704
a95d983c
d81baaf5
4938d25e
086799cb
27259ce2
bd4a7c4f
582539a6
478996a3
6be4e83c
1628a4fb
a68e3c25
20f36c7c
0a864550
eb7779c0
84e8f157
4c7df09e
a3339ab9
2922853d
f0a03066
682879a1
a2153276
cf5bf19c
1c883a95
23b8d7ab
b867958f
29a9ab69
404c75c4
6078facf
0b46ae83
4316b51f
85359cf8
e17810e9
84088d6b
7e577617
58a773cc
85e113c0
3fa032c1
a4394940
85e8da19
fb902c19
2aee8a4a
bc00bc46
f983b04a
6cf99002
424340a3
83c47860
f5841e98
c3cbd055
968e04d0
54043814
9176898a
ff1ad232
0c1fa36b
45e457a3
bbbdc56e
60898f99
7a5b829c
5d6f6575
591f1523
21e2e8b3
ae7ad212
248ea0f1
bcccc864
050d46c4
b99d8aa1
bef45a2d
b970c654
d4da3ee6
5ff8f978
52713a88
f56eab50
54dbcfc6
f1875285
f3a2a191
7c9c1803
1cb110f4
2c66a84c
21a9c07b
322640de
545f6025
09864c9e
fb463ca8
4614b3d7
99bcc09b
ce08c2d2
2a6f97c1
3d2b44bb
f7c8d0f3
db317cc6
8b08d0a1
bbce4ccc
391d8827
b028d083
10ac8109
3aaf38a0
ad0c949a
5234b359
190b3db2
93419c24
ffc0695a
405d724b
7c9309a1
788170d7
ab048d26
b2345321
a59daa93
01ca6453
89030087
1f4f00f7
a9e06195
a79855c9
2b4a9779
18f00dc7
772aad95
2e909477
f2d7069a
98f3836d
1499d619
868541f9
216a0fbd
75106b99
3851cf26
12e49faa
3d1c8bf5
0c0aa2b9
96f8d5cf
78816c0a
b6b70a68
9601b9ce
6437185b
59220b50
2b14a3bd
c2330847
07e3aa88
c4632d19
63c1e5ee
d1598cd4
63a6e0ba
dc39e9db
32372122
63f284c7
29cfa348
034031ab
25782e0b
4f2b2c81
fc540069
79936256
0c018a19
d0af574b
c266821c
acc6f010
88efbc9a
3cb019a2
8484085d
660e8674
4ff6cd12
e4093abf
746121d5
8e197810
65241224
527ba9ec
a317b6b6
4c219ca0
7a2028c9
68347d22
5e2d9296
ab3f5dac
82547136
314ef88f
298c40fb
b8a8a859
8fb1e289
f45b9e16
81505f22
f23808d2
05f393b8
830cf17a
f464b1d9
b471a390
0b415130
e3898c3e
357acb93
3cc8ac60
90858a74
89757a83
ced9ad56
5584b3ae
6c7d4a88
6ff3235a
5d380b54
e0e50c2a
61c1bfa5
6a62015c
792ec544
1d13557a
dcaf9724
caed4efc
6ac2904b
1137200a
39e63571
b9bc01ad
6e1c37e5
e88c04bb
84b7de40
e37906e3
28524490
86a3532e
ea05b8f8
1af57841
51b13041
c32d2412
c0700225
a60c3052
368cf73a
95a7c3eb
7b073c43
82a1310a
074bc9fb
1b3747c5
c7cba880
b14c66f7
8a187138
393cb7f7
7bf17b3c
a5b11d9b
e7311531
5a4d6d1a
cdd09d1e
e005b0e9
6846ccd2
cc1a98c8
800d2877
ca400ae2
993b927c
cb56174c
024f6b38
00ac8c0e
a39f444f
61a816f9
acb9d923
00a5409e
f39b1c70
11d7e012
714a2586
5cd722ea
2a84dac2
8e53962f
8ba013c7
b246fe95
6f31b112
064bc693
b9a7e046
6006b760
92fea632
97d0e1bd
3b930014
4b2a60ac
0da15cce
3a7d9cf8
e87c0ff2
23ec6e83
90bdb11d
564759c5
3d6b1743
0379780b
88293e36
1be3c973
01c8793f
64c983e5
cf992835
f3c0006f
9b3149fc
16494642
9f0dfc26
84650751
1959a0a6
027c92e2
b2e8b715
31d3160e
370d72bf
64887fe9
c9acc02f
0c8ec426
b6f065b9
02f47b5d
e05ec744
63881b01
954b2c94
ee30c772
c4dc0df0
16259f70
6b34e1a8
32cf8575
1ec6a813
370797a8
129d4545
c3a0ae39
b48d845e
f2bd663a
73f1a1c4
b7c9a55d
868f9c1b
240a023b
9cba6a75
dc627806
1941b3c2
9c47ab84
e8387982
8691adbb
f392d3a8
1034be5c
c29c909d
d9067a24
22133f78
9e64641a
d1474599
32f90f48
4b4be024
922e811e
79cc2e6b
a154c9c6
9f7b4bb5
fb7e60e7
2462457c
a0319499
f5fd2fdc
39c2cbc2
e0b66a40
9a06839a
670bbe51
f7231b6c
e9036772
b8e32c5d
8f05f459
415419b0
2026707f
0779d67d
2b623b54
4fd777a6
ee6a1b35
58f052d6
a5eaf007
e5a421b4
46c422a2
b636aec9
546d2c44
0c74b354
01995714
c4af9a0c
3ba6069c
73001b60
cc93e1a9
e50b0ca7
8d9946cb
ea09802d
74cc34eb
b5dc938d
9e218482
a71f45ac
2c861029
db42fa72
75329496
08b42c49
feabf937
b7303660
4076cf93
9b3487b1
19d69993
8be92216
8f0ab121
f14b97d0
cfab224a
813034c0
b1d92846
cd805f8e
0acee96c
d0d47b4b
78d5020d
b9c20a20
82b750c1
2b40fb6a
1a1e26e0
f058067a
58334638
63aad296
d55ac682
2aa370c6
8034d425
bc3d1ea5
5bf70cbe
642fd21d
050d54aa
6ea0f584
e4cbd729
e15ea1b8
8860eaae
d696748f
da21a166
b7e2d24f
c09ae33c
b9d7c168
3b52092e
942a3961
4118b0d6
bf64d53e
4172b76b
58450600
5aeb9bc8
1a99dcdc
e98f0bd7
bb84226d
07162a5b
8a187f79
6c2a6efa
f427b44c
2971badb
38482a02
6239a686
65685d20
2f46c2ab
033d3e93
e78199c6
acee79df
86b34fc1
bbee8021
641d9e14
7b3a9ccb
047b2c02
f63bcf3e
118799a7
a5a8c7b9
eaddfe57
dad4eeb9
6c24c097
58d82dd6
662d8846
ae74127f
55b8362b
68af0672
ea7691c0
4ddd8661
ad290f96
d8e65d8f
f5ffd0e5
71fc56e7
93e920fa
75b55a0c
884ac8bb
ac76323d
7b238188
31480f9f
b50edcb5
6f72aca2
0067a83e
fd99df37
0ed9c8db
d99c5d2a
d2a49284
6af636b6
510ff6a5
ff57aeb5
5ad7de53
ec08f852
0ceace3f
3b676d90
b91ec401
7ca83c4a
510b7d4d
71c14773
d6bacb58
60df30a8
82086205
4d1f8c7b
eb481b17
42b6a56a
971465bf
22f275ab
f6f4696b
8c6cced5
73001f15
de7843f7
bc9df399
715eea68
04d259f6
9513c72e
18a1d6cf
83d489d9
cf13b7df
d0322ad0
90302d0a
18335f6f
ddc86e6f
1e28ada2
5e2e1025
61df3ce6
ce2b7d1a
bbfdbbb1
3e67acf8
d8fb99fd
0e7b5d4a
5d146b59
e0f7da64
0bc604db
8650ad51
b7af73a5
933ac04a
1daee2ca
4cc67df6
6acc77c3
83f87f69
d5c31d95
fd3501f7
01f2ce94
f075b5ea
59dc945a
0a776199
dd24c732
bfd3f2d9
4cb7abbb
8b2faad9
cca1765b
633e9910
8f52bdb2
726b8fe4
379b9568
dd4979ad
633249a5
0813521a
9c7eb30a
7e393ce6
984c3c15
97803744
262c0d14
52c7cbdc
364a92c7
8343a3e1
7a6eb83b
507d4655
a8623d65
f1483df1
be29f1bd
302092cd
15194cc0
0fa87bf3
5d045271
762fe82c
a5951552
58e143b9
1a3bd06a
12366dc5
d8ba9165
292d4d72
b20fa602
aff9a738
6c8a1bfd
2482875c
79e8b7bf
143678c6
64962501
a3bd8739
644a8043
d8bc1b1d
f3da9592
8f1e3292
d5e04d20
f2c3ffb8
3486f071
4764f40b
1ca5a85e
41af5232
f3299d5f
a97236fb
92fd57ed
7a40145a
18879e9c
afe7a6f5
38271215
26ef48d3
13e3d140
71ebd014
3b554cce
7fc5309d
51261cdc
28c7ecd0
4dd11434
0019307a
8e34ea62
85fa42de
d6444705
6f4f55f0
73a8c232
150ae61e
0313460c
0937e0ba
489cdecb
bf8c5081
c02649e3
155262a8
a2041461
4233e3e0
ea0cc07e
f815f7b6
a24b56b0
099b8f11
07348dc0
125772ba
983703e7
dac30e04
8266d3bb
4e6268da
3fe6d8ba
b17a0eb6
87e14ede
f116f63d
599717d3
b1abd6be
b47630f7
7aa60361
89ffdb4b
ed62b8f7
cab8ceb0
bce544a9
41e8ad32
c930d1b4
ab267c11
975a29ae
4193acf3
d5407135
44305465
78ab5999
b78a5a57
5bf69bd5
57fdf37d
54f025b8
7f35d581
38ecbc5d
0ed37731
7826464c
d410646c
e3fe36f8
beb26183
724cc3b1
d76f832d
50a5550b
60851df0
2f501df0
8b6e444b
f997d53f
379ccefe
1861bf46
5c3184e0
9bb719b7
f2da6cd0
c5e3bca0
fe3e184f
809a1ccb
15529076
29aa0d7e
bd2ae69a
1bdb6a9b
530f5518
8c369dd9
24f50cac
3ccd1307
64d0b3ba
7013debb
d438e15a
22d7a8a6
a80c7f85
65992a03
c1af9473
924c3a51
07061c4e
10766518
403a09c2
560e7602
9a1fcdf4
9912c716
596a8530
3c13fde1
1a5cf2e0
be928eab
56550f3b
2a87d424
0dbc9fe2
a335be8d
ac5d92ec
ee57c6da
53908099
8cb73fa8
4de1d1c3
0fd93ab3
23439603
a7aa1b98
fcbf5b9b
eee1719e
495bfcce
4589175e
ab064ae6
5a36e93a
2d2caac7
768f2a06
42e0e22e
6efc002a
40569d4e
fe8e3c8f
1d0ac5a9
3437d145
2a3c60c5
aa6d21ae
da335fb4
a825f993
e6d2da8e
e4be225d
561e8536
61d71b30
e73184e6
a89c9a73
6f50271e
bdbd2e0f
ca401f64
c53bde66
4f1c259d
56f60113
ebaeac3e
83564261
afd9cd1a
d7b5cf97
2c1508b1
a1ffe5a1
26b7f5a0
d94dbe27
62327cdb
9d957f80
a9282217
46bbc493
f2ffc946
eb288237
3b303b12
4dbb05e7
a032c78e
3a07b67d
d395534f
eb8413ab
32954295
390132e9
5054b05a
c173b780
275e15b0
2b739879
0759be90
d6adf5c1
2243a380
9fc010b0
8fdf341d
4ab8b4fa
29d1d0ee
335a5ce6
adfb2311
7b28c545
27b130c7
6f5d893f
fbe32fe0
8d241966
7ed5d9c5
bea0fbd3
bd07731f
0125e000
3b359bf1
96c74a72
a6c3f845
1679f4ee
5576a056
12506c18
758aa1db
7756213f
2119ed03
80e6bc6c
0dac72e0
cdbf3034
e61f4f31
c5fbd1a7
7a034260
2df7bdcc
e1586fa8
75f034bd
aaf7b2f9
6b93fac8
b0a92746
07440613
071a26d7
aa9eef6a
1c928417
33539fda
a350ded5
43719cb5
b2d60eae
1dcf6ef5
2dceba99
1d3bb1b2
f88bf0e5
bf24a26c
dbff52e7
12a771ff
c51bf271
54bc03ac
167282c0
ae805bee
c83e88a7
64c9c2f2
bba94593
de70b80e
30fe30e8
917d15e8
8e1f6022
08cc5f83
c677b15f
68c120b4
5fbf59da
b817ff2e
510370a8
0801babb
26c266ad
737fe5cb
7f8e2dbf
87f1a0bb
3f0dceee
00000079
00000003
0000002a
00000009
00000084
00000003
00000c60
00000620
00000000
00000020
00000000
00000000
754cdc0e
c9bc5d26
9d9bfb38
32a0f41a
fa312972
6d69a9cc
d78b81c2
76310578
6591ed5e
cfb886df
89d61231
b5e19a55
83580831
654e7f11
3c19e032
845405c6
987163c8
ad38f963
893b4702
83ff4748
4522f96a
4d56223e
781b27f9
7286d5a1
7e236479
b3ff8dfb
141aa918
057d0cb9
e099312b
1053174f
498114dc
9cc3cac4
3899ba6d
ff47fcb8
97b77e81
15a601a4
7054fc04
12f6b288
85e6c36b
62687be9
02545bd0
a54a88ae
00cc460a
3413544d
144b47b1
3587ecae
3a2e6277
80b6b3bc
f001e951
80278179
68549594
054adbe1
c9918ba9
8613f716
7c8b564f
90894b0a
108a1882
854141d3
3a71373c
3133ef96
ee3a46fc
45154779
c2694a7b
14311472
68312660
8d398cb7
0188fa26
f5060398
a6b22dc2
0595f108
a94885f9
bf706605
e08e3b11
e4aba42b
9355bda3
4c0ba4c6
37031f20
497b1a76
af791915
61952609
a5062aa8
fc6fc08f
d8933263
b3563d01
ecaa38b6
b1059af8
7bf0b206
db9634e1
fa4282c6
5719b969
5d4b662d
f6c05eb2
aaa26962
0b14f50b
48359875
7690bb1a
087da327
63ab4a1b
3f513605
4765722b
abe2b60b
960b28aa
d90dcb71
f3241ad4
8142b584
356608fc
2ad584f0
7a034c31
58431a4d
5317702b
6f203043
54b4a983
2bfc2a63
c038b80f
43ad40fd
06b68b39
65f58834
feb6c16e
1cf513d4
bf64528d
b16b142d
bbe33a73
17d3d52b
0276790f
56925c9c
68fb6618
81c2e090
61299a20
cc239fbb
4a2525a8
bbec51e2
2a474640
88529ceb
0ba6367c
66b2d846
d540d816
d442a991
4a22fca9
bb8967ca
585551f3
2cd58aaa
1b9cba1f
12958529
cc7a8e1f
28c3bbf1
e6c8c924
1742571c
b360c3bf
8492a437
88f3ed22
628834bd
1c09c20c
c9b5010c
be3a795d
077c28d0
bd191fc7
70c5a897
3cb035ea
779bdba2
7b0cd561
d2ad8b5a
39941e99
d6cecbdf
bc156235
be10b282
6ca40a27
5bfbc453
c7982e26
173f78ab
59226f2b
01aba744
27bac5ff
fb7a6422
31904a5a
9cc75a86
30cd0d72
52ecae30
a6804096
6507295c
2cd6a8ba
61c37239
48654e65
0f7233b4
c6c269ca
36c547c5
20a45297
5f8ba44e
b4002fc6
95bcf195
199a5cc8
42ef6d3b
7fa76623
6805f6ce
a50b5874
1233acac
99341009
eb1f7e41
00c596ab
26a723a3
f76b7d80
9b074dbf
c642b263
f587a9a7
a214c8bd
3ac58046
d7d72eb1
63a79bc3
98041ccf
c5a463e5
6d59d859
8b17790f
d0b749a9
69c9368d
96aaea11
f13e0932
b0d670cd
5c927b46
2a5a1666
b3787a02
134a7389
087eb52a
650a542d
db407701
45a5a1f7
01fa7ab8
3049e907
bc798bd5
8078f065
1336b275
5bc23459
367c0e2d
be5212cc
330ec02c
a9b1c4a2
33524213
1bf0c612
07a4c496
b1819004
9c1264ba
bf43fe53
6f132272
f31344a6
c4685e1e
3a5a6616
47c8185a
91a8ab64
d19445ac
9087c1d2
c8ecb02a
372a7a9a
21fc4913
2ffbc970
483b6b61
00de0123
7986d060
752b74f3
26d08305
73987b4a
9f33aab9
c0a63980
13733e6a
4683574e
3c17303b
040907cf
27b22964
90142405
0650c18d
682b8c97
9b4b1f9b
b3e06e4e
8e920617
c3ab8af6
bce7b08b
458a67e6
1c2f0889
a77b6ecc
e910a004
82b181ac
84e38e8f
87c07a1e
973d9fd6
73f223b5
20cdeb06
54c669e7
cc940965
ccb2db39
a0e10ee6
97539d5e
13969a1a
da0ea432
51c99892
53b2e1a0
171f0fe4
86055413
3d93e31f
419c5a74
56942583
3e8b2bb3
3789cc42
895b1046
81a100af
fca85b6b
b4160d94
02cf8b88
c646aafb
51e8cf6c
c223dc92
1a536532
a0b50958
56a81461
8c4b1d77
8e59b40a
d32671bb
28871f7b
67a92733
3168fa50
326b2b25
8db2ecb3
5e34554d
d68306cb
0894285e
999b2bdd
daf29306
81965454
1509a9e2
a16a6dda
05551d7e
7f537446
39852337
3938052f
372ba3b7
941344b6
28ec002e
ac1fb5fb
55a4aee5
5fdc5a3e
b60614d0
8a24cb4c
68e8bfa3
9227316a
52a63db4
226cc83c
ac494831
2b6c4472
7682ce7f
2bafb973
d42e7f66
40c99d25
b87a9a4b
7c9f11a9
25f9604e
577df97e
a4bacd4a
8ef1477b
9169a5e7
2cd960f9
a49c3ca4
972d145c
216abd55
05b9b650
80b7c64b
72047eb1
aee54f43
628c6195
70d5aad3
bec778c9
3fa73cfd
278c31a2
97ec6b4c
933a9ad2
bb004740
99145212
121d9c11
612d0979
a7065869
e4c53a99
28bcbda9
91619e6b
d20f5308
e2a020f2
b29c0906
4576d404
e8abb367
141a5522
c49fe1a8
e8f819b4
283be9ab
f46a2aff
f68d46f8
81cb59ab
7eb93a29
dcfcae8a
7034edc5
0264b54c
3b0a3812
9325a9aa
bab15a5d
27975e95
748a298b
00aa7be5
1873a665
ab60ba44
e52de059
b25457f9
64c4e427
e0589b69
d836cf13
b7d6e107
cda366bb
51ba8b65
49866608
a13e84f9
7c095bb7
884a7dcf
f16dba9f
b845abb5
495bf9c7
b3014701
b71b5ecb
9f63810a
9a4fa71f
61d8cdca
4c56fb2a
cc4861f5
b303c227
adda2b59
724463b6
01d23da1
3f186782
3637c561
b9c45271
0e3183a1
9e29b993
4c073909
7f5277a5
3eae5bf7
c7a79590
5b22bf06
832702d4
c4d95a20
3d69da4d
d028c28d
47b7a427
30396391
7c5f4b01
5bd94f31
c824c0a8
3e5adcbc
52e36fb8
942143a9
adc7963f
e71341a4
2b259c8d
75b39c29
44967e07
024caa7e
3338fb66
36b71e20
c589b7a2
8106950e
767b091a
6dfc3b70
156207ac
31b3a049
0f98e04b
421e5477
e4e42c48
a336e782
7c5795dd
90bd5120
51a5e465
72326300
d1b1bb8c
9aeb93cd
6cc18322
a1a93995
6731fd76
c526bb5c
f97810c6
8f174fca
8847f0a1
30aead48
2c50883f
66770380
2af99bf3
0e6acc98
537e63ed
c22a7faa
b0ac6a05
17564ca8
012b0af7
67d4db4d
c66d7c08
e1b17326
631bd20d
aa1ce37a
b182235a
b68545c9
1b031146
bbd9a864
9f94d22d
721f799f
0452b666
65f42bce
108312da
c15d6b4a
80909341
1502c868
f37d3a23
59e1de5a
5d5543b9
8816801b
2fc59fbc
d99b3521
235671b8
2463767d
d279ac1d
2c700ce9
a2a52b51
2aa438f5
e7434361
6e24122d
00101528
7cf06ba1
28013a73
b117f9e2
17ed01e6
8642d9a9
48a63367
b45db867
24f45107
4965a68e
330bbbf7
06d3be88
0406c346
82948655
a9e4094a
9b78022f
3b8905e1
ce68d215
2a9e372d
21f450f5
29b5c296
9e36b2bb
a5a730e1
3576e49b
5210185c
68748cda
b6ca6cc9
4b6e15ef
1a714142
cac937a7
333c049b
e5616572
a8116d4b
00cd0a54
db96348c
50732722
9d5e5222
a37ca6ab
b4c1b71e
86aaf0c0
61753f2c
74d22c5b
2abc22ca
7b621da3
a6a9b675
62611983
d05b0801
574a7403
2f4765cd
7557c930
7f947298
db21d476
34718ea3
7b04863d
c9cfea37
fc0b9ef7
690afb5d
3b2a27fd
14635a53
1ce20dc9
1768c093
f50ebeab
728874b9
c329fcab
041dc495
55b81c6e
a451124e
6ad20710
a5b8a497
6b122c72
e0b20953
259bbecc
9f6f43c7
a1a979c7
6a90f9cb
d139f64a
a0cf8c77
c56c50cc
52cc185c
844e038a
332b6511
9a693949
2a11a632
17219a87
c7729679
f1cd802a
33786406
463f431d
096fcd41
b734aa37
217243bc
b7785f15
7b071906
f22b0c39
806e9df7
cb1a8d76
d721faaa
f61b7e39
4ea25fa4
fa2d3618
99a11982
1fa6e481
62c8229e
36679531
9bdb2d81
f78fe434
43e26590
ccaca03e
2c442070
c5543a07
5f88d395
da726b06
82366d7a
7a213985
efc99c39
0b34089b
9bf695ab
2eb2a3b5
bca05e83
aa4a8d4f
d58557ee
9bbda262
05d02c0f
9ebbb145
eb775389
3fb19080
72170a49
c8b7122c
320c2f2f
fdc676c5
f72c3947
cce88922
337ef0a4
f78f2cc6
38db6314
67499643
59331384
6296051e
dc82a863
18e04eb5
682b3cb2
cfc12289
ea257387
8d2a541e
5a48d25b
18690816
c1934bc6
b54a437b
a7631ee5
a277e967
a063b562
22036ca4
285bb9bb
9381dad2
a6ee20c6
81e2b5c3
795971ba
8b3a5247
6539e747
9b2cb9b9
15363ae3
97fb4d56
4973d72e
6b711e86
a4528f6c
b5016c3a
7310c233
99a828c7
8f5deccf
c8779357
03c7dec0
170a82ec
ec25cd48
78c5fec0
8a46e827
f27d9f37
26f17313
31a61826
20356a69
55151427
2fac902c
70e5838b
44643e38
24b57779
ba869f25
cea22b29
9e6d27e9
f1cf2a00
cd3c119d
fe927651
12660d40
a0c1d6c6
fc48e48d
d6725bc6
69b56d12
6008a217
b09f7775
8ac30335
f3554aa2
e2e27e86
672305b3
619bd8e9
713b10ea
be0a0872
f003a8df
f6b244a5
78fa657e
7d939bc3
7cf38896
627c1517
a1299c26
ba180ae2
61853c61
7071847f
c640ccb7
7466666b
156f96fd
34de7c16
2d9cb546
12103933
fb7832cb
26f4e09c
d6ab4464
a1762ba4
92919c03
0ccb232d
72c5cc83
80cbf92a
12b7cadd
46f8ba34
6c739760
2175db5e
260053dc
34fb0c63
66c8b0ba
97bdc694
39d85f1f
5f1884dc
76984ddb
befbd377
5356d92a
a6078d6a
54284219
0845853f
99b40ce7
cd6b6609
96e9dbf4
77780a07
e29c866a
c4683616
f48d6b13
995713a1
e9468392
7aacc25c
8a950a69
b8b83cd5
8a53cade
07e95c64
023d7fcb
80d868e0
708d5ff0
08a53b42
375369d4
75029ab6
8426800e
1be24ae9
f82bbc74
90fcec48
dc21e887
5d5b1068
e50e8774
29b6124f
5d615491
4f4cace5
e598872a
4d55f453
5dd63d94
e0209918
9e492cf5
8e2d8f22
ee738004
9c46d4e0
74bdd36f
4a780d9e
112b9279
4b2e0123
c7a0fb91
0614c032
836c80fe
2e8bdbc0
2facd154
c95467c1
f8e20ea7
fcc70159
ea33d0c6
63299606
bf147491
a3f2c863
fcbedcf2
4a771ea0
91364248
48155b71
f4cf683a
697c0985
1a656034
b5999b77
3ca42ee4
06a0b81a
e704dbd2
532feb3e
e68a81fe
c316fe50
eeb25c38
d8120353
ecfc19a8
09e93801
88a96c94
fd76c274
b02351cc
4bf83def
f411f487
c2f50a82
79a2c0ac
9a46aa69
2959e182
9da969ae
602208ed
cbb86595
c89ef7e5
1b8ff341
9cf47408
2961df91
47632723
53388b6c
6a6d832b
45ee74fa
93297782
c3895cec
01241119
5bb41455
de7dce81
d2380f4d
d6a6c0e8
df187657
c1f300cc
9f723cc7
7d10b4ce
6985b38a
31363725
ec80ccda
9af8af09
cec1cbd6
f999ab18
44486f13
c1d71c26
9899a0f7
c23d5c9b
ea6e6390
cd27696f
e891a92f
a5146ed4
6cb6afeb
58a74a99
45beaf20
53500832
68367290
b472da6b
a4eaf6f4
6faf1652
465295a4
112b4dc8
afe4231c
247aa937
ab126b36
74dd381e
215b1f48
7c18e7a3
8962b268
5ec6e520
8221110d
15b56231
0bbcbce6
3274e3d1
7d7ea5db
af21c45f
029267e8
2f0d3b82
a257fe2c
6b20b469
6f7e96e6
9fa641c2
144f98d0
1f1e0109
feb9d074
13a1fc2d
b5c1f844
64b84aeb
500f3a52
8910a120
4ec7b461
6a705d12
94dbd502
70dbfe63
617c58a2
ed015864
13bcd0a2
e8c6b15a
d20a4eff
62b33824
e3145495
f23a55fc
215bf7a1
0af4d833
30b7057c
b96f4080
40b27519
140cd0fe
a5b5e410
7d634e97
1069b8a5
ee7aa665
56165b35
c72381f7
253ae162
05d66da1
e5162f42
66e7a165
d72c74cc
5054043d
9f98897a
78553954
1d8f6d69
c4a20537
4949e997
488b3cd6
33e6022b
b73a80a6
6cda7823
e514c21e
a4de8d79
82e9dc35
02c832d4
a2bb2611
f13ce814
abad3910
b5334c10
2970a121
9dff505a
ba4da80e
e21c4279
d7af382f
2f2e0162
a0b8426b
844ddf0b
8820e731
07f6747d
bdf80c51
4d6335d5
6d2e8d02
693e9b6d
8ab2cb73
a62605d3
232fd242
e96a2b3e
ea4b30a0
1025814c
f03152f6
a09819c5
4b7e66f9
9721394d
d86cfb33
956e225b
544646d7
fd790887
49745170
edc2599d
6d710b0e
f5685331
e9e331fc
6fa5919f
e5585f9e
523bb06b
57de4ad4
a7bd293c
e2051331
889a3bd4
cfd5ceb6
8748fcff
63d60353
d8c863fd
d65a93fa
0b43fae5
93c10d33
6cdda7fa
112438c0
cb5cc467
57d29569
558e9c54
b7382c3d
89f590fd
0838e7bf
ed009f04
fbe40650
ef8d4688
ccc3e341
49912b26
a05b7b4c
f030e8f8
92c1f985
5d2f392b
d4399a78
a3128315
d10acc5d
1eacba0d
5818ae29
c4b5b9e2
09e2d79f
dff1873a
32bfe9f2
103e7329
d5de4eab
14bad4db
a2764547
5d832225
cd534fad
e3ff96f3
d47d2618
f675828c
7abd731d
6f43bed2
55c8f45d
7f385a4f
4a54a0db
3c02fd1b
c1c3e7d1
d8a461c4
23d4a5a4
9e689a85
5e010776
3a56e87e
6d16bfe8
c890496c
14c1e4d0
b86d7b1e
d9287165
a5b38576
773c04d5
29a13f89
636c80fd
457b7340
a62b70bf
4af59a24
7eeb3d18
ba418ee4
ac343ad8
991a9b81
f34757d2
a51eb218
d4a4f79a
c4e8f230
f4943fa3
5ec4be0c
ef5f8043
c3906a4c
826653e6
2f5faff7
d803fb47
9c875378
aa0cb048
34b281a7
c1bf333f
8281173b
da0e470a
0cf28a1a
b95ca494
833ee10f
4857b44f
bfc365c6
f4758f19
2b2471de
b5d129b4
a38cbc7c
65022a8f
f4837fdc
a7044a1f
0d6d56bf
79b091f0
e6b8e09f
d6e6f508
0652455d
2c412c1a
9f445bab
7a04dff1
32a183e6
24fe4b45
259f5e8e
ff95bc7e
945e0719
2eb58b8c
804db6bc
7df95944
e6e285aa
630f9c80
21120a56
76106876
28b5d332
bf69b297
ea7447e0
7f357d4b
1e5f9883
e371f8be
0bc2a7fe
95f3949a
df24f029
1df498a3
a4e9281f
14db6652
ae2df5cf
378c8aab
2197f21c
d8115526
2bb65dc3
59f68096
0bda095e
86df03cc
3611b21a
74bcf251
9f1199d2
54cccacc
0a4767be
bf7beb35
88e4de06
75a6bed1
938504e8
b22eedc0
c852644f
3744d74a
c93d1bdf
06af7aab
2500f252
3445bc18
90c4759e
96716816
6502ffc3
f223e2e7
55c019be
adc35289
1eef69bb
93b0151c
925bb834
dba88dc3
cbccc4c6
c4faae61
b930084c
d9df5715
6762c1a8
a06bc6b9
5d0ca6aa
529914cf
24dffefe
72ebd7ec
b505ae4a
0000007a
00000003
0000002a
00000009
00000085
00000003
00000c60
00000620
00000000
00000020
00000000
00000000
947fbb52
0c7d7018
b798e853
980c9c09
22d6c16a
5793ab49
3a62d1aa
05668171
325b188b
b75b61d4
c49c3c84
996562ba
f7a121f2
0ce82c3c
82579c42
8121baf7
b728403a
cb0b1818
d410f246
8b510901
cf4a87a9
0e1f82ca
b52215a4
6eb9772b
c58a954b
1bd55457
45c365c7
ad437309
f56c058b
a102b208
f723817b
c21b9d40
a2f7eda9
90bd3332
e5287dea
3dbc4849
b07020da
31a2be82
30c2e978
1d0c30e1
73c7c5c2
62c17b7f
d115c573
62228633
7559fd77
456e49d5
f8e454b7
c742beb2
da16528e
ba1b8474
0041655b
db33db53
b0a72007
36d55d94
d2a8b50f
e9e53c99
54176c40
bc5963c0
f22cc263
7b1bea1d
72a7a32f
c27bca61
3f57bd24
a5cba960
7891a9d3
13c6fca6
d23fb4cd
e097beb8
7943661f
8f9b0c37
37781845
5b00ecb7
01c144d4
80486101
45c0b0c5
c188d429
f7b98042
6c8c9426
2d6fe08c
2945bf73
648ac172
0e47b90c
21904b47
9662b0c6
c089d2e5
c8f27b24
308560a8
491b4cbb
c3085417
77f42952
e101484d
c0a78a63
59eb1c07
17c26080
5343b001
a919f814
cdb89b18
741d43ca
ad0ae230
ed94d5ca
f4fe071a
ac01ab1a
e05980a1
08112090
a34081bd
33360005
510f9b20
881482c7
503e959d
50488e5a
bbd00ea8
500251d9
61b03ea9
76bcb071
b90fe1b6
02c29ef4
c92ce2b1
b8857bb0
fce37471
07672cc0
8b239359
5672aafa
bf6c9086
4ca697f9
15d1bfd8
2b277935
296df07a
a8c59f9a
a9686230
f4bb1baf
89b005d5
3129338a
3a02202d
097b8e2c
719ab998
82261aa6
124965e8
9950871a
76a1531a
e448abbb
8913a769
562bdb98
23e58540
c4a6a062
0d8a2852
08413df3
45d07f2e
d3b3e247
95409e78
cc250f8f
b4163c4b
37ebba06
3c7c5012
a65ef354
2c330270
a37ab61c
ad5c3b37
238c24f8
774358b8
e359601d
335d0b84
ac6533af
d6a748d4
829a38d5
c1a4934c
dd3d70f7
db110320
52747641
10ce03ce
911ac8ca
65c13a9f
72494763
88d28534
7d853991
49cc1888
f04a30c2
c158c41b
cd7f024e
c99d0598
3065e41c
ad6162f6
0974cfc5
a4f6641d
4407a90d
1a3c2558
01386b94
44b650f3
52603821
a5731c5a
9021f00e
d0accbeb
5e3acf65
7d463a30
ebbc6ad2
612298aa
2a051253
723b99d8
98816879
2270c7b6
546284a2
94198d10
52b750d6
e66856fc
24e23dac
1b886a9c
74d523d3
649358b3
b22f625c
e189424c
c2d9d3a9
fc7e0c02
1105015a
67955118
d8a16a3a
c64aa992
06eb4b9f
76a891ec
ba03acb9
4dc43135
316334ac
e57d11bb
01645026
914deae8
76502962
404a7c0f
ec9bf717
618a4213
6091b030
30460822
9bd0215a
5959f4aa
ba59e7a5
6a0f7777
c25b489b
2e0d45f8
13fa95fa
1881a01c
e92528a2
722ecc97
549afa83
5a192cef
fa835c7a
3da043c0
249e6c40
55109d50
01aa8e32
3780d56b
82c19d15
a9c62d92
258538b0
2a369049
873b2610
d38df6e2
a1e002c5
a8e8cf27
4424043e
507bac72
7edbee1b
a665fa95
b36160c4
6fd9c73a
e565e763
1c5f3202
09f14f11
baad322b
431364a6
0be89479
6c50f7ee
88b57b17
1f807155
8b5a6564
fbe417d5
61f00bc6
8e91f427
25e1640c
9e018634
87b03cdb
e67b4fc8
5b7a2256
a50a8715
27d2ca25
5a533da9
b02a314f
449935c5
6348e15f
1735e449
b4558f59
c3c54b16
db3cb885
acbb4222
3bd2c98e
ef98943e
03f841e6
30222803
983fb915
8ba47cc5
9eeb8089
0e0d6449
bb2f16a4
ba466e72
6141ea46
f9a157e1
00e16a6c
8b8f02b7
f4a6a61b
c0c0ee4b
a53be513
a0505a78
9692ebba
c5c297ac
276162a4
1d578c30
4962763d
920a2b74
1992442c
4fbfd816
42c82aa5
88981228
537b4a80
0cdb5275
ca79ff07
a100e54a
e39a2ea9
3e26ea84
6124fc98
64aec7fa
c576a04b
b66797d5
dabe1724
29e95743
12bc4ac7
f933bc64
5c90739d
809f03ea
c14a6b80
b0b787b6
727cab9a
563e8107
1e364917
7f9d58af
d1757f73
b1ca0f1c
6e0f958e
55612844
776632b5
9b9aaacf
e6afc8d1
bed0ee46
d2bf6304
738bbb22
682be826
353f5140
db0058d8
4723f008
383537b7
5a5a34d4
c984a7bd
e46c55cb
b4663e28
09464106
2e717421
14ef3139
75562b9a
5101e356
83653820
6bda4c41
176c406a
e8666907
5f12a958
d627c41b
f188714c
5cf73889
4c42874f
02a86549
bbc99476
810597bb
9b3ec24c
0528731a
bc4dfb8d
88763f50
b365f18e
65366c42
289c66cc
bdb6187a
acbd4ca1
40be3f51
1064d509
2ca95090
34701fd4
9d2465c2
599a21b2
eaf012e6
37d3b071
bb6006b4
1a5253a2
1906b0b7
b9ad18e2
73133f72
4f2cd50f
be684ba6
96f46fa8
38171d20
237b28e8
d093b917
8247020b
88ab8376
945f70e0
474af92d
225a30a1
3b03cf86
8f82ee2a
56a2b65c
fc4063e6
cbebad98
2b0ab07c
37fb5e10
21b5ab23
3e13f8be
e8088299
3eb30045
32bf1adb
ac41c213
4351a209
3f8e0cd4
2a1b64b1
5d12e9bd
80b8bb6e
61213046
8271ec7b
67caa43f
a15473cc
03548879
172a1397
932079a9
1864746b
ac7aa7eb
94395306
6d3bb2b9
cbcb63a9
27b398b8
0c185c69
3cb6e837
46f037b5
9f819f9a
d0947caa
724404b8
75825fa3
09ac21eb
c33ca9cb
9c4b5cbd
ac94b813
d7c198f8
79206bb2
565879d5
b39b493c
4f808f7f
a98cba27
d10d2686
385377c1
e4109578
8414b6ca
b480c8c9
a5173aff
76142bf7
4112c93f
2072ca01
a5544d44
5311c09a
311433b1
bbb34dd8
1af42942
499614f2
da103601
bc226142
8f7cd397
c737a808
c68a5d16
b3bc14ba
a29ba19b
0da9148b
83714268
a86e1f7c
80248e47
d7ba9746
780e700b
37b331b0
409472fa
44d29c15
abb53fb1
c7c8b069
41ca9a38
4754237f
58c6178e
f05eacbc
c5c0c889
b087b025
c320028c
c764298b
4f84fc2b
6399490b
3ec9c6a7
07a25419
2561b402
b7f02428
735544d4
d2e0a5e8
8a725836
29b6a0d6
67d83005
94f17f29
58aa511a
0636be53
b0870151
018413c0
86cc17a9
c734601a
010a33bb
d9739467
1678d528
81caa63a
475aa222
4c14bf6c
7799c618
da0454fa
59e40a4b
2331d83f
054e92b9
66dc92ca
853405df
fb7277b4
6200a61e
62a22bca
ca6c0782
976484a1
bdb0340e
64ff7214
563cbd12
190e372e
d5ce0b45
0352989b
e3a276e7
d3aec221
04681e97
d74428ef
61a668a3
cdb2974c
4094998f
092b8a21
76857e3d
a83b7145
676b58c3
02e1fd3a
5ac07432
3cfa2898
b3c6123b
cfcf0584
f0bb63d3
b848bec6
b670789e
87d044a6
0256040e
f51d872b
1c99c5e1
ace45556
461213e9
5a3b5aa2
021b0c21
f22a151c
37c722d0
207567b0
db80065f
77a43a91
51caad63
da7cf4a1
3aa21f93
7ec9eb8d
f132d0ca
2668a3a9
7d76d733
7a55489f
85bfba8b
37092d03
3caa4a01
09f78f88
aa9a3b6c
a0471ceb
1b329709
45f4d479
11a94398
4551775b
8114022e
495e9050
ab9e79d9
9125afc4
a708064e
4bfe49e5
aa67b064
703c30d8
b8e13460
4a8b7281
320ea3b0
f8854922
a7079c81
66507991
379f42e3
abf00b4a
ab50d06e
256b6e50
6eac5a53
4151fb0f
3a156f3b
2a3223a5
703a249d
32ec2276
afb31f9d
8d63f5f6
c1c861fb
2f470e03
dc75a36e
49e404ac
2f969226
2a8965a1
77cf1ae0
5d8ac134
5f5f4ac4
bc3d40e6
4d83accb
f37ea441
f58f11b7
29ac13c2
19bed9ff
9a927501
10079347
ed46ebd2
4a46bc69
13d51028
74b8bc8c
8bb5694c
b4a1f0cc
6d93a5a8
226d7035
2ab0d22e
02630201
62cb8d78
9f020f1c
89b73b15
a48aac08
36430815
54b31118
ea957770
2ec82931
5e8c42d6
31815299
70e20c72
7a4e017a
92281a87
663c9a3a
d975328c
06207891
7d60526b
97c03b9d
c9fdac32
6efc7e64
b82b9332
5916c6d9
54e36bba
fc2409ce
f86b70f8
80cafc23
850fb077
da2f9da1
28797620
675d5b4e
e5ec8552
707857a8
d932ccc8
7320c178
77d9eb31
4c747a79
61c5cb70
222a263b
758e9ac2
36883528
9792b502
1f647507
811f7cec
48f0a829
6f3019c9
15b5c951
8b76a006
f79f17da
84943808
aa46dda3
92381962
84319040
20baa990
fd374192
09e66cda
ced393aa
6456e976
47600ab7
a6c7e8ca
c136e6c0
88dc5ae4
378435ab
ff2076eb
28d3aeec
55e7744c
e1467316
f7dfbb50
754ac7b9
58734bd3
7bc850b4
4a337f83
e2101be1
c8050640
3c037f9f
8248b324
32f09dd1
3af5a677
2dca0bbd
c94b69c1
524067af
384ba7a3
d51f9993
9c329992
04a4dc8e
7785ad0c
a01cbe82
9bcbe0ad
e23187a3
3b45f177
1476bbef
7827a312
6f256674
0429534b
c88c2603
8a119e2f
523089b0
a3225da3
98042a13
46441b91
9be12913
5f612eb4
c93f9253
b206953a
3e07183f
779d178b
2cb8b456
62160175
9a444274
7a907bcc
240c6d17
23cf07f1
0af15d39
423caa54
376b368b
bc53c02a
5a8040b3
2c78e63d
62bd3d36
6af9b734
7b6d8426
100dcf42
77c6aab7
d007663d
52e11ff1
62d9c02a
127bdaab
004cd3d9
c972e16c
797321d8
e9397ee7
fe7ac70c
6704e5bc
412dcb5a
6fe70592
f9bda6fe
97b4c519
3d3dfce7
3075d4a2
97adae40
889d2096
8200eedc
9359c15f
fa5b96d3
7dc7a6b5
ceae3164
76deec83
34ec3003
3ceaa25c
8cf80fa4
24d2930b
215f079d
115676a2
30f40c3f
b4c5b020
61fad4f5
d1662a2d
e9ad34af
f859531b
05704e58
04a405f4
9ba643a0
6b36ec93
666a65b3
cbc3e403
7bd88678
5cba11ea
7cf5a4f2
db5b2a75
ccd03f3f
a778afe9
9e29b743
99b644dd
3da9565b
fe6972d0
38648004
34b7cc8d
56232b0d
a279deda
9f0ec424
b0016fc0
12b4d1f1
0eba0333
585862ed
d7b74f95
30e7edc8
879a646c
f967cb19
c5944e9d
ec331209
ae2d0e6a
04b18071
1a4a5494
bdc948dc
bb287c35
73408755
a9e5b3ba
53b679f7
ee5e706c
26e8ef7a
89bea163
526c0378
8a647c4e
047200d9
e6346e2c
93c0a06b
9db801ae
ee970d6b
adca49e5
b7d0ae81
ac1a0c48
33ebfc9f
342f9a3a
e9f489a5
8f00bc75
2f5d08ee
c8c18d79
51d0963e
dbaee36e
7b581c77
f2f1ec3b
6124f3d9
03178313
e267a45a
b5c96c5f
f26033a1
b66b7de2
e5162cb8
81d8870f
cd0f3196
2d744e92
8b6b969a
19d85a51
de197669
c48569cc
7065ee3d
3f03ff18
829c491d
bbdd604b
31e64b75
22e8f62e
c994eef4
f2391260
f7e6a596
e0e2a07f
34e4c83d
652e2cda
bbf2257e
0e2a7de1
384fc089
5ccf6f7d
a904e092
cace5d40
07b83c39
fb199a28
63d89d55
f7e43a76
9c2236a5
f0de3d3f
20afeb58
94b94402
9192744c
ae8ea929
8d9716d3
d9a7899f
20e383a0
dd0e9294
d58e1732
44fcbd93
aaaa41a2
48a1b9f5
202de611
db8498e4
009858bf
c3fb501e
d85e817e
6df37351
fca987be
6782eb4d
febbfe9d
3854e835
715f2098
a1056a94
91fdba2b
6ba92287
c61e3ed8
0a627c9a
9be3c09e
743b8a18
b040ec2b
b70f8134
c6cf0d3d
abbb3cda
307fcb95
99325063
b163bad9
184f8298
17a85ebf
1d79bbad
97a100c5
0355e5e8
f1879755
da6813d0
e6f786dc
499c4e9f
239d8d27
9bdaba7c
cbe5e5ad
9672baea
96d65970
806f1592
2750b202
d755c4af
3bcf37c5
69b3a5fe
6b16d9a0
66ad39bf
f7a37df4
71d10ad0
11802cc4
94626370
c959904d
8296bf66
1c85fb17
cb3d6cbf
0c48cfd4
3fed6189
f52ff7b7
82faa96c
0314cdc2
aa778dad
cd267271
3dd78775
8d554769
4ab4157e
ce3a886a
75b73833
dc010b25
43971f20
4c0d2f68
7c98ca3a
9aacf7b4
9382bb58
a995ac76
7bdcec81
a4cb0f5a
34e04eee
cc003c7f
56dfd96f
882e916a
6af722b2
15c70d56
762138e8
f3a300d0
3298a888
c5d28d67
85bdf50c
a447d613
65495e01
06a541ff
4f0fc4fa
b0f954ce
8c93dbdc
fed7521e
dec7b10e
ae106706
d920bac7
bfdc408f
60e1e887
79974144
9351a81b
c939d438
e1a4e523
0586146d
10503275
1e07b006
594cdff5
4e4fd20d
d520a40c
3fe42eb9
ac6e690d
80aa8401
84fb4540
b47abe29
c468dc5d
5adb05ab
ac4be45a
1eb9f094
ba1f8f0b
c31c08f3
140e36aa
b5e864da
19a9b6f2
0ba1c4d9
5c9dc5c4
a0c19911
c52a9b26
8d116ca2
06a46dc7
33770edd
af087f60
ebcc7c80
b009ab97
7aa9e35b
dc5b1a26
5857b411
be14c226
aec623ff
caa7444c
9b1cef7e
694ef938
387cc893
ce3b8120
2fb8ebab
19d73f22
45d73112
1c6e78a3
8c9bea0e
e5ed39f5
67c4c9c8
6390d026
9406004d
9aae4698
5f187ae8
719ba82f
9601614c
5d7e2e52
4d2ad470
8381e3ac
569dac53
ea82a7ce
0460b001
38587ed1
6921d974
adf2a465
f923228b
b0dc09bb
b63b2697
64990346
167e3e8d
5efb464f
3d092f10
7ec1d336
1684f433
e80d817f
684b236c
dcf236ec
5b68c6fe
0fe93b49
ee24b2bd
86599356
8974b60f
d74bc6d6
62954ea1
ba1e40a4
edc935f1
a5161827
5b6fc1cb
9a241dec
144e9ce2
986dc522
c37b6342
de646bcf
0ed97c26
f37b8c56
78a7ef68
377e81db
3a5c8313
29ad2c2d
dc82ce8b
2a175ccc
5d4d124d
c751f23c
f9632809
c4c0d9d1
ea058ccc
e8d2f466
0c4d09f3
6cf11595
cb3b3d8b
c6f9fb42
b27f6de3
bb92d003
b9e11f54
2728b9bc
d8f317cc
69979c76
56992a81
458b5c13
d80c666f
aa2441a6
89d5698e
9feb37c4
f9d2f801
b8027018
5ae67a04
a7462c22
d1b31018
f28928ae
a5f8b724
949b7615
61dfcefa
9100af90
85126b52
b74a4b6d
28cf1d7c
6810ada3
05f77192
32901844
855c36a5
a2fb268d
eaebd9eb
6c4f7e0c
0e9e95c5
afa50c23
20a9442c
7a59bd35
aa06edc4
c2a451a2
dd60a764
a373cca2
92c9553e
1094a19e
4aa544fc
01351c78
c1e31f6d
d5662dc1
27a296bf
b4ec495e
bc1e2cc6
48ccb44a
5c03ab23
488041d7
382ac98b
d2512e2a
e133ac5f
f0c2588a
e2580e94
6e37f84e
2d0d5f4c
c1851c4f
8db37fdd
0000007b
00000003
0000002a
00000009
00000086
00000003
00000c60
00000620
00000000
00000020
00000000
00000000
629de55f
62105d55
c7141316
4e9526d9
0cb592fb
a912987b
f16e7a87
f8484162
c4578213
fc970777
665da856
a5337f56
07b2fa83
5c223d8b
24a98dbc
89035825
35b78640
36acf4b4
4e8caaf5
571f0ec0
6caa2b61
654b4a86
0b25bc24
4e07b1b3
7fcda068
a7281193
75fce71f
c10a64e6
60538a95
7a32433a
e8463926
01e206e5
c0111793
241206bf
f6d667ab
7c676d39
594c7240
c7544749
42dc578b
80ad24cd
e4bf3555
a7dc906b
f6131773
5b5bc271
20cae95b
e136e657
e24570bc
c84c2d86
76940433
424f6b13
0d45744c
c4cf28b4
e2f1b438
8c0b023e
c42f48c4
b9b8613b
bf8bcf13
a32f3590
c8c85bb5
2b10c474
5b39660a
785f3c78
a7ec7589
27a176cd
77f96a41
67647c92
5aa0945e
0c7d4caa
31007325
945ea1ba
e94fa0d6
3ed4979b
2e59c49d
7426bb80
aac5e370
908abb75
47d05029
3228cb34
8cbd9a42
a14c3551
38c8866b
051b0be1
355a498a
53b86d66
57ab904c
a5e54fb0
2c0bd0c4
0fa0346f
c13327e1
9436b868
5c40b8fe
00889b0b
3d53e63a
e79605a7
a5d55efb
8f55124f
2f2d5031
05592704
40e61579
3c668a6c
0a402bd1
bfc1471f
175fd589
545a3c46
7869d990
3d7c4739
aaff7876
52783299
0a7b65fa
46653509
91376fb5
ab31a877
fb8f80cb
289c9955
7c223539
47cabcb2
c4d95b7e
0a8c22fc
c63e7a27
45795a47
25ba0ac5
cc2832ec
a145e7b5
0396c0ce
8450a6cb
876b760c
3f559b23
b1c91b66
ba51a7a9
7604b919
35028fe3
875a448b
f6206438
eafa8301
0c0b8bcc
4d154c7f
1a3c6516
990026b4
ab16d4c7
9788536c
3ea2b72b
281c4c29
3c3901a0
afb6bf41
c06f672c
5191ab59
8e5ba246
6a88eb50
e22209b6
366c7383
3a6fe174
e59bb4d4
934bec98
e2a2bccc
974e5df4
2e392d6f
a86f1a75
acea45b0
87434c83
e8b5f58b
f5188c4c
70103e7e
7842079d
84926c13
447a72b4
87a8c8f2
755d1a04
3de53a0d
e0680204
36c45323
5971ec21
e0aa29f7
776330cc
98f115b9
709b4ab6
53b52444
5723f5ae
4692eb21
7a377392
15672b7c
85a368b7
06fa2ff4
aab50c34
fa6ec921
e5b20a6c
c8cb5422
41630773
268fa7c4
b506b011
de1b3127
9bd81079
88096245
a5a5e7d3
0c1e9bf3
b100e963
31ade1af
56429cf3
1d66d3b1
3f6ea554
38f4244c
c147ec37
74acfafb
1a5dbb99
1b5aab70
8656878b
0bfa05a2
4da48e42
f3a178eb
10651822
0c24a212
7fa4467d
d4052da2
9ba6088e
b6b5e353
da5d48b5
00e2f47c
0dcee847
330a8cd4
37311c3c
003ac11a
2cf07376
1987b278
aa67b9e1
815679ab
b0b2c3af
4f686702
a03bc03a
bb532d37
a494922f
5108b849
4c4b0e33
1ba70b6f
b9a57164
310aa12e
814a84b6
698594c2
beb28b7b
5b07b140
6408546c
c8830889
7f7a9344
744f8379
5f387781
c10aa9e8
b3d5a54c
6de1e622
85c9b072
fbbe02b3
71741f7d
53ace247
f5295df5
c2c6fb77
b76d9ba6
24bd8416
3c9034ad
ab3e6852
08369f90
035cb2cd
b867587b
a1fd8e07
2ad527b2
2c01281d
08a663bc
cca12873
69a4c91c
1b0f0db4
02e4b89c
e078c941
92685911
62628fbb
7d7d36d6
63446598
a45106a1
bfbb85fb
c38356e8
ba53a33c
e52d2875
c1b48e42
1f2a1d89
6a371104
219a2be9
0c821882
9eae45f0
92acb8b1
32f3c92a
526d0412
4cfe6c93
41f28c08
66c1c1fa
1bf4cbd6
c245bb2b
f48a0cc9
681b8880
1ca6b84c
439a260f
eb9fcee0
218b4884
0032a845
c08db5a4
001c1a73
85c4ab90
dc703003
1ac82109
7946533c
b9082412
28633150
7dce5aa0
c0b29a57
c1dbfaab
8e790220
97199696
16d939a0
bcc761a0
156934ba
7fca3940
9065b4ea
1301975b
8178a33a
473ad531
2c3ca3c5
6526f842
c1c425e0
e7c03773
b1934d04
8215758c
e65fc3dc
7af3eb94
41864198
98be528c
ce95033b
76cb8831
900c2fa4
3b3cc99d
7e61d738
06877f70
c75600b4
5950142c
50029ff5
3740fccc
3cb6c146
330ba0d5
2aa3ba40
757c0881
fc178b24
5144aab4
c41267a7
04a994c0
0c088e4a
d04910cb
fbd2b81c
93426641
1a31fa6f
f19b8ee5
0220173a
5e67f60b
b40125b0
8124f10b
320717df
b07321a3
c126c490
607078a0
27911e70
26d8ef8e
862b80df
d72dc4cc
66071561
21439bda
02b725e4
3663bb30
ad7407b6
98e04905
a1158135
d51f3851
f9feb581
8588186a
443cc3bb
2c377cc9
5c297d07
b45f354e
006473a3
3ce907c6
8d695ae6
1701bc13
71277f59
ce43e50f
58ea3cb2
8d68102c
05a2040c
02f10cb8
8bf64d86
47906a85
55316769
a7b1daa1
a969a661
8b9d7214
08d58209
d0c384c5
5c23030a
8ac88e08
725c403c
8be32299
4ff69c36
0fa8ac71
b35f17d2
7989451e
375869ec
0aab3353
08186dbd
ea80aa5b
58fc1e2b
4ff5c50b
2744dbcc
e04ec47c
c85a3619
1c16b4a7
50396cda
07e2a444
630d32e8
823ea2f5
468a8e5e
cb356055
c8984d6a
70c6525b
d57c1134
88e67e0a
15d3b1bb
6169520f
314e1011
a19c9511
b362f18a
aca80c8b
725305a9
be1f35d9
69ab4f1c
c8553740
5d9909ed
66e87313
41c2e506
222aeac0
0305b6c0
68381c4a
aa86847f
a1f52fc4
c61893ad
3269c595
d00394bc
c5949fca
05043a72
1c80503b
c2b31e24
ce7705ef
80a02a54
129b4875
d229d752
fa238490
afeb799c
95136822
f42d6eb4
b583193e
56c9f1ec
f8e71a47
435b8ba9
cd9ec391
f3134ac7
aa884537
4379aa56
36c97911
47e2e687
e2cc04da
94f85ce2
bd26815c
52c70617
4bcca699
623a5e43
ee2e97b4
89e47611
6d56bc3c
914dc2d8
82c1c019
3b44ca3a
794266f4
c3770ae3
8ba486b3
4972438e
b45f60e5
4d542481
10109545
65deb1db
28c3cf5b
dc62c29c
179e2b07
71f6fd67
630b53bd
234d9428
bb6839a4
e219fc72
f98081b8
3f94695c
869a2975
a8ebc9cc
ab00210a
ad7ee803
dae27f51
bea0412d
60716242
85b188a9
43135a71
7e0c0b58
7b279f6c
1291d15c
ce92abf9
18e19950
6d2b1231
72a9b9ea
ac2fb911
5cb8a622
75c78c86
563e9b44
c8d25430
2a830c4e
42956b5a
63fa0634
b8bf347d
874baee7
55b95c2f
4d5ecc12
ead8cfb5
0416b99a
8768a2de
c4d96d97
2a736842
aa1eb12f
878b00b6
b9110205
9f6059b6
316a61a4
8b896c5d
d26049ca
ba5a3c23
b0a8396c
36cd86e6
54d490ba
aeb05954
5b01b403
6462ca23
5dd073c8
8e8656d0
b9985ee7
8ce61b06
aa2883fc
603481d4
9559370b
f2c6976a
c8e56e28
9436fb9e
e2303759
83690df0
002bb672
b9cf6346
ab32791b
0592364a
f660f95c
405ab79c
19b0313a
9300ec38
327830a4
4620842b
f75c69fa
146f2fa3
3f70eb6f
321eb1db
d9df99e5
0dd85e12
e855fc7a
79bac9f9
39aa8e5c
3c6a10d7
f6895656
2be385b4
5f6be6dd
721362b9
a749bb3a
f87adbcb
b08f8ad2
9c585d1e
3f860439
f79a06e3
c65b373d
6224511e
b5a3b673
62798957
5cb96052
937ca21b
70781644
46b6331c
ec057717
6713f536
bb44840a
5a0b0634
7d1cf28c
ca9ea04c
1bd5acc1
13971c97
b929d666
b7fac664
6412e64a
ac760480
7a295648
bcba292c
5291e191
63c9b902
67120c9e
640a94a2
0574cb47
9a6aa848
93a208e4
31a76b52
1bf9b6b9
5b69ab47
0887c585
b19b35b2
1e045a1c
192664a8
7246320e
8a845251
57439ae7
0d607038
8e1462ef
09ea8dca
83bb0d94
4db5f00d
06ff51c8
5a959b0a
ca853bcf
63700284
98924497
ba66d68d
28406888
b86cbdcd
c87f2625
d8613af2
467cbe46
2538eab1
f5acce46
504caf40
96191b36
5b32127a
5086f703
dd28b2cf
6b5651ac
b2168a4a
9e0f1a44
50cf17fc
7247d8c9
8005b437
e60b6031
957b1e86
19834b65
05b232d4
3125fc92
65c5e85b
ca886483
65e0a615
f4b7b3ed
197aa2c8
9d263429
ffaebb71
ac03a66c
959b4a63
d659d832
58d100e4
6fbcff23
84cab10c
67c2773a
9d0189a8
d1800938
abad3eb4
2b3b6d6e
742d4619
dcfd8522
1f6b0135
39643005
15de145a
9ce21c82
de9865b4
b2a67723
6755a668
6e472be9
63a16faa
2e7ce58a
05b2c676
047f9855
5e49a56d
bc73b42f
31f14ea4
6f3195bc
7e58d5ab
f0a7b184
6867edb7
42612c2b
88b74933
3b752fc1
932d87f6
10e10350
5de91a3c
b050a9f1
1600b691
c2c617b5
d95ca685
905893c6
82d215a0
609d53ff
fbb04115
9c12febf
daa323b7
cb9c1088
14336c63
d39e52ff
3ad5728b
ad5aee64
de28c540
8982cf38
1159e1b3
16c9e46e
4bd890b9
9f243371
dd1fc748
83e66ab9
70970310
a9c626fa
14a38249
558ba453
c96fb304
893cc433
a7586aba
f86296df
697b5385
9ca57e23
86b45c57
f2a550a7
05d862cb
c2062785
a6db0786
aa97b183
843757ef
d2c8ce17
0d43214a
1f870aa5
39fa1feb
2cd92c35
1a16301a
c1c21899
3ff53d61
3b6259ff
cbe01041
9f99e20f
b78e50d6
a78e47b6
14b734b7
3a5ee24f
178a0737
8dd3bd81
a7236865
e0786216
17d29e11
d538644f
faddc267
0f11dd35
46c58c29
bc7e5bd9
86af68ec
3f74bab3
eda3f862
fffd1e0a
ec5c1dcd
48213bf9
eb1a912a
4d12bddd
56d6dd60
27b543fb
a6ced0f4
64e2eece
f198e447
c57280af
c8f774f8
6cdac9e5
929c2b15
4ef4ecae
83c731cc
117932e0
7bcfd1f4
c8befb57
d2080480
f071a2ae
ba78a518
99a4bf17
3dac001a
75d0f9ec
49e0fdfb
9a5cbe57
0bda25f3
20dc5667
e2583b05
f7fdd6b7
2e11d0ca
b2a00103
eb5b5b86
25080228
f28735ff
6b4e03e5
e3140bc7
c43a7f82
2369d375
631becfd
66ded30d
ed095351
13950565
7c49c864
20aaf5ae
311f28f0
a69b5862
34c719ea
153e97e5
f0fb7551
86ba305a
28fe2d56
d6257ee9
207e135b
b0c99658
57dee085
a7a63c95
cd1206b8
b08e849d
31da5a39
fd183475
933d7b6b
3d8a0e43
ea955fb3
0f3ab330
cbb3b14b
a4b4c478
06959aaf
0931a9aa
fbbe3d72
514ef9e7
ee5ff921
6042ec5f
29ec1f15
1d0811cd
2779cab3
5b600add
24f06e36
69ae9245
5084270d
e6d6461e
8a3b665a
9110efe0
35ba4717
6403c1a2
4206e4cb
0619b8f7
6b6e3037
8e07ffe3
bebbc60c
b9cf1dbc
be3ffb38
29188c3a
7245fa32
16955170
16ffe997
b3330ec5
102f7bbb
9f87822c
b912df01
193bb59a
42259109
2d46b818
f1ce9980
8cb6634f
7d738401
8a0e4077
e35b6149
7d4f1851
9b7393eb
6ae179e9
11655ae0
77d2f34d
7c43ccf8
a78537d8
5863015b
1093ce7e
0fe1ded7
3ef33468
fb9e77e5
4cad1024
4f3b2371
0601fac3
6e4fc0a7
501e5b38
b2a42938
13a55582
e2ee35fc
5b4a29d9
d9fa4077
9a5c08d6
4c853b37
99a312f8
775fd7c1
d371f1d1
d04ffc6e
6482ccbf
a045255a
6c052e96
82f34000
01dec8e5
c2ff883f
b8be1e25
09773a33
9320f185
dd0cd94a
d4ee3836
3fa09cb0
51ebafb7
8e8ee0a5
aad114a3
0ea79222
1dc4c978
97432159
8930b334
cbd28ec9
80745d06
9d5a05e4
72c218d4
7b4d77e4
4ff528c9
7e161cf6
d2a76871
145069c3
3bdc555f
c9c50a38
1f2e54a5
81ae3976
719ee722
0f67f798
3939cc33
a62ab70e
74de5526
b23798e3
69efa0dd
c16ca604
07d35838
0070fe93
6308232b
ba0dd2f2
7834afff
7b62046a
f4dd7c0b
b213a773
b90aa00d
3940efa9
b4000997
edfeee54
0e74cc8a
a4d9fda4
603e0284
0ca808b0
5ad82120
f8cdb746
23b634b0
974bedcb
5b345c34
7afc83ef
7a7d1257
c1fc8615
3baa9d17
01fbcb32
ba70745d
dfb41fab
2237fae7
d386b4c0
04395de5
ade3237c
37ae5f5b
d739ba7c
fd918b87
93b1fe53
745f3e4e
c8de64b0
047841b6
34f6b123
5d279fe0
25ceae77
26055aea
472264a9
9eb5cb86
1c689471
d2be7323
a833d291
2c641874
08f67b2c
1d2cd642
6ba017b1
6505bf19
32ca9f48
9d1fe1d0
103e99b8
e33fa565
c5c18432
0872f586
01874242
c12db742
2bfe0d3f
710e2b5a
2b03e6d2
41f1b7d4
0f79ad79
7e843dbf
3e7b7967
8eed18cf
11a39062
acf4c1ae
39830d14
af341929
b26ca65e
dc125e9a
d5f41198
d3e416d8
892c45bc
749fdb6f
db7709e9
11237bb4
916d70bb
13fc70fd
66a3613d
b477a3b2
7e4c12de
d4e4f28f
d9bec2d6
d4e968f0
55e36f30
1990675b
db0d895f
867aabe1
e9cc948f
a796b997
259cbda3
0ffbbcb9
067a4b69
ac7cdc65
df1734ee
eef5c6de
6dde7ec8
55425aea
c4b5a318
c16183a4
a420ef6d
676d3d81
76f4e93a
c9e7c829
8285462c
057b5311
12e02e44
8e8801ae
1c9bd908
6f1193b9
c5956e12
77f1db75
8a70dd9e
2e776fad
216a133b
a68b5612
9c6cbab6
cf3a754d
971adbdc
1316b2ef
936db60c
82ed0618
8a76e433
c5ddacbd
d295ce25
7d99faed
c93114aa
6593b4ac
3af57d54
0feabe28
1b15f54d
55aee073
039bda6b
2cf8da41
122f5513
d8c008b2
78784d0e
05b52286
582df237
49a0aef6
29994f8c
c643fa00
511701b3
711b2c60
0ddbce94
e6ac077b
241f2fc7
e01b9544
0996ecad
af67d89f
05df7a00
f98b4453
515c1383
5c4de087
b97c91f0
4a24883b
8fc0099e
14d693a6
a46acee2
7c0db286
65286cfe
ea5e7f0b
f6448f2a
7d12a2ac
ad98cdc5
0e7b8c1a
51112a78
ccc3f915
bf4fb434
0f01e1d6
5aef4808
455c35d5
3e72a7dc
ba871411
9260a272
659579f2
85f4e4d1
3ebe1165
6b6a4f66
332d0538
aabab711
280701b0
9c6229a8
beec735c
474684c4
ca441b0c
4eda2292
5032a627
2a539de5
8510c0dc
2839df4f
6eb17d53
11ffda7c
5fe2a226
1e2f4b7c
d8ea5008
749da4b2
2c52fb35
ee4f5efa
b0b9fcdb
4c6d58cb
5f5cc89c
6e4cee41
c7b1809f
3ac32f9d
d946d876
6545345d
13cd7c37
053238d4
bc6c8c21
a22a5841
157157f6
9c9b7d57
3a28e4e6
94f00071
7f701d7b
9a1ec1ca
d121319d
9f98cbe1
57058ab3
cf777742
05140710
4817c040
c277a368
fb000aec
6e9f97f0
6c135092
80ec5559
e17aaf2f
0000007c
00000003
0000002a
00000009
00000087
00000003
00000c60
00000620
00000000
00000020
00000000
00000000
b14357f8
25d547f3
7ecc42a5
9c621aeb
645527f3
c675e48b
7aaf616d
88d20b90
1a40d7c5
afc9f401
7aa90576
b6dca024
bbbc4cdb
7be37742
a4335556
019aa552
95147179
3a62d737
5227a8aa
4a96c570
a879419e
02c67846
8cdfa537
057304ad
633811ab
717446e2
9d67f337
20cc07aa
e30c1659
9161f65a
9d0897a4
d85a18b4
b694e63f
26381608
a9b56c21
01293174
b153486e
b61a0ea5
20428620
54c508f0
81b35dcc
72eb9ea8
ec0757f4
361343ea
9083bd1e
cd7e34d6
dc9f19e4
95b4920e
c5a4447f
6784088a
92a37e6c
274c12c6
a23a8b04
8500b1c5
19a2d8f1
8b1db3f3
3b29171d
54a757c0
9baf04e0
5f341340
fc6d2625
9264b271
39ac9981
2e357976
b6dc4624
6c87c0c8
87261570
dae3333c
9703f374
32898b83
16a4a1f4
be4bb082
b2c15be6
72c10170
7062e8ce
1938f28a
18480466
05457669
f73808ae
0445cbb9
6379ac98
0121d633
fada3b16
5d5186c4
5f2e0174
14bc272c
9b51b9a6
f98e077b
921075b5
0db0f41b
d383fb9e
76831a96
c430908e
ba2dea14
52a260b9
9d2017a9
f94e9cbe
4187aa82
08191bac
7a4a74cf
219f9a6a
b3d5b868
0164d551
b7f95677
3f13343b
c40b5687
286a5059
ca6a874d
a4325400
e372314a
0a904386
aeac03de
58ed4692
85aa88a8
d1b3a027
b345c30a
a835f22e
e36c1412
417bac44
a6477158
8779c45a
d2573bea
7ba0c702
6f671c90
57a13b02
b8a6569e
3fcfb616
fc431ea1
9ee47111
a836cae4
4b16953a
a8344f9d
bf854426
91283d18
9b9af87b
80921ad0
f337a023
7d22c320
7c266c42
b6142cf2
9cdcec11
69b488c4
15624beb
3e839539
6a962659
b5f97631
3e125e66
3870a6f5
625b9740
57c17d7c
1cc90050
a00db60b
c97ccdca
5476da5e
147fb2b3
9c885199
1f7f3cf4
67e7a2c2
b5344b63
37b7e0b7
54932355
8032779f
881f0ba5
c52a156b
6243fa40
9e65e61b
00a81f6a
bd362823
3bca6723
31410074
0ef33914
a300e407
0bdf3558
c084c6cd
8f7f0cf9
f6d5bb50
3e2cc802
c966f1a9
4c7094c8
70e64d00
0f9bc855
3830a929
35d3b308
e8779ac0
9cee3525
48d1232e
3ead026d
543a155c
c517eb1f
b264a700
f50e2262
1173f610
5baa0505
c5f735c7
7f396d07
401cd9ab
45c5c727
bb03c1c1
b787f94c
32bcaf31
05c79c4b
ef2f5ab9
686b87ca
b6a63a55
749533d3
7592ae90
07cc819e
a4170185
121d3d5c
96fa1f2c
7e17bcd3
f13a1780
8a45ac69
1faa63a5
f9d31692
0b70b50e
af34e024
919fc290
18d18e7d
e491c859
12918710
8dd3e955
d341b0a8
d52b0373
3c6184be
ebad59ed
24c07676
b297af8f
620f94bb
45c556c3
1991c5b5
0990d71f
63f56391
1a741624
586182ec
a4c772bb
c6cac17c
945e3871
b06f1dfc
09f7db4c
af20c5af
b9b45fca
b861f872
986f47b6
2cbd5ca6
023a89b7
de355907
e28a2af7
1f834777
c17aa228
a8da070b
2e01698c
d99f59dd
20914c3b
cdccd187
2713e94d
e0ec49c0
6e7cb90a
9f9c2793
b29ca325
87acbf63
8b5f91c2
bc4a9fd9
215b9e65
94afa018
b8ef01d0
1de44447
fc13412f
dc9c9922
0d672c23
285b1c5a
546c02dc
9d63132f
162b09d5
a49b7255
4d502890
2f872545
79a11bf5
51974746
6a32a96a
46d77e37
26b91e12
0f38e7b5
7b7c3c76
38991aae
b5496212
6283cf44
a374c38b
30933747
8abb0a44
81595b9e
d8a836f0
b5b1b048
c4619207
cdb4361d
803989fa
7d97da5a
139539ff
276012a6
4a6573c1
a20528e5
38ce71f1
0d92169f
2d1a1795
309382ec
3b6924a9
ceccfc67
e0353fba
62663345
3295307c
93f510c2
901cf894
1473125e
5623c15c
4148b3a0
f8ad2abc
ec855e81
07a0f72e
d7522abb
782180da
3782c662
b5b0e441
34853d11
2141c881
8e15c60b
6acd83c7
5b8b20aa
a0a8caf7
b2059495
a9e46f56
0089b331
90112099
5de7364b
414e4614
418c4723
191ba92b
9656d7ea
67cb7a04
c0c84065
519f5436
64a06c20
cd791253
a38950ca
f7750fa4
b8216842
4488b27a
74f4c32c
94308566
5e3e5c87
95f12a75
ac91c6bb
23c5a38d
9cea3cf1
026b2b60
6e722140
e146cd54
2cf4dd54
a682c87a
f0c81191
c0428fcd
9ea8fa54
d926c2b5
3b02108b
0b9f64ea
f9473981
86808e81
477e4c03
ba815467
5af8fd88
d062a74b
05a9302c
1c990544
495bc41a
926a183a
2883cb81
6d5f8adf
997a8a68
57e8606d
c92a4324
e6ffca29
bdb74914
79a9aba8
98ad6259
6774af5f
8472ea68
08355bc0
afd0d64b
c19288b7
3be3b6a1
82113380
311fa785
39386a6c
2dd7f68b
0511d55e
e7a84468
8b86af89
9895944c
d28a15a4
ab93005b
d9b0eb64
66c7223a
b5da662c
1f4e1cde
e6380d8b
80a70bca
27a10ada
37ee5b72
787046ba
bcb6cbde
f49f93a0
43d90b0d
9d15da75
268d54c8
9facd8c8
a503a810
868296c7
963ac2a2
c96199d3
16a64dc7
51d60a54
0d1f785e
492c75f4
0c01212e
d17b284a
c598b844
c9746930
5d27784d
b8b5cc70
97d76a6c
94c0d385
55e89225
4582d4c8
93712611
5a1c3ee3
58c462b2
41a14141
76641c54
b3802e74
d2a2e00e
9a5681d7
3c97660e
df96b0be
abd76e32
1ee9cc8e
175d32f6
8cf42d45
2e332e1f
e64c7cf5
9571b230
aeb7d5a7
637ebbd3
4aec35ab
00b60002
ba560964
24e7b271
37c19767
73672886
84f184ec
9aa16827
e3838a05
644983a1
4ae1ce99
b73132bd
46ae9a71
b6219773
77660b42
f8ffb8e0
1cb3fe83
1e0ad6b8
11ee9b65
19b8fbb5
cc074319
28494551
79b1795f
2136ea22
58fe0f80
04e7b790
2133991b
7bce2494
837bb846
dd1f7779
f95009d6
c5ea17c3
3269dcd1
388d0675
95d0dd54
7dac950c
48bb7048
5e3cb664
3ca51536
a7390d2a
47ca92b3
228c8004
fcdd02b3
253aff30
f64dc90d
559d437c
6d895d04
47a8f2fa
9794b9e3
bc128703
0fa3222c
a54bafd1
a2479dbe
3c7bf62f
5b72b518
1d70f40d
577af12b
61161232
9148e658
e2720244
051bb091
a964376f
ef6ee4b2
b57a43a7
5128bc26
8f31a6d7
aa98458b
76e7e43a
a8a11803
60fc421a
0712c0b0
ab7b79f2
49345dd9
95b7e750
7d1c01fd
1b8aac92
54f11177
dd9ffce1
a48f8cd7
28aa2e27
6693007c
e6360f18
6c858068
8db3c91b
c32c04c7
8a483b1f
1f0f5af1
4a8626f9
b72c7952
c127431c
b0dc935c
bcf40e55
e3094033
5744a1ac
9af00aa5
bc50775a
d8b7bfb1
8a3af950
3accd081
a92c15b5
0f14b1c9
5f72e75e
7869c86c
6825015e
10749aad
1ba8c661
1b3144a0
64c9a100
e6dc41f9
7a24c14f
f0542c0f
0ae829e6
10c5cbac
a65b246d
db55817b
0b379745
7ea9d86a
7b923a01
50364218
9b6d2b2e
4a555350
3d62ef2e
820e2496
b6498d56
b6a5713e
7346843d
03fab34c
3da2f803
f69c5243
f8d66fcc
a5510152
7d741701
9b704af2
55041827
f751f43f
850a43c4
2c40c08f
0e8f03bf
d5ba005a
bc6ca733
ed970acf
8ae272c6
1db69c9b
f540d8d1
463256b5
9fa8272d
374fda47
027b00c8
4669fd87
04491576
fa69b509
401970bf
e33016f0
a3169a91
6a44d67d
082a2574
93a80757
1673a3a2
6cbb90ae
f7c9a8ea
93dbee0c
a612d304
5a41383b
8ed9dc22
92252668
059e89a5
15bad60e
78891521
3ae2b157
ba5c37c5
915e8938
88cb7aab
c2d6cf3c
505c93a3
bcd7c13c
9c87f89a
7b47407f
40e5ba86
2aacd73a
d0b5161d
1496b462
ab30f566
007b3c16
16a6cf89
2aec2a9d
21775aa6
f593918c
25d68634
c619b736
52c6b115
54641dba
4a05532f
6c2d31f2
a5bc3b3a
f5148b27
0c0e2af4
b974d391
ee919b41
f04caf10
23c6767b
f8163b1f
cbd57752
6b877479
64082c2e
05903a8a
0f2194a9
85b419bc
4bdf9785
a062d921
1d7724c8
b4732694
75e5a972
cd986681
0ad4bf75
33fba5ae
cfcaa711
8767c388
95d55050
1e75fb93
26369c24
41530cc1
46c95595
aa681593
8059294e
661a0593
f32d13d4
88944d75
a0692015
051c60c9
1493ee40
4e4d2641
893f7b85
3305ba82
74a6277d
c0ad7204
10f3389a
2c155bc1
99049f23
c831c10e
8e0d4b51
24ecba08
abb90e67
ae1566a6
88892dc3
cf594466
9a6f579e
2bce1e9b
4adae471
b6b1e0fb
758518fa
85b8948f
c11b51f6
f33e687a
285c59ce
76a53944
6881a7b9
8d67be7d
0ab58c9c
b88a2da6
66faaeaf
0b16ebf6
ba4cad8a
2f3c77b9
8d43789b
d0c19c57
1cab0f9b
37036957
f8d521b2
b12215ab
4925c792
e6e048c5
3669b39c
6e8285f3
d39b4135
41309f95
569569dd
61558172
3ac43d20
e043202b
2c0d92f5
6a504e75
d722736e
b89c1307
4fa14600
6ea86226
bb846604
34a81b92
649af67c
3975aada
abd260a3
925eb600
2bfb77c3
ae7ad4cc
ac3803e6
98c57b7a
4a9b1009
ae07b753
230c152b
8636f42c
d8bf9823
f1a16cb6
4a89f77d
2518118a
e77c7e70
30dc9727
2a0b8a2d
d1aa5da9
239a753c
c42f641f
121ccc5c
4bc78bb5
2f8254eb
30c920aa
36a6d509
c2baa24f
b5b15567
22a80043
b5096be5
22951123
2a8a9525
c1f64242
96d68d2c
e0954525
942b11e4
3afe815a
0141d3b4
73e98f52
a7bc2c31
59ab94b3
9794c873
f78ca81d
a8eb82a1
a67b093b
59f31654
8081d0fb
8809ec2d
b354131c
6fb9984a
8bfb2692
03045b3b
45978b4b
f6d86884
d2c85882
49f7db01
92b93080
04612a5c
a7287c19
06e7103b
d6965ddf
7c51730d
9fae3bb8
cc9a73d9
38ee8830
eab9875a
9355ee6d
0da38a82
f4f6e36b
54b86b17
bfb749a8
f826a30d
2907f949
6abadd2b
4dea0ccd
c7483a6f
fd148b75
161a6310
75140de2
758448d1
a8f78450
bbe9f085
ce52a504
6074c928
c4c78c77
6d2eb088
8a2999ea
0916134e
443a251e
003fd385
1bbf4210
2cb5bc00
a86b07c7
d1ebbd34
907fd16c
ebc85e05
bc0644f8
9f10992d
07a58cf2
f04033fa
da248f29
a60b7142
3ff04301
2c9017ed
4d9d6513
0d971d9e
767e4168
5954daa3
b7436d98
0fd2328a
56d56e5b
3be50f26
8cd39524
37d4bc0a
fd74be0c
101549c3
ded80f93
0b0c14d5
2dd6af4c
6463b037
e6b06d53
832d45a9
93b16c20
acd18b26
fb59ae6f
cda3b4c0
68a166f5
f20c69d0
8d30e94e
cc340298
7e10c5c9
422ed8f5
235c7041
cb060dd5
500c161a
d0176cb6
5ad3c3b5
57a3a739
7e164b49
aa1c1422
80ceedbc
3678dd81
020f9763
df716aca
23a828ef
303e5075
db204cfa
2f39b12f
7a34fd8c
ee644934
2ea492ee
20407f87
98e52204
12a18db9
9e639781
5366408f
4525321f
74d16eef
aee1d65d
cec16eb6
93b47300
8ab38140
8161efc1
74a933b1
4b469079
ba926aa2
b4894a3c
932846e8
a24a708d
093c02fb
424a832a
bb0d3d12
0d4858fa
d0a6bafb
aadde5aa
19eefc60
091c26ed
ab86e42b
2046db04
e53ac9d3
b5d64191
69055aed
30be7b43
ba741f71
535d75f1
0096d80a
bed8f50a
8128c211
2f80b718
2760d412
7929c903
1953107c
9fab8f34
621b1340
ea3888c3
c0406c58
ce4aa9da
10aa8a69
0e9f1eab
9225ba05
a5004b5d
666c635f
ceb54a2f
bcbeb5bc
f92c0b07
96f39aac
fd19a243
c516345e
884e16ab
7a8f0962
c084e9dd
ba9c81a9
dbd1c6c8
78e52aed
ce767ab2
498efea4
786fc534
13e9d6bb
724f13ce
f1a97e65
6605de64
41257aab
ca07560a
7c509362
5f53bf04
34abdf45
f2cc2c86
c28d9dda
e86b2818
d28b78ae
9e55e536
bf9e306f
1bd7b93a
5dfd4c6a
8c56bd5d
ad1665c4
6fcf634b
269cd8f6
71e6d760
dc235c3c
a62986d5
f29dd68e
88a6a07b
739a58ef
8defd1aa
f242c52d
535fc0ec
91ebba40
b5294cc5
7c5a9b12
16c5140d
895aa240
23c6eb1b
78610a74
4fa2383b
dd6eedd4
e8ed06fb
6921c1be
0e2e6af6
72e258cf
d3f3ff5b
7e477882
ed8e3e57
073532dd
70ebc232
22dd061d
0a492dd1
a15fb849
1622d133
214b0631
a0f23799
c180a173
6269b711
6a34df51
8af27e56
003644c9
ed9d43ff
bb86109d
2610efee
75e7d52f
a10ea632
9a174eed
fd703952
9970f185
584c1750
a81136bd
906ceaa4
6b9aa91f
de8babb3
7ca8d33d
61ae373a
93e8ff3e
3447ceb2
4535afa1
5cfb9525
49200cf6
5e91a148
8c684a22
94bc0a91
c48a9124
63f43f72
06800d0f
e93391c6
219c6641
3e4a9683
0465d635
152a6d76
2f68e2ce
fdf2ba0f
e9300fc4
ff3152e0
c69f6d3e
2dbd7c26
5ae75cb9
7ef9ea7b
10f9bbd3
b1a7dc9c
42082089
24b69061
57cc9f13
e77f1471
1acb284c
77331e87
445bb4e3
34011c0c
5599b5ae
ef9b223d
a06f4b41
159f5d6d
0e797dd8
d703b50d
0baf2112
4275e40d
a64c2e93
126d506b
4d0e6369
2cc82e94
ced636ae
585a9c14
b1ccff06
b2258a7c
f2763c03
520c7325
11c9f572
2db6dc68
98c6b7e5
dcdd23ea
3eda2e8e
14c86265
fa6bf7e0
5b849fa9
a92c2296
4a735ebc
518f7bcb
fe1611dc
05c55d8a
32c18b1e
ee6ae86e
bcd535ff
ee659698
ccf8ae55
7984d7a5
e8450484
61694795
2ed4d701
8c055bce
57863e53
ea782373
34e646f8
67ffd713
90818d35
4243c6a9
7018187f
a83f20d2
85d99cbc
c461764c
002cf634
e86f93f5
734f3c44
2bd6795e
fd1147a5
1820acac
34e1fa68
00f0cbc8
6e97f5d9
a9f7e993
cd234227
feca3bfe
e5c91f04
83fe22cb
22bf74b5
a12c52c2
110e4668
e0417482
df270fd1
0055ecc9
3bb14a83
20e7b441
1f794fbf
30bc491b
596a9a81
2481cfc5
020875b4
1b895b2c
b38bbc2f
81c14168
27e76183
0a0491a0
db905187
a1393146
a89b182c
2763bbc6
6123a074
f6b643ac
7fba60d3
16346061
efccf95b
0ec565d2
f8060f1e
8240a589
9480304e
a80db792
f736ff62
ce0c8c93
826083cc
e6ab48f5
639c1245
41d80339
837f8036
1f8735e0
587e060c
37b1db67
7d9c454c
ffd7cb32
e82b63cf
343bddb5
16f6b303
e303ccf5
5edbf737
ab50f4e3
39f10e84
6ad67883
f812ce11
cf4f9a27
ab44dcd8
0000007d
00000003
0000002a
0000000e
000000b0
00000006
00000c60
00000000
00000000
00000000
00000000
00000000
a5c448e3
737844fc
a7f23833
88a97700
315b24ea
cee4313a
9d8200a0
67d0ab10
88d7ba60
49477be7
90f160fa
1e803bae
3c4635c8
cc790035
71301342
c8724275
9ab742ec
24d91532
e383b005
30163975
1ba76d8c
eeaaf6eb
0c6a496b
0530c237
2b6c2053
921d45c0
2769529b
8db5a962
d3616a77
86057488
3353a0d8
f90a6e46
14b0853b
8a005986
cb10339a
07501d88
a06dc7b8
e927d002
0464f099
f206a10b
f1029999
266a4bae
796e8920
2966ba31
3494b505
da89266d
f34063b4
6327ca65
f147e666
bb684848
b4350b68
787358e7
ab1781f8
cec3d3a4
41a331c7
4473aa29
33b30938
b9115a1f
1c930912
ceb88491
cd2af719
5bca96d2
9a224587
845a70cf
13252ae4
c1d82510
67226ae3
4be34730
40189d11
18111638
897e53f9
7149e96d
64022890
235c92a6
ade4fba9
b7c17725
93bf0c02
9b455055
6da2e65e
cbc3b062
bb33bb40
8e165701
13ae02d9
6890fb75
7a34274c
27370285
a1b72076
cd64c313
4ab72fac
78227cbd
fe2460e2
987309a4
c2e0ab9b
2e771472
73c9c81c
11f3176c
3d1a99dd
602d1e5b
74688928
a742d4c2
e401be9a
a1f5c796
5a873c6a
3c1b35e2
b8a4cc00
104fcba9
c20aa1c2
1fc4695e
1087aab0
f327cedb
ce2b7eb5
2e702634
db928875
67c23924
835051e7
f4335017
08b774ce
9d734157
c5650a8b
0522a62e
410bbb45
f01a1db0
32992812
690d9bc6
a35b0b41
7245a25c
96700af8
48717b30
b8d9b636
3a2cdbaa
bc92bab2
6177a66c
cc6e42d0
43745581
4f68225a
9555066d
1726b350
44368872
932e7483
b75a3ff6
4b9c141b
94ad73a7
fc6c72b1
8ada757b
8020a6f4
725f62e3
4f82829c
9eabe61f
903b8fb7
6e10062c
ec438acc
ccb8c423
0b320bbb
3498e053
b40c7575
272a0611
bd3ca8f9
e3c61f91
b2e37503
8074c5e7
5530002c
45638bb5
a06e090b
04809115
04b541c6
8da4c2b3
440a80e1
2b1a3360
918613a3
ecf18d26
3bacbf9e
2936e81c
d79bb3a4
39bbfd07
674ca34f
f8489a87
6f643e31
b4bc6bc7
8b8bcea8
1866ebab
d95f9a99
e1214d96
9c865362
87cbf497
90838b02
6bc43410
788ac5c5
d6b56b79
9da83d22
dd96c6d3
70d499d6
ad323d70
3db64c4b
1ab585b3
961a5193
05c70454
2a5a663c
769c3467
588330dc
35606738
5db21482
50188cfb
9c579d7b
36fad7a5
66c204f1
b5e50fc2
18977e8f
5eb8a51c
376e2d99
21b9c71f
4128fa08
f0321dab
24483d7e
df80c087
f251c4ba
25c6d446
8264a157
8b1b469a
74f36b2b
9dab4228
714b9b43
36f4653a
7364861c
5b17b744
38d26a12
0b8f45a3
f319baf2
7b281a7b
8b9e76f3
1081c7d2
8b0c782f
fececa6a
8a45b298
c253a99c
711b162f
05520615
c5b9367b
227fe237
35a083f5
6fa18a45
ea753406
12688398
57e7ff1f
ce3fe271
10190c36
1c9a3f44
480847c2
22798eb1
9581f669
5b1699d4
257f37d0
45b45f5d
0faee69d
73271699
1718e9af
7621c17a
acb7606a
630535a8
40307997
96b83025
17b84990
c993c69c
b3f37d85
7336e390
4f44b0dc
c5e5c4b7
c4246034
1e370195
a9339fbb
bd90c835
838b6105
c90dc4d4
133c526c
5750e5e4
75186fe8
576c191d
aba99444
956b2f48
0d220861
df9ed839
20653e85
756a005c
bc588081
469c76d7
0f454136
99a81866
839ba967
a0531b82
8885e19a
5476b568
8827afa0
a7534a8a
d01113b4
19f0eaa4
993f5673
38185294
9e789b2a
a9252586
77759066
1277a569
73a56b87
f99877b2
8428b1a2
5fa874a9
ea153f92
67332e55
af7dc742
29fc87ab
2a9bfdca
d559ba2a
9adb7353
3bac13c9
652c80f4
390b6381
6ec0e3cd
c5a3f1c6
82d90f96
03c1e45f
7b7668ae
71b3a421
5fbbd0b0
29b9f106
3a7f7a32
14088e61
b91853a6
1b923345
12948356
419a2adc
5721adfb
a8115b7e
75321345
822e5905
8730c8c4
5d9f00a2
8bd01926
cbf83b43
f421c9b0
db97be9b
94605b52
dfbe702a
71a14ffa
ca99b11a
bd508482
93e4457a
2458515e
0037151a
375f4bd5
0490f856
fea33676
7af7bd37
4303beba
bb4ca641
811091c0
95f79f2d
f3a600ad
406a85f8
32a9853a
f443c21e
880990a4
8841220e
d487792e
da47af05
ade9437e
22796ae0
e73a5f2a
88d5fc29
85a96359
b7ef4181
10764153
ba1fb02e
f1e16043
aa7ad86b
eb1e2166
1a2ca675
31a25e6b
f1a25cd4
7948b233
b8e20a63
cd659248
cbca2480
86372914
276f2b36
814da41b
4fa99187
d6060040
a5f29738
12ba5f77
9a476a2e
59250c5b
520589b7
105a5310
3a0697fc
9a791e7d
dfb8bbac
c44a7791
a764b14f
1800a5e4
54250ce9
81462995
e65f690d
29317fa9
860ae647
83162a06
42905de4
a7720bb5
7f63a619
78dc80fb
7f32812e
a4326479
196dc778
19fb97c0
e67cb1fe
708baabb
34493f2e
39aa318a
c5b2bd73
39182293
206b2cd4
428956fc
6aa46855
9c36b268
f3322e35
51bac3b2
00997858
56eb8ccb
a4fc46ab
88bf3c94
f3115afa
9801b81c
e361eca7
ace4672b
c3ab77ad
da8828dc
7b558b95
7117423e
a3c70a01
491973a6
52c21c5a
dd98f3b2
2a8999c9
9b053a85
851ceb4b
bb626697
9073e740
289c60de
71812f62
1f04b66c
7f3a47f0
23127cf2
82362114
e3962300
ac09abcc
8710f81d
d62e5a82
0ab31839
54b94391
afafd549
44553905
29c59b12
d587a72f
e5ba5353
9a211618
6d60a3d1
0c3321f3
5edbaa23
982f8903
079d11f3
135b5e48
065a126c
d58c5274
03e6c911
355b1865
4a2d88aa
36987493
2b40a420
4603929a
4cc73573
8a0b41a7
f1595c23
671bea4f
41221c12
dc2780db
72bb1fb1
b18e335e
fc1199fc
8ab69f39
e3cd1ce3
1abc6e68
a09c222a
00c2b7cf
e0547a6d
bf40161a
fc91768a
8557c40c
7036629d
298c59b7
5b5f0c12
6f517487
dc2bd520
4938cdf0
188ba067
25a29629
29262c39
75420515
54ac1325
527b49b8
1d140315
2841a42a
9b51411b
20e87fca
69ccc18e
f1eb1ee3
c33aa779
69705592
35272c85
cc30fe05
217e928d
18c4c0a1
5c7b995a
4fbd4b53
9202a3f7
c23ab11d
62260554
a4f59695
c8fb9513
a91683b9
f5793636
acd9b423
d96e594d
48740ad7
9ae0de5e
d3ccd594
ccbf8021
a9eafc45
d8b9057c
347384e5
0a551d63
00168582
a90d10f1
5d2641cc
f48bb54f
39df133a
0c766fb0
d4a3b06e
25d4cfa0
adf78d44
601044a2
95a360a7
3f487970
620467d9
63f318fb
7b0221be
5f5e74fc
3ab5a074
c592bab1
7052619a
419104c7
85fb3cce
8b57454f
d2ff145b
3082fa91
3e2ed67f
47d18d00
1bd4a681
6b1a857e
f354cb63
4a1b683e
6018ca73
0242b392
03435664
c884e40d
19eaa8b4
5235992a
7e004348
98837798
56d3a38c
ad60d25b
f80a0735
022ba00b
38a13144
401d3097
3403d076
618c9778
0c2c0d82
9832f5af
6abbc615
31a45038
07d45548
3776c454
baaa3db6
8023b9ad
a8b2041f
35282168
6b03f5c4
45bac932
02d03540
31396878
003657d9
4a55b6aa
b4e79360
c81dca51
17fcafdb
23a28a31
86bde1eb
d2d5249a
27f58e71
f8b89419
bc077f7b
6195ae76
7873e434
f82762b5
cca82b5e
4c592673
98248e29
a3542a27
1c035745
a16b00e0
31cc8f2e
e38f44db
d01cb490
92846623
aa1f6461
d7969228
2c057e68
53306982
3ae51c4a
5b65ce15
d0999682
438f164c
67616e35
523502d9
a498494c
00b89178
213d5ce3
9712a46c
74810a84
7e8b67e2
d0678967
3d22b65c
0f3e50bd
9419a3d4
56b28f8f
8247f486
c5556e40
9c923d38
ac95a4f8
a0c04c83
bb815f36
773281aa
07d23577
450075c9
b0cdb2d3
a9371156
50a3a419
84bd5093
b60b1c9a
62658c03
24b0797e
77401475
b731a648
6dc36c3a
6b711ec3
b151306f
d9a7e839
c00b80e1
24d20c1e
b07ee8be
b8c2a1b0
64b17391
febb8ccb
b80ebf31
486a0f06
624fc7cd
6b8e01b2
10db9348
724390cb
88ef997a
5259f889
0b174a9b
b69801a6
b0f3b419
c81210e9
f0eb858c
0544c8a2
421b076a
ebe82ad8
6353a656
9776978d
c114a8bb
6048e3a7
4faecca8
31de6493
9a6cac10
2a4dfb32
7a10b592
a3375349
a917109d
110880f9
0df6663d
458a4ad2
6710b7b3
1025f504
f2af4662
9bf686ab
35522b55
4095c5ad
b4a5a516
149309af
5621c312
aabdc4e5
b124e0c8
7e3f6936
db87875a
7036bc04
ed7a1873
b7401396
b8d7c82f
8447e625
fad99b41
25366b11
5ea41bea
4bd009ba
a29a6e52
0c187191
e96d22fa
47d8d327
a67f483d
80d20cab
2029561c
f523e046
aa9d05dc
8343c82d
eace924f
53dc12f2
5d4070b5
f8248577
7bbc8179
351bf720
baaf174f
89c70178
ae1afbb2
4c100ca3
78060d96
cf721466
9910db49
28733ef3
91f5fb97
a239761e
a5fec618
a66c7bbb
e7698a7d
61c89898
0300bc37
25869769
c0829e40
8f23494d
cf7d4aed
7281ad66
30702231
ca43eb54
48039cb0
aed02c18
9f24e0d5
2be15897
92a1214f
1a26425e
17814bc6
0886a637
e79c2ee4
0f798a07
9d9326ea
633715c2
65e17f1e
74d1149e
98ae8281
412db250
0823b2b6
0b61a546
5995f7e0
e8baf8d2
c017dd6e
acc7bd72
b836346b
d05ed919
755bad1d
95f484da
eaa8120d
61223a14
7c66bc08
d8a1405f
6e0ee225
77f12879
0000007e
00000003
0000002a
0000000e
000000b1
00000006
00000c60
00000000
00000000
00000000
00000000
00000000
7a94d4e8
a9d66247
ae694ab1
4292d765
49b17774
2e071ea1
1b0a3856
04d5b504
37b06070
925d92de
93ab2580
c0e73ebc
7d79510c
42d89d44
72535429
0350d888
88d091c9
c6671882
ab2e02a4
7c0a5352
0be50241
639f1292
52543d1c
395b1477
ee3dd90b
664034ca
33114d4e
ccaea938
f10771a6
0cf7480e
94218b81
f11457c8
9b61a739
5a4510f5
40a2a088
73d27558
b2a19188
33b71d53
89627737
1c1a9053
5b58621a
70265537
dd715bf5
6bb38c9c
55e11071
1b35d9de
c22771a9
c6e75d8f
7c94ba68
e1a44c4b
0ba2fb31
5322a49d
d3acbe9a
c1109a05
99aa40b8
d04fc303
037351c6
12bb1747
6adc1a3b
9b8bb6c3
f02cdaae
caf646e7
0aa3cb8b
1bba7649
79279957
7c1064ad
a774d837
b0851bc7
82ea7c1e
e4566a55
a10187e7
4ad58bc0
098fa179
68c39a9b
ccb8cc88
1dc9a412
f4722ae7
2687b693
e882b515
592a3450
24024506
106f1b34
e1079594
227bce5e
ee6e9a8c
4945c025
4fab8316
2eb70bcd
3944a3c9
c4010473
f30c26e5
c2007931
a3623047
98cb816f
255e9be3
3b26daa0
2c6637a8
13bf0b32
a7f22048
0a5134b7
c0c613fc
86d074c3
0a872ab7
b1a1256a
1df19b15
8f2559e1
2b8007d2
10f2f230
2963f25a
9cbec5ba
43018d45
1899f57a
86285ac4
5da509c1
5367a32b
9a210830
0a6cc592
da0ac4f3
d9a319da
6db81c22
c5900a34
fc8c9155
28570606
2ac09668
ca2273d7
2e02ffce
0305c0fa
244c65db
43f95c25
7f24a94c
05dbc2b9
94fb85ba
552ec73c
7221a7f0
774c1362
8a95d2c4
a8904fec
4bb9bc5b
c60bf793
90707d3a
47412b81
746ec08e
b732c750
73f37c14
de352281
a229bc48
3fd8e28d
015c5ada
ec5e7bf5
0d83f0aa
a58308b6
6475a309
3da67747
97cff925
a5caadc8
76932e4d
8334024c
700a8531
85c3352a
3d5e46d6
947719da
2c10af25
13527cb4
39d02bf5
40fc053b
c47b090d
f3254048
747cdb70
3079a58a
64bdb9b4
ca63ec28
b46b1c3a
d6451eb8
aefca93f
18a811ab
a72a1982
c9e847a9
a14b8aa9
c00a2d61
23ac0588
f68c7990
4b64a0e8
ccb3dd1e
361507a5
c2765937
0b4222ae
458c16cf
4a18a70b
6f08c1c8
7e6d6498
364c4542
191a8a88
8ab46534
0c820717
93da17aa
aebe0482
e820a6a0
37512231
370fcb50
644c094a
616c9240
db48a883
a7e78484
c862e22c
bd637839
623938a5
ba2ae7a4
580af030
1a37936a
1ad023ac
a4781b9a
f6705bb7
c54a432e
1a49a7aa
8bc5c7f7
2658e20f
898394a1
34bf8792
bf47cc94
e44573f7
b0248100
0a5a9633
8565b55a
ea1325bb
08fbf178
6fc20a15
70047928
ab9021cb
c562a6c9
b687ad58
88f54b05
c6b85761
fc304a64
36478011
d6205287
347b3150
0c5b2b6f
8f4e59d9
e70d944b
70a3f156
310dd4c2
49818f20
3463a3cf
2b8788cb
e88203a3
135a755c
646fe470
46483d79
1a13bc51
28706b7f
478f5989
b9f2eb06
00436333
f10644dd
7fb717af
0437c3cc
2cc892fa
2b830035
8a83b65d
570b1bb3
202747a0
f0b46041
f9246273
ac23f6c4
57c383e8
f8dc2413
cfd1509c
c69b0ab3
694c6bb5
8e97801b
665032e3
a5201180
a932f4b0
1d3ba2e3
f724cb57
b270787a
c67e5a5c
a23b4a46
c7f9c77c
c68bcb95
9b78848a
21d3a96f
dc12ec19
968aaa32
33f06c29
504a7536
94ce325a
7a48b047
fa885b3e
65544334
9cd98d7c
54125176
5b3737a8
b5665d6b
8a8c1c37
08c28cc3
26bc58ca
ee99f9a2
17cf80ab
015489c1
89b422c8
f9f00763
4af64443
a7c9552a
f2fe27e5
5065ba42
993806f7
291a6c64
3bebf183
d27b8b8c
c6b9c7c3
53365785
b27a166a
06022205
6ab51db1
6ea0a817
44860e93
c4cbe9bc
6e03a0be
846a8940
9ee661bb
5d68b3ca
22456848
1c5ae668
e162caf7
d19f7bf6
4735ec93
c23b23f2
2cb75574
6278ba3f
6c5fe5c2
18186144
03fcd0bf
90258997
5713a384
4b16fea5
4c531294
e01c54b5
3f3c4a76
6e61dc7a
f7d01a2c
332b0042
585a4b56
15688034
70c06f3f
c8c18354
e89b63c1
103c40a7
e686231f
c1bf2061
c1eb313e
8919dbaa
04ea5dd8
0f313082
4d3ada79
0c7ab087
7ac10b9b
3ace830e
63dbbc6b
7e3a4f0c
eca050f4
e6963927
07277bcd
3d2fbcbd
46fc7e51
45baa065
c420d30d
d1480a4b
877bff57
4fabd0b7
422b79a6
72839011
dbcf69e7
56492ed3
0de0b213
d141ec02
076e03d2
83a25f5c
f0cd2336
d777a2f7
aa0cc65d
7a27fc05
c8dc39b3
c34b2f47
ea6eb3e0
858e6d2b
a3b0378b
3c1082f8
05675e37
5722b590
503960c4
58b45505
8d2a3429
e6caa2ed
070974f1
aafad265
8ecc9701
9813521a
24318faa
9d24f70b
e2f31916
0703ae92
1d99b3c6
f97d0a72
74ec4091
93786554
e1482438
10a906cb
979c90b0
02321ed7
2d57f338
f55f63d9
c755278b
2f7ae573
cc0f46ac
da13a2d7
9b23f942
612afa22
72458083
7001ad90
4c1a3592
9bbd555a
83e0a449
54211725
477c2585
a4045430
64624923
db3d7961
c21a300c
b7bcc40a
7c6abfb1
cdc31593
634a56bf
7c1a1473
cae56e8a
5e40f70b
4582b86c
c0dc6441
71c3073c
99cd42cc
a4d96b39
f72d1a28
f5d15441
a17a7e67
5a11d232
f0d0c104
84f4855a
12bad1cd
ead720ec
b5fa6e13
ec04bad3
24bf5f99
0f6585b0
6e718a09
ba19ad31
0729b492
36cf97e0
f4028b15
78384024
f5a8dad7
f9531011
90f52234
e09830a7
b6147d3c
388cecc5
610f4559
080b7964
19097ca6
2d8c37ab
d64fbbe0
0fd1104e
123c1234
ac21b857
426cae8e
fe5f8c46
29815be8
5c844f6f
83c0d231
8b4c8cd5
5b39a6cf
7ead779c
63b024b7
1bfc75a7
76846338
d769c9e7
6218ad79
1eb7d310
06269998
08681800
ab66d0fe
b62e0eb5
291aca6d
f6669649
2be67879
b73b0c0d
e95a28b0
784e8c85
49487872
9320aa0d
b9fe3892
a920a033
abad44c6
005c3364
6373479c
8d6489ef
634b6265
84892700
a09a8a00
a12e5509
9fe0e3c9
d9069cb1
a2d19343
6f7574c4
daa758ee
035b925c
1d84fa8f
975701b4
885166a4
1141a68b
a2b96afe
ea53b430
ad2c8110
b2aa58a0
ca0b8ae5
104c4b48
cb83f783
57490fdb
c203a407
a22ed3b2
b60fbbea
8d763055
6d69f09d
e63677ec
89243ca6
71ad0931
a38f9bac
257b93bf
2f0cd52a
351073e0
acd01b7a
41039183
c5b50c86
ae6273a8
8ec7c618
f9a369fc
35a4219e
6b6ec467
1c062cb8
380c9bcd
1cb88512
3d00c77b
8e4c1427
074f37b1
36e7818b
4c8738c3
c4ad45f2
8209a314
acfaf3c7
763d0724
f8855b39
2115e6ba
77925877
84f40304
c1797178
4a096c14
6bec7e1c
a5d96018
1228a668
bc74b6b5
3a808b0e
d53de00e
1bfd77bb
6f021e27
0c2be4f5
a411a667
6e0be907
67c6f73d
dc599818
bae3b742
b746e343
d2c67df0
ca764e44
217b014f
1b869859
7fd21368
bfc29577
5b5e05f3
78552e26
5a9b2384
a5cf920c
a2e449c8
3c1e93f5
191b245c
0103424e
41504917
fc8e0c6b
2e5b2d86
fb482578
8381a059
0b7cf62f
aa0fd44a
2c3bb14a
23f26d5b
566d6510
56554076
7a7bef68
693eaca0
55a190a9
ac95c065
1681d335
98a25c30
188aeb20
af6e1981
71523720
310343c0
6a2a39c5
bc392394
83bc3d4b
0cc7f1bb
160a69e8
53d05ba4
06769a05
b33b9ce3
5cb4dc08
ec78174c
a9f09e59
9d33bcbf
bcbb44c1
08137554
ab1a5e90
dcbb1712
09e23c76
43305c32
63bb243b
2a73c050
68d48c87
570580fb
02d16aa7
088c7d36
3fbdaac5
75dcca92
719194ce
8db58984
8c8c5c5b
65546fb0
aaa688f5
77a45798
bd7a206a
13ba63e7
f6c00904
88f2d60b
f9ac14b6
1b2e1933
47c8357c
57a373ff
22b89997
3f208238
105f9589
7c1926a3
bf79aa1c
6dc939bd
0462a83c
35b57233
520b930d
5bfc6370
4e492b49
69a7934b
cac88f50
5f0c5c77
36aea2df
33b400cb
2dc7004a
ee614208
237d7d0a
3d8ac4ac
dc8823bf
aab69311
6290ea1e
d8410237
d9b55ea2
020a0075
6f148beb
dc33ccb8
b376b60c
7b5b3c77
f249ce33
2ec3354b
9a103469
1c400338
cffc577b
590acca2
17c5568a
2e86a44d
34b52413
d69b1eb3
3de5c6c5
99bf45f7
898a23a3
b4c7ef16
1b1451a8
723ca744
13bcbca4
9dc20719
301367ea
8c24b128
fb3d7718
f7293b29
142a8e8c
beb4a9a4
806057f4
98b1e9ce
1b35997e
54077c8b
9f1526b7
a4cf7736
83763951
59926b78
5056e471
b95d3628
aec12f71
e555d74c
480024b7
afd6243a
3375b7ba
e86fbd91
a9587462
63857590
73035a75
a157c54b
0164386c
b39d5bc2
7004dab9
934bc048
fac969e5
92ac8b44
8684b753
b08a515a
80ca434c
11b8b0cc
a400cb70
35cc709f
704e6a25
3044b67a
a6acaa32
f70aeccc
8be89e4c
33bb8963
e0121241
206766c2
4300db8a
2c8efa87
d262c321
8374e66f
ca630119
37584d0a
5919adb4
a28aca96
d7c58cf2
5d1951cd
9e18038b
b36d07fb
5b328db7
7f5265b2
e0d1a783
21b04a49
7181e34c
29ef624b
307c0e4b
c4ce0ee0
063faa7b
ea4621bd
c1c72732
7ea874a7
b70b4681
7add5e45
f99b7a66
1a74c0b6
6e5a4d52
bbdb2b33
e40eb542
435a536d
2b7528bd
9ca050d5
173bde15
d0a7e179
0771a062
7dbe1130
402d2d07
3601fd50
e985da72
d66afc26
c984f57e
0000007f
00000003
0000002a
0000000e
000000b2
00000006
00000c60
00000000
00000000
00000000
00000000
00000000
e260bbd3
da8f8a9c
03c3b7b1
e2391a4e
a0c43d10
7b5a297a
b4457cde
c42ecc86
743ccc91
05b961ac
673c4638
c8c46014
dd47138e
1c5f5ef5
41a21917
b1ba99da
92aac0e4
1011c86b
d9c84467
dc9a9610
08785957
b9c7f7ec
a92672bb
7babfb0d
81bf0c97
07d5259b
8b2c9215
ff85370b
02168ef3
c7b58383
0e9b816c
80ea9367
0072a60b
3dafe42b
95ca3b19
5f79ab63
2272f8c6
21484e96
10d7fe9d
d79f7721
26221673
c27cfa61
2c5165a3
dce84939
5298a119
a85c8cfd
9b0c9050
7e17459f
25b69546
9695b1d5
86da3ea3
e4030171
f80da6ab
b77759a9
3c2adaea
b993c707
03481350
5d1c58ec
b74f05a1
30b4da8a
25b44afa
b25477d1
33c9118c
be037045
9a272508
4a88cc3e
2a03ccd0
639a49f9
b7c8141a
ae0512a0
ea35bda3
cabcee25
b0394652
1bb47c39
7b5b332d
4226d48a
28d7415a
225cb700
4d361c1a
4368842c
0de08ca7
7ca08528
14a6b954
19087637
d119bc8b
28ce2f38
ca02d8c5
9252b32c
c46d4e69
a0a1c895
e47415cd
26ea7874
a7350f5d
a293605b
535bb826
0f524365
d461142f
e3dc05bc
167a6693
e18ed301
d0017d83
0661a658
f31e777d
a26c7555
13ec9d77
acc9436b
c49438c2
37a3eb16
2f950a8b
64556373
9f8ca44d
bc53d8cf
00c0ad91
c48a9e1b
ab5942ef
412c53b3
7bf5d486
27497869
e6b6b9f7
213ce82c
8cc025bd
105a0561
8010f794
1895e153
38b2194a
97ba085a
b50df7f4
55b15288
b1c56ab1
69611bf1
b8505194
3f1ab70c
200569c8
76de861c
9e52a1b2
b96e63ac
5aa42aba
8c190730
5c5ab5c6
64f9a2b4
1c4748cd
eab64230
65b4b395
44a954a9
40643c9b
75c6c271
4f532981
e01e1b42
c331c9d0
6f68ec34
7f66d735
a35f9bd3
5321b1a6
8e9d2463
78ee03e8
cf7cea90
23af7247
97172a7c
0fecd199
11bf5486
1cbb6876
85faaf26
393c4160
1439652c
27a5b763
108a0cd0
4bf97b42
9f65046f
26137436
f51c6317
b0651449
8b17ebff
46fdb722
99f4de32
00a9581a
87185b23
64050ac6
820bfc59
7ba15a29
b6525115
b44a4633
1ac90e10
a7eb1a41
066efc19
e0939869
143564b0
887a359b
1b1e39ba
5282313c
b14a76e3
76dcbc98
6c4c9554
a557589e
6c17b7fc
3ee175ce
d7a38a5d
ab8721d2
5758adcd
b985e44e
08932248
c591860d
f45c313a
f5efbe19
2a8cc956
cb7f69ed
a45e1752
ab658869
2338194d
9989bea4
b175354e
393cb15f
cbb569d9
15988667
a5160630
6701cdd6
4120e623
e9c36b5c
3433cdcb
590b12a3
3746fac2
325895c2
6970fd2e
1a9424e3
d5a99018
41055e18
195e5c19
8a2c69c3
a35975cd
042cd81e
b2730e5c
1e919ec9
9d56b4d2
00e76163
36a28a41
c0975342
e29c7e38
9a6b27ca
7406921a
80902244
a7ea2321
e883f114
f5415351
526c7985
25615365
19f38439
87a3617f
3c22613e
91f31673
1b976c62
df35f523
1721d00a
aa605e6d
d5645b87
6a9fc381
3efc7817
acce85f0
a99b41c5
a579df81
5e532899
6cd03ce3
139ba809
5b93924b
192d42b0
83a610ae
ff58327c
c801a7f9
9f16b013
da2589b3
94c16bda
772b7b6a
9c9e1901
70ca4c38
72490a73
6f2636bb
54d1058b
c2ecefc9
b849c041
6a5b2b13
33a3fc9f
52864b7b
10f9c3da
c683b664
8b7204ee
d7c769cb
710430ce
704a466c
7704575b
c6eb2d3f
629a325c
60e37184
715457b7
9faabb01
98fbab3a
9744f19b
7361f06d
e4c13ad8
1905ac00
d953f577
f7a1788c
95f12254
d83884db
282d6073
05145166
ff997bc4
71aa74ec
82bb636c
a0b108dd
598a33b0
7f6beb24
0049cbcd
2c7e7f3c
c4b5ef88
f32e7a28
3ccab6e1
bb35ebb2
ce46518e
20067e98
44c12354
a28b5c0b
b026aed3
3b084cb5
2bcae6d4
bb18c79c
75a8ea46
9d0fe9d7
606dadf2
9a866558
411bc843
f71ba902
98988c0a
332942ee
d34e0155
c34bb53a
353ff148
248c96e1
7628fc8f
f58ec58f
5a015714
9dc25696
489fe113
0432cfb1
b9779281
a86a23ff
484454a2
1e424da9
0e6c21f8
98a6ba01
c075f845
fc2d11f3
541ec61b
3d87a64c
5c4ba27b
e4f51033
17cb6e2e
2514d8b0
23013037
45e9c11c
1bb92293
a6616ef9
2b953d24
ac230542
d4c16926
3be192cd
ba201bca
b8f847ba
5dfa3cbb
0d719a5a
205961a6
97185d20
0aca9621
17fd1df6
acc58525
671176cb
c30c6503
8a454579
0f3b411e
c6eb9796
9af08708
075e96e1
890017c6
703bab1a
9b84689c
49068180
b6f9c20a
8f65a462
153b0f3a
1daa4f6b
1da199d6
b2580d38
56077191
559010c4
9ae16ec3
75eac77c
a540183f
932d7dc6
95a32faa
21c355f2
51da83c5
43079e0a
19173627
4c84caba
85804639
0ea66b3f
4477ace7
5f988948
bc6ec111
59c71161
a976ec2b
1e9a56b8
83c9a986
6e83be15
a15e72ff
50b55632
0653156f
470c952e
b76a59ba
7a01a34c
02ab9981
4c54266c
618127b7
d0570146
07185c54
3882056c
9ba4dc55
5b00870c
a559944f
27c9f60a
f8642818
8608dc64
ee0baa1e
a10ab542
488b87c6
41050c32
235f932b
0b4a0432
e134e4ed
d83d9770
c0149c10
6b945b88
e34609ac
64367e29
9e241344
b7906d06
9b23617d
89749899
187fc7d4
95a292cd
186f245d
1a5528bb
17881450
067ecabe
618d5460
ac177686
b05d30f7
08ec467b
a2bbc164
84b486c5
a7d7a768
231235b9
bdb34adc
5938cde2
543907cc
b19bbcd8
fa85c0a0
51f6af66
9c217381
98c7c0da
9dd01cc3
3b23f5f0
3972cb22
8ed09a53
1c847ae8
1bac6f87
bb00b302
b429bcf2
78ec8462
a5c9e978
b86b1514
e2fc2400
c92488bb
7c97c9af
fb1d4051
9e90b75a
fc8ab706
54cb65d4
be3a3e0e
3348a0a2
fc2f506c
08fa187c
f3035149
2277ab64
3f2ca242
51cc6967
572c2672
d0031126
1eccf82b
d2b16324
19ac9775
8718c7b9
b68d7ed5
cf13d02b
8f05e78c
56ad2038
b8171732
6c7a0232
27fdafd5
3f91fb1c
d6296b51
75aa1a15
5db498cc
85811182
ecba9ca2
2a97190a
056a0600
c08ccfd6
3603efa3
3f217046
29c99cbc
1249be43
69cae0c7
f4a73730
b7c37ea0
0f54cc6a
05255d1b
6b219e00
8d7e7672
e53a8123
4a13bf79
20b77bf5
71d0b5e2
9c95919d
b56612b9
08b7b66a
92735d43
66ac1700
17cc1c58
ade8f82b
e363e48e
02ca7a77
ce51fe46
a434a292
8c46a479
0c874fb9
c1c568b6
535308a4
9dda4f13
bb95e477
467f2408
4bb10a82
b9a8663b
b9d49608
96715045
66cce694
e80c04b1
b35154ad
7986234f
52117411
8b9118c5
74658400
1bcd5e28
89563607
220d65b9
25ec36c8
a0b0945a
888647da
881512eb
b969e734
0eaa9a17
27c39dfc
41bb6908
ec32f4ed
85152feb
4222b5c1
7d2ff439
6c4030b3
4271919b
cc83e058
41382c33
15169093
6ca04af9
369b2624
c194ab71
f09f02f4
eade1a72
3667c285
662a7aa9
c7b3bc97
2cebf9b8
224b6242
c7794160
6ce6bc77
bf12cb64
78802f0b
5a757222
740f1181
ac3eceb8
27066174
a424b3d4
467a0d95
80aa6e12
470b5340
5c7898db
1711533e
87658b76
7954b308
0f8818c6
67548880
547224c3
a45bd6bf
f78dc84b
b19ea8ca
c4441b07
0d4ab302
ba62b354
b732ca0b
ba305ad6
ea151df2
4581f833
ee2ca97c
599d7021
29682509
b593284d
22664fbb
9e6a4621
c42dd039
06e368a3
6b42b941
167a0be6
fc84878c
9b9a3359
ae3661b1
51f4a9d7
7e708354
75870b69
148fb6f9
c409e87f
68a8d8b0
19bc4472
25cafd3a
ef259a8b
0c043d10
2d7b9a24
6785fb4a
31b856e1
5448597a
eb812c76
a433c2c0
3fb8ba0a
37566937
192552fa
4e548916
f796d17b
79775579
2942435d
0815a0bf
0b7aae40
2d3c2da7
9266c5a1
26596671
63a1a000
ea8462de
898212eb
333598a4
0a1b5184
76b94087
0044151d
ab1aa125
43b97348
5f37b98c
80af8a76
ea927e46
02e86319
7e47844d
88502790
6899eba8
cd7452fb
410052a9
bf03a5cf
73080110
b41c9db9
241a070b
327b2549
57414e62
2a875207
0662aa86
da8b3c95
91210731
8955bb35
24c4ca76
70125a5d
4eb61b82
508aaaf2
784b66cc
a413d201
b8040afb
5b141b7e
046c9aa8
0cf71ada
a4f3622a
9056c53a
117619e4
80e3c71c
89ae2c60
4570164c
799b7e28
1d512bca
dbe8cfe2
cd54e699
621e982d
52611f8b
be921daa
65ac4770
e30daed1
79a2d31d
9b0d916d
60049f62
a5d37470
23997ac8
28772be2
a2e0a05d
c486ec09
9c07b1e1
ac03e4cc
f99a92fe
cc665fc6
020a66a8
69c786d8
a2f09e73
63b36e24
e82235d7
1ae421ec
628b625d
558d086c
fc070369
51728937
c85bb319
99b857f1
05f3e989
6b291c95
fc91439a
4c21c407
2f2d9aec
a22320e0
aea09529
e0314b1b
5c056c59
4e168e74
b179f319
d608a9f5
76808237
24119477
c66b5b34
05b60e80
dd20c26d
f6a96d92
0bcb2666
833b5340
f57007ac
31f8c55d
56641c4e
08e267e7
c902174c
7846ec0a
13755203
350b1d3e
d3c38c63
fac86db3
b268ee18
c2c71a03
5485149a
f3b8ce54
c0b06455
06897c42
9dd217c5
1bfec675
054992e2
6c7b488f
e9b54ba2
c23cac3c
f886935d
7bd4f72e
e029f767
8e82a774
6526780c
2f9399fe
29108165
6986165d
9c8eb1af
01459504
786ad042
585d4faa
0fae2777
00000080
00000003
0000002a
0000000e
000000b3
00000006
00000c60
00000000
00000000
00000000
00000000
00000000
ea007b51
f1647910
b3687511
df99b4df
36408703
1722b638
0184d310
a3c27a84
65c99415
8174c663
24d929bb
656ba812
8c717902
46ac3fa5
5d804488
ab0f5536
556a72e2
be74bfa4
4e60fb4d
fb409022
3fb2345e
5b006740
dc9550b9
11a9b489
6b1eb712
c12a3cd1
67baf730
0846e74c
b571913c
5c00281e
3e05130c
b5dfb8d1
83074929
bc9ce6c1
e8227100
38b516bf
c7791170
5afe5002
1d052f18
cc2657ae
69a11e79
4fe8b462
af20b57d
05884042
37fb1b9b
b9b57511
a9f7bac9
99909ac9
f55ad687
7709b397
2ac19f0e
55b0dc9f
eba51325
bae34b95
471d9c77
94af62f6
26dbca1f
54651b34
a48c36f3
0ca9ae84
05ad26a1
24561a3c
3d73939b
378a98eb
615b32b1
2de50e75
ef869763
e3217118
6629c49f
878d44b1
fbc6788b
4ce35a5a
b798fa91
c76220e6
74f116bf
87b2460a
d16a8c13
b27541aa
d65f111f
78e37fe8
814a6d9b
2d5a69fe
e5f124b6
65c3eba7
463057e6
3bb10d1b
3f064337
d02c3b53
28a15b14
0c4667b7
d5439371
7c75c355
a027bc05
fa4caa01
646e132c
cbf90613
d28e037c
ac51cd0c
2ecc6636
067cda4f
9a9f5b34
300138b8
90262c1d
e93866c1
97548428
fb45bc87
b4583624
c9029688
83279889
88fda028
2214b247
347ea4a7
31e25c9b
3cf1d42a
4c7577d6
481069aa
7756e381
d9224578
19581466
3909ef04
084ac399
12344254
2b4965b2
f8ab2c24
7b768528
80d6df46
d09209fa
4136cf63
6ba7061b
1b8dd926
6bfc6cc3
79d072c4
64365437
625e1f34
bce6c346
4a8fc292
d4ee1997
46e22988
aeb770a3
fabba288
4ad467a9
67437142
17debb78
0459f631
d60b0604
452f3d00
7437fe42
1ea17a33
906474f5
037cd8ae
ca11b4dd
ba6354a6
28ac6289
4b6c10fc
cae79dd4
790c0dce
2224724c
9954c0f5
55158e44
7d2b9626
54c265a8
049b73bb
fd6ff9a1
cc80ab95
9e66b2cd
171ca6f9
e4003c53
9580445c
e312ccd2
79e21f54
7f1bde4d
0484f63e
415968a0
114caa33
0fc960ef
29649be2
2455e002
2c5c8553
163071e3
8466e36e
f2a429e5
e9bc61a9
1515346e
2b13297e
28f44654
71faaacb
b7cde122
847f3e12
441cb0a4
5a277940
198d3fb1
72d9ee22
e254f9d4
5cc23e06
c5b2cd02
b5c78aa3
35e9c853
68113153
8348d7d3
e9576a22
b094d5c1
ae302b31
cb3e5345
bbe87799
e5af2682
e3504048
647558ca
038352e7
ac93c181
51855751
2182b80f
1b1770c9
0512e5c1
54105b0b
44f153c8
add47f02
bb57d69e
a625bc45
3ea2b8a2
5d567970
96ab40dc
22c41479
38a4ec4d
048e6d32
4dd9803f
fe766990
7ad5c429
b814d340
054b21f9
d5cb2d40
4fc95c31
ad7b9868
992d3465
72f732ab
cfbee6a6
328f9fe9
54c6f094
51cc0529
bca066d2
173447a0
31af0017
278331e0
53f0ad2e
86b417e9
23e3c839
1a8112c1
547980f3
525c4d83
6902ef3f
e458081c
77ba6f23
4c16f4bd
725b05ac
78b41605
1793531e
4ebaf59e
8b309ec0
54d18aa8
8200b98e
74a476d5
800b2931
7570aa37
cb422ce1
0d719988
61ce3c08
c6fd3c6a
63c3f47c
9473f524
16c8b8c3
4b1b756e
b80e996e
2585b312
5433c4b6
1f845a94
a8de078c
8f1c3a1c
5b777802
acf486b9
4e25f469
b8b8a445
2775a998
532a6a60
8fbaf1bb
19ca0ff9
36b6391e
403af0bd
ec31752b
44612d24
fb070703
e9bbce39
86aa1a03
74ad610f
77b5624a
35b48855
4d6db982
f70d3308
77d075c3
a9499573
19a35e78
5f29c081
c383b9e4
c46dc785
c28592cd
ddae3495
e1992084
65b0c473
10cc3291
1a7f90d6
42dc9629
aa1e57b9
ebcc26a2
7fa74431
af0f89c0
43d07b18
aae0ea73
664fc42c
d5972e4b
68ac2a12
111d6c99
52d90ca1
ce630b9e
b8a01b70
88393607
760279ba
137a8814
c983a5a0
bd35df20
9ab964a0
58da74c0
767b4a4b
671434d0
8370c8fc
b385ab5d
9f7511b6
9c617892
b28a2e16
ea689606
664449b7
651b5926
e2cb8c95
993153fb
12794474
1f6343fe
457a63ec
3cdc32ca
036851a5
921b94aa
16684f93
0260a5b7
2bf03776
3bd65032
807b16a7
6857a622
30ea143d
dd661489
e5465786
85d599c9
4c4c558a
b99b10d2
1fc42594
d7656391
bcf9a990
5f481bb9
662f7300
f51b5b26
24b90106
4320cb58
63f36060
06b8db60
919ada3b
006d6838
b2224351
5257470f
a3447184
8a157f7a
8b08555d
9cc2bb84
9d7bd87f
72cc31ae
65aa4edb
67919095
bc538449
46d0274a
0ad8ce72
bb34559f
32ccbe63
5f77a40a
d7b51476
c52e2a98
65a4833a
874dd68c
dbda1fb6
9518b594
4f2738e5
6acfa100
95e7594a
cd98e1be
618252ea
3e0a3935
db642238
77a5a4bb
445bb8c5
774a15a7
15c01278
037a76b5
b9218b25
a1f12e11
c59c8682
9d430031
31418161
c47af75c
c4cf21c2
36268d20
72e38412
1d9ff11d
ac4aa7c1
bd565145
978b3be3
592635d0
18a8a24f
1b4047a2
a9f42fca
6724e69a
cccacc4c
b84e86da
aef83f38
fc992781
5188cc85
8959e81c
c35b913d
9cdb84f4
47bcd6cc
69504ce9
757143a3
a339cb07
95472a6f
6619271c
cb89fd58
e5982a0b
977bb103
8406ce5b
c53d307a
40f0378a
9b88e644
ec18a15c
7ca04bea
bc29ff71
b93e9bc7
2aa269d6
70fc2259
ea4537a0
bceecba8
5787dc18
002552ce
0a7817a9
42821bc5
8c838312
25bc1d1c
9c85f475
d3b21763
d0829ddb
ca319151
b4748927
81f1ba26
07ebe68d
6b0feb76
aafd65b3
5c9a200c
794c2b0f
a30e9cc4
a93a0c2d
f79810aa
a9131189
5d26d817
787a47c6
3abf8091
0f33fb9c
b4c4b82f
8bd871b4
1e1c7d1b
706f81ad
443739ba
3a05998e
f1bbf95e
09388be7
3e48307a
6805c62e
ba261707
4c00c883
fd37d42c
30e3b967
6680a1cc
c9c85aee
7bfa3c44
3307e224
2471a23f
4bc5c125
affb6780
6939306c
87ea9411
4ebb0ace
f5c9c5f6
87a2bcda
07e59f2e
9017ba9c
a3065a56
a7d55e24
f66c0cc4
c9078d33
caf1fe3f
4e9214f3
bbe8612b
40e73230
1640d3be
9af17145
6d7a582d
0103d857
e84305b6
bed93d68
085ad876
f846aaf9
93a86d09
766712a5
46a16a77
b7e5d83f
a01145e9
a0f18b52
a758a50e
4992aaa0
db4b512c
24b18578
9737e4e9
e2251161
1ac8ba00
16502261
baffa854
8f156c3b
e9222202
81e59088
12b6955a
1b2bdc44
806d4d45
cb4387cc
93ce334a
98cf81a3
2fd9c707
1acd34b2
05288e79
cfc45879
a863e860
d2d99a41
a0295d4f
fc65c0a9
07482855
b2db4da5
8348cb89
050467c0
1bf48c93
157373ea
57072a2b
c1f22213
68287a6f
0594ae04
1bd6313d
a98a1482
29a0c988
c8d8a0cd
f6a599ba
455d5fea
468ac931
99ccdb31
82ce3437
5f39ceb7
fc0023e6
c1d49c73
4558815d
7651b642
234d67e6
c692ac78
77792288
3c355157
2e77a095
3c6a4b51
995e6e36
b6f9550a
04bfaad4
f7df87f0
9a46a0be
a46e97a0
1aaa8480
97f532c1
d01c028f
65387cf2
b727af87
e7180367
685076f3
122a2144
2dc0a41e
318f95c7
be0ae0ae
c8c7f5fa
f36f2f00
ae49126c
78806aac
6cc71359
09e7f24e
a7c4e646
a1951a14
3911fc60
8267352f
730324d8
ac0c17b3
7270011d
b6c88146
c8bba924
72ba8a1c
abd52beb
8f691e6b
eaae2a7c
6892011a
3984d2cb
361f981e
d79aa1c3
95c15ebf
3d2adcc0
73e532d3
34b3dc46
b652a157
410f7d26
2672dba5
e2a31021
c31c7e18
73d685b1
77a96172
dcdeb511
2d239781
f99e51b1
c6a10d2b
aca55dc9
b56cd29b
00215d45
5461aa95
7a8ac042
f61d90d3
bdc82423
78a5bc6b
82f8bfdb
8d084731
9933daa6
c86b5e14
8912a233
6870c19e
09348d75
a9482e1d
f44478f3
c246bb79
0af9d614
a086e754
4870bcd6
56f9150d
77bdbc7a
5aac50a9
25978f98
fd57f66f
eba7a106
55d5f347
af9d1949
da326676
435a3b3c
5857f47d
e3694a15
2a58adba
78617cab
e7194434
74b40ab3
3b127215
7a10532b
0b33b60c
c22410a1
fc975c41
5cb7a53b
0eca53d2
84716bc5
c3bc5e70
e8cc0857
6abe3241
31b70872
bc2527fe
fc7c40ba
84a50e61
8b47d9d8
493000d3
6697e685
232d00c2
76ffb2d6
5221828e
075b2a1a
e13d4ab6
b367d65a
beb62790
01b6a01c
29e1c559
8c638039
b21cc750
19284465
6206fb69
01600f65
82c3fd29
70a76053
585c5575
8e2b67c5
b03dca4e
3048cfa7
4ec84abf
467f0bc8
949688c4
0763501b
3a3b0c7c
3c1632fb
6682e686
8f26c384
03fdc76c
9d8130ba
ae7d6cee
e9a12ac9
8264fd90
da698916
4808842b
b6263079
91bfcca4
9204ab85
7f08ab82
720de940
d95d23b0
014145c8
187a9000
65bb59db
3b5cec30
7f3431e7
80e34015
a456d041
494e5586
c77f4f77
c6b81c85
980a863f
c1d73170
6eea8d02
ce5efac7
9ae853db
48f65505
893834f3
86dd59e9
74144db5
2a1fe04c
2bdec97c
8bac1452
043d53c2
454eb404
75593a24
1930e25a
a6425f50
082c1b84
52206261
d2c646f0
b6dbe0b5
9cca5513
11f6bbc3
4c92c390
9752922f
1dc9ab4d
0e69cf06
e69c553c
a4c88eac
d269975e
27defe05
363e2db0
01693aad
d93c18de
e7976a17
b88c0874
f94f1256
aefe051e
a74d3538
483fbed3
f4a330f5
e3c51c9d
2118c158
5e50ed27
05b39618
360f58f3
06aba7fe
5a87e89f
00000081
00000003
0000002a
0000000e
000000b4
00000006
00000c60
00000000
00000000
00000000
00000000
00000000
a351545b
80ea1d7a
7186e746
010021bd
b4e093b7
9d62ce9f
a5833ba1
d8f75d23
5facaa37
e6128697
6872bde1
bff05cc0
c6a8a9c5
c3ba16e0
86f897ce
588ce3d5
72b3ab25
5556bd2f
d80852c9
f9e7b5f9
3ce9af80
b04ef4a9
f3cf712a
0e6b422b
e171b83d
a09da7c0
89daad2f
6c0b0a96
970c5db5
a7431879
ad08a1fb
a4ec11c6
acc12baf
14bbd05a
109c21f8
2b169b71
7524974f
841c79ea
007c5e33
160ea19e
c0279af6
0b74b114
e59654d2
42337cc7
3e123c7d
519a2303
e62710e5
710859b7
b112b771
140b4944
4ac73d80
ec051451
c0de1446
1ff55e2e
b9c0a6b4
24340b50
a939508e
377cdc73
63023331
b2c6073d
4316a6cb
ba6b16a6
4013e42c
481a6a26
f8ebc66a
01d7ab53
4a96253c
d9d160c2
5fcbd97a
21076a91
c1378192
82963e86
f0c36738
23e72651
70e8879e
b122dbba
1b6d8ce7
b8db7f8a
86462739
c42da1aa
52a04458
af0e0aff
a5122f83
44639911
b8956b68
d11910f9
0845fd49
b959bb2d
6430cf32
a5862870
060e6655
a10644a6
8911648c
1303e87a
68d68b82
571c2d91
4f0219e3
a7fd5479
a404a1cd
2f801442
f13d3cc0
5b3c3a4b
7216e1fb
e5496a05
89e50566
56bc12b2
39494d58
97ba0d3e
d83377fa
32f1b210
b09907ba
3d30f46d
40eb6ec3
8ef76278
bcaea997
17b62afc
3140ce52
94567684
3cd880cb
b324704f
f73e0b70
24d25bd7
8c3795be
fd5cf065
fcc923e0
47ba395c
8f20d17f
080f21e5
89a57228
d49a64f6
71a592c3
77c0bdbc
8f50804d
b7322809
845ab25b
31cb22e2
a7a94bf5
7b5ad469
8562921e
268f9ef1
148c8465
b5ab2053
d7b00722
47a0e964
f461f803
d342b466
9143c777
a9a0a085
3494a7dc
09fbea07
92a08bea
bbf072a6
84288fc4
7a186126
0a5f3bc7
56a5d31c
6b1bb985
c17c629b
cc257571
3160d8c8
c402bef6
082a694e
55552bf9
f6d86d62
70222020
13035182
4000b659
6cc16513
a3049617
8b0d9a89
41d4f065
ac2f30c0
65887220
08e9072d
19b764b5
c00dbbf1
0b26b0ce
d23085fc
724a7d35
3f22de55
062e201e
a79db5b1
64ac205e
0834f047
ba1cb31a
a1fc7b60
e879aced
b4012cf6
38d01228
3c13d53e
abf580cb
791c1083
4db373b2
371e3e2c
69c6f974
96c105c0
e3cb19bb
2780cfc7
1d3ec589
29839196
84245fac
2c62eaf5
fca22c30
0a0bdc6b
6a6cb548
68b9b671
0f9cfd3c
8105c752
19ff9cb4
9ec6f558
2810940b
ecefbdf5
8673389e
931d3933
d4593234
1d96c4ac
594611aa
b66c5078
0f42b3b2
c20a00a1
d2f5aafb
4834c8be
ca8820b6
a57b6d30
7290fa2e
936540c5
b190a732
37788d24
dcab797c
09acba49
055a704b
7333cbbb
9ab14aa5
2b4aa49f
fdcd27a0
5057cc06
1aacfd25
17b35048
a7895cc7
85984d03
a99c1926
237fcd22
c320b622
8751c6f6
424d52c3
8c277a08
a801e48b
4a54afea
09749876
7d6eb073
477f9e08
5ae98c8d
8da239a5
5314b12a
7023c85c
be373b2f
0634b732
4815c56a
d4cf35e4
84e06c1b
52646416
09598805
f13c5fb8
9f866b40
59bf34c1
86bc1a10
9556a718
a47b8900
60161151
9c45c693
2d068c8d
fc018142
7eb4d8cb
8a7373e1
352300a3
b4e030c9
57a806d2
0be96858
a56a8763
cdcd22cf
b8611533
0078ae2d
54894294
0c5b834c
3fb3a92b
6aad2042
e30363a9
39a3a73b
e0051aba
c8912ed1
7918fca8
95b58164
55e39523
343abf23
7ba303fa
b81327fc
8a27c18e
292f56b3
99283101
2aaa68b1
69166774
69668012
0a2a573d
bfb3f681
8c1697c9
9dd4830a
69005a45
54c21815
4de8483d
892635d1
ea1016f2
03456d22
19921cd7
29544323
5af4696a
e508ba8e
cb8ab8c5
7f4c5704
12ae874c
71f7450a
aac23e50
e5463c56
ac7c19f2
4212a49f
5e0f20fa
b65d26b9
0f2a3507
79935404
2cdeba95
982b8ca0
b155a0da
16f48152
c562d26f
d518a1e7
866252a4
92d67a14
27a25030
ea0f31a8
2aac1282
4eb15325
01506424
74068b4d
a945b52b
650dc350
5358deae
603ac0fa
511c25b4
08d3094c
5461a312
a27a04ab
232c1bb5
a25a30c5
ea4a5e0c
4fa57c1a
a85a3032
113c5208
7cfc7d4b
bf2697f7
7c3444cc
aa0bce0a
3911320e
668c6333
bae00469
6812d403
175f5485
14f11f59
355617b2
4a4f079a
5af1786a
ebb60073
daab88c2
84e7307f
d8c87596
f46b261a
08e29e95
eb0d90e0
f0f71f35
8aa35c87
67b08aef
b2606e32
b258376b
5432e2b8
8704b285
a9b96c17
824c7c55
234b6674
4dd40db4
09b849f8
00f79735
9afbbf45
3d9f71b6
ac8fce15
74eb9644
760a9120
0653195c
ad40fc1c
f063b822
30a22572
7d18096c
ef40a20d
14236ec3
0199416a
5b9cf18e
96b91066
0996206a
5606c0f8
7bac3ea5
19c6f822
23492b44
c7b79b95
b6a40847
ee1488a6
3a9ea07a
a68be01d
7a8dcaa8
538e7112
96289244
6b0de583
15533b4a
68332c6a
6572035d
6c2ac784
c5f913a6
10842b73
12d3c047
3a614881
c46d1242
76419090
4f61cbc8
f953a7cd
d62497a7
b4e883ac
b5031ae1
12af25c7
8ecca265
8602561d
01cd94c8
b8319ea0
e23178c6
89cf1502
8472259d
c053f995
66a580ea
cbe9f37b
cab71489
3b1db5f7
3d75e397
649a2ad4
f7825c11
bc103562
df7f65ad
d1f2b948
79b3a86b
721f3802
f3306207
06c91202
f8ae5b18
935796c8
829b5120
70b7b5eb
e0ea6886
98e4e553
8184f11a
408847fa
24f59ea5
a215eb97
98340cec
564071c2
7e36903f
ab8c86d3
5488214f
8016db32
a418757b
747011c3
460b27ef
d0a654d2
c7054f3d
eb26dc7f
5c4c0e91
177652b0
cd4925e1
40b66b27
06eca969
de03971e
199d9ab6
5e87c61b
8aa27a7c
038a89c4
c1b06121
62432c70
e4fe0f1c
c2588dc6
c2116343
ec877612
4516dd2d
17bd67ea
517a70c0
75b3fe18
646a26c2
8ccc438b
a5d8094f
0b14e3a8
f3749d64
8d181fa0
90ce2a57
996f102b
8aebeb0c
3e9f73bd
05af3b28
ba113da4
c07c6376
ec66bfb5
17825e5d
e2292485
e412c19b
29128a05
f03b68cc
b49a2784
c2b82226
914b476b
96adadcc
0f1aa791
b802b074
c19e82ca
a4a9be31
abae9631
3497487a
51487d70
caa3a081
92254087
7e13c1a1
bacb88fd
ea2eb490
0c65ff5d
1450b7fb
d75f74a1
26aa8f3e
29ceb746
84025092
5635e1ac
f95eecd1
5a748694
2442523f
c98c33d9
555865f2
53872f3e
ea3695d7
d0b74df2
13f6b075
014035e4
49dcbdc7
1ae47481
5f6cf2d3
c9f631d1
2e150b2f
83408a0a
46459932
58f2ae50
97638817
6c03402c
09f48564
b860c2d7
85bf46a1
0d3c4f00
e5069a0d
a6153165
77dc94ab
3c73174e
462425da
bd47c98e
3f81f228
80f3a7dc
6690ac63
10c13216
2c567958
0209aac9
fcb4c793
31230fb9
d0070f95
a66c9cec
48dd2930
2a84b580
d95177c7
4b752580
59a90276
57263869
3bd38815
84c82e59
41c711ee
a3ccb0f7
82d7b75d
bca45597
85f42f9b
41359748
753597ee
aba33018
bd667190
0d4e67f9
47736ba8
04392e2b
c328e8b7
c126208c
07dcc1c6
5f08949f
58cd1361
65284a79
09b3375a
35da1772
af8a1293
40860a2f
904c49c5
7a80552c
52aaa584
6ab44954
98f11cc1
1c71255e
01920c5a
51ebfe91
8c4c75bc
26d56f87
59d63018
67bf503d
8b1b1f14
ba7a0c2b
c7743c4e
7792a058
99b942a1
4782b565
263082b4
74f9968a
900824d5
38796641
9cf3e359
fa045c12
342a412b
b8a0ed72
71456a80
21522d87
91f17062
9f9a7a12
b625a124
0e80f165
f79f9215
491d0d9a
8939d55c
6909838c
cc561ef6
5ff9c94e
ed6739cb
24111bf6
b431dbaa
b4aabcb6
22da2461
b6b26a2b
2a08c8a1
111b9e12
17fa5b68
1aaf99bb
113d4184
4d851cb9
d201d821
e5163532
81fa47c7
64acdc52
14744e4b
2156d89c
951746c4
21208fba
6a99d512
6937f807
10309f8c
3f0a653e
8324acfa
d0470682
7d1224b4
2e2b5598
752a09f1
1b3831ca
df8fe864
3c6b7a52
035aa620
0a353564
b59b529b
5827ba4a
1ec33295
6a2f6d58
691264c5
5c7f8a3d
07a8401b
bdc68cc1
661b062a
c5c3bc28
6070469b
ec0aa407
593d5789
495a8794
d32448e5
b9778a05
3428df93
d23b9c4e
c3ad39e4
5635e8b6
3f127728
33cb3b59
c0bb13b4
4345f2f4
03c584a0
c9e3645f
b426990d
c2ce83f5
06c7bacc
663a0c48
01611e13
6ff2183b
ffbbe61b
121b92e9
975016b4
10c100ac
f4afc87c
1aa3d3b3
83c96403
714043b4
0233b83f
54afe41a
17280af6
4f99fba1
f490e1cb
8c652c73
5708e404
95af472d
40a19489
6d3319c7
85617507
b464a9b9
40fcba98
a32c2668
824e796c
b6602b1a
105436f9
328c9cf2
9789828c
6a5be26d
ba989213
9ef482af
03a75a6e
568981bc
0da893ae
641354f8
893ebd41
20568296
4185e680
7689b8f8
6ed9b718
45469050
c0904f11
cc621e19
79354b1f
6c3d87a8
88bac1a6
b37f9af0
126f4485
2dc8b4c9
009a669b
394b7e4b
03715d57
b2c623b5
e9963e10
0315ae49
af42c2a4
72dd9b42
d50f9f54
3ccbd1d6
9081610d
647aa21c
6b0ba84d
c8e71ec9
bfcce64f
2989ee17
d98279db
6509d647
134faa86
1d6021e0
aaa817cf
c7f3742c
ca445ecf
73408e87
2a7e99dd
57641f6f
e38a059c
08acf9b5
bff68146
3a1ac560
00000082
00000003
0000002a
0000000e
000000b5
00000006
00000c60
00000000
00000000
00000000
00000000
00000000
ea42374d
7b29bc62
7f2c130a
2d4a8c99
c91e4751
ac6ad27e
14c409f8
714c23c2
9bd7b165
8b8ec7f6
06190349
b035c487
a408d081
db4b6ef5
73a8e870
9e13c792
f81686a7
a971000a
2f5dac13
e67aa1f4
2078ea22
86c1a1f6
77de1250
3c884a39
24843302
bc9e9d64
613c5352
ae8fa74f
b9f8c1e3
638a444c
cd35f177
6b267feb
53b26838
827e60b4
f5883c08
658a14c1
8143fbee
3c860830
b2e1ca42
fb33807b
656f5177
4ad44f5f
eb5c0bd9
c07f7354
4fe5abbb
86c6a367
88b5a353
378c3217
36878269
fa548b62
9dfcb441
1745d400
11167309
c81241ad
0435a57f
a1c8a643
7867a00f
238cbc9e
7a6a3047
01521069
6a329281
5bb32380
2591d4a8
76a0a580
268f4fd4
89945fbf
df78554d
136b7554
15b2e81e
6db7f222
1aa46ddc
5683cb58
a78d64b5
9490c4a9
5d34fa29
e1318068
c83ab9e8
00718e04
c312a808
e99052d7
1530e69d
1fc9a2a7
3a0c9cda
ac6bd645
0cad0ae0
65b28552
7d25f6b3
93c9822e
53997ba2
0340cb85
cb214a8f
3baa9083
3209361d
2d47628f
2a5c48a2
2d9c2406
0d4b353c
ac09c842
3c2b8973
ec5ada41
3127a1e6
52c64240
b50e45a7
cc0f17d9
b3fa57b9
1a87fce7
6aca61b1
96a20c6d
e366a250
fa6cad2c
2a686153
0c9930ae
d60a8fec
1e522633
6e3586cc
8a06c9cb
1fc9af97
af1d457b
e4952b7a
bf95b8af
09c6288e
b9d1659a
aaa821cf
94b19c63
687b81b2
5ffbd310
af78d7aa
25200dc8
aab2ccb2
f176b66a
fbdb4bc2
7960e952
9e2e6a6a
d586cfec
2f26cc0e
9b5e3ce5
1aa9b412
7229e8a7
2a25b9c0
51d72587
a9ccdd71
95321059
da149d6c
125a4fb4
6d51a384
ec87ba81
7fd503b5
b5cb0377
acd98804
628a7049
d6bef546
972c66d1
8ad8de38
8b5278d9
bb9e5568
707c990e
3fb5ebb2
c466bc5c
afbbd8ba
e1b0012d
589fab41
47045a76
7c7698a3
e2505857
a2960564
9e0cd86a
d534b9a4
4178c2cd
92953773
0c885385
5d0ba3cc
1994dac5
fc9878f7
a241df21
8472d17f
b6fd9939
0526b5be
08c581f4
01d0bd5b
a4e6c682
8637a595
c78fc0b9
2348a12d
3548c635
8a5a0919
31d56862
9383a4c1
e47b7091
0a4a8eb7
09493255
285f646b
23772d6e
1ecf438d
1556cf24
73e84f09
76a64aa4
a4c33750
b1e69652
689b8a4d
8531a132
bda28b09
d410b00b
b0ac7fe2
55c0aa82
dfb7766f
915006c4
4e216c68
30c416f2
c2df0a27
b2b74b3f
ab300540
a7a9cae5
6e458f1b
663b9962
16a8c36a
46bc646f
c186d69f
584f9901
3328ed29
9502a573
b1762c15
443534c8
b80416cf
cc59ae66
9b99f965
388637a4
d86c0098
0baa7bbf
aa901c7b
963346e8
ada71953
99b1aa57
00acb12c
b4555f1f
cbb42820
0c8f7a0c
b72017ce
d23be83c
85ce5ca7
16b3c504
43ab34dd
84a6960b
5193ab02
1c96c3e6
f6041a55
79ac7160
f321650a
19e05a0b
92ab220c
e780a702
e31713d9
aedb5912
13b225fc
4bda6794
7a42573b
769911b4
e31f9ed5
b767278e
06cd86f1
b2a62744
6a7c3c85
d59202b0
5906c41b
7a707b60
76bab408
276a38ea
15a57755
b773b3d3
f491add8
28f2ecc4
f1100873
671d9818
05659272
a62ccca9
1ae93471
a0c79243
78802078
26624f1c
2a77817a
d4bad4b1
961e9002
67b8af13
dd4acb5f
83e76046
14abec06
633bbb6b
a4363cba
7786b951
a67c4c46
b256851a
13b19fb8
7e35f8e8
35f58327
5a10917d
5ec6135c
db21ca50
ba0c896a
c250b26b
a6c9ac00
2c90985b
389647f2
aacd6b47
9ff7718f
00ad9308
b2231b1a
90e18fc6
2301dcd8
06b36a32
8bfcba02
adc25a11
2add612b
a858e342
1f17c684
39e31c38
69e3bb85
032a77fd
fab3b604
4dc8ccad
2acb1cf2
b5169d87
6b7c8891
85b82c69
4b1f0be2
3a596426
7db053b9
92ba0d85
2f29d516
175fe6da
3a0a0836
2817d77c
3dc1cbee
00fd64d2
a274be48
6d14f09d
fb4cba39
08b53c5e
e65276da
706ac4f5
20f18684
6517396e
784f9197
28321569
a36fa5e5
7683a819
6b187514
936914f1
70a05e51
b6c4182c
0181c5fa
5d000bf4
42627d43
133b445d
874aa0bc
66ab58b1
451aa5cc
f855272a
31340914
6ebe9bf1
dc78c3f4
9b06ce74
f11c0722
043927cc
3c760e6a
655d0732
62ca0622
0f360d4c
1849e6d3
26a0ac44
c6cb1fb4
cb61860d
09678f31
c5997686
a235bbf1
c77a0254
c0b56c86
e25a4ac4
043108fc
ca7bd449
113b611b
991586da
64f61287
ac1c43cc
22678d8b
4ca0c416
eb6fa509
8a578094
367b6131
3bb75276
bc717b5a
2b23fc54
aa28a993
a879509c
3b40b7c3
35534bf5
00134468
1b920180
c21e35cf
064f3e4c
0ed5b42b
7f83769f
a844a1b2
5ff5ab3d
6fa0073a
167c946b
1a45c0a8
e23ef155
687b3637
8c16f004
66a8c630
38e27586
7a72de4c
ad2dd460
54942c47
5798d667
cd795b37
56836225
3d63c604
b34c1be3
66fa4917
2694651f
7847d963
50208c34
5a4bac39
e29a2207
2a32c32b
9b12411c
dd135565
b3fc6494
57e37107
764f5977
537d9d86
7de273c8
d1a2fbee
b16d949a
78771b0f
6d968a9b
a3b10f39
8667d28d
670f524f
e569cf62
b1867d15
cc1789db
155b6b24
0009ae73
6da02739
35cf128c
02f23b79
e2add9bf
f93393e6
af5cdf1c
b2a12212
4a9d9253
bd7cf994
776643ef
84da2bb4
23327ac4
0b3f4ad0
11559792
740a25bd
7e215b31
b67522d5
8d059178
4e2b4035
db6f3f50
84d697c6
113d25db
b43670ca
c972fbb9
172155f3
7a243f66
25479b6f
34b6baca
d41223aa
3a21be88
6b483261
a6819bba
90c87153
a9713171
199304da
c7a84f6d
415ba5c1
6aa083b2
2e58fc5a
f7397a31
273922a7
91f9fe90
d486c357
85b31c2b
37712e5c
66323183
358a7ca8
56f25764
580d844e
30d25285
7f07a324
d68213a3
ea686f5a
86865568
aa0cda3d
d5614585
25b3805d
87c450ba
295ab895
89173a44
5a13bc85
4ac3344b
31938a92
431c1b5c
59450ac0
2028563f
2fc3a031
bca33d26
618641c3
6906973d
8531bc72
5e12f589
e38d92a9
82ae9e7c
4b6c894c
128fa21c
d6d2049c
9558d1b0
13bd7473
869e9283
1a123371
c40076da
cb8e4183
024016b3
3647c36f
72231c97
a53184a8
9ca7a409
a7d801f7
7beca90e
bba37c2c
b8fa880c
192687bf
db10a23b
1adc61a8
0b24a631
d9885047
72245a36
27e71e32
d03df5f9
83ee7582
bc76af77
c122859c
41f543aa
08e71ca1
4f78dc9a
aaf4c558
4d948127
843f80bf
611e4672
6cd28139
25b90cb4
88c482b7
17c7798a
50177724
20ca4c02
56f4e06c
ecab9077
c25e1daa
af32cd59
8d6f59ac
007f1537
c9f935a1
0b071073
f0f6c730
6e067b8e
3f58c144
319d6038
6726f5ab
74172b93
c3b8b9c9
94a4c749
f3964165
a180af42
af90f31c
17ac3be9
a897988c
8fcac3af
b479f7e7
72adaaa7
75a31d73
680d2aac
91728160
8143383c
bf489a28
931c01ab
6001e339
15904471
0cbdbe65
04432627
a680e119
40b17800
65f2ed94
3cae10ee
c32e7737
719b686c
bd0ca153
e277c38c
0d04c085
d9cc8b99
d3ad4ffb
5874a693
b9277443
c3d99189
cd43f509
2e20cb4d
1889c95c
3681ea82
dec6857b
a9a7a197
19da9453
f6ca09c4
f67f8b4a
4bb3da59
0cbe23ac
32832224
85ecde32
13a9d2be
21f5c06b
c235c867
ba8bd111
2c1c5b6a
b8709ccc
fd8687d9
11eb6616
50f4d16e
c7861993
f95f75e5
9d581e48
e25665b4
4957952a
442707ab
ba4ff5d7
fa313575
78c4fa9b
9406d21d
07b978d8
919c6094
adc763a7
d8c30d93
64d78409
289aaba3
f3ac8261
a4d09a57
bb15148c
bbc87998
a1598f90
ec12d327
7b2e7127
b976e645
97060ca4
4b4e34a2
b0d982c6
b262e2dc
295e5785
10079e84
4574b666
29bea63b
47152c3f
f18b3bbe
3a3601b1
cf528b4f
3763719a
3abab980
6b29c3a0
732464f2
cad6c313
6d07b30c
c11040a9
d890414c
59e22d48
4d50f8d5
a9fd9a9a
25998742
888bb81b
72633fa4
3f93e2ce
03a95454
022c5497
1a721634
367fb571
3abc38b6
91660297
5985f081
8b6178b2
13ca92ce
a51e157b
a7a73e49
cec90e63
c04c81c9
22910493
6339d88d
57060678
f58a109a
4685d467
9595a694
6539b5bb
29b5c3a6
ca804ba8
8af2855a
9f88638c
1fa978a2
fc7d1934
cfbcc25d
92775a6a
acd87a74
bdead708
37111b44
b6c46fc8
5900ff8e
cc1ea81b
28ad2321
ac658446
7f188b1a
0cc1c458
3c4b6014
d7a2d7c3
e6616d67
4e661137
a922b462
a8d38a63
a6f0080a
ffad21b7
7113a93c
30e8ba4f
057f9837
d5892300
c7a14e0f
2512f440
a98c0cba
bf814b7d
d2aaf302
10599d94
486599a8
a16a50ed
a06d9c10
2628f838
d9b5a1d2
299da0f2
0af65e8c
d898b3bc
ece09b07
a0ea7d06
2ea513c9
7af01b52
2c83a1bf
58c9d550
717958a3
b00c1cbc
a11246cd
49b68168
1bf16e3d
38c40adf
89b64c91
aa1a5b58
af533259
aa0104f4
9e819ea7
5e9dd30f
e6b57c4c
4869ba60
075ce485
32151791
9dc3420e
a752c88a
e78642f9
7ce2064d
5f3a9fa4
ee94eb8f
8b5f902e
77b70b5a
71733083
9c2ec57c
6413632f
07e132f7
24c30c10
24af55f4
fd9d1db7
ced108aa
289e455e
087043ea
58af1b4a
21fee65c
e84c7136
a586f163
20135b21
f2e4490c
d2885148
00000083
00000003
0000002a
0000000e
000000b6
00000006
00000c60
00000000
00000000
00000000
00000000
00000000
3c1eb97c
98db39e7
52744540
df80f9ca
42b5a820
b591c04e
da1f71e7
b1266960
8585fa63
288d1803
9952cb9c
68332a05
5e092ae8
7cf96de9
c5887105
fa986cb3
a1611a92
7bf3bca0
ce9ec408
c2445209
22356da4
5b2be07f
f1c0a372
5cd81c6c
412683dd
93770445
3417493d
4a6dbc91
e82f6a09
4579045d
19cdb8e2
35042b78
206ac928
f21058d0
acf05bd6
75b4c126
2e99960a
a8b12540
07c4fa6b
c25f3ab7
788c1740
11277bbd
9c0ff10a
6c2b7fb1
16898c1f
7385251c
88e72bab
36490ebd
106005d4
69f50334
0152e8c9
43620b84
7af00bc4
8a17b265
bc63652e
b28a0e55
c5b438cd
64c2c93d
25399e41
ad8875cd
af46fcff
12380b22
9dc0a4af
eabd473f
eadb6dca
acc53361
d068b1cd
8c4cc005
7d123953
32aec392
ec7eb636
37491f6f
e758566c
0ad31499
6601d67d
a58ca79b
4b818d79
2322812a
453250c3
33018b78
4f321215
79217bc6
21394316
3e86ae9d
1fc84300
b7ae467a
81236451
fd0af484
fb389f75
32bc6da6
b89620c7
8cbe0134
c755386e
18bcf8c6
19f60aeb
736b1905
04b713ec
b64f5352
5072fc95
86790a62
90f1a308
1f91333a
8d8d1909
915f4c97
5a62ecac
eb27e9a0
e72460c5
9ed9db2b
c14e2731
89bc6967
0f83204d
8e0347af
aa31c8d7
5f726f26
8b73ca89
34dccabc
1f97b86f
646844c5
baf72be0
1b36710d
b00a17e3
88f9ccc1
3c059c86
aa06bae4
27a85b21
3e3206c3
a32108d8
a85879fa
a6f43eac
e2180b62
d8e67e09
a4322f23
e877fbcf
65a673dc
b25aee76
d6ac4bfe
9780b626
741b6661
7fcb6cab
a00113e2
05fb009e
7e229beb
1bf155f9
99e87383
4796e51d
0a77b515
8311210c
3e46c2d2
22c18cf5
2ec9e262
e8226734
e7518c9c
278c2041
6e6540d8
8618c45a
22c1a67f
c0a7f5b5
06c36893
bb801d14
c61e5464
33bc0d2c
8bf19f1d
3e98aaa4
ea552704
6ad25da0
4d035467
902434e8
ae33d184
7204c41d
00a3407c
85d15993
3e3fc739
2c013d76
ca35be57
972c84bb
d849028a
8028b74a
3789e735
6cbc04aa
110cdc97
396d32dd
b8cf50a1
12d13364
fcbba3d0
236806c6
c9c7da82
9cbb74bf
653358eb
c9a010a2
c784fc89
ba112a36
b7604e03
9abb8043
80b4bd8c
1325d1c1
6142c627
96059700
5d2a6b47
3051da68
21bd85e9
2792210b
df665256
66658991
9e9862c3
8dc4c371
f84647cc
20c10396
0c991136
b40b7c12
607342af
9f13c265
01a02984
26d2ea08
5f29a559
404c7967
cb832e22
e48f4adf
d729beeb
778a6a49
6f5321f6
c20e2d00
1448dd61
34c1d51d
20894049
17a6af47
c6bd81e8
92587a06
c582f768
96caf7b7
82744fc9
87334e21
3b1c9af1
23b72c10
c76ce71e
d3675a32
983a4565
bd708d80
db45258e
c3773a77
c5fae66d
fa972bb5
f66b7a97
6448e963
e34c4a61
9b8961f4
2bb11835
a6978c08
2a4b4ac3
9c52849c
6aaad85b
4c496852
3aa17248
6bb9daec
8507297b
96792c3f
bc484c6a
b4c86524
b0510661
f3261685
0a796a5b
7fe86da1
a65d114a
717cc7b3
3891b5a6
ea3f4ca3
d3de9103
5f88a86f
f32215c3
39deb00c
a5206303
353d60d3
60d21246
915a3f6a
631bb6b5
0b0055f3
2f568e50
009eea36
27c005a0
11310510
d61f199e
344fb595
35e3ab95
138b577d
4435bf8b
2b9a828e
f6aaa0dd
ec7a42e0
54db1a07
77cc64e4
c699b7a7
77d4b296
495ebc01
07d1c9e8
7f802868
93b4837b
04ad4696
b65842b3
9e3d0b60
77532b07
8b93d58c
db469724
b2d41d20
23fb7950
3fb36b62
e17aaa58
4742c01a
ba8c837e
21dd6a99
b7c8432e
a04fc9ee
34a7cf22
ad103026
209e441b
b8d16f94
8f82aac1
8e925af9
2b862c4a
143cce0a
ec7d50ed
35a18363
b8f0b1ca
e2b214db
3a405ff6
949a9d70
2656d54a
7cab3f57
afcc16ce
9e899bc2
e96ca20a
2334bbbf
6d2ecb35
1cc65fac
09613b7c
e19c5434
fbbc029b
18287359
7dbd48e5
389fb7b4
25872203
3b3012d3
37124f98
41e5af56
f25750fd
3b6bbbac
47a2eb27
914cdb5f
d6dbcd3a
70839db9
47a09584
bc280a1a
52200f88
90c984ff
10005a9a
a1a76b8b
e64f106e
20bb8510
13229e93
eda15c53
053dc951
16796933
b98ffa5c
cc427de0
1212e755
8c5de446
4921b090
a274e584
932d9b94
f2012b18
1ee34aa8
ad547666
3243905c
8de835bb
f59956be
381e6ba4
98f423bd
ff932c29
b326666b
7045f79e
f77102c6
6218221c
920c9b0f
fd1efb09
0350be1c
43291e9f
9a8fb551
f71e127a
c4ec2969
0724813a
92832ec9
0a191cad
183f3928
77231308
17f7ea92
af3a846d
ecbaa808
5107ffa2
5c1cf3b4
856b18e9
8414ce20
6098eaf8
6b7e0405
47c725af
c22a6501
52234ccc
56369c38
02c26382
179644da
09c41b0a
b300560a
47535078
923821a1
a2b33a44
84a01897
b36b6e43
a171da6b
b7319511
03a0ee0f
6a5efb35
e16a1c4b
5fb6206d
da01157a
888fcd8a
06f0e243
64b1e1f5
f0cc1cc7
969cb254
66819022
1a674667
0575665a
74124a95
80da13c2
9d7ade1d
114cd8bc
c7ab1649
80548d72
ed51bc93
b4b52658
5054d599
5eb8691d
900e25f7
1ec88e90
ed634025
19feb56c
b9024c87
665c7343
a1e858f7
56e26769
650ba331
846f6fb4
b630f929
ec2fe5e6
b9528cd1
afd6e452
eb04ecc6
b768b3b0
a837a931
7b2fc08e
b87f9c05
4223d946
728bd66f
a6c6ce45
76536059
f79b03c0
a7dcaf43
8a284558
7e1d5639
336ea642
465ab88c
283d74a3
308f745c
308b0c58
6dc9e720
d01cc369
1888e650
2168d0b5
92940be1
77f1c981
1a46d37c
27ee86f1
b0e144cd
df6c0595
c8d1c391
af6ba562
093526b5
22438f3c
496733b2
a073fcc1
c8801350
3de4e613
172fc9bc
14b53ab5
6b4a0694
47598172
9b73a5e7
c8269e90
c9955ae5
2ace5447
c7c5e50c
829cebf4
752a0b2c
8cdcfe56
23c538f6
8c6b6503
4dec1c21
3faa5b54
37734c2a
82273c28
d86612c3
b4b4a756
5057a7b3
6e62b577
b5ad036b
38e19104
32cce4c4
15d652d2
41c073a9
6f222be4
e73969ca
53391c4b
2150d0cf
d3a03ec3
a97586c2
11a69853
a8a64f24
14b8892d
81ca8967
0be5a70c
a3156c5c
9b1af12e
7a143bfb
821b0b55
45ced6b2
f96f0de9
b1957bbe
7fc23a1b
d29fbc35
b67a50ac
1d1a48b4
b5d15cfc
afa83794
0a96cae2
d1822d0b
1730a03c
cf21f1a1
f6788887
12352f11
78702471
16cacfa6
8dd8b760
57c20745
e0f155b3
3a0c9c0d
2ea51310
50366eaa
a6f209bf
de70c576
e0b5a567
2c312f17
92042132
883120b7
7fb2fa2a
6b884093
757fb0e4
09711fce
9ba7e08e
6956c896
70ab727a
a359b113
14332772
5689e17c
9f6dd8d5
a2fb6cec
71ecee5f
11b01382
d0445441
1e35d90e
f403173b
8aaa45b7
5cc1cc72
0f048a4b
cbef9215
b7b5b936
bc7402fe
26b6b7f4
00fa0f44
7db61724
72b62cfc
0cace466
0f6fa105
14637779
356c0b24
11c0d2bb
e3d9c2dc
a05674a4
7c8e781e
c98d5834
7af2c261
f126e522
dc2b3db0
97697682
2b71d557
8cbd9394
297ac13e
f4303cfd
b339a247
03327ec1
b329a6a5
36784ca8
64558e87
2b31149b
eb0a102c
1ad5df1a
eeb3a1ad
8a174294
656abd3a
87cc225b
88279537
ccc3ce62
9645ac36
d7bbc232
6ad5a118
d0065a4d
a2b4cd68
36215157
f3abda26
cc0609ea
000861ad
111a35cc
7ae68d57
a6523c97
d35f2b9f
93318bf9
1a035f92
9dcd8267
820f1aba
523c9f1f
d8714969
b2320fe3
950166c4
1004e212
e2881961
4cf4e9a0
ec93497a
1bdac6b9
7cc78fc6
953a058c
eb5177ec
6053546a
87372865
c09bcd4b
0b449fad
6f93988a
a4a786b2
3aa44a02
f6604cce
470b60d9
667a160a
b45eb261
866e0f7b
876262c0
c36a99f0
9bafaa78
505131c3
6544742a
20c3b0fc
4169c079
b3507752
a4e65bbc
9694bbb1
ae203bf5
62b80891
8f6c68a4
f341487f
08451160
b10c7214
1caf6c47
d6b53494
6059a6cf
a8582523
760d2dc7
4e3c249d
1b763a31
c54b00f9
917b1da1
4869230c
73ca4a22
21431779
1f96799b
46d49250
4bc82dc2
8a850a0e
197586e5
33761f2f
a871a8fd
6baf5272
5ae36026
5862dcc1
444a1dea
ab512647
705ef555
2ce5bfb5
10974a6b
bfd00bef
f2114703
476b53c5
ccc8b51f
a81eaa1c
866aa72b
2a29cae9
9ca99e87
b4539760
afc8dbeb
60d47911
2bf33cc6
2003b21e
7af68f66
460c6e3b
4f79ec05
b865b601
c93741b7
18cfb353
83e8145c
a383325f
9e3bcbea
cb503d24
98831335
116ddab0
e4e6473b
05f4023a
7e7c64b5
86d926f2
c7fb94c8
c897046c
cc7dcb36
b6163a8c
717c43f2
559d192a
1de7a857
e7baba8d
00ea7ae6
5c368175
350e87cd
3127c233
2e34d371
82b4e4bb
17ff4ed8
a798cdca
eecff16a
5694acb9
162c2664
bf3cb645
53d5b5e2
3f5b4b43
bab0e329
a5fd7cf1
cf42a3aa
961c344e
f376aec1
2a3ba5b5
a3013bdc
a626b5b8
3592bbc7
3d51c544
a2eb2358
6518542d
4f7a6261
d4d98c04
2ed51900
3128db2f
d17797ac
96a34b9a
6ddaea97
846ffb08
0fc1006a
92c036fd
210e30ce
623776f1
83634d16
a875b50f
f7721ed9
0b8067a7
0697cbbf
7391e51f
c6b9fe8b
7a06e986
d87b1215
4829f72b
fb896d57
60a01544
4e976f0c
24d9326e
2a27f325
00000084
00000003
0000002a
0000000e
000000b7
00000006
00000c60
00000000
00000000
00000000
00000000
00000000
ca5d4cd0
16fc7f08
5ba63a09
6550dc3a
f0710364
9f3a0d9c
b4ba0991
13293315
17b9379c
476d17b0
619e6223
7e77ddbf
c5a9349a
230f7be4
277c60af
281d1c72
17d50cd5
0589945d
690faabb
3336a518
27813c1a
46be87b7
7b5b5234
b3e78d4a
090f46fb
e5c63baa
19bbf704
4b8f46af
c76f1153
4f60818a
e543e3c3
f3e82018
c902ec6e
e2a2e2f0
3cd4b2d9
1057698c
579495fe
310e570a
1f8449a0
2fb53468
080d3d48
3783f49e
836e43a1
0be4c1fc
3797cc9b
aa33fba9
01530fc5
5c855b01
eb6f2228
d1eb1cd0
52d76c1d
23a8921a
92146de6
1b78e543
27035630
f53756a8
19070582
773c33dc
85627a64
2b45e71c
1c70dae7
36b1cc24
61e36d9c
d90dc26a
890b5546
b5e4c5bc
1b0d0b92
437835e3
0819e21a
56b489b9
1bbec4f3
aa10388a
7b6cfbd8
c20d1767
b9739116
bc36d983
7b5005e5
4f623983
241652d5
03d567b4
7920f0a6
5ca0f415
a9cd410c
4c7bb210
c82502d3
b695b28a
6a2b094c
a35ec13e
1837b845
39e5360c
21414161
04c21fb0
9822aaa1
0157324a
c8037d15
3c0ce666
bc7743ac
21eda657
1233269b
0a11a27a
99049629
71a3dc2d
0d8c68e0
2635cae7
2832179a
62cab6fd
b020af75
3e392422
4d98f283
668485d7
1d397802
2a1c3ccd
0b8f58ab
56e58a69
52ce956f
0972235a
5181b85a
d11aa627
2432018c
0b5174ab
514eb8ae
ebe484ec
93635617
245589cb
5a7b77aa
53083c1a
a317568f
e6b59f93
ac5998ab
077a14af
a4ff5121
43204e25
6489ea1c
e7eb8df9
5bb2160c
ddc2d05a
8b9a68c5
175c0c92
2398035c
ebff2ae4
9be4a0c8
a171c33f
51dd32c6
070087b7
c5916cc3
6400a2b2
69937617
a4501346
965d0981
20691b0f
bc713291
63de652b
88848ac1
c79f7b30
653a1d90
7fe54616
0d877225
d605a993
415c3563
70899ce3
52a58555
59445abe
0a675a7c
31f7ca76
04662c2b
4930c149
eaf47e0c
92165e04
51669836
e9e3339b
a8a9d54e
da1942d7
40227c40
36d78e6f
20a8d366
c2b875b1
27b714b7
1b8758ba
43f6982c
67156e68
a784a9fb
c22c1279
88acb325
47876765
124f00b1
03448b2c
9f6a42eb
1c062d29
b3a622c6
5256fa1d
4b415d29
4f8713ad
7e24d44a
01548467
2f361fc0
5da52cb5
04d99fac
82b5a0ce
123ad7c8
16d00566
0b424315
ab43847a
69c82408
1f249c01
5b3ac030
b6ca88b0
a7b34c45
8f3649bb
bc9b92f5
842b7ea3
73671c91
32427504
9369186a
357b55ec
1abb1c70
25d9dd89
b8b5c468
e484bb4c
41cb7b90
a911eacb
26ca7017
8767767a
4f708c75
b81066b8
73a1a3c6
ff2509fb
a5b072c8
a0212416
15730313
9ac70f63
909bafbd
3f419764
33fd23a7
3b5b706c
50c60931
d7252555
2fcb3778
746d9b1d
c7ac7d41
26faac81
7b5577ef
a0fe6343
8b384e49
a552e302
78581de2
7d1b5ea1
dfcb9b5d
744636b3
1752094c
51730a49
d0382474
1d7b114e
875b0674
84df96b4
47f0bbb3
f4140184
e4fcbe71
cc4ced8f
702e1679
b4d6b417
243cd71f
f8a76342
027b8c8a
b39cc6ae
9c9c0ba9
87765861
b558ed1b
196fbd00
c7b6c540
5ed8bf49
fe0d5930
26072728
747c848e
af618734
e3a91075
7243bd96
3a0abbd1
7783c3f3
4e7a6b50
be23556e
44b1559b
6da5b346
2aa3294b
967056fc
9bd4a3be
d46a100e
20511b54
8778dc8a
e6ab8281
90544821
bc888795
af4904b6
5ae61cc8
34fa0ca5
993e69f3
490bb314
10f5141c
e9c623d6
a68a7588
2ff9ecb5
73156234
c5080764
26718f94
78228a0b
b7dcb0f5
5c24c409
9bcf1284
e7f93936
1d10bab2
70868163
9c17a2b0
9a761f90
622561dd
7a340414
b8ca4ccf
aba7a8ba
c7d43802
c2e12358
f0cd37a5
c562899c
7687969f
4dbe817e
e4921953
2e202da8
5606c750
06701532
5e98e12a
fd23018e
43041ae2
449488ba
fd7e7688
f8e32467
1428ab08
f5a59a26
b6c961e3
40fcb1aa
15bd1a5f
014eb0bb
43c8b145
a05058f7
eb281d93
bd889c4a
2b9c0526
70815a58
7487889a
e3b48a33
db391404
91754d73
01c4a3da
656e376c
cbe6d61c
9b2554ad
74723144
2e269291
61ad9204
a1c0cedb
14d6ac51
c0600391
2bd21769
6296c727
1c04db54
f3fd17fb
6119a185
f8416785
bc304595
50693798
4abf4637
d333abf0
666c9800
f291d5b9
53350072
a7a4f538
540e55ed
52911a86
a569fc6f
a128e437
b1e359a3
8bbcda5f
bdc9c8a0
82a07950
55b0a6c6
fc71f398
36ee5a5a
70b61bae
f967a7c0
cb560c88
4760b62d
5c741a97
871533a4
bdfbe40f
982dd299
15ba0da7
8574f925
f192656f
8c7f1588
7ae3c4bb
f6a3615b
96188bd3
97356556
e0b613e3
aafe07f7
96d05a5e
1e35629d
82eace90
aebae37d
53bf4b0d
97cebada
3707a71d
da888b5f
e370485c
38d5620a
a22cfb3d
260f40b3
c1062b34
619e85be
b37a5c84
601046c7
537ffc77
c552a8bb
90075507
332fc472
75df5e14
9063ae4f
051f1c0a
4b46c858
2104c354
bda85810
e7a09954
8f577b12
b873bbac
255cccf3
484cdf31
ff40ec25
c5f07166
3855ff0e
0f48072f
3317255c
70c61529
05c5d20e
e549c322
a0352646
51072489
2c2922c1
16f6bb00
538b07a2
20526204
3430d563
a812c939
94eb7367
b683cbcb
816a4a23
1c771705
b9dbf008
2544d36c
66b1ad16
5737a076
ec3238a4
c5bd54c4
5069fbb7
ac2b17aa
abad3850
b5401a7d
8803100c
09336cb9
ac959825
106a8315
f029bfb2
6742c980
74934a4b
ec8e5753
c1e85646
6e974c0d
76670373
a205c9cc
1b448651
207bbc88
83495067
dec1163a
4438bfa2
a1c7b789
308e31a5
990f7555
98fc4735
b3a405fa
41fb3b16
890ba7c0
fd14c589
d1bc847b
3f5364ba
c52ad8af
f714bee8
281aee99
0860b308
81147221
c5fb068b
4905ea74
861b8ea0
b5f13828
9f4a62e7
43441c29
c3779558
7cc6f2fb
3bc096c1
99774402
66429073
21f8aa76
9c29e783
1337a30f
07ac4986
2e689b42
a1cabcd5
aa11be4b
1ef3fe69
7a937078
47e22fb2
6b148d4b
13c574fa
5871ab87
3c749255
8d1f12c1
61296943
8ca1b228
965f8612
fc4f81b3
38dc879d
622e7b57
553e1826
a88af64f
60a02c40
b46c1cb8
1762db61
ba1ad5fc
a99aceeb
ad4b5cab
b86b4186
884737b3
70c2c46f
3c5335c8
88824439
8dac6620
116f3b2f
51cf68f7
557cd74f
9c58861d
f850577c
78c57fa8
7a19312a
36a78266
19ec9bae
af080a12
401d534b
9e9aa5c2
6e11f562
fb494836
c98ab53f
f771b1e1
9a312f5c
56564536
405e79a5
eb78a367
07a61938
3376ebeb
c66b9cf6
b5645eba
6a10a415
ca0e0742
7a741749
796e3bfb
b3e87b33
6dd42fb8
e1becaad
d1f64c72
8644eb02
32a68922
05bf5062
bd376f99
42298cd7
80f1caaa
bf61f55b
3722c2e6
2bd5baa0
af50471c
7b46b33d
ca6f2584
a98c9e8e
ff9e10bf
fb9a684b
7fa7fe5a
cb4ff2cf
8135c026
c77cd04b
5362f740
b47d8856
ab5794cf
b2814a89
c4297faa
5e861366
0c34e7ed
c6cb0098
846cd81f
73999c2e
d3079628
26713f1d
7d9213fc
58649821
6c395e8f
0513c298
b64c6e07
0d849f0e
db5401e5
49a737a1
0b083f72
955123d4
69fb9aa9
17d13181
39027c75
daf01117
99c7a0a8
7ac3d455
60077c78
7bfb91ce
2b90a1c7
2c8265a9
1f4677c1
ae14f8e2
219f6007
a029a316
3e4670d0
4a7b3cd5
b53a4e0f
c7bb719c
74713441
a80ab54b
3e931499
70772aca
92333bc5
a488acad
862c7328
89b7bd08
cf33c802
98e12bc1
12c4e06c
8e6505fb
26c402c9
45552232
b4804c60
94465c18
9e8b95a6
847a1129
2b731e24
c24456b2
9696257a
3c98cdc8
c8b86f5b
7f81b2b9
bc9a12f4
771a71a6
7c44c935
aab9a899
6e015284
e9788134
2a63b973
6738f887
1fcaacb0
82d7bcfc
8713b29f
1766b0db
cc7ea4b5
b029817d
95ab9af1
7ce026e9
59903d4f
a3cf301e
29c077e5
06dce4bc
4955d3f8
e7408ca4
8f3a6753
c54fe69c
3b5b8865
8291cca0
f8be91da
b6330e74
7b7803c1
c87057de
291a7ac2
5bc5f28a
9e6d6543
bba7661b
b3d45c5f
b788975e
1008c2d5
7b85c349
488348e7
4bb21911
22220a47
72a0e7d1
b8a763c2
44945457
72368393
381965a0
b582bf99
751a5790
1c63b046
9e686e16
169afce1
05a17aca
b2d00d06
eb38978c
8039adca
35515d8c
4c8a7c65
959fb879
1e552a5f
e61c5455
d2ab5fbc
71830595
3fbbc295
e49717e5
3854aa30
546c6b5a
577a3af2
143368b0
e429394f
9cd7923a
01873a8c
2d87d74c
042877d7
9f9cd2d0
9d7e6d00
e17e90da
7fd29f84
3ec6934d
d21784f4
8beafb12
b1527696
84e2521a
81c5ba86
3555cb53
d12a084b
6014ab85
188ec57c
21ebabe1
b279b0cd
db6a0be3
87aacc4a
4284ad7e
2ec4004c
7a646390
3881c71f
b33e3658
dc88bcab
bcfaea37
2f80582a
b2b6339c
6f23ec14
91c94846
d2cb0e11
5535eb5e
1799f655
66b7a98c
4896c106
d7ae5737
434109e0
1d137731
02759aa2
c4fbbe01
1df1871d
219f01a0
4ec535e1
5c324c4e
4af28efe
2062e9d9
7d2d76ad
fdc9fee1
570a1337
e935026b
c6d1859c
a2f9d8a6
e3ec718b
b6819dc4
ccf98e28
65d071f2
f8a75c21
2b775f18
a2fd7ee3
506f04a9
947964cc
3266ad68
a46ecc82
ff3ffa22
c193134d
00000085
00000003
0000002a
0000000e
000000b8
00000006
00000c60
00000000
00000000
00000000
00000000
00000000
3e9e02eb
a1ad98fb
2a11d63b
c30d108c
a6fb9d44
bad35e38
970cb21d
4be0a8f7
231a449f
987924ae
0b625748
18277799
ee2ab04d
1930a657
bfc213bf
c322f373
62e64937
0ea4d700
68668558
e5f3800b
bbd1a2aa
2b808b61
35bf0b5a
b81a0ba2
22cdfa05
f9177a57
6c166ca2
b484d46f
2ca50572
3304ed55
147cc9c5
2a823392
b8d0e592
124c3428
0541ab19
69c7391f
946ab695
2665c329
75507d34
4c6f48ed
17da2d70
685390cc
065311e2
69d53a93
1ef18664
abc6b806
c4716de7
6093329e
c7083b4c
b102505c
0084e1bf
1711124c
b95ece71
ba4cc855
c2797a75
68362989
5d451a16
72baa1ab
51c0bf82
80c3fb19
8b54215e
d1377a36
45829c3e
7d295ba6
21f172c2
c7a0831b
5022ed00
5a73795b
66e75a5e
2c36b113
6a853734
a5700c0d
7f7e33bb
32fa7082
48210103
ca9b4117
a4005a0c
11acca92
9cb86a40
2a1a4661
23c42f16
e50ad9f2
93f02cd7
8ab29e73
5b2754dc
22023e79
4eac012b
4f49fcb2
b61313b1
04e1e186
195e24ca
3196ac27
0d57717e
dfc98017
cad701f3
8ec4cd3e
6b86fadb
79c917d3
7e7b3d88
4d53e7d0
198d9d31
aaccfb7c
dd88c0c5
d4683c7b
97320c46
4e22c3a1
6a8d8d7c
2832d99a
da6a962f
0b167cd5
b5b3b461
39b474f7
03ef5c72
c781f61e
152e22d5
76b905c5
8111b3ca
64a4da6e
20630107
a4faf70f
3bbedc26
624a9520
45dbed08
84a0fc48
13f569e3
bf2b106a
de7d1b12
2bc78cd7
48306156
2a71cccb
60b1b4d6
3e6ae456
d913bb4b
07e13bc7
8d946d18
bd041b89
f0fbb7ab
a1a7f51d
f368007d
e2351c9a
be227d75
4022659a
a2c8074b
5850821c
2c7c289a
7ab79433
2c280d06
91b20509
1aafb5d5
0619f798
e1cf0085
ec694107
8f708c1c
97203b11
b7643e2b
921b2b85
6912147c
f4031c28
cfb25a4f
af809a3e
71d6bd54
c7174ecb
4d5eac3d
2633adb6
a7d609aa
f37687dc
bbbd369a
95b5429a
848cd1ef
bb6428f1
1445b832
98c97258
44af7ca3
73fc501d
d18d3ce6
c8e925d3
9ad0ebb9
0209c80b
7c54acc7
603a5d6c
29b782e0
e0ca1e77
a646e540
f4404301
96699761
5802dc66
62192951
8c6d1bf8
6cc324be
198a227b
a8f2c1dc
9638bd40
c777d297
c89da3d2
a1bb8686
d94f178f
f14f616a
26a70e7f
ea172855
5854bf31
c4c1fb72
b29a70b4
a79a7f8b
6052138f
ca87475d
d4d21bc1
c3030343
be0ce5b2
d921b443
82196f7f
faab64c9
361e3cfb
a1320844
93a7e89d
dc161ee6
3537868e
c38b578b
fc462b09
9ce72a9e
887f81e7
a05510f4
9567e93e
78ae8a03
cad2ba42
0a9a3e53
2f6f5852
ea730fe9
58363f4e
c9ace662
93077ce4
0aa03494
1dac7be6
7552c039
b984c680
2d80fac3
f6d48491
75eae3cd
8ecf2c08
937a36ea
41760986
1e45acf9
b6e74350
3970963a
bc62e55e
665723d2
9f4bf32d
2c6dec2c
69102146
8724f442
2027e99d
cac86f90
997c9707
66b923ea
1b4501d1
9615d52a
459f26e4
7c564dba
3cf7879e
f504f88d
395284a1
1e3aee06
9c2e6c15
9732c1ea
7d36ce00
6e25e345
44605697
5c86512e
04a8aaa2
cadfc51b
b6ac9f65
0eb091c1
11702fc1
7e9ccb9e
bb3e817e
8b389e8c
b2fb03b7
4b1e614c
29eb4b26
21666e89
186ee3af
0741c0cb
8db684bf
e37e4976
aad46280
42a7756d
921c976b
b34b527c
7c77843e
23406cdb
39173d35
8b16a93c
ebc6a1ea
6c8f05e7
338734c1
9d1b4bd3
792018cc
b7f2f817
2b08844f
144529e2
1fd5bb2e
68255173
5a599ae5
c655cd08
e1627829
a4034760
189bde29
626eb2aa
89822e67
a868569b
5b8350aa
d1791fab
07751903
2785c6da
c8817293
ccd08c7b
9ca4bc08
a3397b74
0429f377
bbc1538b
51c7a468
0fd279c6
5e3211d4
5b95b456
c4f805ca
ab3cfcfb
2701b8f3
4907fcc0
cd21bc75
80f9864a
2781a855
9515e27a
8253ae2a
64bcad4c
9b3f3254
24ae7a51
0444bebf
f63cf8e2
0b814298
29e36f2f
99229750
5609ce82
63091b2d
d64269f9
8b58467a
0d644854
f6c2eb2a
29c2b351
87d21099
4067507d
0669098b
6e53fac6
f3739cbc
96f16281
aa97b985
511d145b
60ca9d0c
90d11696
d1bf1af9
49438304
8627117f
e4412750
05198511
60e666aa
e27904d9
d3a2483c
833a8234
9bbdfb18
4bb03a48
1c3b868a
199de76d
a4a01501
286b725d
0d1ba139
5b75a17a
a6d8f34f
5ab399fd
69c79597
4e6c7731
5573e025
43d817fb
77018c22
88389039
08c86072
5870cc08
900e15b8
07629725
bfcbffc2
9b68c931
74c0b9c6
2b93b612
09af61ed
a1a42f99
2b366190
3f4ddcd5
e7303a01
cae93c19
fdb721a4
87be2045
61c6b265
f6976c30
b21ebe04
6be98a6b
e241204a
6c7ab786
19d3fca1
5c34c764
381aa204
9a413db2
aa34259e
ab258ad7
8dba5d15
6c318109
08435c27
a7aa53a9
0fb8c130
32621aa7
a8c5973f
263b7043
b9539c15
64c6e3bc
fa5c6cee
34a83266
c2366394
4a97999c
d3c48819
c9755283
a4a68bc2
fa0f0df6
58781261
1cc796b5
f8aa76c7
052c47ba
1518209e
5ae52143
cfe9e5b1
e12d70ac
d1ca7b8b
cd2c0a8e
6865a6a3
01a1c379
9ff1e071
babeb6ce
d6911866
31c9064f
c06f21c7
e404cfc5
9c840924
50b9170c
280a5b9b
b1ece278
3cb4e56c
56d8abe1
85358142
d54356a5
e5bc3ad0
487334c4
436384e9
c1d53014
171b883b
c8baa6de
a2a75b24
c46b9e0b
b617ca29
61e44ba0
1cd9a4ca
7ecdd51f
906279e5
9f61ce1a
3e8b73d3
804466ba
c06c4e96
956620e0
b3683a38
ad2221c0
ad4d0691
57f578e1
875296c6
323eb3bd
56956665
bc8516cb
d51d3c72
69eb1c2c
7d89db18
8ec1398f
b9e939d4
38f17b06
f18abbe6
b416364a
6ae32b4d
b3cfb8da
f60e32e1
593c4e09
009638a5
dbd6125c
0c46ea96
110d2443
d495b590
97a9129b
2e925269
227abb1c
3c351b52
c6755c4c
63523d23
0b138847
3865dcd6
274ca9b8
b784de7c
781d2818
270590e0
2d179317
2e38f426
db81c4d3
17013265
105395fc
13544477
cf69d9a7
767c3c8b
c5f1ae24
601ba2a9
e642ec7d
ea700a34
0657c999
2bc564db
f194a089
6e62a231
7e5a5359
491950b6
b117c039
c068a44c
74f26e5a
8ccc5ac4
e21377ef
42e45fe9
7cd18e22
f3263792
fc2690f1
b387209f
7a2da103
92b0791b
62693a49
f0b70b6e
ec5aaa53
386bb572
36538a7a
9af342c4
8d849b96
4421e7d7
52ab3c86
18192114
9b1e1b7a
225110b0
37d571a4
de04e56e
46fba46a
66bbd716
83c3a5be
6a8360c5
76288691
554ce5fd
47a4af19
35541b7c
ab10b277
a0f14446
30bc0a88
0abb8455
cc5d17a7
04a2fc11
4daca0a8
e5c5118a
a8cbb63f
ee89c5fb
b1031a2b
01716974
54c0c655
385096f9
221c174c
7420460a
6698ae1b
0457b486
3bb8c3c5
323d2a39
aaa541bb
f77fa0bd
633153d4
2ff41446
73c02b6b
8c7ba107
74890ca9
9d29b815
26039b8c
07199952
35a7d939
17e04fac
18bcd83d
a997c49a
c5824778
276a5d0f
5d07a4ce
f2185447
0f823aa7
4c5020aa
47772aec
311ce2b6
bf2ac1cf
47c344f9
1c79c4cd
27a8f4f1
25fa3bb1
adba71b8
08b4277f
b4fa5b07
1ebc19bc
2b916585
d52b8021
b8ac8905
8c51e11d
89d387d9
a0d9c304
843737ac
6a8b6795
20f15b93
795be7aa
24e964b6
3fe41c1c
d417f78a
e937b3c3
b8c80044
f36ecb5f
03bf3619
85007c90
afaf95e7
058c7f6a
a2c192b0
0a76c39d
32a34804
8a856c26
5f4f8180
e78489b5
52b4af07
32ad3564
09b97c12
bf1ad250
f753b2c8
b5724492
5492c4c8
0b21acc9
817dbfb7
c8747815
8136035f
539c6c90
1e6cffc4
657bdcff
48765009
565239af
9909b32d
641287f5
639b0f02
6b1d437a
307ba8fb
4bf8d654
b36b34e3
c7740d67
4e07725c
0277524c
29290128
7cf2d5cf
ddb7215e
159d94a3
46f3b30a
4e5c8b72
5ad17cd9
7d75e4af
6b4c622d
c4d04e32
6cb2ce2a
3472f1a1
45d5b9a1
83b202c2
b2cd1c05
b7e06831
bcf87693
303cd144
23c2bcb2
b8043091
cd64b8dd
bc042d55
6197702a
b07f70a0
059d67e0
21bbf37a
424d6ae5
c4c22665
51ab6f92
f0426609
caf16958
0783b312
e28cb5dc
b1683b62
4ebc9b73
c5875313
73d010b4
a8aad433
0a589cb1
e86b52ea
518c7809
1a01a5e1
5a110555
5842bb2f
03013569
ab20530b
48f61ba9
cbc17a32
6ab46d97
65a7d2a8
1dc5acef
cb1394a6
5e9109cd
86a2d426
a8da1986
5d4bc6b5
86ac455b
c537b769
0d400a03
3048d9ee
2069c396
ac20afad
2f0223c0
42661f01
b681b54d
348ffa0a
ccbb5947
009c807c
541e334d
0b5d75e7
353bf57c
3f2f6972
4b7ecedc
b1ea709e
5459c110
87de4737
aa65e732
aa77999a
62c36c03
6f4599cd
97842cb5
d0eb5534
75c43a24
d12f2222
aba99bec
34c0f645
5217432a
3bcb01d2
97ec8f71
45120b59
0c846ac8
c3603fab
c445e157
f52b5748
67d8b77e
67a03a05
80d4c3f6
1c49a0ba
4ecb80fe
ca09806c
16f18e96
d2217c46
14a8871a
63d4de36
dcb4d884
1a9e8308
57b371c6
c80b4d99
405f6752
e0c7297d
c1d33edb
9e303d37
c51821df
c2cc79bd
d05b7d01
d0a7b2f7
f7545c32
4f2d2709
27d5a3c4
0633b9e2
cdf359e9
1b3ec1ca
71536e7d
042c143a
02269f9b
6f1058d7
c751fd8c
a3ecd19a
00000086
00000003
0000002a
0000000e
000000b9
00000006
00000c60
00000000
00000000
00000000
00000000
00000000
c9708cbb
b9e85420
36086309
0364386c
a256aa61
c3332a31
8bc719b7
e5279b7a
43f83a42
ecac6218
d2dd8146
52536e89
c077b4db
62c994ac
6d7c5512
a3a6b27a
109511a9
9a0a842e
4a6192bf
bbfcc60b
102065b4
ea878ad7
f5e1262b
11c6ce52
fd18637b
f0992793
ad03e87d
859ae1a7
2bf21f75
b9a3156e
193c71cb
5a005599
83859a23
056089a4
340a89e1
b424078f
e5a7e5a5
bb6c7243
6f094804
8bc993e5
f49407d4
05aa323d
64117161
37c512da
23fb45a0
e8bbe38e
99a61f95
bb698290
9255523e
78c94770
a8e9195b
e604a2e3
83b14c1a
a40a7d0f
4eb5cb77
f33779d1
5f89313a
426dd2c7
e78d025a
a750556d
f284497b
21a73d82
1cf7d5ae
bf94a9c8
562834d2
46d5c28e
6e2f6b1b
c6f18682
152766ba
e09bd684
416aa617
17c45dae
569e203b
48863160
8b178b1f
1b86bc7c
316bb908
82a98284
513569c9
3c14305b
325117a1
9498dbc5
12185332
32ecc13e
8fcff90c
667ccd51
84f1cf9b
6a785cc8
a2e41484
47f6b979
f087d2cd
b813c6f4
a9a9b295
d76b76ea
0aebb39c
0b39dbb0
50cebad1
5973883b
cac0057a
586c277b
d4c2c162
73c77e34
42b75ab6
9c5c4bab
c8847232
8e9958b2
664dcafa
a44521a8
c77bf5d4
d62d411c
ade7425b
81baa5f5
573db91b
bf0799a2
3827cba9
01ba639c
c2c97c01
c47db702
a67b0263
817c545b
3dcf316d
56272bfc
bae6fb19
b0b2a3dc
26c87351
43e7915a
8753377a
f5a623bb
642898a4
f45a1c60
97bb6a79
1ad7f62b
880786a9
a02111f4
6a6c5199
1c7e9c14
e75f0c74
7a2b0791
91a7e8e1
61538695
7c22235b
675cd7ec
92b678b0
76110187
327b4597
51c75d07
7be16c2b
490d31b4
02bc90d3
bebad943
3614b479
591f44d0
7ea8709c
adc78a8f
30de6fb5
735495bf
d9b1b6d2
4a0192c1
8bdae016
4b9108b4
9c31c952
2b56e715
0ccc0525
67cfbe8c
cceb3225
e6c2c070
1a339396
81105801
019100fb
0cdc2264
488108b5
5446cc7d
1a5f5460
0b79667b
be429aa2
997012a9
34150158
18282289
301b8fe3
87127398
5b7e7766
626590c9
b7e8105b
f19a9c6e
2640a8cc
1dbb0b48
c3b041f7
75c11181
a331a365
8ccb63a5
99ce9b95
3af05b40
624bf6f9
a4030bc9
292b30a8
4d6f85a7
2a5e5666
7aac5909
f727f752
cb7084d4
24226530
9f0450c5
30b38e4a
78d1f7b5
ea9f2aa7
991925da
64abfd84
246cf1b5
ec2cc626
3da112ab
7d3495e1
8197329b
2a9bef3c
3f773134
92d2a6f1
b71c3e8c
5b804806
c04cb543
6f280e26
d8c52287
39d08c55
5313d932
37c2a1ea
24f36496
22051369
c4856cf0
aa9232aa
98900341
c3bf41ef
399f13e7
4b8a905b
08b38675
35b48bb8
77068961
b47a41bf
436f3902
4b32281c
cd071bc0
a94751b2
a03caaa4
90b6771a
acc61978
0a68280a
589b7174
d0853f96
37f16446
4e4dc557
323a56bc
73eab70e
7bad0281
5c271791
b73257bc
97181023
6b799915
a1354319
7679e1f7
088bbba8
a468b9a3
0363695e
e03e6647
b9404b8b
341cf971
ea5c3a34
a41ae717
8f21c596
a8ad6dd1
bb9b1ac8
878a52cc
ab5e3389
42e1438c
b08e2a9d
79e67a63
62b8357a
1bc56ad7
a1161471
97d0fd7c
dacfb694
22239e44
048b0a9d
5139a3f7
9a2ac562
708cd17c
5234a885
612a81fb
030694ad
239fcc98
fc5430d1
6facbbac
5ec287ba
b4607244
c572dc49
c127fb3c
89744fa3
799cf67d
a413e6fb
d2ee6714
a5b7a1cf
9eaab280
40f157b0
45024f3f
688ee3fd
06b0c0ec
3a804d99
b56414ff
f4733996
8be3545a
1fc3c5f4
e7b77d76
268c7e02
d66f8812
08b56258
4876bf2d
bf14168e
37df4e8b
37398342
e8740959
381d2da1
cb06bfc6
db233bc7
ec4c06d8
4f219f51
04c1b3b8
1c378f2c
4ad37264
1c2d8a01
d2100651
b36b0e54
a6084cd2
41549e3a
c827825e
a99745be
162ac1d4
0accfda2
048f0b1d
eca5c471
5c9affba
925fe892
79c85b20
bc974a7f
213de73d
ca546335
c76b1a30
1d4d7582
602b4bac
8da2ba7c
69442260
83bb1292
3b4cb23f
41cfe40d
7be03139
21379853
fd21c38e
06bd8e62
cb94a03d
2a869360
b832b7e4
7a234d3c
2f489246
a2c53524
b3d3e87f
007c0907
25c7c4c0
4750ad43
aa37ca4a
4bfc9e1a
b97a5e70
d18e10a5
2bbdc19b
96bb137c
3c9d8866
55182893
b3e08027
1d7f484b
50886e8a
35ba783a
8ab47458
c80136eb
4088dc77
48255a6f
77bf569c
3412b880
037d82d7
8a7f2aec
28acd55b
5e6d0185
3411c76b
0a12bdb7
14b28835
aceab271
96e9f9ac
4ca2568e
60f96e96
07cb1b5f
565e7146
a6c358e4
0f53fb05
d97538c1
2a84787b
9ca98953
5a977728
78b54c0b
5f78c3c6
1a59b166
53dcccc1
303584ba
d8ba6129
e856333c
78525c84
b52e93e7
e8016369
1f4a8825
8d07f6a4
94c62ce3
9878e983
386517bf
125b8563
5ed608b0
4b636406
4bf40841
45a9b77c
6a06881c
c10cc049
05d5c255
26bd0a1b
76619367
89f80d13
d9aca9b4
463216c9
c10c5d38
65079cb1
fb972a24
985486c0
6a7c9703
8c9bc2c0
53e01a88
fda79a2b
ea6a23c2
8518a934
4bc0861e
68429860
83617401
ea8858d3
331e3a0b
26f63319
e6623142
791b817a
9c7088b0
3dac9223
35541966
25946b95
63c78996
d1d06de5
6a9085cd
c8b63a06
91559bb0
3b212c70
eba644e5
4ae21453
5c43a166
feac8bae
a2ab5b9b
3ff6ba5c
b601f0db
93540d06
0ff6483e
68ad6038
273fac98
80213e77
7a3162eb
953c91e2
02474375
9c6be31b
894bb2ba
aa414384
a28ac9cb
41686eba
2a580a72
205dab0f
3bc11790
cfaba759
15093a65
53310a2c
3b29c473
893aebb4
14144727
17abdc5e
996c755e
bb296dd7
23118685
363da9db
50528d41
74e68c18
d814d340
a90f5ca0
31867584
fc718067
f525486c
4db9b693
868a07fb
01a8a3a1
3e6bdf21
2460279c
d8ce0487
60f69b0a
65a93822
e6ef9356
c3b78105
f0c96311
73703682
17b9d38d
0d09325d
f417b8f3
90d6a443
6c5931c4
b1987e08
67f48fac
e891d086
03d55510
a7acef39
eab8e60a
f931c8c1
7ff7906b
a1342b1f
910dbcc6
38f57dc1
025373e6
51b7c687
120b1d47
e411ac02
f1dc5804
5629f399
fabc79ed
095d1c38
556a3126
5a226a06
e4e97fa6
37619c7d
2461ca0f
bb0e76b1
bd57858b
9bbc41d7
e3ff2306
8f6a9908
1302b2da
39b77b8b
48b0b2a0
0994636e
08fba7a6
2da42a47
0e82d95b
5738c15c
5e370b31
4571a8c7
160c9df2
b3c9bf64
e34acb53
294a17a8
cd10da4a
4b54b570
17050703
b135db74
bda7caef
fabc1488
25818c4b
08354c3e
e9d6bc48
5693ee0c
636da252
cb2b92dc
0b84a766
dc0d218e
f6aecbfb
5e080d19
8acbcbc4
56aacc93
6cb2fa1a
90b1d7eb
a0c4a1f3
b6cb8a3d
ee92d53d
2511a599
ade84575
0e88c690
6313b1bc
2a8b0aac
ef63a66d
e47e18d8
a004647f
26c86443
885e3da8
ae9136a9
7b9a971e
d7209c52
426c4248
479ee3e5
c850578a
4528db10
4fa8c1be
a70c73fc
33fa7b26
28ba7aa6
80c51df4
0dbc1e9c
ba2f307a
bb6b6898
89fcd033
1a5c9755
43d56f75
bb6c408e
4d45b736
715c1abb
21b45453
30cacaf2
214a4958
4a29601c
581b6a23
d96c9db8
0709dc4c
69547a95
52ca355c
64d5582f
c91f26d0
18bd37ac
878c32a9
52b59813
57fe8839
0024d2a0
b963054e
453ac971
2f5318c1
485f24bd
89588a2c
0e47db06
ca061658
86f554bc
b3c95898
d296611c
c4abbc38
cf8af700
098485d2
4a278bfa
6cd5fe71
b1cd3241
366408d3
ab11e828
74b61ca7
0ad12a0b
42a5451b
b983aa1e
db961af6
07c2b132
bf9d0677
aa5496e2
93b47a31
ef754314
2c5f245b
3d5c0f2a
b4ca5747
180711c9
519115b4
1103da45
1afe69fc
73014eaf
e72ebc39
d7439c69
545cf881
cc434a9a
74474031
b5f5a4a5
425aeabd
e14401d5
12ca0c3f
dd50282e
a75a7cd2
a722ac29
6779a680
32a19198
1750eb77
67a1501d
6a9ac06b
9a05ce64
52b12cc7
7b61cb96
6de69243
250fd862
7ce95861
1b19716f
ad79c7ca
e5a357c1
a2a739ad
bc2f168c
9baa2ea7
1fe54884
23a057bf
14281b5c
0c062995
e176d1a3
161221ba
1472eb5c
52173131
e5e557e6
61e7551c
2ebd1763
caeccae1
36539198
348f29d8
29dca221
8c60d708
d3cd92f2
f797544b
4b59aba6
5331ccb0
142f30c2
018ae087
dd0312f5
b13466f0
84d79fb2
a976e8e5
f8db26db
61f9ca3b
1ecbb62c
86a959e8
b95c6a35
d7c17c08
92ac70a2
4d608b58
7d576863
11a33259
34069b57
dd59a30a
d314a324
5737bd65
b10a2b43
74dc12f1
1f9b433b
78651a1b
84247669
620a293e
7e1dc24b
15175f19
9fb17938
893f10c3
07137b77
2950f99d
509f37c5
b55903bc
27846583
63a071a7
71b3798b
9d36fd4b
d4a1eb26
08992371
9ee5fea3
38029845
917973bc
2ee5c77b
7e57a34a
f0e1394a
8d2bce34
db18f2b8
852a7e4c
a608bd2b
1633daab
f0ab277b
3961cb42
961f0033
477c79f4
0a881147
950f52a6
80386cd8
3da6dc21
35e3aefb
c5f9fab5
86ebc03c
7ffa32dd
9ce33a12
a4967b40
378cc4bf
e3db0ed2
8fdb5b54
a6351bc6
7dc8f916
85edb30e
7bb8c2da
1e2da4ff
d07d6c20
fbada4c2
99ff4918
31c83ddd
74ff87a3
a376e999
aa195b78
00000087
00000003
0000002a
0000000f
000000ba
00000005
00000620
00000000
00000000
00000000
00000000
00000000
05c4b7c5
47bc57c3
7d805f98
fe6333c9
f5553770
cdec68c8
43618baa
f1783919
18a75383
5519d868
39e22907
1da8b676
930217ac
47d9ac04
6609e782
325f7494
a48dc0d8
22a1f220
cab0f5db
f98ebce3
03947369
ca7c5131
d1de5c05
4d798e0d
15a9cc39
21575a68
a0701d21
f57b9867
22a56b3c
7de5e423
9f9f0767
91f1a10a
92d8638a
1475e9c2
58ab71d8
8e86a316
65b30935
86b93b93
9da2d00b
1d63f09a
111fa9e3
ad643e8c
82206654
f72337e1
53391e97
0113b7f6
4b9a7d64
770cfe28
1088a868
7a84a291
959b9f67
a3240830
6bf972ca
b190a188
1fb933a2
2ae44a24
907971c9
cccf3874
d8442ea3
43d4cd43
6f3fd260
d5fa845c
c9f39e96
9342d6a5
5625ae45
10528ac2
ed71d0ec
51b6cf49
3b34ec0d
ef5cf1cc
94fc1d10
b7f3c701
a4cac904
f1707ccb
98fcc906
55873114
e092a2c5
3996f601
68198b76
e2b31f2b
68a82cc2
1134e3a1
f1b306cc
96178c3f
eccb8a25
49a77e33
076011c9
614d445f
97a4a879
0f16a684
04b4a2ce
cc9c8c87
af855f50
c7215848
b83d1d2b
9eaa8d20
39cbe752
f2741261
b3461b11
697a1611
c15a2c85
258b7266
f436978f
97d97053
9471bf98
561bc819
26218dd3
18f0a18c
349198f5
5873cc71
05367731
ef781af2
bbf15c09
23ece991
963df654
65df4a9a
cdcb338b
3393b7e9
58998aa7
a619bb79
d092b973
fcd28d88
4ba03754
6287279d
cca83776
65b4ba35
c2981c0a
f1963b45
3ff22e62
d3807583
daf72a79
a6c8fe49
4a3f625b
9accd00c
879458b3
590d73a3
c1ca30a7
0902b783
021564e1
f2b8698b
ca343a9d
e63060a8
77569a19
1c07b295
264be2a7
7b45c5b6
a1890437
8a77440c
d74f3e0a
51302e02
a563c131
9224c599
959b96b4
b59dd298
e1c3acca
5fabbd2f
450f277d
76190d82
b2b01b99
ad2bd92e
05512a9b
04c7da6f
2246c115
0644cd06
9860fba2
2988e57b
9526a0a7
6497e737
ce18cae0
05b46d1b
3d64cd86
5e80690a
09ef46d1
383687b0
773e7291
b2c5bc3c
04d8b2c9
4bbfb9c8
407a01eb
9ff4dc93
472704e1
4810a949
4743ea17
f7997488
f901811b
61509d4b
b7c1bab4
9af08440
35acca42
95b962bb
70213379
bcebc392
5d60faa2
83a40907
a9da8072
828dc2bc
c09a31d0
709ae618
e499e4e4
15b28a46
a0e3f785
7bc29ba3
788c0b9b
76962e49
5daf7945
0b274ac3
ba911317
ea0e861a
b480486a
05d0633a
77189709
8b0359c8
13f09a43
b00e3b86
4658161c
04a0deb3
20349be1
aaba6578
0fdc428d
7fa0e7ce
8c0d3884
0bf0b016
42b2ac7f
4534749b
3181b60d
717fc723
32abaf65
35e6b41e
2b49436d
050c445a
9861c01f
d5caf95f
b1260721
6a475715
cf739421
946b0874
34f32640
3038992b
07d6890a
616c968f
79a57123
91f62ff6
71322296
2ab3b9e1
396d4693
bf04641b
7c3df5a5
d99a54c5
63602506
b298ecd4
856736d9
7ea4ac6d
8e354ad3
17426c5c
54bb5481
a8499aca
5a2b12d1
a8b1d085
245e703e
7cadc1c9
79049a94
6f8589f6
c4657d45
5909aa83
c8aaf400
781d1171
5870e47d
3a165000
5657990a
41243d69
bc996b8f
085ca6d5
b8a7c872
707762fe
d8ab2821
89d56a1c
db901245
d1341bd0
9f297ea6
309183ff
fae54e27
64ebc930
c2752c77
76ea86dc
96c46645
a5b983d6
c501bf33
6e19df17
ad9a1bf9
6affc9b0
423a818b
62396956
631961c0
bd99da37
44abc6d2
873149e4
758ab22b
6525664e
28185de7
99081b32
71232bd7
fa899f87
4466e770
16a939ed
60ce57e0
23770813
47198303
74e614d2
99125339
0f36092b
e9ec1447
a9d2c291
d90d0678
badbc3db
797054b5
6442fa5b
7371bae3
8a47ea31
97b71160
45399ec6
bfa0749c
8d2e6c14
62009ff4
69d53181
127f55fd
43720ea8
652cf610
368e3a23
e926b8f0
a84cdaac
e635262a
463d90fb
7abc9976
660d4376
493ea1aa
ac3503b9
7570cbef
568c162c
729b0710
1245d7fb
b2d24209
342a8d9d
6339cabc
cc6dafc6
c4f03596
2a6aa023
aa3a060b
1660537a
2725f173
12ba32e5
808c08b9
196e3b25
1526267a
4c912234
8a1a2a18
dc2450e1
30f33165
20a5431b
71b37006
a2c3ecc8
270be74c
c4b99c0b
36c9253f
3fa9630e
dc251e79
8f294d9a
fc5ab7c2
13acad36
40f00b06
0f8ae0c0
60cc1e2c
b1b7416f
258703be
a61b2d51
ce0cb736
c4cbc8dd
f5f18465
1e531577
db1012e8
77fbaac7
57806057
0733c934
3b1825f0
cf8b9411
6b20be38
36a2df8b
45f3a30e
a14d01cb
9759431d
c18fb402
1a9c1f97
672f55bb
00000088
00000003
0000002a
0000000f
000000bb
00000005
00000620
00000000
00000000
00000000
00000000
00000000
b24c8d02
a5604633
4d498121
83070cb4
1cc3a14b
2807e48a
f19dc2ff
647f1e56
c889e280
cfce9417
f57f2be7
2bb0f663
ffced246
aa1c33d4
6bba911c
33c908db
a7f00841
59209a9c
0a55ab87
aae555f0
21005538
8a51b30f
1a8fafdb
ad04f22f
9a4f47f2
e36d4eb6
0c435d77
e38feada
76a5bdbb
91391c7e
e84dd4c9
838b1be2
ab36438a
5c5f2830
05cf46c2
2f1b3971
d1184245
26d4ce1b
1294df30
f424fc4f
a0a1b248
5525e415
257ce476
2cfa3aa7
5e33e628
f6c29949
acf205c9
a5eae482
ad0a2cce
04dd919c
1161832f
8d5bc69d
e18e46b4
7a339a0a
13717231
ea030832
ac557739
2fa73c61
746d5ae7
ab24e90c
92a54c1a
dcf40a45
34c7692d
b73cd136
e64cc1ba
84342787
c462879d
91898e21
af548db2
5979aa1f
ea2e6e61
5b674157
f3636945
8b99365c
1b93aabe
d2adb2c7
f7862312
2487ac31
382608e9
00fd8b1b
9a0c8e50
7d2c0426
881aa8f0
52013d1b
1face6b4
9480b8f8
5580127b
76be2642
8982af07
a16a6f27
7957cc3a
81522ce2
74774e6a
4086a533
26418246
65c16a1b
d0c1b752
3b460ef1
2fc45cc3
a9b1d7ae
f3f316ac
87150da0
de8ef38e
23520699
0ca0c3bc
ee5c74c1
725494bb
0a96d3b2
bb62203d
b54392a7
6c23c847
e364c2ec
a4381c1a
628145b0
8577da9a
261b2f72
49851631
5a8e940a
9bde515b
7bb5ca21
407e2794
3c4c9055
7db6ad43
7d4ad97f
cbed3f83
5e313c6b
b13b60bc
51451223
cb806e7c
8cb8012f
bd007647
4e092941
a2cd09c4
d70aae61
b7a9ac36
26b4419d
9c43839b
9a06b592
ab7b4507
f7ae2f01
17053127
2553c367
611c3fe7
b259fd80
b3a44b83
69701c61
b5961a93
cc8c39e0
c02870eb
36850e18
078748cc
49329521
3687e151
b2baaa20
d4b34bb8
c39b9a2d
569bd6e5
0be79752
0bc21f98
3936b2aa
7734b197
22102a8d
7153294c
8b108526
4ce2e2b1
7f363acf
7cd79e84
03a7f0c3
376c0200
0c203dec
8550db44
43c660a4
e104c317
39fcd051
fd2df05b
33953126
8878daa5
6f9501cb
8be7a41a
4a84b2c1
fc21b926
6741a136
26a499a9
098dd53b
f02bb5b3
a6d47c4b
8a2a3118
017f5286
7dd3fa32
cda18803
1ce931f5
0b711d53
167da70c
0961933b
95dcf389
e209f74d
e57d10c7
cf4371ab
5bb39950
14d69a4b
44624350
46bd00c9
b10402e6
4ea3bb1c
120a6441
59d27aea
9a4b7662
1a18e4b0
a48090db
8582ef0d
d3c253f0
1bb8aae4
c0c7e823
67780360
7b0e9582
92126a3b
0102c094
e931adcb
a29953bc
aece5cd8
f9ca3107
40eb8461
363cd1c5
e52916f3
0c20db07
560396f5
27678a72
a97211c8
ca39d0ea
911c4a60
a9925361
fba6a219
6b44687b
23a6bebb
a2c211c2
e8af2a78
002a4b34
a10d8897
d5dc2db2
9180f516
322e316d
34a239bc
8105c39e
2902d697
f1cb99e2
9be3f75f
cdb982f6
f87b6340
7cb0b63c
b94d9055
00c1832a
a3b927aa
5e07374a
22b02603
49410748
d27138fd
20204920
066b870a
b21ad053
a9041631
7b1c6b8e
8398294e
70c267a9
07a93223
610e8391
a07d4f25
3661e562
6877f9dc
cbdb15b9
7459ddaa
cbb6d5ee
45436730
0cdcaaa6
81326749
f2d619a0
b7a62692
83c9e0b1
414c1982
a1102a36
559af3bd
f97e9ff9
2c314369
4d46240f
d7db4763
2e7518ad
9f2c6981
03721039
87430756
170ad51b
1beb1602
acf9d208
a502836d
5a670a67
5c88e425
b744b248
06734d94
7b986d65
cd1c756f
c3fc70c4
44215e44
962f9091
f8fab95b
0de4e65f
75ad986a
f92b27b8
5389fc75
150277bd
e85eae5c
2e48932a
3a46aab0
c33fcbe4
1fa681bd
92732567
98d18c5b
01764467
9e5fc919
973a7db4
02dbf30b
b7a971e1
498f15a4
74c74e6b
134c667d
d3f66df3
42fc1f69
e3cc5854
eccebd6c
42c2c41d
2b086556
38a14269
8c363985
819e2929
c2243cd9
67083e79
5960e39c
ac301b55
6102a403
cda52b70
9bc00e31
4f86f76b
ab5cabdd
31f80434
3ee216b3
7202a539
c0b6cf2c
3349563a
397bf387
a40e2603
88f84eb1
f233c556
e402bc22
8bd0672c
7f93ba66
d74a1af2
8e6795c2
39bd14ed
a7b3c6e7
31bc3a99
b423d6d3
01ec3aab
628ad228
7c1cfcd0
3222c7f7
0ebc5960
bc5c469b
17aaaa57
9e0b6a26
82912796
fa2e8bac
b6e0af8c
f19cbbf2
b20d2530
38ba2c2e
ff0c318b
737b1a51
79005f18
a30e4342
7abf31c5
98e39915
fc09d816
e5d3afb3
be147a5e
ff616b35
1c0f1e00
3e781969
f3082a88
5ac06c75
12b20797
b20c6303
0925ef51
315a70a1
aa0423b5
55ca126f
00000089
00000003
0000002a
0000000f
000000bc
00000005
00000620
00000000
00000000
00000000
00000000
00000000
b97e3d02
999b5565
b02befa4
9d80a5bb
48001982
b2955e49
50271bc9
e046b8c1
b9939bca
b202d101
331db7e8
95eca895
d99664e3
875367f0
6af38587
083060b2
13820d32
c2b66ca2
457a5723
e82d73c7
3c51996a
d4a928e0
7b2448e2
4cd53425
c810a64e
1a17342c
4839fd7a
fa9038d4
28e06353
aa90d83d
507df8c7
040a5d53
6c00f534
f7262042
e7a88070
78d6fa62
d4ce781e
ca9ba065
35827941
a95d2a7b
d9e58f45
23897a14
2587b4ba
1ac2a7a4
0ec9647f
763958b8
0a6ebc15
745c6349
9ec83040
8b8e410b
9af93c6b
b387e7cf
c44f1052
231a1c90
ee77c696
043c3214
a6673249
6935c48c
e11d14ac
0f3920ba
3a1c87fd
3bac3405
05038f79
4421fbe6
73ebc278
70a11e38
f07b775a
01b7ac8b
a7c6d848
1c09b118
39bb1614
1f558229
064b0649
9b8691c2
90b1ff56
55b44354
1cf766bc
be44d8b1
960b1ceb
c3b23618
c591e030
682e7b45
ac08775b
72945f08
0ebd9698
ab0a48ac
7d3ba957
b4884755
12cc1505
7d145374
5629b910
f929c054
1868b0cc
828511d7
bb7dabb8
01207682
a6c54a26
a22281d2
8609d514
77a49677
11e7c384
63aa905b
9ea0979d
732a9a0c
19180023
eb4ff230
33eb7d99
ad6b7105
8708f73f
19800a11
25fcfe91
cbc49a15
54f2cf03
a418bd60
824c17e8
9815bc88
cd26475f
618bcbb3
dbe96293
c5668b69
ad0fcb32
f01481a3
958c7b63
799dfa28
439abbc0
bf5a1593
de21b138
11c3a64b
47ab33cd
718d53fc
b61b56ac
0a2c7d81
a5175904
7765cdbb
5b315eb2
b93e6ad3
3065350c
b488eb67
4ace2b93
551cace2
cb113703
1b1968ef
e9844be2
77579549
5794e993
865d06b8
4f9b1c27
277bc128
ecff97a7
5b63d335
d30de414
11710114
15aac9a3
bec8b744
f5e76496
951b4471
ab9df28b
103466e3
bbf3df71
07688399
e4b90d60
18137463
a9b562a0
e2bfbe06
36b3e7bb
840372c0
fa1aba07
162beb99
d4159a33
e4e83782
9732615b
98cb9161
6c3d8e3b
1316f319
a43dc7a4
b6e65c40
68859d9c
2442a1e9
b37dcbf7
3cecbe92
858ab726
96899cbc
09c76a2b
d538ba6f
297d52e5
76b8b34f
4474a07e
095009d7
58fadd93
98b04a01
656e97c8
a1a5dbc3
93a7d2b5
f6eb104b
7bf13539
a93b420a
31292b6c
36bb44c7
af66136b
0006730c
6bf1e91e
523b6489
c12e4868
b221525d
23171b1f
908aa43c
3e519b60
73a68c69
e6d879d5
4bc0f4b0
714af59b
677759c6
4f4ab084
12347125
ecb78774
a545132d
1b103ae3
127ea661
5cc6d8a3
2f52662c
486c6a01
0c264244
b842b176
a7c52c2b
7a8435b4
d1bef6f1
4a9c55d4
9f461356
34b7456e
1607a7a8
378ba2a6
d436bce2
3c016b29
21fa5777
083ad117
948635aa
7f823817
eb46e956
81b55e30
871728bc
c974b64c
ab7e09f0
89f12e61
707332c6
c5dfb334
6f77463a
e078a08e
b8fc84c7
4861a499
ca9cd34a
c3430125
2dd0ad6f
131cd9a1
345267cb
32d8c380
7256e897
679d4027
07658022
70ba616a
e8bb5647
a3d89096
61378caf
dce712a4
c2b005c5
d62fbc86
99b0a3f1
1f145677
ef7d7719
0be699ca
a437b983
463336fe
b49925e4
60aab1c6
709c2044
26f14437
1d277f99
b88568ad
f48d4652
4c052cab
278894f1
805b1aac
15d45e16
3b68037d
b0af3145
8f2621cb
142447c3
e865a5f2
31a4e5af
1d681093
87748507
97e900bd
fda28915
05b48903
59e2efa7
1acac08d
e4205925
558baf5e
0789c0fb
747b5c27
12ab0e9a
5b6acb99
4caf0d38
3e668a5d
6d5cea25
59b9aacb
5b268d86
fca9d1e0
439aa771
2d069367
a8adcc0a
394faf71
bf66b654
47768a49
a6040c54
99f22ec1
a41fb63c
a4ee4115
0962eec3
6f6f96b0
414d0b23
384a7313
e7cd58c5
4a7872e3
81bbee14
683be6d3
1149307c
5a133639
b7abe583
e40bac74
8224e2c3
9b2360dd
47c68e5c
426afa95
e715f504
bc272885
0daa90be
a76f949f
ab51c231
baf2b988
0020bbcd
a5caa79b
8f902d7c
981afa59
e2257830
9414bf40
79205aa6
01da9d82
6d7330c4
8d40e823
cb3b96a5
1f8c52a2
66ae5804
a257b78a
5b496969
1e11c72c
c58dca54
43172e6a
3e7156dc
d4564e24
30569b33
d685151c
760d3f10
a5c678be
73ca40ca
fb69c8c9
ca770058
c7cdcc1b
f9c7be44
7bfbba07
f0a8c946
898bab3c
c0e09bc9
3b99673b
445ccfa4
5cfb4c55
89c487f2
c128cdb4
0cb4c5c5
2d44282d
078f9a91
4788d61f
9f4b7b9c
90c71d72
6c7675a6
515bc22e
d648d5dd
4b40624c
c51b3230
3caa6219
325588ad
81cddcc3
f8ecfbdf
0000008a
00000003
0000002a
0000000f
000000bd
00000005
00000620
00000000
00000000
00000000
00000000
00000000
4f9c62a8
f71a7f05
43ea2320
d78f9681
52734104
5223dea8
0e69c052
c7647034
4344d974
ec4d5873
3c868e04
36a307c1
f614a657
430c8359
19249b8b
098b27bc
6a3ea5a0
a725680d
36205a95
c1ca6f51
9ee4873c
721b313b
10d26d4b
4b1c04cf
bb8b589b
e7e1a7f1
72daa77a
b206817a
694f9bd0
44567c6a
b229a656
06b18a19
24b2bb54
443daac5
66a00bd6
64d6fd0b
5f3a27de
69ad8e72
650c0d7b
d9bd762f
1bb36fc8
bae00c31
f1aef65c
418d1243
7096058b
ff273857
c8105aa6
5cb6eb4a
260b2c67
72ef7e79
4d5af62f
c49cf4d9
5c1b89c4
1ed3e5b9
bc7c89a5
f2548b45
a6a87208
77ac9242
1bce3cb0
b789b86d
5e9c1109
5a17ae34
cd902c5d
f92c67e0
4b80b825
6b34a055
f15e78a5
9c4abe88
c29ca8c3
640a6388
6bfc5db9
7b5175b2
0fb5a2d1
e638ae83
213c7303
994ddc39
17f568d9
cd132243
436be131
98cd65e4
bc711fca
db072070
d0b5915c
34871b88
3c38709a
228a02fc
844031b2
d90524ab
203b0735
44ab886c
0b751beb
a42848c6
ac82699a
209681f2
70e45ad9
cb460c7f
3c054786
15d896c4
ba26cea7
55165b02
010100a8
78a25c2f
57269791
7cbc1874
c4031263
4e96a0e2
10577b84
70b373a8
40414b61
fa161086
ac8aeb5f
4c683988
89279b2b
92c39829
c973d03e
401ba265
04c51115
2f724311
c0e94881
71b1a149
c0032773
a89152a9
68222398
fd0087c6
75e868ac
bec3374f
5c54e1f9
39310c7b
4e58c035
8f19a163
f8486565
62488c60
1c87f841
d1c6c845
a0aacd18
0ec4f47e
7c679d61
acd12757
041428f7
67ff2307
717a08a0
4a2c3c8e
08ad7a61
aa706bcc
5c5db7f3
39b07c60
43b4b295
cc8287cf
025b9b0b
cfdbca46
920179fb
31259f46
a13b0e2a
6f4432a2
ca0e2fe6
44a24427
303977b4
22f874b4
79098c8e
ada7da83
c9a613a8
25d94bb9
b3b5e52f
9a7cae5b
331c6a8c
235c2571
56391d57
53bbf53f
693fc998
60ec7547
38468730
e9cb6810
72320b43
17f1467e
424aa72d
aaa88457
bf26cf85
897002a0
94758a69
2cc29859
45000672
8c5897e8
a8da80c8
202692e0
c7a2c06b
0ef4c044
edc7d07b
dcddaba1
896460a5
33cf6589
62326c05
3d29a312
f3232762
11568168
416b0d46
d2166540
481b298a
ba34cd70
dbc162ba
19aec462
74667639
f365c198
0a09b552
c0d5497e
1fb9034f
2a802e43
3cd49027
e873904f
374dca43
8a939100
b25b3a0b
091b7d64
30eb284d
dd431246
464207cc
b0ac28c4
ae2ba28f
f94bcbd9
5f9bca48
27655b0d
b4530258
34e03bb0
de1da666
d481376b
135c61c9
63aeb7c8
98006c12
c63b27cd
670a98fb
d0dcca4a
1341810d
20acd918
247a7a0a
5eb0a36b
4f487aa0
cc237707
3057354e
4c7a185a
fba11ab6
44957d0f
4aa86a08
e92d5aa3
13d29b13
c698802e
8286d005
0e1ab368
5d6e04da
000299b9
6f0539b6
b01c76b5
74a43445
8372768b
e31c46ef
34e599d6
4d694b5d
e81d2b5b
a77f0cd2
9483db7d
8344951c
c07f1d70
c6864fc7
edceb268
814d72e8
77268d49
2c65da91
591d0767
af87c652
418fd14f
49155451
b834e19d
6622bbef
accb3609
8828d77a
b61c001b
c2051de8
24793136
dfa9e045
85722a81
37c918ba
5faaf549
7c3a3002
55b3d1c3
215595a4
262a7cd1
5357ae12
fb7b16a3
e9226dfa
ba4a78ad
3b34fb40
838e8553
4ee3fe04
660450a0
26f04927
09705dce
cf1b381f
2add662a
163b59ba
3416ab78
dc186fa8
7dabff39
a5a352a1
a16ea5ea
26dc3e4d
2ea030dd
054cb4e1
47cbd9af
34694bad
2b80250b
03c23a6e
baa5d85b
6b491f9b
2bc59927
803aac2d
40b6c657
30031bbc
b58f409b
c77dabe9
00e105cd
faa0ba42
3ce36d6a
b79a1940
fe2e8b52
c23734f8
146bf095
75a97bf8
71525b25
14565127
1a90496a
c49f9939
4707c89b
3e59589a
d22cb692
01628486
c91c81e9
380088b5
58a49115
5b215ab4
a320a18b
7dbbbf81
430ea843
22343a4c
9b5c40bf
5dbfe56f
b58bad97
2c54aca6
197e523a
065cc669
afe02d8d
62c81bce
16f21770
0974525d
3f5dc73b
32dfbe72
48e2b530
493492e4
bbfb5265
29619028
47887c3b
5a323157
447b6991
e9643a3e
2b4061f7
3913ee20
a1821cfe
17f97ea5
b596082f
5aa36ccc
27de8b96
1939bf07
923ed12c
84d667b7
cd57a731
06b4d239
483ea348
9149543a
e53f5991
78b216a0
378a961c
a40a1932
bc041ec2
5661665c
ca35b707
655d2763
58f40d1b
9264a59b
e5adf07d
7524fd14
99d8159b
fe023647
329e1fe6
fc5973a8
8e50c079
0000008b
00000003
0000002a
0000000f
000000be
00000005
00000620
00000000
00000000
00000000
00000000
00000000
d3c90d02
322532cb
7d51d005
52884bb9
dc36967a
bff81996
8314ca8a
fc4a8e17
a9a22466
7b7cb4c9
b2469fd0
381b4551
e17517e4
81ad65a7
934c13c3
bc9a1c59
403e65bc
b2881f41
48b33b3a
0154ab14
14930120
777104d8
241f66fa
7b3cbb60
3895a893
518ab0b4
57431b87
081f2990
c6ab33e8
4667eac2
ce1db731
f7a6218c
4f609fc8
d65b739b
2ce29e37
7d95788e
385a2c2f
c8d222a3
c52a7136
6d7c7861
758a7d7a
7ed9de09
2dbe829d
837b55ea
cdb0e801
1f9bc5a5
51184745
70c40f98
da47ac05
6c8966f5
2e2734c4
a8c3d374
6a184be4
5adcee3e
8b19d287
a56c02d0
9f64af8a
326969e3
5b87a4d3
6bebf585
fd5cec89
176d735b
93ec7218
627884d6
d9483857
4d8a8aa3
10a7a682
d03e3807
4a00cf19
077a91da
8ced545c
a690b050
628f4b1a
b5cab2d3
52088d2d
7226ca15
383988e9
43975364
9d56073f
b4ca9dba
5a94d43a
f881a1bf
0b088175
6975ed05
15b22214
34304753
30bcdb58
8b1d04c9
1110b05b
5e072e27
b64d2506
a08dce7c
bc04cfba
5276221d
fbb8c656
52e1ea55
4a4746af
9c2b8661
bebbca1f
d26d36a5
ab27ad9a
1ba3d22c
da6aeb16
428f745a
9e61c2cd
1f162c06
7c50b711
c4959d68
f391a022
2a929b0b
081ad844
134c15ab
58d86f6a
a1d2adbd
8159f8a4
85db94f1
7bfa81b7
86861ae0
11260a87
c3199459
5f40280f
a0842963
30cc6a61
b57cb727
f54b01ba
36c021cc
9936f432
9a6111c1
08384f6b
1c67c682
e0d501b0
01c58a52
5f50a6e7
5cc79c7a
0fbb425a
58983c56
1aa3cfe1
145468a7
890e089e
a01b063c
3943e635
119b0814
b0e64ee9
b95af936
ca65315e
8bdfa845
379235ac
d66bb110
e0b7046c
bff9d658
ef67e1aa
195caaf4
18c38b2b
9f68a220
36125423
3ed135c0
9a99966a
91c45d07
3837c43b
5e8632a4
1aa4b40b
b86b1f67
ad4059de
97843030
7f897b97
b5320695
a4f7645b
3cb41707
7e52c42b
3cd445c7
4d7bc3ce
498049b0
66851118
88e15b94
26974bd3
072a3648
8f86d4a2
a6b945db
abae4c03
57d91b5f
139cea9b
cbf86289
1858f77e
30b7bb0c
b7b70c11
6cf62324
7a10b93f
546f2d70
67887f82
6813d60d
30cb0b16
4ed4200e
7f0a0af0
05330751
c648d584
3d25f28e
c6c261fc
6a81b159
b3c12a06
e06535b1
8fe37829
df101c2e
c65cca4c
58365293
9292e4df
bc712d8c
c508acc5
377041d8
ca333903
44f2442c
775450a2
059078f5
35aa2706
907c0933
0a2475aa
04f3e847
661f2881
2559635c
c6b346b8
631a46d7
31fb1e52
c07c5362
395e130c
7a0e6959
cc11b20a
6da54367
8cabb316
b202fe19
18b17ced
d1455e12
9bc462ae
6e67b812
c2d73b62
1b520046
c5017a2b
377ba407
ca522e42
ba7701d1
fc1f69c6
52cab645
ea62f5cc
7bb58ea1
67a8cb49
796a654f
55274f81
cdc0d476
d9b772bf
29305271
acb0e131
8e70f13f
ca5f1d5b
85f8dc93
81ca351e
7a73074c
5bf0390e
459b53a3
0a9d2452
6f41a247
08b25739
c135159b
09e98b45
64b10aad
e43fb220
49c8e4a8
a59e5500
680948ec
7f2661c1
a78300ad
a93004ab
01227112
251558db
abfa611c
b84386b7
873bb7eb
34ed02e9
04a98828
ee0d9553
8ad0c083
19c9979e
7b52f0bb
3beec634
bc27f60c
567aeb9f
55959735
aac7a618
ff369800
33187819
7ae6bdc9
954b1c8e
95c7bfc9
b6e368b2
b466015d
eaf91638
ccc7ee5d
710c6731
a0a952c3
95d0706d
1691f6b8
77164581
c133b95f
a765552e
dcfb6513
1d19805e
6dc75578
2345a6f7
2f113c86
d8278245
bca5ba6b
ae30c8c6
2801b1db
b2df934b
4e089366
46bba6a9
1221cf04
9b21c9c6
b70d473f
a5986774
54a8b8a0
238062e2
70706af9
c1c8ae84
99257b6c
5c11332b
9dba04c2
d0ae7a04
daf81a20
c4116eb5
e36034be
d736386c
a8f12eac
bb08d5c9
37c625c0
7ea8e7cf
1979aa51
c48d45f4
371a2d98
206b351d
538250e2
59b71e51
b24ee581
7c897b41
1720799b
22bc2211
da0b8338
1da1646f
6e18f69f
e5ca2534
c119958a
46a9360e
ac7da587
51dc4d10
e19c27d1
dc9a289b
45b07a05
19c2e47a
0c513ed9
4a44ef48
dc602c5b
ccb91c79
a326779e
b69687a5
d79b9e2b
a6185d6f
866b38b5
6646a9d0
c12273aa
af5886f9
3b4977f4
7a40af55
8605d809
28977c79
8022767b
4c33a450
11422658
5b4a6788
2465aa01
f2109563
9432ad1f
d31a154e
32934cf7
7ff0e565
a4c6ea7b
f048905b
7d70c624
6e89761a
883a0879
d48acfaa
b63e2f8a
a46a897b
141f3e75
6f076c21
a92bbcf2
0000008c
00000003
0000002a
0000000f
000000bf
00000005
00000620
00000000
00000000
00000000
00000000
00000000
72b836bb
20d400c1
36714214
ec386807
86ae0f05
a42c04ac
bd156b92
2bd730cc
67a3809a
3c08b9f7
1939299b
bebbd093
960a8c5a
c6938f60
52b6d857
1d12e740
69ca30a3
673bb70f
45cbb790
4973ab54
be98b2cb
2592fcfd
782c4e48
5bac8b12
e8c39030
986f58e6
031a1915
dcbb89e6
83d29c07
7bf315c8
048313c4
a1697ad0
45b71281
9d8b5732
fcb048e7
b1838064
eb73f3c0
5a557854
00a2bf4c
687c9c55
d8ed62bc
3db6047a
d936796b
c0da88c2
04e91d9e
53a3b119
dc69224b
2ac4dec7
db3e3015
fc2f2b18
58a04126
72971035
ca6255a7
5f9cf1a4
b2b9148b
0523377a
6ecc925f
5e4e146a
92d8ba00
7547b542
fe51b80e
ec0fb7dc
39129446
fc9318ab
6cb4ade3
1943186d
f9356a0c
a8d5a855
5e432845
fa825851
baae4140
2df7b070
5b098021
64efad50
88b2e492
0d0d1458
283bc1c0
a7a7d6b2
f7a7792a
e4e624fc
89d6dcc3
eca8aa90
6734a335
bce212aa
e5a5ac66
601830aa
59a2da6e
04b1a19c
78d973c3
8acb6d34
606f5487
56437824
3f3c0695
5f5167ea
12bba908
4750207e
4693f675
ca4797b4
71603617
d25b7322
318a35d7
c5832a48
f830b082
297649f6
48f559bf
ba6fa179
770998f7
5ef2cacb
59ac11d6
f131b928
21e8e32a
3f69c759
d21c82ac
016c1617
e02bb5aa
c3bf96db
1830a230
f62e049c
083c3584
64d17502
474c3134
e7e104e1
c7c1d715
ab54a9b1
15eb6868
ad7933bb
fd088707
6ac45c85
55bc1d0e
c7371b43
47af4f42
9c7a4592
269b1868
f8894ba8
7e597a18
7a9f998a
b76f3915
09e141ab
28cd186b
e0aab2c4
58f1fb18
cdbba04c
8808363b
28a5c800
c870ea5d
53847005
76dc7947
1d434bbd
5a103fe9
2c6accb5
23a8489b
b60c9756
9e71fa46
0f27862b
85ef2360
8f54dbae
aca863c1
3a4da307
63b33572
90c5cc5c
a1c70680
04c65f8d
d41170da
76159eb0
adf3780c
7200a030
6a9b1de9
0ec71a6a
d70cb01e
1701bfe8
4e8a8156
88a2cc89
a1cb5696
0a5a184b
2cce43c7
3410ac7b
2ed4cb36
a6335c13
03c5bf74
5811ef64
541d82e1
f5da5c01
36b28b07
8837ab66
0765b45c
20685a95
60552013
e52423eb
7742a691
90b93097
ca7c6553
89a30235
f6cf3cfd
db749923
8172d8c5
7b96e6a9
f4831284
630ab594
9344b776
451c11dc
b2384043
fe9279df
c51e8f55
11605b89
814638f5
c6e22a0a
5ffb5423
07765666
76cb6da7
5145f838
ed3b28dd
73d5c578
2677fb33
94974b04
1c628da8
0c3aab25
6651d9c9
00cf3cb7
8be97684
5f00e462
15c428e2
21399ab8
5c65059f
c5dbbc68
3dccc558
a93230d5
9014c61c
3deb2174
208aa150
28b158c5
90966e00
5d1011e7
67a38f75
0d2ac752
6ab5f99f
e1ca2df3
66db7135
7a65fb5c
2ac23e84
4ab0384c
0f495272
58032f59
ac606d56
1d84f05d
6ae4654c
c25a2735
0780a59e
f1233dcc
12d6bb52
45a1f0f5
6b909024
597c3521
3f8ea252
f3d0ba98
36f4fa67
a34520a9
5c4b41b0
41989b43
2247407a
1a2da3a5
0d3829c7
895a640f
30f52dfa
a603a363
3927bb58
7a7b3fd6
ac80d631
52843788
6b3803ea
a449a916
aba66455
d523aac5
bc9bf93c
361e433f
08a7a6b0
27d36168
2d797b23
31d71cd4
50632812
363db7fa
d0ff2037
bcd33459
b005124d
f4a54f55
4a9bd15b
d7a8b1b8
c1da061a
b417edce
aa4b53d4
738e9fa8
78b0da87
8a1d7655
395340f7
3cd9993f
2c8ac556
7144ad48
75b4053d
0a9fd8c6
b77c93f5
2a9bb060
b88e3455
c9e424f2
201b208d
e24178ad
61f74d85
0a177835
316981ae
2a9510d9
43878312
57219aff
a9aa1ab3
a811b9ac
4f72a704
8a3349d1
cb87a828
9f03186e
d7af8da6
5a1bdb44
f860f98a
959458ab
79397625
8b1e19ac
d21e09db
5f450f1f
6f6c9289
0676c116
00d7739c
753070c9
366f5df0
04c498af
0921e66a
f7c924e3
8c7ba5ba
b43de6f4
044d4d41
8af03c07
f30c5cdd
790f358a
6372934f
459ed9f3
414890c4
11fca632
59a1d4b1
836e39a5
caa0248b
0f381cab
b5d7cbe2
b6c4e615
ab24d3c9
42394c39
9f4b640d
280be88d
6887685a
72073045
c2ced313
337b9333
5e80a250
d17200ef
15e12989
6fd6e334
7b273564
6237b744
66e82611
b312326d
75343992
9a304d86
5b510c42
930496a0
01b53b2f
10084c71
819d3596
533718b9
77a2b4a2
0ae63a7a
16038e63
05a4e18c
895a6371
8b916d8b
bfc93094
9aaebd66
24415cb6
4e2068f4
296f1a28
62ac4225
d626f5e5
aefeccd1
b83e73db
4dc24cf4
f5dfff39
637ee35c
4d0139e9
8c4a024c
0000008d
00000003
0000002a
0000000f
000000c0
00000005
00000620
00000000
00000000
00000000
00000000
00000000
3d15ed02
b78c66ec
50292022
6c591b33
e1d990b1
aba9a81e
bea44b8a
9625be84
2d346578
39106bd1
67c8a6e9
43f4df3e
ce42a260
7cc0b313
32d09048
59848466
164b3e20
a1b37a3e
0ec9f56d
552f03c5
76faf0a7
5020c201
4a1ca794
c44064a5
f7adb6c2
d2e4b816
3e48537c
c0ad0b98
719f7e13
c3233803
1f00b5a7
993aafd3
26a50b41
ec5ad0ba
104cc8e2
c024a695
0b9a307d
d7047490
32e8f632
26b4d3c9
196a9e67
215ca7bd
1eb095c4
463fa3dc
34b3c442
6c6f15d5
9238c051
223469a3
8dbfa9b7
20bb4527
37287891
f51a4495
141f5332
82812d67
a07bf1a0
e5cc958c
0447c584
70c8ec91
d49c3956
5e1cec7d
975ff114
79f12e46
1b468352
33286551
c99a78d6
846bac71
1b827461
997f3615
0ff914c8
37233371
80f040d4
9eda4c70
a08c1b8d
bb1c33d5
53dafabd
1380a005
c0f180f4
7567c851
373cc05e
e7622c75
3154cc39
2f91a029
a4c12cd5
b8c81376
9253c148
1cc03074
6859d2c1
3086a9fc
aa48c924
66a57e4a
f215e139
37b17e40
9d6a299c
2b1957ee
974f9f29
c4d4016e
a02a331d
eba622a1
36e0919c
c90181a4
a0183ab3
c652c564
f8255500
3a8d04ac
90442fa9
3063e094
298890c3
0fd97d69
b9b6ca73
d8b69490
816259b7
04739525
18265e06
9e5a4ab5
213be758
c1e77ab0
c987e894
e58aea85
21c2bb15
17759c80
9a6e0ca9
040737fb
85a9bdca
b0c1b7f3
98a94907
99a6f6a3
7da6e341
54300367
48176f00
76126532
394c3297
8db195a7
0344226c
407b4378
8d257e4a
9d3a828a
68da8f71
70c0b87f
813e07a6
2aac132c
0293d4c7
eecc136b
1b973273
bb7076cf
ddc448b5
8a5bb5b5
4413949c
cfaba7fd
d441a5a6
19833a30
139efb06
bb704ce0
73794b8b
2848ece4
00eabc78
c0335db6
fd25062f
d7c83ddb
7996fb45
f78fda67
4a3eb610
400749ae
94863295
c7828f09
c0424b14
795975dd
cb20bc9a
3edc704d
4358dbe7
b3105551
a299144d
a980dae6
08c42ae7
cbb64aab
779646f9
f66a9fc9
6547bc9d
204043a2
c2c3a584
ce452520
5912c928
16e94220
26044726
df06f1ca
caa4b6d3
656cc0c1
739a2ca0
5ad578ba
3e0c1851
bdc6da79
92c55472
4504e358
3296f8b9
a93162a7
7a68139a
ec68b692
f2cf8b43
826b9373
2008e963
37b52679
78dcd58d
08bbe5ee
63a19f42
12c07931
6d315893
311c08e8
a19609b3
d46b5526
c47b0886
46b23d87
834031cd
f65d1131
47861b85
6a4639d4
d02f1a0a
7dc5f649
7b1d616f
9bc665b5
43e83f79
a8c57732
c10709d8
21b2784c
0b04eb40
f59f439a
a5f96b61
5768f322
772c1982
81b82920
b4a193bb
d067cbe3
07c19345
45355b9e
cbf6b1fa
11708f53
761fd66c
6b010eab
56423d03
ee54cc27
c3ee9556
a9849d82
127b8201
e2e7543c
82e0549f
43937417
2876373c
1d48715d
e70dc071
241c2de2
caa84614
8bb4f9c9
28e23135
1e907018
e8104c7e
f1e12b99
c325ff9f
b855d5cd
73269836
8f72008e
f7c0a042
12ee698c
48c236ad
f0b802d5
caba7d3a
9caa4c02
8d9835c6
a625a7d4
a8d19d59
6292fb49
65824f4a
3ad3f742
c8116047
376410e3
ce00a243
a2cb43eb
8b2713a6
2dfa89ba
40194020
a3e84cc6
1823870b
77045a31
aa090169
44d9ff72
70a17552
dc5f9031
a8fb04ac
bc83f95d
0aa86e34
39600cbd
1576d649
1af23e55
94a04a02
aa3fb2a3
6431633c
4dbc060c
da48e524
9ac176d1
09cbb3b1
4a5f0c2b
81224993
76876804
9d9325d1
fcce6d06
ce876368
a718fa64
a3088d69
aa671c36
b7b001ab
32372fe6
a3f02f00
5036c72f
a2aa5481
3ed72f4a
6b06cb72
f452b3ec
0749662e
a273eaee
8c34a75a
62a473bd
9e606bc0
e26a9da2
4f2a21af
4b64020a
31fb15fa
2b8b2969
d8c409e5
127cc620
858c9075
7c0d93f9
ba613940
1e82c449
317d2585
861e5c53
bbd8e81b
9e251aae
789c46c3
900ca819
aa09a95d
d4645df9
1ff653a3
4c438799
d0983df6
4b87b7ac
dc1e5703
c17d90e9
902049c1
879b7caa
62662b77
52e6b2c8
17cf2312
389c3a39
98c4336c
528f651b
c63e5ba1
a49a1721
b84ec2fa
b49693c5
7029da72
56c6d273
a4d86fa6
a0a76b89
7f1c69c9
34c3cac0
53260580
b73d4ae5
6a782ae3
7854495a
05a2701f
c2398330
aa491a1f
cc133219
7aa811c7
7f202e72
2fc06866
54593b26
8d64a652
58334103
3b09bd22
a8da4b83
b85fc489
a8b51bd9
6df3c1b9
1dbf9abf
6ba19523
bbdc9b75
20f937e0
56f6b012
42bc57f3
660e8307
a38e9a85
16e97360
862071e7
5abe0dbc
0000008e
00000003
0000002a
0000000f
000000c1
00000005
00000620
00000000
00000000
00000000
00000000
00000000
3889ad02
e60a0dc5
0d702400
1a9b0c6f
c0139527
a2739404
91217255
51437e83
5fcb764b
e501a06f
129d1905
39c86581
439a0930
1a948d18
40e93751
bf4c577a
f70729d4
4da667c0
8e862b14
e105025a
2c4786b4
baa36b19
18920494
44d04643
e57b9c54
9b895b55
855be94a
cd0f51a1
635873fb
a7783569
1c878b19
28424d18
7cb2efb0
51115157
272faed4
c1265b30
8e39e0d3
e74b5d12
ce3bdc06
67a4f0e1
7b914109
8a0805b4
fa3b041d
f17845ab
2d331633
ac60e1a1
6b7349a9
2d19e24a
ed749b87
2cd60ea5
a765cda8
e73490ba
a82a12c3
08e97d72
ac78831f
d00aa804
7ed8ea1d
0ba0218e
cb473b34
afccf22b
872965df
08cbbff6
3a3c0056
7506b43d
070c8ec7
43396264
6a50779a
e29e1af8
4ab41a5d
5cab74be
18c3109a
9f23dec3
adc3e353
6ae99b44
3ab48a3f
0b2cd72b
7bd252b9
186b100a
aa427206
4c6ecafc
232ae081
95cda73a
6bf0ce01
522741a9
1304928a
05fe2489
2fc9f422
50309b9a
33f29f6c
51410183
f8c07266
6aecb9ac
05eaf904
9156ca61
a03d7023
690105c2
c48d9a37
00915d97
b357dfa5
919af385
9bd42097
ac58ae54
062e696a
eac32008
38b01ebf
b8a3f466
a31b4135
6b0c141d
f957eaf4
5c8e2f34
33b2a6bb
f1b2d800
68f958d5
23d6382d
8abde704
e4a8b999
0546e995
1da6a8a3
22ba1505
78021422
6348aaad
36a6bcb3
50fc7637
8860033b
56ffcb85
70c8bc85
d5b75399
18ce8007
44246643
427f0ca6
fc8e036a
6cecbc5b
357398a7
38bfb867
784aa020
af4f56db
7b29c0c9
75393b36
1ea24099
a26f80b6
59a27455
58ad85a2
c73524ec
6c80cd4e
fa03f84a
c818a186
385c4cab
906ef4d3
16705baa
1e937622
b286f273
d45f7df5
0f69b077
952987af
56784fa3
1feb4b84
8f8cc0b5
f0739259
0610eec7
b43afb85
95cb9544
c78582ca
4d601922
6a2dc1e1
7205bd05
68094369
4764a8a7
ace26f87
3a6f4a5d
f0a3c309
257c3f0c
0ea56341
1c2e0e56
55336349
206ff335
0ae3ca54
8677519b
986be7f8
632a3a53
b9b6dd21
ff1d5bf4
642fc219
c7ba33b5
2b84748b
982531fa
53c87629
f13b3993
400b6800
c3bad531
784f8435
b55a2dd3
b1f23c35
54ce1591
091f1524
1cd6e2b5
437af742
d51b68da
0a723b55
dc8cd471
43778d7b
2fbc4dc8
952a7b54
1cea5543
b5f7f52c
b579e563
73e9bb82
8549c2b3
63314428
b34d2fa4
b7a9cca3
0003218b
b8366572
cce19029
f3910498
192b0f4c
c05aa05d
2b06b29f
cb113d35
2e66b385
0c2d97b1
60a30eb1
ba982b5e
2b461c29
571e4849
a2b05541
a26e921f
85289fa6
7e4ccd94
f49d2584
2135c5a8
2a8714c3
1295331e
92282849
a62ce17a
522472d8
112c0a18
0f69453a
a05f6913
f62b0c72
00c4e99c
c7ba9be8
a042bd54
194c7845
4f539355
f1fb866a
50d481b6
36661aa2
89bb41e0
c791fb8b
c3b68062
14eab731
01e6316f
ea1c1b31
daab9448
3417efc0
1c2bb5ec
b3fb42f8
8e656c86
c95e2120
d45b6b24
29fc3f70
9803d079
7b7e9499
0392e535
a8312ac8
e90370f0
69fa0c73
ec908c89
90755510
67f8e941
dc2f946a
6717a31c
36104b87
c8c8fcd6
9aaac2ea
9b908b29
e395a93d
40b0083a
92a706bb
61034656
10b26049
71a43f61
d4ae550a
aa4e3b52
2a511b9c
abccc6f1
662f66d5
27fb84b7
77429b13
b03e20fa
9731a47c
0b3514ef
b8510680
5a98d392
970b0011
d18f4924
50356f46
07689b35
68a17801
3e01f66e
973f46bf
da821a76
73d87b94
ba575936
34f0695b
85e4c877
f44939d0
c648b410
751a4530
87c8dc4d
0686abc7
697757bc
80a7458a
15d497b9
95ba2548
008e5311
3852178b
5cd2c547
2e8bc146
96734482
bd6cafa9
810a09aa
ac7b81d0
9efcb3c4
d686c5eb
b1886b1c
40c07fc0
685caca9
3050a2a0
369a7f05
760a6339
b0623b31
c5533487
d4cb44d1
40bbbb83
04e0a1b2
c61a25e3
7b301fc7
9064a953
42b61271
c43d5927
9e7ad896
3fc34160
57f214b7
2fcca60c
f0b49a44
f704cc33
38dbee3a
617946fc
72fe1e17
b63a73a7
57a630e5
22825dbc
c3f9f143
1f959775
7a2e218a
61e502ae
c5215a2e
66ecc0d3
15e7bd02
32ce271f
55930326
c8081e65
ff04e6fc
e0bc5399
43656221
066a7acc
a20e89ca
81f71489
cfc19005
e10080d2
cda05f4a
a379201b
261d47bb
08951ba9
e932a4f5
29a6a28c
bfd424c2
2e8e22c7
c99dcc2a
b463309d
2c555163
72d28f2c
c9f70b79
f6498081
39693ba7
995d8d93
5adc646f
18d221cc
d5818663
313a69d2
8662c9b3
0000008f
00000003
0000002a
0000000f
000000c2
00000005
00000620
00000000
00000000
00000000
00000000
00000000
3fcb12f3
552b032c
76018047
771f09c5
21ecc312
a1dc9a08
10b31abb
b0faadb2
b307fdbb
ca431817
055f14e7
924b4272
be991115
b4db3e90
2c0955c9
3566802d
f1d14360
124a84c7
131598f0
a0a4b188
2faad08c
a43a2444
8a44c5e3
5653df3c
7333031a
8533c6f9
40833968
8882d387
7abc17d3
26603d05
ce5a2681
97968ea0
52d49d84
174c41e9
38826867
4ea3eeab
77c7d6f5
847849e1
0dd8d282
2ca948c6
ebe933b6
bd841e58
f43bcc53
1b315585
85890476
2b26f660
4bba02b2
2e68e65c
74324b42
519a6be7
1b627572
6c31d92d
d4b15960
36c13db2
15a60664
3b8c1212
1c259455
829be74c
25367fc1
5960d4c7
737d32a1
9a714080
6163852a
df4556bd
692d84f0
a0d971b3
109d9963
e97a874b
b72c68c5
5a4eb0ff
a39f0e07
0d69313c
3e707623
c72a14f3
a489f06c
2dc72265
58f95f9c
c6141408
10c1115e
fa8e94d9
05f8e842
129582f7
0ba87f85
99087d23
0e71b878
c79a4dc1
4c435c56
0fbb1aba
66b9a14c
a273c829
742d424b
16aa8956
621c9d5e
4a98dc5c
87e566ba
869c59a1
09bb1a4a
e9866b90
54c567bb
93699243
b218a99c
ba870253
379b2a7a
bb281d72
72682705
d018c847
fa5135c6
39d8d018
1e64f4c4
611cad96
3ba5d957
b639e1db
63683526
a98992c6
3d16086f
e5be7be1
9bba2977
92688a02
c8eaa112
6fa0be87
200d18cc
b2d86892
05b4ec98
5868f303
16de54a9
604ce80e
034a7118
3c503bd6
8e378058
a0c164bc
e451a66a
c992389b
5281374a
9c6c2f5b
23708a52
7808132e
46081310
847c68c9
7e732c05
5bd87af8
cc782829
73259928
62f705f3
45b20340
ca7ca875
865d20b0
956c3cce
8a41b204
f26713e5
820c6a9c
a35e9294
c96e6c3b
a4dc64b3
c11facdd
07f45e8b
1ceac60c
050c61d6
8102c67a
0e722d3d
8536b2c6
741d2697
3e781c83
e35194d6
01865903
bd639648
9b9ab984
c110ab4b
9c4c667b
3c7f36bc
954c5bf1
52c50846
4d0abba6
c18913d9
6fd08db6
15bb57cd
dc2d054c
bf93c410
e7a73573
49551079
bbf2122f
0f3752d0
f6890d64
2c2bcd08
7d434947
4a897aa1
13a7438c
8d8718bf
7008199c
c948acb4
cbca67b7
79817110
bfd0bc4c
88a930ed
364e85aa
95c34312
39964996
f04bcac3
58814356
f793835e
bb5b0a07
094c6fbe
b4956432
0c58a652
06f4d33e
286dd6d4
57db04c0
17d1df00
98111859
838dcea9
2af22e61
9977011b
12959002
31460d1d
985e523a
a3f082a9
9fc2bf51
18982afa
948ead18
0035d758
b99d927a
9079b1bb
51b5a6ab
efb9580c
f6ecc52c
43511e4e
581cc90a
157a12d7
873b9bc0
b0921748
59ec7185
4c070d33
f076aa31
17429c03
1e9aeb75
c2c628bd
92fc5c96
c68aa45b
db419179
12eecff0
c8db7b46
112a9701
b4881ffc
066bb6b5
854e0498
973dc7e7
7316cc66
ca9427d7
17f78afa
30772023
d248741d
54bf60c4
183cd1c4
ac4b072a
dc9a9cac
31f8ea7b
a242f435
8a3226d3
825cb87a
e011c280
02219251
ce32f18a
fc26dccc
aa6e5f80
4ec9b9af
6b1d96d1
f4058a68
c638e77c
00041197
80b07b20
597cf672
cda8a8a1
4bdb1a8a
aed69c7c
7fcb045c
43f69344
15064815
e11622fb
59b3028b
3533c188
d991dbcd
a15f01a4
84640d91
444e9cd1
84438e46
bba70f4b
99afaadf
fadf5f26
ccf477a0
3479c0b0
a0f54c86
3674de97
9b1f38ac
b67f54a3
73893b66
b2570489
fb071f12
4cbad336
a254903c
c07a0bd0
0caa98bf
ce092794
b2b6c163
75854594
d72ae6fe
69d9aee6
0db2f138
649e4bde
332017a5
654627c1
09c047ff
5a1f53b2
a69067ba
f077e9d4
2a73bd45
b664886d
303838ce
63b862ea
6456bd3c
46865348
4a3e2c41
c050443d
763146ea
160378ca
c5a5a578
4b6535a3
f8dea5d4
9046b021
4f03362b
e2f24565
6ac01704
95c9b8a8
b8ba2584
85131c4c
88b2879e
31a2a0fa
80c10397
11b9a86e
824ab5c0
3ef80169
0878f5d3
d6260936
67110f5f
0fbb822d
d348bf5a
c95cd029
1ec4330f
1646919b
23531492
cd4d6808
62deb270
20855577
3dbb290a
dbe176c5
3507cf39
7a816b0e
945f012c
bb3018b8
2c1bcb4e
ab1a27b2
a3f5ddb7
140679dc
515f5de8
26662b22
4106a987
28226336
c5043837
6a59739e
67b9750c
b312a796
89a12b8c
6bab6c46
2b81d435
6b89f66e
ac0aa841
94f8813b
f39c8773
078d7d6b
55c677a6
e6ace1a2
960b7e35
7d608730
645174a0
354c1e6b
69811396
7a1c47a9
6486424f
a056287d
71fad1de
31734f1e
d94e35de
1fdae0b5
0ec66da0
00000090
00000003
0000002a
0000000f
000000c3
00000005
00000620
00000000
00000000
00000000
00000000
00000000
70a3493b
8204a756
30a73824
e84cfadb
7a79a271
30ec7674
b02d9751
b5f87ae0
33494864
b378a97c
8467b6db
8396cbc1
ca2509d1
baffc5d3
a8c18a4f
72ac04e2
a6a388cc
2cdab313
caa73086
c1c9bb05
898c407d
59049cb6
13665ed4
0ff68558
0104a1f2
34987233
7364c85f
26a08ba5
96c4c495
cff27208
0020abb8
b70b0464
ae7b072c
06a1ecfd
b86c2eb7
54e9a93b
3d004730
58068f97
9281107d
b808b42d
041e1d58
0a940569
5b22d2a9
b4c478e9
b5d4e74f
6506eb09
936f69d0
0554783b
ff2a6cd8
874410a9
4b192f41
05be7225
91df26b9
69a04f95
4b159339
3346b7a5
590c875c
9d4abc5a
88203e13
8bca4d20
f4c22882
2a368153
c0f81dcc
d12d4bb5
d7f4b4f6
6ea9b847
4a7cb3bb
d629c84c
a40762ce
5f96a7cb
41a03842
c454339b
04b93cb3
25701286
12c8a315
e26be84b
9c51439b
7b950b2d
fb41e749
29e40f09
8cf2b9c5
7f1bb42b
d836b262
29472d13
73bbb50d
6418c71b
3b544e8d
d848b30b
9ad9c719
3ef0504f
68c0855f
4689b3f0
95811084
d55614b8
7145a5f5
90ac6034
f4bd885c
ba172110
0491618e
d5288a24
33302616
4dc5ff1a
05071174
00cc0a38
05418a84
b56cc403
46160049
cde7327b
64b157dc
daa21df7
b6f9d71f
957ec650
c39ec6e5
25f8b45b
001748ff
86d87137
684b4007
c1251764
fa6fa461
0eb4d9c0
e8047110
67c01c2a
ab64d622
20b973ef
6ba67557
3131769d
b1be63fb
fae4666b
af134b81
0b3089d7
f876a5d6
4016b7b2
fc90d9c4
e3efab9c
4dc01d58
e68979e3
c066319c
a0d26f2f
c5138b34
aabe419a
12820d01
58aa0449
7c366e07
84f91594
d93136cc
278b63cc
797bd517
a2afa07b
b56305e3
7109b536
3166cc73
51214fe8
38d1bf94
1689e0f1
b41eb476
97e0662f
c95cca58
f4fe91fc
7088563b
f59cb7e7
98771890
33a11384
464b15d7
b23d4914
673b7748
9955b035
141fa8e5
86143714
6ecdf75f
f9538fac
59173b51
eb2b3b2e
14e27b0c
b9ac2e94
c57d21ae
d99a7bc0
364b6265
d725a5b7
e08aa834
0498d82f
7c1640ce
d67d4f64
46560a12
7521741d
b28d626b
2c48fb33
b942e515
ace8a3c0
68e8ad4f
242a9521
da984cab
3181844d
13b63aa0
c6df7aa2
7ed23a5a
838cd51a
53d4c99c
5410d7ce
0ca379b9
334e3cdc
05322f18
d14ad9ee
985e2631
08f4ab4e
b92f2780
5b8ea4ab
0514ff62
3bbf17e2
a3b9304a
a9b95221
1ac326bd
229dc051
b0d679b7
7fbcacd1
b19951a7
1eebf86a
6f553376
40e56af9
9393af24
83341ccc
58bf1319
c2587228
80c76351
332f72c5
b2b2ea50
6bce3026
4104ad79
76b6f80d
5599c68e
95e814e7
69daa07c
2d69a0cb
c9c00832
9a4a960a
ef9d232f
e79e0928
9e009592
3e8013af
88a0b7a1
adf68867
ef6185e7
d44312c8
1782c046
8a8b33c6
444c1bf7
7027327e
5f51d737
47957069
4286f241
8a01b819
0105761c
8ad6352c
7b95f01d
c114a9d1
b7f25d3d
b91fd606
77db6b4a
ac02560a
419ccbd4
d071be31
bf69859f
aa78f0f6
8669cec9
1196b700
75012098
2cc2aac0
6dc5425c
22b3dc86
31ab1fe3
06ccac7a
b5870a9f
3b8b352a
9d23a131
354289f8
68a37355
0b33d06c
4d120533
316b5acb
22d2ad33
49bfc4e5
2cfc060b
038c19b8
418417c3
a61b2b89
17c72d6b
5eb8e796
b22b11ea
b7000c32
4606b7a0
5b0da480
c913a177
7c03c5eb
20fea139
c0550f07
2ea0f655
a28e7978
705b7711
73c73b27
5bf5ae93
52a5f3ba
5c92c5e5
025da107
3d51769a
26c0b836
ab68091c
8bf55c33
384ac480
aa0e2df7
b4fb8297
4fcca843
5c9d7cba
10db8707
4983b4df
fb540cda
28aaed8b
265dd510
5a32026b
69023843
71ce5771
d9f245a0
28da094b
f299f000
ab4b380b
8d5cc736
d94f3188
54c080a9
00b15966
9dc85683
e3bb2369
4303004e
6e678947
2a4f5f3b
bbfbfe78
65b1ba24
e5465798
be833db3
5b4ad109
d0aa2232
3334c679
d94c5a52
49c7963a
062bbfb9
2d1d6c90
1121ac80
91e08084
572dc25f
9834cdf5
5df6ef93
dd516c81
a45e0a52
1adcf4cf
c057631c
9c557251
b8381963
fb119282
494642fc
bb11eeab
7a4d43fa
67228a3a
0351c07c
5f160894
99032157
9c0ba705
04737968
f370614a
aaabf4b7
cd1933bc
d53dc631
a702a25f
9d0bec69
38cd70da
2d483bac
34c7f469
1abc4866
39d2d91b
cd7e02dc
c329a8a6
27b2ca87
66a8f4de
162247b9
9561343f
c953607c
89f12336
6a6b2522
095994b7
cef66332
d8b0af5c
71bc4b08
867a9738
9dfa1ae1
62173b56
619623af
