3254414b
00000001
00000400
00000091
0000c984
00000000
00000000
00000000
00000000
00000001
0000002a
00000003
00000033
00000001
00000020
00000020
00000000
00000620
00000c60
00000000
ca23098d
b4a22d8a
53c26e14
8a2b1221
e0afa85a
271534c0
6ea40830
e93130e8
25a1aa8a
3b5dc7ab
60253230
5de797c1
348ae4d0
b2f79980
8a7b4d14
a9a46086
c019cf7b
bbd93b58
3c032321
145abbd7
78818bb0
a273a631
f6f57081
51053c44
7c323a91
a0c318ba
0204c453
703b4050
838895ab
0faa0324
e06576c3
16fe8049
71d2e702
00bc9c5d
32f45d51
2bb3f5a4
e32ac93b
160017f3
2381496d
507645e9
182b719b
35141b49
aeb77aee
d730adb1
ccc34823
24be3a08
9720b1a8
92f732bf
ee886247
30f63bcc
6aaccdad
d95079ca
a4019583
42075048
107fe3ba
09a80392
a360b9b2
4753e207
ab3e2ca3
73812879
9b7878a8
8c9e6e29
bbc5281c
6072c43a
f765971c
a82572b7
53b8c710
a5f4be70
01d279b0
2354da5a
84338f6b
b2f97506
1b7a42eb
5ccd7459
1040b261
7b5a6c88
d9be5bda
1772af74
d78a33f3
8a30cb19
6d1bcb8b
64a1d26e
90c23637
45a8e895
c7363a2a
8ce55abb
5261dcbf
0fa96694
89d64e45
0861085b
1937d13d
59f5b299
cf87a4a3
fb74a059
a65e2149
6f65bea6
127bf19a
cb47241a
0e598579
2b843897
7aa59b89
0a8111c3
4f79d9e2
d63d4837
af64cbbc
8a58566d
966546e9
3a5c021c
741986a2
a4bc36c2
50f58fbd
74b77a9f
557c3e59
2f7ce549
055cd118
d94a0915
06aadfa0
f824e501
b6561123
a025bb27
ac4de0da
046ca6d0
0540ef1c
ba13fc83
1a2940e6
cac5a539
d51aca8b
d8cd83c6
a7910829
7d814069
26f5c9d8
48057878
80057ae3
14800066
50b9db26
34bab2c3
78c74ce2
b391dd64
c708149f
f69da616
4e854233
fb45a250
947b9750
c9d2de10
f9b1863f
878ba7d5
1ce581bf
e8a720a6
ab196b56
a4640970
4166320e
32d42852
bd5c6e15
a96423f5
5ca58304
16fbb339
a36574fc
1b80acf8
28fbb970
4b4483b5
37a7c1a5
a917d422
deb7d9d6
b3c68bb0
cf27ff30
3188ab61
c65877e2
21b1f34a
337bcb50
5898c2ab
68636d10
4562876d
1394bf9a
3ee50a85
763f31d6
b80f3df8
4e3734ab
e493f67d
a8e5b3a1
20e80cad
40cfe1af
50e6cd1a
091b10a8
522d0246
61198e17
8bb8423c
ea04cc07
28fb1da8
76c09dac
21676b23
f9f8309a
bd57dd45
525c332f
307293d5
3499388d
da53db67
48b78233
4816b667
1a09d01b
11c13222
588ac86d
7210b99d
0081a624
89c5678c
29696a18
f9ee9b54
02db5322
9faac8b0
675a879c
2bc76602
564fdbcb
03370425
7345a0c1
4c2e8395
46805133
0c22d22e
1936e759
d807c103
cdf65754
0d82eb82
76d95508
15e0c275
c273db1c
78db5d88
4145d749
e8240158
656a1190
938006bc
e21479b5
607c930c
5725eba3
6a971a6f
9b838395
cd442167
47c3454a
9bc2457a
bdc20b4e
856520bd
74a7b7c9
576b8b1c
9727a993
a5e75aa1
b2743ab7
63631497
a72aa54b
5305af92
d0b63007
61349aa8
6733b756
36bd3279
96743a59
58c40c13
98cac5dc
0696217c
8c8aec04
66059653
f1f3cb80
01f4c4aa
fb2950aa
4b435021
316c70b4
424ed5a2
a79f9397
57f8c6c9
eb3c6100
3af0c765
6eb86ec5
c6cc272d
39b9b7dc
42b9cd4d
862d22ff
6c998a95
a4a8b60c
04a7974f
a75fc941
6e115012
3c8620ec
34645a0b
b08a7858
9d86f801
f5229990
a147e51e
5b2589e8
c699053a
abe54258
2f87738d
23c63b05
8953ea92
0281326d
16bf60d4
223c5809
8037b4c3
03ad6dec
5a4aeb19
6c75b465
aa0eb43c
bf835193
be6ad48b
e146ba76
533a1099
5f23c313
e015c949
04a8bc97
810768de
315736d8
8967acbe
b83f20a9
074c7c78
3aa1000e
6aa62267
b16d2328
53568279
89cf3cd3
b8c6728b
af970d45
b16b27d3
9c514033
8d70dabe
f558a812
54f4494c
78b79571
b250918a
aa369e64
92214139
488a566d
55d3168b
af322a7b
c31fd157
a2803f37
2723078c
0225363d
ab28c4e7
abcbd344
5f58eaf9
980cbdd1
1e6a5546
cf786b19
98921595
87840a4a
17238ca7
11a4acd7
7549108e
f088070a
e4d96ad6
1173348e
b4a0ab30
850a3627
0bd8966d
dd8f023f
3590ba3a
ba0601c1
be34091c
7c6d6cd3
96243474
fc89ea54
4a7f1322
3b6503b9
b625fb75
e63516f0
cf397dcc
05690815
496b8262
9ec5ffb6
2250d30d
baf841e5
a54a300d
0606e2b4
43427c90
546c6695
fbb8c2ab
c8479800
50681763
2131c200
94158c5c
a8f66058
a898db5d
f227a5c3
023c9d74
8f4e697e
a40f0f0b
ad3a9154
ddaa35b6
28712f45
565277bf
b9a86996
92eb9032
df6a8fe7
f5893ef2
7590387f
2ff1513b
658a3a3f
4778674e
91b4bb6c
43a3b3d7
02c9539f
a027d77b
0480c7e1
67b6cdb4
1b0fe560
01ff7ff9
6228f839
8a17f3f1
f76a7b07
80cb3577
6b31912e
f1b907c2
a8f75f48
001e8968
55c6b93b
2c05e68b
1caf2608
946b83b5
14d7d5c7
fd7cfcee
84983e98
494813b7
de05ca9d
d1493bf3
b9bb4bc1
bd95b15a
189b2172
42700cbd
ab94cc75
bb3b6506
74ec0e9e
a0031918
06ae1a08
aeeb818b
5b332589
48b13481
58f7600a
012f2c28
4196901b
51746726
0b09193a
3aeb72c6
57cb0807
5141137f
e5c155c1
35b3d960
754d5aa3
275023f2
0c25cd52
ef78779a
70526ac7
46a21398
a687b979
14172f17
90a61e64
964f362d
b4927e35
cceb7542
7b20f6e7
e915a2b0
2da93a8b
9aa346aa
382f13d9
9323c674
ba16e791
bc420e60
50428470
7565f851
b4da896a
4e10766a
03123a18
86be991b
3c587b25
4f10882e
aafc3bec
be38f250
f3ab20ec
58681912
cec3f285
9bc0802f
a8734e87
b8352d71
849d81ee
379ac5b1
9e0b7c94
ee66f025
81d20e03
1459fd72
8b4062b5
9bdeb9a9
a4952bab
ec220cf3
33e158e4
3d691a37
82055894
d65aa765
610757ca
b6a1387b
19fb96f3
71c7c19c
e31d7400
bbf10075
04920bb1
f5c3b7ee
c91c1ab9
72406d1b
570941af
06cb8a35
9f8b4825
7515996a
b4c97c8b
add5e7af
1a23956a
3a1b717a
3ae29689
b49536fb
9c916d5b
85761d77
50750ad9
e7b1b5a9
54368a53
15a8a551
32499e00
ca41656c
5068baf0
ea82bf56
1604b54a
6855551b
80023858
48a95405
7b430206
fa77960b
50a238c6
58a65481
623c62e0
8d076e66
45a5a521
6cd618a8
74b94795
35b75894
8151ada4
a6e85029
a7b2a125
a1bbab53
63001564
d332ad00
3b0b8b4c
cfd1f42a
4f8be0bd
e40dc706
37fb28ba
ce5c7463
e4d23d13
519af888
a886a5e7
8628c96a
4341057b
5d64f58a
a91a21e3
104aca4a
bc6e8995
4a373c36
1e5c5685
5e0b03ba
8a9b1ba2
1e130e14
d58075d0
460459b8
59a68d98
a823a839
6cb26146
af6124a1
9f5173e3
8739c143
69906aa9
77916bcd
5bb205b2
cddb9751
57646ce6
f91d2c89
b70ae56f
ab3d3bef
6b43870a
6c475134
ae22aa44
5aae18f9
69e48a1a
32302620
eb5dbce3
b843eecf
ed0c29aa
936669f0
7ccce69e
b93cf86a
89c80cd9
3d5a8bab
734e224c
57e06a91
525554bf
d3beac8c
4340551b
19eab0c6
1d465468
14464426
50c5ef70
fe26e380
b5629dd4
b106bba4
b45e504f
1b9a6c48
78923b03
6c65da36
b8e57524
6d9823b8
98b299ca
b7942d51
8d58e07f
53ba96bb
b86973a6
b2ea2b2c
3e10c0cc
a9179354
597bd99d
06a5a08f
5cb54e18
0273b196
c37e3c53
ec3c4e33
be22bb2b
2844890f
ab4f8840
416a764a
d46180bc
19c5caab
0993720c
bd5161ac
8b814b43
cdd0e7c1
a69c5c43
228271dc
6738f98f
c65c4a13
c467615c
0e83bba8
3c86eb7f
b287bf15
1805eb59
794852ff
375f622a
975889c5
366d7499
3ac67d19
a034d1ab
9cb4f10e
67dfa279
6e6b8eb2
d0c99c98
aaa57e57
4be62f1b
8b7a2c32
35501d24
cc75d823
289d47dc
d81bc0e3
2bcb3d38
e6814268
f5719194
0097ea18
cdb53792
c88fac42
6e7171a5
36b384b7
77b69d52
88994928
ef803bb7
f3336d5c
7ada2ab4
c6a7360a
b8dfa0a8
bbd7b304
57398005
7a8213b9
cd2af516
e20e65d7
dc851a97
4aa9f621
8e98315b
c1a93844
c4b83a73
3f65328c
81bf00e8
8c6566ba
cf1a00d2
a0e3833a
c3b66a42
530a60b2
a4771262
b93a723d
20b15867
8c2420f1
29f4ed15
968fc34f
d50b49ec
58659420
5035d941
d879a338
518766b6
1892f371
02371de2
b608513f
f08953d1
e141127c
3cc47150
eb60d1d7
19b74153
245405c2
66bf6cef
94845f81
cd81943c
a785e61d
b39d5b4c
9513077a
7ba6d42f
49a78cec
5f9c6c6f
af8e4ab8
65548de6
9cac6b4c
c212b73a
cac032bc
8dc172b0
d9bbcae3
a3fa4d22
3fdbdf05
7b9d0185
b4778598
4851270f
d842db22
2c508974
a0e6cc53
d986b495
166d3d14
13731c0b
138928bf
11987665
c045b17e
665dc5c9
a2f15bc1
a5f668b2
399125fa
e3bf1a55
c41c8f46
23b4019c
f0de4325
03e59abf
635398b9
8b1a7510
b4b402c3
52830b44
967c7933
08937f7e
ba275b15
085ec663
6894d1bd
306b1928
a0cd42c0
08406eb5
1fc55a21
f5043637
62b60b93
e42bc397
a22c161a
86cc7114
b55c7b65
09897d30
13a5a91d
33141c7f
d5c18aab
c721e49d
3e887ac1
47ba99ab
9941f814
ca23098d
b4a22d8a
53c26e14
8a2b1221
e0afa85a
271534c0
6ea40830
e93130e8
25a1aa8a
3b5dc7ab
60253230
5de797c1
348ae4d0
b2f79980
8a7b4d14
a9a46086
c019cf7b
bbd93b58
3c032321
145abbd7
78818bb0
a273a631
f6f57081
51053c44
7c323a91
a0c318ba
0204c453
703b4050
838895ab
0faa0324
e06576c3
16fe8049
71d2e702
00bc9c5d
32f45d51
2bb3f5a4
e32ac93b
160017f3
2381496d
507645e9
182b719b
35141b49
aeb77aee
d730adb1
ccc34823
24be3a08
9720b1a8
92f732bf
ee886247
30f63bcc
6aaccdad
d95079ca
a4019583
42075048
107fe3ba
09a80392
a360b9b2
4753e207
ab3e2ca3
73812879
9b7878a8
8c9e6e29
bbc5281c
6072c43a
f765971c
a82572b7
53b8c710
a5f4be70
01d279b0
2354da5a
84338f6b
b2f97506
1b7a42eb
5ccd7459
1040b261
7b5a6c88
d9be5bda
1772af74
d78a33f3
8a30cb19
6d1bcb8b
64a1d26e
90c23637
45a8e895
c7363a2a
8ce55abb
5261dcbf
0fa96694
89d64e45
0861085b
1937d13d
59f5b299
cf87a4a3
fb74a059
a65e2149
6f65bea6
127bf19a
cb47241a
0e598579
2b843897
7aa59b89
0a8111c3
4f79d9e2
d63d4837
af64cbbc
8a58566d
966546e9
3a5c021c
741986a2
a4bc36c2
50f58fbd
74b77a9f
557c3e59
2f7ce549
055cd118
d94a0915
06aadfa0
f824e501
b6561123
a025bb27
ac4de0da
046ca6d0
0540ef1c
ba13fc83
1a2940e6
cac5a539
d51aca8b
d8cd83c6
a7910829
7d814069
26f5c9d8
48057878
80057ae3
14800066
50b9db26
34bab2c3
78c74ce2
b391dd64
c708149f
f69da616
4e854233
fb45a250
947b9750
c9d2de10
f9b1863f
878ba7d5
1ce581bf
e8a720a6
ab196b56
a4640970
4166320e
32d42852
bd5c6e15
a96423f5
5ca58304
16fbb339
a36574fc
1b80acf8
28fbb970
4b4483b5
37a7c1a5
a917d422
deb7d9d6
b3c68bb0
cf27ff30
3188ab61
c65877e2
21b1f34a
337bcb50
5898c2ab
68636d10
4562876d
1394bf9a
3ee50a85
763f31d6
b80f3df8
4e3734ab
e493f67d
a8e5b3a1
20e80cad
40cfe1af
50e6cd1a
091b10a8
522d0246
61198e17
8bb8423c
ea04cc07
28fb1da8
76c09dac
21676b23
f9f8309a
bd57dd45
525c332f
307293d5
3499388d
da53db67
48b78233
4816b667
1a09d01b
11c13222
588ac86d
7210b99d
0081a624
89c5678c
29696a18
f9ee9b54
02db5322
9faac8b0
675a879c
2bc76602
564fdbcb
03370425
7345a0c1
4c2e8395
46805133
0c22d22e
1936e759
d807c103
cdf65754
0d82eb82
76d95508
15e0c275
c273db1c
78db5d88
4145d749
e8240158
656a1190
938006bc
e21479b5
607c930c
5725eba3
6a971a6f
9b838395
cd442167
47c3454a
9bc2457a
bdc20b4e
856520bd
74a7b7c9
576b8b1c
9727a993
a5e75aa1
b2743ab7
63631497
a72aa54b
5305af92
d0b63007
61349aa8
6733b756
36bd3279
96743a59
58c40c13
98cac5dc
0696217c
8c8aec04
66059653
f1f3cb80
01f4c4aa
fb2950aa
4b435021
316c70b4
424ed5a2
a79f9397
57f8c6c9
eb3c6100
3af0c765
6eb86ec5
c6cc272d
39b9b7dc
42b9cd4d
862d22ff
6c998a95
a4a8b60c
04a7974f
a75fc941
6e115012
3c8620ec
34645a0b
b08a7858
9d86f801
f5229990
a147e51e
5b2589e8
c699053a
abe54258
2f87738d
23c63b05
8953ea92
0281326d
16bf60d4
223c5809
8037b4c3
03ad6dec
5a4aeb19
6c75b465
aa0eb43c
bf835193
be6ad48b
e146ba76
533a1099
5f23c313
e015c949
04a8bc97
810768de
315736d8
8967acbe
b83f20a9
074c7c78
3aa1000e
6aa62267
b16d2328
53568279
89cf3cd3
b8c6728b
af970d45
b16b27d3
9c514033
8d70dabe
f558a812
54f4494c
78b79571
b250918a
aa369e64
92214139
488a566d
55d3168b
af322a7b
c31fd157
a2803f37
2723078c
0225363d
ab28c4e7
abcbd344
5f58eaf9
980cbdd1
1e6a5546
cf786b19
98921595
87840a4a
17238ca7
11a4acd7
7549108e
f088070a
e4d96ad6
1173348e
b4a0ab30
850a3627
0bd8966d
dd8f023f
3590ba3a
ba0601c1
be34091c
7c6d6cd3
96243474
fc89ea54
4a7f1322
3b6503b9
b625fb75
e63516f0
cf397dcc
05690815
496b8262
9ec5ffb6
2250d30d
baf841e5
a54a300d
0606e2b4
43427c90
546c6695
fbb8c2ab
c8479800
50681763
2131c200
94158c5c
a8f66058
a898db5d
f227a5c3
023c9d74
8f4e697e
a40f0f0b
ad3a9154
ddaa35b6
28712f45
565277bf
b9a86996
92eb9032
df6a8fe7
f5893ef2
7590387f
2ff1513b
658a3a3f
4778674e
5bfe7093
2cc9dd05
cb629f93
ea0f4cde
d25cf436
cf48570c
a491c83a
964460c2
43bcd235
79c81cdd
2abf65f7
78295e0c
10e9dd89
b02b7ee5
b917e4ea
75a2b70a
00000001
00000002
0000002a
00000003
00000033
00000002
00000620
00000020
00000000
00000620
00000020
00000000
94e092d8
20d04485
006fe5ec
9b5b49c6
ac69c4d1
0240130f
0cd164c8
786c1cf6
76028987
106354a7
417707ea
f22834d8
a4e2602b
f5bbd80e
937822d9
17740bbb
328043df
c9eb2634
5af34e74
b1dab61b
b6f01f18
b6c9e877
99604357
87eb964f
154e52c3
312868e4
8a0dd969
0ded4b99
8c77cda9
6cca39a2
22905322
a308d41f
a041e5ea
f314d732
1edd78d0
83ca22c7
a492fcff
c16ff416
3f0c71e8
52d49c8e
83f416c0
1d5c5a98
b0e21f95
c9c24a3c
f671baa0
9eb2a4ff
69df76de
d194d5ca
4eb91806
afdd3f78
1e80cc11
eb6f03d5
71d0704a
b7449907
bbfff1d9
dc23f198
402aa534
79e057de
80b1f8a1
ca6e9eda
1f117aa4
d94d053c
747e3d56
5ac65ab9
e0af53b4
c5ce0dbf
fbe68f57
91ebd9c2
ea992793
a9dfb264
6e9c2c5b
0afb1f93
dc9d495a
b5d6c642
c1a6d563
b3bc4df3
c1e6576f
adfe690c
013d0ac7
5f71f3f5
3e0dea6b
b0c27a2e
80ca014e
bb87e1a2
5efa9e7d
c3b957e2
4739eaca
56ca85d7
660b6da7
1894a692
36fc5d93
75269bfd
43105e8f
d5a6c2d5
ae5615cc
cdbb92d5
24402f65
104932bf
41a2caf8
ecf37151
94c41c8b
cb19b5f2
313db1d2
60de7276
00d4a3f0
859f07e6
0dadcdc3
2e7fa1a5
03ecccfa
5be8c2d3
cbc33a06
48fcf229
8d5b7050
dc352e47
7d6ad012
02b31d02
c73d88ca
7a7ba5d4
39021d9e
5eead460
bfd5c939
4a8e8b32
a6c3afc0
98f590c9
9a0573f3
ebdb8ed2
72244190
7e8737c6
05712ea8
a167f4ca
6961e95c
4cf02f5f
7e270e75
9ecec178
455c0a49
bc368916
b96192f7
fc0ab25f
0e79cecd
20deed0a
73f6a44d
1cfc0047
f43952e0
96a4d0ea
30738ffd
6e9bef49
c6d554cc
6f6db535
a1abc7ca
07d732ba
20b888d8
4c793ece
82796225
c626d710
223ddbc5
f2f314a2
7f47f2a1
7a3777cb
3f0f1df4
e735c60a
ce7406bf
a92e67bb
ef04953b
fbaac5a8
1ae45874
88c2851d
f27f8741
5c0044f4
22e4c1d1
15e87375
64788411
39ccc789
298a9f54
8bd6c4b9
08248fe3
c539e21f
d54ae1d0
087261e3
992aa736
7be488ce
a9a1e6f3
c3cd57eb
78b44c72
138cb89f
d9cca95c
d79bcc4c
96a7e83e
e836eabf
b027ed94
d28a1e79
aea5cd3f
577d167c
4600aa74
0fbd978d
78bdb9d2
391e1ed0
a39469a6
952d2169
e06b88d7
1f7a2b0f
b8857c18
b73cf373
39c2e4d3
9fbcf793
6fbcabf7
4fc5d5d9
1bf3e506
2b99da79
79aaf2c0
04d06ba3
dd0aca83
e32bcb2d
91dc276c
30f06836
28828e12
e8665e1e
e3dc757c
1c4360fc
6c9ca1e6
2d9ae145
940e4384
dab73450
f06e506c
f23a4909
8810702f
ac201ce0
ff7219b2
d284d228
d1697aa5
38191608
1b0128f0
b9e285a9
522b5325
6478d8ee
3e187965
b53fefb0
5ce0e17b
8db6d21b
e19c4a0e
dfece004
e66802b3
2f8107c0
d99884d8
7e449577
8ace887f
1b16cd3b
f7dc341e
78b71374
d63a8af8
767f246f
aff6d064
ad1dec31
09ec0fc0
fc63acd6
372c808a
5b4b4852
81535543
30dd3f04
cf7d5def
eb685b4f
0f8af089
5db6ece5
ca18946d
39ca8352
cd29318d
f5ed443b
958c56e3
6ab6e23c
ca73b428
1839c4b0
435a5ca0
2639d158
065d4904
7c1895b3
05366baa
216b430b
6c468584
da3e64b6
ae6ac67a
158775ea
49882aa2
cc796806
e0a76d96
a143e8f7
0a9234e2
fea4f2ec
698cf7d2
a503c1a6
79d735a5
0be4b176
6e5dd7b0
01120237
b0f23477
873f9fbe
343658c5
8d996aea
5ecee98f
a6f20559
35d6b9ab
73065d42
eb27121c
03364a63
1acb81d0
160c2b7c
fd2e9485
2d99656f
7ca69ad3
03fa54d9
86f5a010
1e12c66a
d549e327
7af3adc2
fb1d2c67
50851a02
c2c0f000
6b928994
b2307999
1241f60d
5c60f80e
ee8294fd
184934a9
f589c6ae
0845a980
3ee618f3
74ebc3ad
d7fcb986
6fa12ba9
78cf025e
28f573ef
3da4e3fa
26581c45
73b3821a
f4d4095e
12e19c67
00053580
eae6ba6c
f6a641f6
ee510c6b
35570990
8cd87ad8
78cd193d
cc8f2488
96937238
9705f205
aac6f66e
6e31f852
1584ef9d
cd3f3794
240e7f17
535697d8
8f739fa2
57d4f0a8
7c2bd7f2
a6b7a400
f780b06f
59bda805
4e351493
f52a8465
a4a2b898
20b36c0f
6cac6287
6ad067d4
7a7a982e
5b352ef7
a87d29ea
0e25c97b
858f8dbe
002229cf
47931da2
e76ba45b
60c1178c
76b9105c
089f8559
491180f9
6183e655
80c980e1
a746aa15
4f0c0776
908a322b
22ad703a
02f04267
9f177922
900353d2
00e390f1
c802728f
86156a3a
c848f86d
22d150a1
ec1d4587
4cf0e78e
e421311c
d787a6bb
b0e38750
01f60bc9
e00165dd
ff0e2771
1e628386
a7675d9f
0ce568a6
750a464f
00000002
00000002
0000002a
00000006
00000060
00000003
00000c60
00000620
00000000
00000020
00000000
00000000
c050135d
22627b93
0a3d2f66
f1b89461
ea4a0db6
42b84ff9
8b07916c
1d04126c
00000003
00000003
0000002a
00000008
00000074
00000004
00000020
00000020
00000620
00000020
00000000
00000000
ccd683d8
5cf8a2bb
5fcf7a2d
a3cd4c5e
b47ac145
c568b73a
c6a4b11c
9635ed3e
00000004
00000002
0000002a
0000000c
0000009c
00000005
00000620
00000000
00000000
00000000
00000000
00000000
00000005
00000002
0000002a
0000000b
00000092
00000006
00000c60
00000000
00000000
00000000
00000000
fffffffb
00000006
00000002
0000002a
0000000c
0000009f
00000005
00000620
00000000
00000000
00000000
00000000
fffffffc
00000007
00000002
0000002a
0000000b
00000094
00000006
00000c60
00000000
00000000
00000000
00000000
00000000
00000008
00000001
0000002a
00000003
00000034
00000001
00000020
00000020
00000000
00000620
00000c60
00000000
2a9cc288
b180ce91
82e1eb3e
169a70aa
b156a494
97b1de39
d21a537d
d2c72a72
26aa56b3
c667d784
a2b11200
ac695a34
14a8c752
748c8e85
b5c4801a
eece42e9
57b94500
47288e74
1f5e83ea
45707ce1
3fa1be6d
4b38e0ce
5c2231f4
96496b8a
bf86f024
8c8c5171
b4409626
3078e736
25283757
b2708676
c4968c47
cbada2a1
57a0831f
47623326
d8c59761
026bd778
80ac835f
2902cc2c
6c29996a
563cb2f6
3895aa17
71002b7c
bfb73ac2
bc714361
9de20170
7d050971
fb5330c0
4c08c038
12068948
9c649c36
60c2a30b
847c373e
b66d5bd1
13956ebb
72a4a9ad
a01a8610
8346d155
296755f0
a8ae2c19
8f539aae
6d5910f8
6409bc64
c2cb80b3
a006d7f5
1b5c13a8
0c48c387
c2cf546d
39c3538a
21246e66
2ea6333d
03d872c8
a3873910
0d845662
bca88dd9
c342ed17
8f005c4f
748c676c
04743f8f
f2467bd1
79f01290
bf0a6aa4
3845c077
b6d44e25
9792eabd
0160aa24
27c47446
011b5bc5
4e28cb92
f99421d0
b0175461
dc80958a
f44489a7
8ae49430
f08bbceb
d9106312
045379aa
ba4de057
b0020d9b
3928ab45
253c921f
d09aa6ca
6358b438
9a3d6150
f29628e2
bb569d97
94a2daaf
2ca41a04
59acb921
dbbe1ce4
99d63ac3
b751346c
e29a5bdf
09f503d0
7284912b
626a3390
f1b504e8
4eccd767
6c0ff431
eb100c64
51f5d799
7b14809c
d03c8477
c0b5b383
a7b11837
25be2dea
7656bdad
b450912e
824e6b6b
84c369b7
369bb3ca
6b0c0710
c381596e
591082b1
6705a581
5ea14c51
c22046b4
eb0f7431
98f4cb6b
24187b0f
982a60a5
89bc682a
41c4bb61
3bc911b1
88ec7423
490df3fe
e30cab31
80a6beb5
fa9c09b1
f2ffb379
03b36bb5
51078c1a
f7f47d9c
7c888c5a
49721b6a
7b7100a7
2fc09827
724ea00e
32d85207
63e17633
74b03153
bad5cd35
2828726d
06bf1216
ab4b690c
70a8006a
8b517709
5819c8ba
4dd3fd53
ea9fe244
fadc8672
9b7cf4bd
ee47232f
cc33317b
1a605e27
d64b87a1
c9944897
c159969d
ad300091
a5383103
319b8d7f
3f870822
c7b93d73
5cf40730
bf07a049
acaa03ab
8c7c103f
be2c030a
2b2a6024
65d2e4ca
9e89218d
e8c59ea8
5756c032
f0bae501
b5e189da
80b7ca5e
b830c82e
9c6d8f26
973c88a3
fc20ccaa
59eb6148
18fa7a70
3445b2a7
f2016395
68fbdf38
26a820bd
e46bcb4a
28858c91
accb632f
30357aa8
c5415051
acad0ca0
5b360b1a
26f66c8a
33490ab3
4be96184
250ce244
47c7230a
04a25239
0517fc04
9247125e
7c411d62
8103e2c7
01a724bb
64b128d4
4b05c03b
a96bf45f
26019c12
bc569188
c3a41864
1bd4c6b8
a946863d
05235915
b38608c3
a2005499
a47107a8
4b5d7994
c2a69e4b
e0210b1e
7c9f3f93
4c3bcb5f
3f30aa20
03b05c65
048b6f52
6052c8b3
318e0cc0
4195b46d
d32ba27d
78fe75a9
4dc03444
f945a5ff
10f05515
c46b6933
06bc7ab8
c9a5b765
8fa0d972
471191c8
15ef3cda
53e85c6b
321f1691
8c6f9fd0
5e848a0f
44a08a26
429450e1
35b4e247
d372dc4c
97b501ea
b461600a
396335f8
f13cb30b
08919fcf
d6cddc58
36465ec6
8952df07
404468a3
d4166854
219bd5c2
7e34154a
100358a9
2e186a78
b7abc2c6
28fa6230
6a80c61a
0e2c046a
27203195
6eea66ad
269f5a24
f54ca281
43dbd505
9bc3a8f8
7ce012dc
3456809f
5e72e5c9
9a22a418
a081a620
a84451ca
72c31d61
02f1ddbf
c14a25e5
b9505495
ad01e64c
6915b568
8a8cac96
2a96f11b
cbb45827
343aabaa
197c9c1e
2bb85a00
62cb36d2
2ff2ae94
32bb1b1a
1cbd6edc
09b4fe15
ef95c4e6
79e91310
2bb91d98
b3bb97ff
85c34db3
0b446c17
687f6329
01d10b54
cd33ac43
1a33d2e4
d9a51dab
4413a4c7
1fb473a0
89d536e5
6aa93902
59529831
a2f67136
7780942e
665c265f
a72185d6
3dc89e3e
6329acc6
340cb7d3
66178653
a1188b04
d54e3735
58a42135
4102fbe1
436f1100
1c261a4d
f479c5a1
24491531
5229d63a
5f46bc5e
e1c77987
004403b5
847d489c
3268b2a7
c239ec98
b30ff87a
d3618cf2
999a9588
cf571872
f4980fd3
6c71193a
ec98e6d9
fa696e94
cbcb77c4
b90e068e
e63e6dc9
744c894b
bda93381
e48c75b5
1a79df5d
1e7dd868
f69a0df7
09a9c326
2c131a45
73f00207
59595d1d
4c6832a7
d3d85917
9e669210
9fabec70
4cef4c80
3a5616a4
217af2f1
bcd63f9b
20012948
3698da1a
9baf24b8
2cdb70b8
52accd9c
8ae53359
370bc016
3b1ad83d
989ec389
7f0d9693
a546c26c
feb9ff3d
34617609
a7403ce6
7a10704d
65441b12
833fa41c
3ff61673
86022901
7ba04d30
41ccfb45
feb99280
c8a70ec0
a0204f8a
8e18f9ad
887c7023
cdd6fdcf
9e5af386
844f3d9a
c8a5842c
39482066
7a039950
75ba5fce
70635a49
118d11b9
bd884732
901c844a
6baa19d2
9e825cbc
af91c2f2
f09cc93a
52d97286
afc4dc25
8b42aa7a
1e20e77e
a16689ef
7906880b
272cf688
0c4752fb
d7356503
8b86df62
a367d1da
4642c783
68ca18b2
06519bef
ba309e97
738a274b
7570c31e
13372b0c
2fb3395d
67c61a81
09be17e7
8f273f8b
225b8193
2317c070
a3f122c3
02b1d8f4
8a80396a
841be59d
64745053
4b6983e2
817737b9
e104e661
f185ca27
cd05ea0c
03854528
a5ca00f1
a54b8730
2c10a300
290238aa
2df7bc1d
c5377645
00f7c857
b978eb12
f64819df
c8745905
6dfbf11a
e41f60ee
52183d0c
37144451
ab572b58
ca7b6229
b5c30418
2563a73e
2c9825b9
04f5eb8c
00bda574
437432e4
44d92972
6b53b794
5a4373f4
2c553c1f
4d4f0645
23ae1cf3
af4b3938
d15483fc
0cdf5c00
78a8d5c7
57130629
dc9d0739
a6557b72
09c61575
c3a33f22
4dc22e4b
b0973303
7577c6d8
35c6e547
df46e5f5
d207a252
a9c31ace
a87951f8
07508089
3b09938e
7f2a1224
39ec3c55
5ab342bf
2828f107
1cc9238a
35b83292
468812a3
abcf4016
9b9aaf5e
40ad63aa
36604104
3797899c
0c59c8ff
aa0ca283
5bda7f99
d07d36e4
1c13910b
1bf64e0f
ec7e200d
4a8f0a75
a9ac5cbd
1879b794
f5c65130
9686ca2d
0758c6ed
bbba8a75
34322004
c7523011
78a494f8
69ea64b5
70194ad1
37b4bbd2
88228f90
e74e08d0
fca338d5
1d318e62
c28c555d
76d13d11
b3fcc32d
b599a836
57b4ce83
3559d5a8
1b6e92f6
3568295a
351a6b2d
5c9186c9
198c8e24
6381a33e
7371c600
e8600593
0f565c45
88c51738
b39fcc48
b4378088
6892aa49
f6e46a87
8383b565
31743829
12688040
50a67d5f
fd7a9127
3801bd42
4bf6e19f
c60e5bef
e56c3988
7529628d
881898d6
c0f62980
b9825000
ebb014aa
e98c18f9
72123b3c
ef7f5937
15cf4dcc
1805f7b7
4fb3a9d8
b0c52618
8df4a91c
41ad2211
622e9c13
b4db375f
d47c9531
291868db
67843624
0133a945
b8ef0042
a4b4a90f
cd2488d3
22145cd0
01443a24
a25d8526
e1248094
3237a236
19338ab9
b9489980
c9ab25ae
6aa9a5b6
16508aec
471cf87d
dc86e55e
abd57d13
021ad9b7
828a2511
11e22d98
4d8a804a
48799ba2
cbf3263a
5b98e573
f21080d6
047cad33
b09cc364
8f9302ef
091b6e03
8e311393
e79c0881
84001d8c
6497b696
a77b8cc0
883200dc
078b2646
eb4a1009
f257c7b8
27458a2a
805ef74c
a977b3b1
52089471
9b57e1db
90b7b759
b7ab061e
c9602b97
00cc7c35
4143c124
0215e5ee
d8519dd7
89426f7a
a255597f
76734cb4
40f96266
ce7d7bd4
b2222ee0
1480131e
4a4035d7
c23e5213
1af2de3a
9a938431
52da0beb
46817964
422f70e1
c38581c5
b8e163b0
2b5c4584
6ce28d50
004c335d
0d43c720
85aa4a77
7f00f9b2
a59514a4
1573ad0b
29d4cac4
735b2bbf
e4a89036
366c5022
7077c8fb
1cf5b98b
8da499b8
39b78538
972f9733
2cf11da3
ffcce237
50fe0856
58440b0f
ff0dfa5c
202a93d6
35e1cf96
b206fa18
316f3ce9
c1e5c6cf
fe2f3c97
d5c073ab
2c7a0faa
622a921b
31425a06
1d0bb387
491061d2
a836a033
7935f19b
07870061
9c81c4d7
37e14667
e2971753
c0e454b5
81a1576f
0b1c9b1f
bb2c9b45
9302c9c4
62c61a82
bba1207b
2275938f
5e79ba22
58734804
2a55de40
8b2b6ce2
f6efafbc
98780b1e
f86d60ef
54e95681
6fdbcd0c
e880d14e
04245de9
5dc17fcd
7348dcac
cc6d27a2
6ba39218
73c9b84e
478a85d6
0569a68f
89ca042a
d8ee4f0c
70365530
c47ff0e5
58a0593c
41e50248
c3c46ac2
794f77c5
275122cf
bfbd544c
ca26b7a5
c8300571
1899e47e
0ac51ba4
7ca6e53c
46966805
772e6f51
2e6232a8
699a1cc1
014d0bf7
8251f34f
f26c8bfd
0c7181e1
53a8fd2e
62297158
c5042faa
64756083
fe4bac69
19a01e86
a4683b92
067539b6
9bf39645
8370fa83
f5200c62
6cc9b778
5dfbf4cc
de265748
bcfbbdcc
18e2ee6e
7963b45f
875a5b57
3a65285b
40a74569
ea02049c
a486a340
5b7df4f0
e972c9b1
4f381662
9c48489c
a9ef9dbb
3e982b2b
f096b711
d5c676f1
ac904226
ae13db88
2b023cb9
6e26c2c8
2a9cc288
b180ce91
82e1eb3e
169a70aa
b156a494
97b1de39
d21a537d
d2c72a72
26aa56b3
c667d784
a2b11200
ac695a34
14a8c752
748c8e85
b5c4801a
eece42e9
57b94500
47288e74
1f5e83ea
45707ce1
3fa1be6d
4b38e0ce
5c2231f4
96496b8a
bf86f024
8c8c5171
b4409626
3078e736
25283757
b2708676
c4968c47
cbada2a1
57a0831f
47623326
d8c59761
026bd778
80ac835f
2902cc2c
6c29996a
563cb2f6
3895aa17
71002b7c
bfb73ac2
bc714361
9de20170
7d050971
fb5330c0
4c08c038
12068948
9c649c36
60c2a30b
847c373e
b66d5bd1
13956ebb
72a4a9ad
a01a8610
8346d155
296755f0
a8ae2c19
8f539aae
6d5910f8
6409bc64
c2cb80b3
a006d7f5
1b5c13a8
0c48c387
c2cf546d
39c3538a
21246e66
2ea6333d
03d872c8
a3873910
0d845662
bca88dd9
c342ed17
8f005c4f
748c676c
04743f8f
f2467bd1
79f01290
bf0a6aa4
3845c077
b6d44e25
9792eabd
0160aa24
27c47446
011b5bc5
4e28cb92
f99421d0
b0175461
dc80958a
f44489a7
8ae49430
f08bbceb
d9106312
045379aa
ba4de057
b0020d9b
3928ab45
253c921f
d09aa6ca
6358b438
9a3d6150
f29628e2
bb569d97
94a2daaf
2ca41a04
59acb921
dbbe1ce4
99d63ac3
b751346c
e29a5bdf
09f503d0
7284912b
626a3390
f1b504e8
4eccd767
6c0ff431
eb100c64
51f5d799
7b14809c
d03c8477
c0b5b383
a7b11837
25be2dea
7656bdad
b450912e
824e6b6b
84c369b7
369bb3ca
6b0c0710
c381596e
591082b1
6705a581
5ea14c51
c22046b4
eb0f7431
98f4cb6b
24187b0f
982a60a5
89bc682a
41c4bb61
3bc911b1
88ec7423
490df3fe
e30cab31
80a6beb5
fa9c09b1
f2ffb379
03b36bb5
51078c1a
f7f47d9c
7c888c5a
49721b6a
7b7100a7
2fc09827
724ea00e
32d85207
63e17633
74b03153
bad5cd35
2828726d
06bf1216
ab4b690c
70a8006a
8b517709
5819c8ba
4dd3fd53
ea9fe244
fadc8672
9b7cf4bd
ee47232f
cc33317b
1a605e27
d64b87a1
c9944897
c159969d
ad300091
a5383103
319b8d7f
3f870822
c7b93d73
5cf40730
bf07a049
acaa03ab
8c7c103f
be2c030a
2b2a6024
65d2e4ca
9e89218d
e8c59ea8
5756c032
f0bae501
b5e189da
80b7ca5e
b830c82e
9c6d8f26
973c88a3
fc20ccaa
59eb6148
18fa7a70
3445b2a7
f2016395
68fbdf38
26a820bd
e46bcb4a
28858c91
accb632f
30357aa8
c5415051
acad0ca0
5b360b1a
26f66c8a
33490ab3
4be96184
250ce244
47c7230a
04a25239
0517fc04
9247125e
7c411d62
8103e2c7
01a724bb
64b128d4
4b05c03b
a96bf45f
26019c12
bc569188
c3a41864
1bd4c6b8
a946863d
05235915
b38608c3
a2005499
a47107a8
4b5d7994
c2a69e4b
e0210b1e
7c9f3f93
4c3bcb5f
3f30aa20
03b05c65
048b6f52
6052c8b3
318e0cc0
4195b46d
d32ba27d
78fe75a9
4dc03444
f945a5ff
10f05515
c46b6933
06bc7ab8
c9a5b765
8fa0d972
471191c8
15ef3cda
53e85c6b
321f1691
8c6f9fd0
5e848a0f
44a08a26
429450e1
35b4e247
d372dc4c
97b501ea
b461600a
396335f8
f13cb30b
08919fcf
d6cddc58
36465ec6
8952df07
404468a3
d4166854
219bd5c2
7e34154a
100358a9
2e186a78
b7abc2c6
28fa6230
6a80c61a
0e2c046a
27203195
6eea66ad
269f5a24
f54ca281
43dbd505
9bc3a8f8
7ce012dc
3456809f
5e72e5c9
9a22a418
a081a620
a84451ca
72c31d61
02f1ddbf
c14a25e5
b9505495
ad01e64c
6915b568
8a8cac96
2a96f11b
cbb45827
343aabaa
197c9c1e
2bb85a00
62cb36d2
2ff2ae94
32bb1b1a
1cbd6edc
09b4fe15
ef95c4e6
79e91310
2bb91d98
b3bb97ff
85c34db3
0b446c17
687f6329
01d10b54
cd33ac43
1a33d2e4
d9a51dab
4413a4c7
1fb473a0
89d536e5
6aa93902
59529831
a2f67136
7780942e
665c265f
a72185d6
3dc89e3e
6329acc6
340cb7d3
66178653
a1188b04
d54e3735
58a42135
4102fbe1
436f1100
1c261a4d
f479c5a1
24491531
5229d63a
5f46bc5e
e1c77987
004403b5
847d489c
3268b2a7
c239ec98
b30ff87a
d3618cf2
999a9588
cf571872
f4980fd3
6c71193a
ec98e6d9
fa696e94
cbcb77c4
b90e068e
e63e6dc9
744c894b
bda93381
e48c75b5
1a79df5d
1e7dd868
f69a0df7
09a9c326
2c131a45
73f00207
59595d1d
4c6832a7
d3d85917
9e669210
9fabec70
4cef4c80
3a5616a4
217af2f1
bcd63f9b
20012948
3698da1a
9baf24b8
2cdb70b8
52accd9c
8ae53359
370bc016
3b1ad83d
989ec389
7f0d9693
a546c26c
feb9ff3d
28c90877
46fe9d65
0113e85a
6efff32d
81e0b1ec
940a1b39
81ff2a17
c49632aa
9ede96cc
bf06051f
4a150a49
d26bb46d
c31314bd
3116dcd1
1e17ff90
221ed1f0
00000009
00000001
0000002a
00000003
00000035
00000001
00000020
00000020
00000000
00000620
00000c60
00000000
caaf3193
e8f047fb
989be205
d9c2a3a2
a8fe9ad4
cd1cfb06
5f10245e
cc3c6cca
13b65115
ceb47a92
53cb84e2
76b38d96
2954217c
f079c45c
3860456a
296bb15b
32863327
20c5ab0f
e46fb3e5
071458d8
5d837e9e
2d173579
92ff93c8
b777b177
f9aba9d8
a5c66dc6
2685252c
20025439
e5e2b4fb
51034476
297181f2
a0f6cb10
781b5a2f
ce6d006b
19949739
af6b9f1d
5e54f1ce
d20c963a
63848604
208a2bff
40114294
c12aa88c
b45ad082
556a2dc3
8163c36f
693f16bf
28007e37
0fc7e8c8
26a5d70a
9b4f27ca
ba3abd65
34bf6491
c5474bf7
bfe46669
9e881b8e
a029ca54
287ce637
672b2afe
384d5510
3151b513
e05db7b2
88ab19a4
76181588
6c477bcd
83fd91ca
0c150d48
6a6f20b3
345eb940
28e7f912
d351f08e
0bd49ec9
a6a0299e
9f73a15c
722c1288
0e9515cb
cc0293b9
17dd8ef1
59166f44
856f3930
e2524ee8
8466b521
fa5cb531
a148d008
09456d38
c28cd438
ec384ba9
b26a3f1f
bf6555fa
63f14b3b
246aeb8a
84cde540
8341560c
b71a1e33
404a11cb
886dab9c
45454cc8
b1606339
6cb337fb
1d4505c4
0f97ba7f
873b43a7
0bcaa89e
b04b7cff
54258bb9
5569af12
16cea911
50fdc48b
1c127ec2
e91d22a0
948b7718
20d31910
302fec20
b3da7b6c
bd18958f
4f37fc51
b7e4b584
8557f000
9ccf39ac
c5a40dbc
48c95021
b46b4a5d
a2543ccc
203cf61d
877cb944
a8daa509
7f193329
994aa21e
c9a27043
660b5e49
a60aa160
dc0bab2b
cc84a24d
e0c0b739
a7984746
06a15e36
b7153879
ea02bfb2
06b5c570
383c34ca
b6ef6b38
a1316e9d
49bd8b67
40e6b17b
8215b475
02082805
12e64a23
8bcc88a5
f74ac22e
08ac5e4c
13dbee5e
0a3427b8
8a349fe2
02a2319e
4b0ad244
6af4412b
93824c6a
e3c5b8a2
a19cc4d3
962407ac
d8bd6093
f32d82a0
caa7165d
b20bf948
d72c97c7
6cfb8d0b
3f45f1f5
046b2669
8729c3c2
bd6505de
b2f432a6
cec7ca57
0ba75379
c41b6829
cc3a2f60
fb3bfb3c
a735a163
6461e458
454a347e
a7a1b34a
6842232d
db0a87d8
50c2aa84
a52a7e12
2898e793
2c118c84
892a5926
8b35dac4
147105f2
54713c4c
46aeb849
e1516a60
35caf450
cc9ebc93
5382038a
82321026
e788f453
175c9633
2666a342
c5094852
927a3948
2fb8792e
0e1d5bc3
cb7519e4
8bf3f6cf
0b8fe2aa
79bf2b45
3e02d92c
7f7693b8
57856ed3
0360f174
8875da99
5aa9039b
012cf321
ba0c5462
b8828bb0
3ba46c34
4fb4073e
25e65a8c
b379c35c
431a63fe
3b534943
b464c185
de05784d
112d4449
988a233d
7f89e156
03135203
3f7c3869
3554e92b
70115a88
2676ec72
6eabbc56
c833bec1
c435780c
141d0b67
3be26727
4762aec0
8f3c9a52
7aa38b34
ac0735be
5639c993
e65c440a
48128896
b1c0a6f2
db00399b
4b3a802e
1f23d4e0
0257a641
bb412250
a4af24c7
0a1a9941
627cde46
e420a2f6
76d8b257
a5b04bc4
686811f3
3ad6b6e2
5fc5a544
103ef853
6b6034e5
a48c1076
b9a112bf
8ba2617a
a984d11b
557605c2
5cb660d4
32b97c40
0945f472
d7da32c4
93733ab0
8660c1cf
e9d4aa1c
b19c1bc8
d8395508
5485c1a2
ca6a3421
3d6cf446
37626912
8b3937b2
7c461540
0a03a6e7
67736696
40a7e617
93c22b15
40729899
745d5218
d35b4c72
87182d5b
73c6d2f9
1273113a
62abf39d
66c6485e
d4c40742
13f41a93
0ecac10c
980816f9
67490b89
46a9924f
59f53748
6ba27c7a
e0a454a8
726575fb
b9e26d76
0882b3fa
00c6cb18
8b58efae
f916b459
fc198e56
2c90034b
dc4735c1
b17c1918
041923ab
6380ec24
d8585d3a
a5bcd961
e5020145
45a74722
53619394
560a3c72
e7f4641b
05e8905d
ff8770dd
4a0b42d3
bb4cc50c
93469432
1c5193a3
2b2c9ea6
585b3a7a
992e4f78
a8bb4098
8594c9c2
9c565121
169694a0
2833f7da
ebdb20b2
4b79437d
3eca7313
7891c68a
9d883e65
6d54e867
7804a435
0d41c6b9
28cb7693
d40a08d6
b934e81f
863b4070
1190c287
41e2c8c6
b72ff237
19432419
95b0c20b
c5854c59
d4d48953
4f122297
d97f0607
561943f3
9c799253
34095527
52387512
a055164e
1373693f
f6b00c13
65e59d79
7c8bdba5
f5a8c723
4c71a73a
6ea89470
754a8967
c4e689a4
527cb614
ec400f03
6999595c
7c0be0d8
8c2c4903
8dbadfa6
92071364
84c21217
9afa9105
79397b84
4727c24b
56d90f83
5c7bc1c0
e9dc4f97
5553566f
0ca700b5
32ea863d
140529c9
843137b1
5db7edaa
e66f9790
47475f76
f146c9bf
810cc58e
918f6043
02869886
5d969a84
a35c6448
5e81c131
511c6a50
18af3ad7
9bd392bf
685e8ab1
78eb4714
8ee43c88
a85a376c
2aa86ce3
8d183eba
de5d798d
5b650ba5
c309942e
34c93159
0c82b5bc
75e92c6d
9b5a95fd
659506f4
c6b40400
3eaf4724
f4de8210
12ec4a5a
d3c8f91d
0364826c
26f9554e
425350bd
4190801c
501670c1
e45909ec
89096dea
90cb8b8b
c30952f9
d9257539
9007f684
b81b9063
b1f97824
548708ce
b15f3549
a821396a
7354c9cc
0b65c549
9b3d9df4
260923b5
bbb4f207
961a7b43
5f52359c
e9331332
a0666b43
cea99986
d7c61740
c4455148
2e41fd08
553a4669
76f02789
248bcd3e
056444c3
dc10ce35
13027841
3059dba3
a0cb40dc
225bca12
312c05b2
921cb392
2fd1f430
c17e76d5
c4750770
2263e278
5ec6400e
a1fa36eb
0b538bc1
6bbf5a6c
697e3911
c7c86347
c6b3cb81
42f267c7
24a2bc87
5e9d0c37
90606690
7b4bbb78
2863a4af
d703c2f9
b91904ab
da957217
d902b808
3fdb973a
ba64e91f
a5f4787b
60574640
957b5a3e
c21d1a97
540bb0a1
181cfbe7
9149ce0c
61c97872
920061fb
d90e0700
a552b70b
11b06156
a08253e3
3a79571c
d84a86fd
75cdabd3
8e16782f
cc3822f1
45680a52
77a53cce
3a7b201d
684e592a
3e786778
4257b080
3b751831
6b92d3bc
19324066
790ea438
47a8ad3b
8285646d
d78b3496
4ea28d03
fcb6d465
d67e904c
c759019e
917fb06a
615b0311
2410a487
6f9626ab
3867647b
af9aec60
d7c029ef
e34d8adc
1dc44413
3a7bd084
a8a52565
87a8bc84
4a8e750e
0515026c
7e58a705
808c28b6
990e0c91
a309039c
70c4c74d
011faa53
50c18b84
0753e659
494c7f20
ce0ade74
02a3c230
b127591b
027078b0
ab4c0aad
08d3c2cc
5091db65
560257f6
4ca1c358
bb88d0c7
20cb4712
fc21a597
155be746
9d50558c
fac86d0a
6f01536b
9c93286c
07439988
64261b5e
5bae3b6e
55d3520a
ad243d3e
d16a3962
893cb58c
14fc8f6e
11ce578f
057796a3
8d4b132c
b686a10b
a294bbf9
62066dc9
297ebc7a
f99d0b66
78e1b9c9
14b9396b
452b988a
63424f6f
035d8468
0343c077
baa45262
7948611b
5ce0a958
2c0772b2
b42709bd
e4a77b66
744b7e83
3ecdb905
75753fe4
cf9b20b8
e7222612
4c419be9
9d2ca33a
04201bef
cb2bb844
07bc8eba
002eb49f
21d930a8
be8753c4
05bc864f
8bce4bd6
1dc68b94
c9cbb06f
f9912555
0cc52296
a1768349
614a4106
84413509
d857abed
76f627bc
2ae1181e
e85b3312
37b74499
c3bcb3c3
a5487122
2ba30ea6
69c5c883
68bd352b
ccf72dd7
9c514b26
357b4352
40b39978
22c03992
6034f851
7c9baff6
b4d1ae73
2f32ebed
a0554579
23fc5acf
0ca16032
acb52965
152b5855
54c26134
48770201
016092b3
4d18005e
37453f55
1e631326
63b4d02e
2bc50c3a
4d45626f
9ba414a4
2288bc17
afeac95e
941412bd
5b922c65
53cb19ce
406021e3
09f479b8
00789b04
6689a198
75467c8a
384b711c
e49ee5a6
a30a62d7
b33bdab3
044c3cff
bb3a5fe4
7c41ec3c
ea0809d8
a2901d70
0c21221e
738d18b7
fa3db19c
2753e303
532491c1
1b9c70c5
bc2cee6f
e114875f
74ea3aa4
3fe6d622
65807c24
78fbcda0
aa2cdd2b
8b4b1b78
8578bb76
bb46b4c7
b22ba540
3c2f11c8
7f07dd5d
545d62ac
a3b026dc
c80921b5
303701c8
11b53827
a7767337
d2c1074e
808110c3
7ee9acc6
43a3f661
b7cfc1d6
b7185b6d
669a1756
b98314d5
8fb8e504
710970fd
38917ea3
66f3a229
c36b38b8
4149bb42
58c99018
667e0b04
9cffc5cc
52c8cb55
82427809
13c765f8
2af8d02f
9c6a014b
3cb064bb
4ff6a3cd
df60e7e6
d2a764a7
b12770a1
fd09898c
6668c9e5
71086708
b1b295cd
c399cddc
4103224b
1b47f147
43308db3
27c7a4ac
461c97bd
bb7dbb76
50017e98
056ef184
a7946968
164a7076
0007741c
43962376
72f7e059
9838b014
a64e1bc5
077b4a47
f005e511
0a220c06
91c5a980
a9431648
d62a6c79
8377ed51
c33386f3
9034b308
8df27d86
e94a05fd
78ff9cc4
4e2308b5
f58e5317
26e97281
5d3af442
29291b42
a1be0b21
18398522
a091bbef
51056444
86da439d
bb6d1a03
bc249e3a
6e684ebe
71adeae9
274d2aa4
32897e90
a511b86f
00183d66
ce94722f
9ea299d4
548f32ba
1205f860
8bb42ad4
87796e72
69c2a278
a0a2cb2b
569a2f05
1763a0c1
84bca641
c30b8c6a
70e9b709
caaf3193
e8f047fb
989be205
d9c2a3a2
a8fe9ad4
cd1cfb06
5f10245e
cc3c6cca
13b65115
ceb47a92
53cb84e2
76b38d96
2954217c
f079c45c
3860456a
296bb15b
32863327
20c5ab0f
e46fb3e5
071458d8
5d837e9e
2d173579
92ff93c8
b777b177
f9aba9d8
a5c66dc6
2685252c
20025439
e5e2b4fb
51034476
297181f2
a0f6cb10
781b5a2f
ce6d006b
19949739
af6b9f1d
5e54f1ce
d20c963a
63848604
208a2bff
40114294
c12aa88c
b45ad082
556a2dc3
8163c36f
693f16bf
28007e37
0fc7e8c8
26a5d70a
9b4f27ca
ba3abd65
34bf6491
c5474bf7
bfe46669
9e881b8e
a029ca54
287ce637
672b2afe
384d5510
3151b513
e05db7b2
88ab19a4
76181588
6c477bcd
83fd91ca
0c150d48
6a6f20b3
345eb940
28e7f912
d351f08e
0bd49ec9
a6a0299e
9f73a15c
722c1288
0e9515cb
cc0293b9
17dd8ef1
59166f44
856f3930
e2524ee8
8466b521
fa5cb531
a148d008
09456d38
c28cd438
ec384ba9
b26a3f1f
bf6555fa
63f14b3b
246aeb8a
84cde540
8341560c
b71a1e33
404a11cb
886dab9c
45454cc8
b1606339
6cb337fb
1d4505c4
0f97ba7f
873b43a7
0bcaa89e
b04b7cff
54258bb9
5569af12
16cea911
50fdc48b
1c127ec2
e91d22a0
948b7718
20d31910
302fec20
b3da7b6c
bd18958f
4f37fc51
b7e4b584
8557f000
9ccf39ac
c5a40dbc
48c95021
b46b4a5d
a2543ccc
203cf61d
877cb944
a8daa509
7f193329
994aa21e
c9a27043
660b5e49
a60aa160
dc0bab2b
cc84a24d
e0c0b739
a7984746
06a15e36
b7153879
ea02bfb2
06b5c570
383c34ca
b6ef6b38
a1316e9d
49bd8b67
40e6b17b
8215b475
02082805
12e64a23
8bcc88a5
f74ac22e
08ac5e4c
13dbee5e
0a3427b8
8a349fe2
02a2319e
4b0ad244
6af4412b
93824c6a
e3c5b8a2
a19cc4d3
962407ac
d8bd6093
f32d82a0
caa7165d
b20bf948
d72c97c7
6cfb8d0b
3f45f1f5
046b2669
8729c3c2
bd6505de
b2f432a6
cec7ca57
0ba75379
c41b6829
cc3a2f60
fb3bfb3c
a735a163
6461e458
454a347e
a7a1b34a
6842232d
db0a87d8
50c2aa84
a52a7e12
2898e793
2c118c84
892a5926
8b35dac4
147105f2
54713c4c
46aeb849
e1516a60
35caf450
cc9ebc93
5382038a
82321026
e788f453
175c9633
2666a342
c5094852
927a3948
2fb8792e
0e1d5bc3
cb7519e4
8bf3f6cf
0b8fe2aa
79bf2b45
3e02d92c
7f7693b8
57856ed3
0360f174
8875da99
5aa9039b
012cf321
ba0c5462
b8828bb0
3ba46c34
4fb4073e
25e65a8c
b379c35c
431a63fe
3b534943
b464c185
de05784d
112d4449
988a233d
7f89e156
03135203
3f7c3869
3554e92b
70115a88
2676ec72
6eabbc56
c833bec1
c435780c
141d0b67
3be26727
4762aec0
8f3c9a52
7aa38b34
ac0735be
5639c993
e65c440a
48128896
b1c0a6f2
db00399b
4b3a802e
1f23d4e0
0257a641
bb412250
a4af24c7
0a1a9941
627cde46
e420a2f6
76d8b257
a5b04bc4
686811f3
3ad6b6e2
5fc5a544
103ef853
6b6034e5
a48c1076
b9a112bf
8ba2617a
a984d11b
557605c2
5cb660d4
32b97c40
0945f472
d7da32c4
93733ab0
8660c1cf
e9d4aa1c
b19c1bc8
d8395508
5485c1a2
ca6a3421
3d6cf446
37626912
8b3937b2
7c461540
0a03a6e7
67736696
40a7e617
93c22b15
40729899
745d5218
d35b4c72
87182d5b
73c6d2f9
1273113a
62abf39d
66c6485e
d4c40742
13f41a93
0ecac10c
980816f9
67490b89
46a9924f
59f53748
6ba27c7a
e0a454a8
726575fb
b9e26d76
0882b3fa
00c6cb18
8b58efae
f916b459
fc198e56
2c90034b
dc4735c1
b17c1918
041923ab
6380ec24
d8585d3a
a5bcd961
e5020145
45a74722
53619394
560a3c72
e7f4641b
05e8905d
ff8770dd
4a0b42d3
bb4cc50c
93469432
1c5193a3
2b2c9ea6
585b3a7a
992e4f78
a8bb4098
8594c9c2
9c565121
169694a0
2833f7da
ebdb20b2
4b79437d
3eca7313
7891c68a
9d883e65
6d54e867
7804a435
0d41c6b9
28cb7693
d40a08d6
b934e81f
863b4070
1190c287
41e2c8c6
b72ff237
19432419
95b0c20b
c5854c59
d4d48953
4f122297
d97f0607
561943f3
9c799253
34095527
52387512
a055164e
1373693f
f6b00c13
65e59d79
7c8bdba5
f5a8c723
4c71a73a
6ea89470
754a8967
c4e689a4
527cb614
ec400f03
6999595c
7c0be0d8
8c2c4903
8dbadfa6
92071364
84c21217
9afa9105
79397b84
4727c24b
56d90f83
5c7bc1c0
e9dc4f97
5553566f
0ca700b5
32ea863d
140529c9
843137b1
5db7edaa
e66f9790
47475f76
f146c9bf
d7bf9d24
acfa8728
0c901bdb
95b3b5fc
d874f35e
8cd37260
e9d99de2
e3d6af06
5c03d726
4ac763d9
6a9342b1
30bdea91
6583c574
f5f94549
759fc2fd
f2eb064b
0000000a
00000001
0000002a
00000003
00000036
00000001
00000020
00000020
00000000
00000620
00000c60
00000000
b023f2f2
399c78e4
6838692e
2558e997
8ce3b6b0
6c801f82
dfcb9018
a5e10f50
9b13aab8
d7a78941
52083620
a7ca14b5
eecae83b
0228885c
6857947f
a4805259
15cf69b8
d007254e
d3b95598
58f17f89
2d16307c
43c449bb
d3125902
71a450a9
64bc061b
d81622ea
0662781c
3fa36160
9c0f6a77
8e2cb569
26b728e3
5341baa6
8eacd576
513e5036
a5197f06
0e1b603d
d148c6ce
45dd56a2
94da7224
d66d65c6
5c74ce8c
2648c04c
af407388
92350546
6301c7cc
b572e10a
545f7222
4a244e6d
94072134
7475ac56
89d24a5c
e9497255
94519af2
59f17a67
31af24e8
87097d68
64a37762
613ba93d
e9faa703
27a14c64
c89bfab6
7585240a
814c3f25
5608903f
415744a4
9e729e11
66684629
65e214bc
48329327
4daa86b2
2cbd2e87
671acfbf
4002d9a5
5592a0cc
b9d211c8
c487397b
52d572a4
1666acae
7c4222e1
55435d36
c466ec01
d76e8251
88889d71
3ab91d24
c42fc87f
01f70839
303a2451
608c30b9
b3f6610a
83578624
074bd78d
d3195225
a8e80329
f897b950
60f529a3
0c2cfa26
d422e343
7172a5a5
4295a800
de7dd5e8
2920b0c2
08a16f30
701548b5
d2d98ed9
5f02b39f
f8a66051
f5cc8f3c
b60a8909
3940b6a3
fc4d8920
cf507b9f
48348850
6ce81da4
a7cc1d38
cd31f4f0
514d4912
8a353859
49652139
f9d304c8
0136321c
b405a89a
8492b7fa
2571b282
5390e8de
f0cd1e20
6c7807b9
9e1bb1cf
090f8924
9511479e
12bc000d
f4a78066
11f4dd5c
2ba41053
3ce03d81
3b74776b
c57364d6
c7fac687
6493b269
5011605f
749c2ad4
7100741f
2a946a14
780d33ea
13682a13
ac44a8bd
a32c3ad7
4ee8b111
e193b0e3
7b2e3871
42a53a35
823bbbd3
d756b222
04213aad
a2bf682b
35678866
cfe49011
dd220ce6
2a92bdf8
b43c9377
12c0a5f3
42dd2ca7
5f8186c6
ad076487
c73b03ab
1c81cb42
98802cd8
48a47e84
4971ae53
decb634b
088a6aa6
ae755fa5
610d3a87
49a987f4
c025be87
935545e2
e3cb1af0
5369df22
c108532f
28b26f07
c86a0d61
395fe4cf
27b45709
6f5ae9a4
a294a4f5
920f2afa
71ba5ea0
47cd2731
834a3fa5
70ebde5e
ebc81224
c218bcf1
8b7a9c00
7e5d99d8
96354f80
2eac634e
e12219a5
a9684856
ac992b5d
f98d7c88
0a2e0985
a4b426be
361cc068
094ab353
1489047f
6f834522
aa04b52c
36650a7e
69856ab4
c96f36c3
8c830d46
32b40ae4
41e80620
a0545744
71665709
fa3d6356
a9b63f5f
3783d2b6
349c5ba8
a0371eb4
d35689da
33970e64
12845473
1683c905
d8222a24
6390971f
26b01cfe
8343ab88
2b027f57
44145855
693781ea
aab6446e
bf79d0a4
55ee8163
02e13c25
a717ec3b
b1045b32
5fa58a1d
e629146f
921c9661
43108ab8
24869822
e85561db
319b9736
917d3762
d2580cb1
16325a26
9909755b
e3cd1300
b8f73661
a0c69962
7c036cf0
6441e535
21610958
d4b88787
4fc8566c
06ba6a0c
604b6e5c
bd35df78
09b90486
44bc6876
77acef60
f60fd590
d13aac05
5d04ec08
4e2c9676
c2596e3c
5c9af892
dc2b83d0
89ce9be5
71bc9183
f83b35d5
286f369b
34491cba
ce4110aa
895332e3
5e4a0ba1
2b3f8c55
6c8a98e8
7697f960
389fd361
aab163f6
9b47269c
c17ea6fe
d3e34870
2b5236c2
185c53e6
b70bce70
05922421
0fc06b54
d86fb8d2
4706ce52
932388d6
22ef11cb
1cbacea5
f0a7c2d5
c54d17b0
cfe8662d
897c561c
b2c228e1
c7dbea9e
4e70e2b8
db8d3980
cbd1892b
c170656b
c8f52658
4fd2f955
233759f2
49ef843c
739a9a24
9205549c
3cd618c6
bce283bb
a6ad08a1
933ebdaa
5c8b53af
dc9fc26e
50096c14
0cc87c81
4baa5822
4b980aac
c0051362
43369082
3c621d85
906a8d8b
659b26fd
96834b52
2c19eea0
630242bb
32220942
bcc3de41
46440566
dbb62af1
be27bfc9
3e99eb16
f1bc5205
5a8cccc4
499d44e4
e7da08e5
783ae11f
582c3576
b25e0c23
37c21d86
fd9c79dc
a6e28835
a6d106ad
b71f8865
b52a0c62
6a76ec0b
901744bd
d7283ce2
cd43ff5f
5d40aa88
557e605b
2d180b1e
166a1342
90dc8e50
59d19abe
f4362426
e53a8006
b4c0c480
26c62a55
0ae31277
9663f639
e8b4abdc
9aaccb64
6f22f5a9
4218428b
f3761881
c748c69a
452a283d
c99ba9c4
56522e0f
2bc28138
928b85c3
41d58283
69b95660
a7161319
b4076a35
2d6d146b
d8bb60b3
9539639c
72caa785
a2389927
ccc82fb2
3a7f6e7f
0ec97b75
f8a8d865
f60292f4
73751396
08a03bb1
1880fc8f
9ecafb33
ea651882
683ebdea
2294944d
935d2929
66a19db0
c24293b5
6b248752
5a070201
6547693c
9d9f2370
f1a8b6fc
5af4066f
25a2c29b
d6da7fa4
ca157128
40c82485
f3fd042c
c38693ae
ce07771b
88063f86
80241872
aa4332ea
d4684965
2de51f9c
12c08c5f
b957178c
4216f8cb
17bdea0f
95ef3a23
a6774c5b
ba167a77
c65e7435
37377c58
d32e046f
e7cd49da
96318aba
6642ac0c
64e71dd5
804869cb
efa2e5b0
19798907
af7ce662
8e2e151c
b0635ad0
ca567fb7
320d4999
40c58517
b714c8a2
55169172
900d4674
bc26688f
36b3d3ca
3a69a233
4be30223
ed42c45b
a3fe4487
084a0570
9ab0b946
8af311d1
5f01463e
4f0631f4
438c6b58
43799993
40ac597f
3b6d6c1c
67a9144e
1dcd545d
7343b2d2
ac54ff45
05b16c61
10686501
ab85e0bb
24ccb075
f1ba4b12
4c50c8b3
8a4aa446
c25c21b4
4264f52d
d3a2f394
58f55a13
a4801019
d7cde79a
fc03c511
7127fc6d
d7befbd2
5c43b5a6
0629ae07
956e6577
946ca224
0417b255
95a353c6
e82145d3
4d51e730
2a61777b
c68ecbd2
8968aba7
0d7471f4
303d944b
55264148
4532fad2
8bca4217
1f241243
481615af
d52850d6
7e718ec0
716b28ce
b805bf57
526c95a1
405d21ba
99383227
c9b7d89d
c1931217
ab9520d8
c9090bb0
8b2abb9a
b2812140
68c68e3f
3ac3b2bf
7b766a65
16837db7
cb087251
946a4244
4e1542b6
e6735a7a
005bb72a
c179d40d
cda3c73f
baf12253
050b972d
e495e7fc
13a8c51b
5ea8375a
f477e701
027ebd52
5d7cd084
464dd341
f610c598
aea9e374
60398359
b9392df0
2beae4b5
57813773
56853c78
1562dcb5
734a7c08
a6d52efb
30b2dd2f
f15fe006
cce6874b
79f3634d
418635e7
e49f9db6
b21aa08c
9cb910c2
d8896d43
4cba2d4a
b92231f4
25782491
7b5b4f9a
69ac6c1e
825a9734
c0718058
86966879
e305a1ba
6a43ccb1
11b26872
3b83a7bb
5ec8f42b
65ccd599
94340aa4
14dc3891
8a4183db
74ac688a
402293c9
389b1528
75ea5560
95599097
d88929a5
c354bd65
1995a158
bc5170f0
dadf7bf9
0cd55f2a
6dce13ee
29cb8424
38223c7d
35852b77
3a6e904b
7b2b50c9
2fc3f48d
55c54dab
1ed72832
0886fbc8
3a754392
93f27e7d
4427b998
58b2a4ac
1fccd419
c0a54baf
e8fb1694
753189c6
42c2c3ac
56f836d1
a2a1ff36
f2167214
788000d1
2876db77
be363384
f0fb7631
b93ab7a4
8452b6cf
881c8fc3
b751a23a
7f6ed42c
7811cde6
4d29d991
8f380080
85da12ba
495c941a
97a7a27a
db0351f2
6399681b
061a0755
120eabc9
8f74252f
2fa259ce
b48eac68
bd955163
0a1207bf
859d7ce2
c911417b
155b82df
09b4cc13
7ea302cd
55029363
b92c4921
59d07b70
7296c2e7
b1789444
b857df7d
5d3f91e4
55090dc0
08770f98
2ec20b65
6afe8835
16f02c0f
86bb73bd
397fcec7
a4201f38
c13f4a88
a49753dc
9b1930bb
0839f747
04d48ed5
36eadd91
c95aa1cc
5c7d33ca
46ebea05
86b8a947
a51c4535
7dc6998c
8e16a5c5
1875440c
7b27c357
36abdae9
d1db5567
c84c7c13
e5a097cf
d91698e9
4b98f16f
8644eced
c570157b
70bb7207
e34af54b
d80b15f5
09da7d9b
aa39b95f
1cfac3d0
935bf2bc
bd1e0bb4
4807b826
0b21b271
e48ff248
dcaf84c3
1153bc6a
1615e850
60066437
4d1c180c
7d5b0c20
b63d0023
1c40db5f
10c19480
98393ec5
51946215
4902994f
9a5d9c26
c1b27710
0d7fa980
85e03f83
1048fea5
529bc52e
9a249e92
2f8c5182
455deba6
97b31d94
b6bccd1c
7e09690d
6922ab12
ad33fe65
027140fd
47a452c0
1f272583
50c4283e
eb510fb2
5803d71d
268cf1f8
08c24003
a168a50c
a4a26000
a3963790
10ca4f9e
9c85d184
412a7266
6d4514ae
53c72bce
f23297d2
5eb88499
1c0ac649
fc945759
3e59cdc6
ecb1f784
832604b4
9493cc6e
c2003904
781a1386
ba66565b
76762b6c
eb6b4c4c
26c1f5a7
4a84fc90
029f55d4
4f1a2622
3c756139
16db1e7a
3fb7ec19
0a1888c0
62cf68ba
cbe5093d
0f4f141b
f92dbb9b
30c4ccc4
803438b8
39590950
991caa2e
77c416dd
0b415046
bc2893bd
43466730
a4c9502b
7ea5b0b2
a95b0b1d
05dc6329
5909505f
a92d722a
ec124250
63d43345
0e85f1c3
d6f2a441
c1872d09
d47b4b43
96106a41
1244bc21
3d0fbc9b
fb822897
35daf850
92c0d785
8b3c1d0a
bdb3c35b
2d8c940f
da650755
9e57986a
fa29bc7f
200dbffa
1bca2d87
b023f2f2
399c78e4
6838692e
2558e997
8ce3b6b0
6c801f82
dfcb9018
a5e10f50
9b13aab8
d7a78941
52083620
a7ca14b5
eecae83b
0228885c
6857947f
a4805259
15cf69b8
d007254e
d3b95598
58f17f89
2d16307c
43c449bb
d3125902
71a450a9
64bc061b
d81622ea
0662781c
3fa36160
9c0f6a77
8e2cb569
26b728e3
5341baa6
8eacd576
513e5036
a5197f06
0e1b603d
d148c6ce
45dd56a2
94da7224
d66d65c6
5c74ce8c
2648c04c
af407388
92350546
6301c7cc
b572e10a
545f7222
4a244e6d
94072134
7475ac56
89d24a5c
e9497255
94519af2
59f17a67
31af24e8
87097d68
64a37762
613ba93d
e9faa703
27a14c64
c89bfab6
7585240a
814c3f25
5608903f
415744a4
9e729e11
66684629
65e214bc
48329327
4daa86b2
2cbd2e87
671acfbf
4002d9a5
5592a0cc
b9d211c8
c487397b
52d572a4
1666acae
7c4222e1
55435d36
c466ec01
d76e8251
88889d71
3ab91d24
c42fc87f
01f70839
303a2451
608c30b9
b3f6610a
83578624
074bd78d
d3195225
a8e80329
f897b950
60f529a3
0c2cfa26
d422e343
7172a5a5
4295a800
de7dd5e8
2920b0c2
08a16f30
701548b5
d2d98ed9
5f02b39f
f8a66051
f5cc8f3c
b60a8909
3940b6a3
fc4d8920
cf507b9f
48348850
6ce81da4
a7cc1d38
cd31f4f0
514d4912
8a353859
49652139
f9d304c8
0136321c
b405a89a
8492b7fa
2571b282
5390e8de
f0cd1e20
6c7807b9
9e1bb1cf
090f8924
9511479e
12bc000d
f4a78066
11f4dd5c
2ba41053
3ce03d81
3b74776b
c57364d6
c7fac687
6493b269
5011605f
749c2ad4
7100741f
2a946a14
780d33ea
13682a13
ac44a8bd
a32c3ad7
4ee8b111
e193b0e3
7b2e3871
42a53a35
823bbbd3
d756b222
04213aad
a2bf682b
35678866
cfe49011
dd220ce6
2a92bdf8
b43c9377
12c0a5f3
42dd2ca7
5f8186c6
ad076487
c73b03ab
1c81cb42
98802cd8
48a47e84
4971ae53
decb634b
088a6aa6
ae755fa5
610d3a87
49a987f4
c025be87
935545e2
e3cb1af0
5369df22
c108532f
28b26f07
c86a0d61
395fe4cf
27b45709
6f5ae9a4
a294a4f5
920f2afa
71ba5ea0
47cd2731
834a3fa5
70ebde5e
ebc81224
c218bcf1
8b7a9c00
7e5d99d8
96354f80
2eac634e
e12219a5
a9684856
ac992b5d
f98d7c88
0a2e0985
a4b426be
361cc068
094ab353
1489047f
6f834522
aa04b52c
36650a7e
69856ab4
c96f36c3
8c830d46
32b40ae4
41e80620
a0545744
71665709
fa3d6356
a9b63f5f
3783d2b6
349c5ba8
a0371eb4
d35689da
33970e64
12845473
1683c905
d8222a24
6390971f
26b01cfe
8343ab88
2b027f57
44145855
693781ea
aab6446e
bf79d0a4
55ee8163
02e13c25
a717ec3b
b1045b32
5fa58a1d
e629146f
921c9661
43108ab8
24869822
e85561db
319b9736
917d3762
d2580cb1
16325a26
9909755b
e3cd1300
b8f73661
a0c69962
7c036cf0
6441e535
21610958
d4b88787
4fc8566c
06ba6a0c
604b6e5c
bd35df78
09b90486
44bc6876
77acef60
f60fd590
d13aac05
5d04ec08
4e2c9676
c2596e3c
5c9af892
dc2b83d0
89ce9be5
71bc9183
f83b35d5
286f369b
34491cba
ce4110aa
895332e3
5e4a0ba1
2b3f8c55
6c8a98e8
7697f960
389fd361
aab163f6
9b47269c
c17ea6fe
d3e34870
2b5236c2
185c53e6
b70bce70
05922421
0fc06b54
d86fb8d2
4706ce52
932388d6
22ef11cb
1cbacea5
f0a7c2d5
c54d17b0
cfe8662d
897c561c
b2c228e1
c7dbea9e
4e70e2b8
db8d3980
cbd1892b
c170656b
c8f52658
4fd2f955
233759f2
49ef843c
739a9a24
9205549c
3cd618c6
bce283bb
a6ad08a1
933ebdaa
5c8b53af
dc9fc26e
50096c14
0cc87c81
4baa5822
4b980aac
c0051362
43369082
3c621d85
906a8d8b
659b26fd
96834b52
2c19eea0
630242bb
32220942
bcc3de41
46440566
dbb62af1
be27bfc9
3e99eb16
f1bc5205
5a8cccc4
499d44e4
e7da08e5
783ae11f
582c3576
b25e0c23
37c21d86
fd9c79dc
a6e28835
a6d106ad
b71f8865
b52a0c62
6a76ec0b
901744bd
d7283ce2
cd43ff5f
5d40aa88
557e605b
2d180b1e
166a1342
90dc8e50
59d19abe
f4362426
e53a8006
b4c0c480
26c62a55
0ae31277
9663f639
e8b4abdc
9aaccb64
6f22f5a9
4218428b
f3761881
c748c69a
452a283d
c99ba9c4
56522e0f
2bc28138
928b85c3
41d58283
69b95660
a7161319
b4076a35
2d6d146b
d8bb60b3
9539639c
72caa785
a2389927
ccc82fb2
3a7f6e7f
0ec97b75
f8a8d865
f60292f4
73751396
08a03bb1
1880fc8f
9ecafb33
672f5f10
dea0dc32
6c2151f1
0a37a579
39c2d063
8199fcd8
5afee19c
8df08449
038774e6
2e74b4b1
3f724d04
40e4a7ad
f93a1191
9c59fed0
119a965e
2579fc94
0000000b
00000001
0000002a
00000003
00000037
00000001
00000020
00000020
00000000
00000620
00000c60
00000000
580bb5d9
eaa27832
7b027b94
ca8558f8
1a479833
3c15cd81
815467f9
7a653dec
c8523862
eb022af7
490f953a
4b337134
02151987
5010152b
9c841864
9352526e
6909b035
8f6a3cb6
e027871d
e6d789fb
475c6d1d
59a3b665
aa48393c
902b2c2b
66c71c9e
27ea79a8
2b1c928a
72b576c8
c35c43f3
c341d59c
ac9c1090
254619d5
2ae6e64c
5aaa9836
d21dc0e1
9d7c7720
309fd8b8
63858a25
40f5c432
a64ccbc1
e23c6c7b
b7882078
db2b07dd
402f10b1
c734c53b
28162aac
b90e1b26
115294a1
2012798e
91f70a68
9e2a0089
4aa5a79f
caac8fe3
c470e803
589a8b8c
b60a06f4
9e502203
a9718356
e559a9b3
995b5ec5
cb9afaa0
3322c447
89d03164
44660415
f8d38e14
0933877f
4b68fce2
62baa65a
9330887e
cc5103d9
36267e73
1f25d34a
fc0f325e
34215f90
7a7c5b82
a65176b8
49cda956
7257eeab
8e795b74
c50db008
533c1bc4
3d439058
161673eb
7273587c
09737b4b
872ca923
59ec6e31
412419a4
88eaa7e1
7d792d76
3319f673
a07ab409
c3079758
790a4542
87670c55
3d2a956d
4a5ca6c6
1120387a
0bf7d56b
5eaa8180
09eacff8
68154bcd
d72c5808
2bfa78d0
77d5cf13
768bc11a
23b72a02
35121164
49431384
abf26874
1640133a
d0371404
97c93722
a0f05f09
85c4e616
d81e2466
474cdf73
a80459a0
cc562e85
5d0c0082
9776f2f3
311d7619
3d2c9465
ff393b7d
79691c15
99f6333b
91461a79
83e934a9
3430b386
956c390a
01b27d94
2386d27d
883bd521
69664001
5f861476
082e5175
00523fc6
9969f92f
31aacad5
92f88e12
9ab5da70
9199901e
9c2e0c22
3a56c766
4425577b
17291f87
9be2710d
ae33147a
b2769f23
9d6beb1f
ff63e849
ab3e46d8
5c42e5ba
367a520e
46d470fa
0cab2443
ee3a5aa3
91943668
24c334a4
9b903533
9b686baa
40958d22
ca6d3b73
925c0105
a9bbde7a
4d01170b
f8dd6852
a99a6da0
1709fa79
874c4aca
a3e64c1c
58b18a90
b5f54a66
95aa6fab
bf93e5e0
715ba655
64fb2408
21a4b7d7
e7751a43
1bd6b78e
896299c8
475d9394
77dacf78
078316e9
01cbb6b2
34560864
a4bc4cd9
793eb5c8
8ddd003a
00a8f62f
80025ec5
1269bd12
43138bc4
8a5b482c
5561eea0
ac99565d
4194b65a
03ead120
78cff20f
e8b07355
b972b74f
cc73e4f3
b62179d4
a6f61a11
c588f090
9767728c
7c75c58b
a442e5a9
a13b9841
844a6513
5a02d748
03babbf4
0364d506
fc6825a1
d992b8c8
806bd0aa
b981569d
fb9ba149
265ac5a4
64b117e4
481e9e30
815a24ae
1d144c73
67899d63
31e2297a
725025b5
92907ca3
6ed3f05a
393797b3
b5021a6c
bc98eb13
cb700811
89f26595
b0ec9086
e30778db
7bc558e8
c5cc42b6
008f0cef
58b333d7
4e998213
a8742c0c
ebd640b1
830524c0
d9c28659
6c7b0713
23cbff7b
1d18a60b
b0205676
8d3bc4ae
514ff615
ba2dc9ab
30d55c2e
6b7a5321
d29160c0
2e7be4c1
07129a04
679a7d61
23661903
0585caa0
28d47343
a8a0ae3e
f308b367
268bba62
46d32f65
856638b4
099d16e6
b13b2346
3b6d6486
26b72e32
6d4c2a14
8eacd9ac
17b16e86
2ad2ee08
206ed8bc
964b8108
67fb76c9
f89c39a9
189f5237
04d91e46
0d3b077f
c3dbc0a1
bd80e1bd
815ab74a
641d8b28
97474f47
0c17f9aa
06884167
b1e47218
82ceb2be
c98e96fc
5be62d44
e52f9759
1cc8565a
4f58b6b6
f566e586
64fd2c20
829c5700
ce9cda42
259768ca
a955f163
0279a2ca
ba6a8419
27090047
d41f23b4
a21e13e1
5b595b3a
30016047
f37dbe20
50cc2587
330c2b2c
b49325cc
68f04345
b812aa29
063668cb
97e6b08f
f060d7fa
93181325
ab55134a
887c4975
f9c0bbd2
a64c8e67
7dcb30e9
0c535b44
89486170
b530c599
f1d35c32
34c02468
32774b27
1619c40c
8ae5c163
5219322a
50436afb
68f04a62
f55fd9b9
78245e8a
27bbbb87
17c4655d
290c7a35
b2505480
bc59b8f2
d3f612b6
c4c21f40
c59130a9
a87a2082
aa512551
89cbe433
4324c46a
49e83da3
5731f119
60a13e5a
6e7bb27e
9f880a57
2980c3d6
0e6adbbd
0c69779c
dbdf5598
58e33c48
ba84a455
17151b79
9272d259
5f760555
49676a54
8ee25908
52a225a6
06f8c7c1
1b2b0486
4c1e93e9
6716337a
44164829
45bc46e5
c1863729
b7db2405
512e82de
c5644aa4
a7f0ac1e
6685ca43
e6df0b31
7cfb0219
5069a4e2
69185e05
6991b3be
9e25485e
340db311
c1639d10
91e41fd4
c54452a3
e407a2ae
6b578100
9830c715
a5c075f3
84ffbdec
794dc29e
5c70f41b
12094f21
443a18cc
f6421547
b5c50296
26d5eb44
f6cd72e4
859f4fa0
ba31496e
5387814d
92ddabd3
b072abc4
6ac3433a
e92f9b96
7bd23829
232345f4
727973b9
7493fd60
3752e95c
3b85c4b4
709bb4cf
4f7e5ab2
492bb754
893831cf
a1958cdb
f5c82a51
ab22ac16
2e9bc53c
0895a59b
26151ace
aa226c84
f83fa6e6
48cb5599
716350ee
c3cd5915
1d13646c
167fa9d0
55e44f85
a515b10f
8dcd5474
63e7b822
21d4654e
e30366df
080e4a24
c2b44722
e071a95d
773d19c5
1c661ab1
7a0a150e
91964161
9cd8951a
fb19590e
a3b3a25a
87065ccc
ae8c8130
50160a91
b3260006
bd3a10b4
8678b1f6
7ae8fa56
bb97dba5
98876f6b
98c11766
f0a0066e
73bdbf55
c3963392
dcaee634
5a8f012c
c982c28e
735eb980
85db33cb
a5946855
78075285
2b911608
cf5be31f
71467502
cd008b77
21dc039f
ee839a43
eb7548bc
1ba49052
345907b6
055c73c2
3ee8164a
4384a477
e9a7a524
1d681d2e
f6b09643
d67ecf00
6356fe94
3d19515f
bab476ec
3af58748
ee347510
c3378131
1a80028f
1a8f8415
e7d19cd7
2b9c885e
6f25f6bc
4bf039e2
53407134
595dd2f3
9827b427
3064bcbe
e7c841d5
b1608161
2ad4e133
869b064e
776974b4
4bf50e1f
580b5522
079f4768
7e295d27
0c0933c2
38ed33c1
bd39e28a
99180a99
c6ba78e7
3c1b3687
bc1a5c27
9046104c
5beb800d
8a86c194
d1bc7028
afd3362e
6f0e1537
8471b2e3
1fead519
d1cf814d
510b7452
12b877ce
a629225a
c4ef4b20
19cb144c
998f433f
9301ba5a
3e439510
02082524
e1633a11
70b3525f
e73187d7
331b55b1
0ee853be
9e490b78
49204591
30c32ebe
e968f216
e4a825a5
92b53b25
9552f9fe
f494774b
14c4aeb3
babf3532
2bc20bd3
b35bce78
a240a89c
bb9db4e5
03705d35
3d89d814
b38ea471
946235af
26378645
944a6577
cca95181
6708888c
17ccc255
85063756
fe3b3245
88b08823
1028fc99
ff313243
d7f7cc98
1909d07f
6135b6b0
32674292
610c8e7c
a976044f
51fe2797
cee96fbf
8d9debaa
0cb53cf1
aec0a570
71b71ce6
b0e6b955
c834aa10
da98684b
a2f8c528
32b6b7b0
e145a247
a55115fc
98b4b729
a46454c3
cbdb5a30
25856879
961602ef
c4cb0934
31375ccb
18b15c3e
94250184
5af1a139
3c22ea1b
0b344146
43e008c4
b0808ad4
18bfb6b5
09239300
ad8eac60
12833288
8ed52204
b5422210
d55aa648
08d0f337
819703eb
b376278a
9dace6a2
d8723336
18049899
c6b303ab
d60ac4bf
d3bf2c22
22b6229c
a9b5a322
b85aa292
c633c228
2b41f9ad
b6ea7e4a
6372078b
0777195a
461b831a
4cd8402b
ee9277f8
d7810a9b
05226bbc
d03791f0
2a3d2f23
c8c540b1
7fb01065
b69f6a50
50790f20
44618627
3a4519c4
cff3f23b
487773d2
d6cbadaa
5cf85c4e
b82e20fa
e7afb008
6b62ff3b
52869c17
1cbc6840
55419c79
a20cec8b
dbb3cee4
9d3af9a3
ec7d136d
12bc3f57
c0d67675
45b469e5
957dce1b
5027c38c
85115b62
77665676
8e930246
0a8ef0c1
1bc90e7a
652145cf
2f422d00
f087a1a5
431a5f34
3d339b58
60080ec7
79174cc2
b9c9eaa5
b2cf63f8
a876c9ad
acc8f0ff
37e1cf37
35e21e0e
e80305d4
54492ca5
80ea6e83
4ecdd79a
15014320
bfa8e686
1d55763e
f7606d57
5d6cab41
95b9b23d
ba5c7727
a2e5cca2
c30b57b2
545659f7
9a9ad109
ae124760
a88d4480
4180dba7
3771173a
e44a5f91
0a05ea13
db2ffbf8
b8996c4b
1c40f3a2
7e9c4084
a4b69bd3
5288315b
f845f2e3
c3776159
2ec2bc69
fb28f895
126b79b7
316b1d7e
1b29304f
61262157
c33ce2b3
59c0fb49
8cf3c984
c805127a
7b6ee8c5
c57a57c3
b411dd9a
ff38b0ec
5398bb74
635b82b1
b12c84fa
5bc251c2
c87419b4
50a253c7
089b2117
099c7216
56655390
67dc3959
8978e07a
669d7850
036a76c7
8a680050
5e4301d4
45ca2a76
9667bd27
6196445c
4b25b730
5970ac8a
933b0b71
a20e8697
7856ac43
a84e4269
a290cad5
3ad5e740
ef9386cc
22842845
612ad73b
f25f08d6
399e20d6
94173316
9a573498
e6073283
5824cf5a
1517f7b1
82bd9c37
68d20f8f
023d6664
67eea668
b1b7e923
b6a4f4af
78a01da6
8f6b6287
2034f035
a55cc297
2acabcb8
1c876077
b3dcc6d8
a406d046
784a0989
f9ff68e3
096a0c45
fdad9c9e
7710860b
bfa80fc8
1c197c6c
328517a2
4723d9b7
fa2572f7
759666b1
86e524b0
580bb5d9
eaa27832
7b027b94
ca8558f8
1a479833
3c15cd81
815467f9
7a653dec
c8523862
eb022af7
490f953a
4b337134
02151987
5010152b
9c841864
9352526e
6909b035
8f6a3cb6
e027871d
e6d789fb
475c6d1d
59a3b665
aa48393c
902b2c2b
66c71c9e
27ea79a8
2b1c928a
72b576c8
c35c43f3
c341d59c
ac9c1090
254619d5
2ae6e64c
5aaa9836
d21dc0e1
9d7c7720
309fd8b8
63858a25
40f5c432
a64ccbc1
e23c6c7b
b7882078
db2b07dd
402f10b1
c734c53b
28162aac
b90e1b26
115294a1
2012798e
91f70a68
9e2a0089
4aa5a79f
caac8fe3
c470e803
589a8b8c
b60a06f4
9e502203
a9718356
e559a9b3
995b5ec5
cb9afaa0
3322c447
89d03164
44660415
f8d38e14
0933877f
4b68fce2
62baa65a
9330887e
cc5103d9
36267e73
1f25d34a
fc0f325e
34215f90
7a7c5b82
a65176b8
49cda956
7257eeab
8e795b74
c50db008
533c1bc4
3d439058
161673eb
7273587c
09737b4b
872ca923
59ec6e31
412419a4
88eaa7e1
7d792d76
3319f673
a07ab409
c3079758
790a4542
87670c55
3d2a956d
4a5ca6c6
1120387a
0bf7d56b
5eaa8180
09eacff8
68154bcd
d72c5808
2bfa78d0
77d5cf13
768bc11a
23b72a02
35121164
49431384
abf26874
1640133a
d0371404
97c93722
a0f05f09
85c4e616
d81e2466
474cdf73
a80459a0
cc562e85
5d0c0082
9776f2f3
311d7619
3d2c9465
ff393b7d
79691c15
99f6333b
91461a79
83e934a9
3430b386
956c390a
01b27d94
2386d27d
883bd521
69664001
5f861476
082e5175
00523fc6
9969f92f
31aacad5
92f88e12
9ab5da70
9199901e
9c2e0c22
3a56c766
4425577b
17291f87
9be2710d
ae33147a
b2769f23
9d6beb1f
ff63e849
ab3e46d8
5c42e5ba
367a520e
46d470fa
0cab2443
ee3a5aa3
91943668
24c334a4
9b903533
9b686baa
40958d22
ca6d3b73
925c0105
a9bbde7a
4d01170b
f8dd6852
a99a6da0
1709fa79
874c4aca
a3e64c1c
58b18a90
b5f54a66
95aa6fab
bf93e5e0
715ba655
64fb2408
21a4b7d7
e7751a43
1bd6b78e
896299c8
475d9394
77dacf78
078316e9
01cbb6b2
34560864
a4bc4cd9
793eb5c8
8ddd003a
00a8f62f
80025ec5
1269bd12
43138bc4
8a5b482c
5561eea0
ac99565d
4194b65a
03ead120
78cff20f
e8b07355
b972b74f
cc73e4f3
b62179d4
a6f61a11
c588f090
9767728c
7c75c58b
a442e5a9
a13b9841
844a6513
5a02d748
03babbf4
0364d506
fc6825a1
d992b8c8
806bd0aa
b981569d
fb9ba149
265ac5a4
64b117e4
481e9e30
815a24ae
1d144c73
67899d63
31e2297a
725025b5
92907ca3
6ed3f05a
393797b3
b5021a6c
bc98eb13
cb700811
89f26595
b0ec9086
e30778db
7bc558e8
c5cc42b6
008f0cef
58b333d7
4e998213
a8742c0c
ebd640b1
830524c0
d9c28659
6c7b0713
23cbff7b
1d18a60b
b0205676
8d3bc4ae
514ff615
ba2dc9ab
30d55c2e
6b7a5321
d29160c0
2e7be4c1
07129a04
679a7d61
23661903
0585caa0
28d47343
a8a0ae3e
f308b367
268bba62
46d32f65
856638b4
099d16e6
b13b2346
3b6d6486
26b72e32
6d4c2a14
8eacd9ac
17b16e86
2ad2ee08
206ed8bc
964b8108
67fb76c9
f89c39a9
189f5237
04d91e46
0d3b077f
c3dbc0a1
bd80e1bd
815ab74a
641d8b28
97474f47
0c17f9aa
06884167
b1e47218
82ceb2be
c98e96fc
5be62d44
e52f9759
1cc8565a
4f58b6b6
f566e586
64fd2c20
829c5700
ce9cda42
259768ca
a955f163
0279a2ca
ba6a8419
27090047
d41f23b4
a21e13e1
5b595b3a
30016047
f37dbe20
50cc2587
330c2b2c
b49325cc
68f04345
b812aa29
063668cb
97e6b08f
f060d7fa
93181325
ab55134a
887c4975
f9c0bbd2
a64c8e67
7dcb30e9
0c535b44
89486170
b530c599
f1d35c32
34c02468
32774b27
1619c40c
8ae5c163
5219322a
50436afb
68f04a62
f55fd9b9
78245e8a
27bbbb87
17c4655d
290c7a35
b2505480
bc59b8f2
d3f612b6
c4c21f40
c59130a9
a87a2082
aa512551
89cbe433
4324c46a
49e83da3
5731f119
60a13e5a
6e7bb27e
9f880a57
2980c3d6
0e6adbbd
0c69779c
dbdf5598
58e33c48
ba84a455
17151b79
9272d259
5f760555
49676a54
8ee25908
52a225a6
06f8c7c1
1b2b0486
4c1e93e9
6716337a
44164829
45bc46e5
c1863729
b7db2405
512e82de
c5644aa4
a7f0ac1e
6685ca43
e6df0b31
7cfb0219
5069a4e2
69185e05
6991b3be
9e25485e
340db311
c1639d10
91e41fd4
c54452a3
e407a2ae
6b578100
9830c715
a5c075f3
84ffbdec
794dc29e
a67c6d66
49e4928b
17a85b43
9afac3f8
baeae0b2
7b9c8014
74df8444
366d447a
a6a3abbe
698643a4
1c9ccd94
5d00702b
0ff9af87
a2a7004d
75d1f332
ff72efbf
0000000c
00000001
0000002a
00000003
00000038
00000001
00000020
00000020
00000000
00000620
00000c60
00000000
511052e4
92198414
06928e94
f8a00597
f97b03e4
5e476c63
4a079a77
e3819546
a80aff7f
e89213e9
d56cbe41
5928bfb7
44b89227
116e594b
3f759503
e2580c5d
a5e9435a
93a5c264
9a4b3560
e2eec509
58a36cc9
0514cba0
7b6e299b
a653cb9f
ac09c4e2
12d97c41
95769a14
0c44b016
dc16159b
847c55a0
5f1403a1
080472d7
ab598b2a
ed73a50f
f20247c6
cbd8ec11
2906bac5
ab215aac
5a5262ac
8e844c15
41a200a2
c730d20e
a77a264e
796527c4
9d55c4b4
e73f2b91
65dba8a8
870341b0
fab9d645
ca9b7565
2d331d5e
55035a45
cc502781
684478b6
96199359
03a978a6
cc266f52
4e323b87
310a2ac0
11283d78
276c8753
9c6e3c81
3ca3c0a8
cacb3317
7b517fcb
ce97aab9
99c1f4cf
d6bfbda3
9505e784
59b9f800
e5fb9fdb
45305196
b42ab461
d17f7209
22e6ed98
5412d00a
98d54e85
4666630a
100df525
78483c93
ca36889d
935df46a
006ccae5
10e61223
a4a6f6ae
1987ab39
359686a3
a490d459
c3b005fa
c7a9a6ae
c724ec24
f0cac5d9
17fbf445
044e501f
e14269ec
cb9b8b49
ef0e1620
c78753b0
51c40212
e9197907
b2c40758
021191af
48857331
0ab50c09
7dbbf1a3
7bcec042
10682466
4c0c1052
a2ae338c
2b27cc2a
1a36bd5a
6e1ae96b
2c920d39
93b23228
48573102
096411d7
3a14161e
e64765ca
4bb7b6bc
a5d1db7e
be680774
48828674
a5f40175
7c35578e
2ab3cb59
b1d42705
d2c8d426
e1d776ba
3efc732d
1946176d
0543be32
627ce165
1c912357
91e53345
33198f7b
5e5d45ce
5b20cb7a
6fb5679d
d249f76b
a70d4420
bf977e06
dd7db75b
23039193
89c9844b
c986b40e
8b88694a
6d383d12
43c5813f
cb131479
c7469213
f30913b9
16c2a3ca
3d59c601
dcc57cc6
a552a5e1
aed8f35d
6e7da11b
d9e2cb87
07e449b0
761dd4b2
843ccaf3
1d11b511
a6939af9
676c0d41
c9644598
041a37e2
2c637ef8
7e25a6c5
0e42dba0
ab47193c
63b6c981
b70d2511
25c92051
a2f2f5b0
1158ecea
72363693
5c3aa980
08ae76da
ba37b880
250a1e71
9eb91c60
c6b47508
2101c891
89238122
26b5ae29
19270d3e
2669ccf1
661e606c
81bba31e
4814396d
62fc78d0
2564e78b
ba186096
d8afcd42
92a74735
580d303a
40ec48b9
57833b7f
586036a0
e6c666b5
9e61e54a
98704a33
26fd2229
0458e3b7
698ac2a9
8a763525
b28adc61
862df5a8
045906d6
5074ab92
fc8c2554
bb2dbd6b
50d2c42f
bc593854
ec476b8c
5f073136
d3c7608c
c2e36bf2
ccc9cb30
bacf975b
6342c14c
6fdb1263
dc893aba
f3e16071
758b4f09
3bc50157
cb2bbc28
94d6c3b9
2c1926b2
13d27b6c
00ea1e91
dc2567f0
084fb129
71456899
a72bf0e0
466c179b
59b9a076
f2afd256
12633c08
21d68545
0e5da15b
d33a1be4
14751e37
4c888cd4
5a726dd6
13fa83b4
74ca5379
b9a6b8c2
40060351
b316a509
c3ee83e5
92eb9082
a76a88e9
799368ec
bdd31f54
c6243c34
60c32360
8c6b482c
49c323b2
17194908
804b9967
db34b2e6
4be56ea0
3ee316b7
2f7c2204
04942696
8134624c
5ac124e9
72ce8c36
566ac5bd
a080a9e2
e81d837a
34a12cb4
a2bd2505
5559761c
719bee67
28205023
78630be4
99574fc8
ff4827ee
c2b77042
5523c0b2
9e6d8103
223f4ca2
77a9e483
563b2060
22c69e20
1fa686c3
5096e795
00f30078
7bf4044f
ab2d360b
881ccba0
b36adf25
fa030166
d61e5f52
88930e80
d37b46be
b113268b
c2730850
7ab4d01a
accf410a
a1719197
e02678ab
80549824
80a7b933
3198f857
4455c936
9fbbcf69
d65a029f
c23e39f7
69028281
3a32db4a
e43d4b59
5393f5a5
642edbfa
076f10a2
b9a89448
44a058af
cc9a7400
a9d66fa1
f3b79014
24bc64ba
4b4b1b1c
5e884300
2360c560
3da3aa92
8f340b25
e20f0c3a
0985e04d
1ac21c37
8b8d28db
61417384
0f06fc11
ec70b3d2
cdc20a10
ce6e13bf
17d06a27
ae109906
873385dd
d4462f43
c7f1552b
c150dbc0
540255c0
82039b4b
843f0cd6
bb04b764
b3d61f38
487971d1
d5979834
b9b08491
bc03aa3b
27974681
ab2b380e
a8a2a976
a7a35723
82f5b722
f680e49b
f0a587f2
b8b7f177
d4070c92
ea878113
0582a713
16587c68
51a38da0
561cf13c
e37f2a06
77767c5b
079067c2
34a2376b
15742a3b
0d637ea0
62478631
c223a63a
3d53a3c0
baba1403
c3c39594
b184897b
57991b67
f9e89b0b
abd23950
aa223318
013b88a3
04930e89
578cd03c
85bfe942
fdff1323
e71a1794
36a2a7fd
b7524a54
b8931927
ccd91e70
e07c8342
541b1230
33a5dec3
7e34c962
52f37458
4a84f7a8
f73c8777
b48799bb
6d076129
538bbb95
862c0665
c294e15f
d99a93b8
056c4640
95d19c3b
4400619e
36ce8b20
3567a948
ea18290e
55262774
8e194d83
be84f32c
06f058f5
05eac8ae
11634b40
43edcc79
799a7794
661844d1
06e9b17a
ca303d2c
2c99f791
b721845c
c24306c7
1f9dfbf9
1bde1f78
21c5255e
285ea258
881840a7
51737dcc
43bbfc3f
cb24988c
4093024a
5fce44de
50fa0a85
c7c10a9a
e8a7dc47
b1021150
17d08e94
3fcc7ab9
b7e4cd72
3f527ecf
0b049449
43050eb6
293b39b4
ebcf5a96
c5fc5ee2
5814f0b9
848782d7
01669977
4b7690ab
8bb60792
a4c0ab67
4d2beb0d
5099922e
47835619
8ff0ba07
96c92af4
e9a381e1
cb7af882
7a62643b
8540bf14
032798cc
8e7376d8
67f6b4aa
c144011d
d1bde789
43edbf53
029b4dae
2e0ed076
ec669e40
b2052c22
5326b4cb
2049ccd8
022cb950
8e6238c6
33312f61
790a4f9c
414633b4
7651155b
abc5c426
61452c2b
b60ecaf2
a2ba2057
e17d3337
86e659cb
cd7c059e
4562f823
c07d0e47
3bbabe65
182c9630
c064a8d9
5c73e8ca
af6737a5
e6ebc468
8abb7120
979ed452
caf21158
47765e96
99b1b3e9
134dab14
98f12f89
6c5c76a1
33b4c9b6
79f2df25
e351047e
11824e03
76d8035c
01c4e193
18fd2ee1
00b8ca34
c53238af
b5af662a
33870613
806a401c
76880ff9
5702f53f
543278c4
8b043d62
b3bcc44d
ae80e7ca
07ee3257
0683937e
c36f268d
66fd4de4
9e013a74
57ac3749
d6de3679
cff69b63
c0c4e0cd
18c46235
0447ca95
0588bb31
8ad34b1b
4dcc2382
6e43946b
26267244
01a02224
c93de4ae
6907c211
4a81ad97
a8b7f091
1c078a44
b9e1a03d
534d8ab4
53dd1b72
4d878aaf
17443a48
83e7c79a
09162982
683b841d
12770bd1
167a1968
a30eb10a
977297b4
0a87e489
cfa78c48
f3907a57
3ce5bc39
569c8837
4c35b826
ba249c74
121d997d
250c94e6
7352bf56
10411ce1
f8ae689a
2e93c69c
b698bbab
29ad5797
64f43f94
a86135b7
155e31a1
91bbff85
b2b6a8aa
60a4baeb
4cd26f10
ea700af1
b4768510
4d641e3a
1cbde930
91a0cc2a
0355c999
79935055
41a020e9
675b8323
320c05d0
ab2aa757
1c963c49
ef1040db
a5a63384
9167a731
e1a05bd0
6a62ca95
4b68b43e
3d34e9cf
c2ceaba1
0a8b6c98
caa126d1
b9f720d2
4b31086e
0a16a1de
3149962c
c6e933b9
6ec6164e
0bed41d9
bcb0fbb7
fcaf24f5
e7f1a1bc
2f60fd92
b98c3790
90c03633
0c089b30
144d4781
387259f1
05e2194f
249ff0ec
65c731b1
76aca15f
27803169
55325d14
1445ef32
0a41285c
3b61b195
0a54ce8c
aa9fa744
f6df3862
af1a3a8e
f979d229
5329b4bb
bcd76b74
df2623e8
0825167a
73c96495
d57e3aec
a8729e6b
bf096355
e15d43ea
a9349766
bd10d25e
8796a98e
05f10627
1934b094
4440e369
bca136a5
60064099
cc4e686f
74dc05c0
72cb7c32
d2c20ca7
80026684
87b1386b
4e1ef956
a41a5004
9f049bc8
b811751c
a5be2e24
2c93e46c
84c9e5ef
8bfc13f8
0cb28b33
a0ba318e
4cec6f88
640be29f
9818a54b
48a3c827
b322a84a
ab8563c5
008677bb
6fe03859
6b4ae203
d88e61d8
5fa9ce85
2b2f30ed
300ba411
0a69a287
c9618ad0
93113921
318465af
ec48369a
39cd3484
95a9a67d
2a415a1d
e03a2f34
b7e97140
8735651a
534295da
155baba4
613830fd
e0b1ac10
318b672a
480e964c
8a5716cc
4fe0ed17
4ca1599c
f615c4a7
8fe9be8f
cd42f1a3
aca97416
93e18374
02ac3a5b
c5fd7527
225537b7
173c2b22
07f836b4
875c5e78
5ea818fb
e4b90432
294cd1c0
0e8efb29
55313297
2909d72e
eb7283cd
e5de2a24
945c5a7b
614db4e3
cc045482
bfa14036
7b92d74e
49be9f90
c11ad068
dc8f8ce9
a96661bc
b6a47c09
d785f0e4
3745c7d4
5ebcee88
bc9ab586
3c6b8785
69166f7f
e5a995a7
70b66d1a
b5fc0a24
cd08b3f0
59b317fc
c48c31b8
6a5034d8
204c496b
2606a37e
1507f656
67395200
54dc9290
4b6e439d
fc8145f3
99366b09
bc803442
b1d24386
0881e12e
082d58d1
27ed58c3
3f50dea9
fa64daf2
07ed4b0c
2437fb5e
8c19ecca
29f9c370
a782c694
b125784e
2b020210
31f7ab8f
ee25567a
3b806a6c
8410e724
2e997275
0ba7611a
ab996472
1b6134e3
09a32449
87eaa68d
597e87a0
27b777d3
b412fe8a
6335b296
75007286
89b768a5
511052e4
92198414
06928e94
f8a00597
f97b03e4
5e476c63
4a079a77
e3819546
a80aff7f
e89213e9
d56cbe41
5928bfb7
44b89227
116e594b
3f759503
e2580c5d
a5e9435a
93a5c264
9a4b3560
e2eec509
58a36cc9
0514cba0
7b6e299b
a653cb9f
ac09c4e2
12d97c41
95769a14
0c44b016
dc16159b
847c55a0
5f1403a1
080472d7
ab598b2a
ed73a50f
f20247c6
cbd8ec11
2906bac5
ab215aac
5a5262ac
8e844c15
41a200a2
c730d20e
a77a264e
796527c4
9d55c4b4
e73f2b91
65dba8a8
870341b0
fab9d645
ca9b7565
2d331d5e
55035a45
cc502781
684478b6
96199359
03a978a6
cc266f52
4e323b87
310a2ac0
11283d78
276c8753
9c6e3c81
3ca3c0a8
cacb3317
7b517fcb
ce97aab9
99c1f4cf
d6bfbda3
9505e784
59b9f800
e5fb9fdb
45305196
b42ab461
d17f7209
22e6ed98
5412d00a
98d54e85
4666630a
100df525
78483c93
ca36889d
935df46a
006ccae5
10e61223
a4a6f6ae
1987ab39
359686a3
a490d459
c3b005fa
c7a9a6ae
c724ec24
f0cac5d9
17fbf445
044e501f
e14269ec
cb9b8b49
ef0e1620
c78753b0
51c40212
e9197907
b2c40758
021191af
48857331
0ab50c09
7dbbf1a3
7bcec042
10682466
4c0c1052
a2ae338c
2b27cc2a
1a36bd5a
6e1ae96b
2c920d39
93b23228
48573102
096411d7
3a14161e
e64765ca
4bb7b6bc
a5d1db7e
be680774
48828674
a5f40175
7c35578e
2ab3cb59
b1d42705
d2c8d426
e1d776ba
3efc732d
1946176d
0543be32
627ce165
1c912357
91e53345
33198f7b
5e5d45ce
5b20cb7a
6fb5679d
d249f76b
a70d4420
bf977e06
dd7db75b
23039193
89c9844b
c986b40e
8b88694a
6d383d12
43c5813f
cb131479
c7469213
f30913b9
16c2a3ca
3d59c601
dcc57cc6
a552a5e1
aed8f35d
6e7da11b
d9e2cb87
07e449b0
761dd4b2
843ccaf3
1d11b511
a6939af9
676c0d41
c9644598
041a37e2
2c637ef8
7e25a6c5
0e42dba0
ab47193c
63b6c981
b70d2511
25c92051
a2f2f5b0
1158ecea
72363693
5c3aa980
08ae76da
ba37b880
250a1e71
9eb91c60
c6b47508
2101c891
89238122
26b5ae29
19270d3e
2669ccf1
661e606c
81bba31e
4814396d
62fc78d0
2564e78b
ba186096
d8afcd42
92a74735
580d303a
40ec48b9
57833b7f
586036a0
e6c666b5
9e61e54a
98704a33
26fd2229
0458e3b7
698ac2a9
8a763525
b28adc61
862df5a8
045906d6
5074ab92
fc8c2554
bb2dbd6b
50d2c42f
bc593854
ec476b8c
5f073136
d3c7608c
c2e36bf2
ccc9cb30
bacf975b
6342c14c
6fdb1263
dc893aba
f3e16071
758b4f09
3bc50157
cb2bbc28
94d6c3b9
2c1926b2
13d27b6c
00ea1e91
dc2567f0
084fb129
71456899
a72bf0e0
466c179b
59b9a076
f2afd256
12633c08
21d68545
0e5da15b
d33a1be4
14751e37
4c888cd4
5a726dd6
13fa83b4
74ca5379
b9a6b8c2
40060351
b316a509
c3ee83e5
92eb9082
a76a88e9
799368ec
bdd31f54
c6243c34
60c32360
8c6b482c
49c323b2
17194908
804b9967
db34b2e6
4be56ea0
3ee316b7
2f7c2204
04942696
8134624c
5ac124e9
72ce8c36
566ac5bd
a080a9e2
e81d837a
34a12cb4
a2bd2505
5559761c
719bee67
28205023
78630be4
99574fc8
ff4827ee
c2b77042
5523c0b2
9e6d8103
223f4ca2
77a9e483
563b2060
22c69e20
1fa686c3
5096e795
00f30078
7bf4044f
ab2d360b
881ccba0
b36adf25
fa030166
d61e5f52
88930e80
d37b46be
b113268b
c2730850
7ab4d01a
accf410a
a1719197
e02678ab
80549824
80a7b933
3198f857
4455c936
9fbbcf69
d65a029f
c23e39f7
69028281
3a32db4a
e43d4b59
5393f5a5
642edbfa
076f10a2
b9a89448
44a058af
cc9a7400
a9d66fa1
f3b79014
24bc64ba
4b4b1b1c
5e884300
2360c560
3da3aa92
8f340b25
e20f0c3a
0985e04d
1ac21c37
8b8d28db
61417384
0f06fc11
ec70b3d2
cdc20a10
ce6e13bf
17d06a27
ae109906
873385dd
d4462f43
c7f1552b
c150dbc0
540255c0
82039b4b
843f0cd6
bb04b764
b3d61f38
487971d1
d5979834
b9b08491
bc03aa3b
27974681
ab2b380e
a8a2a976
a7a35723
82f5b722
f680e49b
f0a587f2
b8b7f177
d4070c92
ea878113
0582a713
16587c68
51a38da0
561cf13c
e37f2a06
77767c5b
079067c2
34a2376b
15742a3b
0d637ea0
62478631
c223a63a
3d53a3c0
baba1403
c3c39594
b184897b
57991b67
f9e89b0b
abd23950
aa223318
013b88a3
04930e89
578cd03c
85bfe942
fdff1323
e71a1794
36a2a7fd
b7524a54
b8931927
ccd91e70
8426ba87
af0a7eb3
7a494d8c
17a867a8
ca468b6b
2a0fdcbc
cd535b91
ce5d261a
7f3ee266
3eb6d0d6
5ebdfc90
dbd1682c
ce00d2d8
fa46fb8d
81693bcd
1dcfcfef
0000000d
00000001
0000002a
00000003
00000039
00000001
00000020
00000020
00000000
00000620
00000c60
00000000
6ca6f7a2
a4741869
4a30c688
71949540
489b2a39
b9c4c26e
0a87c446
91e20b30
0f25ef5c
790061e7
c7e47823
ccc04303
b767320c
32d8aac4
52a85e75
0f70bb50
2c532bc5
af48b7cc
82342374
d88251c7
80830a74
b412dc77
403f59c8
40d06ecd
0e4193cf
bc3cb05a
6795b285
453a8c87
57b88d9a
8c086ba5
9d4f460b
f06823f9
31e1875b
2103d37f
c9fd6cc1
857cfd27
e80b4584
d79419e7
69fb8bb5
b1c0b46c
b6949118
1b53c790
0239468a
0a0f9070
9930b6cf
901e1167
176dbfeb
56b01130
1e0aa18f
2c7e9b43
76d1de2f
0b2fbafb
5bcb5ac0
96546740
341e9b60
eb4598c6
2c93d590
d78414f8
eb930e6c
0411e0ca
8c996915
bbcc7969
b98a4004
ab9bd0e3
34a7cd3a
8758aca4
5f054ce3
5a546dcc
5c8cc960
7c6ea40c
8a5628e2
8b398603
0b2e39ce
45c3575a
66ac6eae
c7a7bade
d43b2288
219713cd
28aecb12
d8dcb750
cf26e027
2636dcc2
e363b274
8c5bda1b
3493a111
47f4b587
a416ad9d
b2153768
f9bf6068
07e6e887
fa1b456c
5b3d36a0
1b81214a
237b4354
bc181655
a2d4906e
8326d96c
015e79aa
3beab301
91c86aab
bcfc6585
68d15d4b
a6047467
78247025
63e3a233
937f0cb6
6a5912d5
0f19d75f
ba1fd633
702b1930
cbd905be
e0b76cdd
50d3c87b
885ca788
b99d3b4e
b44444d8
ae02cc46
d4bbab60
361405c7
49d3a034
cc2d659a
e561afb9
52e8dec9
c37cd3f9
ead215dc
11151844
b512e18a
1af003b2
2e61e5ba
e78d46d3
37744941
8d315698
3633f1f8
578a3b5b
71a4c378
7257c09d
f8178503
3f148355
9429b777
531b8be6
5380fe78
1883c9cb
9cff81c5
28534e6d
b99fcbc4
14665751
cf7807a2
d826025c
0a0dc863
a94366a5
a1a001e8
05117380
2e71a75b
f602922f
1a444dd6
1cf3bf85
5b3e93e1
d53a9334
006ac0bd
2f1da6ee
02c30337
11e73234
3f008857
42823085
0b47ce7a
d164ba82
59f08862
94eaeb6d
c55ef5b7
d47e5ec8
10459295
0d81e41b
344a2fb9
6111ab21
88355078
f2474515
1d05aa4e
5a929bfd
1ade1bbb
bce8e54d
eface6ad
937c6375
48079357
cc38e875
230fb627
afb57d6f
9618f1f0
9a039ba4
039b743f
e408c439
c30c981a
1a549c28
985557fa
f66c3e20
a05c7b6c
675d0416
65fd6dab
67e1010c
e547095c
4521ac38
41e4eb63
392a1926
c7a28517
7f14010a
d6a111fb
616acef7
2730dd1a
1d974ae5
a5c40895
4231136d
d23d29de
79008482
c9990a71
1d7c43a9
a4b791b7
1909cd0a
002022fd
67d7c1bc
6b9ac745
637287d0
c30850f7
86d16acc
a2a21049
672db268
7f08686e
5cc2e3b3
a4e00d18
65535e5c
772dc1fe
62ab6e84
95258874
d2bb1418
a4009819
507c5300
cc347bca
a20b9ff0
50969fbe
195ef24d
b61588d3
5e26ff41
ac7f8977
74c5aa33
43fcfc79
dc0e86ff
51749656
a490a3bc
3907b2fe
413f9410
785bc48c
c4c7b044
fbca7699
526936c9
c7089643
e8a96e2b
bec8648e
d35f40f3
0c9a4dd4
59c2396a
71033979
458fc2c2
b542f37c
24393725
f1ddc817
aec037a0
9772ea89
fbac2f33
74c0c9c1
12ce49ea
daefc6da
42bc5bca
56a8f85b
bce41de0
180105c4
ea63e70a
05e20a1b
5699b651
49520c87
7bb537d1
7f619271
e432940e
f28009d5
4ad06440
93c65b3a
784b25c1
0f90675f
372e3214
63633ee3
c27a9925
451004c9
1a58ad19
2e54689c
86846712
70365b53
62b3b9a7
04933834
33ef44f8
a841882e
d95a45fe
6ba06125
843751bc
976c4481
e8fe7724
aca71c65
84483582
aa63a728
7634bb90
8238d114
0cc313f9
7e878dd0
836d224a
587ac7b7
0cf01b50
e749ccde
e1fc8865
86520699
d3a0263f
61367349
7f9a6a23
937ffb9d
795441b3
63a2383f
4ba336ab
893bb837
87e40cbc
8d22558c
09224088
6ef95803
48808604
00127e00
3cd23c72
81c37299
537090c9
95820923
cc3975e5
703e33e9
6d891e9d
d2b0f6dc
4a5c0579
02b92a0d
00024b4e
0a53c919
b008db86
5609e994
dcc3ab40
5fccc1a5
3f873597
661610b7
c6b6095a
f674fc3f
18c41f87
2d23c793
b7047600
15832238
86d24497
bac237a2
d0132383
b9301474
423adafa
54f9b3a4
2d305b48
df0353d2
291601f2
c16c2083
30414697
c23a5250
76e58e24
c738c0f9
e110cc89
8ad8feca
c986994c
943c8073
0ee23507
65acb0df
d9b6aec0
533ca765
71005690
76a65462
8d6430b9
b91b261d
ca0fa8d2
8cb73c9f
9f9052ee
b9c0d00b
3579498f
8e562d39
b04f683c
068dc18f
f1e5a567
d9fac69b
7445145e
e6fe690b
86f07399
6f238430
96076a89
b012fcba
9dc84842
2524863a
1a228918
88b1e25c
398e42b0
af31031e
155a325f
187f4dd9
4a266e4c
b26c60b2
9cf8aa19
c8b9146f
bd49f381
772a4854
4b4ade67
ec7d228e
e25a51d9
01c56a22
324498c7
ea0faa79
ab8b1898
a34722ef
a27f6fa1
51eae394
309077c7
f0bfca41
a6d02153
e362aaed
b4e4b16b
2f43b4b3
8f87a36e
1ad13b63
8a4c1fb8
28774b65
61644a71
595c6398
dbab97ff
936e36f4
19a56e6a
eb5cfa34
02ec57e7
2939207f
258cb4c8
e1b099a8
7ce7579a
4e4813ee
3759c019
cb20c074
c0422870
f8786167
b701b2b2
ce3de95f
66eb4f32
01c5f437
b6c7080d
f4a56d84
c35a3498
983a58be
08e3ac39
91849c96
65094067
1b0b1037
351b3f1f
0572c710
cbc5c495
9e50bbce
116c8bc1
6ca55db8
87523bab
9d3d18a9
c7619ef7
a0978761
3b854309
42f1c324
2f662b30
c3794416
387aabec
03c7a22f
168855d9
48fca522
a9c8e036
006aa3d5
885a35f9
273c8978
e3cf38da
a78236e1
c356e6bb
a10bf43c
d198a970
19818e22
523dfb24
11a6ab61
9b800a54
7c562966
a9cc9265
9cf6a688
7a190335
49e505d6
89abb52f
a44b02b1
da1d7cb8
1e81f385
c3201731
1cfbc303
b79a149d
621e564d
9a88a245
6e44e167
8a6689d9
d207209b
bc3610b4
cd6dd9a4
008d3577
a520b92e
613db6e8
0685ab82
b714e45a
d305983b
49ed8793
cdbcd293
084ce7cc
d06424c8
a4437b09
2232ab89
3c45bc48
0349c7be
b76efa8d
cc4b3b8a
4d52b57d
869ae4e2
d83d5425
2256c3cb
ae08b23b
948dcd85
3311b3cd
10413aa8
1adeb921
3f698e6d
b7024a3b
520302ec
66ccddb1
faaad02a
383c52f4
228b8e5f
d7945097
993e7967
0b48bb68
7c09a230
e057b6eb
a07689c3
657ac365
75234ea8
74dac597
a1aed790
53d3aae0
41634a95
f36a2914
89e2a7d8
b1e18c9c
28bb1927
0b317827
1465a54a
b660259d
e8152766
8b11fd1c
907948db
54018248
8fb6c431
6d4ada13
a1c22124
aaba5727
d07585ef
0205cc16
71682b44
13271c9f
073c10c5
c9a1371a
f2c45890
7260941c
09456e68
c1792cb1
f0fc72f7
65598076
8058e34a
c0be0558
8ac6b40c
402581a7
93bd1a90
183ae595
34a9c0a2
87e64f11
14a2b3be
bd5095e9
78ff940c
a2293b00
81490409
1c2004ab
233c7306
3ab4acea
d5ba5d26
4db2628a
253f320f
1235bb88
68cad321
fe129b79
98b58084
15616f75
6836e811
5c701901
5d71a8c6
584dd9a9
292f0c7c
1d974854
84564b81
43568f62
79f1eab5
2f4b0048
e5fd695b
5346ad9c
9820cbc0
0244bcc9
6461caa4
ba776b02
31668fa9
83a05c38
e3b37be5
abae17a2
19d1e80d
92a867da
106aa2f1
0c091b3d
1f91e14f
47000860
579aaa80
0d7c4990
a56a01b8
bd109e93
1e00daf4
fb285895
4e15b6cc
0c1a86a9
97676450
1000739c
ab15c7c0
fb68c2e6
7de9c8bf
8cbb04b9
c5cc986c
c9d82d3a
de98ab92
760cb462
7cb73f19
df426c4e
4655c198
1b1c507c
e7aab33e
295c1568
39db2c7e
8fb0c36d
3127c48a
32b9e3c8
8dcfeb2b
f2661e59
a0a94445
a5b3b3e2
b1163591
9ad724a4
7775dae8
d15a5d6b
6ef75f3d
1f465049
8602b093
62c36555
c7612630
7c1ecff8
ac4aaea7
910a335b
20c65e47
a1e65812
b9460029
4cbe0dd2
b9540e96
652781b9
95f1ac81
16f8326b
d0ba897e
22bc9ff0
03503e53
269e29ef
a1316575
16a00c94
003ea155
2abd3dc4
3fbaacc9
197ef676
d01670c9
c7b50ab1
59cba2c7
274e2a5a
79f08a6e
f8cfd251
01dd0010
9706da1a
ddcfb514
a3ac1fc0
7ec5e29e
eb4aa702
36811f08
a2289784
d07e6236
e0c86416
07abfe54
747aa6c0
f7b5b92a
9e1839cd
6039610b
56ac3a19
80f33e32
2f75208b
63ebb6d5
b17c8a86
892eb312
bb6410c7
7d89d494
a3243699
f2ce7b9b
0815e214
70c3b26e
19bac335
2565d5b8
9e34d235
f0d393fa
71047310
e59efb09
1008317c
6f41fdcd
899e981d
d7f01388
6266cc1b
9535c8fb
e08e48e6
a5c444b8
c9bd2739
bc951ce1
07814035
2acd0b16
d4e2d007
65cb4302
97194874
a25811a0
70d61f9b
fb25daef
e8f87789
3903a7c6
c35debe0
6a4aafb7
7e927e6a
ddc4f149
328cc963
9219e4cf
6906d612
1c5c596b
215a4458
4a565223
6a7a991c
51571d5f
da79a1d2
48da147b
5c47b155
ff46b30f
b3bbb5bb
21617c8a
6b91106f
43624a40
c443d662
0003b68f
f9d2a2b1
1cb6884c
9651622b
e77626d3
18e9356d
6ca6f7a2
a4741869
4a30c688
71949540
489b2a39
b9c4c26e
0a87c446
91e20b30
0f25ef5c
790061e7
c7e47823
ccc04303
b767320c
32d8aac4
52a85e75
0f70bb50
2c532bc5
af48b7cc
82342374
d88251c7
80830a74
b412dc77
403f59c8
40d06ecd
0e4193cf
bc3cb05a
6795b285
453a8c87
57b88d9a
8c086ba5
9d4f460b
f06823f9
31e1875b
2103d37f
c9fd6cc1
857cfd27
e80b4584
d79419e7
69fb8bb5
b1c0b46c
b6949118
1b53c790
0239468a
0a0f9070
9930b6cf
901e1167
176dbfeb
56b01130
1e0aa18f
2c7e9b43
76d1de2f
0b2fbafb
5bcb5ac0
96546740
341e9b60
eb4598c6
2c93d590
d78414f8
eb930e6c
0411e0ca
8c996915
bbcc7969
b98a4004
ab9bd0e3
34a7cd3a
8758aca4
5f054ce3
5a546dcc
5c8cc960
7c6ea40c
8a5628e2
8b398603
0b2e39ce
45c3575a
66ac6eae
c7a7bade
d43b2288
219713cd
28aecb12
d8dcb750
cf26e027
2636dcc2
e363b274
8c5bda1b
3493a111
47f4b587
a416ad9d
b2153768
f9bf6068
07e6e887
fa1b456c
5b3d36a0
1b81214a
237b4354
bc181655
a2d4906e
8326d96c
015e79aa
3beab301
91c86aab
bcfc6585
68d15d4b
a6047467
78247025
63e3a233
937f0cb6
6a5912d5
0f19d75f
ba1fd633
702b1930
cbd905be
e0b76cdd
50d3c87b
885ca788
b99d3b4e
b44444d8
ae02cc46
d4bbab60
361405c7
49d3a034
cc2d659a
e561afb9
52e8dec9
c37cd3f9
ead215dc
11151844
b512e18a
1af003b2
2e61e5ba
e78d46d3
37744941
8d315698
3633f1f8
578a3b5b
71a4c378
7257c09d
f8178503
3f148355
9429b777
531b8be6
5380fe78
1883c9cb
9cff81c5
28534e6d
b99fcbc4
14665751
cf7807a2
d826025c
0a0dc863
a94366a5
a1a001e8
05117380
2e71a75b
f602922f
1a444dd6
1cf3bf85
5b3e93e1
d53a9334
006ac0bd
2f1da6ee
02c30337
11e73234
3f008857
42823085
0b47ce7a
d164ba82
59f08862
94eaeb6d
c55ef5b7
d47e5ec8
10459295
0d81e41b
344a2fb9
6111ab21
88355078
f2474515
1d05aa4e
5a929bfd
1ade1bbb
bce8e54d
eface6ad
937c6375
48079357
cc38e875
230fb627
afb57d6f
9618f1f0
9a039ba4
039b743f
e408c439
c30c981a
1a549c28
985557fa
f66c3e20
a05c7b6c
675d0416
65fd6dab
67e1010c
e547095c
4521ac38
41e4eb63
392a1926
c7a28517
7f14010a
d6a111fb
616acef7
2730dd1a
1d974ae5
a5c40895
4231136d
d23d29de
79008482
c9990a71
1d7c43a9
a4b791b7
1909cd0a
002022fd
67d7c1bc
6b9ac745
637287d0
c30850f7
86d16acc
a2a21049
672db268
7f08686e
5cc2e3b3
a4e00d18
65535e5c
772dc1fe
62ab6e84
95258874
d2bb1418
a4009819
507c5300
cc347bca
a20b9ff0
50969fbe
195ef24d
b61588d3
5e26ff41
ac7f8977
74c5aa33
43fcfc79
dc0e86ff
51749656
a490a3bc
3907b2fe
413f9410
785bc48c
c4c7b044
fbca7699
526936c9
c7089643
e8a96e2b
bec8648e
d35f40f3
0c9a4dd4
59c2396a
71033979
458fc2c2
b542f37c
24393725
f1ddc817
aec037a0
9772ea89
fbac2f33
74c0c9c1
12ce49ea
daefc6da
42bc5bca
56a8f85b
bce41de0
180105c4
ea63e70a
05e20a1b
5699b651
49520c87
7bb537d1
7f619271
e432940e
f28009d5
4ad06440
93c65b3a
784b25c1
0f90675f
372e3214
63633ee3
c27a9925
451004c9
1a58ad19
2e54689c
86846712
70365b53
62b3b9a7
04933834
33ef44f8
a841882e
d95a45fe
6ba06125
843751bc
976c4481
e8fe7724
aca71c65
84483582
aa63a728
7634bb90
8238d114
0cc313f9
7e878dd0
836d224a
587ac7b7
0cf01b50
e749ccde
e1fc8865
86520699
d3a0263f
61367349
7f9a6a23
937ffb9d
795441b3
63a2383f
4ba336ab
893bb837
87e40cbc
8d22558c
09224088
6ef95803
48808604
00127e00
3cd23c72
81c37299
537090c9
95820923
cc3975e5
703e33e9
6d891e9d
d2b0f6dc
4a5c0579
02b92a0d
00024b4e
0a53c919
b008db86
5609e994
dcc3ab40
5fccc1a5
3f873597
661610b7
c6b6095a
f674fc3f
18c41f87
2d23c793
b7047600
15832238
86d24497
bac237a2
d0132383
b9301474
423adafa
54f9b3a4
2d305b48
df0353d2
291601f2
c16c2083
30414697
c23a5250
76e58e24
c738c0f9
e110cc89
8ad8feca
c986994c
943c8073
0ee23507
65acb0df
d9b6aec0
533ca765
71005690
76a65462
8d6430b9
b91b261d
ca0fa8d2
8cb73c9f
9f9052ee
b9c0d00b
3579498f
8e562d39
b04f683c
068dc18f
f1e5a567
d9fac69b
7445145e
e6fe690b
86f07399
20607fa4
791aef99
c52c28d9
65879fcc
70fc864b
8236e787
0bca4e1c
f8e89fcf
a29997e3
41deb45b
7f9e0a69
a5702f8c
176f91f6
6c70d15e
64cf75a7
9afaf430
0000000e
00000001
0000002a
00000003
0000003a
00000001
00000020
00000020
00000000
00000620
00000c60
00000000
9965e353
8b937948
c2e0dccb
5e463196
021933b9
b7d2c903
d9a1ca35
783d1f4a
5bb9479d
f690d003
7b603f64
aae97db7
e32254da
d6c44c8a
b7953bb6
e17278a0
d67a29a4
42b09e80
d055942c
991f7f07
8b47ac97
8ec07c84
73da2eb9
60a3da60
c8065751
911b2a59
5b99d733
9e82d155
88e22a03
80480848
e48da279
bb6226c8
415aac0e
7aaad9a5
12e66e8b
488b868a
69113c37
444ca127
9e797792
cf9223cc
ecf91160
33a5e38f
3848e052
b0e27e73
80bc3351
e744d312
f40f90c6
c9c61b87
690712f5
391a6827
bc230763
2574734b
4463a537
c387bc70
b67843e8
f52e0274
3a8ca254
2e26c9b7
77dca0b4
78ec0966
ee49072f
760b46d6
7b13654b
be906798
1c997501
40917d26
044ee738
c1b975a9
583c256e
428cbbf7
20260f06
7661bf42
ab28cb8c
04702766
3cf4d19a
7ba930ee
0b977986
1eeb46bb
531607ef
48e10c6c
2b9c6abb
4991f25d
ca103fd8
1090c004
0f491b94
28f28647
b905519c
0d55d609
38513ab8
ca998448
e78e82e1
72970ada
4107f229
c99be4b6
41f99500
9d659895
09828879
9834c2ab
43e8d902
e482284d
176d5d53
aef9e6c9
0bc254bb
a5338156
38a554a3
3849abb2
d232bc6c
160508a2
e861f177
9a772d99
4b068e5d
9f1f238a
b7d18ab0
2521ef16
fd879b70
70d0a7c2
75bc9248
f4c97362
db789aa7
b1764423
3c4c4b8b
03bdcc58
5be8c4ac
8724665c
1b2dcd3c
4158f90e
fd27dcc0
07c93779
7fe04fb7
02115a12
2a2e04b1
854c7e98
592f4356
dcbc6190
b6bbeeb6
e934c0d5
1c9b1602
29d59a8f
1669b16c
4bd9a826
07db8116
507642d3
25f91f01
9271f911
61c162aa
ccf7718b
0c18056d
f856591c
3a6406dc
c7e0e5b3
ae173a2a
fa41745a
22b5ef44
213f06c0
fc1578c8
3c26c1c7
c53a9ca0
535c9955
27948902
5e2791bf
350060a9
9c05514f
c7499aa5
29a9c014
4905f985
444d67eb
d4f78501
754ab5b1
3e63d8f5
6b330656
72796acf
5ab27bd9
44e050d7
2000a144
c07fcb85
d3e83e9a
b284f8c8
65140612
425f7ff6
1248b994
d64f961f
ea8a83a8
b70bef36
806bacfe
da653484
6936c6ba
2c4ae03b
771105f4
aab17e91
3bc6b7ae
486e28c7
3c6015bb
300c64dd
f0458b01
6d25ae78
8f003634
d43f82c4
b1cc7470
5f5f27ca
910f7d77
61a0629d
9ab071ca
47022c9b
5602cc1b
2ab39bbe
cba337b8
28d03b40
527642ed
2a1025d4
2487c98d
f68632db
fa1911b7
80e01428
af37a3c4
170d8c52
44a30ba7
6b04e68f
4b667736
927a3c84
9595fc9e
81ad3231
9b066e72
5d67e774
fbb2b52c
0086be6d
f389d6e0
cb58076b
67fa8f51
ca625557
19b2834b
87aa170f
039ed432
655676eb
46a343c1
fd1a9be4
f69f6c8c
6a155a14
d09e35e3
13ef93e0
4af80268
49038897
76b64ce9
9b7527cf
e8151c92
1afd52bc
15d357ac
811b2ab9
e87cb821
a2b38894
97ba17cc
1a155ee0
0269be74
2d9d01cd
c02b7300
32a91d51
ff824000
a6db195a
94e0a14c
23298232
45396948
b9e5a087
ac50c6cc
43cb8174
62d34f22
12c821a9
760a3235
50bc1496
ca8ca2f2
799d3dd1
a32965ca
30502745
5a129cc0
789cb24c
8416b1df
a8b65742
5b664425
512f92cb
f2bb9d29
ca95d9b7
59406b8f
94707150
2fe01f56
38088b53
eaf533f9
0b77cf41
2d1d66b9
2a691b5a
76d00043
c39b72b8
38246c2b
27284417
41c539f6
4003276b
78800b6a
3955a831
7649a674
bad04e52
83a6d345
f1c95eca
2c7af2ab
8f43c92f
8b1164b8
71e0d964
3861dc39
3294a7a1
27f5c1af
b141d75b
21787565
74bcb00f
bac8d60b
a232cfb8
29437535
dd6e594c
95dc2ad1
28d384c6
ff7b7579
704948e7
119a6722
951c99a5
437ab6e5
5f048ccc
bbaa2080
e5dab912
c6a8465a
e29752cd
23da4f4c
85bc9f0d
3f02933c
23a0882c
6da89196
7ab10553
e5534621
ab2c6a17
bcb745be
182aa0fc
14673e13
3f3038e9
7857cb48
b2b099ce
4ab32922
399221aa
2fb94bbf
e8919413
f9ef1029
42d4fe78
899aa188
685075d2
b4f8cd4c
dcbe8267
77255f0a
3828ac7e
83459343
a25e6f17
9f7205cc
ca999230
271dc681
482bd64b
9d6c90a1
7bd8951a
9e5a6381
b856f254
16c9709a
57aa9a1e
b87679c0
0519393a
3ad08b5a
ee730769
12eb4ea8
3cfcab53
d87a6b9a
0138bc5a
76e60253
250fe587
32d8a744
447742be
c3ade7fe
09048c73
1fb1f408
dd8a600f
83105116
95837790
d63b4562
44026890
5a6020ce
89cbf6c7
3eb26a67
840805fe
7f256bc1
b94df56d
dfb8203a
9bb45972
53de4554
f82702f3
60e93a8a
95843f6e
65c681f0
e2a793ac
66ec9c49
6d400533
fa9a5084
0fb957ae
133b7621
d7ad5f1b
9206583a
3941a4f1
975d9d86
4e97e15b
60c01037
04ea4943
c356b1c4
ae456999
297921c7
9935a325
2f702880
55613d9b
8aac60ac
7b68c329
7c361262
aba9dd6a
c8801894
eac8a6c8
8499994c
a240ca38
f767bbba
214105cb
239317fc
e76757ba
85d6ab93
616d590e
66ec43e2
63a337ca
5b3e45d5
f78e1f88
6335e5a8
774e964b
a362bd01
483417b5
65c26101
b3406f34
5284df79
e440ea4f
f13d4776
82758c69
553564de
b7bd4a52
a7d143c0
59021517
0510aab8
7b491d95
e3200840
60e6af19
42000012
bf7d9c4a
d1262bb7
21d28e74
f6c211c1
244b3e2a
35f8245e
39cc17e2
64a84015
7aa3520a
cf812587
994f15e4
a24af332
5ac381f1
b54a92a8
60096216
720bca59
b8499488
33c00bb7
b57f7649
9ae76128
7e82cc73
d47210fb
36bc6c76
288b6709
3ea207aa
d1d5aadb
a5a47a71
46094234
a0aa50c1
ad450303
a85792f4
6266ccfb
29d2f51e
5343d461
ba523ea1
752282ac
445e2237
33478269
87360e76
6c3230a2
70566d36
a2739c25
f07619ad
662ec960
59b93036
b6b79cf4
83dfac32
b2f0f3c9
5500627c
c15ca7f9
269aaf88
4fbbf42d
82d90785
36e26b9e
f1992adf
7590c911
b3309e29
7b965412
ec6872aa
18c8b07e
9d2b4a66
a4f277b3
b975a69d
f2c239b5
ba6d6413
527764c7
26761127
d34b77e8
c07965a8
c98d833b
35c42dcc
9d919f79
3a91f3e1
ea330838
5a61980f
98653bb4
fc5aa7a2
69e56658
cc55b634
e91cbf31
02c7c044
69ae098e
33d959b0
06c942a5
6d79acc5
11d42cb2
01620a70
ea97baaa
38060474
3b5cf6b0
5283d0a3
08d16d98
9d26c64d
de5506b9
7c798896
2f1a7135
6665067d
b8084c00
6f031768
2061a071
8ba44a62
6fdce0c0
ad398a32
cb122beb
b1c4a9a8
f26399f3
ecec6a77
4848c367
3507f927
606f1ff7
0671d470
c9c1c4b3
20c00e9c
78f8a84d
0aae7ba3
b9984509
18fa2624
c954bc45
db9a8381
bfb73e8d
841ad3d2
19c92115
0352b53c
8e396616
19945a42
86251b7e
68be4ab3
b3ea43b7
64c5b5cc
a8a599d0
82130e59
2432b1b5
244c4392
01e098d9
4b289921
c7615442
b3ab1fca
b311510e
96aed1d1
355e41b3
abd3be85
f186fbb3
92af55b3
a0d6b1b4
576f9a3f
eacc311c
1fdc4e0e
03a7c900
12dd0774
ce20315a
f5a7c101
47275c70
65496a2e
6b6e200f
a2f9c0c7
b0b8ca96
cd42344f
88c909c2
9103962c
6d77dc9b
b157b1b5
c3f6129b
c7cd0b91
4cf98ce3
9e003f29
e53bb57b
39a2c605
3cfcaeb1
234896a0
d7bf6002
02caa381
cbbd6a47
115762f6
4071d774
479392cb
b692886c
08523a9a
22516221
9a002e70
10542b07
069298fc
57007063
75d0e090
05cad2e5
b34383d0
5aa93011
7d8fba21
45148e70
a7aa8c03
6b65f14e
90360bf3
93084bbc
f23943d4
132b1150
6e379f78
bd9c22c7
c548237c
9f483658
680da83a
e3ca6418
c0283379
9643686e
182485a9
0bf26420
5041921a
d77bc912
2b84594b
18bfeb9d
4c56bee3
26a9ed89
e9227357
699674ac
4ee99c46
a2111459
63f6253c
aa37eb03
0f67f7d2
76d12250
12999528
e0c9d5c1
6beb4789
baf8e03e
335b7b4e
a3690ae3
15094b30
cc458886
25f455d5
a850f964
a8ba55ec
386c369b
82f95661
b142e54a
d9e24fc4
57970001
abaf0399
288f7246
2d61c14a
549e5cab
c6f0a6dc
4b86b79d
763673f7
a6c6b3da
74fa745f
4ac8539a
9a7d9314
86cc97a7
06ca5be0
c93f1948
814b9573
4624e36e
190ebfec
a5028b17
6e7cc803
ba7c8641
a22ade4d
779f8086
47619482
08c5c40a
95381008
f6517dcc
b0b99b97
0ecc9ca0
56c417a0
a8f9912f
aa10c03a
96cdaeb6
6f30ae98
b0118ad6
32139f0c
ce823156
c483bca5
4c938132
a1a9995e
c85556a7
150c2837
99dc5f73
8f7bf232
66e071f5
a9c3781d
9a69886a
dcf5adf9
2827910f
7e7b5859
f43978a9
44ab7039
916bfc22
99ea7c93
26ac07af
428716c9
2284afd2
17f9961d
12c10673
486ea658
9004bd37
90beca59
666f9727
c546be67
5406fa9b
8387b5a1
4b8082a2
f621cba8
ea3849c3
5146854f
975df07a
54295e70
4ee515ba
287aa785
9aa837f8
7a533115
8ca7200c
6b0106e1
58d055a2
292ab9c4
20e98950
13a3990c
384993af
e1ef06f5
7842f096
dd907585
40c59c9c
8dca8b80
7aaa6317
5a490a41
c0c8955b
9965e353
8b937948
c2e0dccb
5e463196
021933b9
b7d2c903
d9a1ca35
783d1f4a
5bb9479d
f690d003
7b603f64
aae97db7
e32254da
d6c44c8a
b7953bb6
e17278a0
d67a29a4
42b09e80
d055942c
991f7f07
8b47ac97
8ec07c84
73da2eb9
60a3da60
c8065751
911b2a59
5b99d733
9e82d155
88e22a03
80480848
e48da279
bb6226c8
415aac0e
7aaad9a5
12e66e8b
488b868a
69113c37
444ca127
9e797792
cf9223cc
ecf91160
33a5e38f
3848e052
b0e27e73
80bc3351
e744d312
f40f90c6
c9c61b87
690712f5
391a6827
bc230763
2574734b
4463a537
c387bc70
b67843e8
f52e0274
3a8ca254
2e26c9b7
77dca0b4
78ec0966
ee49072f
760b46d6
7b13654b
be906798
1c997501
40917d26
044ee738
c1b975a9
583c256e
428cbbf7
20260f06
7661bf42
ab28cb8c
04702766
3cf4d19a
7ba930ee
0b977986
1eeb46bb
531607ef
48e10c6c
2b9c6abb
4991f25d
ca103fd8
1090c004
0f491b94
28f28647
b905519c
0d55d609
38513ab8
ca998448
e78e82e1
72970ada
4107f229
c99be4b6
41f99500
9d659895
09828879
9834c2ab
43e8d902
e482284d
176d5d53
aef9e6c9
0bc254bb
a5338156
38a554a3
3849abb2
d232bc6c
160508a2
e861f177
9a772d99
4b068e5d
9f1f238a
b7d18ab0
2521ef16
fd879b70
70d0a7c2
75bc9248
f4c97362
db789aa7
b1764423
3c4c4b8b
03bdcc58
5be8c4ac
8724665c
1b2dcd3c
4158f90e
fd27dcc0
07c93779
7fe04fb7
02115a12
2a2e04b1
854c7e98
592f4356
dcbc6190
b6bbeeb6
e934c0d5
1c9b1602
29d59a8f
1669b16c
4bd9a826
07db8116
507642d3
25f91f01
9271f911
61c162aa
ccf7718b
0c18056d
f856591c
3a6406dc
c7e0e5b3
ae173a2a
fa41745a
22b5ef44
213f06c0
fc1578c8
3c26c1c7
c53a9ca0
535c9955
27948902
5e2791bf
350060a9
9c05514f
c7499aa5
29a9c014
4905f985
444d67eb
d4f78501
754ab5b1
3e63d8f5
6b330656
72796acf
5ab27bd9
44e050d7
2000a144
c07fcb85
d3e83e9a
b284f8c8
65140612
425f7ff6
1248b994
d64f961f
ea8a83a8
b70bef36
806bacfe
da653484
6936c6ba
2c4ae03b
771105f4
aab17e91
3bc6b7ae
486e28c7
3c6015bb
300c64dd
f0458b01
6d25ae78
8f003634
d43f82c4
b1cc7470
5f5f27ca
910f7d77
61a0629d
9ab071ca
47022c9b
5602cc1b
2ab39bbe
cba337b8
28d03b40
527642ed
2a1025d4
2487c98d
f68632db
fa1911b7
80e01428
af37a3c4
170d8c52
44a30ba7
6b04e68f
4b667736
927a3c84
9595fc9e
81ad3231
9b066e72
5d67e774
fbb2b52c
0086be6d
f389d6e0
cb58076b
67fa8f51
ca625557
19b2834b
87aa170f
039ed432
655676eb
46a343c1
fd1a9be4
f69f6c8c
6a155a14
d09e35e3
13ef93e0
4af80268
49038897
76b64ce9
9b7527cf
e8151c92
1afd52bc
15d357ac
811b2ab9
e87cb821
a2b38894
97ba17cc
1a155ee0
0269be74
2d9d01cd
c02b7300
32a91d51
ff824000
a6db195a
94e0a14c
23298232
45396948
b9e5a087
ac50c6cc
43cb8174
62d34f22
12c821a9
760a3235
50bc1496
ca8ca2f2
799d3dd1
a32965ca
30502745
5a129cc0
789cb24c
8416b1df
a8b65742
5b664425
512f92cb
f2bb9d29
ca95d9b7
59406b8f
94707150
2fe01f56
38088b53
eaf533f9
0b77cf41
2d1d66b9
2a691b5a
76d00043
c39b72b8
38246c2b
27284417
41c539f6
4003276b
78800b6a
3955a831
7649a674
bad04e52
83a6d345
f1c95eca
2c7af2ab
8f43c92f
8b1164b8
71e0d964
3861dc39
3294a7a1
27f5c1af
b141d75b
21787565
74bcb00f
bac8d60b
a232cfb8
29437535
dd6e594c
95dc2ad1
28d384c6
ff7b7579
704948e7
119a6722
951c99a5
437ab6e5
5f048ccc
bbaa2080
e5dab912
c6a8465a
e29752cd
23da4f4c
85bc9f0d
3f02933c
23a0882c
6da89196
7ab10553
e5534621
ab2c6a17
bcb745be
182aa0fc
14673e13
3f3038e9
7857cb48
b2b099ce
4ab32922
399221aa
2fb94bbf
e8919413
f9ef1029
42d4fe78
899aa188
685075d2
b4f8cd4c
dcbe8267
77255f0a
3828ac7e
83459343
a25e6f17
9f7205cc
ca999230
271dc681
482bd64b
9d6c90a1
7bd8951a
9e5a6381
b856f254
16c9709a
57aa9a1e
b87679c0
0519393a
3ad08b5a
ee730769
12eb4ea8
3cfcab53
d87a6b9a
0138bc5a
76e60253
250fe587
32d8a744
447742be
c3ade7fe
09048c73
1fb1f408
dd8a600f
83105116
95837790
d63b4562
44026890
5a6020ce
89cbf6c7
3eb26a67
840805fe
7f256bc1
b94df56d
dfb8203a
9bb45972
53de4554
c65d443e
734e0552
6dca0d54
6dda184f
770b0af4
59b6c81c
216031ff
0064ad53
89cecf89
b4366fd0
003c3adc
2e804a74
c95886c0
9c6d6af8
fdaff41c
d3d7829b
0000000f
00000001
0000002a
00000003
0000003b
00000001
00000020
00000020
00000000
00000620
00000c60
00000000
7652dab0
f03b5e2a
6ae93dc3
df550430
47e90178
3945d4bc
117d81f5
e9c11afb
6650f91a
a654d2f3
23186558
a6f2c02f
82b03600
34ac96e8
8f72b781
8a08acaa
895ab7f1
905427c1
f3c455c4
5345b760
7a8c509d
741c54c1
aa6a3f0c
3a740e9f
f47056c5
f603983c
949c5495
cb868832
852319d7
78912270
92aa79d4
9bf25d15
67246343
662a26c6
f45b52cb
3f41de8f
9ba3418f
1856bc44
9e83705a
437608e0
e1e1b903
50cb1c70
d5457942
80bc0505
88a9f410
8d825772
1164bb49
59c9e090
2c3c70a3
d68385d3
08fcf672
05cfa9de
688e40ec
c5a23194
78b505ac
28af98f3
6faa9f43
f2cd61b8
aa86a9b6
02305a1e
a3000792
c9941106
086cdba6
ec13da5a
95b85e84
0019c49b
1da03537
2bb50b89
4f614c47
2804d7cd
8adfa34a
94213d1a
807fe314
507a19f9
66c091cd
f34dd441
85306e90
b8b5d334
3071d5ab
a9f80dca
42d90177
5ec0f8de
1a3c04fc
2890ec85
96a145a7
dcb60651
c7d1128a
b53da223
fc6e9451
3af61314
070214a3
dca99212
07eba133
08436698
b1214205
1708940b
0294d53d
9a9da839
54c9d5a3
9ab012ae
55bc7860
0d67ea68
1c03563c
769b3670
8953d2a5
fa50164e
d498af17
9d023f8b
f79b5732
03a6836a
b0f21c57
e958eac2
96513f28
71d0e478
be5e15be
2b9c93e8
28d7b70b
7fc32619
d0f46b94
5c31f8b5
f1c75620
9ab7b709
acc61551
7e1b689f
d465210c
1cab6059
4e84627c
5cbdaab2
b3921e22
d4a8abbb
22b039ac
ca507047
bc0d461a
1c949b26
0874be4c
f0b97675
35ac127a
1326415c
8c22dcbf
3b7278da
a7f65069
ca450264
54aa9241
b54881c1
b0281cae
590ea7c6
7a079c4c
90928654
01c97c74
60e68774
99b16c2e
689210c0
b122d95f
93567563
0c2c132c
4391d249
4c33b042
16cb8815
b4598304
4f71a87f
80b5a8fc
11eb64bb
45bda88a
ebca41b9
78876d5c
c53b6c3d
5cb987a6
173ac409
cd0da3ba
51487279
5fdcfe82
c915a1b1
a1ff55cb
01caae0d
5ba5d061
f3274892
2deb5181
38b853e0
26950be0
74bb98bc
d01ca624
f1abb378
209b9383
0827b72e
dcba313b
97fbb540
5e2e37a2
cc8c3976
6ad0fa05
23572607
4a445cf9
0dd039c6
181c49eb
60809982
59889905
00408ae6
cbeb8280
0acc320e
10008307
363b764b
b8d0e9c1
8b804661
8b8e6417
1389d7cf
7c2f11d6
449dcd5b
4b75d12f
df72d2ba
e25240e5
051c153e
df8753d1
913e5828
294b555d
c650596a
cbe6bd20
9aa7610d
0c5b3c66
367c3826
75c9b236
e50f69b3
22062f86
6805e455
bbc5ac47
15915ac8
a5f5cc3f
3a9302cf
04deba6c
c3fc363e
020ef158
b07250c7
89e56131
65367c38
e79c46e6
1e88bf8a
c782fa4b
4657143a
27ca522f
1e6a71e4
6043015b
b56a954b
fb2b43b2
d1d38a39
a828b55f
fac8f523
137b90c5
41743b19
30ada412
c7c8ccbc
7a31a34e
1f453975
c4a29abc
88f58f6b
cd89173a
d361ba87
61e17067
a0365222
79505338
2a917a1a
7928b5b6
ea4e7083
0b8ad0b5
1a02b562
40001f86
bf3b6773
07a3cc38
97b5c437
c93264b2
94590be8
b9d44169
34d3cecb
6b2f4694
c9854c51
2f81c9ca
3739518b
5cdfa4f6
6b0983c3
8f35884b
26248ddc
79d1fdcb
4b3fb370
b3111c69
728b991a
588d1c18
8cf0bad2
7c9182a8
da23a5bc
61074011
1a06201a
1e1230a6
00656cc6
9375096c
1f309a04
a3aa5d56
98f4dd48
cb3061eb
973aa066
2f7a120e
98682bd8
98b438c0
b4da7da0
5d2339f7
ac5e8369
aca99d1e
d3bed031
aa7143c4
88e31530
8f3e6ad3
5c2632b2
634c4507
961ac84e
83855526
3145126e
ed0208a7
c59e3b2b
5d4cc83d
0622c2a4
98e172b5
191c4b01
5944cb9a
278944e7
68c87201
fd414845
1cca74a5
b8ace212
005af64f
b91ab913
78cc2c9b
b01b3104
75720863
9b67a96b
a7372161
864073a7
8f04514f
fd6b7189
a6d5812a
1af0ca52
70aa9522
9aaac841
0476ba71
a62a44d0
f5d04d46
af858c3b
70867299
b45566a4
8446e318
044d9025
a998bd7a
95a13413
926d474e
56fa3c14
c5664121
dfa4a9cd
9a4e696a
3280269e
8f9c4060
2be35017
cef4368c
4bad378b
f8dd4f21
b49b47ab
27683af2
35d80f48
16b92749
c80a75fe
d7a48dd2
a82269a8
9a8b87f0
3b8fae69
afe4afc4
367c43ba
bcb62ef4
0c409858
9c0326d8
d3a747b6
3ec22c2b
f2629836
e1c4b879
616c9f20
db672509
416b2a03
c6159b50
64037bae
32b3c9b7
b7765384
24894feb
aacd4e9d
fc57b735
edcedeff
5f5c3951
bfb134da
45c7da99
5996414f
2a0e0981
205695c6
6e56800a
a98fd40d
bb824729
91cad795
92c1c280
24f23206
74ca6847
efc9cb5f
ec5830db
b5fb7782
672d4118
243e227c
40d3be11
7c7146df
b5997bba
cf91183d
c36c794f
92124373
94d3026e
e31e38a8
71956e55
a400c0ab
d811e2f5
9c7ba0cb
a9e715ad
ec0546a0
0c049257
4bbc0743
e8028ab2
f6d412d7
55d0031d
a45934fd
9c133227
ac384e43
7c7ea88b
a381cf06
b1817c09
6ecdc652
99608ea6
7ba97aa9
25b7f609
07ee42bb
a74aab87
5f2240e7
e37696ab
cb205339
f48ad986
d40b9cfc
0c59f5c8
16a06ac6
36c93bc1
1e70b63e
9e4d413d
28c3c6b9
5fb1e581
dab1c29e
6bac696c
10360a2e
004d4c02
20e2a50c
1a62ac89
b971f947
1ce134e0
cb33bbb9
86948357
38536234
5c9a2998
0b5d5076
110e2820
7e37b81b
898fb922
ba8cbb09
2325357e
0f6ddad9
556d5113
51e7bac8
a6886030
9b4e0c59
5ad63c10
6b7ef9b1
f6096aaa
919b284a
efa0a19a
4201c351
35c1af5a
548e48cd
e8a92262
7bbb1a6d
6420f038
640c38f3
328518c7
a02290c6
5212c855
0741704f
49adab2b
85711463
3ed88fc5
285f97be
741f0454
4fc69cba
153045fc
061c83b4
b3114b59
ea404862
234b1443
55a0e061
e9a702ad
7318bca6
97a50c18
42059927
d1fccd05
c3ea1d85
d3165718
a71ab096
66b7c047
914c409a
80500e64
93aa3d69
51284835
fb4937e3
1017d72d
039a93a9
fa56554a
4b03b008
3909fb4b
3c2a3794
2f7a037c
831554c0
13b55c04
09d64276
c2b1aa6c
85bdcec0
8d6aa91d
c42ef6cb
98925993
01c883ae
2051dcf7
76621fd4
146ab761
7359cb99
7907aaf8
3a72677e
81aaa9b3
b35081a7
3fba365e
092314ae
b2391c24
c348b2cc
8abaf0f7
89323ed1
bb47d241
7fc93650
09fb1739
ada501bb
ff0a02ec
a4d75c80
3690a86f
d507f7a7
e0238b9a
887aadb9
8e2df9a1
25ac9c58
af0c6b6b
718e67f0
f27da0b6
3b18a96b
67926c16
23d8a5f4
634c51b4
a0248cfe
05c79a5b
45b9a878
b35f42b0
61feb490
9a7ced8b
e70df8ec
7b384098
abf31dad
fb36e52c
73b068d8
582a3b27
15a1fb2b
a213ad19
7d6228ae
a47216aa
77de7940
b041006c
e0a24b03
a87d838b
21caee38
3620f83b
8c1e6989
bdc7f094
8143a1f4
0252be72
1c7afdc1
e41349b5
f1be4330
13468a86
1aaab94b
683d49b0
1facef96
08225b65
8b2f5320
c9a3de32
b9a8f04f
b0e43683
3caa94c1
049658c7
c8973b89
06c3ce37
813c66d3
37f9ba99
36711e23
9dbd2b87
356a1776
2583053f
36970583
73570c21
25aa1498
7c48914d
70d39a93
bde72d85
6a1f2ac9
573c2477
79615255
4d61fbae
c8998f5c
31986e11
07872226
0cf50be8
5883947c
79425275
35b8c4b0
36a34910
a905e453
9ac5bf00
840c6e84
cf8636df
cbe12fdb
34f45d97
8fbf2c90
e639bca2
1d46cf60
7333b6b6
238893ba
2e3a7e82
9d22e443
72395f07
c0cac6cf
e86d549c
814575f8
50015384
48caa728
ca3f0990
74e8587d
f8af0438
334acf13
9da03cc2
be16060a
e6aa8369
bd34e967
5247241f
1b41ba64
8a110723
c2c378c6
0cb17ebb
7852eda7
77804917
e9620f92
ac76b1a1
5bc03264
53f17827
05e391bb
1bbd9b99
7ce81ca7
01229346
03824cba
2b96bb26
b5622627
39bfe1b4
075f7ba1
219b8a24
d875f2ba
1a131ce7
0ccaa50d
586886e7
07b237b7
86169281
e58ef30b
8ca5c91a
2b1c4dbb
028d2b8a
5cb551a4
c68a0d08
b8b1322d
30276429
1d171cca
09114aeb
e44ead01
94f9619b
f26b7383
fced8677
6dc8624d
29ceeace
f3c99428
7e47461f
9325e835
2aa7949b
0deb26aa
527285ed
88b89445
a99a361b
2eacf26b
4572405b
12a73732
4f2591ca
3b3bc1f1
3536d330
b32c7499
014664e0
b227ce01
8b1e2194
2c0577b3
af5bdd7d
96744148
55d53be7
c6716125
13c3410c
c4635f8c
72b15798
fd4714b4
96d52f7b
8a653cb3
354b5c84
bb350622
2b48d70e
788a6798
039c6e8b
5fd4e78a
9852631a
c7257c36
8fb99d63
1e379385
42ac5ba3
3b0b0e31
c3ba92e1
00a18c80
43172cad
4a794715
4c593ac6
6ac1fe23
9e2a85fe
ec1d6420
59acf6ac
60ad6bbd
97f211f1
3cb7517e
f2badb4f
37bd0963
bd59fe11
d6cc8783
17a146dc
170affbf
601f19f8
f1af2387
19281424
91957124
70fa60c1
c461f51f
59726cfa
59db484b
2552f097
d69261a5
5b428305
201c054c
b942c62f
677dc206
60434e26
b789977b
ba8d23f4
8f355b73
7652dab0
f03b5e2a
6ae93dc3
df550430
47e90178
3945d4bc
117d81f5
e9c11afb
6650f91a
a654d2f3
23186558
a6f2c02f
82b03600
34ac96e8
8f72b781
8a08acaa
895ab7f1
905427c1
f3c455c4
5345b760
7a8c509d
741c54c1
aa6a3f0c
3a740e9f
f47056c5
f603983c
949c5495
cb868832
852319d7
78912270
92aa79d4
9bf25d15
67246343
662a26c6
f45b52cb
3f41de8f
9ba3418f
1856bc44
9e83705a
437608e0
e1e1b903
50cb1c70
d5457942
80bc0505
88a9f410
8d825772
1164bb49
59c9e090
2c3c70a3
d68385d3
08fcf672
05cfa9de
688e40ec
c5a23194
78b505ac
28af98f3
6faa9f43
f2cd61b8
aa86a9b6
02305a1e
a3000792
c9941106
086cdba6
ec13da5a
95b85e84
0019c49b
1da03537
2bb50b89
4f614c47
2804d7cd
8adfa34a
94213d1a
807fe314
507a19f9
66c091cd
f34dd441
85306e90
b8b5d334
3071d5ab
a9f80dca
42d90177
5ec0f8de
1a3c04fc
2890ec85
96a145a7
dcb60651
c7d1128a
b53da223
fc6e9451
3af61314
070214a3
dca99212
07eba133
08436698
b1214205
1708940b
0294d53d
9a9da839
54c9d5a3
9ab012ae
55bc7860
0d67ea68
1c03563c
769b3670
8953d2a5
fa50164e
d498af17
9d023f8b
f79b5732
03a6836a
b0f21c57
e958eac2
96513f28
71d0e478
be5e15be
2b9c93e8
28d7b70b
7fc32619
d0f46b94
5c31f8b5
f1c75620
9ab7b709
acc61551
7e1b689f
d465210c
1cab6059
4e84627c
5cbdaab2
b3921e22
d4a8abbb
22b039ac
ca507047
bc0d461a
1c949b26
0874be4c
f0b97675
35ac127a
1326415c
8c22dcbf
3b7278da
a7f65069
ca450264
54aa9241
b54881c1
b0281cae
590ea7c6
7a079c4c
90928654
01c97c74
60e68774
99b16c2e
689210c0
b122d95f
93567563
0c2c132c
4391d249
4c33b042
16cb8815
b4598304
4f71a87f
80b5a8fc
11eb64bb
45bda88a
ebca41b9
78876d5c
c53b6c3d
5cb987a6
173ac409
cd0da3ba
51487279
5fdcfe82
c915a1b1
a1ff55cb
01caae0d
5ba5d061
f3274892
2deb5181
38b853e0
26950be0
74bb98bc
d01ca624
f1abb378
209b9383
0827b72e
dcba313b
97fbb540
5e2e37a2
cc8c3976
6ad0fa05
23572607
4a445cf9
0dd039c6
181c49eb
60809982
59889905
00408ae6
cbeb8280
0acc320e
10008307
363b764b
b8d0e9c1
8b804661
8b8e6417
1389d7cf
7c2f11d6
449dcd5b
4b75d12f
df72d2ba
e25240e5
051c153e
df8753d1
913e5828
294b555d
c650596a
cbe6bd20
9aa7610d
0c5b3c66
367c3826
75c9b236
e50f69b3
22062f86
6805e455
bbc5ac47
15915ac8
a5f5cc3f
3a9302cf
04deba6c
c3fc363e
020ef158
b07250c7
89e56131
65367c38
e79c46e6
1e88bf8a
c782fa4b
4657143a
27ca522f
1e6a71e4
6043015b
b56a954b
fb2b43b2
d1d38a39
a828b55f
fac8f523
137b90c5
41743b19
30ada412
c7c8ccbc
7a31a34e
1f453975
c4a29abc
88f58f6b
cd89173a
d361ba87
61e17067
a0365222
79505338
2a917a1a
7928b5b6
ea4e7083
0b8ad0b5
1a02b562
40001f86
bf3b6773
07a3cc38
97b5c437
c93264b2
94590be8
b9d44169
34d3cecb
6b2f4694
c9854c51
2f81c9ca
3739518b
5cdfa4f6
6b0983c3
8f35884b
26248ddc
79d1fdcb
4b3fb370
b3111c69
728b991a
588d1c18
8cf0bad2
7c9182a8
da23a5bc
61074011
1a06201a
1e1230a6
00656cc6
9375096c
1f309a04
a3aa5d56
98f4dd48
cb3061eb
973aa066
2f7a120e
98682bd8
98b438c0
b4da7da0
5d2339f7
ac5e8369
aca99d1e
d3bed031
aa7143c4
88e31530
8f3e6ad3
5c2632b2
634c4507
961ac84e
83855526
3145126e
ed0208a7
c59e3b2b
5d4cc83d
0622c2a4
98e172b5
191c4b01
5944cb9a
278944e7
68c87201
fd414845
1cca74a5
b8ace212
005af64f
b91ab913
78cc2c9b
b01b3104
75720863
9b67a96b
a7372161
864073a7
8f04514f
fd6b7189
a6d5812a
1af0ca52
70aa9522
9aaac841
0476ba71
a62a44d0
f5d04d46
af858c3b
70867299
b45566a4
8446e318
044d9025
a998bd7a
95a13413
926d474e
56fa3c14
c5664121
dfa4a9cd
9a4e696a
3280269e
8f9c4060
2be35017
cef4368c
4bad378b
f8dd4f21
b49b47ab
27683af2
35d80f48
16b92749
c80a75fe
d7a48dd2
a82269a8
9a8b87f0
3b8fae69
afe4afc4
367c43ba
bcb62ef4
0c409858
9c0326d8
d3a747b6
3ec22c2b
f2629836
e1c4b879
616c9f20
db672509
416b2a03
c6159b50
64037bae
32b3c9b7
b7765384
24894feb
aacd4e9d
fc57b735
edcedeff
5f5c3951
bfb134da
45c7da99
5996414f
f7564d1c
6c1c980b
cfd56e67
01ec3e2f
bd124b9a
d0421ecc
9e39a8f1
c83c46a1
e6bd1a80
85e59a58
6252d41a
80c64b7b
70ce51d3
9a0e7569
959c6b9e
37df7c4e
00000010
00000001
0000002a
00000003
0000003c
00000001
00000020
00000020
00000000
00000620
00000c60
00000000
a71b325b
69f257ac
35036ab8
5d9be2f5
82125489
66b04117
469b6b8a
003db95c
6c45331c
07a2c114
617f8286
5530ca1c
a40bca44
3caa2ad3
1f887135
cb88d787
275accb3
03819d8c
439a1ad1
a9194bcc
75b6eb98
c89d271d
951787a8
6ddae597
4255bbca
07e1a592
85e54836
1ba46b2b
29221d20
789493c6
79c05039
332aabc0
a8f70321
3608a0b3
eb1ebbe9
9b2393a5
39565421
a7089770
2551355b
aa345737
305b7599
7d5c06b5
9f2aa931
558d5550
858bfd75
2e10a666
6c0d046a
1f8af73b
e939e85f
182819a1
26634989
1c1e293a
98313880
cf6c5cc7
efc29451
ea8f61c9
3cc79f4f
1271d47b
64f68aa3
b374f8ae
bb5658e0
2ba9aeb8
6558beab
1e5675c9
175914e1
261664c5
64ad4c13
63140703
0d989964
6eb83939
37c319f5
62aa758c
a6716301
65117679
4a2b1f37
c12c4bdb
b1e37526
ac1186a7
5fb9e7e2
a05d5cc9
a2b11696
1979416e
b0279258
167aa205
9f158562
364b57c3
38fcc9a3
e46c10fd
d6c7cf79
99b49b3d
81441647
40aab381
0305d80d
dfc3d27b
5cb95c13
7ab07a3f
4e4c927c
cb966e75
c724ae74
1c27d862
995d4b0c
ae67793e
eab930ec
b897453b
57198245
827295c3
d1e18329
3002eb8f
91298735
33848c19
953643a8
91347510
39a34abb
5ba7384a
4e798553
384bb595
3f93a39f
73495413
90702241
caa2fabe
31449c87
70b85c12
8ea22e5e
4794d555
631aa7a1
2e54d05d
bb2d606b
048328d0
975b6bb9
ff01c502
4bdea900
192c4138
4d226140
5bfc34e7
a9587520
724dc92a
3ccd08d0
c842676b
246da371
a1c91008
78529585
a155f545
f51c4340
a83a9b11
87af5689
19665d99
1433ef65
440c74ed
a7761412
c9a78551
4840f60e
f7a84b45
a44a4c66
2c292c8a
d6382114
1cdc8433
1b382238
636e05f5
47b9c544
3d413387
c2f33610
4673b269
24850490
58ab6291
8af66343
538e8014
a5b31378
a011199a
d827e2d4
b2c73675
beb0009f
e71a054b
f67d841c
b8671b97
7dcee5cb
9438a851
7581812e
ec7f4425
99cea180
acb628b5
59099af7
9ca98fa3
2306cabe
bf6c7697
a266719a
c1701945
b41bf7ce
951214d8
aafa245e
8103a66f
f0398c60
20a00321
f9888a17
4b89389a
17d9093c
a49f74f9
b4682d0c
9dc4be57
816b3607
821b7d4a
4590ab01
83463274
a4d87c70
4a72a9ac
7ac768a6
a63cc9b8
9decf435
52491c57
894d1b5c
496633cd
14833a58
c7e61523
6d39bda3
c2b2c1b8
83c32756
1755e15c
4a02f758
338a3139
c01a223c
c5466570
0106ae36
887b558a
c70b3530
12e48af5
3624bd12
67caf362
a9a28147
0c9b2f07
5d5b721a
c720cde6
4b02634e
0920d3c4
c69a64d0
79562964
4a5b77d3
30f74ca1
2c9b6aca
0bc44448
1b26917a
c2d7935a
0b3810c7
62ba9dc9
077749a5
2975b917
f56b6ec7
0675fd89
067185ab
7c274300
c58cbd69
a97bc18f
0cc28126
41d3f379
5a45c465
9b2d1fdb
a0726300
ec3119a9
0b19015c
59a52008
b586da63
98a968ea
92a5cb7f
519fd7c5
1a0d7ebb
c05167ce
323fd845
a174b79c
6a67266a
32118610
e5f9b19c
1e606698
8fc4498f
772d7a29
ce3bc33f
40cb87dc
82311f66
51548916
92005105
2b16c5fa
b88b5b98
ec0d971a
53789ea5
7744ff89
3c4c5ab1
eca05174
5ed2f6a5
c00096ab
ba9686a2
cc517ec1
0d43e3b4
23174b0c
b7e05e46
4a097b6e
0c7c0b36
af679449
4e799c11
98edbbf9
3b481cc6
8e0c44e4
17739d29
2b7c386e
c8221538
4ba93e72
b1b68ec0
dd65d62a
917ccc60
c364720a
b892409f
d40a4019
c7d331b0
5b8514b8
2a6d56b4
2de2d7ad
a82138a5
acb92922
51f20b89
f945221a
ec8f198c
84123fa6
ec34a5da
47922bcc
28caa8a5
c01af8cc
55341d85
96428687
9513aaa5
7a14a728
7d025397
74293c9e
446c6507
49b9b8af
02908bf6
b3c01040
262cfa6d
b0b836d0
46253d1a
4e10b77a
6fce17f5
5621b594
c49a7ec9
b66aa5fc
20b67713
20bb37a4
1d8eb691
0707cd80
2f4148a9
8ca42bc9
3a570a68
6bb2ff41
95251cd8
b7713206
0f98eb80
8f991089
6723b0a5
a8d84368
7997a859
4af021fa
938787a5
2c872a1b
eb5dc286
c22408b1
084c3b94
77523361
b17af679
e92d4455
86a65f3b
1f40518b
3842269b
d3792569
6ddb1412
d77162fd
41d7b461
ab6b8f44
2f0f6cf3
c5c54fa8
74f5e70d
c30830ac
d0cc26c9
3f30962d
4b0e4bcf
19f91293
856ad71e
a1b626ed
c2d1a5a2
8b1be0cc
8cf0d7e7
e5937228
1c9ab35d
1d2f05b2
af8c2b91
9b30e558
1b3e7ffb
fe679c0b
b5976ca4
1aab7791
96d3ce33
3338f0da
1c69cceb
5b16f556
7358bd00
176a0dc8
39478631
78cbc7bc
c03ec164
7039be17
168bac25
1be98fd4
c6cac570
9671b62a
fc931072
36b7a506
319da5f4
785ab6d7
4af91007
b0936365
e158a507
b156dd9a
110b83dc
bb28cd11
a4d3763d
94933c0b
6181b68a
0a33331a
ea0ea584
56691a6b
1b8369c7
edb05b56
25a566f8
a0e554c2
160016eb
243395f7
5240180a
d57a3745
c8898891
7343d54d
ad6be7fd
900b91a2
596a773b
29a6e458
05b06309
9c443dbb
cd5d30e1
58184671
4ca60821
b006d75b
244d204c
20c9025a
3ba0144f
ba48affc
9a4a6e7a
9a89970e
cbb66f3a
7d956b0b
500aaa85
ea74cdf8
ca37b0c3
752be431
73eea77a
4088c425
36680591
67e1b0f7
5f433f5d
132dd78c
150a4c18
8ea63072
4e8fe916
1b2f1383
4fc277bf
913c4cf6
d190a5eb
92f0d50f
4a5de1c4
181ec06b
0f44f35e
b2ab5743
90098726
6d88d63c
d2a9b2f8
53e1bf7c
736a346e
4ea81540
fbc700b8
620cb622
1e1e24fd
d0667969
a5e9926c
7d0a4c4c
46090e0a
973b890c
93b1f3e4
91037c13
7520ca5c
0c519b7e
12b410c6
a5ea7153
b996ca5c
aa081df0
2003265a
6ea3ac1c
43509ef6
364948c0
cd86754c
18de9819
2431b8c1
198e562a
f76242fa
9b022084
77825c4c
c04f05c7
8a68708b
67c988f4
5a093ed9
1a99d07f
a74de3ef
20d78fb6
7fbb48c2
ef7d030d
b1562192
175512c7
a2911c43
8b3913c7
6590b596
0bc7d00d
863e8da3
69a4f41a
a3af1b5b
b04f5e72
509a342f
1f1c3575
669ac03b
5b4857b2
425d011e
95a30ea0
19b0775b
6e69c318
344a1fa0
16eb95c5
df202391
a35ba423
b6740d9b
db77d6a2
4130ad82
0f661297
397016a4
4b389b38
14baed24
34760c80
2523b893
872572a4
0164b21b
bc073321
3d45313b
6c933096
59fb0543
7c06f9cb
38a6077e
d57f3b82
6baa51cc
b9903b5a
608b1668
6f79fe7e
ad15a768
07219d19
c959a1a2
2aab20e3
b0412a89
37284e8f
c87d6953
904fb566
3bc498ad
148d72b7
50b49c7c
0e128a41
c8cd4469
04b56397
4f01d18b
d64dcbe2
ea6413d4
c351a64f
35c4351b
e35d9b77
1656ff54
957a9b42
7a0ea104
370ac862
446ca396
c596c084
4aa12557
71304536
38bdb556
13b4649c
73076889
c783bef6
0681dbb9
755b19f6
03677307
4128675c
fc6732b6
1b7b4feb
7da89a5d
9e6e1b2c
3395179c
8dabdd39
2188a125
5bc03280
283a624a
ab799334
e8fd1603
841a185c
c5bab618
81ba6093
203a3d4c
a309f39c
c2af6932
93161934
643ab680
5a422837
b1cab473
8f3a96f6
ec8b2f87
1fa17289
a18287b7
95261a42
3771325b
814bb0ee
d59b11f9
7ddcdd75
81483498
6cb61001
4203e419
bda65c87
58f4beb7
82989642
27a8aa03
4b4cc892
2d1bd7ab
788f554d
6a134ff4
a507a28c
258a8be3
8bfdbf58
63c2c4b5
373549eb
57ad1728
aee3f54b
57003429
f22d7cf0
4328c025
46a7651c
8cae23b1
763393ac
d0724621
d7b76fe6
816b525f
fb3d8211
1c9c60b4
a5e3a596
1f66e44f
89acc83a
4238d4bb
235755d1
45df2647
1b277ac7
efa19c0f
c0d00508
81347ebb
7c9b9bce
641db368
b724da4a
46249999
a2788f20
57101762
efcf9905
dcf31719
637737a9
7d580b0c
128acf91
5608b600
062cb5c2
a9aa63d0
9669ea68
8d0971b8
7c2fc1cb
5a285777
7b5929fe
c8fa5220
67021195
a33e3b0a
7561cdf7
00026aa5
960918dd
7cd39a55
a30c4c0b
9c1b65bb
d0155a27
6f97f742
1f3982cf
fa085de4
6fc9676f
efb6fc0f
83caca83
1567ad45
282919f0
d977ccbc
6c06bb5b
644f68dd
c6e026d4
bf883cbf
f131b635
4064c998
377b0a10
ccb91858
42ba6807
14bc765e
b824394a
962f1608
44093218
19a2157d
007f7af3
03476a24
e8b55a98
232e5601
0e4c752b
3d33c400
fb5c0817
bc70a83b
ac42fc79
90e51d61
aebb7311
76546afd
bc6f9d2c
abda1f83
a3974359
b7ce063b
c522112f
b412373d
f56d80c1
8bf89186
be63ab21
c895cb36
5bead57e
13968082
29b87206
89d01108
be84c62b
2080c559
64d41641
966d531b
7134880a
1f312137
0533b4a2
892c4315
838a68c7
daa0eb38
63fb3f54
0771db7e
274c253a
e60b3d82
b0a0f888
4e4fc037
bacc982a
46f41e86
a75e7c28
70f89e52
79d7197a
a3bf230f
37a76c69
5c139270
2c4b6704
79f68260
109874ad
1f3fc7ae
46346e91
43c2e8cb
6c34e702
0a077a5b
a3e3b144
a71b325b
69f257ac
35036ab8
5d9be2f5
82125489
66b04117
469b6b8a
003db95c
6c45331c
07a2c114
617f8286
5530ca1c
a40bca44
3caa2ad3
1f887135
cb88d787
275accb3
03819d8c
439a1ad1
a9194bcc
75b6eb98
c89d271d
951787a8
6ddae597
4255bbca
07e1a592
85e54836
1ba46b2b
29221d20
789493c6
79c05039
332aabc0
a8f70321
3608a0b3
eb1ebbe9
9b2393a5
39565421
a7089770
2551355b
aa345737
305b7599
7d5c06b5
9f2aa931
558d5550
858bfd75
2e10a666
6c0d046a
1f8af73b
e939e85f
182819a1
26634989
1c1e293a
98313880
cf6c5cc7
efc29451
ea8f61c9
3cc79f4f
1271d47b
64f68aa3
b374f8ae
bb5658e0
2ba9aeb8
6558beab
1e5675c9
175914e1
261664c5
64ad4c13
63140703
0d989964
6eb83939
37c319f5
62aa758c
a6716301
65117679
4a2b1f37
c12c4bdb
b1e37526
ac1186a7
5fb9e7e2
a05d5cc9
a2b11696
1979416e
b0279258
167aa205
9f158562
364b57c3
38fcc9a3
e46c10fd
d6c7cf79
99b49b3d
81441647
40aab381
0305d80d
dfc3d27b
5cb95c13
7ab07a3f
4e4c927c
cb966e75
c724ae74
1c27d862
995d4b0c
ae67793e
eab930ec
b897453b
57198245
827295c3
d1e18329
3002eb8f
91298735
33848c19
953643a8
91347510
39a34abb
5ba7384a
4e798553
384bb595
3f93a39f
73495413
90702241
caa2fabe
31449c87
70b85c12
8ea22e5e
4794d555
631aa7a1
2e54d05d
bb2d606b
048328d0
975b6bb9
ff01c502
4bdea900
192c4138
4d226140
5bfc34e7
a9587520
724dc92a
3ccd08d0
c842676b
246da371
a1c91008
78529585
a155f545
f51c4340
a83a9b11
87af5689
19665d99
1433ef65
440c74ed
a7761412
c9a78551
4840f60e
f7a84b45
a44a4c66
2c292c8a
d6382114
1cdc8433
1b382238
636e05f5
47b9c544
3d413387
c2f33610
4673b269
24850490
58ab6291
8af66343
538e8014
a5b31378
a011199a
d827e2d4
b2c73675
beb0009f
e71a054b
f67d841c
b8671b97
7dcee5cb
9438a851
7581812e
ec7f4425
99cea180
acb628b5
59099af7
9ca98fa3
2306cabe
bf6c7697
a266719a
c1701945
b41bf7ce
951214d8
aafa245e
8103a66f
f0398c60
20a00321
f9888a17
4b89389a
17d9093c
a49f74f9
b4682d0c
9dc4be57
816b3607
821b7d4a
4590ab01
83463274
a4d87c70
4a72a9ac
7ac768a6
a63cc9b8
9decf435
52491c57
894d1b5c
496633cd
14833a58
c7e61523
6d39bda3
c2b2c1b8
83c32756
1755e15c
4a02f758
338a3139
c01a223c
c5466570
0106ae36
887b558a
c70b3530
12e48af5
3624bd12
67caf362
a9a28147
0c9b2f07
5d5b721a
c720cde6
4b02634e
0920d3c4
c69a64d0
79562964
4a5b77d3
30f74ca1
2c9b6aca
0bc44448
1b26917a
c2d7935a
0b3810c7
62ba9dc9
077749a5
2975b917
f56b6ec7
0675fd89
067185ab
7c274300
c58cbd69
a97bc18f
0cc28126
41d3f379
5a45c465
9b2d1fdb
a0726300
ec3119a9
0b19015c
59a52008
b586da63
98a968ea
92a5cb7f
519fd7c5
1a0d7ebb
c05167ce
323fd845
a174b79c
6a67266a
32118610
e5f9b19c
1e606698
8fc4498f
772d7a29
ce3bc33f
40cb87dc
82311f66
51548916
92005105
2b16c5fa
b88b5b98
ec0d971a
53789ea5
7744ff89
3c4c5ab1
eca05174
5ed2f6a5
c00096ab
ba9686a2
cc517ec1
0d43e3b4
23174b0c
b7e05e46
4a097b6e
0c7c0b36
af679449
4e799c11
98edbbf9
3b481cc6
8e0c44e4
17739d29
2b7c386e
c8221538
4ba93e72
b1b68ec0
dd65d62a
917ccc60
c364720a
b892409f
d40a4019
c7d331b0
5b8514b8
2a6d56b4
2de2d7ad
a82138a5
acb92922
51f20b89
f945221a
ec8f198c
84123fa6
ec34a5da
47922bcc
28caa8a5
c01af8cc
55341d85
96428687
9513aaa5
7a14a728
7d025397
74293c9e
446c6507
49b9b8af
02908bf6
b3c01040
262cfa6d
b0b836d0
46253d1a
4e10b77a
6fce17f5
5621b594
c49a7ec9
b66aa5fc
20b67713
20bb37a4
1d8eb691
0707cd80
2f4148a9
8ca42bc9
3a570a68
6bb2ff41
95251cd8
b7713206
0f98eb80
8f991089
6723b0a5
a8d84368
7997a859
4af021fa
938787a5
2c872a1b
eb5dc286
c22408b1
084c3b94
77523361
b17af679
e92d4455
86a65f3b
1f40518b
3842269b
d3792569
6ddb1412
d77162fd
41d7b461
ab6b8f44
2f0f6cf3
c5c54fa8
74f5e70d
c30830ac
d0cc26c9
3f30962d
4b0e4bcf
19f91293
856ad71e
a1b626ed
c2d1a5a2
8b1be0cc
8cf0d7e7
e5937228
1c9ab35d
1d2f05b2
af8c2b91
9b30e558
1b3e7ffb
fe679c0b
ce77d7c0
27c6ae0c
d9d12177
3a4cc3fe
c9452999
545b12f5
aa76319e
4d01e75e
e4c784bf
5971a928
0921fb83
667b0437
3133a100
70df46a2
c2f6a103
5949dbaf
00000011
00000001
0000002a
00000003
0000003d
00000001
00000020
00000020
00000000
00000620
00000c60
00000000
fd70db4a
471cb349
024cd793
b801a640
978b3739
7e6c8586
415e5751
90bd5d4a
a761d036
20156140
c8029261
aaf500b3
0d98e142
658a0680
21f5e64f
552a83e4
1cc8996b
b7a50da5
1b54086e
41a2ccaa
1e83019a
efab7a68
8a80cf38
9b4c48c3
e2be81ac
70454c80
795c7128
e176807a
d49a51a5
8b971cba
958f8259
67e666c6
95f2aa6d
7e2c9bcd
58d86512
3e6b70b6
05cadbf1
1733b2c1
07ccc76f
163b55ca
00b491fa
8d192153
9345f1f6
12415265
6dd89ca5
a8aef08d
e07b506a
c2d6a325
4b4832b2
29bf6e84
4612eaad
aa7606c3
b5ad1abb
13a1eb41
1581d2b5
d0c53014
cd838a3f
d510f50c
2b67c8ea
ceda5207
a868f08b
37a1256c
11ec6977
e8085bc3
ab9a08e3
82cc603c
d50543f8
379778ac
81b5b39f
dc0971fc
fcccc78a
7bfc0c53
0c38bada
3337732a
c3d61b5b
ddafe636
22210b71
47345f31
b801f90c
f4cb9581
12fc583d
a09032af
98ec3f20
9a48874b
a489a12c
18ca7753
2603e379
46aa2c54
558d11f3
7f8597a2
8169449a
935763a5
65b2fe9e
93253501
b0eeae37
40d7ae9a
747dd9cf
a53eb0fc
7b32240d
9e374500
794faed5
6495bc12
fd9f25d7
d87755fa
b6da4b0a
e52e72ad
67158c56
086a7939
7fa50c54
88d5cfc8
20dce586
5db9e20d
71f355b3
66c30dbe
b48d1252
c06d2e9c
0777b202
6d94e991
86e60a45
c8896282
7faa0644
85b3199a
91311f82
e802276c
f49a6881
6cdc582f
1f4c0be8
196954f7
cc227248
9d2b84ff
36af3cf0
65a55021
7b54965e
b0db8320
caec9ca8
025371ee
d23a7857
056a96ae
40a51098
c2c86809
88cc49c1
9cc4e29b
73b5b19c
0721775f
4a38a5e1
c19413c8
765abb14
4534d748
259e08f5
3e385a21
2b43d25e
288f47da
ba6930b5
d69af26b
b0964039
ce7856bf
27018ae3
16c709b5
c7a42761
651d163d
9a218995
6b8b6f7c
3ab5a033
1c118583
29b52d52
6a054711
da726325
0118c935
ae9633d6
9bd8b106
40a390b7
ca3f6b87
530b9620
8cda1b0e
e91752ad
ab891da1
11b6dc09
587c67ff
77a180e3
7a09877e
ca748275
67200eb8
4cf55743
615fb1bc
b41a9ef2
23387681
4b91ebbc
e543cd6a
90998182
6984f6f7
d15081c1
6ea90d2b
eab73804
550c4f30
04c976c1
921eb825
58c43267
1dd3ce8e
c9ae0287
32a34df4
9ac0a076
d80178b5
37362f21
b5a1ab01
8f3010a6
20c96037
0b66e84a
8e92a88d
67fd2950
6ef69f8b
23c5a9cb
7bc9832c
40ebc1ca
604807a6
97ad68f7
7ba67f11
4503f193
20b872ec
bac98982
3a7b6490
3c2c9909
49e5d19a
1b7987c1
189c9d00
96056f61
9c2e558e
a41f2d55
34182cc2
9dc6d058
99329492
1a7c242f
4a597989
8966c4b0
0553c651
8646a946
cbe4152c
360949c9
8871fa71
66d38d4b
01ba5b0d
ad49db1a
f9c6160a
162cde1a
8daa36f6
5a1c1682
a0a16554
233e277a
8b8a9a51
b9c1753e
c625dbfb
4204647b
1dea74b9
feb1d1ec
a6bf2007
a0d88b9c
091e1398
7c3e0d95
96281e01
1d4861a6
89cc6f31
13da6422
104a825f
56cbadc5
c52b9d87
60945b12
ac91af42
2cfa10ae
f3376748
26b9bf95
6fe8c0c4
6cb40512
861e15ac
7805fd02
81424743
b17d6704
95268b2b
562f9456
02ea4f29
c2a10a73
ef98fcb8
7bc5761a
46d58c0d
2d89e10c
2ccec735
c7e8779c
884c383a
0910c447
a9806c71
bd52437a
3972227b
8d86270c
35ce7900
92d17cf0
926b77b9
d1954cc3
4b06380c
1384171c
c369476c
31f7c969
856233bc
db8409dc
82b155c5
4ef97210
01c7f38d
abb23047
89989e4f
79447603
d2cb9f52
15ea8813
179edbab
ac4f0dd8
b36002a5
b74905e0
62e54ac2
3d749f0e
17a4c49d
66943a57
bf886215
a37613a1
955f2173
02984225
d729f9f5
1b3d18f6
34d3d476
625ae691
69324fca
a3683054
7264059d
753460b4
689933c6
b61f21e8
76b91efc
3f9077ab
1ebcfa02
00dbc237
55239980
9c3954b5
96b1c320
8ceb6aac
fd408a58
e6c83401
31f3957d
1d2442a6
8a8b3e26
53b82866
373571fa
9855ba8c
6b45aa01
c69ab9da
925d65e7
0127ec9b
f66eb077
84e99d91
1c88f090
36b32154
d1a5d00c
5d94fa57
f0322cc1
b3be50a0
54931353
79cb85ef
77d966a7
197ba4c6
cc47c0f4
092e16f3
1bc22c75
afcdbbc9
111a9f25
225a5faf
4facc855
f08f0e1c
6e77076e
2da108ae
08428390
02fccf6c
9bc6a1c5
19d20492
6ce8bc24
6e64c6c0
6c78694a
02318e46
3f63ec7b
00958e9b
7c81287e
63080214
51026fd1
38506af8
192be1f2
ddb94f2c
fb005624
1b49f215
4a0b5dff
c0552619
6301bc6a
be5b32cc
e0c90679
8c5da114
5447fb19
d171b8c0
4b8b8fe0
06a1021c
2ea6831d
8c681862
093c62cd
d678e35b
7b94019c
58c211a2
01891892
c09fcbf1
4964dcc9
268613d1
05821550
85e5202f
0a8a4088
e3ca6606
b284fe29
e635f08a
e3748633
6181999d
cb965755
24713816
aca1456d
2f1b17fa
a3b05590
bef41b34
3d8af7b0
f0e02656
7fe532c6
40a2e8b6
22d3ae25
30135761
2cc6e45b
f6d71dc8
61f3de4e
b9a9ab38
7b287aea
20849996
2aa45afe
a22dca00
88c1eba1
d75bcc71
4248cf72
b3369c17
e88cac1e
0c916017
6ef88f62
05247378
912d3f41
17bab918
94ad2cbe
04287b89
0ef9c63d
18c3b9e4
e6021f42
70b65280
df990a48
8024c4d7
797cd301
0b63f0b1
153927f3
0498a2b6
d514b925
4cbe8539
153618b2
8706aaec
747a6858
896c8058
e64fa8b6
68918b91
6b23c6a4
e4840421
f578c919
8d73329d
713210d6
b351c1a6
a4556e01
8b8b2499
887c786a
46f396cc
09975317
78fa2427
1c9565cb
315e3b50
6a0e28cc
55fc0008
bf173323
e78d0f30
5596d01d
581fe642
d1df7296
37f39b80
8f17313f
00e70e55
0080313f
3067a123
a4dcaa26
42a52389
6a7b050f
03b4029c
c33327cd
e97c0c0c
a9872377
9b76c27a
97b6f526
411eca92
57314bbb
77592908
d949c1e4
668bc941
6eb58a6e
e32cc339
69da8014
219fbc32
05b95281
ad192d0f
6acd911d
09a068f8
878a4434
0d678253
92a10fd7
b1d94160
cf6444a3
743fab41
7a435574
f1b1cc36
0b9fb942
202ca69b
40834ba2
f1138e02
9ee40c13
fec758c4
b34cb434
72f9cd66
434d6779
c8bf1660
0a4370ca
18aa04ff
e45954c8
c43c9c23
503a5492
1220b705
10ca24b4
9d7d0787
72efc7f3
7be6d16f
813ad2ca
78315175
4766c1c1
3507a15c
18571de1
7a9cd3a1
e1c943cd
a0512247
7c2835b1
57a2276f
16681072
65626453
7c6cebc5
a748bce3
38983b21
740e02d6
44784981
30e2ee53
2c695861
c0378e83
6794a8b5
01a486f6
f3532797
b99a8239
55893991
fb389ee8
4dc82959
40aa46e2
3064964b
150b642d
5c494ba1
fb4c0612
36463c07
ee9539aa
ea0c5abc
3f89dd37
1a164b3f
312945d1
2b8cc869
8c27fb74
f6b4c719
783639a5
fda3806a
76d73d98
a5e56237
3d30f362
216e7b74
60e8589f
940c11e9
ca864919
46777bac
82a90155
0b2a64e1
7d37f397
37bf33e7
26849260
74e56e56
103bc3e2
e7884c06
96795d2b
b73fabb7
61a142db
50e2b591
1d6f16b8
12f3c9f6
585c1363
f1192c3d
256b24b7
c1ea5171
ef35a8d1
40219072
48409954
dead2c98
b44494d2
52826664
45a8e3c8
a3e510c4
83d32622
4b90f86a
c28f80e3
93f37381
17ad2c72
1260a865
c801383d
c13b7703
f4da8963
37c1208a
9ccc37c5
a565a0c4
3a26b8a7
a8c9769e
c6de06b4
a2462ebf
b762cb9a
6648c265
86c8aa17
a32bc731
d48f8790
8a1bd7bd
d8632992
456babb6
2840b78e
c81a0b69
71f88ae0
3091cb33
3289193b
0bd680a7
625af423
935f6583
a62c8a09
2bb3cac0
fabe8b69
c67427f5
11f78e86
1c25c96d
392c3c98
5b314799
e21d0c88
a8ab6d9b
84abf059
9d246a70
0ae83352
4249594e
1a848af1
21624e74
6c2bc932
bf3297a0
4c53a249
aed9911e
e186e097
b7369a06
0537cb71
7574b499
385882bc
67070832
00420a76
a9d83730
7d6a6dae
747a4229
e38cbb52
bd4a1c13
a9419638
053f6dc3
22a9b008
8a32daf3
49db46f0
bc59d053
0c20d2bf
16336e33
50a657aa
906d4171
0c257903
0b0c484d
e22731c3
a4228e05
84c92858
2252854b
55dd14c3
12d91c7c
41548957
41f21b05
11420249
94c87cdf
362775a7
62927d0d
954dfab6
fc15ab0b
6a8b42a1
e7bffbaf
8788c9bc
91275608
b654c2e2
3c24c77a
8ba4d160
b72462c5
307d8334
bbf1e104
2978a74d
36837705
587b6311
5216266d
93522541
7a8b860a
74a4f2c0
67808cfb
8670f486
b0878364
471fab84
67481b14
0b8b323b
640d3de6
0c82ba18
9f7c697f
49576fb5
8f9b3e89
200766bc
29694cc8
0760b754
2b99b4b9
175dc388
7b81a936
3d2ab2d1
db861750
06e05558
f36e8689
51580662
3a058c14
e1ca248b
a4e5cbec
22314ebf
becc7267
14685c43
bfe1646a
0084b66b
49df1851
5f7c147c
4d997923
b88a9646
8deae71a
18283be6
e1949773
44a97667
5bb3062b
a2b65727
4efaaf32
e85aa2eb
0b9696b3
afa78b09
ee74e99c
ec04b6d1
c6167247
fd70db4a
471cb349
024cd793
b801a640
978b3739
7e6c8586
415e5751
90bd5d4a
a761d036
20156140
c8029261
aaf500b3
0d98e142
658a0680
21f5e64f
552a83e4
1cc8996b
b7a50da5
1b54086e
41a2ccaa
1e83019a
efab7a68
8a80cf38
9b4c48c3
e2be81ac
70454c80
795c7128
e176807a
d49a51a5
8b971cba
958f8259
67e666c6
95f2aa6d
7e2c9bcd
58d86512
3e6b70b6
05cadbf1
1733b2c1
07ccc76f
163b55ca
00b491fa
8d192153
9345f1f6
12415265
6dd89ca5
a8aef08d
e07b506a
c2d6a325
4b4832b2
29bf6e84
4612eaad
aa7606c3
b5ad1abb
13a1eb41
1581d2b5
d0c53014
cd838a3f
d510f50c
2b67c8ea
ceda5207
a868f08b
37a1256c
11ec6977
e8085bc3
ab9a08e3
82cc603c
d50543f8
379778ac
81b5b39f
dc0971fc
fcccc78a
7bfc0c53
0c38bada
3337732a
c3d61b5b
ddafe636
22210b71
47345f31
b801f90c
f4cb9581
12fc583d
a09032af
98ec3f20
9a48874b
a489a12c
18ca7753
2603e379
46aa2c54
558d11f3
7f8597a2
8169449a
935763a5
65b2fe9e
93253501
b0eeae37
40d7ae9a
747dd9cf
a53eb0fc
7b32240d
9e374500
794faed5
6495bc12
fd9f25d7
d87755fa
b6da4b0a
e52e72ad
67158c56
086a7939
7fa50c54
88d5cfc8
20dce586
5db9e20d
71f355b3
66c30dbe
b48d1252
c06d2e9c
0777b202
6d94e991
86e60a45
c8896282
7faa0644
85b3199a
91311f82
e802276c
f49a6881
6cdc582f
1f4c0be8
196954f7
cc227248
9d2b84ff
36af3cf0
65a55021
7b54965e
b0db8320
caec9ca8
025371ee
d23a7857
056a96ae
40a51098
c2c86809
88cc49c1
9cc4e29b
73b5b19c
0721775f
4a38a5e1
c19413c8
765abb14
4534d748
259e08f5
3e385a21
2b43d25e
288f47da
ba6930b5
d69af26b
b0964039
ce7856bf
27018ae3
16c709b5
c7a42761
651d163d
9a218995
6b8b6f7c
3ab5a033
1c118583
29b52d52
6a054711
da726325
0118c935
ae9633d6
9bd8b106
40a390b7
ca3f6b87
530b9620
8cda1b0e
e91752ad
ab891da1
11b6dc09
587c67ff
77a180e3
7a09877e
ca748275
67200eb8
4cf55743
615fb1bc
b41a9ef2
23387681
4b91ebbc
e543cd6a
90998182
6984f6f7
d15081c1
6ea90d2b
eab73804
550c4f30
04c976c1
921eb825
58c43267
1dd3ce8e
c9ae0287
32a34df4
9ac0a076
d80178b5
37362f21
b5a1ab01
8f3010a6
20c96037
0b66e84a
8e92a88d
67fd2950
6ef69f8b
23c5a9cb
7bc9832c
40ebc1ca
604807a6
97ad68f7
7ba67f11
4503f193
20b872ec
bac98982
3a7b6490
3c2c9909
49e5d19a
1b7987c1
189c9d00
96056f61
9c2e558e
a41f2d55
34182cc2
9dc6d058
99329492
1a7c242f
4a597989
8966c4b0
0553c651
8646a946
cbe4152c
360949c9
8871fa71
66d38d4b
01ba5b0d
ad49db1a
f9c6160a
162cde1a
8daa36f6
5a1c1682
a0a16554
233e277a
8b8a9a51
b9c1753e
c625dbfb
4204647b
1dea74b9
feb1d1ec
a6bf2007
a0d88b9c
091e1398
7c3e0d95
96281e01
1d4861a6
89cc6f31
13da6422
104a825f
56cbadc5
c52b9d87
60945b12
ac91af42
2cfa10ae
f3376748
26b9bf95
6fe8c0c4
6cb40512
861e15ac
7805fd02
81424743
b17d6704
95268b2b
562f9456
02ea4f29
c2a10a73
ef98fcb8
7bc5761a
46d58c0d
2d89e10c
2ccec735
c7e8779c
884c383a
0910c447
a9806c71
bd52437a
3972227b
8d86270c
35ce7900
92d17cf0
926b77b9
d1954cc3
4b06380c
1384171c
c369476c
31f7c969
856233bc
db8409dc
82b155c5
4ef97210
01c7f38d
abb23047
89989e4f
79447603
d2cb9f52
15ea8813
179edbab
ac4f0dd8
b36002a5
b74905e0
62e54ac2
3d749f0e
17a4c49d
66943a57
bf886215
a37613a1
955f2173
02984225
d729f9f5
1b3d18f6
34d3d476
625ae691
69324fca
a3683054
7264059d
753460b4
689933c6
b61f21e8
76b91efc
3f9077ab
1ebcfa02
00dbc237
55239980
9c3954b5
96b1c320
8ceb6aac
fd408a58
e6c83401
31f3957d
1d2442a6
8a8b3e26
53b82866
373571fa
9855ba8c
6b45aa01
c69ab9da
925d65e7
0127ec9b
f66eb077
84e99d91
1c88f090
36b32154
d1a5d00c
5d94fa57
f0322cc1
b3be50a0
54931353
79cb85ef
77d966a7
197ba4c6
cc47c0f4
092e16f3
1bc22c75
afcdbbc9
111a9f25
225a5faf
4facc855
f08f0e1c
6e77076e
2da108ae
08428390
02fccf6c
9bc6a1c5
19d20492
6ce8bc24
6e64c6c0
6c78694a
02318e46
3f63ec7b
00958e9b
7c81287e
63080214
51026fd1
38506af8
192be1f2
ddb94f2c
fb005624
1b49f215
4a0b5dff
8e64e63d
07f3e2a7
bd37301d
14d77cd5
75f44c10
31986c21
d0dd8403
df4092ee
b2e8a880
016131e4
6114533e
6d1ab501
49afb747
27ed11e6
7a559468
f2a2465d
00000012
00000001
0000002a
00000003
0000003e
00000001
00000020
00000020
00000000
00000620
00000c60
00000000
dd66a36e
c6022423
4d192a2b
bc8f3b1e
77fa86b4
cf91f7bc
1303893e
d1d37597
72785c17
52021144
94863302
6a65fe56
4ccf38b8
a4271c40
0414f71c
a887b8c6
307d419a
abc07829
24c160a0
c8543c56
28b78e63
2409b4a8
e62a3f56
ad138fa6
eb426375
148e5cb3
3b26b389
ba242427
a982c467
1a022281
0892d9f6
387e2ff5
59d3bfa6
ad334c0d
d4c15ad4
21338700
c5300207
389ba983
1ac9b826
3733e6d6
438f8b19
7f81e386
2cbb75f3
938d56ca
90059b79
b4171a2f
80804e4c
1bf0cc43
4d4fe417
470015b3
9b61960e
09434978
e5311035
88a76050
570ef5fc
04abb3b2
a930b16f
0d924511
6a7726dc
21dba0c5
14921bfa
9b90caab
0885ad61
788465fa
1832c0a9
2e756f68
285df847
93b64934
06d2ec9f
4834a6ca
04123fe0
6db3675d
cfc04569
3bfb1124
57373fb3
112fc0eb
4c0cc081
86089066
6f77329f
74b51325
1739eb12
1da3f872
1a196e7c
a8609aae
b35951ae
3a96404b
29ec1f26
4ca15517
64b5cea7
257ceb17
a00c979a
c0251ae0
40b73569
5f60c3f3
92592f8b
0241766b
0b5b8b10
30e12d03
6da332c7
34404740
562ebab6
bde8239a
006be239
514a6201
ca0b1e0b
db4f46a2
56a55aba
242a3b27
ed7388a1
82589909
3c898d7d
50475594
91593870
10f0fb99
014ae971
3aab1206
6eb4be16
0b73fc2f
067a61e4
4a46c04e
e49fbb8c
03df5760
0bc6bb3f
6789a794
8a9246b9
44a6a544
0503b00e
a31c62b3
8c56778a
fcb23cb3
718bb26c
4c72f22c
0f3951df
eafacdc3
545a08c4
8736fbce
a4d5c267
53553622
11b4a30d
128196fc
060a07a9
f3cf513c
c700760c
acf6ff7a
2c619ae3
7be08d16
c3bcc9be
289f04db
18c0b099
87f4bd7c
b04ea768
05db6cc7
c34c1a97
86cf97cd
50124cbb
3300f941
8e624ab5
b09b8ef8
aeec1328
6e0a6653
b78a0694
c31b7a8c
445076e7
85a04ff8
67951d76
0e5ac6ee
54db7e57
8609911f
ba38c019
e7dd831a
515b7b22
872fca68
ec314697
64428699
6c552526
002b3dca
644a8d15
419bf2f2
535dc55b
6e68dc47
77347470
82ab714c
5f59be51
57747bf8
436591a9
6acb5419
374b7123
a0dc5100
2d273f51
129d77aa
89a29500
a6a7eb76
4e3c277c
5b7929b1
2cec5499
1c7ac095
c10052e7
83764535
2429aa83
d8140dd6
8d41016e
452f12fe
b0606854
53e4dec9
3512577c
9935cbb5
24a028a7
efc56158
14b7c358
c1283351
6e38dc44
60b60dcc
567b9b69
080d7219
93240d00
15c48f4f
2b3cf6c2
727a2b9b
95971716
a7bbab32
35be12f5
2e74cab0
736699f9
82d8b2f1
96580b60
2ea65311
ac5e11f9
0a726a15
c5bd50c5
f5a620a0
6dfcfb07
6b5fcb11
728a3555
8f9681b6
62aa56f8
d231bbdc
551cd278
8935e46a
a8b24dc6
96e5e750
756405fb
989c6fa6
7953a36f
73469308
7acb8304
0a3c7fa2
bd62c298
e0f85a49
7c809fbf
ac38870c
fb3d0624
ac35ccab
1cc64b1d
248da980
c61a350a
f5bd548c
19db442b
57739f99
9852ca2b
070c8c18
0a304699
849fb66d
5a81cf11
2387c9b7
131da6cb
70b863ab
bc5ce5cb
478a9aea
b43858f5
5bc851c7
b446636f
fd003efa
a86cec14
b0944187
6333cf46
8da46b94
f736d794
d68eb157
0f07890e
ce3c7ada
d6565f24
8292903c
c41ef967
409ccca0
c622570d
cfbfebe4
8326c339
268c3ac8
c011b49e
4c5fc035
bbd4a72e
1086727f
fa34a027
44b7e1aa
c26eb055
b2a264b7
a12a4eab
af60f0aa
dbc60903
34fc5505
b316b09d
7c38033a
17f00d1b
c39fe432
c1096b71
af1cf041
45c8e170
259f4d38
374a699d
ed4198f5
13b92095
722c4714
22ac159e
41070dc7
0c83bea2
6609d591
02d32296
c3085cc7
7826e392
f5745a8c
94a183ab
64c428c7
1c9a6387
c3d9653b
2342a7b9
f2148199
a95a5865
8e5b5b2b
75602fa8
3a8b5707
fa47336a
0bf16326
24d39657
6fcd920e
0a63a9f6
95000c7e
5e3e0127
6c1d0d72
07d0139b
475df77c
d58a946a
4d686d0f
c6c06844
c1952105
6f24f480
7acbd793
bb931970
3321ea8b
37794b6e
72712737
9c190fa9
60841a15
cbf135b6
9700d44a
dc998790
29b98dd7
12c335a7
d1c85c5b
11399341
adc7511f
ed0a7588
a42f44d9
91fcaab0
9c420309
492f584a
bd30e57a
5b6752dc
66ad6cc2
70b5c600
77499509
eac50800
c3ecdd49
44030106
3ba403e6
9c212665
a03d7a48
806d7138
726b6399
94827cad
b0b97510
64206673
33388102
a3fa3074
6a6c6b0d
b294c729
982c87c7
2961067b
3e7a41b4
0d5f7a4f
8a9d1de9
4718baed
363b9be3
4bbd6a41
0805b98a
37a74431
872a70d6
379478a2
582165a2
3f2903c6
3baa40e5
0b00f31c
7211490f
c24b3df7
9c47fa0a
ed8af478
c8b05941
a8a1bbb5
57bd3104
2a209857
bdf43537
626e6838
01b75485
3c3263c0
c44a34c9
d1c37f15
99284d23
9ab8d87b
48990531
b65903ac
9a8aa7bf
045a17c8
26fa5a7b
3d56f9a1
8697141a
4814cfaa
37b63b93
98ea0d36
75da62a4
6c27b3fe
52dda3b3
35a10883
a342958f
e52927b8
4320716e
90a456a6
97ddc260
a84b06b2
dc8107b1
bcf0464c
8d70d072
183a9199
8c442e59
6a671915
73046c58
0af70d9a
cb4c8951
28c33bc7
2afd5126
8ee58da7
c65b1422
1969871a
76122f5a
5a5486ec
fc2bb370
58c0e4a9
44036679
c9e2288a
3108df9f
3ac6d7e2
9a8f3757
9e783c51
94ca122e
861e77e8
6622f857
05430002
d83a810a
24002a96
6c440baa
849bad76
a3d6310f
e964454f
e5013c94
24fb427e
258f93cf
25e2b8fc
c8d537c4
52c32724
106d174a
c47076a3
f98cba3d
2688a4ac
71275b79
5f573ad4
c181c3a6
b774f471
ae3c4927
fbccb6ec
50945178
154b54e6
619b20ec
bb24dd56
3bac151f
11e02ba1
5357b6cb
c0a06863
399b5c23
3a0cc4c7
d20a314f
35a01df2
7ea3fe8c
26183218
c47a2318
21439101
4faaa44d
20521104
ad370f29
74331c9b
bb2c34b8
0dc25d90
3d8f29f9
e305818a
1031c94d
76684a58
989acf57
ce693080
0c79a23e
f1518571
b004eca3
6e0b3b48
f4ccb776
994aef9f
1f96d7b9
162c7fba
be59ec69
744f010f
c34b95c8
bd6c290e
c32492bd
977d27a4
66a4b926
b0c47236
645d4df6
c174e9ab
46ac71c6
25ec0726
206606a6
034fc8fe
0bd93711
66311e59
b0c1051c
fccf2d88
4b6af9a7
e2031028
12f53bd6
81b9c650
0859b0e4
0a1527f6
7f1917a1
a33ca28a
909cb24a
4519e57e
04b31c1f
05e57af8
4dc6aac1
94a08c00
d76e12f0
c7e29895
2e5f06b7
fa27aaa9
35f6b3b7
0879b81a
3bde9703
21e86049
66607b99
7318cee6
b903c14e
fca91659
7c4551e4
92143c73
7d7287b5
2c9994b9
18055491
14ca521c
9823b144
c562e2b5
9a3b73c7
45f57d66
6a03c228
618b3114
f4b02d47
3508b8a5
b76ec0e0
25999c76
83a6370b
a3cecc2e
bc6978d2
cfe5fd2c
8b0f70c0
24790f93
42c2b938
384da962
acad96e0
a84568ac
e58e78e1
87aab8c0
43d30062
bace4917
32ef0202
81392e46
cea71530
731a386a
b978e90d
ddc10a99
09169288
2a9250b0
89b5c13f
086e2c13
52c17c53
e36c39f0
9ba13833
b2a49bba
89be84ed
ec32b03a
17f083a2
806de1cf
74f35808
6ed8b12c
c66925eb
e87e11e7
2769a119
97b1d4bf
31043ae6
31883940
9776a2e8
b3e234f4
0f1b8ccb
124f1c47
94bd1e2a
ca9cf2c2
81085c61
6c59c4f1
1e752f18
3f5945bf
d4e1add9
8ab4b052
e51661fa
63949633
9b1463b7
7e23889d
9b3f8875
7331f23e
8e44d059
b3b5a770
4851262b
5918406b
e21e942c
a176e5b2
7aa7f7eb
897b3a23
52fbdea9
dd7898af
acb3c09b
cc214f35
84cca3bf
67a2c098
3330fa77
65358c93
1334c741
3f287564
63b128fb
00fa7cc1
75bb1a37
67cb645b
610236aa
7dea47c7
9388041d
677cb7f7
b742d563
7e86b388
5237bcd5
a5950733
6b46567e
986e54d9
72b7cbbe
fab0c964
a0a813c0
083b1696
6c709aaa
ca24b33b
3736bf29
857e338c
abe71f51
44da6c76
3ba1ea71
95091887
ce55050b
4c5a02f9
19a47655
27f3fa71
6c9bc220
573c4082
93a2f0bd
2560f483
a7dcb230
04609c7d
4c3fd5ac
02aec1d9
bb44b3c6
2650e4a3
594f1609
ab41ee80
9f2a9414
bc089b21
5d2193ab
17b92291
7c8367a8
76e80a6b
ae517a4e
a33a6e99
6b13fab2
1e1110b1
698fa9e9
203a2613
90229a52
9713a8d3
9749a48e
e362e2ac
a33d6c93
a748d382
a3699223
f3210844
c044fa42
a678544e
39f29602
33e11133
7e572356
f690aabc
309cfa02
5f21b537
23a94009
23177387
ec6bdaee
a88165a3
0a158d0b
5858046a
4ae463f4
8598fdca
157463e5
9b4a2f52
6cfcf954
574082bf
b7d0cc26
bcb0f078
51927358
67cab760
15f62a59
f7203342
e4ee896b
410c8e48
069e55f3
d908c8eb
b3854da5
188d008b
0788471b
63248d19
48c05c71
c9635df2
319c0c6d
b7bb712f
c4c9aada
9e265f85
075eca0c
d3b30a1c
1e81e953
233e8625
47905411
513bbf6b
669a34cd
659667d0
14211b53
fd78a09c
409f704a
c8d1f656
4ec91894
53ddae74
ced9ea09
dd66a36e
c6022423
4d192a2b
bc8f3b1e
77fa86b4
cf91f7bc
1303893e
d1d37597
72785c17
52021144
94863302
6a65fe56
4ccf38b8
a4271c40
0414f71c
a887b8c6
307d419a
abc07829
24c160a0
c8543c56
28b78e63
2409b4a8
e62a3f56
ad138fa6
eb426375
148e5cb3
3b26b389
ba242427
a982c467
1a022281
0892d9f6
387e2ff5
59d3bfa6
ad334c0d
d4c15ad4
21338700
c5300207
389ba983
1ac9b826
3733e6d6
438f8b19
7f81e386
2cbb75f3
938d56ca
90059b79
b4171a2f
80804e4c
1bf0cc43
4d4fe417
470015b3
9b61960e
09434978
e5311035
88a76050
570ef5fc
04abb3b2
a930b16f
0d924511
6a7726dc
21dba0c5
14921bfa
9b90caab
0885ad61
788465fa
1832c0a9
2e756f68
285df847
93b64934
06d2ec9f
4834a6ca
04123fe0
6db3675d
cfc04569
3bfb1124
57373fb3
112fc0eb
4c0cc081
86089066
6f77329f
74b51325
1739eb12
1da3f872
1a196e7c
a8609aae
b35951ae
3a96404b
29ec1f26
4ca15517
64b5cea7
257ceb17
a00c979a
c0251ae0
40b73569
5f60c3f3
92592f8b
0241766b
0b5b8b10
30e12d03
6da332c7
34404740
562ebab6
bde8239a
006be239
514a6201
ca0b1e0b
db4f46a2
56a55aba
242a3b27
ed7388a1
82589909
3c898d7d
50475594
91593870
10f0fb99
014ae971
3aab1206
6eb4be16
0b73fc2f
067a61e4
4a46c04e
e49fbb8c
03df5760
0bc6bb3f
6789a794
8a9246b9
44a6a544
0503b00e
a31c62b3
8c56778a
fcb23cb3
718bb26c
4c72f22c
0f3951df
eafacdc3
545a08c4
8736fbce
a4d5c267
53553622
11b4a30d
128196fc
060a07a9
f3cf513c
c700760c
acf6ff7a
2c619ae3
7be08d16
c3bcc9be
289f04db
18c0b099
87f4bd7c
b04ea768
05db6cc7
c34c1a97
86cf97cd
50124cbb
3300f941
8e624ab5
b09b8ef8
aeec1328
6e0a6653
b78a0694
c31b7a8c
445076e7
85a04ff8
67951d76
0e5ac6ee
54db7e57
8609911f
ba38c019
e7dd831a
515b7b22
872fca68
ec314697
64428699
6c552526
002b3dca
644a8d15
419bf2f2
535dc55b
6e68dc47
77347470
82ab714c
5f59be51
57747bf8
436591a9
6acb5419
374b7123
a0dc5100
2d273f51
129d77aa
89a29500
a6a7eb76
4e3c277c
5b7929b1
2cec5499
1c7ac095
c10052e7
83764535
2429aa83
d8140dd6
8d41016e
452f12fe
b0606854
53e4dec9
3512577c
9935cbb5
24a028a7
efc56158
14b7c358
c1283351
6e38dc44
60b60dcc
567b9b69
080d7219
93240d00
15c48f4f
2b3cf6c2
727a2b9b
95971716
a7bbab32
35be12f5
2e74cab0
736699f9
82d8b2f1
96580b60
2ea65311
ac5e11f9
0a726a15
c5bd50c5
f5a620a0
6dfcfb07
6b5fcb11
728a3555
8f9681b6
62aa56f8
d231bbdc
551cd278
8935e46a
a8b24dc6
96e5e750
756405fb
989c6fa6
7953a36f
73469308
7acb8304
0a3c7fa2
bd62c298
e0f85a49
7c809fbf
ac38870c
fb3d0624
ac35ccab
1cc64b1d
248da980
c61a350a
f5bd548c
19db442b
57739f99
9852ca2b
070c8c18
0a304699
849fb66d
5a81cf11
2387c9b7
131da6cb
70b863ab
bc5ce5cb
478a9aea
b43858f5
5bc851c7
b446636f
fd003efa
a86cec14
b0944187
6333cf46
8da46b94
f736d794
d68eb157
0f07890e
ce3c7ada
d6565f24
8292903c
c41ef967
409ccca0
c622570d
cfbfebe4
8326c339
268c3ac8
c011b49e
4c5fc035
bbd4a72e
1086727f
fa34a027
44b7e1aa
c26eb055
b2a264b7
a12a4eab
af60f0aa
dbc60903
34fc5505
b316b09d
7c38033a
17f00d1b
c39fe432
c1096b71
af1cf041
45c8e170
259f4d38
374a699d
ed4198f5
13b92095
722c4714
22ac159e
41070dc7
0c83bea2
6609d591
02d32296
c3085cc7
7826e392
f5745a8c
94a183ab
64c428c7
1c9a6387
c3d9653b
2342a7b9
f2148199
a95a5865
8e5b5b2b
75602fa8
3a8b5707
fa47336a
0bf16326
24d39657
6fcd920e
0a63a9f6
95000c7e
5e3e0127
6c1d0d72
07d0139b
475df77c
d58a946a
4d686d0f
c6c06844
c1952105
6f24f480
7acbd793
bb931970
3321ea8b
37794b6e
72712737
9c190fa9
60841a15
cbf135b6
9700d44a
dc998790
29b98dd7
12c335a7
d1c85c5b
11399341
adc7511f
ed0a7588
a42f44d9
91fcaab0
9c420309
492f584a
bd30e57a
5b6752dc
66ad6cc2
70b5c600
77499509
eac50800
c3ecdd49
44030106
3ba403e6
9c212665
a03d7a48
806d7138
726b6399
94827cad
b0b97510
64206673
33388102
a3fa3074
6a6c6b0d
b294c729
982c87c7
2961067b
3e7a41b4
0d5f7a4f
8a9d1de9
4718baed
363b9be3
dd9a9d34
53ca260e
8f4246a9
7c73cf71
14f3c3c2
306b1805
64f235d6
86c580ab
89286ab9
cc76202b
dc7b1bb0
28f5480a
a73cb8d7
d35b9a08
ab638825
dca56608
00000013
00000001
0000002a
00000003
0000003f
00000001
00000020
00000020
00000000
00000620
00000c60
00000000
d931f6e6
4c57c039
1aacdba8
4ac30ab2
1701102c
afe13384
2d6231a0
5c7177a1
bb160e1e
43baa2a7
39e0c9f7
2a00237c
98be752e
dc8b7f31
c8b9f957
df52fc15
a24d5076
c86c7fc8
bab4e16d
e45a7461
15622757
e66e8447
a96b08a7
08d9484e
38389c9d
b5327513
86c8890f
6267a8f9
f8768913
2b53b756
243ac47f
48114e77
8fd1e767
b598c6b8
53f65e61
0374339f
99111a2f
75661693
9063a2a9
315b77d5
2442aa53
16650903
fc3ad0db
4b3e2352
c8601900
2dafe659
148581b6
cdc25e11
582dc479
f972a4c7
2b27955a
794030f4
4b127a63
0abadc16
145207d4
fc3a53c9
b4045f8d
82499858
0a1c88aa
7f48cac1
bfcb5a11
cb627782
a231bb7b
5c55faea
88be1541
b9bc8d9c
470d8a76
a1101fbc
48c0fb7d
93510916
16768597
1e3a533b
601e8a00
8596bbe1
1cd6c664
d5057975
26b4045c
41154db2
85331887
39aa4ea2
9fa9820b
fc121836
bafdcff4
4329dd01
bd147c3f
787d0329
7dd7e8c1
8d81a006
f1497045
3c50fec9
f68ef1c5
65302dc9
46e52c01
6ca7dc09
37ee9ba0
80ab7609
256b6a7c
6cb74124
18da4ca2
6daa101c
945fc4fa
60cc6e11
3e9498b5
0ae7bbc5
598ada3c
c96697ba
211a8413
92fb2170
c01ce31d
813e7006
8ba963a6
e7ce75f6
9231c431
46e7a68c
69afa63b
08e64000
25748006
b35efaa5
729108a9
aa7cc98c
736bb2f7
46e51e37
2fc98f08
a110f93f
b0a63b91
024cce0e
27762ce7
306968a2
b4430471
9b7d25e7
7b6968b7
c6b99faf
c82c8127
174c00ac
68c9c964
e300fcb3
640f6850
77e7670a
376ea0bf
8c8c482c
b104ea47
0310b6fb
a18bc993
72d8a409
3a41fac8
056db201
3116e39d
ad1680fd
00f6b1da
832584a9
a2869c22
ec04be72
44d811c0
7669d391
cc5aac43
25390f31
74b15c7e
81cf55d1
9461139a
9f7d217a
b2fb38cb
71060013
ea7e7a17
c6399c1c
3f7b1d01
1ecdb7b1
6cc858cb
4685b467
d9cd1145
334c2148
1d9656ae
1191260e
1339c315
82b76207
fe154596
f3fe7e00
acfc66b0
2e0a38d0
72213237
c04c3c23
134d36de
2bdbbac4
89fa990a
769a80b9
cce13b01
9afc9c34
8e3a2780
33de9150
08622aa9
d8994789
7b1e03fc
9da513b6
405b3386
377700d8
cbf47290
af491874
f9aa1075
3b69f416
54284b6a
16f8ce95
90a6331a
2a72e319
4b1e1da6
c5cb9079
0acce9e0
c9438c64
8e50ecc6
72a0bc38
fb68b554
59d2faa7
f894714d
173fc6dc
972c7684
b31918a7
6658a7a8
2ac3b624
b25d8cbe
9acd1684
2eac423c
a330844b
224d9f79
9059fe66
96b1bc08
d7e70750
7bf99aa5
9161e51a
b7c9b9f7
2ea51c2d
df659c88
423258f3
b555c7c6
7ab12a88
f84c160c
8d94c99e
8b01d926
3a7e6b34
11ec3217
f30250c2
d4eb73f7
ca7bc86e
213aa4aa
cc499151
605571c2
8107e2a2
2ca38148
58942426
7741d951
576439c7
4b820967
fe7cb8c1
38251478
c462ca82
297e4acb
c6a1c874
1a5b435c
3f84bca4
bac38510
211334a3
81268196
09253394
0c4c2058
e36d7c81
01d630e9
13d8cd18
30c3f503
536506a9
8bc1c099
0a878ced
233bcdac
720b3126
d1ad3c9a
e5e515fb
a81219ba
504333a5
e644229a
71384b98
5752d918
63a952ab
a1057f88
3676245a
f33eb1c0
a1171abe
aece9695
6ad2c517
8b3974b4
1487d0a0
c2e68ef6
18a18f22
1376d8d2
77cfcda4
747a396e
348b5a19
4ce36db0
22fc8989
3f210b08
fd007be0
b765b955
ac7258ee
b43a7bf0
9f3b0cab
b1b0c653
f658c816
c9318c59
e64b684a
18111a0b
40997faa
9db4a4b7
5123c4e5
bfb12a62
4657a9f9
a335720a
01679b64
47c5e7c3
8196c396
8835991c
c5aa9cf2
b08f7fcc
94d3191a
dc0b70af
345a3ee0
63408ea2
a998b72f
09adb118
25a19d4a
772e92b5
85f8cc0a
3906649d
fe36854b
a61a8927
c642d7a3
b2b74aa1
35b5740c
00f79d67
a9513419
678644da
7e329407
ef59552c
78004f2b
5d133ab2
2f9f34d9
70b15c64
b8a3ff47
d879e688
93718326
3f55992b
fc13903f
557c69b5
6674844b
f5caa3cf
2860500c
0a497618
e6b12509
788ca298
3d1cd36b
e46c08eb
95cb7431
bed50305
71083640
0bb893f6
01a4acb5
024c8be7
c5156ae3
ac59f735
63ada1d8
6ca595a7
b276708a
38a78187
06475e96
cdb046cf
a28c922a
66eb3fb4
77599351
c6a36c07
1a3a8985
328c1029
cd79e652
278b4286
92a20ab5
3b40e021
58cf4a25
90e0c78a
cd3299e5
63e3b9c2
59798ab9
8e20477b
cc0e6613
ad0104e6
6ef0cda8
cc03f7f7
773d6f46
39736d3f
8d0e96fd
13c6abf9
0a16b33b
4a95f3c1
562340cf
aaf23278
257bf184
1303b193
41d42db7
0f789450
4eb3519a
16f53733
a5e9e267
3dca039f
040491d4
1d41cc14
e1ccb7cc
67e971bb
2c01d950
949fa4f8
13729c6a
7785f20c
495ff9f3
c8bfa090
163b872a
22502756
b8689160
7444142e
2636f859
76ff1f40
c086b1a2
4d4e5721
f3148267
18f5b596
1c7ae79e
6a2c13e2
7a54a49d
f860a7ef
b04dc118
6beb9fc9
027f087b
f1634b53
405a162a
c03f2822
a8c16ef5
b400d105
0f662732
98d37c4c
7eac74bf
0f01a5eb
482ea700
100a0835
24701316
a3ca88e7
0c78aa3f
633a11b2
f3d7bd95
cc6bad80
7f336037
99d95694
1fb3d96f
38cbd3d1
85a83c07
9d713b9d
949d361b
4183b927
010860c0
dc996ac2
61057716
7de9ecc7
781656cc
c8043bab
ba6874b4
7676bc80
68922807
67e707a9
a74e5b74
35f32a07
1f0ac534
916a93f6
b5fa4bb3
6fd39dce
f59e4b2a
69545116
1b3b8dbf
0f6cf81b
5b373363
9612fa7d
7768c125
b0a144f8
6b33e897
48c71b41
ca7c37cb
131793b3
327f1bb0
e4c8a30c
1a103761
c170eb55
048f5c73
1ae99011
174d270a
dc1b721c
2d98383a
0db41964
ec0b892b
4dd55a5c
e05057e4
485e495b
bcb98b8e
ae7edbdc
25ba0007
9d519b27
7e99124b
98780943
58b11798
a93d1974
1bed6f24
5550dab9
d6b64412
8be68c05
762497cf
4da96484
24c7b49b
12570468
64ac5702
e5d9a927
8aa3b616
c8a3a7a1
644c87b6
497c7f47
b922cade
20cc656a
95a34e74
a196c258
5371793c
29f19f02
0e2330d4
d3810288
3f906b38
b7cc6cbb
db7939f9
ad5bb37a
91c9d5f0
23fcab54
cf510e8f
02c8047c
102e5b12
5c845b45
40bafc9b
2887358b
80b2facd
a3525ba6
bad14168
23b0ec05
a6a7d4c6
b42f8464
60a266b8
f8b67408
28fd9777
11671d65
9ecc1c71
d1f29e7c
61d1240c
c68238ce
66426084
1c89a900
9a2b7bd9
e7777104
b9c3ccab
de5b77ae
43ed5eba
bdc14e63
5449787d
54b84223
6fa4ff3e
45b8a70e
c2592fdc
8e16b222
827e423e
65cb7daa
0a334f80
3f09e68a
a094996c
51321c18
7b323b98
e1352fc8
80473564
e4baf3ec
8a7bac91
80e50d35
1781a36f
580fb56b
4af5d7cf
d2af0017
a9461d11
3ed41f12
8f8533da
9a5a7a71
68c2de63
1dba0bad
608f2875
1e6350c4
f321b199
a8c40aa8
6c375f18
94083bc8
d9fd857c
b5e6a66f
1249acaa
93717f1c
b243dfbc
826deb07
a8243889
ad346f5c
61a470bf
c140a717
ba02a985
50b4db97
3a43b875
57a1bca3
a2690104
88d52768
20012420
2985fa36
046d6b63
9ec7923f
0799248e
421a6009
a5146ea1
d084d799
dc835367
7b6bf369
3c2e8b96
6cc67c55
11677b9d
db6389ad
79b90e27
cd29916a
1b31a004
542b98d8
07b39eac
605f194b
23994c8c
11a6f76c
dd34d176
a291ba25
1b782549
c40058a3
3ad84276
228c6e93
73aeaa76
7a12cdd6
55248165
6ab0ec14
97390681
2e7c158b
d3389099
a6d49f70
cc0746a6
f1585b69
b6618955
7c9928b8
9031c7af
294c1585
8d005530
d95ae3b5
712b38e5
986bccba
f9752830
49a480c9
55c5a59a
6c2f84bb
c76dc3d6
6363a373
0e9b0011
e6396d55
29ea958e
04a2318d
3a3c9926
2c8314c7
8e6b50ff
d1d3cd21
b1aaa443
581ee195
b42ead22
a7d8bf3e
9c12431c
3a264071
2af4623f
75b113c6
214a4232
9db6dd3c
dc9563b6
768e7de6
75aa44ad
71bee44f
532a5d09
1f75c636
ea7e1b02
d68a1097
2b120a58
2ec8969d
c7e9298a
1be9a2bd
fe94106c
c0919880
b8735c6f
c481263c
a05f41e8
10445da9
c16b3c34
f9f27808
be31e059
4e687bf6
d21450a3
8142460d
d346437d
199b6132
25a01c32
ad5665b9
95d648a1
19f3603f
5c082b96
c8f41c54
b1f4985b
2db46277
76fa47e7
19609c96
9c5819fe
f9a501da
aa032d79
9e5a275e
0a3f16a0
06c27f8a
51024495
c9048dac
c0fa4f21
650fd78e
b1853998
5085ad26
c12b54c3
b0bcced3
75e0c1a8
7f832802
9191b750
2cc13ecf
a7436a24
c673c4a3
2ed4fc9a
6677a992
a6a46879
9962dc6d
6ec6e8aa
76cc47a9
877aa874
f7bff5e4
31a327c8
46d7df80
1501d3f1
eca823d4
18d61fc1
f44a87a6
b17c2005
5558eda8
28afd7d7
7b1f7f6c
03a79699
f8209665
ea982274
188b2a91
a56b552b
1ac09051
23fc4214
b601e366
41bd39aa
01e48517
7acbb430
b011b062
3ce84032
ec26025c
f0f0618a
56b74f5f
c991aa67
83cea685
5b1559aa
d931f6e6
4c57c039
1aacdba8
4ac30ab2
1701102c
afe13384
2d6231a0
5c7177a1
bb160e1e
43baa2a7
39e0c9f7
2a00237c
98be752e
dc8b7f31
c8b9f957
df52fc15
a24d5076
c86c7fc8
bab4e16d
e45a7461
15622757
e66e8447
a96b08a7
08d9484e
38389c9d
b5327513
86c8890f
6267a8f9
f8768913
2b53b756
243ac47f
48114e77
8fd1e767
b598c6b8
53f65e61
0374339f
99111a2f
75661693
9063a2a9
315b77d5
2442aa53
16650903
fc3ad0db
4b3e2352
c8601900
2dafe659
148581b6
cdc25e11
582dc479
f972a4c7
2b27955a
794030f4
4b127a63
0abadc16
145207d4
fc3a53c9
b4045f8d
82499858
0a1c88aa
7f48cac1
bfcb5a11
cb627782
a231bb7b
5c55faea
88be1541
b9bc8d9c
470d8a76
a1101fbc
48c0fb7d
93510916
16768597
1e3a533b
601e8a00
8596bbe1
1cd6c664
d5057975
26b4045c
41154db2
85331887
39aa4ea2
9fa9820b
fc121836
bafdcff4
4329dd01
bd147c3f
787d0329
7dd7e8c1
8d81a006
f1497045
3c50fec9
f68ef1c5
65302dc9
46e52c01
6ca7dc09
37ee9ba0
80ab7609
256b6a7c
6cb74124
18da4ca2
6daa101c
945fc4fa
60cc6e11
3e9498b5
0ae7bbc5
598ada3c
c96697ba
211a8413
92fb2170
c01ce31d
813e7006
8ba963a6
e7ce75f6
9231c431
46e7a68c
69afa63b
08e64000
25748006
b35efaa5
729108a9
aa7cc98c
736bb2f7
46e51e37
2fc98f08
a110f93f
b0a63b91
024cce0e
27762ce7
306968a2
b4430471
9b7d25e7
7b6968b7
c6b99faf
c82c8127
174c00ac
68c9c964
e300fcb3
640f6850
77e7670a
376ea0bf
8c8c482c
b104ea47
0310b6fb
a18bc993
72d8a409
3a41fac8
056db201
3116e39d
ad1680fd
00f6b1da
832584a9
a2869c22
ec04be72
44d811c0
7669d391
cc5aac43
25390f31
74b15c7e
81cf55d1
9461139a
9f7d217a
b2fb38cb
71060013
ea7e7a17
c6399c1c
3f7b1d01
1ecdb7b1
6cc858cb
4685b467
d9cd1145
334c2148
1d9656ae
1191260e
1339c315
82b76207
fe154596
f3fe7e00
acfc66b0
2e0a38d0
72213237
c04c3c23
134d36de
2bdbbac4
89fa990a
769a80b9
cce13b01
9afc9c34
8e3a2780
33de9150
08622aa9
d8994789
7b1e03fc
9da513b6
405b3386
377700d8
cbf47290
af491874
f9aa1075
3b69f416
54284b6a
16f8ce95
90a6331a
2a72e319
4b1e1da6
c5cb9079
0acce9e0
c9438c64
8e50ecc6
72a0bc38
fb68b554
59d2faa7
f894714d
173fc6dc
972c7684
b31918a7
6658a7a8
2ac3b624
b25d8cbe
9acd1684
2eac423c
a330844b
224d9f79
9059fe66
96b1bc08
d7e70750
7bf99aa5
9161e51a
b7c9b9f7
2ea51c2d
df659c88
423258f3
b555c7c6
7ab12a88
f84c160c
8d94c99e
8b01d926
3a7e6b34
11ec3217
f30250c2
d4eb73f7
ca7bc86e
213aa4aa
cc499151
605571c2
8107e2a2
2ca38148
58942426
7741d951
576439c7
4b820967
fe7cb8c1
38251478
c462ca82
297e4acb
c6a1c874
1a5b435c
3f84bca4
bac38510
211334a3
81268196
09253394
0c4c2058
e36d7c81
01d630e9
13d8cd18
30c3f503
536506a9
8bc1c099
0a878ced
233bcdac
720b3126
d1ad3c9a
e5e515fb
a81219ba
504333a5
e644229a
71384b98
5752d918
63a952ab
a1057f88
3676245a
f33eb1c0
a1171abe
aece9695
6ad2c517
8b3974b4
1487d0a0
c2e68ef6
18a18f22
1376d8d2
77cfcda4
747a396e
348b5a19
4ce36db0
22fc8989
3f210b08
fd007be0
b765b955
ac7258ee
b43a7bf0
9f3b0cab
b1b0c653
f658c816
c9318c59
e64b684a
18111a0b
40997faa
9db4a4b7
5123c4e5
bfb12a62
4657a9f9
a335720a
01679b64
47c5e7c3
8196c396
8835991c
c5aa9cf2
b08f7fcc
94d3191a
dc0b70af
345a3ee0
63408ea2
a998b72f
09adb118
25a19d4a
772e92b5
85f8cc0a
3906649d
fe36854b
a61a8927
c642d7a3
b2b74aa1
35b5740c
00f79d67
a9513419
678644da
7e329407
ef59552c
78004f2b
5d133ab2
2f9f34d9
70b15c64
b8a3ff47
d879e688
93718326
3f55992b
fc13903f
557c69b5
6674844b
f5caa3cf
2860500c
0a497618
e6b12509
788ca298
3d1cd36b
e46c08eb
95cb7431
bed50305
71083640
0bb893f6
01a4acb5
024c8be7
c5156ae3
ac59f735
63ada1d8
6ca595a7
b276708a
38a78187
06475e96
cdb046cf
a28c922a
66eb3fb4
77599351
c6a36c07
1a3a8985
328c1029
cd79e652
278b4286
92a20ab5
3b40e021
58cf4a25
90e0c78a
cd3299e5
63e3b9c2
59798ab9
8e20477b
cc0e6613
ad0104e6
6ef0cda8
cc03f7f7
773d6f46
39736d3f
8d0e96fd
f56ff768
38040617
b8a785d1
302e72c5
4d227d9d
2b826a9c
263672c7
ff2dc99f
5fce802f
a47d28c1
27294d23
166d096f
e815d8e8
32112259
53407eb2
45907a34
00000014
00000001
0000002a
00000003
00000040
00000001
00000020
00000020
00000000
00000620
00000c60
00000000
f2710436
15e75984
65695d99
c39dcc9a
34f74ff4
7907d11b
dd0f688c
fc05293b
cc66e56d
b15f774a
b6e949f7
0cb0e221
6281a302
10e40c63
0e2a5fab
6016423e
66bca6a7
70d63f8a
0a37f035
8b536e70
695b43c1
027ed82d
560d0928
43bcb52c
6479a657
10e1ce59
65ccf90a
25cb7482
34021b18
4d90fd90
aca426fe
ec99119b
06c9ce3f
bb7d06ff
39647809
14754542
fd2d3cdc
661212f9
86c53e04
3c1ca016
5b503fb2
ad3008b2
ce5af6a9
c4383730
c71566ad
cc652763
f914aff0
380b6847
a776fa88
4b7488db
09244653
58773590
8c2d10b7
6cd78f96
b50d380a
f7cd03cc
9a4c5a68
da27a70a
49e06c64
58b22404
6639124f
93a068b4
45c5d701
8b8c2349
2813625a
03a1dc18
158d5761
63d3c541
19f6b889
ff98fce1
1cd93c24
5b8a4990
2b6711ff
39833c11
92342f72
380ebb64
d5b697c2
b3654e7d
6413a268
02a2cdbc
b33bcc05
3270da60
6193bef5
1d69e82c
fc189354
477f4ad5
5a4a797f
f6148ab4
24042383
836ce705
9877cc20
6c599934
757780b3
6524c580
e05484f5
ad6a4c8d
cb4d0ab2
584c44cb
91a5db66
1833584b
44859e48
6b8510a6
f1a983c6
895327ea
8fd09da2
cd4816e0
21442bb7
30146e58
e394d3b0
c6692c26
65847ca1
e47217ae
e82e1b6a
72e5c629
8f9338c9
eb0a7337
573a5563
e2a5a0e3
58dcab26
16f31153
517e8879
a89d2602
1d705578
d512a58d
38173dc7
1a6a8dc5
5545ec9a
472b1560
28b8616c
7cc6490c
eb16c305
5d0bfe05
1a84b6e6
43686072
2fdc09bf
5c54bae6
a1dcc4d3
c7c32914
b008752f
f5f03bcc
a30b944b
8c0fb10b
0ade1c4a
81962c0f
0866dcf2
d123990a
68d3795a
6b63350e
eb984db5
b51cdeb0
1d7ec28c
ec458a38
bae912b2
1c41f590
e6a477a5
5219e212
924cc433
7c052538
b0c29493
e76e5160
37c38b83
55c3cdc7
6f300343
b95989a7
a9d7ff9e
5a28261f
8cdf9655
5cf89aaa
1abdd074
875e549b
a393325e
c60c06e3
c3330d02
57097f18
ad777bbd
909162b1
2870551b
061c37af
8cb82348
c9d1505a
77488909
85a98b11
47c0431b
9f96dba0
c7b88d3c
02899f50
b2bdc407
e8f40d56
022a96cb
ccb8a556
a9dd42a6
7bd1dbcf
61275833
0c21ca36
48d4295a
cd7033fa
18ac1ea7
349b598a
16156c7d
146c1f3c
23fc375a
dd80b886
5cf01dbc
bf848398
35778122
965f87b4
7230a931
d27fd40e
f6d39c29
ac06565c
fa2984ca
349e65b7
9770117c
f418e238
712c6cc7
96c36078
3eb740aa
5cd036a0
70c29d5f
afc96159
ebaea631
71a9e57c
586e8c7a
e0c7a400
32994461
f259020c
360e73e9
22c28d3c
6fa76977
30d5bf8b
0f340e4f
dec6a52c
f31ac724
613b72c9
785ce3f2
6c5e0d22
98c0f333
0e20acc4
9bf1c92a
035644cb
9abfc758
6bc60170
558c5902
c4a89ae3
e8eea25c
28e20204
2ea0c5e3
04399665
11684e11
da6849cb
cbc336e9
2a07da75
dda66161
7ab15bda
0a172a4d
17573984
55802b38
29a6f490
c2ceb293
6cbb0f58
1b90cbc1
8171cc13
ba92ac08
12651633
9a27f8ec
03e02bf3
7752c03b
0e1f72bc
aaabbf44
0432ac41
8a9ba57e
b2fb1a22
52fc4399
fe20f7db
27639e7c
24e30712
9740c5a2
4cd04f24
1622ef0f
ff0e82c3
4b436665
684a4d73
8019919a
84760393
a054d87e
eaaaa638
069622bc
3f284d2c
dfca0acb
0bcf2ee1
6b073f4c
6204c3b7
f4b85058
69041c0b
38008187
1a33bf54
bd52b41e
f0c5aaab
27ad3357
6287c086
d81dd133
f20c0d63
48c817c8
f5bdc452
27cd041a
3382d1ca
ad46e716
d8301c8a
80bbd30a
388d2965
c679c950
97ac2f82
2429a702
f89b0a96
b6b94349
5f1e6a0b
6a472eb3
70e8a844
89a4475e
776991b7
34471b5c
2a56d272
630e2a08
2ec6875b
6f2423a5
7bc249aa
2442639a
ec1d5ab9
616a12c6
40fb71c7
bd67b950
8121b2a7
138b5a02
871efb89
b2971e82
0d25e205
6872b29c
5652c089
423145be
20b0f53c
f6793302
a6c87448
71a2f1eb
16d5b07b
a63639c6
b976bb92
c57c75db
b504f6cd
384fc3a4
22332f27
57eb38b8
71a2e40a
3289ce66
38a11bc2
9642aca5
e4d908b5
b35a8541
adb9d1d5
539a177a
18b5ae71
60b1a5a8
c93b6b34
bef04daf
36640430
63e94c65
3c914679
b740d632
f543afa4
00f02bb5
dd7a21be
287a2280
9721b652
deaff571
874075bb
3f510db3
18c1c46b
c2026b50
52134f47
2710e4a4
49dc2884
95cc003e
5b15c7d7
69e55ff8
2200ea84
18842400
2ac4e4f5
4ef42534
dcfc6bc0
0f0f73cd
db384951
ef328134
3697b2a1
fac36b3c
f7cd3c97
3843b12a
6eba3817
b4ebccda
04231223
2f7195a8
e4d86817
94da6c30
e045a963
230399c2
b1308f31
b524b0bd
d0df5607
53c6340f
69b90afa
643f6f17
8e77058e
e356f04f
f47b2e0b
b24bbe47
5140aba0
4c509d20
4f59304b
d1c802f6
bb936dab
6fc83b36
f575a113
896b0a26
1e2804b0
1faab0a5
4afa07cc
12ea6b60
c8a979e1
49d90eda
866a4757
ee561435
e2749269
b7c1ff77
24514a1e
95e86f6b
0031e27a
0c9e43af
d6d81513
10f29dc2
d83baace
3b667001
0e245590
bd4a6c70
7536cbac
c0184407
a9cd1957
2bdeb031
0471193e
b980d455
78a78a2a
61f03d86
2277d9e5
a2821d3a
9f145d60
1dc824a0
5ab87d99
a3058db9
de64fc87
da1797c7
2dc295ce
25187277
d80d9102
2fd38d60
7583da6d
97446db1
06eb3f55
ac56a2c5
8af5ac48
a709e84a
8548a3b3
fc967d61
6f032004
c9a5d7de
141b3a40
75024630
a7484510
02b6bd48
02b5bd0d
6f186610
4c6f920a
992b9966
25423c3c
46ca79fa
b608c698
74a0e20b
db05be85
464ce75e
8bb7dbef
00f3b72a
b5920356
40400ac1
a008ccc0
81f14613
42552045
4a570a81
780c1b15
535d239f
f0ed5a17
4d445a41
6b4bb3d3
25397917
2e1277cb
2b56246c
b6f01f96
6736d114
646ba04e
b6448a84
46522691
d53c514f
f118a7ec
0f1c6382
5110a164
b8866a42
21e77e76
49292ab3
67a06475
0fd36385
8d3a1bcb
65af9651
50f1f8c6
bbc4428b
1b885d39
651b8516
ae7b33be
c1dc370b
738b7724
92ad90c6
82c10123
9803e597
c17da436
81e67400
6482bd69
817ed156
866d74a7
af53f770
8c1de963
b76a63ab
b26502a6
6475600b
4c1caf8a
cdb842aa
4183b53c
a0f1691c
7ef38732
ccbe97cf
61bf4e67
67948547
ac6e6059
17266ed9
4e4b859c
196b48f1
0a78b484
0493ce8a
c4c8249e
c2394117
43d82f96
706c104a
970981f0
356c534d
4678c99b
f593c824
4869c47b
603348e3
69d98c65
646c93a5
ab0aa4b0
b5220a9c
8961479b
715ec194
b3c04579
6066bd5f
4a2b5515
3cc54579
76466962
0b20b9d6
65d24c6b
54a04a71
a3171053
595a304a
821cbba3
bd5fa0a7
560c1721
36f325ac
fca3b320
b44db758
afe7004d
104ecbac
69476733
32e677b4
4b1f10de
3bd343db
a80abd1c
db9f9a56
22437b97
5a14894d
df0d8184
4a56b5f7
31b0a33d
811fd39a
96dda467
c1976fb7
745c8288
386633d8
321a5cb8
0e369133
89137aa4
1bf027b8
e5569868
3bf1650a
31d67748
1a9947c1
23b87435
297c9b3a
3b86d81d
80c6af83
28868818
639f74b7
8c4bc600
6cc4611a
1626d9ce
884504b6
6cc9a1cf
ddb446ea
72053d8b
98db5b5e
ccbe1415
bcee11e1
77aac04a
1798c8ff
2aa93c5a
cc6667ce
b167cc19
43f9aeb4
abebe082
c7987c37
fbca4d5c
5826451a
b4c63b50
b9dabb33
6e0565a9
c9264bd6
92ee11fb
9b1046ae
5122cc9a
8b085618
0f99002f
ae0519f0
e6948724
78b7731c
1d03120d
14443d68
a108ad5c
2e146209
a1ce092b
88d0d4b3
1e6c05ec
a3412b24
bcd9a07b
19a3dc13
8449d001
1f293f92
3ac053ec
75e176d0
64ac6d63
416bdbf5
b2f59547
1b88d089
60285c96
f3caa448
8ffc5f05
422febed
c7cf104b
9d7656ab
43c103d8
57ff3f70
1ffb483c
c13f559e
256c0495
3486ba9d
77211ceb
44020285
5ad28760
748a32e2
e9d903b2
4e9b85c3
11bc2b2b
a2d74106
5d5b564e
507b48ad
82e03557
58e5692d
02ca8b29
216d65cc
a37cd397
bc00527f
72ca11e3
430b2e20
2e8b9795
eafa4c27
47e9a435
371ebae5
077e8dfc
b2a89d97
b67e1c98
39a156fc
6af8029c
f142ca6b
310d0ab7
3b300b47
45c88678
e5ec9404
81c4a523
25bdf73b
00088e63
c830cf0f
60952a67
6189b691
2578a0b6
f6626657
a7be8e31
c8b10936
2213eb49
62e35e25
b2151f33
2eb931cf
5c2cc832
41ab2e73
d40985fd
b254cb62
1b67cfba
71706cc8
727838bb
a4c384c8
2fc9a085
33575974
90c0b376
5a4993ad
56152f68
9fdba443
6d52acf0
08064c25
28756d02
39782bb9
865080d0
8edad7b4
2b3b79f4
f0a16e79
6fd56f45
376fb0a7
1b6c4025
21c96bc4
9387150d
6a432bab
07d237aa
5d1ebabb
cc080fd0
3de1d358
2948c3d0
e77cc164
242cb30b
db67975c
2aec8e92
09921ab5
a9ae210f
7a0b2017
c099665e
d8cf4c01
07bb29f8
7639ac5f
7495f59f
e3857bdb
8096c648
db96858e
a6486133
c44b47af
3ec10be9
aa525e22
3816d9c4
f2710436
15e75984
65695d99
c39dcc9a
34f74ff4
7907d11b
dd0f688c
fc05293b
cc66e56d
b15f774a
b6e949f7
0cb0e221
6281a302
10e40c63
0e2a5fab
6016423e
66bca6a7
70d63f8a
0a37f035
8b536e70
695b43c1
027ed82d
560d0928
43bcb52c
6479a657
10e1ce59
65ccf90a
25cb7482
34021b18
4d90fd90
aca426fe
ec99119b
06c9ce3f
bb7d06ff
39647809
14754542
fd2d3cdc
661212f9
86c53e04
3c1ca016
5b503fb2
ad3008b2
ce5af6a9
c4383730
c71566ad
cc652763
f914aff0
380b6847
a776fa88
4b7488db
09244653
58773590
8c2d10b7
6cd78f96
b50d380a
f7cd03cc
9a4c5a68
da27a70a
49e06c64
58b22404
6639124f
93a068b4
45c5d701
8b8c2349
2813625a
03a1dc18
158d5761
63d3c541
19f6b889
ff98fce1
1cd93c24
5b8a4990
2b6711ff
39833c11
92342f72
380ebb64
d5b697c2
b3654e7d
6413a268
02a2cdbc
b33bcc05
3270da60
6193bef5
1d69e82c
fc189354
477f4ad5
5a4a797f
f6148ab4
24042383
836ce705
9877cc20
6c599934
757780b3
6524c580
e05484f5
ad6a4c8d
cb4d0ab2
584c44cb
91a5db66
1833584b
44859e48
6b8510a6
f1a983c6
895327ea
8fd09da2
cd4816e0
21442bb7
30146e58
e394d3b0
c6692c26
65847ca1
e47217ae
e82e1b6a
72e5c629
8f9338c9
eb0a7337
573a5563
e2a5a0e3
58dcab26
16f31153
517e8879
a89d2602
1d705578
d512a58d
38173dc7
1a6a8dc5
5545ec9a
472b1560
28b8616c
7cc6490c
eb16c305
5d0bfe05
1a84b6e6
43686072
2fdc09bf
5c54bae6
a1dcc4d3
c7c32914
b008752f
f5f03bcc
a30b944b
8c0fb10b
0ade1c4a
81962c0f
0866dcf2
d123990a
68d3795a
6b63350e
eb984db5
b51cdeb0
1d7ec28c
ec458a38
bae912b2
1c41f590
e6a477a5
5219e212
924cc433
7c052538
b0c29493
e76e5160
37c38b83
55c3cdc7
6f300343
b95989a7
a9d7ff9e
5a28261f
8cdf9655
5cf89aaa
1abdd074
875e549b
a393325e
c60c06e3
c3330d02
57097f18
ad777bbd
909162b1
2870551b
061c37af
8cb82348
c9d1505a
77488909
85a98b11
47c0431b
9f96dba0
c7b88d3c
02899f50
b2bdc407
e8f40d56
022a96cb
ccb8a556
a9dd42a6
7bd1dbcf
61275833
0c21ca36
48d4295a
cd7033fa
18ac1ea7
349b598a
16156c7d
146c1f3c
23fc375a
dd80b886
5cf01dbc
bf848398
35778122
965f87b4
7230a931
d27fd40e
f6d39c29
ac06565c
fa2984ca
349e65b7
9770117c
f418e238
712c6cc7
96c36078
3eb740aa
5cd036a0
70c29d5f
afc96159
ebaea631
71a9e57c
586e8c7a
e0c7a400
32994461
f259020c
360e73e9
22c28d3c
6fa76977
30d5bf8b
0f340e4f
dec6a52c
f31ac724
613b72c9
785ce3f2
6c5e0d22
98c0f333
0e20acc4
9bf1c92a
035644cb
9abfc758
6bc60170
558c5902
c4a89ae3
e8eea25c
28e20204
2ea0c5e3
04399665
11684e11
da6849cb
cbc336e9
2a07da75
dda66161
7ab15bda
0a172a4d
17573984
55802b38
29a6f490
c2ceb293
6cbb0f58
1b90cbc1
8171cc13
ba92ac08
12651633
9a27f8ec
03e02bf3
7752c03b
0e1f72bc
aaabbf44
0432ac41
8a9ba57e
b2fb1a22
52fc4399
fe20f7db
27639e7c
24e30712
9740c5a2
4cd04f24
1622ef0f
ff0e82c3
4b436665
684a4d73
8019919a
84760393
a054d87e
eaaaa638
069622bc
3f284d2c
dfca0acb
0bcf2ee1
6b073f4c
6204c3b7
f4b85058
69041c0b
38008187
1a33bf54
bd52b41e
f0c5aaab
27ad3357
6287c086
d81dd133
f20c0d63
48c817c8
f5bdc452
27cd041a
3382d1ca
ad46e716
d8301c8a
80bbd30a
388d2965
c679c950
97ac2f82
2429a702
f89b0a96
b6b94349
5f1e6a0b
6a472eb3
70e8a844
89a4475e
776991b7
34471b5c
2a56d272
630e2a08
2ec6875b
6f2423a5
7bc249aa
2442639a
ec1d5ab9
616a12c6
40fb71c7
bd67b950
8121b2a7
138b5a02
871efb89
b2971e82
0d25e205
6872b29c
5652c089
423145be
20b0f53c
f6793302
a6c87448
71a2f1eb
16d5b07b
a63639c6
b976bb92
c57c75db
b504f6cd
384fc3a4
22332f27
57eb38b8
71a2e40a
3289ce66
38a11bc2
9642aca5
e4d908b5
b35a8541
adb9d1d5
539a177a
18b5ae71
60b1a5a8
c93b6b34
bef04daf
36640430
63e94c65
3c914679
b740d632
f543afa4
00f02bb5
dd7a21be
287a2280
9721b652
deaff571
874075bb
3f510db3
18c1c46b
c2026b50
52134f47
2710e4a4
49dc2884
95cc003e
5b15c7d7
69e55ff8
2200ea84
18842400
2ac4e4f5
4ef42534
dcfc6bc0
0f0f73cd
db384951
ef328134
3697b2a1
717cff4a
96a3db20
c99c07ac
adc9c731
4d7b8fa0
db2d0935
51ab04db
0e346e5b
a1ccfdbe
cd82e995
fc144605
ec8b6cba
30850b6d
f307efad
59458b4b
f0e0271d
00000015
00000001
0000002a
00000003
00000041
00000001
00000020
00000020
00000000
00000620
00000c60
00000000
7559ba9e
684c7287
884cd297
f1934041
c455600c
ba295c0f
0896c6be
fad8c2eb
7e3acec3
60536539
f4ce3779
1de3901e
de66a0e1
31e47dc8
8d490005
a9a81c51
366c74cb
986886c2
719b6a29
461a4597
93a8a602
1b8538dd
ea966a93
2306bf0d
db409a67
45adb97a
2fac2118
8c44a3e1
f85458aa
a00a0999
6791c8e5
80523097
89da6a5a
54a11572
b78902eb
4d35e84d
73c2c6b7
8cf04602
c758d302
c07e184f
252d7398
8b9a43c8
178a4719
eceea8c9
99413acb
f57c3660
279664c7
9561aba9
9063b265
69021c39
46bb7e3f
3d4ea817
f617896a
2507e55a
640093b3
4409a3f0
78a27fcf
b2200102
ba5f9751
33e223a6
5bae27e7
7b483782
b1fc6a82
818e618e
31d1a4ab
a6778644
a653d613
29898451
7a70f2ce
d33fb90e
37e81926
1bf0a6ca
c2ae16b4
ca259417
4e602b26
5eb19c66
57119718
1474df8d
11b7dcfc
018d51f4
4d80b61d
c3cb691e
395c3a21
60b8860b
3e7e579f
75cd46c5
a1c0251d
e856d794
5aad86b2
1d9ae25a
015ac680
72399443
4fa9866a
b4c423a5
e9029af2
3a7803bc
82bb8284
5b70b958
42885948
db00b8d3
a6e83fe4
1b90b9b5
1864e73c
e80d1246
94aa0e7f
a8a28cc4
e2153d60
be4b6c23
b85e9963
35e758c2
29039820
f200a9fa
682d2047
41726603
6a8ae60b
a433514a
bda4e900
56220430
82b6bc81
9fc60576
22247052
b31aae47
1af67c2f
e58e838c
77ae24c2
6ab10567
9ca9421a
44fc4cb5
69583431
f01a24e2
19071c21
0a395d4b
19061889
c88c3473
11f32411
9b87a27e
92f45707
ad28af3f
f0af21de
fb947266
09c63138
d6362549
4418bee0
0aeae53a
1822d5f4
d72a4d2c
133a695a
eb93c3fd
9491108a
629bd2c1
9c50ecaf
c2985ac6
72c9d732
e47817b4
38f76cb1
8424d38d
58377bb3
c3c34dc6
b7dac2af
d07ad51b
cb7b6ab9
331ce148
99804546
b6129b8b
7086fcb4
8b71a641
6ca934b3
b9f05e75
c404806e
a37e2f47
459398b9
1069a16f
840e48f9
029164b5
73bf38ef
e30b2e14
89b8b3bb
a4bcc877
f1f1cbfc
c1661499
1228974f
143da921
670091ac
c2c0422b
9af47a46
80d8dfba
2994b9d3
f25534d4
4384675f
79369ceb
03f0049a
2502e935
6cb98b93
7a640e33
ab21e9c8
f6980a9a
3b0dc5c2
c4944539
aa58cc52
d9c53899
3729449b
097998a0
16510ef9
afe0ee91
186714a9
18e565b9
27e6b57c
2f45f412
27efae51
5aabc1c0
d8074b74
5a90912b
785c11cb
42a257ac
d48f01ea
4b9344a5
3cc738ce
428e967a
38c99556
94d001e7
e6f67cc8
a39ac6cb
3cbb43a6
93a43e0b
38076f48
f86b2b43
1880614a
32bb0bc9
365f48a1
b4e15a58
97334974
f93aaa53
95858fdb
b48c3d72
094926d5
8a8d0bbc
1cc27a6f
c0a701cb
941f5c43
19d4a0a2
36c280ae
9aec49e8
3169cccf
ce3e6570
6750968a
30e5be89
f38a68b2
9b233051
1356492a
9c7e24a8
760467db
a7b0ff29
81c058c1
f1f2bcfb
2881a6bb
f9bea367
4b6f72f7
4975faba
30ba16f3
20ce8b7a
2d90a1ca
1330cbfa
22f8c1b5
9c9ce208
58a31276
04a08af0
50b41531
1ba542b8
c7ec85e7
79d2b959
faa9960a
b3685940
7e47f509
b5bb36dd
ca3921fb
82211eab
a99406d5
b9be3797
539bd955
f8ab8afa
9b116c52
6a270063
13a1e512
698f55a2
06a6ac1f
928b3411
b4e8a77c
2489b10e
9db335e0
60c02733
b64c77a2
2d3340a1
62f96279
a2e13374
d7bffb2a
c0ff2ce5
8ea86631
7bacd8b2
4897bc86
27268fcd
3c5d1531
1bc84106
adfcd135
f99a434c
9048caac
af559f50
3d2a7707
1a654350
6078c39c
8222a942
100e5ac1
a803815a
4bac7646
eb437b14
cdb5ff4b
e06cdbe8
034a72a2
c309f3c0
10a9e0ff
d5091856
1a95418d
909e93f2
101717c0
3b38f557
fb65182d
8834bf1c
c896f744
3646ac3b
9ae76af9
7143605f
4e98d296
40f90ddb
ac72a11d
de67684e
e316b178
a5b1261c
b4c5f84e
5b529501
34e86f76
8599b4a3
0c48b578
bf53f08a
f73d89e1
e7c4bc42
21fba196
ec06437c
9758bd62
470c8133
5cb580fe
90dd7d82
a9ace341
bd68e39b
26ef43c3
922cd774
b74b6890
4593776a
7dcccdbe
556bf44c
15c56aa0
c8556e60
f364a9fd
2341ba33
a74ac03b
c0458151
f59dba0c
5f52dd42
d8257900
5c974a90
594b6d46
af479ceb
360d3c20
57c416cd
4a5e0485
ece74348
79d2f137
2006e860
d34484a0
0ba8b97d
dcbe7430
a8b55096
16269d12
57a4b433
29169159
467be3c6
5d0790e0
07a2b3db
e9ddf1bd
ad58e6ec
4147767b
9eea6005
04d06289
95ddb6a2
c6507a54
59525eb7
39fa8d3f
a07eb307
37ec87f8
ccf1f474
4765cb22
79be3e91
8df39a3d
550739d0
1a2b3653
7d5a24c7
262da86e
b2653043
8a24fbb5
43c33ced
680d379a
6292e266
0494b894
e6fa65a1
94082fc9
9328e799
820e39fc
516cc532
d5a715b0
26d850ac
cdc53b0b
d1cc5b90
a9486dec
a226db23
ac47dc51
d5a81663
1aabb5aa
0f19c211
36361ecc
ad0caf93
b115890f
93355f55
cf28fe0f
93a6b5f4
06eaa631
add1c573
f114778c
a2258194
8dea8654
0ac29813
981f3e38
9e49b3bc
9a494631
23785351
7c73575d
ae6f3be5
3b759134
48bc3e7a
e13a15f9
d0402963
bffa0a47
1d6cdb98
62229f88
3db68ecb
4227d902
6c153997
75477ba6
5c130770
599e1d39
53638daa
08809acd
9531ca94
3f287a7d
3f850439
217a8b48
c3abf539
6ece9b2b
c468c0e4
27e5a623
b83a5c4a
52be92a5
44b8724f
807f0a5d
9425c680
93139e95
e31433b1
59f42a5c
035aa440
13a4d46d
62f26508
0c551697
bb6e3725
9be11326
b6016d32
6e95c2c5
2cbd04e8
344c1d53
c7bf8569
92785119
b5b3582a
0e5f4ca4
6c9d9d74
8d18066d
a092a2fa
110a96a4
c22be12e
ab799480
8cb99be5
3a3c31c6
95c523c2
227d0796
44b64550
25c9536c
100b99b9
00b6ec42
efa4567b
a0fc6745
2db7275c
3327eb64
f4cc84cb
ca66b521
3e5725f5
fc4481f5
975163b7
7375bb3f
964fbd47
1f057c5c
1b7afc3c
22e0b2e0
8dc2d610
f37507f6
1b078a96
569ca1a4
665e21eb
106f5cc5
a2542c8f
99297a8b
11708107
1264de6d
0385733a
22de4ce8
8ab6d1a5
5f87362a
ec765dc4
6dd0586a
ed8d6915
4a4c704a
53e004b9
bf099b3e
0c459750
a4e595ce
5c3b7377
16024400
b1b22356
25ca93d5
7c763214
134a3309
793281ab
796d53c0
7f7be545
a7731c3b
12dc77e3
c778cf6c
31036bc3
269d3676
8847c8c7
5c2977bd
8abd17e5
8433d309
8fc927e1
40604cd0
ab5c8a70
aa7c7190
398648c9
3ca1cc21
9053859d
748aa347
964b7e17
7408ab4e
91021c27
93577725
099e6636
db6a7707
a775449c
8e1d3885
068c0319
26d6775e
95831052
03d22413
4d22ec4a
2494f951
358c8e37
8442265a
da441516
fab8c5ba
5e435e0e
7e2ba0e5
07669895
3daa12b9
3b3df3e1
5c794684
50585822
bc0d230a
fa3e9bea
99ba07ca
7d84f47a
0a7e07c2
bbbafc01
3fb79778
1091bea6
2df53427
febd00b6
e55e5e90
6f9c3e23
a7603024
771a05c7
1bc1f44b
1ea87449
ba7222d3
8fd3a537
f7c33bf8
d155b8d0
73d6c48e
0b69674c
198a238b
8aebcb85
100bf3af
bcd54c4b
499be700
64a8c11e
a02f8cf4
25706383
2f82092a
48f5371b
3f59d034
5081c373
8a42a2cc
9c566f28
71a4e4f6
79f2c9d6
8c41a146
479c30dd
ea0d1bb5
3e539a68
1314e092
815218b3
67a7a5b4
ec1cd9b3
abfcb20b
bb289c14
c4afe441
fb7a4315
7b225a20
380a7608
47c016fc
33b94b03
ef74c569
23b47db7
b0689cac
0175699a
c449b9c1
66b77e89
1c175158
36b6c3f1
20314fa5
9767d8dd
c8f826fa
1337a188
f589774c
84f22d35
0a10c792
910649bb
30815620
37bc7723
964d633b
e1675de1
657b33b9
5d9e4111
9872b13c
3c56088a
2fcf09ed
4a0ebc48
851b422a
3d7c2b6d
a12e21fc
48ea5324
0b8a7008
16de6b81
698c7a20
50c6a82a
3bcc6043
4984df3b
f584124e
1c57a1a3
bf668b41
0b47d420
77fc6754
cf6b47c7
7b6b3108
58755972
b3f4b182
3676f5b9
15ff11e5
43261827
b9a06995
cae41b17
bb667783
6f4d556a
897c5988
0b53fb20
8fb0e204
b03a8768
206bce92
3d1b19e7
40db7b66
43eb2b93
2668e683
cbfb9418
25943749
2974f681
61718ee8
c1965980
648eec0a
7047bd10
9b26cbba
f6c86177
3c4c5b77
95478431
6835b445
8a752910
b59a8233
e6319914
649a5d26
5ae22b32
34564b13
541f9530
2ed32a68
0ca9d4f0
862342a0
b311e18c
7d0a2c83
53168b7b
c3b69e22
8c6f9577
cbb028f3
3d58a59a
bbadd361
605eaac0
400568c4
9f19db61
6207b36c
75da7804
f3b94316
05948259
554420cd
33b7394c
17a02eb4
8e4bde6a
611b606b
e6018d44
09a91236
365a11cb
ac8f90a0
ca4622b3
ac08b589
98ba1fe1
9517959b
68cd64af
f443c68a
a6033d77
0c1f97d1
604090e3
4ab4bd35
a2a1889d
570e046a
82bc2f2f
f377d03c
460d2af2
8e932839
0c93075c
6542b8d7
a967b30f
7551d1e0
426b31d3
7568e929
351a8c95
1cad34d4
57e133b2
7559ba9e
684c7287
884cd297
f1934041
c455600c
ba295c0f
0896c6be
fad8c2eb
7e3acec3
60536539
f4ce3779
1de3901e
de66a0e1
31e47dc8
8d490005
a9a81c51
366c74cb
986886c2
719b6a29
461a4597
93a8a602
1b8538dd
ea966a93
2306bf0d
db409a67
45adb97a
2fac2118
8c44a3e1
f85458aa
a00a0999
6791c8e5
80523097
89da6a5a
54a11572
b78902eb
4d35e84d
73c2c6b7
8cf04602
c758d302
c07e184f
252d7398
8b9a43c8
178a4719
eceea8c9
99413acb
f57c3660
279664c7
9561aba9
9063b265
69021c39
46bb7e3f
3d4ea817
f617896a
2507e55a
640093b3
4409a3f0
78a27fcf
b2200102
ba5f9751
33e223a6
5bae27e7
7b483782
b1fc6a82
818e618e
31d1a4ab
a6778644
a653d613
29898451
7a70f2ce
d33fb90e
37e81926
1bf0a6ca
c2ae16b4
ca259417
4e602b26
5eb19c66
57119718
1474df8d
11b7dcfc
018d51f4
4d80b61d
c3cb691e
395c3a21
60b8860b
3e7e579f
75cd46c5
a1c0251d
e856d794
5aad86b2
1d9ae25a
015ac680
72399443
4fa9866a
b4c423a5
e9029af2
3a7803bc
82bb8284
5b70b958
42885948
db00b8d3
a6e83fe4
1b90b9b5
1864e73c
e80d1246
94aa0e7f
a8a28cc4
e2153d60
be4b6c23
b85e9963
35e758c2
29039820
f200a9fa
682d2047
41726603
6a8ae60b
a433514a
bda4e900
56220430
82b6bc81
9fc60576
22247052
b31aae47
1af67c2f
e58e838c
77ae24c2
6ab10567
9ca9421a
44fc4cb5
69583431
f01a24e2
19071c21
0a395d4b
19061889
c88c3473
11f32411
9b87a27e
92f45707
ad28af3f
f0af21de
fb947266
09c63138
d6362549
4418bee0
0aeae53a
1822d5f4
d72a4d2c
133a695a
eb93c3fd
9491108a
629bd2c1
9c50ecaf
c2985ac6
72c9d732
e47817b4
38f76cb1
8424d38d
58377bb3
c3c34dc6
b7dac2af
d07ad51b
cb7b6ab9
331ce148
99804546
b6129b8b
7086fcb4
8b71a641
6ca934b3
b9f05e75
c404806e
a37e2f47
459398b9
1069a16f
840e48f9
029164b5
73bf38ef
e30b2e14
89b8b3bb
a4bcc877
f1f1cbfc
c1661499
1228974f
143da921
670091ac
c2c0422b
9af47a46
80d8dfba
2994b9d3
f25534d4
4384675f
79369ceb
03f0049a
2502e935
6cb98b93
7a640e33
ab21e9c8
f6980a9a
3b0dc5c2
c4944539
aa58cc52
d9c53899
3729449b
097998a0
16510ef9
afe0ee91
186714a9
18e565b9
27e6b57c
2f45f412
27efae51
5aabc1c0
d8074b74
5a90912b
785c11cb
42a257ac
d48f01ea
4b9344a5
3cc738ce
428e967a
38c99556
94d001e7
e6f67cc8
a39ac6cb
3cbb43a6
93a43e0b
38076f48
f86b2b43
1880614a
32bb0bc9
365f48a1
b4e15a58
97334974
f93aaa53
95858fdb
b48c3d72
094926d5
8a8d0bbc
1cc27a6f
c0a701cb
941f5c43
19d4a0a2
36c280ae
9aec49e8
3169cccf
ce3e6570
6750968a
30e5be89
f38a68b2
9b233051
1356492a
9c7e24a8
760467db
a7b0ff29
81c058c1
f1f2bcfb
2881a6bb
f9bea367
4b6f72f7
4975faba
30ba16f3
20ce8b7a
2d90a1ca
1330cbfa
22f8c1b5
9c9ce208
58a31276
04a08af0
50b41531
1ba542b8
c7ec85e7
79d2b959
faa9960a
b3685940
7e47f509
b5bb36dd
ca3921fb
82211eab
a99406d5
b9be3797
539bd955
f8ab8afa
9b116c52
6a270063
13a1e512
698f55a2
06a6ac1f
928b3411
b4e8a77c
2489b10e
9db335e0
60c02733
b64c77a2
2d3340a1
62f96279
a2e13374
d7bffb2a
c0ff2ce5
8ea86631
7bacd8b2
4897bc86
27268fcd
3c5d1531
1bc84106
adfcd135
f99a434c
9048caac
af559f50
3d2a7707
1a654350
6078c39c
8222a942
100e5ac1
a803815a
4bac7646
eb437b14
cdb5ff4b
e06cdbe8
034a72a2
c309f3c0
10a9e0ff
d5091856
1a95418d
909e93f2
101717c0
3b38f557
fb65182d
8834bf1c
c896f744
3646ac3b
9ae76af9
7143605f
4e98d296
40f90ddb
ac72a11d
de67684e
e316b178
a5b1261c
b4c5f84e
5b529501
34e86f76
8599b4a3
0c48b578
bf53f08a
f73d89e1
e7c4bc42
21fba196
ec06437c
9758bd62
470c8133
5cb580fe
90dd7d82
a9ace341
bd68e39b
26ef43c3
922cd774
b74b6890
4593776a
7dcccdbe
556bf44c
15c56aa0
c8556e60
f364a9fd
2341ba33
a74ac03b
c0458151
f59dba0c
5f52dd42
d8257900
5c974a90
594b6d46
af479ceb
360d3c20
57c416cd
4a5e0485
ece74348
79d2f137
2006e860
d34484a0
0ba8b97d
dcbe7430
a8b55096
16269d12
57a4b433
29169159
467be3c6
5d0790e0
07a2b3db
e9ddf1bd
ad58e6ec
4147767b
9eea6005
04d06289
95ddb6a2
bf75dcdf
2b334a5e
45971c1c
1c0a5212
acef791f
a2d5b382
1c3deec8
0c836872
d6dfbb23
4dccc912
4e5adc55
9f7aee80
11516fd5
d165c4ca
98ca7b8c
eaa45bf6
00000016
00000001
0000002a
00000003
00000042
00000001
00000020
00000020
00000000
00000620
00000c60
00000000
ae66a1f9
246cc5b1
15a22830
51ab3c9a
a5d816f1
579925c6
f921dc02
b522578c
61b39293
afcea5cf
aaaacf46
47284065
1497b3af
b7dc6319
0bec0567
09557a2f
9c4e0481
0c22fd68
0422852f
59949a05
7a40cfc2
9a7ef062
1a5d732b
01140364
cd9f70bc
c0379c1b
b4c7a083
ef2e8131
44973ae5
30867bcd
de49f288
f0d239e8
1d49409c
ec17c3e2
420740bb
a79b0999
e756e0d9
2a8798f8
1f87e2ce
ecb0b276
a23fb863
2ba2d017
607293d3
aa2c59c8
6de61554
10937cae
7c7e57c3
741c3f4a
7b388380
c9c9299a
9cf73677
609ef0b5
f662aeaa
3994441b
de220c15
dc2f2e02
35415972
ebbe993e
89c05149
703b6c25
2c0b6b85
3771a12a
c8c9d04b
b977f8cb
4569abb4
09e13d28
151fc344
79f2230b
b0f6fb35
53b89cd5
b7b533d4
c26c1b5f
94c62389
a314460b
8c18245e
ba9707ec
315ba7ea
44e17804
4085366b
014acf40
94720c9d
5784a3b3
872b85fb
c9d81915
e717f79f
04d51173
a697488b
c73adc2f
d6a48ff8
8953572f
c16367f4
e3f00997
4614725b
e23a3719
f9ed5a3a
b2a437b6
fd8dd9ff
713a9451
b3f8f21b
f65f86f9
f68017c9
1636c039
82cb69a6
14276cdb
9d057c77
211462e4
cbe79229
b7e6e57c
d27307c1
bc6aa3b8
08d60076
a51a0970
b459c424
cfc941ce
9d52f8c4
e5089e33
02067c53
ba86a72b
73ae96e0
44b28b69
019e974c
a00d9634
a47b834e
11586a8b
0b1c5e55
7813881a
a136a2be
16c72dfc
c4489799
d081095b
fbc26c47
53b08c86
0175329f
066d37e3
1d83594e
329d0198
82be7855
20982cb3
481d5c64
e41d7034
4011323a
6974fa2d
51310dfb
58ccac8b
8e67517f
0518986b
774c3393
ef0fd3d2
6c541505
cec08abc
4c339815
2576b534
11e3e166
ba6c81f9
4bd94ce5
9e62621a
098a6044
168296a5
42d1ef70
595da20c
c1171d1a
8e28a29c
3c3a1875
e0da1131
13c88e9c
1830732e
1c09be18
31b700be
7726030f
f2496401
792ba092
04a8cb74
5c4a8ec3
a2e0b382
3a9558c0
b8bda453
22152d40
8b2f251d
1c66a620
17015181
7f5f7362
e2ce2510
5c2c4da3
3047f1fe
0115c0c0
39d64319
c150e10b
791eafe7
6a2bc97a
02c6c401
89658a00
ba538388
f30e89a3
6c872196
365470bb
b595c61c
002c6c31
c8ca14c8
c7c1cb51
31c7877a
671908a1
adc807c3
e0c3664b
b5e0171d
a1b35349
02770062
95a30a08
e60bcb26
71523829
b5bc9d09
45a3c02a
e062bd7c
85f4312a
fa510831
0c2ba997
cbfa7937
1e4a676b
db7f8773
45512c21
c16378bb
fc8273a4
6f6c9e56
e7c83625
25659fc3
334c1691
90296384
040454e8
bc61b366
6ecc432e
c97b9631
4f080507
3dcd3867
d26c2007
13fb0c5c
ea17b4ed
c3858d94
8528141c
3b51e43f
78248e75
6a4ba547
5c2461e7
284925d7
543b76b5
ef4f86cb
a29f952a
1e7a4b66
e929c810
c034b414
7a7b5c13
0f104c6c
5bb9a84a
023585ce
58a007c9
cc4c7613
220cbd2e
a6036c8d
369dbcf6
0499a533
512705ca
02f10c19
73199067
6886d5a0
e07d2c70
5565fe68
fc486423
47e87302
c1a1c5b7
fe03708c
d88745d8
038924ad
28c634f6
a00f70a7
a8ea8e85
cb1740cf
db08c626
2fc51637
e4ba33cd
a1022274
71d94c31
9052e510
b94335f0
6d20c796
a1653c29
804977ba
379ab01c
27cf2a96
359667b8
cb693266
20bde8f0
14f80cb6
95024d5d
ad67c124
2b6b1318
0a0ccd2d
5c0f4326
9293c9f5
616adb50
f0ad1ab3
79949324
78b58e65
b15d2a4f
57ea9229
9ac67f39
e8268c37
374b4740
746b3006
bc59c5f8
0b47c378
340b218a
ea35e777
dca99bb1
5104175a
31b5d427
c576ca18
a439b51f
f01b8c93
01c39167
b4b20417
9bc774e6
68d79b83
8d48b90d
5063b7b6
fc6c5bdb
67920699
fc4df45a
3b84281c
51d4d6a1
df386309
13c9073a
2a4998bf
f014aa1a
f3fb9ed8
4e94fb52
1d12931e
97ea11c2
9ac67439
75525b60
52c51d93
3bc75a8d
7a3788ba
7a64ae60
4d6682b3
cf607875
7c2e9ffb
501cbc8d
38552b46
4809b1e6
9bcb8b62
842e6890
55f5c10b
98096201
a5332bd6
234a3343
ab9788b4
e1065222
a6af8478
22f48939
5987d587
051c13e7
be926b72
7886e8ff
5548be3a
68b1c2a1
03061a45
f19699fb
b20621ab
9d0f7b09
b8aa6ee5
7b155b5f
40a80921
e36cb381
bb1c2081
8158c415
d7e9c833
85dccfa7
11a15943
f28f89e0
52992562
e24ff74a
27b04458
02f3bc8f
34264c0b
1086c6cb
4d217d36
b2d440d2
38a42a4c
e89c5b24
be5fc92e
a89b4bd3
305a7fd8
13a18358
29af80ef
44a7f363
c5bd237a
4227d55b
4bc402e9
4b584b41
4a9ce558
a041e49b
93e5a0ca
7fbb66aa
114e110b
db0c8918
a92609b6
625a2b1a
8a3757c6
58bb2661
785ef056
38314079
8bb74c58
47c9dc83
57a93033
8da985ce
013e24cd
90f436a9
61427b23
631ebc30
bc595613
35dbb50f
33486164
f66a751c
89d126a5
da3b151d
09470d92
b04a3547
6560a696
e7345b75
1066d39b
3a56bbfc
b46b1df9
b460c21d
c7716211
e0890468
90227388
ce04e991
f7bcae63
519555c3
ee23f407
18d19fdb
955cdd17
8651f33f
da1eca71
8d8af173
5a14d720
d4d48544
35395a7d
f4bfa378
5bb613c2
343bc011
e224380b
141f1c34
8248ed9b
de06f21b
0734732a
41f53116
80777171
e9d539db
57806b26
d237a03d
6b9029f9
95353ac0
1d7034da
47aa687b
65790861
70b890ad
9a843dc3
7b030b21
2c2da014
03bcb9e5
00528bbd
9931150c
6c0d2c23
a1346b81
9bc5d8dd
ac9412f9
0c6add6d
beb03aa5
7ca19e74
100c9c55
45319714
799a8996
4ad9818b
61cef195
a2cf2490
2284e98d
72556574
a7ae356b
27b70b10
0064f5bf
cac2165b
7934a1aa
af2fa39a
a7e58f30
36c920a7
8141c6c9
2c231187
7ab835a8
8b7734cb
8a065078
8e621c54
88cda7b4
26244b2a
9c35307e
045fd01c
27992862
65d90141
b65031fe
f0191cb0
1b7a0a8e
b4179602
69576655
1577cf7a
616b1c43
d2495946
2291bf12
9ca2d050
a54b362b
94b47b08
2f5483ce
b5931902
ceb62c10
f3a3374b
c2419769
c2d55885
e32a72b7
7063a63a
b9e8380d
33c4fa00
37b14957
13d40788
2a5922bf
82197719
b4e4bc8e
ec2f60c5
8a4fb58c
3bd8e797
297eba99
ecc52686
6c92f6c9
5ec0119a
4b55457a
ab932634
c45b9a6d
77f9b185
23f6406c
9bcad690
3bf32d6b
2bfc4c6d
65a8dcc4
a578578a
b7c32419
9c738612
115e49b7
31b99219
ea4e66f6
6a5fcafb
89dc8e45
4fc4120a
003acab8
b6614b27
585739c1
443a61e5
12e8ca59
d6637340
b2711069
498501a3
d16d288c
014c2999
8098504e
e886d2b4
b725050c
0232586c
0d9cb5c0
639e5b0c
77350d6a
3f8f1685
48900f0b
5ee9a097
086cdbc5
046f4375
6f1cc36d
1c6b31d8
c91f2545
73f8fe2f
ce240bee
39ecc74b
08a9f773
bb40285b
702a7e8a
8f40e500
5b371969
66d4a565
b4959dae
efbd3ac2
97c77e78
58651344
ab73929a
563588b9
9de59eb1
df3d751a
05c16abc
6c2cad3f
070f61be
a58fbee9
6beac86e
53b8386c
08f051b1
1186eba7
8bcc126e
c8db793c
4ae96e37
7da1cad3
b5b3af04
bd06f928
304e7ce7
180c8975
0b44217f
0e29fb9c
9c7c3d8c
0ee25b92
3236bc68
95f2ae1a
ac2ae363
4cc0d8fb
fba406a8
8cb5ff4c
d6a1a1c1
e9ea4965
73844fcd
8c15d977
07f7885a
a993c78e
51cca44e
01f89a10
7500cd9f
5f4a82f3
1a845844
a2f102cb
a2704720
abee2051
91832b86
a54c0261
e674c581
bcaa80cf
57840871
d38b258a
ac5af0c4
ce6d52e1
abea6118
adb743cf
61989aef
052ec6e5
c573ab6e
22353852
2c822b7b
474099bf
220971e3
87530d12
54a23726
86c93572
0c0781e4
7500740b
43222665
56c02ff8
1189c3a7
74781542
72617b39
6a73fc3d
386ccb48
433eba47
b832d6b2
98600984
c95f7603
cbb1b039
5c5e0b73
2745a825
c9b74127
50aedae9
db4e2ba8
c56bdc7b
d1165a29
69d47a5c
1d06d014
ac7ad34a
5040b82b
20d7f705
a9131802
c0ba2858
102b14bc
f56185f0
f3e09261
9a644eb3
cb52e9c3
4b941557
6ea1fe71
d0a526f1
400b8a8a
49881c1f
d86f518d
32da3e67
1607afcd
cd31d2aa
b2d48508
9993f0ba
a6b43bdf
0ceb3657
81291c63
dd4d0387
a7202c1a
09511a3a
cc81caa6
a2e8877a
7162aa0c
4e8f61e1
b24e6312
94054290
103fb507
38d8a4d3
5e3856c5
4d9c77cc
37f545b6
5fe07347
2e9df388
88cc82ba
65ac578d
773e48d6
355dc48c
3151227f
550c41e0
ebdc65ac
bbf67ba6
e318399a
c46aa714
679c180b
861a81b2
ba3e9497
50a3e02b
138615b8
1300b968
65b15740
7d828596
3529ae98
15f8f3a4
e2b0a7f2
24d8ab73
03c5ff40
bec4209f
4bd87a43
b2835c64
abbed952
bc06b301
3f941776
948fa633
9a299eaa
5d8c8272
4fc928a6
69cc9ac5
c3d9867c
17c1b00d
ca7b79d4
5f92576b
5c53e114
e82a58f2
7dfc5114
ae77273e
760c0697
a015599e
2fb055d2
993d0aba
7c53e722
872c1149
abe7a237
09289223
88a0bb00
ecbb8888
a238be5a
ae66a1f9
246cc5b1
15a22830
51ab3c9a
a5d816f1
579925c6
f921dc02
b522578c
61b39293
afcea5cf
aaaacf46
47284065
1497b3af
b7dc6319
0bec0567
09557a2f
9c4e0481
0c22fd68
0422852f
59949a05
7a40cfc2
9a7ef062
1a5d732b
01140364
cd9f70bc
c0379c1b
b4c7a083
ef2e8131
44973ae5
30867bcd
de49f288
f0d239e8
1d49409c
ec17c3e2
420740bb
a79b0999
e756e0d9
2a8798f8
1f87e2ce
ecb0b276
a23fb863
2ba2d017
607293d3
aa2c59c8
6de61554
10937cae
7c7e57c3
741c3f4a
7b388380
c9c9299a
9cf73677
609ef0b5
f662aeaa
3994441b
de220c15
dc2f2e02
35415972
ebbe993e
89c05149
703b6c25
2c0b6b85
3771a12a
c8c9d04b
b977f8cb
4569abb4
09e13d28
151fc344
79f2230b
b0f6fb35
53b89cd5
b7b533d4
c26c1b5f
94c62389
a314460b
8c18245e
ba9707ec
315ba7ea
44e17804
4085366b
014acf40
94720c9d
5784a3b3
872b85fb
c9d81915
e717f79f
04d51173
a697488b
c73adc2f
d6a48ff8
8953572f
c16367f4
e3f00997
4614725b
e23a3719
f9ed5a3a
b2a437b6
fd8dd9ff
713a9451
b3f8f21b
f65f86f9
f68017c9
1636c039
82cb69a6
14276cdb
9d057c77
211462e4
cbe79229
b7e6e57c
d27307c1
bc6aa3b8
08d60076
a51a0970
b459c424
cfc941ce
9d52f8c4
e5089e33
02067c53
ba86a72b
73ae96e0
44b28b69
019e974c
a00d9634
a47b834e
11586a8b
0b1c5e55
7813881a
a136a2be
16c72dfc
c4489799
d081095b
fbc26c47
53b08c86
0175329f
066d37e3
1d83594e
329d0198
82be7855
20982cb3
481d5c64
e41d7034
4011323a
6974fa2d
51310dfb
58ccac8b
8e67517f
0518986b
774c3393
ef0fd3d2
6c541505
cec08abc
4c339815
2576b534
11e3e166
ba6c81f9
4bd94ce5
9e62621a
098a6044
168296a5
42d1ef70
595da20c
c1171d1a
8e28a29c
3c3a1875
e0da1131
13c88e9c
1830732e
1c09be18
31b700be
7726030f
f2496401
792ba092
04a8cb74
5c4a8ec3
a2e0b382
3a9558c0
b8bda453
22152d40
8b2f251d
1c66a620
17015181
7f5f7362
e2ce2510
5c2c4da3
3047f1fe
0115c0c0
39d64319
c150e10b
791eafe7
6a2bc97a
02c6c401
89658a00
ba538388
f30e89a3
6c872196
365470bb
b595c61c
002c6c31
c8ca14c8
c7c1cb51
31c7877a
671908a1
adc807c3
e0c3664b
b5e0171d
a1b35349
02770062
95a30a08
e60bcb26
71523829
b5bc9d09
45a3c02a
e062bd7c
85f4312a
fa510831
0c2ba997
cbfa7937
1e4a676b
db7f8773
45512c21
c16378bb
fc8273a4
6f6c9e56
e7c83625
25659fc3
334c1691
90296384
040454e8
bc61b366
6ecc432e
c97b9631
4f080507
3dcd3867
d26c2007
13fb0c5c
ea17b4ed
c3858d94
8528141c
3b51e43f
78248e75
6a4ba547
5c2461e7
284925d7
543b76b5
ef4f86cb
a29f952a
1e7a4b66
e929c810
c034b414
7a7b5c13
0f104c6c
5bb9a84a
023585ce
58a007c9
cc4c7613
220cbd2e
a6036c8d
369dbcf6
0499a533
512705ca
02f10c19
73199067
6886d5a0
e07d2c70
5565fe68
fc486423
47e87302
c1a1c5b7
fe03708c
d88745d8
038924ad
28c634f6
a00f70a7
a8ea8e85
cb1740cf
db08c626
2fc51637
e4ba33cd
a1022274
71d94c31
9052e510
b94335f0
6d20c796
a1653c29
804977ba
379ab01c
27cf2a96
359667b8
cb693266
20bde8f0
14f80cb6
95024d5d
ad67c124
2b6b1318
0a0ccd2d
5c0f4326
9293c9f5
616adb50
f0ad1ab3
79949324
78b58e65
b15d2a4f
57ea9229
9ac67f39
e8268c37
374b4740
746b3006
bc59c5f8
0b47c378
340b218a
ea35e777
dca99bb1
5104175a
31b5d427
c576ca18
a439b51f
f01b8c93
01c39167
b4b20417
9bc774e6
68d79b83
8d48b90d
5063b7b6
fc6c5bdb
67920699
fc4df45a
3b84281c
51d4d6a1
df386309
13c9073a
2a4998bf
f014aa1a
f3fb9ed8
4e94fb52
1d12931e
97ea11c2
9ac67439
75525b60
52c51d93
3bc75a8d
7a3788ba
7a64ae60
4d6682b3
cf607875
7c2e9ffb
501cbc8d
38552b46
4809b1e6
9bcb8b62
842e6890
55f5c10b
98096201
a5332bd6
234a3343
ab9788b4
e1065222
a6af8478
22f48939
5987d587
051c13e7
be926b72
7886e8ff
5548be3a
68b1c2a1
03061a45
f19699fb
b20621ab
9d0f7b09
b8aa6ee5
7b155b5f
40a80921
e36cb381
bb1c2081
8158c415
d7e9c833
85dccfa7
11a15943
f28f89e0
52992562
e24ff74a
27b04458
02f3bc8f
34264c0b
1086c6cb
4d217d36
b2d440d2
38a42a4c
e89c5b24
be5fc92e
a89b4bd3
305a7fd8
13a18358
29af80ef
197b7a48
008e7215
4487b0a3
f1989190
e6cae05f
55366b80
b1beb3eb
54b5dbf5
56122ac5
2ab82369
4e63f468
78df88b3
f1bb48b5
275fa512
55bf54c7
d804fc27
00000017
00000001
0000002a
00000003
00000043
00000001
00000020
00000020
00000000
00000620
00000c60
00000000
8bceb62e
51d6cb84
4a45040f
727e0095
3a0b06f6
a585e470
278fa17f
79254777
1ce4ce58
337566c4
43630fc0
c4b49faf
df3aab66
b1914303
ad350e4a
fd68d9f9
657db058
5ee5f96c
9d13a3ad
1ac047ab
53e29934
4ac3065b
9a2e1803
55d70e24
1aa6e7bd
95ae877a
3b263a81
fc0215ae
261c3908
9a76f005
0d707b80
7a2940eb
1c418347
706f48fa
56f41556
89a1f4c4
eb53e212
386b3e00
0c010544
4ab2fa3c
e0c1861a
1f18ab3f
04608a9c
608ab6c7
b3b09d5a
5eabab77
4bc07b99
2a79e8b0
1b872ac6
53a7659b
67bbad51
b900f781
75925e94
0e7b322e
cb6d7b00
751c7038
b8ccb950
f94421b6
3cca67d7
1443db9f
6e565a33
5aa1a709
4ba3a3bd
33758c24
c0a6be81
47e00f2a
ec7b706d
b31265ca
5e16c396
b1395b33
33eb55ec
66e3922a
89baab6b
01ab3e39
4e557e83
58bae5b8
9ba2844b
b197d936
a1596ab7
9ad8c204
bde01d24
390e20bd
33d1586a
bf20314a
3633b4c3
3ad21f2a
cb8c3e14
c89315e1
26380c9c
3c54e162
7130036f
74eacfb5
6e69130e
58187a70
7849c0d4
9f32f311
420b7954
b2935f87
c94cccb3
08cd0a4d
f4897049
106a9dc2
75a71031
67b67263
83a62d33
d4b821da
6671560a
2a12ab19
57042837
43fa83a4
c50beb51
3d43351e
c9d1a1a1
78014bbb
1bca9aec
488651c1
12c90d46
d1520b09
57287805
4d079549
501206b1
b86262c3
6187985b
ec8c7854
69966d21
55e6ea95
7665d902
f709baa3
6766e8aa
a08c97ab
25850385
ce87e8be
3c3b4475
da695562
6c441c56
461b17a2
24431f4a
613156bb
fd627605
3b2c7a38
9a63d060
9ab5b115
d8bd1f52
18f22b23
fd817892
608291b7
4afbdb73
893eab4d
830278b3
a2b4bbb3
1967c8ac
f6cc21eb
886979ce
bc6c6867
25ee10e2
4ca8521f
1c0615ea
a8b43062
c13c927b
b90c4ba7
86bdcbf1
6c359e58
858c78d5
74384b05
7fd82b73
ebb6aa66
fb6ac5f1
1cb20e03
facaf40d
695a9852
79cc8697
b20bc6af
b7077b67
4fc2ae3e
c6a34a44
56b7a6f4
29f23b1e
1f7c03e0
e0cb4ef7
65d9aa25
b112399d
01619ad7
bc653a45
83aa6a58
38961250
c0a90f63
22231960
86ecacc9
a9b74c7a
cc7eec9c
43a180b3
31f0ef18
e77a45d4
7619843c
46d6b2bb
ab5f8566
d7b66128
5a3c3357
9f0a7926
21f1c04b
9665be25
b91916c8
c18acef0
5e56137f
aaac65e9
e5b655c6
1e5696ca
100f4bec
90729a95
845ae949
5663a15a
e91990e5
7be87114
7fba437f
6a0c7149
2dc6b046
42cf96ac
aaebcb3c
68d61b39
f35d5200
2bda7b2a
a5666649
b279358f
94952c44
3cfb2e4d
5d5cec13
966da065
7352c494
eba51766
6ca2cea2
6a49b91b
8bc8ebd3
b6325d64
052b0588
8e9d0826
32f48a65
23476f3f
8b8ef2ac
46c98c2c
2a24a33f
e4455182
82846355
476b4137
fcc7a82e
843a8db4
b1292b19
3021a80e
e888c3b9
2a9c5d42
a44293a3
2af12ff7
10894b9d
bf50873a
260c3a74
b35b9187
c1ca1bb0
c7dc86a8
75005441
d55c249b
020f5603
b983ada7
1027785e
95395b5c
63192434
12b277a0
d1e18f11
8050f08c
5a7d1a83
32d99f91
5784f18a
a26fea9d
d8ca5901
4de68a3e
3a432464
d4316599
3b986839
984a25f5
d3526d69
327b1fb1
ce77c03e
93348232
7079307a
09975724
1b6f07c3
7ce7f941
6d878005
5a580df8
92ac206c
0f9ad444
d3081cf9
a66b489d
9b73d56f
a7b18628
2ffa7a9a
0c87f578
320bb884
422a0b9f
0928ace1
987e4190
c9e85c93
025ec185
1694028b
526c2760
7a8d3900
0beb142b
9bb44d88
c6468b37
55714c04
61f14054
651220b9
54056d82
113aa824
1fc0ec28
688eb774
0e211bb3
d4c14757
7ca9aefb
0ac58a6b
4719389f
7cae5360
00e759a4
d5ceb53e
8b25c83a
4ab327b9
b237e0eb
e3a98885
62e0bebf
a6cb264b
d65d5791
2e8a38cc
d3c582c8
ec3a8f33
8649100f
f4036b5d
6a86b0d8
23f834bb
647a86da
da0514d0
783418a2
266beb2e
31452216
004573cc
9b730941
76872df5
65fb1968
3488871a
84f96443
7382bea4
d6947b82
dc3a85a1
2490464b
b7a49129
d37d93d4
30831390
6034e3e0
82be9d22
06645896
f16bdc52
e09f40c5
32aaac58
365cf18b
86de5ff0
b750691a
6b70316b
95542579
1cca7f58
af2f20f5
36e0054c
7367df8f
327b01a5
93509783
a1555c6b
eb25336f
66b49044
86309b12
6a5ed50c
1bcbcf6a
23813c89
105020b0
d25a82cb
0d516f6d
7bb85271
941ca3ca
5592b88a
fe279b46
d91e16de
8b0463d2
1221132b
dc033b8a
87ec248f
73e02d09
419a9276
9d03cb27
c4b4c118
1f32202e
335ca6b4
f81d1e46
450ab797
48ca81d6
8b1d9f4b
aa5af776
cc4706c9
97a7acd8
8ca75ecf
a250937b
ab475352
2784cb8c
9d1e2975
39775251
cbe11ec3
4b9b4953
1c1c8728
ceabbfc2
46bd234f
13d98c9c
af92cf07
e53b61b6
db63cd3a
080bb00e
9b028674
91254a41
2e38da8f
b246d565
52fb8555
ac98c67d
503ed00f
33b734f9
2111c26e
649d7621
19ff5093
4266f324
816fccd5
f49990d3
cdfc6e19
fc53113f
99ab95d9
2a1bcb24
42c2aa84
4af92dd5
a80cc8b6
a9bba9d8
62e097f7
9d149066
e7c0d003
69a15855
b6da0d39
28108c8c
45c96cc6
5f22e848
4da475d9
61a08284
27824875
29352771
5629100b
60b3564c
c9c48915
d2294230
57c382cc
2c4022ff
02ecaa6a
668b4799
881bc307
fa358cda
419ab694
b97879d1
84f17faa
39c53d04
ee76254c
51780705
7beaad9f
51264ad8
14702318
758533ae
2a979022
63564f01
b3223153
5171d03f
31ff7903
aa7c77a7
990fd954
6343b135
5418408a
e916ca77
239e0b22
c6a75a02
4b926340
65484390
11ac50c8
5e5565d4
e6f595f4
6715e91b
d1ad1652
3c7193c0
0c58a13b
711b4108
b513c098
b3a82073
c42d5afa
62aa2cb2
a673c1b8
113f8344
95e5bf98
9048f45d
25750004
68d7ac59
b7b8344e
6f5d59af
92c7c01b
8c7ad93d
e6bf96ad
842b0db6
acc3d7bd
6754cc6e
4bc0c872
0c834384
471f2c33
74273930
91f198cd
5ab30c26
5060bc59
8cb4e811
2d3150f5
90270754
6ca7cb2c
6c737326
c58a7fab
40d52d68
2cc37595
cc8720e1
98266c24
9862e9f3
1a593912
9812f59e
c5168388
db555cf0
4ac3cb45
9c184689
97cf0701
3b4cfdc7
97a8f67d
b565c69b
3a536360
ce86497f
fbfe2a24
6107a61d
acbd0bba
95fb2dc9
9dab4254
fc15a355
440ec1b8
11c12d28
989b91ac
67ac1243
5e29bab7
71cc2469
a25c3bfc
6636f022
8b4aa557
f1cd7d3b
c2f31c3c
c4797bac
533eca74
cf8a0140
608c7800
f6ff1e89
018d000f
249517f4
65ba5352
9c24ceb6
6bc393eb
d417a685
03597208
92a5f762
75622191
816b6f34
78be68ae
3bd5a0db
57104f48
ac769547
2c1ac6c5
4a824c39
425c487d
1970c954
3e7c959e
4896f909
b6fba34a
c5c24e2d
60b71aa0
8084b5e2
81a46c49
4c8739a9
00f4aba2
8433dbd0
8121bbfb
f7d535a0
44f6e0b4
d4c503b9
8417a315
57106055
478c7af7
11a494c1
54a26c5b
61c7b9a1
3732232c
50022d4e
ed132815
60f6bd60
98f92aad
9d32f037
0cf04406
5a0642a4
5792e5e2
60c80224
4dd547b1
a34c445d
a9605cfb
0cf13d54
23494355
0c618675
57878d76
0ebfd369
70ff5de1
6825c08d
81cce7a5
02965a7b
6df8c803
c4a57c57
a6959d00
46949a38
ac1827d7
a79b9d96
7187156d
ed9a0662
2b5c0c12
0d0b879a
c24a39df
69b852c1
7cd6c4c3
08116672
916852f5
cbe8c545
5f0e1ca8
10441660
054210b3
d1373a04
eaaa783b
7e8ae527
37593c71
47679424
0344cf0c
35cdd2f4
c9ae0271
6de95266
ca563bc5
3c3e2ad5
6bf9025b
9f07e3ef
282449d9
3290de74
471ef60b
e8876bf8
5513517e
6436f734
d7b08f6c
c4aab81e
927bea3e
84880904
850a6fa4
85bba59d
99446165
a859bb04
0649852c
f283b0e1
cbd04b0a
7da028b5
3326104a
79a0ba0a
cc27ec2b
17861457
46942638
c6ac176f
2528c322
4eb82f53
f4919a63
40774eb4
305a937d
1b10d6d1
70965778
0396eb2a
c875c6e2
bcd69d8c
8699123f
dd22e2cb
f6d47bfa
a54cea7a
de5d2024
70fd5245
cd07f0a8
ef39f056
e7f61e99
b9f8adb4
df24bbbe
d06f50ab
b8badb90
a67db9df
8b7b1b15
8968a218
d58b8c77
34173aec
77fca694
ac20fb42
f8cf3a5a
87c1e193
698b153d
49c33d70
6de248a5
68c02b57
97d937aa
b7800d92
0809678e
40d691d4
a51a7c49
a874f927
d5449170
613aad75
e4b867d4
a164bb25
cc42ad83
992693a6
c4695384
aa2ae46a
3b6ed7da
70726635
38e3bf8f
e6bae3fd
99bbc174
73901f05
8100328b
1ce9771a
7a205488
761b2ab0
586775f8
c4e9784c
a4593841
cc6dcf30
3edb1613
0794b957
dca58337
2842d46f
4a33866e
16866a86
4c3b783b
e3a7d3d0
658246ea
89fa0963
4506ba6e
e1519188
b341e999
445ee550
37871026
9b9bbf86
e6aff4dd
f9ef0c95
66571676
f7973b91
052dad82
9b5c1512
443cd8c8
e3f50277
50622a27
051f9adb
d3c3b529
4ebae340
8239c239
fb74a757
6eea5c90
8bceb62e
51d6cb84
4a45040f
727e0095
3a0b06f6
a585e470
278fa17f
79254777
1ce4ce58
337566c4
43630fc0
c4b49faf
df3aab66
b1914303
ad350e4a
fd68d9f9
657db058
5ee5f96c
9d13a3ad
1ac047ab
53e29934
4ac3065b
9a2e1803
55d70e24
1aa6e7bd
95ae877a
3b263a81
fc0215ae
261c3908
9a76f005
0d707b80
7a2940eb
1c418347
706f48fa
56f41556
89a1f4c4
eb53e212
386b3e00
0c010544
4ab2fa3c
e0c1861a
1f18ab3f
04608a9c
608ab6c7
b3b09d5a
5eabab77
4bc07b99
2a79e8b0
1b872ac6
53a7659b
67bbad51
b900f781
75925e94
0e7b322e
cb6d7b00
751c7038
b8ccb950
f94421b6
3cca67d7
1443db9f
6e565a33
5aa1a709
4ba3a3bd
33758c24
c0a6be81
47e00f2a
ec7b706d
b31265ca
5e16c396
b1395b33
33eb55ec
66e3922a
89baab6b
01ab3e39
4e557e83
58bae5b8
9ba2844b
b197d936
a1596ab7
9ad8c204
bde01d24
390e20bd
33d1586a
bf20314a
3633b4c3
3ad21f2a
cb8c3e14
c89315e1
26380c9c
3c54e162
7130036f
74eacfb5
6e69130e
58187a70
7849c0d4
9f32f311
420b7954
b2935f87
c94cccb3
08cd0a4d
f4897049
106a9dc2
75a71031
67b67263
83a62d33
d4b821da
6671560a
2a12ab19
57042837
43fa83a4
c50beb51
3d43351e
c9d1a1a1
78014bbb
1bca9aec
488651c1
12c90d46
d1520b09
57287805
4d079549
501206b1
b86262c3
6187985b
ec8c7854
69966d21
55e6ea95
7665d902
f709baa3
6766e8aa
a08c97ab
25850385
ce87e8be
3c3b4475
da695562
6c441c56
461b17a2
24431f4a
613156bb
fd627605
3b2c7a38
9a63d060
9ab5b115
d8bd1f52
18f22b23
fd817892
608291b7
4afbdb73
893eab4d
830278b3
a2b4bbb3
1967c8ac
f6cc21eb
886979ce
bc6c6867
25ee10e2
4ca8521f
1c0615ea
a8b43062
c13c927b
b90c4ba7
86bdcbf1
6c359e58
858c78d5
74384b05
7fd82b73
ebb6aa66
fb6ac5f1
1cb20e03
facaf40d
695a9852
79cc8697
b20bc6af
b7077b67
4fc2ae3e
c6a34a44
56b7a6f4
29f23b1e
1f7c03e0
e0cb4ef7
65d9aa25
b112399d
01619ad7
bc653a45
83aa6a58
38961250
c0a90f63
22231960
86ecacc9
a9b74c7a
cc7eec9c
43a180b3
31f0ef18
e77a45d4
7619843c
46d6b2bb
ab5f8566
d7b66128
5a3c3357
9f0a7926
21f1c04b
9665be25
b91916c8
c18acef0
5e56137f
aaac65e9
e5b655c6
1e5696ca
100f4bec
90729a95
845ae949
5663a15a
e91990e5
7be87114
7fba437f
6a0c7149
2dc6b046
42cf96ac
aaebcb3c
68d61b39
f35d5200
2bda7b2a
a5666649
b279358f
94952c44
3cfb2e4d
5d5cec13
966da065
7352c494
eba51766
6ca2cea2
6a49b91b
8bc8ebd3
b6325d64
052b0588
8e9d0826
32f48a65
23476f3f
8b8ef2ac
46c98c2c
2a24a33f
e4455182
82846355
476b4137
fcc7a82e
843a8db4
b1292b19
3021a80e
e888c3b9
2a9c5d42
a44293a3
2af12ff7
10894b9d
bf50873a
260c3a74
b35b9187
c1ca1bb0
c7dc86a8
75005441
d55c249b
020f5603
b983ada7
1027785e
95395b5c
63192434
12b277a0
d1e18f11
8050f08c
5a7d1a83
32d99f91
5784f18a
a26fea9d
d8ca5901
4de68a3e
3a432464
d4316599
3b986839
984a25f5
d3526d69
327b1fb1
ce77c03e
93348232
7079307a
09975724
1b6f07c3
7ce7f941
6d878005
5a580df8
92ac206c
0f9ad444
d3081cf9
a66b489d
9b73d56f
a7b18628
2ffa7a9a
0c87f578
320bb884
422a0b9f
0928ace1
987e4190
c9e85c93
025ec185
1694028b
526c2760
7a8d3900
0beb142b
9bb44d88
c6468b37
55714c04
61f14054
651220b9
54056d82
113aa824
1fc0ec28
688eb774
0e211bb3
d4c14757
7ca9aefb
0ac58a6b
4719389f
7cae5360
00e759a4
d5ceb53e
8b25c83a
4ab327b9
b237e0eb
e3a98885
62e0bebf
a6cb264b
d65d5791
2e8a38cc
d3c582c8
ec3a8f33
8649100f
f4036b5d
6a86b0d8
23f834bb
647a86da
da0514d0
783418a2
266beb2e
31452216
004573cc
9b730941
76872df5
65fb1968
3488871a
84f96443
7382bea4
d6947b82
dc3a85a1
2490464b
b7a49129
d37d93d4
30831390
6034e3e0
82be9d22
06645896
f16bdc52
e09f40c5
32aaac58
365cf18b
86de5ff0
b750691a
6b70316b
95542579
1cca7f58
af2f20f5
36e0054c
7367df8f
327b01a5
93509783
a1555c6b
eb25336f
66b49044
86309b12
6a5ed50c
1bcbcf6a
23813c89
105020b0
d25a82cb
0d516f6d
7bb85271
941ca3ca
5592b88a
fe279b46
d91e16de
8b0463d2
1221132b
dc033b8a
87ec248f
73e02d09
419a9276
2a1ac11a
d46cc14f
3cc134bb
a14af0ac
2aa28504
b76e09c2
c32b1af4
411ae5cf
b3bc3f6c
e30951f2
b15c18b0
28dc5abe
9604221a
6daf6c42
2d6af3ea
c1916920
00000018
00000001
0000002a
00000003
00000044
00000001
00000020
00000020
00000000
00000620
00000c60
00000000
198a74df
3c6e5ef8
5ad8701a
efb39bf0
e4291220
76f6c530
3d7699c9
849eb7d1
70f49189
30add52a
598c4592
828b815c
f0b052ec
308e8a54
33a4eb04
6099b727
55254125
92588e17
2793f484
39c5b3c1
27a9f213
e42532f1
f3fd243b
16182e46
512b4888
864aa0fb
8efb794a
63297c9d
f3c03cba
6cf02ead
5c1992cb
b592ad97
a32a5347
8e2dca3d
095aafe7
7927bc6c
077f1ca5
d1c08d37
06426512
d58dcbe9
f086310c
1ca9e45f
ddaad6c4
28287c31
c4744893
e251352f
d1f469a5
ac8236c1
ad7759ab
d859a727
0464f1a6
fd547742
33a02152
cba0ed3d
7bb22757
dc5e6e3c
6177d223
37786b16
01d15395
33220573
c124a5c9
ccc89708
2ee5ab2d
4b383245
a475bd39
9e7286c3
f255483f
665e22b6
2875c6ba
faabd8d6
e0881c30
2760032b
3c43a3bf
d5c4a308
a3c74132
7c35a80e
63bdb4fa
0abb3f24
b6c66663
fc6e6b0a
1005ef90
1244816d
d30b3a5c
3508449b
c3bb8a94
3ae7271c
2361c760
9d26f9ef
2c3518f5
b3f23a7f
01b157f6
f9c98a32
19e94f53
cabd6131
b617cd0c
479bcdc7
2040e7fb
a219bd05
69c797ae
e40236fc
e4b1c79b
a6c72e40
7642cbae
a61b82bc
7aeac0b6
dfa6c43d
172647dc
8d6b062f
0a5f61e4
f6ab2a66
0acaff04
dd788307
f589317a
040c242f
c70fd02c
e7fab848
51222a2a
af65a756
bcf7cfe3
8466613d
f7a945eb
c4c86583
1e44bea3
093da33f
54618f7c
5ac53ba6
4493ebef
407a0f02
72845a99
51a0079b
727669e6
b4dbfd8a
9771c0f0
20aeb458
bf652f5e
7d176823
044c679b
01a41a6f
a19002f7
dce056e2
47741e63
8b28d876
33260e95
0244e00b
538470af
93b7b970
89736024
5b80a2ac
47900ca2
66211da0
8cb1a58a
f4e10eeb
04495fa4
0b2eba5f
a3dfb8e1
66aa2650
e7caf645
4b1a7db6
1d65c726
b7b66870
f5f46dda
20950011
f88d6873
088c6164
36498c9f
b745457a
46a61b93
7da3559a
3c463417
c47d4595
493cd137
9c0d79e3
77889a18
654a082c
4b0f5b80
b878878a
705b8476
04890544
85fc4a0c
2fb9d182
1d960146
26a4cbe1
63a81780
bc62c8bb
32b99883
af71cabf
ee9d41b4
a222b6b4
8fd66c1e
6f5150c9
e0a3856c
01176a4c
016a772a
b9deceb8
9e914db5
361136fd
e9e53cf1
57f16365
cc8d35c7
36ea3e1c
50b7f097
a2533a22
4c9ca5a3
c9a9178c
0f6c29f3
61c839d1
15dc984c
a23992b8
30a05ee7
8b917121
b19fe9eb
7125c9aa
8f6890ce
628ac04a
232fbbc1
6bc7fc08
1567cc44
5befc9c0
30804f25
1a0c1a2c
a9afb9f3
427b458f
d14a89d2
60102aa0
5352250f
3ab0c351
04bcc7a2
97f7c3a4
e287230b
08493ba5
7a19d06e
062be402
e3042bb2
1411ebc1
46229196
920e904b
cb2cac72
4ec2e360
1543a5d1
020265cf
d7ac518d
8b717608
03585e24
8d918314
053f0d5a
ac403d98
4bb69781
92f35295
ad69544b
67a15697
fa4db00c
1c45ca56
fc3c1255
92b53934
9e04f884
3b5208ab
1219b34c
2dd64425
a7ce77ac
6182b0b1
7415507c
3f9beb00
95985f82
14d79a28
4036a701
09ef0f95
a368a56b
bc52d896
3ca59298
89e9ab01
3d564159
54c74e76
7c113f37
c46ea345
c6e49575
7c8b440d
211d5817
2af2b77b
51b5c34a
9da2a47d
3a7027d9
1a23b566
19953b70
e8c7bc95
67a4c455
79a7aacc
c99c6300
ab88d792
3dbb96c8
185616f5
3a428f61
ce8fc8dc
71518fa5
361b4b4e
91902c07
cb165e65
8de7e570
9e41a2c5
426b8415
ad1010c6
5ea23853
32ee9b66
25a66d57
3d737355
ead34225
0140eb82
f1776788
a043b262
750bbe51
137360b4
c00f374c
0095cd60
4fa8f904
25c78ad0
0261b775
4fc706d3
9335ab00
9d604bcc
ae21a2f2
07c8c350
90902b95
6c16cb4a
694f7158
66397c7a
6a46730a
826f0d39
78a84296
2d3d99fa
9bfc3cd7
0016bc8c
942b1b29
d1c7cf71
a2bc6db0
ac9cf796
c94a9ad7
a7c6dbc2
c18983a7
0027a54c
67250a08
1671b911
1bd50976
2fd33863
367550bc
e240a3da
49406722
4738dc45
3a256e8b
a6b66249
9b9773ea
6cad9844
b09b4f0d
59b92321
52242a94
6a53a953
b760dce2
86200162
10d0f947
a77b6c98
b6434e45
6869b92d
43a1d40c
08cb1874
116a6f14
cd2e4786
239e0753
3fcb868b
c4c3ca26
a9fb9c07
38a8d124
cbbf4610
13962c0b
452c3094
7a376382
9cfd2644
57219d5a
381bdc8f
424d868c
b4f9997a
e4b549c4
232c5a94
58b5312f
66939900
d3cb2074
0d2c7152
6e3a192c
ea0d995e
5d5592af
81533df2
13d9fb9f
29d5a8c6
835e506a
43021080
a89ae7e1
cccba310
08c849a0
4650c68e
a8969fb3
5219aaca
80a7ba8a
8770b7e2
1e2a79be
307f5885
b9f0bb7b
be599c79
641e29ce
03402541
7e3aac62
a153f504
23e7bb5b
32fc892e
8695d952
d99a1854
2a83be65
67b7e86b
019dafd5
bb128236
abc0dc3a
10e8c6e1
a9067d28
60415497
ead08056
7f1663b2
7a8a346d
29496548
7959d8c4
202cc0c3
a0407c5a
add8da70
37561b2c
15f5ace3
ac57c657
e374004c
66da2abb
36069b08
1ccdc335
d63e6ec1
95a0ca6f
828db6ef
bb383eb3
43892b65
9ac27116
c6a04037
8534b8b4
13b34460
0799b6a6
351a19c7
ae416079
c75cca9a
5348894c
d4c9c8f7
e0c973f2
919310c9
e30b1440
ba0f9615
51c08032
6771029c
03cac6f4
3b68f855
34cb389f
fccbbe14
c2022a3e
914ee46d
490f536b
7545a66d
c72122fc
c7c92163
69313393
e63dc4b4
5a79088c
17ea6da3
9ac17314
e7e46bf9
c609f37a
ec2db0ee
d0962a84
a838955f
df47d541
f2d69489
1fe082c3
e30aab19
a9e9b131
399946c6
767ba218
e23ec596
46c803b9
0d386767
35164862
26d30989
3ec0c382
70c924d6
97e12220
f28d59c4
a75b20aa
2f35c8c0
9353a85e
4ceecb33
12d77773
5dc9ea3e
aa2f600c
7ef84261
5958713b
3a38ae8c
7a488868
614b4604
e902a369
b0d2c66a
4f6b03e8
60e369e3
5f588162
5b46269b
1aa1ad85
38a15123
cd0f0076
092322b8
b09a797c
9821b67d
71c48a8c
500b6d65
e8a43be1
09895ebb
83d5599f
ad91d060
aa0e6bf6
92cc3c9d
4c99548d
8add26fb
875a3bc6
cb10a8c9
09485b4c
7d57c1cf
836ecc87
84ea677a
cde67e8e
6672a0ef
120a0522
417534b2
2a7cb333
738fc364
568ab883
82510146
05bcc1e5
1767c0ca
f9aef49f
4b448ed8
1787795e
a2a9b3d4
b8272612
807a8cb8
3fbdc195
d62ebab4
9cf4fc2b
7c706566
71269d92
487ce300
4b9fd408
334ca0b4
1e83da9d
820e0829
77e7bd57
96b75b62
bb354bb8
701ba5a0
58991f08
3e5243d2
256d23e7
9d0c8ba5
fa561c89
97669172
837a6929
5c22d0ca
c94c1ac1
c4137ea8
3e074433
895bcab9
4b36907d
a6bc8531
4c837916
2faa3227
5b3d920c
80c4b032
8dc4ccc9
347af30c
50a06825
827b3278
3d1d1345
14bc0089
7635ab7a
4b6d90bf
77803757
3b0bce97
9a198a49
7c96ba47
ab021d79
78695653
b87b41ea
79c0c3b7
345adbed
2c718147
c30a114f
9f9c333d
01593006
7a686194
e856837f
a67814a4
2ee3ac98
51a569d2
4281aa08
a429b6bd
9c6350e3
c9a23af7
cde58730
b39683db
ebbe157b
17295fc0
d7981a20
c9cb9530
c9f5ff2e
bf6ae8dc
bc532816
94a21520
52ac529b
ea17c8d2
a5b12751
f4a8daf4
01919705
37fbd21c
7879ab66
81cd1017
1c96838d
634d9c8c
723229ca
63008568
468af3e9
15fc8755
38cb6322
cfcad846
41865f76
4c240583
363b1239
f7a12ab6
af487371
c1a721a0
b2072b52
91ab8684
17a46624
7389519b
6d826411
2f5f2a82
63071074
7940f585
ad27ac48
ac404b15
3b09750d
744e163f
1723b2ea
22bcfec2
0a826252
1ce56ec6
5d31b194
b0930667
003a3b27
a5f4268a
d270f3f5
a7356b74
3fc3bb2e
d06a3560
41a143b1
213a795e
0b45d81e
acd19c00
74b6de37
654ab49a
f5b304ca
af24bcbd
25c4f13f
08fe0285
4ba21e9f
84790070
a4a12167
1c6c29a1
22add837
3928cf61
c5442937
2305f327
c87fca66
666a5403
7a1431dc
e4e791b3
014629ad
0bc78501
b16c6e13
1d917734
535e6aa5
05002518
2a6bdd7d
e0a8b1eb
f62eb563
77420d19
9878d10c
0583a6a9
064a4f38
3045b138
946a5a02
6cb77792
418fa63d
76f7141a
ad4a72b2
5b4489df
e5c3c208
28039285
111d501d
8bfb0a4c
935777bb
f5354b6f
916767c6
3dac0142
6173f80a
ac1f3d08
629106a5
c859f50b
f77cc6c1
9b5715c5
17888199
a7dc6cd2
0c892d30
2333751d
d2714945
7d314671
a2605728
8941c7f7
7562ff2a
7b109515
a0db6883
ac3bb464
245d655e
f28c984a
5e9b6b28
17c2d2f7
dce79acb
ae168850
a24ccc8b
61414945
a73bd880
833b7414
71b69a93
6cdae16e
5d17b065
a2a5b403
b7204e0b
f333d1d2
ab8b9356
6e7a3671
7247f0a4
e5929183
3cc0b630
802a0a56
22c65245
c9712b5b
d443362d
b23d0ff3
cf6c7a13
5d0a2361
a4a39356
341a8b39
d10b0164
38556ba9
c7b5cc8b
fb44d41c
c1134abb
59c78e64
a7a6f960
51d949b6
8372b01f
f51141f0
ccf16727
10a0f362
198a74df
3c6e5ef8
5ad8701a
efb39bf0
e4291220
76f6c530
3d7699c9
849eb7d1
70f49189
30add52a
598c4592
828b815c
f0b052ec
308e8a54
33a4eb04
6099b727
55254125
92588e17
2793f484
39c5b3c1
27a9f213
e42532f1
f3fd243b
16182e46
512b4888
864aa0fb
8efb794a
63297c9d
f3c03cba
6cf02ead
5c1992cb
b592ad97
a32a5347
8e2dca3d
095aafe7
7927bc6c
077f1ca5
d1c08d37
06426512
d58dcbe9
f086310c
1ca9e45f
ddaad6c4
28287c31
c4744893
e251352f
d1f469a5
ac8236c1
ad7759ab
d859a727
0464f1a6
fd547742
33a02152
cba0ed3d
7bb22757
dc5e6e3c
6177d223
37786b16
01d15395
33220573
c124a5c9
ccc89708
2ee5ab2d
4b383245
a475bd39
9e7286c3
f255483f
665e22b6
2875c6ba
faabd8d6
e0881c30
2760032b
3c43a3bf
d5c4a308
a3c74132
7c35a80e
63bdb4fa
0abb3f24
b6c66663
fc6e6b0a
1005ef90
1244816d
d30b3a5c
3508449b
c3bb8a94
3ae7271c
2361c760
9d26f9ef
2c3518f5
b3f23a7f
01b157f6
f9c98a32
19e94f53
cabd6131
b617cd0c
479bcdc7
2040e7fb
a219bd05
69c797ae
e40236fc
e4b1c79b
a6c72e40
7642cbae
a61b82bc
7aeac0b6
dfa6c43d
172647dc
8d6b062f
0a5f61e4
f6ab2a66
0acaff04
dd788307
f589317a
040c242f
c70fd02c
e7fab848
51222a2a
af65a756
bcf7cfe3
8466613d
f7a945eb
c4c86583
1e44bea3
093da33f
54618f7c
5ac53ba6
4493ebef
407a0f02
72845a99
51a0079b
727669e6
b4dbfd8a
9771c0f0
20aeb458
bf652f5e
7d176823
044c679b
01a41a6f
a19002f7
dce056e2
47741e63
8b28d876
33260e95
0244e00b
538470af
93b7b970
89736024
5b80a2ac
47900ca2
66211da0
8cb1a58a
f4e10eeb
04495fa4
0b2eba5f
a3dfb8e1
66aa2650
e7caf645
4b1a7db6
1d65c726
b7b66870
f5f46dda
20950011
f88d6873
088c6164
36498c9f
b745457a
46a61b93
7da3559a
3c463417
c47d4595
493cd137
9c0d79e3
77889a18
654a082c
4b0f5b80
b878878a
705b8476
04890544
85fc4a0c
2fb9d182
1d960146
26a4cbe1
63a81780
bc62c8bb
32b99883
af71cabf
ee9d41b4
a222b6b4
8fd66c1e
6f5150c9
e0a3856c
01176a4c
016a772a
b9deceb8
9e914db5
361136fd
e9e53cf1
57f16365
cc8d35c7
36ea3e1c
50b7f097
a2533a22
4c9ca5a3
c9a9178c
0f6c29f3
61c839d1
15dc984c
a23992b8
30a05ee7
8b917121
b19fe9eb
7125c9aa
8f6890ce
628ac04a
232fbbc1
6bc7fc08
1567cc44
5befc9c0
30804f25
1a0c1a2c
a9afb9f3
427b458f
d14a89d2
60102aa0
5352250f
3ab0c351
04bcc7a2
97f7c3a4
e287230b
08493ba5
7a19d06e
062be402
e3042bb2
1411ebc1
46229196
920e904b
cb2cac72
4ec2e360
1543a5d1
020265cf
d7ac518d
8b717608
03585e24
8d918314
053f0d5a
ac403d98
4bb69781
92f35295
ad69544b
67a15697
fa4db00c
1c45ca56
fc3c1255
92b53934
9e04f884
3b5208ab
1219b34c
2dd64425
a7ce77ac
6182b0b1
7415507c
3f9beb00
95985f82
14d79a28
4036a701
09ef0f95
a368a56b
bc52d896
3ca59298
89e9ab01
3d564159
54c74e76
7c113f37
c46ea345
c6e49575
7c8b440d
211d5817
2af2b77b
51b5c34a
9da2a47d
3a7027d9
1a23b566
19953b70
e8c7bc95
67a4c455
79a7aacc
c99c6300
ab88d792
3dbb96c8
185616f5
3a428f61
ce8fc8dc
71518fa5
361b4b4e
91902c07
cb165e65
8de7e570
9e41a2c5
426b8415
ad1010c6
5ea23853
32ee9b66
25a66d57
3d737355
ead34225
0140eb82
f1776788
a043b262
750bbe51
137360b4
c00f374c
0095cd60
4fa8f904
25c78ad0
0261b775
4fc706d3
9335ab00
9d604bcc
ae21a2f2
07c8c350
90902b95
6c16cb4a
694f7158
66397c7a
6a46730a
826f0d39
78a84296
2d3d99fa
9bfc3cd7
0016bc8c
942b1b29
d1c7cf71
a2bc6db0
ac9cf796
c94a9ad7
a7c6dbc2
c18983a7
0027a54c
67250a08
1671b911
1bd50976
2fd33863
367550bc
e240a3da
49406722
4738dc45
3a256e8b
a6b66249
9b9773ea
6cad9844
b09b4f0d
59b92321
52242a94
6a53a953
b760dce2
86200162
10d0f947
a77b6c98
b6434e45
6869b92d
43a1d40c
08cb1874
116a6f14
cd2e4786
239e0753
3fcb868b
c4c3ca26
a9fb9c07
38a8d124
cbbf4610
13962c0b
452c3094
7a376382
9cfd2644
57219d5a
381bdc8f
424d868c
b4f9997a
e4b549c4
232c5a94
58b5312f
66939900
d3cb2074
0d2c7152
6e3a192c
ea0d995e
5d5592af
81533df2
13d9fb9f
29d5a8c6
835e506a
43021080
11abc078
ca7b6160
5e248e70
f033d9ba
414fc38c
794f68b6
b75dd4ce
dd2ce77b
74d2687f
57847baf
9b31fdd0
a53f2e7a
5d70fa0b
a45b21fc
b31497bd
c67063e2
00000019
00000001
0000002a
00000003
00000045
00000001
00000020
00000020
00000000
00000620
00000c60
00000000
b67122a2
1b8507ab
52e10592
0f87bb74
40e88d74
62e7af83
eb423ca0
9b568531
c5956eb1
0622046a
099b1c28
bc95aa18
6e39c1d2
a30a5449
8eece409
e110d0d0
76374258
c8f38e21
b50387c7
e486a068
c84868c0
3a653864
4b2b1153
1c83914b
9f1733cd
1488184b
94b2fb51
c7748465
b51a403c
6caca167
ae8d2175
91bdccf0
826868aa
b4ac40ba
cc017a26
cbd1442b
c52f501d
a39f2996
65539dbe
091f12e8
c2f97858
91f5dc37
29aa36c0
bb406357
af5817b2
19b97ab8
7c0f0457
81f8921c
b713926b
e54bc3c7
577bc9b6
1caab7ef
a79661a6
c5339f24
cf7f5528
c21212ca
180750ac
e591cb46
e435b8e8
459bf79d
e69722d1
49c17363
241617ab
b503c14b
0bfa3f0b
5c43cf06
a7c84301
c4edbf6b
b8d2a8a7
127747d9
b2f489f1
93ac7236
f0219cc9
acf00022
b85c4c4a
42ac07b7
e9b70440
01a39632
213bb638
e8252698
b85495a9
77bfa0c4
1b8a76b0
aad47037
0798fb00
256e2333
2c722b50
8e4f3043
d4cc81f0
31297f48
4139ca01
93ad7372
18320299
b85e6836
e1de7146
621548a4
494894cd
63a7bae1
7ecaa773
8f2db31b
d7ef18f3
22eb6084
d11a9670
c7178833
3ad9a177
ae444b81
694e084c
17a94e73
2522f886
86acaa31
ceaaf28c
73497009
b2c5c8c4
ccf0750f
47951815
d0b005d8
2160a5bf
b0831465
656e6bd7
6e049217
c1b1946c
e394c454
60c5f66a
12a65087
281d693b
a378831d
451146b2
6977b518
93dc8412
6a16b3cb
d3f837f7
2bcc7065
1656f45f
d7fdcf13
8970830a
4dc4a362
3813cc32
5543f735
4a03c136
0b8d77aa
1e454e24
69296be9
94be6483
67a1277a
b0cadc24
9b4e9624
8021f397
40132279
e7bdbeb4
30d63193
7c2c71fd
47012749
2c276c7e
373b07f1
c3e88024
61792c38
63ce15bf
79b8c5f3
2587d323
e156a01a
92644ab3
9c37c149
ed561021
580259a6
9ad4de01
fb711394
a48ca735
76601f40
b4acca2c
7b91a2eb
c510febe
4c7b16f1
3cc0139c
c90387af
82b3a4c4
f66aaca3
8a377200
db5fb246
80cb25f3
02f8d6c2
d71a6008
b0837f57
33e2b73d
024838e0
c7ff778a
3d65ab05
ff4427b8
e48aa4b3
cc60ca55
66646093
5af5587c
c711437c
6f3f5ccd
77c81ecb
51838c63
0d580089
10feaa90
1ff9dc57
a14b96ee
e2f9ab02
38943e65
9d85837b
f86c4cbb
7ae3b59f
9e5dd875
a02ba185
6f670e44
9b5ca1d2
f860bbb4
aea8f8a8
0361f716
250a9422
0b16898d
974ae106
ac0c3ee6
4d751771
9904a7a4
590e1f39
566b5970
5009c7f1
c3f70ad7
7ed42f8d
0f9a229c
c1dabb11
2876c08e
837be9c4
98be7ba8
9b7b0c67
b5b78ab1
958a0d51
5f62c357
d26d65b2
dab05db2
67606c05
5451f6a4
7cdc6ef3
06b02291
6079f283
395c45c4
4a8047c4
e5bcc2d1
55ea2978
bcb9a3bd
98016b24
27a2344c
2fa5af91
8ea319d3
f97877b8
20f5ff76
22221579
f3400108
7028716b
2e41a00c
30338d88
1b5647cc
4c66655c
93ae9771
2bd86c47
d29843e0
a1319245
3d226e13
9d9514f0
196586b3
4296e7ba
d19f4ad1
b66458b9
b9c4758d
fc61170b
e4a3b8b7
33fbbc57
4c6752d4
fc571ff3
32bc90a5
1c1bf69a
bbb04755
1679acc4
e1761a22
e7b72596
45935dbf
e439e8d2
5a721c2b
26b3ad49
8bc5cbec
66f84bbc
55927c3c
f32c27cb
0308853b
516694c9
6e5c12ac
117b3da0
89576322
f7c06142
4bf4a605
2fc43555
46b17844
64cb8b8b
1ef0381f
b61cf6a9
e4462520
9e16943a
4ec94add
93f14999
27c77430
4b7dd03f
0c139cf5
12926ab7
aebb34a9
453c45e8
14f4dc84
aecc163f
0ce7c966
289053ac
3338193d
d9bb6254
16aba126
b10a3c09
a7059a65
bb92c862
aec918dd
fb244932
787b6f81
08b5b2fe
743f2009
0e900a54
b3530835
39b699a7
6110a82a
c66493d3
85a8c2ec
01f99568
762075b7
3b7a7b09
4aa4641b
d761359e
b1f1b235
145bfe0b
302ca3c8
a76b9949
0304e11a
a646103a
3a0fa890
13bae598
90c3da20
16dc9f32
0882e62a
9732f644
871dbf31
80eb6852
d57cc933
d0124f7b
55cbbbae
f1b8e17d
7a518231
252a131e
d4c2860d
846d47a7
7b03d370
244871ba
4b383079
24cc76bd
7b6b1304
111b096c
91d62dbf
fc8b565a
a2eb5937
bcb9c619
80ac0449
0c7f61e5
961a9bca
60599883
09e61e83
a69c6d61
127a5ba0
e2405168
ca00fd81
730b3a4e
db533a40
266895b0
0d23a984
99a3c211
70e13332
d70b9563
aad08e34
0468a8b8
653bb67a
bc2b8907
e59e873a
166287a4
fc4edb85
380eace7
603a94c9
5a903ae9
b6678355
2561cc70
3554b394
8a87304e
c9b03515
5f441792
3d97f276
0cc44e98
aa220ab9
580ada68
26ac2530
71e06aa9
3ab8973d
85ec159a
3545c566
c251e3e3
24cec8cc
28d33231
7e8c5bdd
fae96598
67d28470
095f7716
8b8c67f3
3a53a992
184a59cc
f8dc73c2
8e79ef47
021ebcb0
62b09cea
a623fa0f
a6286c04
806d17e8
18eb508f
4f713be5
c936c430
6855fb56
1c90e1d2
92eec5e9
046c7d26
012e760e
94d0aa38
a1f9f417
2b0d95dd
f3cccef4
16514967
f73f2c6b
37d76670
2174a702
477f786b
a2915b4c
cddc7e46
6f889614
b381b830
7539438d
df3ee38e
1892a686
c5315642
73a774c1
7790c2c8
3454f987
a2c374d4
003882d9
a8350c1b
1a00891c
256c01b0
201b2522
537d289d
c544b92a
a78b5b07
4e7ff42d
bc386681
c28003a3
13b3e21c
e3dd98da
98615722
cc236a45
44d7cffc
2072d382
79536960
c660bf29
09257a15
825413b0
a1cb4669
6dab0b66
8dcbb83b
7678a898
5b61a0ab
5694e71a
b8452c9b
0d994d1e
cf8e9be7
40bacc82
a05b0ea7
a03dc262
28218544
4e858524
7ec78437
25833b46
169714ab
11024bbe
e41f4efa
28439578
3087ec1d
c6426797
a162f15f
d80348e4
da771d63
7a251bad
d257b5d5
b93b8975
beb1f718
485526b1
58196380
65f57455
046ed32d
4b296e78
9a130976
fc51551a
a4dd5740
d005dfcc
60a758ee
c40f5118
44880a28
df3b6331
08304b34
a4e496b0
882d6b3e
0b12a654
a0083e28
d79afbb8
95c9b9d8
99c7154c
ca78cb0e
00d89369
3964aab1
26371903
25cd5287
98d48fa4
e345893f
7b82ba25
0f1bc310
013e35a1
798d1753
663cfecf
cb5b17fe
a0728205
b0e6d3ba
12790119
f9889edb
b21abe28
072095be
26d87ae8
0eda411e
b404617a
f11e11f4
cb170785
1d48c0f3
f83981dc
3cbc3e42
963e82a2
a7342c31
48b3aaa7
6b2db507
8a283584
66f8f3b2
3dba01f7
7bc625dc
6f64697c
22876b3f
7bcf63bc
9b4215b0
3a13f119
b3f65a5a
52584b19
1801120b
7c4542d3
aca834c9
4d258288
99d37b99
45fa3356
7fc4b300
287e2014
1b40b464
515c71d6
8917b4d0
928ca146
642ff767
0c1ccb88
c3584467
73a59031
8c619be3
07e5910f
1da7677a
ca859265
10b0192c
9024c741
08f164b1
c0f28f7e
7013c6ec
1c742dca
36bacd1b
620ea36b
17b49903
318c0974
b1626310
d190c625
2ae0f608
5e93b97d
0553124a
10167a18
8d8f6811
6091cff9
506b1b18
c624cb0c
a78e466c
b6446231
ff98f764
e99a4bf9
a18a2c6c
5f74b03e
841d67d1
7199afc8
4d840171
917f8417
44f81e26
201c275f
49e4499b
7987df1e
f5896316
c5703ed0
3745a926
aeb5dc5b
755a6a4c
2894ff09
c96fe1a9
c75fb977
a48b0f48
c055eced
16a90522
bbd88c38
424903f5
95d77ad5
44e746b8
b3ae9702
fa57bd85
4c21139e
5fca5130
9918a637
97c8d934
5a006893
2ba6127b
92f110ae
38cbd54a
15045e22
44652c2d
a15b84f6
369650b5
84dc7e7d
61502c0e
f88f22a8
0c8684c1
44b10714
377789e0
b149262f
a7c2261a
51d18756
502b7699
36370b4b
60391680
bae5f0bd
a3cf9c2f
b99e2881
23466496
35261632
dc98c045
3d7bb2bb
383f8805
457085aa
0fe55cc8
590d7c11
4b483a5b
b0b7e91b
cb8301ad
5c210e6a
93c05900
6959e458
99d63d54
4fabd737
146ba885
c46cbb99
40f8e1ba
4c26a05d
e436b884
02d4ee29
8b41e708
e36562b1
a639a207
af2fe907
62571fca
0d883271
72cda327
8782cf33
31cc409d
a41c05ea
29e972ba
a7bbed1b
a6c634f8
312a0e10
4876559b
3a34593d
a25b9a56
66e0bdc2
d172790f
8375595a
0216407e
b709cbd6
4aa86369
a3e7a747
de0dd6e0
c7157933
1bbab1c1
e0a91050
49038456
1c6c0fbb
68836b05
45c925cb
83faec10
1c4cda5f
1cffa5d1
8fe1d93e
cc046971
0194520c
bc6bac71
30443831
7bc56ee9
34497c99
057622cb
979cc8d4
cfab3885
a3ae1803
83bb7a52
b48129b3
2d7162cf
920b7da7
0cb488c2
7d23aca3
115e9024
aadaa174
ec0ad30f
c79c5920
b7b72fc8
d2693739
228aa3f6
2398c16a
e981d45f
c03e015a
357aeb6a
ca1c882e
4ca54511
b90c3957
2854cbdb
53f5c054
a5d0d8b3
f00bb24e
f27584cb
4c3bef8e
e0b05594
10849324
07d3bc24
2021f98f
d5f610b5
cf94606a
7e3ba698
4554cd31
4b195439
842caa6a
bb8650d9
8ef38fb8
049ecaeb
ea90ca8b
8647b75d
d28db275
c5df7e82
7729f943
b67122a2
1b8507ab
52e10592
0f87bb74
40e88d74
62e7af83
eb423ca0
9b568531
c5956eb1
0622046a
099b1c28
bc95aa18
6e39c1d2
a30a5449
8eece409
e110d0d0
76374258
c8f38e21
b50387c7
e486a068
c84868c0
3a653864
4b2b1153
1c83914b
9f1733cd
1488184b
94b2fb51
c7748465
b51a403c
6caca167
ae8d2175
91bdccf0
826868aa
b4ac40ba
cc017a26
cbd1442b
c52f501d
a39f2996
65539dbe
091f12e8
c2f97858
91f5dc37
29aa36c0
bb406357
af5817b2
19b97ab8
7c0f0457
81f8921c
b713926b
e54bc3c7
577bc9b6
1caab7ef
a79661a6
c5339f24
cf7f5528
c21212ca
180750ac
e591cb46
e435b8e8
459bf79d
e69722d1
49c17363
241617ab
b503c14b
0bfa3f0b
5c43cf06
a7c84301
c4edbf6b
b8d2a8a7
127747d9
b2f489f1
93ac7236
f0219cc9
acf00022
b85c4c4a
42ac07b7
e9b70440
01a39632
213bb638
e8252698
b85495a9
77bfa0c4
1b8a76b0
aad47037
0798fb00
256e2333
2c722b50
8e4f3043
d4cc81f0
31297f48
4139ca01
93ad7372
18320299
b85e6836
e1de7146
621548a4
494894cd
63a7bae1
7ecaa773
8f2db31b
d7ef18f3
22eb6084
d11a9670
c7178833
3ad9a177
ae444b81
694e084c
17a94e73
2522f886
86acaa31
ceaaf28c
73497009
b2c5c8c4
ccf0750f
47951815
d0b005d8
2160a5bf
b0831465
656e6bd7
6e049217
c1b1946c
e394c454
60c5f66a
12a65087
281d693b
a378831d
451146b2
6977b518
93dc8412
6a16b3cb
d3f837f7
2bcc7065
1656f45f
d7fdcf13
8970830a
4dc4a362
3813cc32
5543f735
4a03c136
0b8d77aa
1e454e24
69296be9
94be6483
67a1277a
b0cadc24
9b4e9624
8021f397
40132279
e7bdbeb4
30d63193
7c2c71fd
47012749
2c276c7e
373b07f1
c3e88024
61792c38
63ce15bf
79b8c5f3
2587d323
e156a01a
92644ab3
9c37c149
ed561021
580259a6
9ad4de01
fb711394
a48ca735
76601f40
b4acca2c
7b91a2eb
c510febe
4c7b16f1
3cc0139c
c90387af
82b3a4c4
f66aaca3
8a377200
db5fb246
80cb25f3
02f8d6c2
d71a6008
b0837f57
33e2b73d
024838e0
c7ff778a
3d65ab05
ff4427b8
e48aa4b3
cc60ca55
66646093
5af5587c
c711437c
6f3f5ccd
77c81ecb
51838c63
0d580089
10feaa90
1ff9dc57
a14b96ee
e2f9ab02
38943e65
9d85837b
f86c4cbb
7ae3b59f
9e5dd875
a02ba185
6f670e44
9b5ca1d2
f860bbb4
aea8f8a8
0361f716
250a9422
0b16898d
974ae106
ac0c3ee6
4d751771
9904a7a4
590e1f39
566b5970
5009c7f1
c3f70ad7
7ed42f8d
0f9a229c
c1dabb11
2876c08e
837be9c4
98be7ba8
9b7b0c67
b5b78ab1
958a0d51
5f62c357
d26d65b2
dab05db2
67606c05
5451f6a4
7cdc6ef3
06b02291
6079f283
395c45c4
4a8047c4
e5bcc2d1
55ea2978
bcb9a3bd
98016b24
27a2344c
2fa5af91
8ea319d3
f97877b8
20f5ff76
22221579
f3400108
7028716b
2e41a00c
30338d88
1b5647cc
4c66655c
93ae9771
2bd86c47
d29843e0
a1319245
3d226e13
9d9514f0
196586b3
4296e7ba
d19f4ad1
b66458b9
b9c4758d
fc61170b
e4a3b8b7
33fbbc57
4c6752d4
fc571ff3
32bc90a5
1c1bf69a
bbb04755
1679acc4
e1761a22
e7b72596
45935dbf
e439e8d2
5a721c2b
26b3ad49
8bc5cbec
66f84bbc
55927c3c
f32c27cb
0308853b
516694c9
6e5c12ac
117b3da0
89576322
f7c06142
4bf4a605
2fc43555
46b17844
64cb8b8b
1ef0381f
b61cf6a9
e4462520
9e16943a
4ec94add
93f14999
27c77430
4b7dd03f
0c139cf5
12926ab7
aebb34a9
453c45e8
14f4dc84
aecc163f
0ce7c966
289053ac
3338193d
d9bb6254
16aba126
b10a3c09
a7059a65
bb92c862
aec918dd
fb244932
787b6f81
08b5b2fe
743f2009
0e900a54
b3530835
39b699a7
6110a82a
c66493d3
85a8c2ec
01f99568
762075b7
3b7a7b09
4aa4641b
d761359e
b1f1b235
145bfe0b
302ca3c8
a76b9949
0304e11a
a646103a
3a0fa890
13bae598
90c3da20
16dc9f32
0882e62a
9732f644
871dbf31
80eb6852
d57cc933
d0124f7b
55cbbbae
f1b8e17d
7a518231
252a131e
d4c2860d
846d47a7
7b03d370
244871ba
4b383079
24cc76bd
7b6b1304
111b096c
91d62dbf
fc8b565a
a2eb5937
bcb9c619
80ac0449
0c7f61e5
961a9bca
60599883
09e61e83
a69c6d61
127a5ba0
e2405168
ca00fd81
730b3a4e
db533a40
266895b0
0d23a984
99a3c211
70e13332
d70b9563
aad08e34
0468a8b8
653bb67a
bc2b8907
e59e873a
166287a4
fc4edb85
380eace7
603a94c9
5a903ae9
bc7d376e
b3d13427
098a0748
64088d9a
05ca0bbb
7dc504b4
94dceef1
af628f49
799a7556
1f99ff38
949f9e83
5d9a1f4e
64708854
9a5c86c1
446c48c7
d5f72d2c
0000001a
00000001
0000002a
00000003
00000046
00000001
00000020
00000020
00000000
00000620
00000c60
00000000
077d7145
903a89cb
3c1b9913
bd7fe339
a4636406
94b69b0a
ee4f19e2
145432ca
b978879d
ec16a293
800c26a7
5c18b568
408df7e9
1337cbf9
b740efcd
56c233d6
907d9bd2
426c4613
44aa990f
c5ddac88
9af43d1f
91a21791
616e6027
aff5c5bf
c32e7baf
b1eb51a7
c75bfd71
2a48e029
4cef4f9b
bc5cf11f
74684102
575cc5c0
8119652a
41b43795
1145b53a
63a229a9
029d2857
042c81aa
1684b833
bc0d9270
f51f364b
3b14266d
cf88da1e
faad7bd1
a4290b28
799c1605
00b60531
00432a5e
8b80b3d0
b248240b
06b95a7e
ee84cad1
379958b5
0ab3c436
e97bf7c8
a1cac2a2
3beb6b66
cf3bb7dd
20082039
8b25cf2d
ac0afcd3
39e0a8db
c7f0558c
8e290655
6432a906
39fbfb58
489bf11b
025d2aa9
1b38551c
fc0e3bc3
61a3c408
b3d58d5f
c97f37be
95b83057
37c7d33b
fe4ba2cc
42ff6b63
3d023736
0d4ae6d5
48ad4daa
64d47a23
7755c1ca
a88b5e46
98741455
d6c7611e
185ac4f2
2d636301
b72a11e7
d772a2ca
5e2a5d19
27859b1b
89476891
82bbfaa6
0895303e
f7f1bce3
855b647c
34c4c146
64832b82
4c440261
9fa9d097
fa8c7917
259bdeb1
5e790835
58b1c29b
52477705
36b48144
f8f82845
a035f845
f1a6ace2
746f0e63
cd416367
c9cb9c26
ea2d88d6
8d3bacc9
e06b799f
f5654b6a
9e6405bf
885a68cc
3bde2f25
6e34e41e
7bce553a
b03f8376
3012dfc0
1ca5275b
685881a3
a660092a
03a78019
a0a99133
46cc6f0b
4970e9b4
787957b1
7b18feb8
3d5e3284
a3f7c664
026b4e78
2f7a121b
aa918196
5eb4ccb7
d989008c
a8d9ce14
2393128a
78974110
8ba29225
930cf021
0f21e509
ca3c2d62
7eb6e420
0b87d170
29794ab5
a27a090a
443e5c62
fc9328b6
6572698b
b385b5e1
80ab6cec
a6499465
19a2b227
61c3a9d7
4736f52d
b6c8fb86
98eb86e4
ce9b9b31
86bfd807
8694699b
ba9c6728
976903fa
7a13220b
c8b02718
94ab6845
b3d09290
7c112e4c
c3adec54
aad091a7
0e25fc9f
5b8eb06e
49de7a2b
6d184d3b
aa92e1ae
888790cb
861b9b7a
2181c542
f7586c6c
9f309e01
e996e4e5
b0004f89
89c62e36
42130839
127699b8
07f12174
4a2ae515
da41b82b
7406c2cf
f5958778
d09e1dc1
841c943f
079a8c29
8c8ccb23
3125758d
65866006
0443c3ea
2e022e3e
d344781c
fc81c719
aed7a51f
9f3921dc
d3c9cda1
4176cd60
686846e6
b3890d3c
620158a0
7cbd00c1
30ba8327
1bd223c4
ec3682c8
303db7b4
a43b9707
2dce9791
84a30b34
0775ac07
c214f494
eaaa8615
26634fb6
cdbff6e6
40931594
ab4572b3
141d8c79
05718947
bb428024
75099bc9
b3ad7eec
1d17429b
d7cee3d2
8a260b9b
202adf62
0e34221f
4a06acc4
2a694e4f
53b439a0
2bef56ba
72e76b99
f45ca4a7
b41b7604
23388c60
e822d92b
8af01e45
67d44a50
a8949867
34bf3846
952341c3
eb145b24
09b0a362
abda8d9f
f9258847
19429eb0
56132f71
4c72f003
c91a6865
6ae1c518
7679c011
926544d9
6d7bfe88
a5ce6b70
ab964a42
7fb259c5
38272778
fc9f9381
142250bd
24352bbb
f2880345
8f852564
297bfadb
10f4cfd7
330bd29e
7f53f414
2c56ca95
b17605c6
c81d9628
83c517a3
50c9ae16
2a9d2402
642d53a6
662190cc
e535f7eb
a2e17fa8
c6e94944
a05b2a7d
9434c74b
7a2b3c31
98b925d7
486884a7
b6c7d233
db1b197c
c78c30e8
7cbb9f81
08c115c9
c45e841b
a907d75f
1a8ef256
607e9095
83545c97
958fe9a0
8b304343
6b651755
d66bf4fe
8b4d835b
992249cc
d91263c1
32990010
6c374e1c
2f5cfc18
5183810a
7097b546
121be732
33bd3a04
89642b85
db07a687
73b46f77
4d9689cc
463806dd
05137a29
5801117f
b90da229
a7c08a84
83e1671c
d97a5589
12f511da
54f43c61
fec6a0e0
d2743d9a
a07c8d90
b8957836
91a2a873
8a174823
43489088
da252d91
bc29cd18
adb93c56
d3d575fc
04659341
1aac2348
4053a664
a97b9f39
13c35a2e
1a2a6b9c
7c5314c8
ed2c8bcb
3cb8a2a5
4fe06450
58a46838
88526fd9
c1377997
ee114288
207824c6
0fea079b
5820a326
c3ab5270
862c957c
4379e7b3
e5cf1a70
aad6b045
95ac0b70
776d19c0
7ea685a0
c700cb93
da744f18
99d33a57
d317caf7
b23850b1
b8e8d6a8
523b5263
abe7ba30
4c4b17b0
ef88f502
1c8c41a1
5140b169
05c9598d
992e75d6
0c9be50b
b427bcbe
fcb394a8
33a98e8a
6341a2f9
e2a002bc
13261949
7009556f
db640a94
11e9639f
5a6d12bb
7e63250a
06a4b04a
9fe9b700
71029f35
823900e4
b31562fa
2adbbc6c
8294027a
10188c81
6dd4a873
110b99e2
3626c9d8
40476756
e808babf
477a24e8
c67cf434
1c6c95e2
00a0280a
629cbfad
1f9619c2
b8e5a092
8770ae79
8dca25f9
92b588b3
67e83b97
e40eb2e1
86659600
a3e24591
723e49a8
183e90f3
12a70a70
e20ae4cf
fba7995b
206a8b65
1fcd17a9
28751922
22269c0a
e849db4b
123a4ee3
b825edc1
a725b7b0
73a7bc63
6e004522
78984780
24832259
52009a10
fa727c48
561e9acc
02a33d6d
9d2e85af
b5fb3371
48328b39
787294aa
4668a051
b482717c
0757429f
43e8b31c
12fc399a
5c3bd23e
e3088478
8423b812
2640bc9f
d5bb6289
b2fab916
622762f5
f6411ea7
6510773a
d4ca27d1
0554602b
00d83406
c97cb6e7
3727a66c
4e61c4c7
6873e883
dc96ccb3
44a8746c
ceb32125
38da247c
a4a537c2
7218a401
e33f99a8
9e863656
1907d110
440536aa
4042b5b8
0d4461c2
a253caeb
2d8bc82c
6c8822c9
65a486a3
0274da27
de18889b
81e51c18
1dd66633
f03b32be
f43a2119
08979e83
19b1e052
478eb918
35397093
5f17241e
0a17af8c
41e55435
07c9c8d6
5b56a144
0c6c1690
21931a46
18018021
3ad274aa
96b6d8fd
ac7e4293
819b241b
8f1802c6
c5698e13
acabf96c
f212c023
a4e341f7
4e7b1c95
3615e1ae
1939c5b2
5f95e24d
1b6288d1
986b81b6
ae4a206e
de1cb8fb
bc7c66e3
13592c69
fec8e063
491b4ef8
c0d4391e
cc3f43ed
2b9b23a4
6ad19f3c
16b15bc1
08ba6e82
a4360380
629157b5
774a1161
9a82ecac
29155a52
28aa1b85
20f19c36
0d44fb77
926243f9
7573a00f
ac7c7c54
cb931e88
a7843ba7
44337773
1b6b7848
46032293
3c5a6358
c9780545
770a0b28
7bd00631
d3937063
12a3160c
7a16a256
931b6b31
ae43fac9
030c7ad2
fc344ffc
6ce3c200
6926c9ae
a378cd43
080ce610
942119b3
7c72b7f5
88cbed5c
76bc7a5b
4ac04f97
567945b5
294dc6f7
a4ff6031
34b1a99c
cd1a47f8
0b6f5e76
bf54de33
a970f7a2
d3217c3a
6a4b281f
fc204aee
300027f9
85ac632f
1a7a4005
7b5b64b4
61b98314
817a78fc
bcf7cad4
15d55e91
7d294c2a
e8928b35
8777ec5d
f245f046
d331a7e8
44d93a00
244353e6
37259a97
7ad0c32b
6591f5b3
16ee3c49
b9ec59bd
c14d5524
961f8eec
3cd5b120
9ea7b4ca
923c9680
7217ad21
3c3b639f
099b8c07
80ebe7b9
4bb0d607
a513066a
1a19e8a1
5ccbd4e4
15ab9907
a8775087
fbaaf37e
dab73aac
04f70d56
a643f0de
b9742075
7748093e
b33095ca
169b4ee4
52b16f37
6633aca3
0cd182b1
44d53e51
565425b9
58582d63
6d291cb1
8d950b71
40cfbdac
197ba6c5
79abc107
66954623
194ab928
b7034bb2
774bcdf6
4e31b23e
1a2ea3d8
fc7206fa
76377b5f
af8b378d
01318b04
4b98885b
7b07250c
296d7afc
92702abb
f86aa905
b8bb6a24
928c8474
1617aa62
229ac6d2
b1e05b05
380d27f0
f8234562
cd410146
647bc838
4bc0cbd2
21f3bd83
a656560b
cb10613b
305bb6c6
f68bb931
e2eec0ea
2ad23208
4ab6238f
18bc2468
0f055777
93511b4c
e74aaf28
5648084e
37ba620d
d186a00b
74b6e875
781db43c
fa8e52f1
61c5e542
509e16ae
46a13721
9849f26f
2f06d572
138abd64
3385db92
c085dc71
9467cd89
2060be8e
4a5a38d2
a0fc57e2
2884450c
ba66bcd1
c5afa98b
977010b0
b785869f
da5b7b4c
b94379c5
c9ac82d1
b078145b
1db821a6
3e2b5317
8140b0a6
7c7ae314
2c4a7a16
5926046c
0d7301a3
1b50c8c7
d0934665
3360b739
8a2a4cb7
1a058e11
61030f76
2742f228
8b15a93b
3465bb7c
ca9ef5e5
506c29a3
6b693795
bc6835a2
ba3096c4
67c73693
247c96ee
261bb219
0710a468
ed9c91f2
28a79d4a
31db3d37
77912459
ba2421b1
22869b9d
cb393cba
339db068
16311941
a206361f
d1a2a238
cfc28946
b443c0d2
2b5fbfc4
9fea14bd
42b050d6
d06e9e9b
a5148c68
052076ae
56bc9809
84061a9d
c4b9596a
5bc14b73
161ac578
3a24b353
ecf64263
5a72fa45
ce07511e
a8a119f3
3211cb10
6e0ed3dc
767b8575
5b43292e
f7ca2c27
6b717fd6
48614720
3461e919
d8261a38
9f851d12
ca48a07d
73bdbe84
625300cc
8e9deb75
285b4f7b
83f77c7f
c5549784
729ba648
2673d6b1
c10f88ce
99ec2fe0
0860d958
ea2bf8ec
c7d541c0
bfc8dbb6
449ac5a9
b6d5a364
afd60aae
eb0f646a
b54e8d25
1b6cc7b4
23c83b48
92943856
be609e88
077d7145
903a89cb
3c1b9913
bd7fe339
a4636406
94b69b0a
ee4f19e2
145432ca
b978879d
ec16a293
800c26a7
5c18b568
408df7e9
1337cbf9
b740efcd
56c233d6
907d9bd2
426c4613
44aa990f
c5ddac88
9af43d1f
91a21791
616e6027
aff5c5bf
c32e7baf
b1eb51a7
c75bfd71
2a48e029
4cef4f9b
bc5cf11f
74684102
575cc5c0
8119652a
41b43795
1145b53a
63a229a9
029d2857
042c81aa
1684b833
bc0d9270
f51f364b
3b14266d
cf88da1e
faad7bd1
a4290b28
799c1605
00b60531
00432a5e
8b80b3d0
b248240b
06b95a7e
ee84cad1
379958b5
0ab3c436
e97bf7c8
a1cac2a2
3beb6b66
cf3bb7dd
20082039
8b25cf2d
ac0afcd3
39e0a8db
c7f0558c
8e290655
6432a906
39fbfb58
489bf11b
025d2aa9
1b38551c
fc0e3bc3
61a3c408
b3d58d5f
c97f37be
95b83057
37c7d33b
fe4ba2cc
42ff6b63
3d023736
0d4ae6d5
48ad4daa
64d47a23
7755c1ca
a88b5e46
98741455
d6c7611e
185ac4f2
2d636301
b72a11e7
d772a2ca
5e2a5d19
27859b1b
89476891
82bbfaa6
0895303e
f7f1bce3
855b647c
34c4c146
64832b82
4c440261
9fa9d097
fa8c7917
259bdeb1
5e790835
58b1c29b
52477705
36b48144
f8f82845
a035f845
f1a6ace2
746f0e63
cd416367
c9cb9c26
ea2d88d6
8d3bacc9
e06b799f
f5654b6a
9e6405bf
885a68cc
3bde2f25
6e34e41e
7bce553a
b03f8376
3012dfc0
1ca5275b
685881a3
a660092a
03a78019
a0a99133
46cc6f0b
4970e9b4
787957b1
7b18feb8
3d5e3284
a3f7c664
026b4e78
2f7a121b
aa918196
5eb4ccb7
d989008c
a8d9ce14
2393128a
78974110
8ba29225
930cf021
0f21e509
ca3c2d62
7eb6e420
0b87d170
29794ab5
a27a090a
443e5c62
fc9328b6
6572698b
b385b5e1
80ab6cec
a6499465
19a2b227
61c3a9d7
4736f52d
b6c8fb86
98eb86e4
ce9b9b31
86bfd807
8694699b
ba9c6728
976903fa
7a13220b
c8b02718
94ab6845
b3d09290
7c112e4c
c3adec54
aad091a7
0e25fc9f
5b8eb06e
49de7a2b
6d184d3b
aa92e1ae
888790cb
861b9b7a
2181c542
f7586c6c
9f309e01
e996e4e5
b0004f89
89c62e36
42130839
127699b8
07f12174
4a2ae515
da41b82b
7406c2cf
f5958778
d09e1dc1
841c943f
079a8c29
8c8ccb23
3125758d
65866006
0443c3ea
2e022e3e
d344781c
fc81c719
aed7a51f
9f3921dc
d3c9cda1
4176cd60
686846e6
b3890d3c
620158a0
7cbd00c1
30ba8327
1bd223c4
ec3682c8
303db7b4
a43b9707
2dce9791
84a30b34
0775ac07
c214f494
eaaa8615
26634fb6
cdbff6e6
40931594
ab4572b3
141d8c79
05718947
bb428024
75099bc9
b3ad7eec
1d17429b
d7cee3d2
8a260b9b
202adf62
0e34221f
4a06acc4
2a694e4f
53b439a0
2bef56ba
72e76b99
f45ca4a7
b41b7604
23388c60
e822d92b
8af01e45
67d44a50
a8949867
34bf3846
952341c3
eb145b24
09b0a362
abda8d9f
f9258847
19429eb0
56132f71
4c72f003
c91a6865
6ae1c518
7679c011
926544d9
6d7bfe88
a5ce6b70
ab964a42
7fb259c5
38272778
fc9f9381
142250bd
24352bbb
f2880345
8f852564
297bfadb
10f4cfd7
330bd29e
7f53f414
2c56ca95
b17605c6
c81d9628
83c517a3
50c9ae16
2a9d2402
642d53a6
662190cc
e535f7eb
a2e17fa8
c6e94944
a05b2a7d
9434c74b
7a2b3c31
98b925d7
486884a7
b6c7d233
db1b197c
c78c30e8
7cbb9f81
08c115c9
c45e841b
a907d75f
1a8ef256
607e9095
83545c97
958fe9a0
8b304343
6b651755
d66bf4fe
8b4d835b
992249cc
d91263c1
32990010
6c374e1c
2f5cfc18
5183810a
7097b546
121be732
33bd3a04
89642b85
db07a687
73b46f77
4d9689cc
463806dd
05137a29
5801117f
b90da229
a7c08a84
83e1671c
d97a5589
12f511da
54f43c61
fec6a0e0
d2743d9a
a07c8d90
b8957836
91a2a873
8a174823
43489088
da252d91
bc29cd18
adb93c56
d3d575fc
04659341
1aac2348
4053a664
a97b9f39
13c35a2e
1a2a6b9c
7c5314c8
ed2c8bcb
3cb8a2a5
4fe06450
58a46838
88526fd9
c1377997
ee114288
207824c6
0fea079b
5820a326
c3ab5270
862c957c
4379e7b3
e5cf1a70
aad6b045
95ac0b70
776d19c0
7ea685a0
c700cb93
da744f18
99d33a57
d317caf7
b23850b1
b8e8d6a8
523b5263
abe7ba30
4c4b17b0
ef88f502
1c8c41a1
5140b169
05c9598d
992e75d6
0c9be50b
b427bcbe
fcb394a8
33a98e8a
6341a2f9
e2a002bc
13261949
7009556f
db640a94
11e9639f
5a6d12bb
7e63250a
06a4b04a
9fe9b700
71029f35
a527ae49
bb680c0f
4c677068
601896a8
ab9a6e1f
648806ae
c93a9965
b383e939
5f980e93
ca424131
3f588745
3eb6cf21
0f9e4690
71c3e2d8
eb37ab13
432f66a6
0000001b
00000001
0000002a
00000003
00000047
00000001
00000020
00000020
00000000
00000620
00000c60
00000000
4dad7bd3
c95f2a97
1bebb092
c720aa07
ac7b194c
25dc3a03
a0832bae
a11faa8a
1321d8c3
41beda4d
c12c6fc9
39953a77
9d635315
01562c23
9a954bab
0211d7d0
a96b49b1
bea5c8b4
26a2013f
825948c4
0c9ae317
4f323362
f088938b
a9401318
5931822d
91d83e05
8d72a2ab
ab0d1314
418fa4d3
4e5b18ae
7a2b59f0
cbed4967
ac9111a4
319251a0
34490531
7833b481
291edc49
8222960a
19e16b3e
7d6adc6c
06b53f84
0e85881c
9a3a66b7
50b2b918
3ea35973
00836370
044089a8
3135c941
ec7f652d
b7f2c15a
91531f8b
844574a5
08b5b0eb
9db10cc9
7d6299f9
6294610a
8db58744
7a6b2a1f
b3d9beca
1708be71
0a079a2a
94ef2850
6fbacf19
d4c5a345
691e6732
a39c8dca
722a28ac
79b27e81
55c89e50
847044ba
01589360
1b40b8be
5fa562a7
96f53a3b
61d6bf55
9031a03c
82753cdc
51203c30
e7316744
851e9032
1574a81f
42c4bc90
773a4d52
b0858c0b
e6b4eace
2bb71ffc
9644fe86
f09778ee
551ba40c
2683949e
0478f7a7
b5068f36
11a1271b
5b91631d
041951d9
99e0734f
e9bc2b49
c50fc448
bbfb2761
ef25682f
e9f8195a
2b09230e
8dc481f9
6ab5ac93
58c6724d
9592c600
b66d1f1c
43f82f8a
1482c85c
b28661d0
6725e01e
9622e98c
654317c0
0bdbef0c
f91c7b9c
b37b5824
4113cf90
265c2250
bb2253b5
69d2a569
4b45eae6
2b18cc53
a549b236
0546a1c2
77b75b47
63bcba82
7b5c33e8
5b6319e6
a51af282
89361259
f6902039
41722195
15504c62
497da537
a032563d
db7ad93f
989c7551
774c6f9c
974e173a
b6e32a8a
3adb9914
ad8fe835
e027b561
be49970e
916b36ae
5b686285
6a3af6cd
b84078a0
820a65a1
8191a23b
0272b18a
c4402375
335c47a8
5e2c48ee
851e30a0
3c72a0a1
796fd308
34c635b9
acd72139
4713b6c2
d2af8eb5
9e143d91
223fa929
fcd9cc64
1a976671
647e4a2e
02f7aaa1
402a36c8
82728503
564170db
bbc0f36c
98cd920a
5a682ca2
c824e56a
c473659e
8c94939b
cad3567a
ef000268
e34f5bd3
2d7bcc0e
8d2cc4fe
19338050
15183386
e5645b4c
c8ed78b7
c60513a3
5a002322
43b4ae81
bfb23657
7f89673b
a7991f03
55742446
fa1054b1
d445afc7
cda7aa37
53a67bf6
fa6ab775
6bcc171d
a56b075c
449c24f3
a2cb3ea5
ca514bf7
d2374274
417b4396
9421171a
cadf8a10
15b53004
f1419a5b
4b7c16c9
3516e841
2655a88f
07f31298
51e98d91
df169a1d
c12d1c11
0326e0c6
dc5388ae
92704d8a
0c102e8d
8910b6a3
f0c012e6
a34266cc
a309373d
f43a5851
4038f0cf
2a8f153e
fb894732
835bd2c9
6a3e2461
71939a27
25c15685
9a5d149d
a57413bb
aff22031
c99d2cf5
d83d6559
3723353b
2f3d9161
b9d195e4
a961e6c0
f8a1d382
706f24ec
bb889710
85b122a8
045337db
ae692d4e
af8f4271
78f60bf9
3dfae372
bf71a754
57673f4c
6c294888
7f534c3a
63c80380
8c385183
1f9f190c
dae22fc1
29d99d3c
7e3b0857
6c06aac4
4ae19fb1
53bf18e4
77fd1cc1
c6795d62
a17030a8
8562a7a7
0e461878
dd909ac6
b3e5bde8
3207ca92
6662a48b
1466b0d0
2ee48714
8f422cb8
96487c7c
81f17627
b122e1b8
dc92c458
234a00b6
1259b4b0
e18f296b
87aa366a
67a746ea
c2f25a54
0a26e32e
5f87188a
f1c605b6
73e5d6be
9f2a80c3
fa792198
b113ff94
a5aa2337
148d8ef8
c7846c8a
40c0c4cb
55c45cd3
61799d9e
616ff832
c4041339
3a584678
9693bbb5
18e1b3a7
0a49a11e
043ef5e1
f10b73fc
99507e44
3e855ca6
322e7364
96a3b147
712da1cb
d18b5aa4
7ae8f54f
cb4642f6
f4334d32
13697906
6ab2714c
3274c23b
267a232f
9db4363e
b004c58c
aa4c167d
2831d065
f3d22fc3
38b4cb0c
0d8982fd
0abd86b0
8d144d12
a39795ee
52c092c1
92f20e3f
5b925372
867d0823
4a224e9d
ef602c76
ba4b7508
1fdb6122
3e9c8972
e2c1986a
0a17631f
483a57de
607c9221
83259b89
1a77b14a
7ae0162b
c9668d9e
6d257136
712a3628
7a83ce3a
5047547e
7c8fc560
6c484a06
4ba0e1e3
240e2c15
4db4943c
59c47785
73497387
655553b0
d2537436
69b51ee9
4dbc9fa9
2f2f479e
fb73adbb
b3850539
1446c065
d6d228cb
28fca4c7
e689a601
6adb1652
97eab27a
cfc74690
3a284007
c1b8d29e
c9c67c2b
08319aa5
b458ef63
99691340
f2fb5e78
48a5bd6a
2950c126
03f70d60
b241946f
f097c969
92b56f0c
67f39da2
d29b99b0
1ef5b3e8
18146670
99694dc2
bcbdf50f
f1aea0de
7cf5af0c
cabf6b0c
249f01d5
b9d0cf62
0a915e9e
c2c7badc
f0449749
92f15f00
9c56a6d4
1a08aaf8
320c9140
5d46f110
f19c1648
6a90ebb5
38b1c09c
7295a8f6
9c78b0a7
ac8fe1fe
18df2fd8
5617fd8f
cf08d117
85d11b2a
1123493a
b8177477
d6fd427a
483345ba
1d4315d2
9b53c495
1dd15619
db5b8325
a4f05009
b4601591
9108590b
83a37bb5
4c3c8523
3c128710
46f52680
325b657e
783e1971
768703eb
057ada72
cf7f8671
e9132df1
89f6516c
d98d3bda
86d069d0
6e66c19d
6e900c7c
d3467863
b365405d
e3bc59e2
234e084b
a4aa325f
f5c760a4
567344ec
384be183
a869309a
38b3baa2
a58cf6b0
6f939129
81e77885
46639dbc
a200f285
2cd13118
841bc204
52ae08cd
563ba8a2
9087ce0b
dd8a7c99
6939ba13
b4988b70
8a56b8bd
e3d65791
36429f09
20004105
f493987b
c03b6a64
cb990a83
45897511
5f27b339
8d3ac2c1
ab992cf3
9441cab7
4f9bf386
67145d1c
ca13261b
55b6929b
88083750
9df1a82b
2c0a36f5
920d2b7a
78c1cd39
52561756
d2f49735
71312e63
60102012
d40c3ba3
20d3bdbe
444a2453
f15f9345
85e7b084
ad6e2b32
96333141
aa055b14
161cc0c6
64620166
a40bd3a0
2a02477e
b0bb8331
1d608e79
cd21401c
353c868c
93d2249b
fca11c35
3c6f0b77
b7b2532d
220b5a13
e44958f4
a321ec54
7fa99cfc
b1848cf3
7bc9ac49
808a8775
395104f6
6a24779e
e3c0d155
e25559a7
6086e811
f05579ea
02175bc1
baac0001
ae1951fd
844d42eb
18ec4426
0f0a73ca
3ae383b9
ad62b5ac
7e44581a
6b377c0a
91387b22
20ac960f
783b456c
93ecac85
c2cf0ad4
a35b99a2
808a7a2b
7252e9ed
2ba99432
79977c97
df9a68f2
36035034
80d3c368
d513f19e
763fbd40
c73584c0
eebca76f
cc6f6e5a
64095ca1
8239c23f
ccab6521
3ff4f54e
6038d5d1
71b583d5
251aa659
8651c7cd
956cbcac
9f69794a
b57a6422
a47f6289
b45093ae
2a6e882e
390f4ef0
78650f25
63be9a7c
01593cc2
9929bd35
5e35c780
aca85e44
6460420b
818f9035
f595cc04
1fa59806
64afd0b6
a32dbea7
4e9bb818
5745d18e
28546351
2934463f
7b03abcd
26e34624
56a13f3a
5049a9cc
625abf6c
75ea421d
e5b14a1c
aae72ad9
916a70a4
dd1aabd6
8b7a7086
162224a3
16528ba1
312d9ce3
9ba9fa4d
aa7bc894
d4e464a5
b014da77
c90cc6ee
96f35af4
5c62ff5f
e0ad1979
8ac8b10a
22124772
1c16b40b
60c62287
6af0772a
6434461e
f8f8b1a1
33c55da6
bb4bda89
a480836a
ce5cfa6a
4b8f8915
952a95a4
8b6bef33
7e87c883
06624714
a8946968
23cee757
3aeaa937
a9471502
ef590cc7
22535ca7
74d05490
6899f4b5
68fa3c53
0b7aca6b
f75b1a79
8ccf95e2
7198b945
a3bcc72e
d48e2273
48dc2432
617b7981
4aa18e02
008c366b
a9987976
f0cb37cb
2f81e385
c69e2436
db2e91c9
c990a20a
a405540c
ec4894da
2cc507c0
dc7238b2
f2438f38
a5f4f9a5
3c049cce
d3d72c49
52dc3315
8430740e
03c31dc5
9e825812
44806107
c26b6904
621627a1
388304fa
98f267b4
71c1ffa8
31134b5b
1c0b1ec7
122b9d78
efa7560d
89e90137
abd9fe11
936ca0bd
89ffc2a1
090b1453
440873aa
610d87c3
9903f5a6
23589266
80d76d3b
7f67c9a4
4fac54e4
f5774172
ad510809
83cac8d3
019019ca
96293751
bb45ac15
f165c636
6f42994d
c688b7e2
f327ace7
1c29fac6
e29d1192
62784b80
7642dd7a
08091854
c23c7074
a3786028
742f3c3b
85809211
74e7d888
de8d42d0
bb950b42
1df8d855
65a07a2b
c5728201
55ea0e19
793aecd1
147aba72
1f62398e
04bfac6b
bbf10688
924c06cc
60671bd5
98cd9163
c1bcba2b
be4de8d3
680344f8
4bf21149
5650f95a
0c3a7572
08008857
ac0d8ce2
80323dab
cf58d989
e07d6598
243e057a
bda58213
e179458c
e6980798
5ab36611
ec16b4b1
128d99d3
7542ba9d
dc451a87
458ac4a7
78b58247
5b3ce86a
a27bb8e4
16c88faa
5765aadb
ccf44043
81d72433
455b5363
921d5327
7ddc4e7a
ebc9aca6
485ecb4c
5f76ba17
ec5ff5e0
2b90ad37
3b4cb3b9
e63068d9
d6233a96
2b576cbf
5856a1ad
f14f3a20
9da1fc43
da30f8f1
267b883c
1817655b
6f186429
59a656e7
c3a7368f
900c00cf
a6890c61
0a05d5b5
69caf3db
0301ae70
6eb015c5
93846281
387373a7
9ea5efb8
719e42aa
72d9a7da
b1ca8927
8a4f5c51
4c1a1edb
72865fa2
8d270114
57bb1aa0
72211693
4dad7bd3
c95f2a97
1bebb092
c720aa07
ac7b194c
25dc3a03
a0832bae
a11faa8a
1321d8c3
41beda4d
c12c6fc9
39953a77
9d635315
01562c23
9a954bab
0211d7d0
a96b49b1
bea5c8b4
26a2013f
825948c4
0c9ae317
4f323362
f088938b
a9401318
5931822d
91d83e05
8d72a2ab
ab0d1314
418fa4d3
4e5b18ae
7a2b59f0
cbed4967
ac9111a4
319251a0
34490531
7833b481
291edc49
8222960a
19e16b3e
7d6adc6c
06b53f84
0e85881c
9a3a66b7
50b2b918
3ea35973
00836370
044089a8
3135c941
ec7f652d
b7f2c15a
91531f8b
844574a5
08b5b0eb
9db10cc9
7d6299f9
6294610a
8db58744
7a6b2a1f
b3d9beca
1708be71
0a079a2a
94ef2850
6fbacf19
d4c5a345
691e6732
a39c8dca
722a28ac
79b27e81
55c89e50
847044ba
01589360
1b40b8be
5fa562a7
96f53a3b
61d6bf55
9031a03c
82753cdc
51203c30
e7316744
851e9032
1574a81f
42c4bc90
773a4d52
b0858c0b
e6b4eace
2bb71ffc
9644fe86
f09778ee
551ba40c
2683949e
0478f7a7
b5068f36
11a1271b
5b91631d
041951d9
99e0734f
e9bc2b49
c50fc448
bbfb2761
ef25682f
e9f8195a
2b09230e
8dc481f9
6ab5ac93
58c6724d
9592c600
b66d1f1c
43f82f8a
1482c85c
b28661d0
6725e01e
9622e98c
654317c0
0bdbef0c
f91c7b9c
b37b5824
4113cf90
265c2250
bb2253b5
69d2a569
4b45eae6
2b18cc53
a549b236
0546a1c2
77b75b47
63bcba82
7b5c33e8
5b6319e6
a51af282
89361259
f6902039
41722195
15504c62
497da537
a032563d
db7ad93f
989c7551
774c6f9c
974e173a
b6e32a8a
3adb9914
ad8fe835
e027b561
be49970e
916b36ae
5b686285
6a3af6cd
b84078a0
820a65a1
8191a23b
0272b18a
c4402375
335c47a8
5e2c48ee
851e30a0
3c72a0a1
796fd308
34c635b9
acd72139
4713b6c2
d2af8eb5
9e143d91
223fa929
fcd9cc64
1a976671
647e4a2e
02f7aaa1
402a36c8
82728503
564170db
bbc0f36c
98cd920a
5a682ca2
c824e56a
c473659e
8c94939b
cad3567a
ef000268
e34f5bd3
2d7bcc0e
8d2cc4fe
19338050
15183386
e5645b4c
c8ed78b7
c60513a3
5a002322
43b4ae81
bfb23657
7f89673b
a7991f03
55742446
fa1054b1
d445afc7
cda7aa37
53a67bf6
fa6ab775
6bcc171d
a56b075c
449c24f3
a2cb3ea5
ca514bf7
d2374274
417b4396
9421171a
cadf8a10
15b53004
f1419a5b
4b7c16c9
3516e841
2655a88f
07f31298
51e98d91
df169a1d
c12d1c11
0326e0c6
dc5388ae
92704d8a
0c102e8d
8910b6a3
f0c012e6
a34266cc
a309373d
f43a5851
4038f0cf
2a8f153e
fb894732
835bd2c9
6a3e2461
71939a27
25c15685
9a5d149d
a57413bb
aff22031
c99d2cf5
d83d6559
3723353b
2f3d9161
b9d195e4
a961e6c0
f8a1d382
706f24ec
bb889710
85b122a8
045337db
ae692d4e
af8f4271
78f60bf9
3dfae372
bf71a754
57673f4c
6c294888
7f534c3a
63c80380
8c385183
1f9f190c
dae22fc1
29d99d3c
7e3b0857
6c06aac4
4ae19fb1
53bf18e4
77fd1cc1
c6795d62
a17030a8
8562a7a7
0e461878
dd909ac6
b3e5bde8
3207ca92
6662a48b
1466b0d0
2ee48714
8f422cb8
96487c7c
81f17627
b122e1b8
dc92c458
234a00b6
1259b4b0
e18f296b
87aa366a
67a746ea
c2f25a54
0a26e32e
5f87188a
f1c605b6
73e5d6be
9f2a80c3
fa792198
b113ff94
a5aa2337
148d8ef8
c7846c8a
40c0c4cb
55c45cd3
61799d9e
616ff832
c4041339
3a584678
9693bbb5
18e1b3a7
0a49a11e
043ef5e1
f10b73fc
99507e44
3e855ca6
322e7364
96a3b147
712da1cb
d18b5aa4
7ae8f54f
cb4642f6
f4334d32
13697906
6ab2714c
3274c23b
267a232f
9db4363e
b004c58c
aa4c167d
2831d065
f3d22fc3
38b4cb0c
0d8982fd
0abd86b0
8d144d12
a39795ee
52c092c1
92f20e3f
5b925372
867d0823
4a224e9d
ef602c76
ba4b7508
1fdb6122
3e9c8972
e2c1986a
0a17631f
483a57de
607c9221
83259b89
1a77b14a
7ae0162b
c9668d9e
6d257136
712a3628
7a83ce3a
5047547e
7c8fc560
6c484a06
4ba0e1e3
240e2c15
4db4943c
59c47785
73497387
655553b0
d2537436
69b51ee9
4dbc9fa9
2f2f479e
fb73adbb
b3850539
1446c065
d6d228cb
28fca4c7
e689a601
6adb1652
97eab27a
cfc74690
3a284007
c1b8d29e
c9c67c2b
08319aa5
b458ef63
99691340
f2fb5e78
48a5bd6a
2950c126
03f70d60
b241946f
f097c969
92b56f0c
67f39da2
d29b99b0
1ef5b3e8
18146670
99694dc2
bcbdf50f
f1aea0de
7cf5af0c
cabf6b0c
9d1c115d
9ea794bc
cefca97a
488ecac7
586c1513
d30aeea0
0debd503
c8092bc8
859b8307
d5dd9246
cbca890a
88ee92ec
dd2afe8b
fc6eab17
1b024b00
90f207fa
0000001c
00000001
0000002a
00000003
00000048
00000001
00000020
00000020
00000000
00000620
00000c60
00000000
a8541632
03b75023
6295777c
7498d3d0
ba958ce9
51c7a0cf
7d1df881
ab48c2d0
c44b315d
6c1bfc39
71209881
9a45dc0a
a5876040
bb420d59
ad31e420
29741373
f8639ada
5d8be386
6863bc95
603c34ca
9662fb08
ac0ed812
111c4b57
5b54c620
656a9678
0924a442
81b3ed5f
348bb59a
110a24cb
78c71d66
ff05d153
dc3f6663
7b193f98
14504302
88cc5ec4
26009eba
473f736e
08d797c7
a1e6822f
26beccca
970d92ea
65048775
0410448f
f9564c4b
04f00232
cd4be121
25cb1e90
a7d33696
9372717f
256b1970
8d17d8ae
c4838b45
b715ba3c
6a9bfbbb
cd5d34c8
2bf550fc
3388f603
0464abbe
fbcf2aea
7bf2eb00
5753034a
c05188ec
26b1e77f
b6c8469c
90683d6a
4bb0f898
835849ca
64cb3ed1
68f83a5a
cb33e550
2aa84d67
10e0396a
1085ec19
54c69abc
60326a4f
5a70c051
fc094583
75f66a18
eb060ca2
ac597953
1b992a30
fb3f35ca
5c479f88
aeb96f77
bb435503
e4c67485
b935d601
7bc45137
ab9e1034
2c4c9956
d56c2412
111a8e21
9868138f
69c239e5
9cee9458
7310148f
b0a56324
1b5ccd7c
8d782371
80a5a654
eacd84ab
85845734
fd755ba8
87e52378
a73c2a01
f85c07e3
eb926627
0f0b7560
180cc662
516a6161
36555377
40a7d7c1
c332ac48
5fe22b06
105a2a17
6838a294
4b456fc3
6d7dd6c4
6155c0d9
85f992b2
b38023a9
7c2296f2
8d92f292
ed5f9271
3075b233
83a94a4b
8831da1e
fbca78b4
ac548206
8326c3c2
75fe5ee7
3338de67
1d076926
e0e549f2
a563e45d
b127d265
b8763591
3b47f064
0621ca9c
b0822e06
3a36ba48
75b38a09
e8d64ea6
51f7c2b7
a8392912
22fd07ac
2b63e8c9
5e2b19d9
d8dfa7e7
8a6180b8
8dad06cd
d60f1372
a4417abf
891ed7f4
12b64bd0
46a8590b
08136073
05b81316
3db15682
4b181463
0b9695b9
7043ea18
feafeb42
16be3e08
0103268c
9074a3d9
acc24c16
43891837
2dc96813
fb2b783b
6081b84f
13a84158
4b9b6d66
8d00f728
82ab523e
e732147b
a81a0ca9
f2abb4b8
4cc88a47
6b08af39
fab0b62b
6c7015ac
0035e939
bb127185
b8859b27
8e42f994
8237d02f
98a80e4a
9a4b7fa4
118b5857
c8f8aecb
7bb65720
da5bf3fb
18876e68
187212c3
6d9aa979
2c9209dc
6dd8e1c5
42b3e0aa
699b8ca4
a7938349
e84f86f5
75df768c
bb9522bf
2d0e3449
6be366e6
b82134a1
b184962b
82faaf03
82e38689
5bc59b1a
e17947c0
a7348b3a
7a4262a6
3363be27
27164822
da10eaea
eb874b54
66775f6d
909006c7
398d73e4
699913cb
82cfb5fb
592c0633
6c27c06e
175d3cfb
429859ca
2e875e80
c4bf8b8a
29bf5c5c
c160949c
826caabc
4412112a
0070072b
3cbb764b
94879027
abe5037f
34a64477
f52e2973
3128c98c
c60a4aa5
9941a124
7ed708bc
0abbcc57
d5ef4849
91240161
048d45d4
c391ba24
c1fccd38
c815aa7d
5b996e22
7f722b95
8002d721
3c1d0ea4
55777a93
cb02d5fd
1622b8d7
56a397cf
208835d4
9c687c72
3fb38807
e6237425
32450a24
cb5b226c
63cf9bc8
85a78923
59fa4c35
a13d9632
725ebb6c
9b647285
ab90495b
97d3573c
097a1c96
21c29644
d2f94ab2
2bfae460
0f901661
e4bb0dd4
2e9708b4
c18a858f
91ca67c4
8ba01d1a
0240829f
923d9f96
2a44b24d
2a4fd680
d9eda439
c0b3f0a1
cd67ca44
f44a6635
1e70e0b9
02b2c3ee
99b18f59
5cf630ae
b8039319
a5c18292
c2113c89
901201a6
55f4ab33
8c261167
e4a19b42
022b46a0
b0f1a405
745f17d9
631992e8
8f45be65
8396c1d2
5359965a
62796778
8e8845bb
2151ae31
a4ea21b7
eeaff7b7
88a68396
c60c2d99
6a05a2e3
dce98b14
9f57feae
b3518ccf
d3b69998
5ab6881c
48b9b082
d1d1cce9
89395f65
4531b0e2
47e6748b
55d11690
3fb66bff
04b939db
61240dca
fb16ab5e
c5045504
93f76fb5
a0b655fc
d7595a80
b3517f69
3973f4e8
95f7077c
0ab7a8b2
ba750adc
91b60a17
0800ac8d
db3bf27f
c9807185
10983e4e
70b74248
a97ac85c
83755c1e
46a9f468
25235613
345731c4
3457f1ef
d2b31277
091bf950
52c6d3cc
d1dbcf5a
9c7a7b08
19044760
c45b8207
71a14783
b74566a9
e11b5491
bf5091ab
675835bc
a76e1f10
79116b86
11606498
162e49b5
786bc29b
03abcb24
176bacca
3a42245d
ceae69b9
f0bf0030
702c00a8
8b935c92
f854871a
8f601421
c9107b21
d7f6a71c
c6761288
aea5121c
2c75cab4
a8055da0
a137ca7e
99243375
7efad809
e4c85852
6f81cf6d
f2a8939a
9268e390
7aacb441
177451cd
f4bd75e8
3cd6dab3
eca9e478
227f1c92
7ddbb2c0
10c888c1
470760cb
c369672d
205c9039
71c213f2
0d046e70
e506e555
0cd5cde5
9374b864
975474d5
f6df3b50
8bbc9207
3f807067
614a5068
5edbdc9d
9874b396
f15942f9
4fb41e25
8230632d
3459ad15
87bcd09b
b41f13bb
f622c910
5b81ed55
5c96c674
73d15450
1b58425a
7953e8ea
1b0abd66
3b1828ab
169b6cff
c0ca0e04
76d15f32
50216cba
e83835a6
8df3b060
dd59e796
94a32fe6
41988355
10a6dbe4
12c7b91c
817900a4
9b9b0ce3
6b9c7ea4
2fdabf36
c0c7b664
a78c1337
c692e754
1d1e6b6c
57cb3de3
2e358105
dea715e3
0aa6746b
c8f35f63
cf9aa4fc
3c87b6fb
6268f223
f35716bb
43f9310b
53d4a244
626ba7cd
7149448c
4f020ec8
a26172dc
21b2cbcc
7c01f49f
76b6823e
cb83b5e7
5100d23e
9e89822f
fce757a1
b4e88147
ce4ee941
15e30aec
36f5aca0
5286a595
0204a816
5ec012b8
6f890cd5
a1fea574
78463c09
d7329424
bb2e2824
cb558a30
ce6e7cf1
17852957
0b51b121
ee5a7135
43724a59
6289aa8b
ad225997
d3934959
4c543166
e90cf6ff
85e9bd12
abf837a9
283d32d6
9a7c1df9
a5670fbd
17c11513
15b1211b
0ba1743f
0d3c5796
91a86a7a
9015880a
a2b6e855
ec59bd24
33d3b093
c457b365
0a831614
0209f6ad
519076a5
824a4bfb
65c9b2a5
5944f9ec
dc65c13c
c51c0c67
4b5d951f
327e18ea
0108aa9a
fc54b701
42230129
8766451f
d3a70a32
80de38f0
1f75f652
a748242d
5b2e6092
78b7f331
2a68b19a
4b5672da
0c27616d
f1730a28
abf572c3
9f01b6ba
f88581a1
885e5eb4
9be39f8d
0fb4827e
c7bb6e59
7dd363ab
d30d222d
91b77dc1
b51568c4
3e6df5ff
b2b55b00
6eaa0f9b
4a25d79d
048f8c29
85458731
8943eaa5
55711448
6e94e89e
6944b756
4bf94396
39745249
d8b9b34b
916fa199
52639638
f09fd67e
b4ad19aa
36020ca8
1f888241
10a5473b
97768bb6
8d5654f4
693d1b2c
022596ba
c629ca1b
151d3063
55dcab5b
fc356b3e
04ce44f1
0c52122c
ecc1ab1f
a92b518c
5c0b93be
2660c486
c0e38362
3b8b9270
4b103bf8
f0b124d0
a9e9afbf
744d1349
c0cd8163
1c83ba66
b324c2d3
aa1641a4
3fdc4185
1ec2c8d9
588e917b
b5ab2f5a
1b9260ce
5b931651
46b41daa
da08391f
19ad164c
4fc44b1d
1017aae1
832326b3
3a6c1b93
7e6f7431
5733a684
93105d98
8092c2cf
0be2b0a3
51e5c480
310f302c
1cc238bc
91e0fb6a
af35466c
98bc2a05
a89c4e69
2460a3ed
670b027c
771550ac
ea755935
7bc30725
57b959ca
559bd27d
d14a644b
6336f46f
f122db17
80cd694b
875c4ec2
919b5408
e75db690
48d25f57
493490f9
0882af68
31abb3c6
994985e3
fc2acd9a
04085aaf
7917632e
b8da5bc6
5f6c1f80
e47347b5
577e2976
7474890e
cc738458
142bc7d6
5a954e11
be1c72ca
8083c383
3a0c815e
c569027f
88cf0128
6367476c
fd13e1d6
5c8f72a2
34869238
4b083b2f
c0e99ca7
9570acc7
5671e22f
b66b5ce6
1eb679aa
dd418513
bb7e2552
5764c747
67682963
15fc5306
9997890e
a759c057
1c91af85
5794d265
c8a0048f
e3c11b51
29bceb76
c4501a98
282ec916
78bb9c18
39ab6978
49e3325a
9edb8a2d
e97db824
a3061736
169c1c08
31700a44
72598f69
6579093f
7d6dc6f5
e2bf6ea6
09c4130e
d29570df
75304868
10224bc5
7463618c
e9712a77
18961750
d5285768
d984ab13
583cba3b
9e9cd274
eadaaef3
39fa646b
0c5a6683
b40d0496
3ef82d0e
7aabf417
57a672b5
598594c7
d14b4c45
64b8cd72
a65a9341
78551c19
92ff5d6b
0eec86c0
fab8a171
ccb27a73
7a90fc4b
9791ac3a
867349b5
aadb0b53
ea697c61
355dbd4c
22a375a9
d94b169b
23c64e50
3e5bce26
c37a2cf3
6461b622
b678becb
abc2a72a
0b2bcb50
5b194244
78579c18
f4256a25
c342194b
4383dbf3
91c796b5
a2e34394
ce7eea5f
821a2626
505ac177
70a1267e
03a75921
2a3466b3
1fba6735
b6be10f3
a13a8813
6139b912
ec5ba342
6fdab3a7
404ee6aa
695bcae4
bba32b6a
119ac212
a02cc3c5
8d26af7e
424a030d
193c4a6a
533c10af
1796a20b
5180c032
64ba237a
a1846549
433a358c
cb188310
a6858524
5a15297a
8a93cbad
e03c444c
46edba83
baa70673
b22834ac
02e5ac75
a1db99cd
0eb3eab6
019ec57a
50cc5e1f
ae5e85f7
c7116abb
11717e52
5186a6df
0481abd9
2df6e43e
a8541632
03b75023
6295777c
7498d3d0
ba958ce9
51c7a0cf
7d1df881
ab48c2d0
c44b315d
6c1bfc39
71209881
9a45dc0a
a5876040
bb420d59
ad31e420
29741373
f8639ada
5d8be386
6863bc95
603c34ca
9662fb08
ac0ed812
111c4b57
5b54c620
656a9678
0924a442
81b3ed5f
348bb59a
110a24cb
78c71d66
ff05d153
dc3f6663
7b193f98
14504302
88cc5ec4
26009eba
473f736e
08d797c7
a1e6822f
26beccca
970d92ea
65048775
0410448f
f9564c4b
04f00232
cd4be121
25cb1e90
a7d33696
9372717f
256b1970
8d17d8ae
c4838b45
b715ba3c
6a9bfbbb
cd5d34c8
2bf550fc
3388f603
0464abbe
fbcf2aea
7bf2eb00
5753034a
c05188ec
26b1e77f
b6c8469c
90683d6a
4bb0f898
835849ca
64cb3ed1
68f83a5a
cb33e550
2aa84d67
10e0396a
1085ec19
54c69abc
60326a4f
5a70c051
fc094583
75f66a18
eb060ca2
ac597953
1b992a30
fb3f35ca
5c479f88
aeb96f77
bb435503
e4c67485
b935d601
7bc45137
ab9e1034
2c4c9956
d56c2412
111a8e21
9868138f
69c239e5
9cee9458
7310148f
b0a56324
1b5ccd7c
8d782371
80a5a654
eacd84ab
85845734
fd755ba8
87e52378
a73c2a01
f85c07e3
eb926627
0f0b7560
180cc662
516a6161
36555377
40a7d7c1
c332ac48
5fe22b06
105a2a17
6838a294
4b456fc3
6d7dd6c4
6155c0d9
85f992b2
b38023a9
7c2296f2
8d92f292
ed5f9271
3075b233
83a94a4b
8831da1e
fbca78b4
ac548206
8326c3c2
75fe5ee7
3338de67
1d076926
e0e549f2
a563e45d
b127d265
b8763591
3b47f064
0621ca9c
b0822e06
3a36ba48
75b38a09
e8d64ea6
51f7c2b7
a8392912
22fd07ac
2b63e8c9
5e2b19d9
d8dfa7e7
8a6180b8
8dad06cd
d60f1372
a4417abf
891ed7f4
12b64bd0
46a8590b
08136073
05b81316
3db15682
4b181463
0b9695b9
7043ea18
feafeb42
16be3e08
0103268c
9074a3d9
acc24c16
43891837
2dc96813
fb2b783b
6081b84f
13a84158
4b9b6d66
8d00f728
82ab523e
e732147b
a81a0ca9
f2abb4b8
4cc88a47
6b08af39
fab0b62b
6c7015ac
0035e939
bb127185
b8859b27
8e42f994
8237d02f
98a80e4a
9a4b7fa4
118b5857
c8f8aecb
7bb65720
da5bf3fb
18876e68
187212c3
6d9aa979
2c9209dc
6dd8e1c5
42b3e0aa
699b8ca4
a7938349
e84f86f5
75df768c
bb9522bf
2d0e3449
6be366e6
b82134a1
b184962b
82faaf03
82e38689
5bc59b1a
e17947c0
a7348b3a
7a4262a6
3363be27
27164822
da10eaea
eb874b54
66775f6d
909006c7
398d73e4
699913cb
82cfb5fb
592c0633
6c27c06e
175d3cfb
429859ca
2e875e80
c4bf8b8a
29bf5c5c
c160949c
826caabc
4412112a
0070072b
3cbb764b
94879027
abe5037f
34a64477
f52e2973
3128c98c
c60a4aa5
9941a124
7ed708bc
0abbcc57
d5ef4849
91240161
048d45d4
c391ba24
c1fccd38
c815aa7d
5b996e22
7f722b95
8002d721
3c1d0ea4
55777a93
cb02d5fd
1622b8d7
56a397cf
208835d4
9c687c72
3fb38807
e6237425
32450a24
cb5b226c
63cf9bc8
85a78923
59fa4c35
a13d9632
725ebb6c
9b647285
ab90495b
97d3573c
097a1c96
21c29644
d2f94ab2
2bfae460
0f901661
e4bb0dd4
2e9708b4
c18a858f
91ca67c4
8ba01d1a
0240829f
923d9f96
2a44b24d
2a4fd680
d9eda439
c0b3f0a1
cd67ca44
f44a6635
1e70e0b9
02b2c3ee
99b18f59
5cf630ae
b8039319
a5c18292
c2113c89
901201a6
55f4ab33
8c261167
e4a19b42
022b46a0
b0f1a405
745f17d9
631992e8
8f45be65
8396c1d2
5359965a
62796778
8e8845bb
2151ae31
a4ea21b7
eeaff7b7
88a68396
c60c2d99
6a05a2e3
dce98b14
9f57feae
b3518ccf
d3b69998
5ab6881c
48b9b082
d1d1cce9
89395f65
4531b0e2
47e6748b
55d11690
3fb66bff
04b939db
61240dca
fb16ab5e
c5045504
93f76fb5
a0b655fc
d7595a80
b3517f69
3973f4e8
95f7077c
0ab7a8b2
ba750adc
91b60a17
0800ac8d
db3bf27f
c9807185
10983e4e
70b74248
a97ac85c
83755c1e
46a9f468
25235613
345731c4
3457f1ef
d2b31277
091bf950
52c6d3cc
d1dbcf5a
9c7a7b08
19044760
c45b8207
71a14783
b74566a9
e11b5491
bf5091ab
675835bc
a76e1f10
79116b86
11606498
162e49b5
786bc29b
03abcb24
176bacca
3a42245d
ceae69b9
f0bf0030
702c00a8
8b935c92
f854871a
8f601421
c9107b21
d7f6a71c
c6761288
aea5121c
2c75cab4
a8055da0
a137ca7e
99243375
7efad809
e4c85852
6f81cf6d
f2a8939a
9268e390
7aacb441
b4858811
aae3c7c0
7e0c1eb7
ff5c7091
ff37d4c1
eaf99dd9
a4a78e77
3e48ea78
9998cf99
a130f9e4
690d38b2
5062ad35
9add6f4a
606a93cc
8c9f6566
a8242ca8
0000001d
00000001
0000002a
00000003
00000049
00000001
00000020
00000020
00000000
00000620
00000c60
00000000
224d3855
948dbaab
af9515ab
23681aaa
8cb16748
09609b60
3e77e198
7527120b
1fa6e553
b752cb49
d74e5164
83c7e250
f6580604
81e04efc
a5e91e03
922403e3
90516acc
7c255fa8
ae221121
f4724022
0d09a714
9c975579
5cf2260c
a749fb57
699ad7f1
38c12adb
1631d826
0c671122
a63c63e8
1e290baf
93938bf8
045453e8
71d7dd80
a06eab70
b72517b2
775b0739
6471a027
68987ad7
2c76ea7b
343d75d5
45de1061
aee04072
1511770b
e41e74e2
c98ccf10
4c719106
76a47249
1dc924bb
31734cbe
760b677b
5acb6ea7
6bb7eaa3
c03f745c
18f25e64
a65cda03
b19675bc
5809c489
419818ae
d1debe9b
c6080124
e374db97
306971cc
7be40086
a84a4be0
803b07b3
2ccb4a87
2d0004e3
a0bf7b5c
a394dcb3
2716ebba
a96d7919
43480695
3639d50f
a4555eb7
ada69743
022bf2c2
82a83dd1
b118c558
e93403bc
fa98b569
5da20b98
d76074ba
245318c9
8b554a88
343ca72b
f592c9f3
5dfa966d
f4ca9185
53927358
06444353
a783620a
70861281
5d9cd8ad
eaa004b6
100fa399
cae4769c
ed04bcaf
1a0570ab
59b6a675
4eabb39c
b8acaf21
7d92938a
4b391901
3925ca2a
91fc0009
a100aa98
476d06c8
3eb0dd09
f573cc9d
acbcc698
468b792d
6e8ef6e2
766aa6f3
b900fa62
a024490f
7ca08a43
38d0a119
619919b8
90b8362c
8e796d60
f80cf5f5
8cc76f56
25e16002
4d12a02a
694f38e2
1c930a2f
7d96dc1d
75933fe8
538a428e
dcc3d785
8995bec9
5e58aa16
526e3396
03367f71
4fa9315b
7e9d7938
fc6e8503
8283e414
c0bc281d
81b5a553
05600261
b30615d0
6bcb4d96
7821bc3a
ce9b61f7
251f48d3
6ba8f4ba
2e40c79f
b89952ac
70f7dd3c
7a96563c
91f26174
1b730803
369755a0
2865bca7
1b23cb50
229f0553
d05305e9
95ab51c7
6b50c0c4
2af7a852
c7e467a3
7da00913
51819ae0
3af7d27b
e55b9172
d47a0315
36c33e94
29151374
ca318e12
aea9cd65
ae9559ea
67ad0f67
c99ad623
2e8cca1a
84c31f02
20070d9a
9191e5f2
e41988d9
35829d1c
4558c073
d2664cc8
3bca01c4
dfc054c5
0b98a022
97d4d349
ff900435
78513987
b5662333
ed870a8b
b4eb7439
9a8821af
749e2749
c337122a
04aba01e
792a32b3
77731c14
79e2ad57
ab6aa6e5
41cd00f9
bc46a186
23782850
56a68512
c528bf0a
411377ea
846042b9
9000758c
1a49a4ca
d8484e56
a7abae89
2b2ceace
3c0a3db4
6697acb1
7eabe7ab
c0b0b230
779c7749
d87a1039
a2e918e1
264af398
48610848
30a70bf5
be005866
fa4d8ac6
384036fa
91b2f341
1b52f971
245bbf11
16b1d7c2
fbb29703
cc81be74
0037c188
9482f1f3
18a90a18
b6e9b40c
4eacc66d
b556a7b0
12406890
4986d5ce
f81ccd16
c2d12445
5266438d
1a86ac17
57f53415
d545e2ec
6148ac94
bb353984
a14ba550
09681e97
2e7c9175
aa974889
38615517
020253cf
cea03b6b
0968a397
3ad9240e
0d209b88
3c3a480a
770add82
ca141854
f810c7b8
615ccb9f
88617040
ab1471e1
4193654b
dca9f7f7
74fd8a08
87c6b558
62b5b70e
e6bc6efa
a09a24c4
af2ea404
d98b92e8
a9ccb792
cd0ea65e
e42cb614
3510e8bf
16b48778
076e4902
cec66b97
015840e9
abc471ec
2a01f33d
496fc008
fc349235
3551ba8b
56649b5a
c6c75087
1241f69d
7009b643
6156b830
2943ea5b
30128a4d
12b38394
994447b5
5a94e953
2c9c8fea
779353b8
d2bbf65f
613764a7
6ad68f81
424614bd
bb8bb484
1ac4ae3a
f23b32e4
257d5658
cdea9aad
bd585774
8982b316
46c4a0bc
925e0456
68fe4aa4
31a0a51a
58ad78ec
378c388c
b3f4201b
e9a2a5f6
b6e59189
7eba569b
c15126d2
e96f9b68
a557bb6a
b9555b8c
01ea6625
5af4f385
dd320570
509db9c4
c80ac01f
e24619ee
d819a3bc
afd4a1c9
c201f302
1b5117eb
0bc8a948
a8aec956
a0b904a1
32a94416
174e1c50
8bd0a4a8
ae3c758b
1d54b614
52dfb0ea
52443d20
a95b1258
97643f66
a6e99142
48851a3d
996b751b
503b1e54
5c061a85
dccfcd91
a1db5221
e4847c95
9623a135
60ea992c
486f97d3
8b2264c9
673133cc
264200fd
6b3c8728
4e86a822
3fb04ab0
65a36b31
4540e872
2875bc06
64a37e60
4265e4b9
9dc31679
51ea3d95
1d17e375
7970a9a7
89535a45
c681df9c
7184c961
4cb486d1
68830416
085a6149
474604d3
4cfa1065
602d1a65
d5811393
86d7af4e
32933cab
4237c66a
b492d37c
b9e81e46
1e7c85e1
f0051023
6295e6af
8bd1de19
57771f0e
b2dfea4d
82e7bee9
2e69b88e
04e97ce2
6624c40a
36ad727b
bb1a3e00
2002a92b
b15021ba
81ed24a9
b1036067
6615b3e7
4c5e49d3
b8585760
f8266c91
353f617a
c3301938
0d0e9bdf
80490e64
b7c20162
532a41a0
d47f401c
ac8bb87f
aa297771
49c10735
4c636aa9
825005a5
58665236
7c40d394
9247a713
828e54d3
63701358
382334fd
b32e32eb
aae00c09
7843178e
5a023934
be1523a5
ac66169f
a87c86a8
070b0104
ab91d1d3
528b047b
24a66f67
8639b8e3
4c1832db
bbc4bb92
d53d0468
6a74403b
ad75b2c2
da8c940c
384999ca
8cecf457
c8725705
db0aab9a
1bd2401e
acb4fb6f
54ae4ac6
35172132
c34757ee
53060181
4123e26b
b5937c20
f4d96096
22e38b09
82a1e9dc
2a949f7c
6a44fa84
93bed55a
7c32cb2b
c3496905
5ccf4b28
24053ce0
29f37712
bcbee7e0
1c1a0536
71414a1b
5b1ec43c
8cdac2eb
5e43ba0d
c9019c66
f3d35530
489af42d
b5ba1689
79af6e70
6c6ce0c0
ca8b4310
63c035d8
4a3a507f
52726829
02ff2ac6
70121f5e
15838588
78f3cbca
300b9688
a50637ff
17543259
cf140cc2
17c4d5e7
da029f35
1670f30e
429011bc
95864969
ac2654bf
6256a582
72570d93
6990f47d
d46bca85
78e71963
10c13e6f
81b0236b
d3a5057b
068b567a
181557a7
2be2c469
32c6d173
cfcf23e2
7421857a
b466653c
c1699a80
a11447d9
c866fabb
e888f3b8
687cc5f2
0895b227
155ca682
8c99859a
9f70d291
6951a708
a4e84558
97a54bbd
9ac7898e
c556c3d4
58e048b5
7cb3aa4c
fb2c9032
12e3e86d
c7067661
4bf11565
95f3362b
23be9620
f928aab8
7c58636b
15b2f6e9
32ac37c3
6026ab9a
ec3c0739
69cf72e0
508184c0
ac5fc7f0
5ca598f9
247959af
090afce3
f908a949
b9c110c4
241c4a1b
94109409
c37119b6
4104610c
453f718c
41364412
a064f4da
38d90fd3
a6245cb3
84c9cbae
8ca8a61a
06aab016
0a23713f
73ef4b30
555099b0
4921b588
b35d34db
ac15230d
c573f133
b40c819a
1b76c668
2b7f1a19
bbfc5045
76fcb6a4
6b4a044a
105b8e5b
0c53744d
b07e8ca5
d5f7c771
7eb02477
2242b16b
e4328a3c
7b09d76b
cfc17106
021c84e1
87a181b3
e399f209
221a89b2
a5b77371
ca324abe
813bcf88
3b2b6599
72bc437f
b3bf8b2b
58f78d05
d12d0412
c02357b1
8aaad940
0b8f17aa
1a026212
2bbcfea6
f469d30b
e936130c
3f930e62
4f440981
cac98db2
2c300c6c
e4110437
da8f689b
2d56b6a5
c07877e3
c3256de7
5a9c6061
3542e3ef
61c04637
548af252
2990679a
878411c4
44f45362
cda81420
326d15d9
93990153
eb17809d
79160bb4
af919b0a
5446b54c
8a50b070
74e87861
6b9196a3
602c9049
4b096664
fc36f13c
f9112bb1
64251b08
5f2e2508
1b1731d7
be99aa2d
7a94067d
5b32c3a7
ca61b74b
3eafea11
90fc8719
13a438a5
23240261
16477d61
33dce9b7
9c5022cc
70533553
14b55bc2
7a6d512c
6ba92931
660a01c6
2f39c6ab
279e00f0
2bd35fbf
8c6b5346
99d560c4
9fd62e1a
205f2864
43186e47
42a15860
d943a358
fa239950
85214559
a0a89bb3
e26fca75
0868bb0e
9e40f313
8a3a7b61
99e40db4
2e43f99b
dce81373
4b2b46ce
ce202c43
9793884c
5a90935d
e472360d
666770ab
3617956e
684ef24a
989b6116
b0a86a74
d740f051
4815a067
64d10213
51085c21
369d654c
9b64d32b
7429f767
c515653a
1b78238e
c6145331
2a494bd0
2be28e07
02597665
87279327
5c40fdc1
4020d5c6
8b5a3fda
a5a9337a
955f4835
8c5b996b
1a42806d
ed9040af
481fa92c
b9a06d41
68063663
48a09321
522b9257
1b7deb8a
a1e4b662
b3f1d87f
b09d34cc
7664187a
40128857
1c0d8b78
bb59859a
1dc0a4b9
17b04799
25824309
c534ab8f
62a898bd
1bb467a5
17003436
e454e40a
fcef5c69
8f30dc86
94c58812
43c0208a
0fe39fa3
5fbbb53d
f63f7bc4
36149f90
7320f1ea
c9783554
20b4b572
cf43154d
784081c6
96fb322d
878ed144
a2a53532
2476570f
de958812
f2448e6a
ca10ee99
7ab0f763
75029ae1
bbd71825
2c8501ea
26114c54
9b0b8c59
f00c2aac
cb422252
7e4a2319
10534363
236e24d8
6e704f2e
26c7a9b8
c7eb1de4
3ba5de42
08999a39
f272a1cc
26ba904b
5a7ada60
d9463266
05559252
27241830
89d18cf3
36812136
0d727883
daacbe49
0c1538c0
ec7e88e5
e09d579b
cde8becf
d3707be0
46a4138a
18560a31
7f85fb8a
222ab3c3
b1914bae
224d3855
948dbaab
af9515ab
23681aaa
8cb16748
09609b60
3e77e198
7527120b
1fa6e553
b752cb49
d74e5164
83c7e250
f6580604
81e04efc
a5e91e03
922403e3
90516acc
7c255fa8
ae221121
f4724022
0d09a714
9c975579
5cf2260c
a749fb57
699ad7f1
38c12adb
1631d826
0c671122
a63c63e8
1e290baf
93938bf8
045453e8
71d7dd80
a06eab70
b72517b2
775b0739
6471a027
68987ad7
2c76ea7b
343d75d5
45de1061
aee04072
1511770b
e41e74e2
c98ccf10
4c719106
76a47249
1dc924bb
31734cbe
760b677b
5acb6ea7
6bb7eaa3
c03f745c
18f25e64
a65cda03
b19675bc
5809c489
419818ae
d1debe9b
c6080124
e374db97
306971cc
7be40086
a84a4be0
803b07b3
2ccb4a87
2d0004e3
a0bf7b5c
a394dcb3
2716ebba
a96d7919
43480695
3639d50f
a4555eb7
ada69743
022bf2c2
82a83dd1
b118c558
e93403bc
fa98b569
5da20b98
d76074ba
245318c9
8b554a88
343ca72b
f592c9f3
5dfa966d
f4ca9185
53927358
06444353
a783620a
70861281
5d9cd8ad
eaa004b6
100fa399
cae4769c
ed04bcaf
1a0570ab
59b6a675
4eabb39c
b8acaf21
7d92938a
4b391901
3925ca2a
91fc0009
a100aa98
476d06c8
3eb0dd09
f573cc9d
acbcc698
468b792d
6e8ef6e2
766aa6f3
b900fa62
a024490f
7ca08a43
38d0a119
619919b8
90b8362c
8e796d60
f80cf5f5
8cc76f56
25e16002
4d12a02a
694f38e2
1c930a2f
7d96dc1d
75933fe8
538a428e
dcc3d785
8995bec9
5e58aa16
526e3396
03367f71
4fa9315b
7e9d7938
fc6e8503
8283e414
c0bc281d
81b5a553
05600261
b30615d0
6bcb4d96
7821bc3a
ce9b61f7
251f48d3
6ba8f4ba
2e40c79f
b89952ac
70f7dd3c
7a96563c
91f26174
1b730803
369755a0
2865bca7
1b23cb50
229f0553
d05305e9
95ab51c7
6b50c0c4
2af7a852
c7e467a3
7da00913
51819ae0
3af7d27b
e55b9172
d47a0315
36c33e94
29151374
ca318e12
aea9cd65
ae9559ea
67ad0f67
c99ad623
2e8cca1a
84c31f02
20070d9a
9191e5f2
e41988d9
35829d1c
4558c073
d2664cc8
3bca01c4
dfc054c5
0b98a022
97d4d349
ff900435
78513987
b5662333
ed870a8b
b4eb7439
9a8821af
749e2749
c337122a
04aba01e
792a32b3
77731c14
79e2ad57
ab6aa6e5
41cd00f9
bc46a186
23782850
56a68512
c528bf0a
411377ea
846042b9
9000758c
1a49a4ca
d8484e56
a7abae89
2b2ceace
3c0a3db4
6697acb1
7eabe7ab
c0b0b230
779c7749
d87a1039
a2e918e1
264af398
48610848
30a70bf5
be005866
fa4d8ac6
384036fa
91b2f341
1b52f971
245bbf11
16b1d7c2
fbb29703
cc81be74
0037c188
9482f1f3
18a90a18
b6e9b40c
4eacc66d
b556a7b0
12406890
4986d5ce
f81ccd16
c2d12445
5266438d
1a86ac17
57f53415
d545e2ec
6148ac94
bb353984
a14ba550
09681e97
2e7c9175
aa974889
38615517
020253cf
cea03b6b
0968a397
3ad9240e
0d209b88
3c3a480a
770add82
ca141854
f810c7b8
615ccb9f
88617040
ab1471e1
4193654b
dca9f7f7
74fd8a08
87c6b558
62b5b70e
e6bc6efa
a09a24c4
af2ea404
d98b92e8
a9ccb792
cd0ea65e
e42cb614
3510e8bf
16b48778
076e4902
cec66b97
015840e9
abc471ec
2a01f33d
496fc008
fc349235
3551ba8b
56649b5a
c6c75087
1241f69d
7009b643
6156b830
2943ea5b
30128a4d
12b38394
994447b5
5a94e953
2c9c8fea
779353b8
d2bbf65f
613764a7
6ad68f81
424614bd
bb8bb484
1ac4ae3a
f23b32e4
257d5658
cdea9aad
bd585774
8982b316
46c4a0bc
925e0456
68fe4aa4
31a0a51a
58ad78ec
378c388c
b3f4201b
e9a2a5f6
b6e59189
7eba569b
c15126d2
e96f9b68
a557bb6a
b9555b8c
01ea6625
5af4f385
dd320570
509db9c4
c80ac01f
e24619ee
d819a3bc
afd4a1c9
c201f302
1b5117eb
0bc8a948
a8aec956
a0b904a1
32a94416
174e1c50
8bd0a4a8
ae3c758b
1d54b614
52dfb0ea
52443d20
a95b1258
97643f66
a6e99142
48851a3d
996b751b
503b1e54
5c061a85
dccfcd91
a1db5221
e4847c95
9623a135
60ea992c
486f97d3
8b2264c9
673133cc
264200fd
6b3c8728
4e86a822
3fb04ab0
65a36b31
4540e872
2875bc06
64a37e60
4265e4b9
9dc31679
51ea3d95
1d17e375
7970a9a7
89535a45
c681df9c
7184c961
4cb486d1
68830416
085a6149
474604d3
4cfa1065
602d1a65
d5811393
86d7af4e
32933cab
4237c66a
b492d37c
b9e81e46
1e7c85e1
f0051023
6295e6af
8bd1de19
57771f0e
b2dfea4d
82e7bee9
48fdc873
58da9153
b035f861
1fd7425d
84f6b6c3
b58a6725
711275e9
e6fa1b0a
0bb34f86
44b7396b
1ec96f29
0483bfa7
b4ae2f90
5c2ff2d9
39c3284c
15b96d55
0000001e
00000001
0000002a
00000003
0000004a
00000001
00000020
00000020
00000000
00000620
00000c60
00000000
d76df46b
92d75e61
ce620033
f7114b10
a9e82251
b8215d7e
4fbe3157
847bbfb3
b0b91354
9d6f861e
a75d7692
b6b154ca
05a8b8a0
16dc90b0
70682e62
b049872b
5a6abba9
1a719949
cf7151c0
7a147073
74218349
e05c355f
5a9c10e4
452bbaba
ebc8d8c5
f7402948
a3f70110
960ef980
f85654c0
1f056016
d71de48c
207367d9
73d60c91
0f66e17b
a7f84764
7e94fc7f
4ba74be6
59c53a0c
539b56a7
516b15b3
4ac33153
adf48b4a
63c0591f
2b464d79
4289ed7c
ba17001c
639283f1
c8f36614
e89695d6
4c19b222
2d20ca6e
457f451a
f4cb10c9
24c58716
3657b1f6
4a0c9788
3a69c229
a895112a
521d46f3
115a2224
cf795ccf
1bff7ee5
adca0ec1
2fa9f39b
633ab552
762c4d27
bb4bf1d9
82647447
a6668778
32a7cb8b
94d12dd9
b4c5bf28
519dabd2
0748a185
3117aa6b
e5a69196
e9bb4716
5fcb8c6b
032f4c9a
c66e7742
bb345456
c089f249
e6fb6e99
542c625e
c28203c2
d6fc8391
4437a83c
b18e293a
bb635cc0
89d41b5d
c59400ea
3b350861
5da3846f
484a4987
25563bcb
afda4e9f
bc298c38
56d079ac
94cb086e
870bc2b6
9b97aac7
5720af8e
d2a5d7b0
6c5db874
62451f6e
220646e1
f63e8aa9
19fb8f10
fdcada8f
c3930186
6f9bd646
94132aec
d75a5bec
8ff4a050
bec816de
dbf9ae40
464a8027
6a126182
19c4aff3
9cea6211
a17f54d5
1891b8a1
6794b24c
79ba648c
eb6cc1e6
9e03b733
4e0139cf
e2928413
a948ba81
a676aa9f
1174bb97
179cc748
53c4ab91
35295ca5
07118c5d
997842f7
0a775d2b
8a005f53
319da442
4bae807c
922c1e13
646c05bd
4a0f25a2
3020ea3a
b2436332
191e4015
a5a6f573
82a7b8f8
5c35516b
1fb1921c
b79615e9
735b395b
25fb9669
98c7238c
24bd6af1
160570ad
8563d95b
e86668d7
1848f411
a94df27d
e6e76c39
9d7c8aa9
6ea49b57
8802c9c2
7614d1cb
5a1163b4
23e1956c
2475ebb1
fba97155
d74c83e3
c5329614
f714d5d7
21653fd1
8d430b2f
802bb29a
e7258e87
76c7adb4
5e91553c
75141355
2fd94543
1c5b6cb9
425355e3
3fb030c0
724c6b5c
ba328e78
66b587c0
840457a0
46e27e2b
cbc2bcb8
b111c9d1
15e267bc
39294c86
9dc9496e
b1d749b5
8a046683
043d0059
931f2e69
38c4154a
df205b71
430e5526
bc5ccfa7
bb26507d
ca4331a6
32a7924d
90a62165
8c386e94
aed94bba
912aa68f
b981a4c5
b9596fc3
8f9f5308
f351b2aa
3819c275
9557e7d6
00f95f24
6ae7d336
b0a1a0ea
24a015e6
2754c2a7
3a57a782
f3b7c596
3373f71e
f313e7ec
35144b5a
87a2570b
fe98545c
6bcbbe50
5bd0f5b8
6c3ac7a0
7098add1
1382b040
68a76593
58606218
2f3a3177
70568ce4
f8be4df7
17f6164f
9764ab63
da072846
1704fe1b
5b6bc0e8
75cd8b19
8a4bb5b0
ffcce3c2
370b3885
25ba6059
8e5e382f
6ca41855
72091e06
6869b31a
22530feb
abc6ef4a
e78b268c
79514b74
37346c28
f444d46c
08391a1b
c190c826
85400132
fb2c3af9
5e1b8862
a85ab19e
40b37d10
3b367616
afb0c888
c3b4a29c
08a9e946
c9cfa08d
57ba0df6
c2a34e24
46c64533
e539b2f4
51db1d8f
9ecda3fd
74d46f66
9b613729
fa26a76a
33835aa7
9db3504c
b36af72f
f9391e91
4132cfaf
2ba8eb03
e6e0a2aa
12d9f82b
96afd6aa
c90ab354
bd3c388c
a2432cfc
9a0ea478
26b56ac6
3380916e
55637c06
67a0ff45
1eb8675d
b9151e92
1cc9bd4e
b199c0dc
86d1cc39
b8200e11
ae9448b1
e451c80c
2a124b9d
16aeac5b
6173120a
18559523
53af2cf8
17615003
38c4f634
38326b98
042d2357
c9889f86
c71c03ca
19a2c239
a09bdb66
8ca1fb23
66398772
ade7489f
f46e50a2
35871be2
11549b6a
8d8e0bbd
71df9852
82acf25a
82c18bef
11776c1c
4b017e3b
0e8bc7e8
fccb5a59
19a13301
f0314947
0a97b5bb
4e164459
e154c064
c6a6216b
5bb18322
19cb5ad7
157408a0
4c5109a7
075b650a
24e4ae93
0386d4ac
6f326ace
c05471e9
3fd8b267
958a5b8f
5a022d69
0f8941aa
1a933ab8
83da44e3
16d49f21
2a93f460
0590ab9c
8904b911
719289da
6441bff3
18b58003
858d015a
5228bce8
c3a36ac2
2149428e
f87211f5
52608c43
43cc75c7
a675b7f5
6aac8fa9
5ecd320f
dbd485ac
4ec6c20d
d34db38b
cc2b0e13
68aa197f
561482b9
959b7f95
1c79384d
3016a88c
f1b97e2b
782161a8
0867e2d2
90ae9538
cdfcce3e
9c1a24b0
2ba3c576
3ac3156b
e839b17b
ad05c21a
27f6c53e
4b0c41d2
a8f4405d
13bdaecc
151241e2
71e01982
dabb5b53
f8479e3b
34471c7f
ff04f748
f1dfb886
942ba929
5b9e3679
40962776
86d4d9c9
1a54f5b3
79f4aa92
0462c217
349995d4
c975b3a1
0bbce525
759c924a
56fe1211
7a4146a1
6475c175
72e922b1
9ec5ebc8
d50b1bc4
f9f50b80
ab640266
9875a1be
a35e0ff8
0da05d83
af110ac1
d59da020
89727d75
11ba630e
1bd421d5
60086378
f393bced
a1fabe21
59875189
b86e9c28
9ce1516c
150ae712
cf49f7a9
7cff88c7
2e1b5e89
7c946831
b1006a2a
7f859067
988d1a46
d82e4073
6469b7ce
71590397
5a5fc082
b037fa94
f62b9b37
88cf6dbc
9dc49718
523b185f
6876929a
7eecdf2f
d34e64df
a1c25d81
33e47507
0d4f61b6
bc554b4b
4630785a
867b2919
b3321977
90f27786
fa3bf19c
94572af8
31117742
567f2aa2
769e758c
ab847bb6
5b54c060
f33c89b1
94196b7b
068278ee
7458b3b6
7063b985
79381c00
f9a8ccea
a872c95d
11087aaf
ca18b5c7
90cb2006
d7c7c7af
98a8b5e3
0889731c
2b08c80c
64c74fd4
0303ae7c
f49f6b9e
4bc27777
92e3a8b4
614a341f
38326347
710cee34
7407bb3e
d6cfc0a9
14223584
cc608bc6
445ece84
8a39056b
d24958b5
b450a064
c9b44558
e006b587
e0ed4736
6654ac64
5d5322e9
219c2ca3
a3706997
03262682
83a71f62
3619352d
d14f8082
dcda8902
a243065f
2f1d9438
cc5b34ea
ca992db2
dd1d96a8
4cad8b14
a3ea0daf
304b730d
e601484b
c17a1ac5
f8271859
57d7581a
be824da1
7b6848ea
e5eccf7a
2b24905c
077971f1
64c4192c
4b41c479
ea2575bc
c76db26c
941c6daa
b742e884
068b3039
25c306b0
e9a076db
7bc0cc37
8e678f0e
e973f573
59648517
0d213fcd
88bc255f
f5a62ac9
64d265ad
1a7ca839
e84f7289
9caceb17
bd53d455
9b41c123
9f44f164
1d3808f6
45783d98
4db2ebcd
e9835aed
31f83ad0
352b6026
1e5e514f
7c2ccf84
9bb1cb67
1fbbfb43
453f6da6
caf35e0f
f1208937
6798be94
7fa77056
00090b1b
e7488f3a
ad232342
65b8b941
b6384936
784c854e
72b8a99e
2aa55062
a373129e
60c371a7
85439e82
5836b203
8a06fc6a
9a1aad71
4e819815
f36f4ab6
a1d685f2
5e965188
c72e555b
9bd8b1a9
0ebc4cac
0158e560
121e021b
c7a5a498
aa4c2ac5
d84e77e1
b01b9c78
98491aa4
e1bb9b5c
24255c5e
0740e2b9
d65d4ce7
c7b7128c
f739212f
b227b014
afd12847
c273d58d
939271e6
c1e46b20
7513a222
7306a17b
9fe7bd80
547fc80e
4a691450
6ef14b54
af64a20e
1a3ca62b
7d53c899
871305b7
c97694a8
4169d2af
4a0e184c
899458b1
cf7c86ac
a8c6db71
2b320ee7
714a38ae
2762d68c
a4a45b0c
96dc7044
2707e8c9
058f5456
c266aa6e
511bf2e7
7172adf1
28430090
a002fc1d
b7874419
55d4dc2c
6344472d
e2e3b8c6
a592ec71
4037f2ff
1b9d008a
4fb82cc3
f1421a33
619fbba2
9dcca786
8f26e15b
041e9ea4
ca5274c1
04c1d943
ec53c877
16f61c44
77946037
a84857dc
57a86205
e0ae85fe
33edc878
2c97590c
98875a12
3a848608
b1425b00
97b015de
4a5d6a57
cfccec75
8b40b989
b5a21c66
41d8479d
7e3f529b
f290be3a
9922ca9f
4934636f
d6bc0849
01b92a39
9c3d040f
bc635fc0
2b8ae804
c31bf1e5
f796c5c9
98bb731e
e3bc180d
6bd1ce78
32648ccc
2e3396eb
97a474fc
0ab25b6c
1680559f
74275f6a
1cc77603
aea337e8
103f7718
67d183ab
f019f5cb
904eba97
54e71d7a
9b52a554
63769c9c
a1529593
51c0961c
8644a207
36100154
ae06c1ac
d7ce7927
06719f81
670f55bf
0a2d4da8
6832cfcb
ae25b1aa
582518c4
c9a39323
e22c7539
3430b378
02452086
42229b2d
0be43764
26199506
9fc1e888
37f80d9c
2decf44c
0e4dd597
965f7bc5
0189d039
606822f5
5a7da34a
340ce99c
211a520d
d313b8b1
36924a99
431342a0
e111a345
91b11570
ab97ebb0
51f95580
c623cb5a
d137b451
7a2b9550
17501e54
d09e2769
73206258
c298d400
59444546
96bf63e9
43a76d12
9dc80a81
68301f63
05b0ee51
ee74ba60
604c9fe5
537b0ba9
36a533d5
04784443
4e80eb2d
3d90aac8
14f44cd4
bef486c4
8e3d9718
641728f0
085287af
b85f425c
31d741e9
b4f2de15
233d17e7
740d1714
4c168a1b
f9b4f980
e2be7462
6608ff12
53071516
f55a3140
9f4aff6f
72b588d7
a68e2d4c
1688bf5c
f0594592
ccc7108a
088a8bc9
fc56133a
92bbca42
c7f2825b
ec8ed592
ecc279aa
15502989
d76df46b
92d75e61
ce620033
f7114b10
a9e82251
b8215d7e
4fbe3157
847bbfb3
b0b91354
9d6f861e
a75d7692
b6b154ca
05a8b8a0
16dc90b0
70682e62
b049872b
5a6abba9
1a719949
cf7151c0
7a147073
74218349
e05c355f
5a9c10e4
452bbaba
ebc8d8c5
f7402948
a3f70110
960ef980
f85654c0
1f056016
d71de48c
207367d9
73d60c91
0f66e17b
a7f84764
7e94fc7f
4ba74be6
59c53a0c
539b56a7
516b15b3
4ac33153
adf48b4a
63c0591f
2b464d79
4289ed7c
ba17001c
639283f1
c8f36614
e89695d6
4c19b222
2d20ca6e
457f451a
f4cb10c9
24c58716
3657b1f6
4a0c9788
3a69c229
a895112a
521d46f3
115a2224
cf795ccf
1bff7ee5
adca0ec1
2fa9f39b
633ab552
762c4d27
bb4bf1d9
82647447
a6668778
32a7cb8b
94d12dd9
b4c5bf28
519dabd2
0748a185
3117aa6b
e5a69196
e9bb4716
5fcb8c6b
032f4c9a
c66e7742
bb345456
c089f249
e6fb6e99
542c625e
c28203c2
d6fc8391
4437a83c
b18e293a
bb635cc0
89d41b5d
c59400ea
3b350861
5da3846f
484a4987
25563bcb
afda4e9f
bc298c38
56d079ac
94cb086e
870bc2b6
9b97aac7
5720af8e
d2a5d7b0
6c5db874
62451f6e
220646e1
f63e8aa9
19fb8f10
fdcada8f
c3930186
6f9bd646
94132aec
d75a5bec
8ff4a050
bec816de
dbf9ae40
464a8027
6a126182
19c4aff3
9cea6211
a17f54d5
1891b8a1
6794b24c
79ba648c
eb6cc1e6
9e03b733
4e0139cf
e2928413
a948ba81
a676aa9f
1174bb97
179cc748
53c4ab91
35295ca5
07118c5d
997842f7
0a775d2b
8a005f53
319da442
4bae807c
922c1e13
646c05bd
4a0f25a2
3020ea3a
b2436332
191e4015
a5a6f573
82a7b8f8
5c35516b
1fb1921c
b79615e9
735b395b
25fb9669
98c7238c
24bd6af1
160570ad
8563d95b
e86668d7
1848f411
a94df27d
e6e76c39
9d7c8aa9
6ea49b57
8802c9c2
7614d1cb
5a1163b4
23e1956c
2475ebb1
fba97155
d74c83e3
c5329614
f714d5d7
21653fd1
8d430b2f
802bb29a
e7258e87
76c7adb4
5e91553c
75141355
2fd94543
1c5b6cb9
425355e3
3fb030c0
724c6b5c
ba328e78
66b587c0
840457a0
46e27e2b
cbc2bcb8
b111c9d1
15e267bc
39294c86
9dc9496e
b1d749b5
8a046683
043d0059
931f2e69
38c4154a
df205b71
430e5526
bc5ccfa7
bb26507d
ca4331a6
32a7924d
90a62165
8c386e94
aed94bba
912aa68f
b981a4c5
b9596fc3
8f9f5308
f351b2aa
3819c275
9557e7d6
00f95f24
6ae7d336
b0a1a0ea
24a015e6
2754c2a7
3a57a782
f3b7c596
3373f71e
f313e7ec
35144b5a
87a2570b
fe98545c
6bcbbe50
5bd0f5b8
6c3ac7a0
7098add1
1382b040
68a76593
58606218
2f3a3177
70568ce4
f8be4df7
17f6164f
9764ab63
da072846
1704fe1b
5b6bc0e8
75cd8b19
8a4bb5b0
ffcce3c2
370b3885
25ba6059
8e5e382f
6ca41855
72091e06
6869b31a
22530feb
abc6ef4a
e78b268c
79514b74
37346c28
f444d46c
08391a1b
c190c826
85400132
fb2c3af9
5e1b8862
a85ab19e
40b37d10
3b367616
afb0c888
c3b4a29c
08a9e946
c9cfa08d
57ba0df6
c2a34e24
46c64533
e539b2f4
51db1d8f
9ecda3fd
74d46f66
9b613729
fa26a76a
33835aa7
9db3504c
b36af72f
f9391e91
4132cfaf
2ba8eb03
e6e0a2aa
12d9f82b
96afd6aa
c90ab354
bd3c388c
a2432cfc
9a0ea478
26b56ac6
3380916e
55637c06
67a0ff45
1eb8675d
b9151e92
1cc9bd4e
b199c0dc
86d1cc39
b8200e11
ae9448b1
e451c80c
2a124b9d
16aeac5b
6173120a
18559523
53af2cf8
17615003
38c4f634
38326b98
042d2357
c9889f86
c71c03ca
19a2c239
a09bdb66
8ca1fb23
66398772
ade7489f
f46e50a2
35871be2
11549b6a
8d8e0bbd
71df9852
82acf25a
82c18bef
11776c1c
4b017e3b
0e8bc7e8
fccb5a59
19a13301
f0314947
0a97b5bb
4e164459
e154c064
c6a6216b
5bb18322
19cb5ad7
157408a0
4c5109a7
075b650a
24e4ae93
0386d4ac
6f326ace
c05471e9
3fd8b267
958a5b8f
5a022d69
0f8941aa
1a933ab8
83da44e3
16d49f21
2a93f460
0590ab9c
8904b911
719289da
6441bff3
18b58003
858d015a
5228bce8
c3a36ac2
2149428e
f87211f5
52608c43
43cc75c7
a675b7f5
6aac8fa9
5ecd320f
dbd485ac
4ec6c20d
d34db38b
cc2b0e13
68aa197f
561482b9
959b7f95
1c79384d
3016a88c
f1b97e2b
782161a8
0867e2d2
90ae9538
cdfcce3e
9c1a24b0
2ba3c576
3ac3156b
e839b17b
ad05c21a
27f6c53e
4b0c41d2
a8f4405d
13bdaecc
151241e2
71e01982
a131b595
b678ff67
9c4b3ae1
60c1c64d
8d679f20
a29306ca
f4a2030d
371c32f8
d495a22d
80fa6597
96a46f5b
e68bd76e
db3117e7
16835f8a
f4e0155a
80ba9424
0000001f
00000001
0000002a
00000003
0000004b
00000001
00000020
00000020
00000000
00000620
00000c60
00000000
1e9d7265
517231b8
0d196985
c6aa6970
366881ac
ac0cef4c
098ac8bf
980319c1
3b0cabbc
4e18254c
d3d1c7ac
1dc7d761
8bcfa6eb
cb8b3ba3
6ef8fb7b
04252378
42ac061b
2021d798
b4c81313
370527b7
5a168b26
bc8c6071
555057a4
5c9c6270
5b7f770e
253c86f7
744b8095
75befbd1
774c1098
50b46c20
962fb4f3
aaa81df4
9d8aa82a
b632f32e
29c3c5e0
77ec9d4e
c64b766c
515bcaf3
bc50fa44
2e974184
65b7bf99
79e627cc
6aacc0eb
9a6a0852
573a8ac5
bd540986
71ba86d6
75b8cd00
027628c3
847d26e8
6535e9bd
98b1982d
592fa774
7a45bba2
edc59cc8
01bd2f43
ab8a0aa7
3a37446a
52566ac9
4714bcac
a9a22170
4a105298
b7094a77
55bbbb11
ba49be2a
c0e45e4d
6849915b
3829947c
b3150627
0754cb7e
8ca20dc7
8fb36937
6861f8f4
dce57792
ba517c9f
93924c61
b6719b85
51535d39
479da214
d1305964
4fd0b4a4
533de4c3
c9d4bbf2
63ea2958
6e3f4079
873495b7
17b97ea2
3104449e
32e007c7
5627fd28
2dca781f
1a7fc303
81c70625
7d0ae8a8
76eca510
00c05ba3
e0a0134a
d38b60bb
3efa2e34
961d0695
65455985
5949ec92
158e0ad7
e554c926
a4280da9
479b8bbc
17bf4d71
96258989
bf6b930e
dc5b1238
8fe19e17
165701ab
99c0ae5c
b61aef83
65720ae1
95834695
0e5c4c9c
8294868c
d4104c5b
b1293b00
914de9fe
93b12a5b
5a623595
037ffcbe
dc5314b6
cd61e009
b98e3b3f
6d003f09
ae717cbf
c41ae110
5696bacb
84dafc12
71b52433
45fbcde5
3b3cadcb
0f3c14b1
6840aada
4aa513cf
6da2586a
fc282f40
c31ae619
bf0e2274
d1c787c0
2fc624c3
c45be7ae
fa6f0e75
77329131
9a8c566d
a4f686b4
1a67da22
c37338e5
418b8b23
41f03679
f4b1c36f
a7ad23d2
24841657
1ea66af1
518dab2b
28c0dfb9
a52228b6
9c2d35b8
01a85fcf
1f025b59
e02864c6
0b50607a
304a7959
31496099
72e75e38
df373244
b62781f7
2fac8a36
56a941c6
d7146883
39f92761
4c271cb9
288b1b52
441751c0
fd449881
02380112
2e18571d
5308f2a5
9cd73c38
77e37664
147442ae
01236198
aa57428a
bf967985
913e6e7b
7d0c62c7
c24082c4
328e73b7
00ba3d97
71be1c92
d57f85ca
9f274e27
b2112b1e
987e03f5
5c1c5a15
9a0c02cb
3cbd2e6b
cdb1392f
1740f42c
da9d64c7
46d09681
00291a10
15215f12
124a2631
d66cb52c
87e26294
8f5c6d3e
164c84b2
e565a543
1fc11960
7584a44c
74bb2a9c
1196fe1e
695743da
d6473161
6d20f69b
34bdc7c0
94276e8c
6a088b29
da73b1fb
d8a07e23
b4d05e07
7f23e720
378429ea
35710025
e8b63ca1
b78dc316
7e01e232
3ab714c5
48fc7874
a5515260
bbb54b51
99084bc7
8063a61b
028f679c
e45b012b
3de7e85a
eb7444d4
d6a7349a
0f902a12
675bd9e2
fa8d4cf5
43e1842c
9c6fd759
48955d00
5a66d49e
268a718e
948fc523
01b8560d
b167d2e8
56f26eb8
ccc772b2
33828ab7
c3873c51
cc8adcb0
d3a3dafc
b9d33a42
4c76793c
37088623
29783bac
ab3c8ac6
a70b4415
9bf6779a
5987f69d
3b05aa9f
ea108cf7
5b6c9700
80bfc8ca
d1327539
8d46d392
bbcf1938
80416551
bad969ce
1f88cae4
f7f96825
b41c2a23
e001e0a5
c3ab7a83
b570826f
b62aa380
d15a3191
ab01af3b
1b2c53a8
4b08c7a1
4195b952
e62e4ace
7052a1b9
b304ec0c
0617270a
d1361179
a8e3278b
75bdb9dc
a04768b3
45726b63
a07f4686
28e78efa
cf7b1463
fd5f02b0
a4abba43
9049424a
cb7701a1
b6b2a571
bdf23cc8
8331655e
18bb4ce2
5e590a58
2ac4e95c
94fb161a
3724ef9a
fe32e76e
55567cba
2fd73c96
cb186067
16b792e0
4d93440d
d96c07a3
76503750
473cdd2c
ac3489b0
9cc1bd33
6c50ff68
1acfb8ae
675e5623
a251ca75
e74dfb02
f26a28ac
9682ad4b
f1bf2a6c
104e0367
957b999c
f94306a2
97065313
73a4fc6e
8dcb12c6
9abe60fb
11d9988a
0c60f014
53e62252
3741e79a
d2632a05
caef1bda
42310d93
3e73c0f2
f7733078
24835271
a1772b94
d3f68e62
a4a3feaa
ed9c3736
237585c9
14c1418a
09465c17
99dfba0c
c1761acc
1a47218c
34df36b5
9d712d52
f3adcc12
f10ca5d9
60899979
1e2e15e2
7790a673
9c98c487
adbab8de
3c21a5f0
a3527cb9
463b4473
077f0c41
b8e53914
1976b169
8b2f17db
1c38d856
0576f7ee
53eeb49b
502078cf
8d15bbf5
9ad83083
9a24d389
774d3aec
f93f4c16
2393db29
506b6687
ae13bcf8
a1463f44
87a51ac0
7734ca82
18bc9521
5d7eef23
a9e63271
8d2b4028
d3305e08
9f8205b7
30ac5cb2
251acb8c
b6f6a219
d889e05b
a9975a65
3986d803
bc2398db
3bb64377
3ff4df69
f66e2203
5b7fa91a
bea780c2
fe30e762
004d2cbc
10b3f52c
1a22db0d
f7242fa8
3883f75b
c318c463
bb408f8c
8bc7233e
7330c128
1ca98d2c
7f937a8a
13bad5f1
3c150f5a
50324ebe
674baad5
274e1b89
c91a3947
dca50c64
57c07079
07d45a91
ad03d859
87c0aae8
c984a45d
af5cb02f
271cca5a
64d4b693
7e452596
14536a22
225c0682
2ebf7469
a07b4f66
a683ae92
073be793
d448b4b8
47cb910e
fc63aa44
6656aa29
6689edbf
0957c74d
d0d047fc
70e36459
10a603a6
823c1db3
2be64199
3b6e31da
caeac480
955c0a89
97949a6c
89ba5813
30908fca
48afc875
840110e8
95b3c3a1
7d542579
5c796c8b
1ecb48a5
f706b44e
4ad049b2
0609d039
3d1de37b
28a6ce47
9acb6e0c
a339c14d
18d365fc
7af2c66b
c938003b
22c4aef2
2dd2406c
9220c25c
70583590
ac005378
f6baa6df
45866f0c
cf91822d
6ba57304
234ccec9
18b27341
8911086a
ac7e3f50
7ca9e64e
355ebc6e
d3ec653c
0ae65877
f44da784
09675c22
7f9a510f
5b3e8033
f58f3ff3
20278e41
6b7cc14a
e44366d2
2a46e9ae
b00d9095
06cf5d33
59280c04
7d7e3a00
a3926341
01aaa65a
ab76a904
6ab993b9
c571025e
d564b76a
bac96280
19a6de65
9069ba9d
a2116b58
0bb23a07
7742600c
b5777592
1bf07782
277a91d1
49d930c4
56c11e57
ebb518b3
e1a67128
62b850c1
a66ce077
a95a6787
a013689b
e30db38a
aae1c8ea
a539de19
f5251651
dbcdb1c5
85f29e80
8bc04a7f
7a5258b6
46361264
b322008a
64f22d09
4f889d56
cb99c6d0
c0a509e1
82d7029d
2c4c1c4d
61afba64
b5f59936
ccbfe54c
75eb2911
7f51cf74
922036b5
9185b9c8
82620822
9ba1e15d
9719007b
b606439e
74baab09
fc8d6388
35eb5ace
3fb73b9b
c5538a9c
28e3d518
e3269970
e3629dbb
7f5ba5b5
d1153504
c190327a
2fbaba77
faa4f511
205c1a41
63a8c56a
5fa89635
e6863b0b
21d66f69
fd8b9c76
d2792d5c
c5c770bc
54106cc4
52ad7251
c7c20c87
c830c20c
37df8fa5
9a7c917d
0a7ee13d
eae36738
73d268a3
e3ab1aac
63d2499c
23bad976
5f34d7dd
6bdf29b4
60f9d2a8
d694a530
7a8522b3
93a07b51
a8ab3918
556c399b
8b9779c2
8c768524
d7df7de3
5746ff80
6550b376
0c591d9b
c3c051ac
255eb535
f4c6a360
0db1985e
262aa973
2aafb65b
72c3c576
d573bb9a
40b5570a
2e183dc0
e34399ef
2a2d97f0
aea4abbe
624209b7
579a5224
b7c90190
b020b5bc
74925027
52d50659
54088b6c
bafc4e9a
804ac640
4f70e2b6
b8fdc875
0cc9bc22
cdc54ae4
c629bda2
2409b503
14bfd2af
fce561b1
ca443f49
936c49ea
b8d36729
27c9422f
05b50969
d3322f14
67db403f
1f4fa544
785b73f7
5d92a136
10b25211
13022517
6945f144
d2a3d9fc
94ba2bd3
51894981
2b1d1861
aaf0b746
236cdd95
3e58c961
3b912564
a8959540
6603184d
8cd2ae47
9116b91d
13c5f28e
891075e6
1a4c0e8c
71cc56e4
4144b4b1
1dc0ac68
23593c11
ebf56afa
24b80a09
8c11d7b9
090c3306
19a51468
6d1382d6
26629f54
05bc0908
99346a75
c7835324
c6600a98
40a5a6e6
23467063
23993f32
e3cb543d
b0c6b2f8
01d79aa0
49bde8ce
7299441c
c5000c94
f26ed751
139a9106
9766786d
3b82391f
d9ac3665
4ff19d10
657ed287
335ca462
7b71c685
fa1415be
494e3456
309ac781
dcac0912
e81f35b9
125a6d51
056d3120
6855b416
3ad49a1a
e11d51d9
fa136ba0
94f0bb40
53810543
405395b8
86a65853
8e4b14c1
b64281ca
73370721
74a71157
16f0a08b
ced68c23
de28a8f5
98e428ea
c3e35f6d
666dd3fa
a7ca7f19
afb19b70
c822a5ad
8ce7098b
06b438a9
55b74170
d9ae80c3
63a71075
2aa07709
c22084b7
78a3734a
fd10e62d
a0d675e2
ba7c346b
e33b5820
42c6caa0
5f488d1c
73b51b39
2874c144
2fb814ae
22269c48
1cb73ce8
2b133d68
c496078a
d58d7322
7095c3a4
de49a302
895727a0
6c65b949
a1574ac4
247591bb
097483be
21656b76
eb0e9d96
4d097671
64469c51
bb5148d0
b87b45bf
5d4d6437
2cc7327c
8ef01e50
e993677b
d5e65313
a5bc70c5
9aaa1aa7
62e93db5
4d046c2f
f68c1c56
859b79d8
75507d1b
5a7d2ade
29cd385b
a14441ca
0337cb34
3907adb0
238691a7
079b27b4
c02aaeea
4464b094
1e9d7265
517231b8
0d196985
c6aa6970
366881ac
ac0cef4c
098ac8bf
980319c1
3b0cabbc
4e18254c
d3d1c7ac
1dc7d761
8bcfa6eb
cb8b3ba3
6ef8fb7b
04252378
42ac061b
2021d798
b4c81313
370527b7
5a168b26
bc8c6071
555057a4
5c9c6270
5b7f770e
253c86f7
744b8095
75befbd1
774c1098
50b46c20
962fb4f3
aaa81df4
9d8aa82a
b632f32e
29c3c5e0
77ec9d4e
c64b766c
515bcaf3
bc50fa44
2e974184
65b7bf99
79e627cc
6aacc0eb
9a6a0852
573a8ac5
bd540986
71ba86d6
75b8cd00
027628c3
847d26e8
6535e9bd
98b1982d
592fa774
7a45bba2
edc59cc8
01bd2f43
ab8a0aa7
3a37446a
52566ac9
4714bcac
a9a22170
4a105298
b7094a77
55bbbb11
ba49be2a
c0e45e4d
6849915b
3829947c
b3150627
0754cb7e
8ca20dc7
8fb36937
6861f8f4
dce57792
ba517c9f
93924c61
b6719b85
51535d39
479da214
d1305964
4fd0b4a4
533de4c3
c9d4bbf2
63ea2958
6e3f4079
873495b7
17b97ea2
3104449e
32e007c7
5627fd28
2dca781f
1a7fc303
81c70625
7d0ae8a8
76eca510
00c05ba3
e0a0134a
d38b60bb
3efa2e34
961d0695
65455985
5949ec92
158e0ad7
e554c926
a4280da9
479b8bbc
17bf4d71
96258989
bf6b930e
dc5b1238
8fe19e17
165701ab
99c0ae5c
b61aef83
65720ae1
95834695
0e5c4c9c
8294868c
d4104c5b
b1293b00
914de9fe
93b12a5b
5a623595
037ffcbe
dc5314b6
cd61e009
b98e3b3f
6d003f09
ae717cbf
c41ae110
5696bacb
84dafc12
71b52433
45fbcde5
3b3cadcb
0f3c14b1
6840aada
4aa513cf
6da2586a
fc282f40
c31ae619
bf0e2274
d1c787c0
2fc624c3
c45be7ae
fa6f0e75
77329131
9a8c566d
a4f686b4
1a67da22
c37338e5
418b8b23
41f03679
f4b1c36f
a7ad23d2
24841657
1ea66af1
518dab2b
28c0dfb9
a52228b6
9c2d35b8
01a85fcf
1f025b59
e02864c6
0b50607a
304a7959
31496099
72e75e38
df373244
b62781f7
2fac8a36
56a941c6
d7146883
39f92761
4c271cb9
288b1b52
441751c0
fd449881
02380112
2e18571d
5308f2a5
9cd73c38
77e37664
147442ae
01236198
aa57428a
bf967985
913e6e7b
7d0c62c7
c24082c4
328e73b7
00ba3d97
71be1c92
d57f85ca
9f274e27
b2112b1e
987e03f5
5c1c5a15
9a0c02cb
3cbd2e6b
cdb1392f
1740f42c
da9d64c7
46d09681
00291a10
15215f12
124a2631
d66cb52c
87e26294
8f5c6d3e
164c84b2
e565a543
1fc11960
7584a44c
74bb2a9c
1196fe1e
695743da
d6473161
6d20f69b
34bdc7c0
94276e8c
6a088b29
da73b1fb
d8a07e23
b4d05e07
7f23e720
378429ea
35710025
e8b63ca1
b78dc316
7e01e232
3ab714c5
48fc7874
a5515260
bbb54b51
99084bc7
8063a61b
028f679c
e45b012b
3de7e85a
eb7444d4
d6a7349a
0f902a12
675bd9e2
fa8d4cf5
43e1842c
9c6fd759
48955d00
5a66d49e
268a718e
948fc523
01b8560d
b167d2e8
56f26eb8
ccc772b2
33828ab7
c3873c51
cc8adcb0
d3a3dafc
b9d33a42
4c76793c
37088623
29783bac
ab3c8ac6
a70b4415
9bf6779a
5987f69d
3b05aa9f
ea108cf7
5b6c9700
80bfc8ca
d1327539
8d46d392
bbcf1938
80416551
bad969ce
1f88cae4
f7f96825
b41c2a23
e001e0a5
c3ab7a83
b570826f
b62aa380
d15a3191
ab01af3b
1b2c53a8
4b08c7a1
4195b952
e62e4ace
7052a1b9
b304ec0c
0617270a
d1361179
a8e3278b
75bdb9dc
a04768b3
45726b63
a07f4686
28e78efa
cf7b1463
fd5f02b0
a4abba43
9049424a
cb7701a1
b6b2a571
bdf23cc8
8331655e
18bb4ce2
5e590a58
2ac4e95c
94fb161a
3724ef9a
fe32e76e
55567cba
2fd73c96
cb186067
16b792e0
4d93440d
d96c07a3
76503750
473cdd2c
ac3489b0
9cc1bd33
6c50ff68
1acfb8ae
675e5623
a251ca75
e74dfb02
f26a28ac
9682ad4b
f1bf2a6c
104e0367
957b999c
f94306a2
97065313
73a4fc6e
8dcb12c6
9abe60fb
11d9988a
0c60f014
53e62252
3741e79a
d2632a05
caef1bda
42310d93
3e73c0f2
f7733078
24835271
a1772b94
d3f68e62
a4a3feaa
ed9c3736
237585c9
14c1418a
09465c17
99dfba0c
c1761acc
1a47218c
34df36b5
9d712d52
f3adcc12
f10ca5d9
60899979
1e2e15e2
7790a673
9c98c487
adbab8de
3c21a5f0
a3527cb9
463b4473
077f0c41
b8e53914
1976b169
8b2f17db
1c38d856
0576f7ee
53eeb49b
502078cf
8d15bbf5
9ad83083
9a24d389
774d3aec
f93f4c16
2393db29
506b6687
ae13bcf8
a1463f44
87a51ac0
7734ca82
18bc9521
5d7eef23
a9e63271
aecc2a7c
4a18ea54
ae6a692c
ed51dead
cff7cbce
437fb459
1cfdc7fd
360c8342
c6748f0d
5fb950cd
b80f0c7a
bc314ed2
55611e7c
eaa4c70f
db212701
7f2e63c4
00000020
00000002
0000002a
00000003
00000034
00000002
00000620
00000020
00000000
00000620
00000020
00000000
e17b32cb
c4eaedba
7739d8cd
15ae6e48
a7e33476
19603262
95e4967b
bafe7261
c2a4b6ce
5e098127
918adbc6
d2d34f20
c50c66ff
c9aa2620
f7ce73ed
19390d9b
811a601c
09c33d92
26c55bcf
20d876fb
8a43980b
cdbf64da
be05210b
4bd16356
1808cf3b
17cd3bc5
7e92a71f
7f6bfe1c
d1adafc0
4909045d
9c772b65
c9495be0
e4b7e637
8312ad3f
e88335ab
eaa3a4d7
fbea8702
d010bffc
6acd8d7c
0449f4ac
f2997202
86c0084d
edfbaa8c
5fa4a6ab
f4b1005e
801da3ff
555db410
d1a4d329
22ec82dd
75bb03cc
49fa21cf
fc81ef57
5cd2c2ef
255cac53
ad7ac559
26ab16e7
d2f83eed
cdcac250
1945493f
5d9c974e
094bf65d
05e39476
86ce1323
e76cd3c7
c49bdd4f
a91fccd3
4a98e568
4e3a3ee9
30b31cbb
f66dab9d
8197cb3f
224c6240
de80ab40
a3ae5edd
a60ffd95
a12e89a5
3f9262a1
c12c37b4
02b6a7be
3de0ea95
258b0e20
ec27b137
ee36eee6
91da801d
e69e0291
a329cf66
b3f9325c
4867124d
18ddaac2
05bfc43b
f4e127d6
bfed1ab6
8403f039
a139a871
fa16af41
b9601d37
457de47f
19ec1709
af2b06f5
e1d2024c
6bcaad58
5f2f30f8
f967a818
0b012fce
39cf79a0
ceae6aa7
12a7d18c
bfb28892
a62d56b8
774d0866
c4f4bd33
eb9b6319
0f988c1e
84c8c786
25133a21
93e67bcb
56c03b54
95e20a96
3faad343
4c997cc5
04425618
5b10a34f
0ba8ffc8
d1ca20b0
5461eb48
6091fda1
63f52bc3
23400873
7ced70d4
a9a03f00
955caa4c
acdd4ccf
260971a3
1d4f7abc
668dcda5
551a1b04
dada4775
d31297b3
77812259
a75ffbcd
6f44f379
fc1f93e8
8a73bb78
650fbb6e
6b4df160
98e8c18b
d0555df3
925d3385
7f9e55e8
047b46cb
c1ef95a1
5a5f0879
c00d408b
7e80ec4c
9f6f5e93
33c8386d
1e5d84dd
6485ef4f
756d57bf
ffd123cf
031eed74
3b6cb9df
4d795444
c788fc60
b290d16a
d040491f
343434be
dc0c89de
88b5dee2
700b3908
41b8f29d
9e4a8233
1397765c
febed7b2
23aa42f8
f6f92ea9
87e0b6fd
a54a511e
2c13805a
cd5e8b7a
c71e4439
ea2a866d
98ef931e
cf15aeb9
79dc5824
02619218
c193c9c4
c48e894b
3634f330
63717647
439997fb
a45b18d1
870b8420
c7952f6d
7d3cd409
de02f029
f04eaddd
5e82553b
1c4be519
796bc59f
75cabde8
df12f791
14b92cf9
32b35151
453a430d
76a4b4d8
338e3951
dea99dac
806d8b75
ea7d3c37
297c93df
4802f23d
24b0999f
f81e3a8f
7c17e631
f3197f90
fcba5887
6be5d7df
7ea83252
5f73864e
43165a05
bc5dc835
b9d455db
0dd05590
a9b68e70
15d27e06
d52906c2
80149132
0086abd2
fc74b4c8
75c3c66a
decea73c
00687829
9afbc932
f7ad2dff
7aad816a
9c63d07f
2aec7091
b27df378
69ee5f42
6dce400f
537d9902
5ff63186
d7f5c701
fded14a6
627a11a4
5c57d142
d1e5af65
3f7f8a80
42ebedb5
0a3ab59b
994f58a2
b519f558
724a0afc
925a8c7c
76963558
bafdcb6d
c8517346
31223d6e
56f622ba
e59c44c8
066b724d
d50b799c
47619bc1
2e1e9f13
2e18484b
d9449860
8f7458d8
6a6a417c
705ca31b
c23689a9
0810bbd9
b0f490c3
a0ec2795
c49d71fa
a8e01620
adeb2c62
e736f683
c279ef80
a57d6e21
9bb65d0e
050a66f1
68cbc69a
a76939ae
7f9e0f21
0872d18d
608ba90f
3188ceab
b8d8cec6
1858c809
7d5963c2
013f1a3a
3bbb6922
ca400fbf
f8b90be6
ac3d5a72
94e4cb68
6708c902
a99f0f03
b42b4a41
b2eedaf5
680fa092
d9504118
8aa3a6e7
e64a09c2
b06df01b
956c351b
c0f62bc5
0ddc84ca
0288e49e
5cf49efa
d448de07
15f7e8f8
88747849
30c91165
fb0c950b
f90e119c
ef702c40
2a13c254
5f7d2e93
2235c9bb
dd927557
e6e2762f
c8f9ae38
1b73a923
47c02edf
3f81b8c8
33726c08
1b8cbdf2
15a2b2c0
400b9e3a
57aa196e
0dbd9a60
0658f9f4
75eb11cf
f4b940e4
ebbcb2d4
6c3380c8
4110f797
9f2a2240
e37ce96b
e5a8d5da
8c4c0f98
859f0681
d1cd2509
c5bc9917
f7691751
b03464ba
638150e3
eed9c8bb
0acf2988
80793ab5
51ab0aaa
f3a6c427
cc6089f2
e52b49dc
e4509ae7
4ccb0649
c6f37d50
5a3d369f
8fb1cea9
6736f18d
a61975a9
d9d8318f
88d11c3b
5bcf7cdb
38a3b2f2
8ecda59d
1b1e5e75
864926eb
cadd138a
8ba15030
683525ed
167dfeb2
ad942d07
a78bd1d2
27d6deac
e2fec9ec
9800b9a9
3c32d4e3
2d3607c8
0ab1d390
412d99e1
fa5acaa4
bd382303
16edf8cb
81756d5d
bec1a6e6
79357cf6
2ebf6562
c22079b3
b9e564d5
b2a404c9
862d6dac
f39a7990
8cc7cf42
2b1ed6a0
571ddd6b
872ef338
c30579e0
00000021
00000002
0000002a
00000003
00000035
00000002
00000620
00000020
00000000
00000620
00000020
00000000
8637085f
c1503b74
009932c7
23476f77
0ccd7879
1c31dbd1
effc90eb
effb893d
612eaf2a
f411355a
64ab971f
2662cbea
b03256d9
80ce2eb5
a844f3fa
ce488d96
94bcfbfe
15f543cd
15a7c28c
556f7a18
afa8a09f
ac5606a7
656bb2d8
45e080b4
5c1e678d
f89b74fa
23107ca0
9cae7612
4b121f22
5b4db069
119aa7f6
798645dd
7a45388e
e3327191
5c06e1f1
7aa816b3
156644a3
0142f7d8
fe5ddd76
d7b530d4
177827ee
546fcb82
287cf604
c23f88dc
59951a08
519b53f9
c5a0784f
3b6420d0
a36f7e7b
78bba270
287145c4
370a7b82
90e417b4
1df8405d
9c4e7bf7
5d7b1f66
0bdfbcda
ccf5d2c5
4bf0f1b1
92977b34
200c783e
9495769e
b209cd5c
6197f8fa
3d53785a
367dd7f2
6e3fff0d
905c7bb8
14a09d73
83bbd43c
19a7cb37
e75c12f2
8e01ad16
664a56b0
e7085a2d
131430e4
609ea27c
5dbedbf0
e6abfb52
613f39f1
a7d9b079
c9e1823b
a61bfd12
27b6afdd
7b5f9b26
fb085e7f
f032a330
ef45e7c8
3a42b467
5c11b10d
d95344fe
9a03fe8f
c03eed60
214b3093
0c626a0a
190aca28
fa06bc88
6498a731
8406e09d
5eb97aea
66f3cf19
46fc9a28
c1691f42
31829cdd
46b1dac1
f3e2376e
75460dce
fa2712bf
f71d27b1
4c51f7b7
81be4ca8
f5c1c9d2
c7d7d732
b657190d
cb17487e
d0b51190
f7e08f86
e1c81d1f
f799dd6b
feb44199
2d42e628
4e2f8f8e
34edcbe1
cfae7063
5e6839e1
23786051
079d1f8b
c9b31ca8
a067839f
0b1a345d
75be2f37
981544b6
8fe308d7
ac1b7f0c
92cf3082
9d560e39
f878e5b7
003d3f6a
37353251
c7970df9
28d7d2c6
b7b7b29c
95a09a74
954514f2
7b9ff161
8a8a5286
90a4ec92
019cc336
9245c7a6
08ab6203
b3d7f707
3bccb02e
8bb0c1e2
5ffc3a99
da7fbd8d
f4b0cd67
fc604ac2
9f126f63
6f8a1732
b5b28f6c
f9577dba
4e17730a
07509c42
8075de8e
be848498
aa3916ae
7a35790c
32f56213
6fe26259
d9fe1772
4d212662
675d0f98
7843da04
fd495d5d
57390f2c
5910b641
e0d27d59
f96bc551
d28afff6
8ea3890c
b2d40274
32baaa9e
a0ac5aa4
9b0c18fb
f3ca4c16
26a87b36
0ada15f5
4a8339b6
cf8efaac
dae446b5
e503be3a
93ff1d91
464d1576
157f6f67
7c6b35ca
b97b14c6
1d390ef7
4795c696
30977b20
013cb970
ba95b271
5d6e6542
715ea4cf
9cabafe1
c3cb8c01
6f15210f
1c687e4d
c122f444
fd81139f
cee07634
2d022c28
7ed4728a
c92eef45
43bf55de
8e33ba36
beee8887
0b7735ab
899b6ac1
59405fe3
75bd509a
0aaaf5d9
e55dc821
fbfa3d19
87ffe3db
e4debf65
3c63c1c0
05995054
b3cf7636
b7f43179
6ac20368
b2394a1b
b15801f8
13bf5625
f897a72b
ddc92ddd
ad19a807
b8d9b563
51090d0d
ac41e049
f7920161
a10a841b
e340e10e
5451e49c
fbad79bf
575e0c97
27c9c5ec
cad007b9
a0c3218a
6262453e
d6398872
0a6a75cc
948ed8b2
8e1a2527
afff87df
2fd057f4
b81b68c8
aa36ec41
af42eac0
5b106fba
a3fc2838
e29d9811
dbba2485
abe98d5f
28f0053b
6c65c45d
3bc7ad99
aef924e0
7e3e7cdd
32b40b41
2b7fe3d5
6f3d9404
18e7d5b9
e4269ead
e75108fc
65a554e2
a8542d90
0b54e0f9
2ce5722f
ca2f0fb7
f35f4a67
dfd77ac8
9be72439
0977b72e
f47ef39c
931f3c43
e9c43379
44998dad
d066e25f
0e7e31df
82fdaa04
ae46deb1
d0a2831f
21eb4f82
42164dff
438f3e07
bcdd12ee
f0da7c6b
4fa831e2
8153e50f
5a8e2f78
d79924b7
b0f37e33
ca655849
a05cf7f1
5106afa4
6a21f8cd
abfcbf3f
8f9b50a8
fc594062
3e84ca4d
d97baab5
48f56795
fd32e2fd
4c97680e
991a6ae6
8feb3682
17977b0e
ec606ca2
c94bb7e9
edb37591
193a81fb
6b93bf3c
911dac0d
65adbc59
b0d7b9e4
26d1a645
991c5f31
cb4c0802
f935b0b5
ad89502f
0ff34c17
6681e55b
9e50e137
7a9cb73a
bf8025a1
cecdb69e
2067586c
8b604470
59bf91ae
c3b5def3
8c33aa38
d8eb516c
c4259a19
560531c7
82fdd1b3
d3be4161
285cd22f
c7415e9b
3264158a
a55db2a5
7a7e06fc
188d3c35
f680815f
09078256
aed710c0
b93cc91d
f1298e4b
33e7ee52
9fec03f1
9256f374
fbf750e3
5b936653
2607dc83
cf560cb9
13a9f18e
3ffa6630
281903db
b4e47549
49066b89
e29594fb
b354d8e8
766bd57c
efe489a4
91e52e05
64820641
f7162345
7cbec094
b296c52d
0de7839b
a3856ef9
13a69533
a4b46777
061f9bf0
91ff0332
783d77ad
dc0ea644
e0348800
783401a0
ad9d49a6
71e16672
431fcb25
b415c828
fae87dd3
accf72a8
53a4abf7
3aecb249
e80ebf4b
c823c22b
62f6bede
833a6b1f
00000022
00000002
0000002a
00000003
00000036
00000002
00000620
00000020
00000000
00000620
00000020
00000000
db0834e1
3e56e5c0
2dd7e0d9
267848f3
4b3fdd19
adfa61b8
b160f68c
629092b7
40eb60c5
d2b4d752
f727663d
bcf1a768
e763b8d4
a6a34cb7
c791258d
75378b46
fe36be62
4314f9c6
38be9227
1442601f
7b3d3ab2
89a9df0f
57328a9b
21e8327a
8fa46e6f
d08272aa
4ab82301
b8b7001d
57c32797
2c54ae0f
04e5dea3
d4f26874
5d1a0d0c
a9579516
68d8806e
a7202c1b
5f489a1c
8eee4f53
965e6698
620ffec7
21b588fa
162dc4e3
db1f1489
6180fa6d
2f2db175
7ca6fea2
6d2f3f68
f7f001a4
00992c25
1f74c6af
fc215a5e
c132ef6a
1c9e2c4e
bb41741a
9b8d3ef1
0be07653
fbc4412e
dbb236a0
a5a52c20
9f969475
7c5a774d
372bccc1
d706a7b0
b545dfb1
0445de96
2e8d6c64
08dd4a0f
c24b21e8
5eff6984
b3601cde
57573f38
6d3b340a
5df64e5f
0e1a2e38
37d0cf33
8f04707c
400065a2
b0e945de
c9919e32
41b7bc74
368567eb
51242c57
24a52f3b
fa98814a
80dd6d7a
8f7db465
0e0a6e5d
1d8734f8
2a499db1
6712481e
de48fef4
a5d0ffd7
dcb155cc
52d99212
a5340a86
7b872299
6d5aaf55
99dbd321
f3eb7d66
20e5435d
13faacef
65f591a3
72ad6b93
303cd9ee
9c2d6a0e
568efdbe
9ec527ba
e9ce2bf1
e7fc19ef
83aa5d10
768b8d73
6676c892
e2b7c9f0
cd8a2038
f282be8b
da7596f7
35d07826
aac227f3
bbd40c74
4b55d960
481a976e
d8335c88
7a4b39ca
62243184
1a5b014c
85415da5
a39fb03e
cf417506
f5062a97
2f52aa87
51ec2370
b7ffc80d
901df3c5
ba86b667
fc98dad0
00e348a6
f69ab3ac
4b766e3b
2e3f6bfa
1e2966ad
335c8e5e
b4315e68
b2c270da
c6385a9a
f2c3e481
ce29a1f5
3b83d66e
b5dcce13
9512b782
eb5374f6
55bc7d10
9aaddc3b
30b62acc
7ae3ff57
55674a5a
48ea1705
d43b6717
fe74c678
e3b8e628
a7f564f4
59aa7533
f0f874ac
d777a334
eec9405c
63cc83c6
965fbcc0
177cdc25
3af69881
af30186b
1dd23fd8
d5005a1d
133fa4cb
32024e4b
3fa26877
cfa5a187
328879d1
713ff89f
a20e24be
6e238087
2da90110
4c092fff
22b3b0a0
0fdd408d
7d1bf3b9
41a6c0bc
c571c486
5db630af
1221034d
d8337773
4171700a
3dddeb7c
84402105
25a649a3
5bcac2bb
fca54791
5bae60e4
8a6611b0
5d914aa2
2b73f11c
b1e127cb
9a585b1d
831edf91
ea0d09e0
806de3c6
e9c9c4c1
aab479aa
12c144fa
4dfc3231
b2653c8d
154c1cd8
705f841a
fc556f22
2c4a41cd
0e1e97fb
fdb9cde4
b2e2c882
e1598adc
b87706e8
da3d205c
8037ddda
a80ca2dc
09a7e4a9
cc16e4bf
9145fcf5
a8ed985d
e66b02dc
b29890db
e22bac49
95b872cd
dfbbe104
60e6b97b
43431e08
67696c65
d5810812
081af23f
d343bfbd
141bd5c0
b399ac5d
81dc896f
00361946
e5b21fc0
a625a8ab
40cc2b29
d2d83c8f
40122ed4
0e6fff8e
217c6acd
fd805137
0e1aa18a
481ecb58
6804910c
00ad7db6
0888281f
dde65d28
8420dc92
3462ef6e
0cf94b45
3cee02e3
26d4e418
2dd5560b
e55bbe10
6582036e
d8f3bb63
9ec61d6d
282eccd9
06836e54
5d705e86
46c84e28
46655052
b3f101db
c3a9b7d5
e310fb9f
8f9b8bba
1a4a9008
e4eabc16
bd027a34
e2f911fb
23423232
3a0a6d05
4b471f40
50441fa1
6ec94976
b9b2594c
d647261f
0874dd78
eceb1abc
30853a74
8d92fc91
231073ea
bf6b6c02
f664cff2
47add467
e5f6525c
82c5949e
9e5a9e69
585617b7
0940f5f7
90b3b044
d3647562
06f117f9
f961490c
23f6aebf
69d81f8f
27476764
d0a0977f
27941d75
6e072cb5
2548e050
3cf2d98e
b6626008
c803390d
2ea7bc74
5b3f17c2
2a7b66c0
a330d723
dcbb5517
75979beb
6f179787
8d7dff76
902d5e24
d272a219
a058b5a9
450b3ad0
c524ddb4
226ce56f
56f16a2b
72fff3b2
579f2c22
031b4951
42521d4e
cc468844
8691ab9a
14fafbf5
8a16a209
f6e642ef
4478f321
1e584683
6662e302
8b6bcdf3
162a35d8
177e871b
4205d809
2b1356d7
74dd1422
2b2b96d9
08111c95
1d9acb93
4758be90
c761e336
6f73f87b
2144557c
cd7c5370
7dab27dd
94d67f84
8734d678
8c255bd0
e4b2f8df
9ba51428
765d59a9
d0cfc210
f2764aee
e68941ef
2ccd6b42
ec59d791
0df6d511
d40f618e
3b5d5845
d3553fbe
8963d537
7ef12902
5e1fb4e5
d00b7c32
f53b0c4b
b7d4fd12
b3b70afc
17010791
868db2c7
55536f56
2e8d15eb
6a07c609
e8c9703f
f750dbcf
a94fc157
2ee1cae1
6a48f4ae
9d897c5a
a83de889
0fffd053
1b14f40f
f2333b2e
d9924956
4ef10ef2
82b8322a
4a6e96f4
707a0d5d
71e5e50c
5c04aa33
ac5091dc
012acc15
e06375a5
00000023
00000002
0000002a
00000003
00000037
00000002
00000620
00000020
00000000
00000620
00000020
00000000
d0a5e3cf
c857470c
4778ba74
98b8d610
b229b3d6
e76cefb8
5b9da2c7
82e9056b
1e191adb
2fdb0fbd
6ae4f4e1
20a0c4ff
f51b50ba
fb3a0bea
ecfb0d63
625e300a
b3a27e78
68ffc068
fff55ed9
b6f6587f
217c5a76
4b46a0c5
a4529481
c8f69684
9e1e8afe
7736a3d7
5c788c3a
0a39e36e
32531069
22b00bf9
aa701128
da67948e
bec93c0b
78787e54
ffa2621b
a94deb16
01b1883d
0e0419d3
6e78ca6b
362fdd6a
29f857a0
ce821fb7
82efb923
5b84a126
7a04391c
e5128185
b46b0c3f
7fb6108e
f946eb79
8482b57d
bce8c683
9baf0e2e
2449665c
58d8c8ac
0d7dea2f
6eb69b83
5c238fdb
f974565a
2f1de7b6
09c5d165
6295e2c8
7643f64d
235e7c72
ca1894c4
693af204
127fb18f
c9e82c2b
cade1814
78c62253
b5b12d70
66615e7d
7439ba95
1ef5ef89
8e4ece4c
10a0b510
74c20f02
daecd5c9
9eda0176
ce5ee60a
502d6745
05cc5f11
fe0ba75b
70646e79
7968ad82
2ae25444
fe88edcf
857ab339
d5d6c268
9a2629ff
74bf2776
689681e3
58d8d9da
1c61f3a5
f8ae24a3
b5e0351b
97402548
79ce2dc0
dde182b3
ab292e0e
e3e583a0
cebf761b
76327a68
b835e7ac
86145300
b0ab9d2d
4b956458
c5a15d9d
f126975e
2cac59f7
05d37567
4dde2c3a
11958452
0b9ec840
1f1ce346
9466ab50
4f86a22c
c7966db8
2cc8fa3f
614aef8b
c0cc3536
1853e375
1391d347
86415cdd
0dbb82e9
328b5bdb
1f5e8be2
ceae428c
4fbe99af
f65e3779
d1fc210a
16fa14bf
0c5cbfb0
0eb3c043
296a2861
75967b01
766feec3
14e3c31d
2eeea76b
fa972f46
005a632e
0515fb36
c7d71c8d
9e44e884
c8622c5b
5b1e0e29
1917f0a9
c4552f30
fba35103
d98ac407
79706b66
9df47673
6306aed6
3ff9d6f9
229f94ea
9ec0204a
ce799db3
087f7180
293da9a0
6038f44f
f4e99a26
ea9ff5f0
32246c68
fafc05ca
fe5e4c81
b62005c6
e9a75854
0ecc0c80
dccc64ea
6c9cf9c5
967f04ff
03d24bea
6498d638
bfdd6d73
9224ee9a
afd04f2c
fca3e982
e3303796
8f74d35d
e5bd8ebb
46b1b5ca
4d941b58
49365e2c
9960ba47
fffd5797
c0cdfbd6
b37be13a
0a2ae3bd
0c09fc52
739fb68a
a26f7c8b
9d9e47bd
d407fc1d
826f7965
b617f6cd
059d1704
1381d227
81739d82
035950c2
79d99c7d
5ced6590
cfce654c
a718d8d1
fcfe9510
844e06cc
4f50e3eb
2a73fe18
c3504904
97d75d7f
ab151e97
d1da6937
e207a6f6
d0a8d28d
13b9c8f1
60a71651
06f327f1
19b3691a
a32bda7d
844f00ba
cd51840a
7bcb6979
fca06dd8
c72379b7
70b6c08d
1fb22a6c
86d4c350
c86d8157
8e3fadb0
c0ee3c04
4591ca30
df692518
055e5625
262867a4
81daef4f
38c2d7bb
f626cc5d
4d537547
850e24ee
97cd73b2
67518a81
d63b4a25
ff6da361
180ece17
9e8b7c90
05476fbe
d47d700c
88f79031
7e0c882e
43e1d5c5
340a2c5e
94437190
5a88e90c
d2b6a59e
b5dc1a46
d379ce0b
1b2a2176
f0d13ae7
95addb37
f4a8ce38
d330ec87
71734194
1d1be83b
a1334c7b
41a3bcf2
7f7143e8
75b47865
fb746f84
0ba6e07a
7f3331b4
e3eb1486
2fdf726d
d75037ea
77cfa839
ec5e759e
a6cbdd87
5c20278f
4f1fd2d0
6e1ba004
1bb577fc
a5ec3adf
32b3eb6f
8d5e27c4
ebd28abe
846892ac
0e6f7126
9970e4ec
2f813d29
039ed92a
715735c0
6bff5dd8
1c6aa154
ee284e00
eba86765
02ab180e
444ad31e
c4f24289
a922800f
895cc4bc
11f24a72
028fd08e
6d1643c9
1abe98ef
a663d3ab
b046d295
c454f478
5054571a
9b695a7c
17db86da
bc9666e7
ee423bd3
c42f8ff2
f99e1a59
3e7aa47d
c0dd4b3d
18480bb8
485ad697
71363810
b2e47c79
5fbf623e
fbf98a33
dc71fc83
769dca73
5dcb987e
0374ade5
5bb7df46
436f29ba
3ef3597b
46aba12e
528accd5
f95ab020
8908bd07
809a8167
b676cb4c
370f3edc
c0a2efb4
8ea87cef
e4ab7f4f
9e1023f2
7a162108
873c3dd9
355e0242
c34731b4
0630fda6
dc6e87c5
61720d2a
e0912b84
6d1ff19c
05adfac1
8164191d
7296c496
059e52fa
65c7f735
b0d15b4b
f09e167b
85ca82e8
8ad8ba5a
88fbf663
0ffb5fa3
92827880
301cbce2
710d3721
4dec5671
37525c95
a8f742aa
0a2d0405
acdca6e6
23c1180d
86b3adc7
0d401607
0c4dfd1c
86b22862
b4cf702a
af5baa09
a85d8268
4b10aca6
44d680b6
b4eefbfb
2f09c474
b73f899f
f17eba87
d5b65918
49f7bd05
05cdc6a2
665f34b7
a360203a
12810d92
901e814c
8ac9eead
c42f76c3
1fc52f0f
416a67bf
7cdd1179
47236790
876e8f5a
1a7eaf8b
e0659144
209494eb
21fc94ca
400bc51b
d563aa58
c448033c
00000024
00000002
0000002a
00000003
00000038
00000002
00000620
00000020
00000000
00000620
00000020
00000000
5d2d9ce5
2a0f0b62
8296c613
9c5f731f
a7184be2
b3cbf634
65c5ea6b
66cb0f6b
4e340379
4c3cb778
d576fb22
6ad8ec47
9e149fe2
5ad45194
3a445f92
3dd4df11
acddbad0
b3bf6ed0
e48ab5d6
d566632e
80735a31
0f993856
e8e397cf
5c898796
af11273f
073ed370
cb5cba39
5302f416
59746bfe
d01490b9
4a34b8f5
ea4a2d5c
bb4b0cd7
3ff31c31
3dcbb293
1ba0602d
60518e87
fa2967ca
3d051ce0
9d497116
0f23a004
9d653051
6ff19a79
e490e4d4
3a038c65
2ea83e63
052d5c5d
7d962fd8
9d69dc7b
3d4426c2
a9607c55
48e7fd93
edabdcb4
caeabcc3
1e3581ef
cad70273
c1766434
8980b9f4
0c546f65
1db2cd17
b277be30
d766ace7
f541f130
bb76b70f
b8245ae4
a22d200a
cfdb3c85
d6ebaafc
da242680
5e95f39b
27ec69e2
e62526fc
ea0f5533
a2c5043b
a7c7b53a
fef3464e
d4ef1c13
5bf80da9
1ec7ec4c
b3ece56a
db16f263
039a258b
590f0d9a
8dc9e288
f0f3fbcc
e1ab7d31
3a2b2dc9
a8c7d1a0
fc11c722
312f3419
abf3ce7a
f3ef6d45
e1640359
47c79658
9418e492
ec7e7aa2
4aa8fdda
e1143ee3
76dea39c
8b46f995
b214cd14
33faf22c
4eded956
6825977a
1310dd40
ec42535a
3e5ca140
954b5222
ad86f4ef
dfa138eb
a9c3399d
5a5d7067
3fb865b7
89c13821
72bb2c01
f1614a88
38877266
7841c3cc
58cff4eb
20bddd9f
94e0541d
75448192
3481929e
56efdf3b
4b69afa4
ade1b59a
6fe3992d
05139785
8e2155de
64b358a7
c04eb8dd
72170797
497e3ee5
26bd5335
3269b58d
73772dfb
a57b4212
5d902df1
b6814b20
da6046c6
42f07f0d
e11d5992
aa23ea80
0ff20aca
b24b8596
aefca653
057e7a30
05b9106e
5c43759e
c3fc1499
9be67777
911463ba
ec91898f
07e8a56c
5f753df2
a96264f8
2924a281
fcef16fd
631e3db6
135a1e9a
c59fab9d
c948da62
c6baf11e
0aaa92d3
af0d6e4f
f158025f
c08ccd02
6227eafb
b518b9fa
399435f0
acc401b1
dc4fab94
5a44b153
166cae23
be94bc63
726431e4
542e98c4
13e9cb56
34c27c6f
af4f43b7
a852f32f
b7825050
5904340c
81e6af38
9719fc46
0827d0ae
a125f290
0d364ce0
2108130a
de2530f8
531c5b96
2da71871
cdf3ea3c
88e22bac
a9b18fe3
5e637379
05afb906
78222699
18596a35
dfde890b
25366d24
da4a2097
b414b283
321437fb
e295edee
5685d6ec
2775bb14
ba4f387c
38869d94
d1570505
31b6b636
3ce33cb6
a0066629
cf363f46
cfff1018
77d89a84
f4905270
5f40077b
fec2cfbc
8badfa21
c62b8f1c
e8a046ac
6d4004fc
05abfff2
54e62713
86642ce5
e6eb4021
ddf1a23f
a0ab7c06
593d0c4e
5113d2d1
c0a1643c
55f28be4
4e28e13e
dcf2d05f
23db92a1
dc214959
292c8a59
d18b39e9
0865e087
97cce7ce
24a5e6c5
7575e6af
5d1e060c
7f65fbec
5e8fb422
a253b17f
5dff0438
76962550
3b5b7ee0
b989d4cb
7fdefceb
584abf15
fac90658
8042379c
aeb201c7
d95aaf0b
a4a3d954
14109819
db0b58dc
c8b0171d
3999ba47
26e6db9b
0dac16f7
a8d22059
b233167e
0269d0c0
29f7397c
09f04fb9
d03ccd7e
2e1c1a05
a670e533
ff1ac646
db34008b
83824957
cfe55ffa
1e6acea2
7172f3ac
ab6f387e
bfb8b213
b3674399
2496aede
fd58b200
e62e7b46
7b698700
14ba3b4a
3c681150
eeed1f1c
92d6221e
c6c3a790
91627efb
e7eac4ba
72fe22a1
3d32b1e8
88a455a3
e221fb3d
be8679ad
0363aaa3
69e3e6c3
33819bee
c2613899
b6ab15b1
508fe085
7276f33f
15f6f7f2
3ddff451
0f8bfe6a
9e06e2a0
111550ea
214b11de
fc360f79
4a10a0fc
d99fef09
d22f7e04
eac8f987
80edd939
d9eeae4c
66be0f50
5e6e83d8
c4e60a6e
1cd6ef21
df27a1f2
07e39cd8
f5ac69fa
ad313fca
7536e14c
6e7e19f1
72446de9
39f54799
629093ff
3c1fdb49
94f079c6
29dd917b
daf21f1b
3189e829
dc7b0559
a11a239d
410b8aa1
4253b3c1
2afbfc7b
dccbdfaa
c600461e
5ebbe64f
4c623525
4c4beb01
26dddb3b
4cbdbdbc
2c99fb5e
f5d3b9a5
4fffd5bf
ebb6d425
69f836f2
1a361643
717e228e
f913f23a
a1e1fff0
b5f97fbd
fec3a658
9d546381
fbea3fe0
2e39b7cc
c83aa530
fd902e8a
b3ac20cc
e6b92ce6
3caeaf98
c9f5e20a
b1295579
dfd1c9cc
6202b272
8fb29251
d14561df
92f57abb
7cbd06c4
d119f2e5
e4aa08a2
ce426df6
893d3815
f6a409a7
ad435412
f5212200
8f9b861a
1989bdb5
365f0acf
60e35c9f
ab3f25d6
f1ba7fce
ae813098
eee2d41a
908a54c3
ad1156d3
2336c207
7f3976b5
6628ec95
d1356ed6
acbd848a
f478642b
74a0f8db
01f8b193
fe6864d7
00000025
00000002
0000002a
00000003
00000039
00000002
00000620
00000020
00000000
00000620
00000020
00000000
d01bab10
84eb7c7e
fb3e076e
323d4912
a16ba2ba
99adc3df
65fb4c62
87891527
7ac9603d
9c2fa97c
9625d348
9d686365
70a90cfb
f0d78001
8d81f24b
421953df
1bc8ddaf
6ebecb63
9263965e
132b96a8
b8e90764
bb7c404a
22ff93e3
1884a440
9bcea267
944e699a
35f956c2
03a26b54
2c86fcfc
e1374140
f305fa26
991eb7c5
6aa105e7
c45adb61
282b2651
e86be793
b1e08e6d
a1365d7f
5abff895
66e48c07
649eb8ff
3ff4b0a2
e438cd2f
bd0ece17
3a359c8b
ccd4d9fa
c1073311
6035ec45
98d2ef1c
526ba6b1
be02aafe
a2704dd6
af86b83c
48b74ede
5f62b58b
cac33e6c
4b6b2685
1665b443
33120180
6866e4c8
1f43ef23
1bafd37b
3984b967
0f7ac5a0
a0a104d0
a38e6268
9dccbe50
d5d5b162
4c8ad731
fbf4edde
a2776a49
ebae52b7
3aa07c41
367c7a07
2db72479
054b9f89
e9f15e99
9566a02f
d7f290d4
c1251792
17d27fa4
e705b8b8
37be19dd
2563aafd
b9fc528f
b491442e
e68c1229
0fe1467b
7f91a2db
c9c4c05e
fb8c1b55
1b881eb3
d1107cce
448fb137
101f7c11
17e4090d
fce84c79
b441b4d5
0bddb00c
330ce091
3ff3ef26
a014fe72
07fd856d
1e3e1d4c
8975e871
90568f35
03a6c983
a9b380cd
e74f0997
0ecb589a
9f9cd288
bbfbe49a
3676082f
274df7be
39c1c095
86ab5efd
e7557127
8f3ac426
ccf67ea8
4d148899
1adfdd19
19c7f034
2303e04c
2bd4da7c
f4d413bf
fa01ef7a
2901a486
8fe09cfc
6c4295c8
e27d54b9
8bd0aedb
268915b1
d9f229f9
bc20c259
b82e1325
48b5de54
1a61ba52
3957b61e
db887093
63aa15d0
060cc16c
04452454
b4f5f612
f46bbb2d
bfa61c38
459ddc20
690213ae
07cbe682
3936eb9d
6c3249f5
8d893458
8f4ff9f4
b0714ce5
b9325754
111ab952
a2467f87
89e397ec
cbd32260
07089214
9d8b13a5
b1591c0f
7b8c57ad
30a697c6
b2fd5d08
448cde9c
08a32d7d
fcbfd511
58844113
3e14160f
e09687e3
64b8b82f
1c624b0a
9ffdd502
cb6b7557
207fcddc
570bac94
88d312cb
d0b310fd
faee0a3e
5d57ac7b
17b0b30e
9852a92f
75509602
218bb08e
7123af94
fabb2a89
4115650b
1fa8c6c4
0af79b26
0b204936
1c70834c
228cab18
fa101843
56fe21d3
e0951221
4b27b934
ff9078ed
bf049030
78fa1e86
1754ce2d
06e67484
0203e245
f77d795e
05a8a913
14108b3b
2a669d86
ae80191e
66128dfc
d047163c
45df229a
ae40437a
5b94499b
59fd7c24
175d6e9b
d33e4dbc
077ccbd9
5e13a09b
c26f6fd8
26f66b26
6967144e
b9d62954
33ee6b1c
8d26bfac
9fe2f58f
af7e5e66
87bab828
6e627a83
ef5a94f0
f5fc0b3b
c7a6c7d0
c4eaf4de
eac17875
60a9132c
26495d06
d195783f
4f5bba59
17b9630a
c710e61b
a7d127aa
afa26a81
bc966ebb
cc6f467b
f1b3ebca
40b888c5
77ac42a9
ddc453e3
5f987cfc
808694c2
3ddc03dd
5b16c3d4
1903b20d
0244701c
50bb2e9a
dc31118c
1ac4745a
63a0180b
e8b9eda5
20f3d2e0
bd538f81
955169ec
31d3b073
a8f634fb
dd2ee913
9d795bab
dcd793aa
2da0e603
f4391dc9
26f3639e
7a35001a
2ce8618f
c820a727
e067b625
c512ff97
a0210b72
0938890f
304b51bf
43aeee1d
ea9bb3f9
5cf8386a
7d0e5431
10ea7e4c
513796e7
b0d3e1c3
2b76b48a
166d5294
8fa2a1ad
51b70d15
f2cc38ed
6550c5cb
52767672
55383b3d
8b0f28f9
f2d268f4
f0c0bb88
3f79c831
09ae3929
510b62e5
05f655ab
010afed6
532f5705
35c9742d
cf2b8b96
d4728e59
70807de3
a1e7afe5
22093e4f
c75c0ad2
d8385304
9fa2cc5b
56cf5476
5ad380b8
d8e53a00
b94bfb00
52a726b0
6aecb7f8
496fe767
e9066cea
63c79e8f
0d97ec5b
3163a38d
10edcb81
a2f6af7f
a4c649b7
b350f7b2
62099dfe
c1444647
73ffbb14
d838e7ef
55d12a4d
cd7c9bef
6a6ea383
e11e25cd
d49f1752
b561f161
d034ac06
0a128679
1e1410ba
590082df
c8ff7b36
0718ebd5
c636d3f0
44717c9d
c0d33516
0aa4f2fa
a18cebc0
ea5dadff
49e7c636
6d29d475
e661948f
41ea0c63
37096565
3a97997a
d0fea388
e57ac70a
8bda669f
95bd69c6
40f5d291
d8edb9cd
ce3cba7b
3acbc08a
0434fdb3
a4c7ab94
723447dc
f9ab1e0f
1f86a939
b288d2dd
8b10be23
90db0a01
187acc7f
9ce9c940
e4f96ce3
e40b8274
3f19b3d2
2f2dd332
18d6ef77
a6678cff
e169ada7
c38be9ab
1f7ab2fa
2f9244a7
3e888aa8
d85168c7
805a056a
4a836051
d98a5767
f5a069f4
471c3702
aa41288f
863f514d
430612e9
42a9aa26
79b4c2b0
9a8f36b6
75b9951e
fcd87929
10dbea35
c8050cdf
4e2b89be
052d1336
108397e9
00000026
00000002
0000002a
00000003
0000003a
00000002
00000620
00000020
00000000
00000620
00000020
00000000
d42699ac
cc18de55
8d192c21
a07b627d
40cdce87
bb0d564b
da5011cc
eb2b97b9
87a9870d
459113b8
3f8a9b7c
6300492c
d3f5c73a
7ddf8773
081ca644
7b70985a
197b489f
b57410b5
eeaf2759
d94c2b82
feaf8dbb
6592b60a
501471ac
71de7933
40843bf9
e1ba7388
ddbcd856
72518f65
df316e73
b04a7be8
27f91121
c7b25b2c
1f1c9bbd
53b089e2
e1614ba3
c7640fc8
a0fb543f
e94c039b
e35dd5d9
7f799548
47c10791
645c9af0
d3efe7d5
84adfc2a
46b43719
fdda26fc
cc479977
f6bee75f
e7370b5e
4ed954a5
4a12916f
b1c31de0
662e9e50
e3f0b1b9
2de8b153
2e898dcb
098d4aea
a2094534
9217d784
013214eb
4d190c3a
e58d16ab
64a96330
431e4f8d
8c4de245
0a7f78f2
70307cf0
c4ceedf8
08dd2078
31860461
1eb6ae56
b08b31cf
539f983e
b39e7c95
55a8d98f
adfd7ece
fa2328bc
c6f9f0f9
1034a053
e728cc14
d52c7908
2d0eaa47
006fe655
9a90f0f6
87835411
fa721247
0bbd1676
099b6ea3
e392829c
4f114aab
a4c12487
58469b40
9c0be70b
75eedd69
421fe156
bbb29b83
cebad70f
40dd17e8
32431949
a7c1e0b6
1261d961
b0418d72
74629ec5
e5974f0b
b82421ac
6351a4fd
1294e8cd
75fe5b14
508e1fb1
c0c8a908
f04a56ac
38a81ca6
0a90b984
255e38bd
dd4d554c
23c1de9e
8fbd10e9
b70fb8b0
168188c7
2f8ed35e
263f883a
642c672f
bc75ce12
f61db751
3d9fd064
ca4135e4
9b01d5fd
c3025d4b
a05cbdb7
360a28a3
c1e7a9b6
5626056d
2759c19d
194b4271
7aa295d5
e35911c1
f014ffbb
e3c00da9
a9e3b2d6
b30ba241
ac17bc60
a9b24ca7
14726f31
9eef125e
36566209
92cfb1bb
a4bd6bb7
cee40927
8710ef4b
eff39ac5
b8a28ae5
9f2f81aa
b4d7ac9e
32dbf305
2881f633
7486f71c
552d5edb
533c32b3
2f40da49
1a123de8
8e9b2792
b5ef79e1
07cdf974
187d2eea
d6eb407b
1841e98c
a1a206e6
625a0afa
530b5e94
14b9549d
2fef6168
9bc81ffc
1e873e7f
2e96d095
b9933108
8c1430ab
d2b882b9
2a6199da
c5861c7d
2a5799f8
349a5e5a
24aa3854
bf1d42a2
7aac1618
460526c7
9faa575d
957f56c0
53163c43
24a98ba0
086baf20
a4942144
ff4475b3
c2136157
49160714
0dd1b2fc
37c2f3ad
5ae91d96
a2ac18e5
b6e9f5b1
686cb69a
adbf272d
53beef4e
b0e05cdc
26d6f828
022b6ed1
59e79c4d
72cce031
60004669
cfc83631
24a2e8e2
8fe291a5
6bae2454
27d6d72c
c7631bb1
c911e9f4
80f0ad66
b287fc9a
cccca386
2e8c4608
52eafd1c
7a28b73b
9ffd2b91
c36cb4a2
742a9c82
9a92fc0d
f79ec70f
42664afa
fc3e4bb3
66474535
88afbf11
fcf51b34
2f38b525
db73ae11
3b139fb0
f42a582b
8c67ca8c
0d13a3bf
c4312e4d
9cb12df6
aee37a19
af58c705
a37459f2
4afc4fc3
bbda869c
acd07260
26ab20a6
6d9bcfe8
d36915f0
f866dfc0
01698429
ecb47bb9
6a364948
509970ba
4a8edf89
6fa1d1be
5ad7c10b
3ef25ae9
5f3ac24c
4d33a975
57ba8f2a
b869c6c6
4f2e8a65
559b241c
8af9424f
47c758b9
1cba02d0
9ac3bca7
577ce443
1a077752
c862bb09
9aadbb91
35dab755
a95843c8
43917cc6
593a08c9
2c88aa14
8f4ce43a
1c03b94f
6c0034cf
c36038a6
8bc4ff90
45204e66
45d47490
aae26a29
a24062e5
ff21f8b7
781dd43b
3a6880be
bc032e15
69876f97
e3d9ed6f
889716f2
2bb6de00
c44b7316
c0322df5
9ad370d2
da4bcdcf
ef7a55f2
695c3ae3
7958464a
55ee26ab
ed601452
10ca81ec
169cc6dc
87837c0c
3f39d0f1
caa88afa
5e022675
e70a0925
4247d107
46e4fd3d
36151552
96c6b2fe
5887f4ed
c868a41e
59e59bb4
5b97778e
14b53386
3bfda39a
cbafb215
f140e340
7a80089f
b17dee32
1fe2cc03
57070ee9
f7066522
611d3837
792277da
4244d968
44acf405
d655a014
832802b0
f836f08a
57ada147
134198c7
792f8b5c
4345736c
6dc76d9a
43112a98
2dfc1869
35fc4359
fb7f8a82
c4b7c460
40ead6f9
75ed396e
313e25d6
eb3b6d6c
df5ba7f7
8142ca53
c287c249
7add1cb1
d8e32d90
ceb5aceb
fbda3f4e
fc27a1ca
cdc2c09c
11dba5e4
2180f941
d01996cc
7f2dffaa
cab3e7a4
d23e785d
68eaa0a5
24a5d487
e56bb9d8
4b94b895
810ba190
cf2c0b74
103bc80a
2975a143
9a717210
465b658f
f8c11db8
b634ddf1
a537c0f3
b2fa2812
106e8f0f
0be69401
19d21c1f
efb0d521
c03ee0be
bc08fccd
a3404116
88681a87
9e61cabd
7d7ecd3b
b4a4f08f
1958c5e5
32294e0a
bb0bdf9c
ba4a32eb
2f4affec
9f386348
607685d9
7483afb9
a23a8552
7e67cad5
d005799f
543e5baf
48d5a17c
00000027
00000002
0000002a
00000003
0000003b
00000002
00000620
00000020
00000000
00000620
00000020
00000000
487c275b
27406370
b78ee8ec
da6a6869
c5dee369
51999ebf
4bae8d1e
39c9659d
514aa92f
df93285c
175c9d31
eccf29ae
65ffb706
f6a0cb57
ddc9c5fb
c455ffff
dfb47fce
00292c1c
053de4f9
4b16e1cd
8d7d560d
cba9d65d
86c63d77
e4c5edf1
a9eeb211
2cb36f0f
c785f07a
43f30257
11a6a956
d4b7e77b
9a343869
fe537115
dd74a9fc
c03b88cb
dbcdf8a0
5d434eaa
6609a0da
6b4c16cf
aa5ed1d0
6c1d4249
1a04e641
12d5d3c0
74c13eb2
3b7fb93c
d27e1d77
d6200513
588e0533
02daeb15
e4a609df
4458ecc1
bb347e4c
3a986c6c
232fc7fc
cbcd53a0
0ac7f0d8
4750d3dc
b068db41
486b7dd6
748a88a2
d3e36a43
d8b4093a
7cd82289
f6076482
39f97b14
e5796ddb
deb34c4a
4c00658c
1271f329
132f5cff
19ed0434
286655f6
d2cda2da
35114623
51a8bcf1
69e6f958
da3197aa
ebe8a3c7
602ac35d
ce582891
0fbd152e
6f24c170
b77d88fb
52ca0aed
e575f116
7a74e5dd
82b87421
db87a75f
b41e5e0d
2b09cdda
539ea36f
61ff2e58
ba740208
3f023e39
ac429720
b1b79054
c32371c8
ecf5bb3f
4b652672
baea0e2e
2fd3474f
eed35d2e
896f5335
beb910c6
625b76ac
dad79874
59385aa2
76b5253a
212903cf
34b1090c
312f1b8b
8acdac32
57c5d56b
14ab6e61
801b01e2
e70e274d
7919631e
bbfc597e
48529f4d
4b72f297
43f9ce51
6bf7bbca
c6880cd3
52fba035
1c0dd32d
c9d31010
aac60c6c
e849c870
17d3653d
961d7fef
bc0b4521
8aa62162
dfcf9af8
a9f996f4
1e72c682
d87e0ade
c0c498fd
baf8a696
3603f228
626e19e9
6dfef4db
c3d52ca3
cdd9c18e
320c63a5
d0763aa8
510c3657
c310cdf2
88bdc767
31860ec1
26bbbf75
621bd4f2
c75675eb
14f1a5df
62e2727b
c11ce129
5fb589cb
d5631311
1140c880
c7294bbc
a68e623d
9f0e6852
ffbcf775
cad51efb
1ed81cb3
c6455783
73dc6205
b7c36454
a22a5a31
2942e297
f393665b
7b1742af
c24c3db6
befd041c
fd382be6
477e3282
1442746e
ca7244df
f9f4a02e
76b9276c
72701760
bb759f85
6a080643
5b683244
116ab3f1
9ab8fd58
cba751c8
c1ddc1bf
756ef6aa
91e2ee86
75e85d66
3f3b13fd
1dd51b5f
236bebe0
8d5fafde
87513efa
d71cd648
dccceadd
c6b83ef0
aad3864e
beb4dd58
f28413ba
6779bb7b
17900ebd
908081be
478fa6a6
d0aedb4b
a6c08b99
b97e2754
8aa1c5a6
9294c42c
ffaa6ab5
b49edd5c
4a62d0f2
07a44c4f
7c4940b2
f4feaa52
a0241c5e
6c8aa713
2bc92261
3d90de12
dfc7a90f
8f6f8a44
e6db1725
8b7c3fe1
bc301bfd
f3e95300
709faec7
1641c4b3
b4dcee33
325f6642
7e02ee9e
bed3f829
a9bd62b2
a8c9753f
b154e568
cfd6e9ed
2a21b455
7efb80ec
f2c9ed9b
36b057cc
6a25b43f
a32a9ea5
44169268
e7079b9c
48dae6ba
97a82f13
1c206eae
baafd748
9b96f4eb
1eb68354
8fd81086
4c7699a6
81e3464c
84d83219
ae4d7cae
ff45b64a
1d0c275a
05ccf7ab
89f15366
0f75274b
e65c66c4
fd4a567a
65a2aa89
cf4b47f0
237d95a3
2a61a8aa
9db659ef
2443918d
b6ffb76c
0eae9c4e
ebc1486e
2f9821c6
34f541c5
28751ef7
79ea9041
c0f77a48
96975cbc
9d60ee6a
24a0d95b
b7ce2a97
f0a36217
2a170b57
3895650a
97fc7d2a
bce20bd0
3e526e86
7a4a45c8
15f0fce4
c5a17c98
780ce9c1
68540b0e
35ef009b
432c1aaf
8a1cba14
0d0d6d04
798a8df1
57edd863
a778324c
ef385f0c
de2e387f
69f7d4c5
955930cd
e72755dc
8fb25a64
7437f2bb
1040372b
aa412682
1ef0e9a1
3558e363
97d4d4df
0bcd1fec
12661a92
36b24a6a
bf884604
820400ed
293d38ce
d3beab15
5469e7e6
a0bb686a
c82818a2
4360c43a
24c2330f
fbfe4f9c
57dbc353
d0a1b402
20167539
494a5227
22cad773
5d99c611
b3a217a2
f7965be4
80e6746b
6dc330ff
461891ed
5a0b3e8b
9923f808
ff948e2f
2c5c99a0
0c54e0a1
98f0363c
46a3408b
aed9856d
b571f12e
298964a7
d446e69f
01d503d0
497031fc
501419c3
e5fec34f
f8ea1f76
94c22e62
72144541
48938cf4
ca294c37
e33159f1
b49e3cc4
f587c342
74cf9ccb
66d27f40
7c30f80d
f0557b1f
233986de
0c053f6e
055e1610
5c6b005c
39a5ea99
4296c8d5
bbd9533f
6b839728
6cb132b6
21e08da1
61310b3a
1641bcd8
148e00fe
f8314840
3421b5bd
8f58124c
6f793b72
93f30b5a
4bc74151
f4957899
17c42202
6df1a78e
ecd6e18c
93af7518
ebaae932
9a1c4b36
678f9d67
49fa6aab
1c0b788b
83f30495
c52a2802
6ccfce26
aa734e1c
78184255
8304778d
1dd4e49d
44b9bb3b
e61ab7ff
a7443dab
33c24ec1
00000028
00000002
0000002a
00000003
0000003c
00000002
00000620
00000020
00000000
00000620
00000020
00000000
1ed18f11
60516939
f0c11e1e
31c83544
c1619577
d49e04f8
b8b82680
16261e74
5b5dfa86
a6952e8b
8f67bf54
e8b2e9be
f2f4cd4d
fdbb4df4
be8740d1
de99d6f4
4c0006b7
d503e13f
0eccbb99
d2d1cdbd
1efbecbe
8ab77cad
a86af1ba
c320fa7b
fb04caea
b2f19b82
2d6df5cd
97da3e4f
67964f01
b3edb859
ba29ddf5
c91e0fb2
79e4579e
ae3a70a7
4284615e
c910e8e8
4d322dd3
78c3a17a
a0e0562f
d8f976fc
1d342f38
645c79dd
8f5797d5
92669b1a
513d2db1
d94b8f2e
7641e650
abd14d45
ec9229bb
6c0a2750
1fec506a
697a8477
c70c2ed9
348d3e6b
5646a8ae
1e12909e
50b62844
f23db3fb
fb5d4fb0
3cf4e437
27d14986
cff50886
eceeba02
1e143592
7cc8c41e
06e722ec
069cb188
0899bbf1
5a22da3f
018d31f1
cde9616b
4dc0b551
3e48c0f0
886b99b6
4bf2e523
6c96b069
b3c9562e
6e5f410d
b73b43cb
91c1fd56
3c23a6fa
1d92cf3f
dd9fd531
080b7fff
649c9b9a
b6231a6f
4dfdb0ad
ba390fdd
d8b003ee
2d618516
e70cba7c
e668b10e
e9b7de07
4a9adc27
3274f7d3
cdef8f5f
1fede985
372a85c1
ea855550
e9c3c9d0
9e191958
f08ad3ad
d42f7bc1
c5220ac1
a30af1d9
821bf1dd
1d66a5e8
af5fb2b1
c6ae49f4
10b06cba
c599c420
f5e4ec02
f36803b0
33de11fc
946de0be
6e841f86
f9721605
8ad744e8
62c289b2
fe90bf5c
6b40f0d3
4af46027
7ee22c71
59300ef8
6f459f20
3374ee18
7654e3cf
e2e32253
117ab1e0
bf3b479f
c534a28a
8efcb35e
da1aec4c
9a285444
53f9a4bf
ff108a3e
79e1d7ed
25aba8ee
069d98c9
b99250b4
c693fe88
0b5bacd0
4615af37
c4ec219a
5621b3a8
74b26d4b
282e7851
bee62c53
05deec3a
49759663
2dc80961
938f00bc
f66dffe3
83bc3fdd
9f5f941b
5875d1f1
50c2c1c3
ca5ff29b
d7146ef1
1f563f96
0f4362a6
8e22fc65
2155a479
07144c10
a2fe1b16
c486a385
462c1710
ce38d794
560c50bf
8f244b2a
fbf65804
2e187117
bb1d6947
5cdbc0f4
abaa8088
05c47457
a1a65746
d5e93e41
950b0a09
da36de33
68da0d93
5516d158
2103335f
36a48b9b
50401fa8
e23a2673
5a086bd6
bb8ef64e
569e81e2
67561c39
a7f3f4f3
6d23ca21
3573ce37
2e8665ef
ea495d75
21beaeb2
7039f05d
50418625
242c851d
92b86b79
a98de825
c6089aaf
a1a3dbf8
eba603af
71281b8a
c8d2535d
8a6b3b7e
5695d0d6
b77849e4
22753a1f
bf6a3926
b3ef3f38
8e060de7
a8262ae1
d0e35dbc
cac0f745
aa0d912e
57fb5b5a
1831332e
0be83320
3d42ff8d
1d5d4e3f
1f08ee52
7dd6b858
cb631dae
b44ef760
aa069b6c
dccd6e61
f360cd65
68732371
089089e4
9cd8fb3a
aef1b726
254dd784
317e46fd
407cf444
efa7ee06
ac32b0e0
b197250d
25ee1c48
2a505fd6
c65c257b
77b8672d
a956b24a
488dbb3d
2356ee62
ab8262ea
b7d185dc
81dbe43a
14af07b8
b9858b49
154ae8b9
8f410d44
8ab99bc6
0881d06c
c6bc619b
394d9475
f4a6c7dd
fb2f0f43
7595e645
49df8307
952771e4
4933cc20
2718d2d6
b105a3d5
ac57077a
507ac8cd
d09d2e32
fd71d3b8
bcc29dab
dc126c51
30ad9b07
b29b1b45
e1fac868
6757508b
f419ac3a
71d074a4
e053932d
71873755
d4dfe21d
6bcf9cea
6c986717
4c12ca18
b880ae0b
074062c2
45802475
cd810797
f6a57637
718208d9
acb4bccf
c886aeac
67762226
031d0cf3
b2826064
43d4f19b
dca10827
66a2c5dd
c3e26ba5
c4e006f7
db9a969f
87bba92b
91cf81bc
55f5c9c4
14220654
a79c10d1
843a07c4
07ee2aad
762e4aeb
bc5c59dc
f8901ac1
b035f39e
1ad172d1
d4774eb6
e547dde5
1bb9cbf2
463054e6
e82c9332
21288906
d3e2eafe
9baedd05
7912ed92
c49733bd
c76c5440
332912de
435ad13f
daa6591d
6bcfa5af
26ae5455
fbe112a6
f7d7f814
9d4609c7
2a1fc40c
4e6fe6f4
bc427c13
d094eb30
8d1343ab
903c1bd2
bb44593d
c0a0482c
2a3ab2ba
5c1febfa
0571f685
462b8288
a7e29008
fd87262f
d2c49aad
1e246192
ef56e8c3
bec9ec5d
52e37e93
124db9e0
624a756e
64cc9446
6ff6881d
a1e221c5
aabb08e1
d7e651b7
bcb845fb
fd0b4f59
0319f523
197bc20b
ef37fe33
bdf42b05
5cd74308
1c445728
60fd8625
7c9e5f2f
35ae6619
65528af8
f65d9eb8
f417ad60
38518fb4
9d888274
4f075d80
6d93f55d
5e0e9180
c5b5d31e
e65eefaa
1dd77d3c
c7474d54
1bafab11
1875f5e4
c408c424
7a167d4c
287603c9
7463ee7f
b20515bb
531adb2e
7cbb5543
9e4a9abb
639513a4
7426e483
c7321153
165fdf92
95811d31
deaaac28
c5ae9eed
05772dfa
40175b56
0cc686bd
00000029
00000002
0000002a
00000003
0000003d
00000002
00000620
00000020
00000000
00000620
00000020
00000000
839a171d
8ab1f01c
e05320fb
239b3a23
595d5156
6e6bcf4e
0ed5999a
af34bac6
8d97c6e8
c86d4e52
c7b8139f
0fd4cbdd
69012418
7bf98556
9555b0f3
c013b6d2
93709036
72fa75d5
b5a4ed18
9480f9ff
27afdfed
7c04988d
98baede1
067b478c
67884d69
b4c35e90
46ac8649
b45a11b2
806ab374
d4b650d3
5a236f09
886807a5
554164d5
2650839a
d9c1ada5
57a3e07a
3bedcee9
44ca7b2f
08a26bd0
e8667c2d
7c71d84e
6b0e43c7
41a8a511
0b93d40a
1a080590
86ec7bc7
9980adc6
80010791
17f59dc6
70130382
f7e12843
a205ea95
aa2d230f
b4a5819f
99371884
053e7679
685adb2e
6701d195
af528030
59794c81
a861c32e
5f819952
c4c817e0
929c73d4
a6c79cce
f4f6769a
b4c43ccb
e36a35de
b1a8dd26
1db689c4
c4d37c6e
ba183105
a9901a66
1121848a
6d4a4776
61f496e3
47fe5c4d
5e40e2d0
8ec26c07
80535c05
5a74e785
f635e2d5
1234c6fc
af2ad36c
32636789
d96ff8d3
6d596cf4
93b562c7
3411ddf6
994777c7
b6044d21
a621a670
21002cb9
4e184814
935b56eb
13b2d66b
7e735b8a
df9a1e69
54727fed
d968c0df
4fc68e60
d983fc3c
146899e5
2e375cbf
53ee12b7
95949eba
9c52e0e7
272dcb5d
859eafd9
02212961
2745899f
d45c12a7
03d11dec
fc53737f
ccee2438
71e7a4d4
8c80bd50
92b113a7
7fb39066
60f2e62b
13044e62
75288ff4
7dc621d8
b9e5d879
d2920fa6
1ee5bb16
fd23b4af
7fd91d46
859e65ff
12f4b4ca
a18641af
e3f19445
3f764b18
c5932e8b
46479d6c
b7970631
ffe86206
88fd05d9
561eb224
572f283f
7c654579
5ad800ef
d6515189
682e4fee
d58614a8
f3e2d436
825a25bc
addb7c41
b7bdea83
9ed85bea
8012da29
d92064f7
78fa337c
c6951914
212837be
df3cc2f6
22770a20
209b03c2
715b200e
8342718a
42538420
957bbe6f
59c5384a
9eeb20fa
f0954c60
f9b2d8a5
3e249eb2
37f6657f
47294d00
09d43536
86f6738d
e0bef669
40f61150
ec0dcb4d
891388a2
72e258e5
108a41b8
a3be2aab
45588690
590ac139
306fb7e4
e16f7216
2d7e09dc
dc2a0d09
88a5d875
3d3111e8
f23dad2f
0b1a95ef
78ac1b03
00ac11dc
7556c3ea
614f2083
942e5a4d
6e623969
ce6f0e75
03bdbee2
48e9cde6
4c774128
68ecd2a9
eba55ad6
d6b65d57
8c1e0e7f
d2f09b2a
0d66f7f0
a2b9313e
c43cdba9
cf8563e1
8ff7e6d5
ef76e191
c181123f
4d8ee69b
62cf0e95
3f782f12
a5882b56
87feb202
52dc6167
d3b895e6
c0d723f6
74cf620d
bbb2af8e
07b1751c
e5200b06
2ccce7f8
11ffa946
347a7ef8
d8e04943
712421bb
401ec143
e43e5bea
28099fdc
5ef0b6c0
7d27ddfd
d9c3443a
9c1c4550
fa169be2
6e1f91ca
b42e9f47
2d82b633
8b4fa653
b80d76da
7847dbb7
f5ccde67
796f0b43
db79ba88
a80ea6d3
3bde5add
cb1cb406
15a25200
12cf8a41
a5bc966a
578aeda3
1e9f8cc1
e78ae0f9
58a031f3
20e246d1
64a4d1e2
2e01f7f6
e533c6cd
ea71e5fb
3a0833d9
49f37b56
8b2e834b
8ab62ec3
4e82c916
3c5139b2
0eccca5e
009bd044
a67b34bb
42fdce19
58593f16
dbb17d8a
48b07a31
787d133b
2b384d41
fd8790b9
d9ef149e
89bd0946
997041ea
9639f3b1
960c0c59
662ebaa8
849aead9
e71e365c
1c75665a
7487e7a8
1a007a59
38020b40
3e3f86e5
0988a6c3
81562c85
234eef3b
1da7be92
ab152886
67a9df0c
95dc3d13
bd965620
0b02bf9d
d89c9db3
5199531e
03976795
f2f794b3
19037e3f
5881b48b
31c52f62
943a4b2e
e5b52ed4
f86d133c
a7e72b31
ace77575
c1d8f8c2
e34f568d
63fabe8b
9008d3ac
96696aaf
e11915bf
c80d95b7
1e7c2b7d
8759dfd2
5fccf4fd
1f1ad199
d9625010
3593d582
d9307f34
7018b272
0ab9af21
06e65d52
5f22cf58
d825f331
3cd7c600
6f0f6d22
6d529058
25d63c24
3a710dd3
47f27c4b
29f8721d
e565f8f1
87cad6b4
746776d2
7d7ac3e1
6e77b2d5
6778e5b9
14e59d62
9d455e89
4aa5803f
f0aaccc6
c1b10dd6
4c061567
ae693f40
54f41c53
17ae66ed
30a5abf3
faa93e28
ed258436
5c76cd15
24e33dc4
dee17995
2b29e044
9988655d
709a8e00
616ae464
c111292e
39d8e7dd
9c59ab50
cef14bbb
0172cc53
20ed99c7
73fe7bf7
f1b36894
c21e93a8
f7cb7a01
56471db6
00a6df8e
89cdcd3d
24f39061
bc06a301
5edfd8f7
b3cc0afd
b7cd4f87
f567e2c3
e200c1af
75edec25
1870afdb
75bbcfed
28971d9c
b3e39a74
d5140335
a8d44d8c
659a6c1b
12153f68
d886a26d
5ddbcaa8
22367e43
8b839e47
9a913b3a
84866ca8
fa0ee0f2
c078da97
2012c3a7
bc642766
b863c049
0000002a
00000002
0000002a
00000003
0000003e
00000002
00000620
00000020
00000000
00000620
00000020
00000000
15435616
75f57b2d
3652f6fa
8f39bfb0
e2d3581c
2bb2a577
2c0ef7fd
7e1e5b7a
61e87158
afdd9691
88e382ff
ecb2d687
c02adeb2
e9762531
212625c3
b5223395
296ac90f
0cd45e63
813248b9
f98e4a57
fa0345ab
aecfe2dd
d6c99ec1
7988e2f9
867d0957
881bcb0c
6f03048b
d628064f
d62b4fc3
02e74df3
8e2f5fb6
a7e4651a
2aba8c43
986fbfd8
dd217540
afeb7e8b
7d759906
bfbb4598
8624f928
a0356728
0f1b21de
6ce63985
41809370
5afd1ffe
07fe270f
7e8c989a
5c305aad
70a745d3
4b2878fc
7948dec6
c0caa824
a893fb25
ecb13e17
d1b03e69
e5e52e30
ef63e90d
fb73918e
880c66aa
2878be85
0202e6dd
7a9fef97
764a8418
11432b72
86120481
7a40836a
f54dcead
0c8c23e0
81a3d402
03d9bd71
344c7c53
73183fae
b1096a77
87e994f0
9e063023
31753f8f
a0b6a1c6
351cc573
b2824ccc
0cba2c26
f2a3fa01
38abeff0
2b3c2d83
41f5f365
3473c762
28d0bec6
d49713a1
944b20f6
b83733f4
4d8a5046
db12fb78
396841a6
98ae1059
f52e3734
8dcc4ef7
b1c751b1
9f87a75b
d9af79ea
54a1c3dd
47b5c236
1025ca7f
9a31b871
11897496
5f3761ee
3ee84b62
c9ab0cbd
9bf629d3
d28c7cbb
d10711b7
76bd86eb
a8756e6c
44119676
6aafbf5b
9c8ae688
4acb12e5
81cdacbe
2d303028
0d47b5c8
5743d6bf
a56f394b
89f64656
91f796fd
6b7a5cb3
99f21e57
ef41f24c
d6b97eda
e82d9df9
35fca6ce
38ad872a
1d1b0894
9326a810
86218bc7
174923e1
81796055
eb47b91c
55bb0ebc
2951416c
f916abbb
214004f9
f15edca0
56697e08
cdd75abb
0452fa4c
e8e73fa6
12a34238
295808bd
f0185c7a
b8e2c1fd
18e3b0b6
52f0d5f0
91475745
09c4fee4
2a07b180
8e390067
e9188cba
0a374087
7e7365e4
f6128878
c5f32c21
f9f284e1
1e9fabbf
58e898b1
05738a47
27032f37
c2e15f71
c6bbc391
0959f06a
4aa17b07
23be50f4
d81e5b15
2883b47f
f54ab092
5036aeea
95e62724
e248d0c1
9c3dfb28
f55522b9
6c8ce343
0280ca40
fab98429
76bbbb5f
98593b08
a4f3cf9e
63f2a6f4
2ac1007c
2befbd85
6aca14e5
e165d42e
496e7241
301b23f4
5171174b
731bbc8d
82009a11
40bde830
6426711c
968d7db3
29bf391a
24dcda5b
ec1a9f2a
b140a2fb
d3a6cc88
c5dc20ea
1aa25000
8d2d495a
79477bad
46ceb435
9c179b85
bb27072a
8e4fc493
5c1d5f2b
446ab728
08c83981
11f13fb8
4c257848
8e5dcd57
0f38433b
545a7741
f23b46a0
d450a5fc
ac0a5461
bddba73d
3a6dc27d
a34630bc
332fbd8a
4f6c7ff7
a450b226
803dafa9
e29ee8b7
968314f8
f364b63b
b73c9660
fe0bc8cf
950ad763
26c05534
20a81ed0
f90e0ffb
95279b88
0aaaf496
7825c372
e909ea2f
395f985a
209f3f57
5a35c1b0
c51bb6cf
88175328
e7b90531
9033a18a
7e5d50d3
d598a41b
a2faca62
6e65d0e9
975ecda5
c70a7d96
01f19d40
a53ac3aa
d805c835
532525b7
20d809dc
cb8466b2
d6028559
2630cb43
a0c5be94
d6112d53
3703a45d
facc0c21
934b933b
85dc30b5
299773ba
97913e16
5731d2d3
42e87422
17fcd503
f50200e3
a8c6130d
885c813f
16af1ae3
944ad1dd
f6fce2d6
86c64730
b2de375a
841888dc
1a550a01
e870c2a0
3a84192e
fc142ac6
112870b9
c0bb829b
3bf3dee9
c16d1bd2
58c278ad
bcde3c17
7da12cfd
61225c06
c727f245
d819668c
b267d6eb
b295af16
93c4a9f6
916c9ce0
91280891
bc6974f5
52a15e58
207bf050
9b76912f
e4a6edb5
a95705f1
d856ac16
7321697a
2993bc1d
7531281f
54fdc2c2
34c5676d
0648bed6
2bc49aca
a9f207db
533ea5ea
cf24f73a
7e4df65a
5be28093
1ee6f1e5
74e44101
b8788847
ab06a21d
199273cd
1eb34214
899a9fa7
da4592d1
25060e4e
90a7bfaf
6f6a79d6
2222a98d
80dd3350
6c8152b9
3cb70a02
7cc147c8
e79e0ad9
55655b75
5a69a652
9b8d0540
296533bf
ad89ebc4
b4785b77
cd728531
02a42564
4c949d7d
2225f3e7
d0d8b7b8
11c46ba8
10b9af3b
f3e7bcc7
bf654654
3b3b6f76
c70f4af3
c976bc40
1d228729
85e8cec3
b43d8a36
25b7193b
6e15cf5f
c4dd1792
c3fb5fb7
aa590d9e
f70011e5
f0d40b73
606889c1
609c6e10
1c173e24
4e385872
4b483287
ebb31de6
5bdf1289
c0c1ec6b
7b0169ed
e02e9b99
970fd226
0eb42805
4517133f
e68f4eda
3c1f2ae7
c7869bfe
0035c443
d511afbb
4b4aad1a
2b533b5a
f0985eab
c54067de
ca82777b
3d61f926
baf9c241
464b2dac
06bae836
7df9397f
269570f9
f2bf5150
7430d9aa
aa2f682f
80a561e6
28a365a2
c680aad0
58cd9d07
2980894f
0000002b
00000002
0000002a
00000003
0000003f
00000002
00000620
00000020
00000000
00000620
00000020
00000000
7b8fc7ae
3062c534
02e632f9
292272f2
f0d8141f
96e636e0
9663f73c
e7261d56
2bd94487
b90df2d7
9ca8f1e7
88e01797
ebc58c2d
82f9e607
637e2e99
77538e4c
6cce119a
de7823c0
b774b984
054990f3
a2534f71
0c3c07f7
7c2c9861
99941958
6b3ef2f7
167c26c5
bb7dd287
40055b15
6e682c58
af3a057e
73f0b7e3
6326955a
a4302c01
42bfff2d
64f90013
7e0e6c9c
84072f1c
6f231d1b
1eb66efe
a62f136a
9316ffb9
3e7b99ba
0d9967e3
866d59ff
bc47268b
e79950de
0b676432
5dea7cf3
180b6ff0
b8bb44da
8f335764
dbeb2be0
32401f63
b8e7e56c
18d1e0a8
31c27c02
6d67359a
3875b6a1
582a6674
48609f74
f260e8cf
c2820f0d
fd600a24
2d5dc9b8
5e3e8de9
1c6ef74b
40793990
629e8acb
b4fe0dda
9083ca22
98b4d308
3e46cb32
0eb52670
0aa3f008
6bec5161
d2bdd3f6
e4689278
8c6284ae
e5f43de2
5c6001cf
d2a8fed1
19d9b9a8
64789432
86df37bc
1e9dfae4
c649269e
de9e22e6
d2a65344
022c7277
43061e7c
879f11bb
ed2b936d
cd1c09cc
9f1ee1a6
47080ca8
0b409a18
fdb44dee
50c04546
50e63db7
a6656b90
e087d2bd
a9e90b36
18e88dbe
7daee68c
8f9fb546
46c64537
905bec7e
7c226a24
22b963a5
d9d084f5
2d0bc9f9
1b069018
317216c9
8c0d35d9
f7e03a0b
bb2186b5
31858a68
a3eb80d6
054a7fb0
763c9754
a4ee5fd6
2028ee96
45050022
6d4b94e9
f1ed9afb
ad52d29f
fe6041fc
6940d406
f545cb3b
d839110e
9cf9da8d
354fb01e
bb2fd404
ff128b32
9938a9cb
750fbc67
67d1abbd
a7673216
14048548
c3bcd4bf
3f4195fb
0e161bb5
e2f407ba
611d17fa
d944d0e2
d51a4b96
c6aded31
c409b1de
d19d16b5
2b1d8c90
42ced793
3660dd41
fdf36f40
7b156882
cd7c88cd
0515a27a
9f8fc9c4
cf039f51
0b875e0f
06fceb23
24b55a57
2f40a902
80a75915
bc6ef8aa
3de2660b
8dbed0c9
46dcbac7
fb3d04f2
8105cf99
b46d1d79
b94c8c64
0c795611
8ab76060
a6f51ee1
ce8bf990
943465f1
c16858e2
65165c8c
77f22d22
a867285a
6aa80a2f
f4872096
fac96d8e
c73bc951
9c286678
0463c271
34b70e1a
9afece81
075b3f0f
5e5d6817
dc1e8cce
e47288fd
c7492332
a7bb2766
8f874775
6343edd1
78e3ae10
8bb52f4e
4a7da66f
86607d08
e4f9d87b
20d9735d
bd221b0c
18867665
16e85769
3f9dfe7a
0015accc
84e28630
9434274b
684cfc6d
a8232085
6126d531
0343458d
7af2446d
cdc3f99b
c8ea52a8
763177e2
dc4abda0
8b85e807
e6fce5a4
2bff24f3
1e84f789
3b0d882f
68d4cd2d
e26d125d
63db95de
b26f096e
53931e1b
96570a04
4ed51f15
630fb324
648c66c8
aa731f04
4906ddc1
94863f56
344e5488
223716a2
0cf7719f
a43c00af
f530bb99
b7393c7b
2ba70199
c290706b
81e9767b
cfbfdbf3
ef8788f0
6874df19
d60f8b1d
9517fe55
07d4e974
d36aeff6
88162635
f59e4895
b91ac16f
a98e4ba2
55393157
0200cc0d
a4d05a9c
0695ac70
6ce460d9
9e31818f
529243b6
0214a588
c3d6060e
8eb83dbe
acde8e6c
2caa2b77
b1dfdc6d
20c79fc4
22044782
55f5a82d
41bf31d2
a1503c15
9178b63d
fb3eb76a
5bc154a8
beacbbbc
de9cf255
ffd616eb
d58e7a8d
abaa32e8
ee897789
2a2defd2
f82d8835
d93b18c2
c198a642
714a58dc
49569812
ea9fa03f
a8335e32
c2357c6e
5b87b4c9
2038372d
c00872bb
9c700319
287eb382
869b4035
5a69318c
de49de37
f5c7a795
bd41c5b8
e32f10e9
df82a44b
e95326a6
7684ca41
5013cb2b
9ca4615d
0635f881
ffa1e72f
6aa4cbd4
c63db207
5d9ce63e
95ee32ea
301da90e
fb06cb62
0a72dbca
a81a8bd1
214474c2
020a4cfa
cde149ad
7c849f50
d6e491dd
c18f693d
c7943d26
1050caab
b77ec55f
803b6db0
71a660e9
8cffc390
8fda08b7
498cb8e6
3aed5513
23c1a057
737e40a6
e7fe3e35
c8bdcd1e
cd006496
b61a944a
38ded7a1
acac7695
14594231
05f1fc80
8b3188db
78edf615
8e65755b
8d17c371
8f9a528b
6d58a1fe
a855aacf
933c3c67
7d9fb4e1
0443e5d1
ab5ce9cb
eaaec40a
d35614a8
53da01ff
b830926a
4306cf5c
be1864ea
c473203f
afe1b2c5
ad050f70
35ce91cf
8cd79b8e
81d4dc0f
f5174477
fc51b908
4ca16b2e
1d394b52
cbac38a6
ea0b187a
c559c10e
2b3b5a3e
148daeb0
3d2567a0
353aaf47
101ee6a1
a5e07bc8
76203c79
c521eb6a
8fefdaad
cf9e8be5
2f223772
8d33957f
3ec309a1
3f81a7ec
0f337e1b
acab0016
8057f81b
84981287
a6b8c96d
b5c94195
844a6451
4390e90d
3cba4461
4244ce5b
fda8fe58
2b597b0d
fb11eb3f
002f6401
0000002c
00000002
0000002a
00000003
00000040
00000002
00000620
00000020
00000000
00000620
00000020
00000000
bd51d195
f5fb0458
76d07191
328c8e20
a235567b
4dfba7e8
23b5673f
81be591e
31eba4eb
e3082c5d
7fa0a823
8fa5824a
3b3cb2d5
8dfd8e8a
6b196546
47c44f01
40e1aa7c
3f240511
040dac47
ad423a9b
1fe52b8a
38abec42
8c7e2360
9df24b80
c7a36d03
b0479a33
652a0faf
f5cb8a07
6c0681f4
e4590def
74ce70f0
6be401af
4263d7d1
bb90903f
76b59048
a5e0c8b2
0516ef2e
cd040e69
0519df83
6b6dbd8e
d4c4f7e5
b6de954a
166ad163
2d50ae87
39012973
dbf72ab7
ad44841b
efe06d96
ae1f7ff5
b5c003c4
695dc2d4
ea95fdc4
f41c1d63
aebfff9b
d8f7e192
c84d762d
4ea430d5
8825753b
9fb4423b
5e642053
857361bb
5fd92311
d5621e83
1a5c89d0
773b508a
e59179f6
dcb1a81a
6d670791
a5d4bd80
3f5d8f03
05aa2d9d
1d0a115b
d34eae2d
cfc29e81
01313c85
4aafec07
1c6d2728
9c8c946e
2b749811
cc5e148a
eda7c997
8f7467da
9390f6fe
5c7503f7
9809dc56
ef428c36
05fe1894
a324a2ef
142b0f19
dba88e96
60b21808
0e2c87ee
66a2a7d2
97f48059
b23ac53d
36e48d72
0584d566
3f2e044b
e72c4148
8a15be78
d714868f
0983a16b
56e0d296
753e1ba4
2a2d99bd
b22b90ca
9455b32c
5249bf9e
6cc0b890
80147853
a0e2b6fb
d4dec16d
d990fc22
b6b82bf2
3bc5943e
c942dcf2
b1a8396c
b6aedcb9
56009cb2
dbbc7f76
aae4941e
62e83748
502d5840
3d589bff
e734e92d
75bcc04d
9fec421f
dee4592c
02337611
a98c31b9
2252955e
b6529827
c8a04121
47dc6ac8
429526d5
3951d334
8757cead
2a37fa90
5fe3054d
2a7f47b3
ea0963b8
3e376412
ed9e85fc
b50b9ce8
efdd173b
d7c51f8f
701785db
2fb9b505
ed750c8b
7b170a1d
849ad5a5
d89584fa
0a794158
44a8659b
fdab6d94
e20879f4
5b6d7a50
b55fe791
dd95a525
b4f31cf5
417f5a2d
678be10a
a0a7fe14
07037eee
753156d3
cfe4afd6
13db0253
7c25ed7d
8b520c8e
5f5992f1
4d61e5db
8f9deffc
eac95339
1feec83e
2afe3744
f6816ce2
ba30c18f
42d6f9cb
0782e5b6
8fb72253
8ddf581f
89f8a471
9350272c
79899f37
f3ed2329
ddecd8ab
27b2352c
654e3ec7
42caf367
19566605
1046664e
35e8ffc4
eb0dc73d
9401661a
e491f6e6
e2d07215
51d43db8
4a1cd80a
98f5d2e4
014892a6
b9944d4d
b72a6a40
785ab33b
573ed9cd
966f2048
1b98ba6d
35279e1d
e183c926
94b1c9e4
09a147bb
f0858892
29943148
459506fe
c674dde1
0a804c99
39181f28
29e2f7b4
49e0a436
296d6350
048f3878
8d25b121
c3c10c93
ef38a8d7
7d0edf04
79efbbe0
75ab5e17
10781ea4
637ec312
42e302de
8dd22645
95aae193
f697cdca
5aec597c
21579a6f
5acb8204
4937fd0c
e77c8f2c
450a948b
d35877f8
2748b0e5
225e00b4
fb8cb170
b507a875
2dfa09c2
cb1380d8
32fa3e8e
8ee30842
bd2d917d
36042994
8752a6ac
079eb3aa
6a7824be
27880126
9e7a6c16
c6046c96
06aea8b3
ba1e5901
3a519539
8a7772dc
de55b790
693c97c8
0414424d
f93dd9f7
bb373205
87948152
10f822e5
19e5832a
c68fc789
c40c3e67
539a1b2e
ace04242
8a83f88b
37b02508
4e796b71
6d75568c
4326f645
8e272a10
075bec57
ddaf2b2a
5c9b922d
929145b4
9854b83f
6fa9e0a2
2fceeb72
b8d6ce67
3cc55e2b
be94535f
176abe04
44885c49
458b8056
e9ba14a0
2a30cf8b
2f82f9f0
d8f81e7d
f85543c6
f942f7d4
75dbe4c6
28cf7b2d
7afd309c
7ddf29e9
532cd6a2
c59bac3a
701eb776
d3be40af
dab9d85e
4ae353e4
741b5926
364099ab
6b74659a
57bde1c4
ed797040
331812eb
d2428f90
2bfb0d63
08516e51
a16a949a
493fd745
e794eabd
e4dbbfd5
dfa72a4d
0fa35807
6ae6f38c
9ca3c1f5
859005e4
af67a556
7f205d24
6bb6d0cf
7b7b028b
63e0fd47
f17a8e65
1abe4840
68350b08
c74dec7c
13f1c5a8
357f8994
2eccc567
43daa9ce
ead715e9
b1b01875
aabf72d2
5fe1f024
5e8b9749
35b200d4
6f9bb8a6
79d3bde4
4c249e5f
a4fb06ad
6c8f9cf0
db46b0c1
c823fa95
0c77efcb
2fcc2c52
26b906ef
5fc4cc74
307c6123
e6a6c762
dd2a1a8f
000229b1
2cb7c1ac
04106f26
8a9057d8
a7a88c64
bbce7d17
e2199e57
01dd96aa
697909fa
a635a6b5
a228bea7
cb1391ef
83545a8a
1b54565a
e200a63c
57d1260e
31ff5c21
ab5e7e1b
10f1f675
1e01084a
b95f1e3c
537747de
2a41e84f
a076b10a
a812b59a
b24d8840
7cd1e4c9
ff7a2449
62d1ebad
3cb24c99
59c2ca33
618a3e86
4439b795
49a28d46
618c020b
816a0d13
e21f0c71
9154c87c
be3ea759
e203dd3e
791f2281
de3968b6
506de434
0000002d
00000002
0000002a
00000003
00000041
00000002
00000620
00000020
00000000
00000620
00000020
00000000
0494e9d3
c07aadd1
1b8bcd60
85efb3dc
eceae995
4516bb02
8ae374d1
6f1e71eb
98c61721
3abffdec
10de4081
3167ac0d
f492d970
305e542c
34969d35
60a4f6b7
5f39225f
0aa03094
fbb2b2f8
fc0f3a0e
af72cf9c
f2da3e5b
03092d59
2f6f7ce7
86b2dc02
b6a57e0b
b89e1c73
22f4c81c
12b043ed
0ebd5c33
76215147
22f41942
a7131a83
8d874f42
f477bf2e
104d6efd
78fdaa6e
cc4c1c0e
96b3bd59
d036b8d8
3404f60f
16bbe086
ea627b5c
58833fac
6225c08a
4d05d56e
af300bdf
41e839f0
4e943308
98b3d334
8f1833ea
ca833e51
c3b235c4
2876590d
bbce4015
661313ea
3e6e2417
06b92165
09a91e36
3ff0b5ad
28b4a6f4
128fb10d
09990f38
db59294b
d291963e
fb2bf310
af2da776
eb836d16
3d7095aa
558a4649
d6742cb0
56f1188d
305e6b5d
7514f441
f2184192
941ebdc2
4bc7aa4d
e7740c49
952082b7
22e3810b
80aadfa0
b58c0f25
8ad94493
becef6bd
3b48e97e
067747b8
ebf01fde
44e36b04
c2165f72
1d884da3
1fb7cdb2
3556a6fb
5fd0b4c4
cba7ccf2
151e2b9e
0fe10ed6
a254682a
a6873611
a16dc1e8
ddf27c23
c085aa02
97ade49b
3ab6b538
60d84a1e
41ff21b6
1c055d85
637f9661
64db0d6a
7179c320
b7452a25
f0356bfe
75da12f1
46ad2ece
b1068404
625ddc86
b3090a76
a98b28a8
a0fa1b77
65e1b514
70134b7e
c8dc5308
f456d94e
c02d235a
5b0b787e
2d7d0e07
6e15ad60
a16fdd2d
56da3ea8
20a576f3
c4e593e6
3258f412
7fa3d535
2dfbc856
96999a90
75875cc5
7311f52a
5bdd0895
05169816
00b2be03
2e092fd9
2a293c16
5e02515a
7c84b7f1
a9cc870b
ace935ad
548e12a7
06d22547
0e00c26e
f804fae8
825a7a16
1e8a0b24
5723bb24
2b07c135
ae53cf57
6e6088dd
c1c7fe17
aee47e66
98a69abe
dda035d4
5fd1ef20
4ad25fe0
2ae765e3
85bc4ecf
606fb96f
5d54ed4c
4108a709
575595d0
7283b9e6
cc198ed7
f4ddb1a9
cf5c223b
5d29493e
c2fed5a3
9f1a0aee
29ac57a9
f5d374b2
7225290a
efa22904
93d611f4
e514ad34
50d3aefb
bba64eba
4394d68a
9524878c
f7b68f53
72f9de03
b503df54
ad57f59c
888d9862
cdedee65
667157ee
c4c6756d
109d1399
2f861487
2baf3b1f
59d64843
28a05a48
7cd0d1b6
43989d91
0e51dcd9
7e30b94f
6e69387a
c242be5e
acd292b3
b48b95bb
ff3149b3
36764b84
502cb1e3
38f2468f
7d7b19b5
08769ff4
3e2b053a
30d90484
9b203918
2a847cff
2a14f956
cde020b9
abc9fbf7
48e1fdcd
2c836a4c
f69b38c1
8859e9ad
adfcac08
2d8f9b13
251dc18c
3876731b
309ab5ea
acc23abe
fe801eb7
170060e5
766ecf26
89f9b5ce
19553d03
2559aa01
f167aa76
a995ceb7
3ba2fd7c
e03ed1c4
7235941e
0f8c7e85
4f623d26
cb7de65a
cfe0c1a9
59db9ff7
6eb1c93a
7d69b137
6592d9bb
11f7205c
ea4efcfc
883dfaf2
b6819a9f
80e88c32
129431ae
d60fdd48
19d7afcf
704abe61
4acc471f
0fbc860b
72eacb8e
02ca5cb2
2e29c5c7
3713c182
d63f18ed
62602259
80095671
64a09d54
68fa9040
bdbc2a43
75b5f9c7
b84fa08c
0ddb7899
f8ab78a5
5f98d360
2902c2ad
cb37d8cb
ddde6eb9
6885ed00
517dbd83
d9c9ff7f
dc70064a
ffc1f280
5ed23b39
899cd5b4
e579fe30
7f6704e8
33e16700
67a9dafd
6fd3404b
401dd7b2
4f1288b0
58b511ff
b637f20e
fd2dd4c3
a971402b
95b638b3
691d520c
63cecfa7
1ccbb724
d9c7e6c5
be118fb5
c7f8ca5d
b834f1c7
33f648b5
558b6b84
50f8ca6e
572b1f38
1f7b7776
a1d0f264
bec6af0f
5104989b
52bbc5a7
09251115
e6c04472
5b1e7965
69c602ad
4fccb3a8
6db602cf
b31b7370
e86fb286
853966bd
4517994e
92461c39
6bad5c7c
3a705fd1
ce8e11c4
27642a4c
f0a8e448
855100ee
ba170b5f
0dec939f
ea0fb2ca
ff132536
a0082111
271b246a
52615936
ecc5e4c5
5a99dd21
a99ade4d
31a91dc5
ecf5fa69
474d37f5
235507f7
23e68da3
72ae42cd
06614d6c
d85ad2db
5e384241
002c4f79
f2ce8fe2
5e036002
45cf5656
6049ab33
07d7df43
820d10c3
e4766dc2
48cabb4f
1ada0afb
1df45f7b
f3722a66
34acba7d
fa4e2dca
b97fe8aa
6b495f2d
79684578
046bf9a0
20c122f0
e220629d
b604afab
a11c712a
ddf24be7
c538056d
1cdc5e65
1f2a8b8e
d5f4c81f
9dda7e91
ab0ef357
479373c1
f5b1c14f
3522bba9
7489f5c2
a43b9102
bed91f53
a5074256
4f4997e3
4769a8e3
81c39afe
80fe9f27
b3411f74
104f38ca
afe55b37
da1cd9c0
553c4b87
ed2e46d1
dabd5a5e
7667f680
5b5d25b8
ee5121af
ebad2220
39751644
5a66ae07
0000002e
00000002
0000002a
00000003
00000042
00000002
00000620
00000020
00000000
00000620
00000020
00000000
3f86d48d
d4be96c5
42a9171a
404c5869
425d59dd
f412e9b2
6cb74e28
2032dcba
f2b88ad9
4c6364d9
c4ab2218
e0a72bf0
f740fe9a
dc1708fd
d9aa5439
38e79104
338a43cd
6fdcdce0
f8a94013
0dd25e06
ccb4f89a
c538bb04
aa95d445
0d3cdafd
eec5c145
5c4f0754
fc4fa0c6
5a8ef770
2ba214a9
2c65cf2c
321165f0
62a05736
22e89f09
bb997ef9
23cde54a
42b97405
e718c6eb
20919a0b
90993e1e
71e5b37d
c81771ab
129b0262
e3332fdc
7e42a10d
3512402f
419fa48a
7ded8cbf
599cfdfc
86d4ea0d
d3ee76a1
e0a56053
e7011206
b5e69934
64cda351
5dd43549
c7825601
a93b61ff
4646e997
813382ae
f32dc6ea
99b27c2d
f242ecc8
67351b97
f8ff1fc8
ad87286f
03d9123a
667e5215
98531ffb
dde899e9
2c3b2f5a
bc20b992
0d76f3c2
11c0ddaa
ba5ea414
df9d4675
385fe4a6
f849fc9a
4eecb7ba
322a8067
8d5bfc29
397f0994
5b4a7112
f89ae9fb
3c09a246
6eb53528
01e97aad
2a812987
a46fce07
494687d5
0d35bfaf
84a2e945
44f2f0cf
f5185db1
e7776473
2b67edce
11581940
99fae798
42393c51
58030a1c
978a551b
8a7d6dba
2b3a9faa
b3506467
59e4bf5f
64c02a28
4b4db709
031f29a8
eab64115
67c26e6b
69f88f94
eda70072
38984b56
2a10a863
a85c0aca
e4ae0f1d
94f047ac
7ada35eb
57670820
57d403d5
0249c343
93cf7237
d6f82523
1f548a6e
2401b3e6
bad2f5b0
2fce298f
5067b60d
937be55a
24799014
d054d696
f4fc2c55
7654f3f5
b0fd2f4a
f0dd3340
c75da59d
f0cedf7f
24f1f7c8
1fd90c68
4a780ff8
71edc5b7
b4fdb187
0b98babe
470fcf90
18b8214d
8dc0e670
ca4feb00
8e7d5f0f
47a352ba
e03cb70e
f6554735
6369d545
7e4be36e
14643b4b
5b0e5a96
2f37e18d
e2ceb48a
dfc224f7
9219c211
3e4b4c52
1935af3f
36fca21f
6e4c014a
f01a96f6
91edd9e3
dd14fb82
ad2b3a77
a3e078ba
f22b4a02
fc99ebc5
e8f3b9f5
979fbe08
4092bf5a
48df8b5e
6b65f6a8
717d0d68
4474e46d
6a86e10d
fbb880d5
bc6ae7ab
4ca581d0
aa369a7e
245202ea
9a768b71
ab3d7a4a
e29f7fad
8fb5d2e4
46ba3dd3
b0f21430
0f6585f6
a746a0fb
59b71747
bc15536e
d1249a04
df8a0c9e
0475caa9
c93af59c
5265ec89
4806e63f
27388be6
ef7c29fa
81728669
e77d63b7
ef6a50a3
efacf7f4
0cad472c
6dd4a8be
8961b53a
bfcc67f6
77425e0e
ff24436b
2cf7d375
ef753ba2
0f3a765c
98a3f358
935d4023
5818dcf2
9d672e86
a78c7a24
dd50a4ff
906389b8
b1299aa0
32245076
ff7337c2
7fb54459
37a77e03
98eb060a
979c021d
94ca42dc
dc0fd650
2d5bbf5e
f5d8faa9
62f62040
cbeaa873
e07a4693
1b8fa9e9
523bdcc2
7e9e829d
2e48d603
fb99f52b
e75f34a2
47e3e6ce
ec98433a
07a4d14b
59fae283
93655ceb
5835da1b
8b915e02
188d7c1c
0d4200be
0f7d1c82
fb30c1b0
8e020f9d
75a4a294
d6e1ee2e
459cbea7
b0c59c6d
2332046e
563ddf8c
858b95c9
0a87f05a
1efce7a1
20c30833
688e2a8b
e3223cce
c806179a
152f1c92
49999642
eb292531
80daf060
2ca18f77
3a923365
6be745c0
bfa72484
8a951543
e19850ce
9fa71493
afb4ad8f
a661b7f9
b772a045
e53baf0a
832666ba
1977f0ab
2943f046
9bd171b5
e93f390f
002693a5
d0221789
9f6e7d60
2f1f9b6e
b0f2e5a2
01b68250
1c61d133
f2726cb5
188f1efc
d7e371a4
04963fd1
b1431cf8
568ebcbb
a62f8687
12359e44
57ae7080
92e534c1
4c1a53b9
f6d587ef
1b457118
20eda521
ba20176c
9dee60e0
f1bc7e03
7381494e
2b5d02b4
3f5f6867
4ac04018
5b6fe3cc
5e0dafb8
7fc58148
97ad9594
55a0ae0d
4a5779df
b4a98e33
25f7fafc
b15ba746
9140247f
499e6d78
444f9ae9
e9f7bf5b
ff1ca5dd
7f551e25
73c56e11
5d6a1bea
3db70c50
2d0ef585
7b55430b
155cf504
add4b155
b9887eed
6a0686b9
df45f9e5
e21f54dd
e944bbbe
8cdd2484
47e79ca0
d29ccf9c
ab235a10
4bd8efa5
61f9e8a6
69d23708
314e6de2
dbd548a9
b7e42566
67be8a24
85676adf
a7a3a26d
2b04ad7f
f72fb03a
4d93099a
db0641dc
93f1affb
790ef4eb
60b7892f
26195fb2
a33d73ef
61164d36
e09b6711
7259293d
cee36b4f
94223187
05db5450
f9ccc0d6
958d1a04
ef36c8e4
06be355f
a7922baf
fce21a55
314c5325
89bba5eb
f36df46a
ac587bab
86f80b15
e5fe12e1
84238e6c
e240c440
5991a173
c3bf37ff
086f518c
404ad842
eac3d8c2
e1b4289c
1bf10a83
2c7e42d8
d3fe98d9
b2ff3991
d5cfa311
7c346665
e2027cb3
b7a7b77e
5ea029eb
1a19a539
7a8f9406
01c21c07
0000002f
00000002
0000002a
00000003
00000043
00000002
00000620
00000020
00000000
00000620
00000020
00000000
ae542b10
371af581
96395aa7
d48ffefe
4f222ba8
10ec8cc2
5c6167ff
95813990
61582ad7
4a283082
fe2bd5e1
d1a00487
ff328d75
7f18b874
4e7db717
b9a8fe72
1dc1bd75
fdddc279
561d981f
cbd2d06f
01b2b89e
075cdd8a
789f2911
b11a4cb8
14eae248
74e4d210
f3dc6e5a
fcf78818
b02d83b9
023c57ba
b76569ad
421cf76e
f5b94ec1
b08ba23f
e62932e3
6a797efd
4a5c9ed9
7163f7e5
44c08063
f5b06c1c
b73d0a92
38329f8d
609bf688
d0ef8b6f
fc840801
9af47e30
68e4919e
9ea42e93
5a9c51f2
bc36d51d
2d733aee
91fb49f2
cafd73a6
9ff373c1
ebd13218
530c5f86
98bd905d
5718eee6
28c2c049
9c8beeeb
443d14ac
2fd0eb59
02a46fa9
ab31b049
ea1aa117
ff5494b7
d6b94726
41c81977
9b6f4282
d4ea4034
f0c1a565
ea87775c
e5b36327
a45b3052
e86f5488
8a2da708
c3cb7532
7535674b
d7626c28
5bb4db22
6b7c45fb
820bbeba
60068ad9
9477534b
67c8c16f
4aaae548
879f6523
2124b408
edf21d05
2ec5e619
f46b0623
bfc85319
b863cb62
4f53fc0c
e95bfc31
58a310bb
a307dce8
a2d2b147
9a36ab58
d0735e64
0200bf18
69ec3577
8a9fc881
ef6bc0a9
f31f6c6c
30e6a643
67b66eb4
82290db8
4817ad87
84162703
8c851073
75719e62
e125dc01
a98fb320
093062c0
7117fff0
f54ecf01
17d487ff
4cd72c6b
b9f8f6f9
c7712d21
138d202b
9385b484
93e5ee7d
ba493ee7
8ed260af
bfe254ce
543bc7b9
89f92acc
67e88ebf
ee8f91a9
c296cffc
1c13431f
08c664d7
9cf86817
08a43a1e
70bc9b22
263a6afa
cf3f97cf
5241d85f
64327a47
1e87dac7
f43ea53c
932dc061
b4edfcab
d0a9a435
a6de456d
ac19776b
1f18d4d9
438a39bb
06521d0c
8d674a49
94c25afa
51ea67df
1104264b
48d36f7e
7461ec57
345b6cd9
01b1c6e0
c819ad21
a231c265
d1cabd8a
9fcb63c2
86dfdbfc
24ac0e61
2c347060
f5ca6de9
b2afb0ec
58902bce
6ee67e82
b8b5ebfc
ebef8dcb
3fb12469
1eeacfc9
9dea36c2
38a0f494
bb680841
5814dc01
bddc6db8
e84520c1
0861d030
5d978c02
afec6130
63114b50
fdb65f90
fa7ce136
cd116314
93d959bc
2e4e0340
5b5cfc1c
8d762c67
18deca2d
286b009f
afff235d
effc045d
e283c53b
1884e3d1
03ed7c3f
5432d1da
ea8b7b6f
5b29f487
c29575a3
e4777242
7cd30c55
afec38cb
da688e7a
2b52b1be
07adad6c
92dcfc60
7faad5d4
f3234a59
002a1682
5c54f766
aa542a29
93d7def2
61110d12
9bf94578
08327076
15e1503b
54f53f32
dd4a9bf5
86f91c0a
8b5ba295
a942b5d3
162aa90a
7c15065e
f97f6d2d
e121f364
db3ad7de
f6710972
5dd4c113
c1172f5d
ca314ee7
6ff4ff81
fbcbbfeb
ef3bf462
3a05f24e
6837f742
7e39e516
8882aa5b
20785699
3ff2ad7e
57d8debc
25e993a1
5b9e12b2
05a5bcdc
5ff6f298
031e377a
7922c466
6a36260e
5d5ade57
9c4acb6b
43c8120d
4948bb2b
8da3fd77
59fa0e43
70710255
d039aab6
4b374a5f
207dcdd4
64d449a7
0afaebc3
e1e764c7
a6f07b1a
5dce0280
ce7cf9a0
65c2cb53
72f83bd1
dbb0d17c
ac0a9f8e
9fff9720
25138623
b2278bfb
fab43e90
ae3bca01
b7e51f67
d8bbc51b
f1bfe4fa
eba93858
b6f2cc19
89383e93
e524b230
6c80c845
0d5687c0
fcf68e48
21b59bc1
63c4f4fd
735b8c04
24c7cfca
c8bb799e
c512c01c
fc2b6417
638ed656
95d656d1
b29478d3
3315ff05
b09e67d1
4b0bf7bd
2a971db2
68383b3f
fd36d909
c6b08c75
1617dadc
a99c4855
80630616
a5c2b901
a04c6561
b5699578
ad7f97de
52129f55
ad365fa1
59e1fa88
55e4426d
36ff3a25
b8bcc55e
5878a259
3b750901
0370c718
e818f91b
a4282b70
102981ee
ea5edc0d
d59375dc
ccd76162
00fd4a1c
7128ecff
9356db81
c895d793
b954cff2
7141b27a
ec95346d
8aac70ac
3e75d944
1a0b961f
718d0856
5453a3a3
905be5da
c84af931
ee9cee3f
ad12f997
7cce0be4
99c6d162
a49a7465
6a289e5d
11ef9f6d
2caec454
4aef25cb
3e493493
0d2a56bb
65fc0a33
3a8216b7
e3029105
42db6f1a
342d5538
49a404eb
6557b273
f5742162
65f18cd2
b44b3511
4e7ae8dc
6ddfe988
24467881
de50a60d
1a15f75a
39eac723
e34cea3a
f0c9a1f1
89d02a2c
505e5413
438ad8f8
f242020c
8ff8f022
6aac906a
a29bab65
bda1cec0
ca7001fa
3124ba29
c723960f
3219b7a2
57eef840
1b044d4b
a580dac6
ffb8f224
2f549fda
87aaa238
d91ed647
3c4851fd
657f584f
1b868083
20bd2efb
21d5bfb0
26adb686
7c1869d6
9db84225
745ae43b
d6c13d6e
9747a4e6
7e5bd644
f54e7eda
c26f8931
00000030
00000002
0000002a
00000003
00000044
00000002
00000620
00000020
00000000
00000620
00000020
00000000
b1e459f0
d8d3b335
820b7f4e
46555242
b403bffc
84ce0fb2
6858561f
6dca83b2
65aa1222
223f955e
b801f1c4
c6ee3b01
8aad61ca
68d4871e
163836f4
282b8e73
cf7269ea
65a9c12d
b0b87536
f83b3a37
a75c2670
b45e50d3
49286bd8
b5eec880
282f5b39
096d39cd
3ee9218f
84bf78a7
5b23ad95
bea25e13
67c6e5d0
22dc2934
0ccaf56e
900d418a
a4da6138
bde6ace0
a5b1b48c
921f1ef2
0314fe89
3ff54bfa
fb6446c1
a5b1ffbd
b93050b0
b0919477
7d1e4743
a48a0c9f
27ef47f7
c299aab7
6ea3fb44
7862c02e
c0f588df
cd6c68f4
7b6cc6a3
926a5b3a
3494a657
7c85254d
1be4c6b8
7c279c4d
29bd6480
42a7249e
3b7280a4
c839e3c5
14f1311e
ebf51c91
b35de6e2
1b5bf14a
5846e2f9
40a42285
65c62abe
d936b2e8
942313ae
66b65ac5
2428f835
03692902
0e28dd67
377cb18a
3ee97e2f
0dba5eaa
e1391bcf
e37e07fd
f19c6aec
01c46216
149df555
3751d534
f3839aff
8bf7b98c
934d0251
4569cf4d
809d6dc8
fa11a28e
db1f874a
0d85300d
bff12d77
3102d23b
7cad1433
99d63c69
d53e9659
a9e98bf5
db73f161
feb3acbd
189a2002
c430a3e5
f5aa5b2f
ffba1774
9a8b7dc6
05174762
237164bf
21dfdc1c
cc9368e0
6c4715f4
9e7d3746
ae16a672
a84f9180
7619c93f
c13f2fcb
541e834f
2db859dd
497f1a1d
e4f668fb
22b21dc1
e3fcef2b
b183ea32
ae7ff7a8
3d8caee4
44753d4c
68d7bfb7
2009b76a
208368f0
d3fd17a3
4b125d41
64d9edd7
ad33db3c
5ecb9640
a0ade3da
07bd2fa3
797c2204
6a84229c
96a4f23e
79b19ca1
408d792a
dbc4544b
c125d4c9
d3a49cfd
02a69974
8a693b67
4c23b5a4
fd4b9d37
a1384980
cd1715b4
ccf034a4
fa4d635d
c905315c
54971fa5
47e3277a
ea9c1d71
a580e2a1
f406d323
11af882d
a1e6c6a5
017564af
dc181713
31496151
d053d55d
d8c4b1a7
ba2b5af2
978e7c59
b8d6fb27
b69e710b
affbcc83
6c8712c8
30911c96
c36c9a29
dffb7588
c765d815
8bd2c51d
7073047a
a65f0905
d812d7c1
d71c91c0
cb0cfec0
450e1800
5c5dc0b2
2e27035a
d74f0038
25246501
fe4f3ac7
95c2ed20
179cde51
60d268e2
5dabd0b5
fe17a2aa
2724b3ae
0295a7dc
ceec56b0
ca170e70
2a82d5c0
5d16f169
045dad5e
6224736f
42c69f7c
c8b63fc9
b96c4e12
e0d45582
cfcb04cf
ddf36651
0bf67701
a32bbd04
096f6e22
9ef730ad
6536a3d3
107a3364
bbb86ae2
a30e8a2c
de5745f8
b9ce3c9a
c5289d5a
5ce89e11
60705df8
19038b97
3619afa5
1d902147
2a08c57e
9c9c7936
098d91dd
1511a78b
ad3e4cf9
5e36c5cb
1659e1d0
17d6b797
903cb741
9cdb9cba
c3be08f9
a74446bb
d4ca67bd
57b91c51
30f44209
2696b152
e3e04fc7
00d41230
2328da34
38da375e
0d4c8921
f133c11f
d943e971
3da8ca35
9f4c6b8d
5fb0ea47
fd337105
12436683
8dfbc706
03061bfe
5c4a86eb
b355cc69
6d91d486
513274f2
2c4d0471
dfdf51ee
a1fc5b7f
16773c6c
6967af7c
390d3c9d
b4a3e8cc
4ad40ec1
972ccac9
32d42c6b
21c65ca1
96194cca
d8dcee04
00d7b4b5
4f672692
dd88e00b
c346728a
4aea97b5
9f40494c
c765069d
6bc7a601
cae0149e
72d11af8
00b89abd
0799ea37
158464ae
7ddca2ab
bc4f0ace
9db28e9e
f40e790e
29c0d0d4
779bdb67
3a568229
de59dd9b
f8289d33
33c7cc30
32a7b681
5657d3e2
20911938
d10d0002
3dd0d4f4
c1ddd6db
6a235b53
259fd49d
cb3ff427
791fb99b
d8b14d90
7606a235
561dcb24
03521816
df6618a4
fc2ff231
e9f59ba7
1359805e
8c8f4fbf
b8e8ca1e
e69aba81
361164b7
911c5beb
c79c1104
11bb2100
ccc95179
2448b4f7
539486dc
0e3a3a75
39445529
3dabce7c
88cb5b3c
0096a7dd
a6bdbc96
0edfa8ec
e1bf7ac1
28d928d7
046c8d6d
65183e17
f5ca516a
8c37f7d1
4ce55b77
1f3ed652
a8cbea95
3d61068f
21d1da7b
52e9b920
b6d67856
16faab95
137a8e28
25d635c1
7c34acd9
3c12368a
fe29cfe9
590408ac
537778bd
b0cde7ad
12a79bbd
d73a6e9c
66921eab
6c975228
db9c3536
45556bd5
b45633f1
769fd1b2
069d4686
7125cf28
64b4703a
721a5b69
1c07bf6a
961f7619
4f4a20f2
8bf85c27
149b6cac
7e73faab
7865cabe
4004ee4d
36e98819
9149ecd0
404524b6
32561a06
759e1f1b
459807ed
19807b4c
72ff3295
cbfa78b1
f6035eed
f49b1669
3299abcc
af008368
2ac60a0c
f75b5a93
8c1f52c5
4ab0382c
71504eaf
6d0e472f
16dc9366
f4b0bcf5
96734748
56e26c67
e9c4e822
76663417
15936786
85586088
fd2f00e6
6216202c
9d784843
d5921d46
12b8007c
00000031
00000002
0000002a
00000003
00000045
00000002
00000620
00000020
00000000
00000620
00000020
00000000
fc07cd1b
c822c212
5ffec446
b98e08b0
bf05199f
e2aa6caa
019fbf47
9ca724ce
5e761dc8
b98fb4fb
4c883289
6564cd1c
4237489c
5a9ba9dd
feeda08a
3b8da400
2be00759
ff18e6c8
da0edb13
26adf9b5
f5118ae4
06e6f1dd
13bc0630
20d03ea6
35e6f833
d679e2e1
972c6230
dfe2c0ca
a75d2c2f
1dbf583a
5779436d
07ce4ca1
e8244e88
247d53e1
9d5ffd84
3d228f37
352569cb
d78296d3
d8eb3dab
5ae885f1
7c0c6e0c
696a16c3
e13956cb
e83295e7
075f0cc1
7974399b
ca149a94
243a33f8
f7fd0cd0
37d64cf8
ec23e66d
513339d8
1a5f623a
464a6fd7
64337664
6d048338
0b7e79d6
6f083d19
c3305fdd
4a26f199
a258a4c5
44da5ab1
4bdcabac
ab89e739
0599ebbd
20d0ce2d
e9238332
3cb8293d
b7ba77c3
7eb4b0dc
2018edf6
08fc4831
4b1a15f5
c337c36b
43f607c2
9fd8d1eb
8f5c4b0b
1e984878
5cdd9109
5845833a
0aa41344
cac06aa4
ed836dcf
9215e38b
fc6b3bae
13c73c9d
e837fed9
8ac40b74
e0d1262c
41099fc8
85c6ab6d
ea533910
517cddc2
b305d998
ebee760a
ad56aa62
07191164
5e3220eb
741d803b
e6de83ff
48375e44
d87312e1
aa29651f
59aebaa2
47eb13f7
e21a475b
9601c0c1
ea0a8d10
fcd13443
f7756dce
03c048d5
352aeeac
a298c019
72689513
01475b46
cd912ab4
f2f1e5ca
a9c1409c
1aee582e
c532765e
39de27b9
1f07e62c
91b9af03
4445ec01
6dabc50d
4fae5beb
e52934b4
259e69ff
2367e22d
d3b6afdb
cb5b5185
c12f171c
0b7f65e3
f09b657d
af123c99
5b88f328
481551ac
4f7ebb44
517b1b4e
e9d8d2e1
67908127
f2dffdbe
d6794ea1
62776ab7
b2d2760f
4d6557f0
f3312f5b
5710de85
e44e0e3a
0bbb6b0e
54fab5bb
6649b49a
8812efea
f77410bb
1ed4945a
3f4762c8
48c42296
87741acb
edc26aa7
05a3ffff
54bf7e65
0308d9c3
23defb3a
be63294d
c581c29e
6cfc63c5
751b4623
1c4169f4
1e272f73
af1f947d
da12ead2
458cdaa5
4aa4d42b
7fc280c3
015f4fcc
60224f01
0b21ad1b
03246f34
4e09f6e4
1055fd3e
650a98de
03fed1d7
93fa4dbc
62b65593
4ed01203
086a6d4f
c4b21539
a4927228
90161fde
cc398831
2f50ceee
886eef1e
6f2be6a1
187baf8c
1882cf04
d8085abe
0f21ff68
06cc3e10
6a038358
d6648e72
d2fb2bb8
d5465034
9daa2ec7
0d3510da
8f83ecb5
eacdaf85
f09d49ab
bde329b6
e340e0af
d6235de1
a11572d5
769f5d5d
7abe2d62
69e5be69
87268377
d76ecdbc
9ded8c75
ce7ee493
3df97c83
4b1b706d
fd66f27f
707aa912
0cec1bf2
be7c8ba9
67e60933
0131a235
b75ae6f1
ba184444
9ce4dc55
de16a5d1
be642766
98114da6
17233eb1
cbe0ec61
ee80a536
2628cf37
78364a40
86516e3b
238b2d2c
21c6b31a
055a6a8c
045bad41
b2229a13
58aba03e
e38d807e
8e628cff
26433601
d0b2a695
350ad53a
a3eae3d6
482ffcea
e240f4e9
1adc7062
b93fd821
36ca5fe7
9107f642
2cade2e8
17659aa6
c4a32b86
92fb7064
c20f5431
c6535b87
ae86562b
075fa847
13f53e8c
b3f77c88
6492538e
901ca7d9
e9f41cd0
0b1b9a25
e52a8dba
babbd8a1
24d8522c
bc57e12a
7019e65c
07805616
15ebc406
876cc60e
62024bff
37332bdd
a834cb7f
b63ca1e3
9b807c4c
acb25546
3ccfa848
5649be38
87c6abf2
86cd6814
58e42a84
d16ff29f
4a0e2c09
638925af
36f9deff
7b7e4b4f
b251a802
7bf6ae48
9a765b16
8f70222d
71916ecc
68afc582
6954c18e
208d7b93
8400ce99
bc1e3e30
a8465ed4
49bc0d60
6c50791f
a91eb932
9600f7c6
9368d2d8
94737339
7c77f3b6
3ac61c0b
981e0c5c
fb4217f5
67b75aaa
50c0725f
910afd18
d4eaa8df
2c5a8435
a6ebb85b
bdd1d7b2
98ba2fd9
a8fc6713
6fb9cf35
5cf1dc4b
9f6f4e0e
bef46d00
15308c24
f52adb57
b1a4584c
0077fea6
724e4bf8
7e73040e
d1ef18d4
0f4b8f16
07590815
8f76a679
a5e168b1
61a15252
4be33674
67a35abb
6f3613a6
10704c5b
ce8f6a6d
90a74f1c
f50ce423
1321adea
b01b58cc
659ff58f
58631447
6719cd2f
4deb64b0
02bfe16f
a989cc1e
73b107f0
4d6a8386
adf2c0f6
9f265253
bec3eb26
d5e14b24
40397dc0
7130e922
eb845796
8ef7d323
6774fc27
41993d2a
f2c658d0
c5570d1a
30c5e5bb
4787d99c
68373994
ae98054f
45885902
1fcd64c9
10ff68ea
27506693
69bf2336
0479a4c8
bbbc59f8
0891ff55
ecdd284c
0f9da350
7e2dcf0b
65718264
7a7c62c2
1e8bdd38
b8c1b287
b63ff542
62146806
7e2ead15
12c32c0e
e9639724
4db8c788
c1d6443b
7e811ed9
caf33207
f749d1d2
bd9be88f
97f845c7
00000032
00000002
0000002a
00000003
00000046
00000002
00000620
00000020
00000000
00000620
00000020
00000000
3fc5a9a9
0dbe24bf
87d93f46
4510ca9d
c8dbb8bf
b54556ef
d6a76ca1
70f5868b
49888492
b3888552
23512328
11b280e9
6c41ac22
d547f988
0e2eb093
1edc30dc
df13a7c3
05b1ff04
a87a1350
dfc0986a
ee5359bc
152cd71c
60b0a2eb
ef8cb693
642041a3
e136d848
8a92abd5
6e76ef63
5e4e5667
50191a8c
48218337
66171157
62bdf740
6ddfb55e
e7b9553e
6f35b65c
d97c44b7
4c7f96cc
a22562c3
b6d897f5
8c09fb73
b06651af
1e4577da
e2778e68
e9d309a8
a5f339c6
c542fe11
80e0b2e4
75ddec3e
fec242e7
da669015
ab296ea5
1f086485
6b03b689
54a42461
c1945355
7bfdf3e0
a7a2d390
0770791a
8accbe8b
3eda4da4
57912be3
0de24df1
c613417f
5633aa1e
a4475cf6
3fcc6473
18dd691a
2f51f922
c60444bb
d68fafdc
77ec1286
76ca814d
cd0b1956
51523860
7d283661
b279c7c8
aaa8b3b5
3aa85bc2
a5f81fba
3594d998
9c6cb7c6
dbeb4150
8e67c760
3dd42d34
27fcd922
e2b6e679
5b4b8ebc
b7e9064e
e905c920
57de1254
45e843d6
9dd171e7
2bd89501
875703e5
020db01c
754bafb6
1dcf735a
686a4d81
39fb8f10
12079d4c
017cd1ac
2d2e64f0
3f43d28b
9acc793d
8cb2e6ed
e5270df6
5e1c0bf7
536d6d6e
082f779b
8925b596
10189b4c
78f1a574
97fe5b84
c2292505
3f5d64ce
e271af16
6b2172fe
2537737d
d86360d2
af207c13
c55f50d1
0611ad29
9310a6f5
38d632a8
9d557dcf
35c07601
03f0a1e4
d9fa9ed6
afcced75
8428d503
641429d1
ac7966eb
f6b90c72
43d767eb
447c3f6f
1ca1f765
cb1cbe06
ca67713e
e786fb31
49a53025
a3585e5b
d5d24daf
baf03e87
a1841537
56585629
4847cfc3
2bdfa074
216e2221
29fe3eb3
38f39a03
c60fa0df
0f2a563f
5911fa87
4efc9d2c
f2f9c06f
129597e1
72fc81b4
ad66c757
7b5f568a
3730877b
4a8655d0
034dc759
2fadcc75
4b8a2b8e
b41fb526
02a07902
fb4be98a
141f1f53
d9d0688b
f17df36c
8ebbae04
505639e1
ba37f643
5bf1abf7
5913c02e
2e90969c
a8dd62d0
403e55ec
eb8d5e8c
66087cb0
fe0e62c3
9b112765
ef16e25d
0b91d65d
0cd92dc7
048ee64a
6252dca7
6aa7c385
f2494548
8d9cd8db
3727e6e0
f9c4e26a
bfbaf017
5b9d5904
7c15d15b
e5464307
3a56d7d6
de44d9b1
ba935ad9
a30c6474
042a16f2
4547be9a
2e859ade
162d5671
8f0e6774
bfa993ed
dcba5c55
8b7c71fe
e5636878
d7b1b59d
94c639e6
5090bfd3
29227c28
7580f785
a32bf0b6
ec8c1200
9159d253
21fcf494
16a04471
89c59078
723fe254
47df6983
4f48066b
953af392
59e1f69e
360fc11b
58f675d1
621524ad
79704713
9f6b0f1e
debba493
919b70e2
9392ad1b
a92c3943
88d2b452
ad7047d5
55054014
97634345
afd5063b
9af7f26b
948a2e80
342df26a
ecc63665
afe43ba4
3dd196b8
a9a9f571
6ae6aa9b
42d53775
5682f645
88b7ad5c
d7ef4f47
2429464d
4cf3128f
54c614be
47fb616f
2f33a7bb
5fc64332
662f6500
44a49b36
cd2959b5
93e593d7
a66f894e
c6dab6ac
1d8392f7
3b7768fe
43bc46fa
ac5eb88d
7dc87f2e
4b413ba2
f4989db2
79e768db
3230e057
54126a8e
dbb35333
796d5e8b
5e3da65a
892a9d87
4fbdaa7f
2ea59c7a
1b585db2
f8c11d9d
b809bfc1
24b2d21e
1981e219
20ef6b79
943932e5
f82405ea
785bc89c
5e708d3d
4bc4e644
f1294874
0d1f5b61
571e415e
78317d30
f4610b55
98b853a5
6392b9b7
2bb9620f
48402bf0
933bbdb0
fa55dac9
a3f69203
b377497a
a8fc5eb4
a787df46
e86e4953
168df59f
aae686fb
47cd36b5
d043350f
05080a09
64ae0df5
677ec371
2df1b5da
e977d086
33b4369a
4d947161
fdad0c80
9f81b330
8e17728b
eeb2455d
d3645f91
e4557747
6ff9a6aa
81a235db
4d8a826b
a2b8b767
70ac52d8
15574075
56803806
07c21dcc
c574a27f
d5d04bea
d0c61ce0
5f847288
97c1d0b4
a6e282fe
d53059e7
2feba53e
01ffc1c1
d7e7517f
f2c338ce
d3ca63dc
ed506fc5
3d3d5205
f0d49a84
94481095
de8abed2
68334356
b81f0b88
4a1851a2
3464d3d1
b8694d38
7b034f30
9f4c4461
bd278934
87542a19
c16161f7
8147c2d2
288f4e41
cfd4df8c
1a7d4cdd
0538a5cd
76d45ce8
e167fbfc
dd42feae
8ff01421
a1f3d566
10ee3902
41dd3021
b292dbcc
333e3f0a
e4a385f9
c619db05
e3ba2525
df6b07b6
b3d6d7b5
fe954f08
a55fc9b9
fe2f10e6
9328ffa1
427c8a61
2ef046de
d55155f8
4be34d3f
3fb510d7
5269ebc6
17c8cf1c
5641168c
389bc70f
5b77b909
91282f84
03e8bdbf
7c51bea6
b96fa9c1
fdfa96f4
0f53d851
6f624114
323f5660
00000033
00000002
0000002a
00000003
00000047
00000002
00000620
00000020
00000000
00000620
00000020
00000000
026534a9
717ba53e
76e593f6
d25595e4
be63cf87
5264f5e0
60edeb57
912dd3e0
641c61b7
924f5f05
d295fb29
8839405f
e9f542ed
fe51756d
bec3ef69
7f4295a4
897eb020
8b870099
c1a24f55
5e9a3d58
3d77b64e
0a559727
425ed5a0
1f9ca917
6a8fef51
b7cce60b
b30a4655
001945fe
0fb34953
1d960a1f
e8482b48
a7e544d1
4fee1efd
641a6aab
eae2b35f
b0abeca1
286d5bb9
c2c0d2fe
3e131439
26152a11
b85b6225
2bf81d43
e4b3cc85
84ae0ab2
97f49c1d
6f346404
fabf4a16
671a8368
46846f3f
eafe9905
45f705a8
5f495d1c
d3f28d76
60a9bc1b
507a5ea4
f9a5f941
1faafca7
01ef4250
b5a957e3
35ede5ec
5c88332d
787d0652
194d02a1
3e26c1a4
10f5c670
cdc8c7c5
eb4a9d86
a5049480
68a57c1d
fdfe9ae3
6c1fec90
7e53fbae
11e207fd
58ad8a54
b60b301f
75f79fd0
7c1944ca
30b2c796
183d4552
35661529
09c735b4
f3cd11ba
4d9cf895
249e1365
f57991b4
f0eaedea
4e71ccbb
a17affa0
cb3fcac2
cb43c0df
55e6329d
1eee9240
1cc54725
4cc97bdf
0726733d
451ff0c1
d7d6204b
892b1691
adb51ab6
79596e73
e91ca35f
c0402374
4fcb3b1c
c99285b3
eccac03f
8a3f2165
5d490399
b1f66bf0
c26f6750
ef7e10fe
596e50c8
d9d54f8c
a0a627fd
cf629613
dde6f431
7c4341fd
3887801c
66b9742b
6ac28bd3
6486566f
6245bca8
85eff438
9fed15b7
8320a0dd
d2e61fca
cdfa7233
ff1fc8ac
f1e62e52
e4f107b1
cb20182a
81cd0989
e9cc2167
21cb13d6
0bc05f4c
7f0c3ca4
02610ef7
5bbf9e43
fd7cb84f
f6035b9e
af3ab9aa
8c104407
4d26668f
ce3fd1cb
7f2389ab
6a9b8da8
9d8ec90e
ca600f38
8fd6e989
bf6b8bf2
0d305445
b36c9ccf
8a4d41cc
93194f57
5bcd8af6
56782ce1
5aeecd41
f2b92bdd
676ada20
61da2645
d3edab39
6d0d8456
f3f4e70f
670e0fce
8da0dbc6
206de29a
6719e8fa
2e6b4743
110f5d8d
d32931c9
042334fa
9e09a11a
f025fb96
984e7c61
3cbee5ea
bbb63b4e
af5a71b3
459da3d1
11efc9e1
4d2f49be
50b65800
9619e7b7
2c8dba72
d938c527
b12f59cd
5e879ad0
efe2055a
b382ebce
f156520c
32542550
21840d5d
588e126a
a7bb4331
623dbea2
4aea94f0
372c6821
4dd5c5a4
b5ef159f
e977024d
7be00790
b53f14e6
d5d0c810
735626c0
c5500dcf
3193c0bd
78162746
ba7d3413
e0305830
415cb8d8
0d84115e
d5798033
85089a0a
189cc0be
0ee81b6a
03230c54
c73ef3f7
84a05bdb
4cadfd2b
8c25a505
c56ac12b
c3fb81ca
8a10e4a9
92f110d8
2eb47da1
b68496d7
a8e3034c
e0c9fb4d
85ea35e8
43312ba9
03d08756
f9771879
953ded32
b6ace1dd
4a1c6c10
32a1d376
7b049488
21f0d136
25f60094
a56f6227
8c21040f
abb6e5c6
fdade029
10e4f7c0
a50f7a01
8fe89f6d
851e55db
86b4c1c6
5fc578d4
7c90851f
e3914f58
18809b94
cb09f4af
7c632486
8c5806aa
fa2d761f
c5433962
9d2de443
aee54e1b
5c899d85
5ec13cf2
d454c5f8
a3bc8ea7
f1615f49
5bc4a61d
fcd409a9
2bc1e920
87ff4238
cd2269dd
75bb8ca2
48a8de07
5b9e6e0f
4e342742
297e2eb8
11fbc64f
1270f580
cfe5d3fd
842ab6e1
aaed8597
e8afc7e5
530141a1
ad759fda
b7a82cbe
d2542d60
03c35440
6fd22a5b
102c8755
d36dc11a
220e634d
f0c225a8
d28bc0dd
a60d13cd
a37743da
5d0ddce6
65b615ab
e91ad013
32a0cf12
dac07e80
d9f93266
4409e1f5
9bc63f71
2faa75a5
9ca7beee
9f405912
d74ba797
077177a1
2e626f27
9eeab1d7
10fc2d4b
075f9a28
d38da96d
23616370
6318ac03
2093718e
c2eb6ee8
262ce2d8
4d3b7217
f72f109e
fb1eaf98
01ae0389
ee24e1fb
ee112509
41bac582
51d1e0e9
11570d80
46387770
4032c992
0e2c831b
f9527c57
be661953
bd1c2c50
b9edeed6
ec97542b
80101796
8e405afa
b7a70f80
430ef93b
3d747786
2fe2cd9f
c5f449fb
61ab13d0
c3a24458
098d1651
d81a9377
c773d168
e4cf1bde
21ec8e78
3d07c902
5d18253e
56850894
044f44e2
fb882e3f
0f4a325d
63f3cfbb
b84d7484
ddf890bc
1d102b14
87c5827d
bb877f10
4d4eec0a
c0552b09
15f23534
5aa6f373
bc028c67
826e9c04
5cd8d3ca
e18ee90b
befa5ebd
18f2c26b
1b6cf988
ee8d56b5
ca8df614
dd65c4d0
8fa55565
93313205
fb0ca695
e2f43047
84562576
c67bc59a
d7389023
0f23408f
bc6385f4
0f12499f
880cc77a
a5baf2ab
96690669
a7f3c774
e9db6de6
878a37e6
bad66684
8db3d668
d2c07e7d
23a04e3e
67cacbca
daa1d80b
7b5ce912
5b265d07
f1643478
ee8111d5
041ba7b5
5b6cc31d
4088126a
00000034
00000002
0000002a
00000003
00000048
00000002
00000620
00000020
00000000
00000620
00000020
00000000
460cbc13
f1e38b83
494e0f95
5a95aaa8
df34aed5
dbbcf911
c80b37d5
2e34cfc1
3fc1c75e
ebb69639
e6dfd054
80348a5d
446f4933
0d094c0b
9cefaf02
ca1a9829
39c2b17b
659feca7
b85acdcd
2b6c64f3
0485aa71
0651e441
d8113cbd
2149826c
17e27425
b334e0ac
63399c7e
ea341c41
44465ab8
d2f6779c
90b8fd27
bf79bcf9
18ab594e
71d02cb0
06ab60c2
f6d1933f
124a4251
003c34a3
0f0c20d9
80b058be
40907c81
a7272767
2e559460
2e2b4536
0de0aafd
a1fac8c5
4a52a508
eaae7e88
2585ca64
d45750ab
c133aa49
71354d93
f92fb4e1
40937a8d
d4f82de8
a14d8a62
e720a114
54ceff3f
5d6b7cf1
b70734b5
1fc43aae
a940d412
48029893
64cd797e
cd8b21f4
034e184b
7fed4b3a
557c2a2b
2b04dd04
61e50c7b
f12d8f56
f68c3872
3b7324a1
0aa8abcf
029a0c92
850f7e78
c4f2ae6e
f93bbbed
c7b5a41f
17400f55
c4dc7666
0ac65b98
4fde5565
e5404d93
3fa7f4a8
abc7270d
dd40fe62
f8dcd33d
064e04cb
8349ed8a
274501f3
157b6201
0092ede9
1bc250a9
489bc30f
f4b1dc20
7abfdf41
ddf77cef
aa0f46e9
823db974
dfb68b53
26c5e75c
41d738b5
830d2607
941541f9
8fccd16f
1b5d6be6
43e65148
b9b43877
1e424a22
72b38c01
00b60bdc
568e6af4
75165142
0db07aec
7d258c0f
38d60a91
69959046
67ed31f2
62258b5b
756b54e7
99a90bea
af4ca381
3b8942bf
d4512fb7
ce7441df
561b7642
33000133
f114a12c
7e521d1f
45048cd4
c81f2528
d0146dbb
770dc9b9
64d0dda6
614e4e1d
ec213446
75252f26
2349e88f
7f3258b7
aa4553c9
85870406
387d388f
e38a10d3
7afa825b
6c9e2794
a4757d64
92670937
96b72fb6
b9f577bc
eb284ac4
19fd85c3
31db60fe
5f4323ba
5c63df11
c78f300f
4f70bea7
18ee460f
e6eb12ca
e84bca66
ea5d060c
c044f877
6758ad9a
d277a9a8
32e87f28
ac5d2dd4
0e6b2af9
0ff22417
c7a6aea9
a2d23585
fcd9042e
5c01d983
2c559ed1
1801d0f0
621d5fa7
c4caa3c5
496340ef
548aef39
965df7ed
e77da74a
0c86a3a0
deec10b5
943ffb32
9a355d80
f2d084ea
2830d1b4
30c19f42
969dc788
3b43f0dc
192bbfae
ff410d9f
ab0849d7
08da0728
81f34ac8
4234a2a1
820d3f4d
e60b5cc6
dd625160
cb5db80f
abe9605a
3c435da4
f2853fd7
e202b55e
7b08c5e2
a0426d06
b48677a1
41d42f1e
ccb2e493
365871f2
a8bcb563
22a9b99e
7ed75361
90a9c7f7
78a6f6ba
05fe6f7d
3ab75f86
5ceff538
3d503e8c
f003594c
67b841b5
6679756f
b3539731
c71d94d7
a86aa0d4
67ef7c1e
2c1a23d5
a1686186
107cc8af
6987c501
3ba68f36
28bf0a3c
ea238024
d61d0104
55288833
d3ffe828
8269beef
77652e16
77c4eaa1
0bb4b1a3
e5dfb0df
5a122540
82abd59d
474eaca9
831df19a
a7a955fa
1483680e
0bbb19b4
f1286d33
661a6a46
41fc951d
aa152b2f
12f93368
eecd60c1
a9e2e80c
3a20d60b
4e055073
21c81539
53afc8c9
8eba7002
faf615c9
e3185126
da7079d4
a8e0a81e
26eb9be8
021fd84e
e06d1ea7
98a331ed
cadd4bd1
418aecde
33b775fe
ad62fc15
bcfe6f6f
8d61a010
c35b67fb
e073fe40
079bb84f
f55e1b81
60effdfd
ecb9f11b
80464a20
22a22339
69414ec8
2882888f
77bd10bb
6890bc5f
7b0e79b4
f69ef5b6
b68f98b2
9f97199d
49638c92
cd7158f1
8bc59bbd
c9f201e3
66bf4399
84557c7f
485a03ff
1f3e8bd5
2eb3fe7d
b0dd1bdd
91ecd9ec
661f2d8b
5343663d
7146e13b
71b815a7
e03870aa
6748da0b
01f39e11
457d9905
fb41bdeb
88f86f24
fb62bf7b
c0a1eada
eee19ecf
6370cb29
ac7576d3
4f6b860a
d48be4c8
02e55370
a512c40b
ee3bb6c4
ae75d694
a3ff4cc3
701f8c65
bb261e7b
33da74ee
459ed3b3
6bd58cb3
fcdeec02
8ce07c0f
9565f0e5
38965a99
feb8b971
0616bebb
7053c6ea
5454f616
7bf62b49
72481ca7
95b3c3cd
70be0410
dfe9c454
9b7e3d82
3fe96410
0449638e
e067d611
c65c6eaf
98c7b72e
1469695c
04a4110e
d5c77cca
5c215399
744d4f2f
accfcd61
102450f2
edcb53b5
810786cd
49be53ed
c4098493
cf6c57d4
a0de360d
4a0bff48
1b4712db
f42dfa01
8624ad3d
94af94ac
1edb84d3
d6a2d4d9
145b74fd
ee4fbf4e
168f7381
19e170fc
8042203b
f354f476
c8294c60
3ccc6469
9f947845
84364f2e
fa747356
f05681ae
6ff10307
c6f57e43
e3d5d042
93ae9e4f
8d36afbd
61d26a90
0dbbf1f7
95f35f25
084640e6
7286575b
998dc840
85408254
ca580a5f
cb60eb3f
e4db6cd5
366c3e29
c1671397
12b62b3b
1dbc0322
77492bbf
f3befba9
c87f553b
00000035
00000002
0000002a
00000003
00000049
00000002
00000620
00000020
00000000
00000620
00000020
00000000
44fbdb0a
efe5c5a8
014353c4
8685c3b6
7793ad76
40b98fb3
92721930
4a19925b
1138016b
e8e1529d
5fa85ff6
716fd9aa
604d6484
de341577
c48f9b80
bf575db3
2027bd0e
5e9b4edb
31a84aac
40c75cea
20720422
6be84be3
2a238705
1cb80421
99df2efe
5cdf7548
4f567970
0eafd88c
5c49273c
78b0f15e
6d41fc09
f5949fed
7dcd7034
854112ad
6af4cb0c
6be3441a
9ff10ae9
ccb48850
16799579
c2a7a454
ce575a0c
cdef44fa
248c5e09
13330e43
f1cf2385
33af8897
619ea7fd
1f4d387e
0a7c9e2e
8300c539
69422eaf
abae726f
26d5a274
0e24e1b3
df434837
9d7c0721
506fc37f
71337bd5
2c3aede6
b23eeff5
437e736d
f524bde8
4daf77dc
9291ee71
d89b17d3
282e9aa1
c1f79dee
6228e08c
dd6ea901
fea2a2a3
302c3f33
9361ced9
d300c0b7
6a5ce779
a44aec81
a3ac5771
a5d66dd9
419ac9ef
8e60f5c7
da55af38
a98d7049
0b301da0
2bf6e080
ee27ddd7
8ba17be4
ceaf82e4
34f86a11
83fa92df
99972bf0
9d02c88e
71b32231
7d39fdef
00954301
b0940eb5
7eeb0977
b4883676
b4f8ca01
5ccfc6af
6b487efa
5d9efeb1
86c9ec81
83ef96f5
06ef452c
ba8d13d6
f34f57a1
e5a5b2f5
6fff46b3
29a99462
f89afcc4
f749889e
27513d02
05f7bb0f
c8af7b48
9b18dd81
9dee8ce8
be5bc06c
12400f01
4e8cc684
0521cb31
7e6c3c93
7d9ac1d5
59c629f1
92cc1148
cdeed320
5fcd63d6
418808ff
d979f982
ecbc79c3
3bcd2255
5aae9391
4279662c
f04620b6
59811793
e7ee9362
48bb7e88
435a27a9
92ff59c0
1aa7594e
8b802786
0dfccfb4
51dde38d
e30dc26d
ed57d52a
d44edac4
02087b2b
912f853b
b2e0ecf6
e5ab8fd1
59ca8adb
dbf92c58
e9bf4619
401fca44
a5623aa9
90f042eb
dd15236f
06a8880d
0ee5f598
5ee43e29
9a1f43b8
e0445240
c4c51c34
2156c91a
4ecebe15
5e0c4898
26b99bd6
b3b0465b
c375b59d
19cfdfeb
87a78611
ed1f57fb
2cf0b325
e9c04292
2a3d9a8c
e8a52104
2bdfc645
10cb8ecf
c3b3893d
c099372d
72a733da
fa0dbd43
814184b1
38240636
4a13f986
1c2bc129
9bc95f60
89d9fc3a
c8f3469c
7a9e1920
e2a4d840
f54891c3
8d81d4b4
0973a478
dd965c10
f1d6391a
8e9a4363
8a43f2a9
4a84695a
4ccc8b9f
18a9d689
7b2f155e
d5a4cd64
3ba0451e
f66d59e6
3cba4b82
f6ca4898
1561fd22
5785bafc
e8c213fd
ef94bbd9
b78da047
a615a67f
3ab33f58
0fedbed4
7b08d979
109906ee
fa44c0d8
21917a01
b03ec737
a9a64e2d
e62c1ef8
9c18e991
94c3720e
d98cc08a
3ca44807
360b1033
bcee0c02
da9b9ec9
ccaa1ea9
5fb8d6d3
1a507281
cfab9aea
cd76b118
bc094aa6
1fc3ca15
d6c1c423
9ce3d9b8
dafab798
c3aadc16
e40d288d
403e26d3
9b156ab7
e4cc239d
51e64076
1b3c4d99
31d47c78
95caa6a9
b1bbf047
8e9ce1db
5d07e7e8
e47c5cc9
20141507
a8a7390e
b2093991
204591d9
075ce2eb
c831d286
7b35ebea
5e238705
e8415b76
ab4d9717
e02f9a49
7a173b31
3567814c
990faef4
13ace7ee
fcc63db4
24344128
d83275bf
14d38fbb
471f0751
15ef3aee
5585b79c
4a2cf607
8cc03402
514a0890
ff913967
524f878f
4ce9d205
690755ad
75d6f5ff
2c60850e
d79fd9a4
bd488ea3
f5f31a79
bf30a277
17345a39
4424312c
323459e2
2db13a18
ccd8ca12
5a72e900
2e5e7776
cc6317ce
9f06d398
94498b3d
f8bbb838
75b0f683
64640e8c
2bd8e1ac
753f5685
3e2252db
86315d5c
822569fd
de252e00
d1f546a3
3159a0e1
935cfb79
76783044
49a3a07c
d110a717
ba9b6168
b8218661
bc6e779a
a03306d1
b7d6d6e5
52d696ca
ebb0c58e
7cc2bbc3
dc2bf54f
40bb1aba
afb618ac
3316c53c
a1611152
46b3349b
342274e2
3396baba
96923b0a
d59e895e
50db2c59
9632cb86
ef9d35d7
3b262380
5537e4ac
648b355c
5297b74f
d14b5fc0
0614651a
e6934cbc
87b3b27a
85479568
3882a68c
c386b857
42cae02b
6abadc90
6b2d9b82
e8719aa5
becc1ca4
434022d3
befe1f37
81f2768d
385d4dbd
11d9f697
9f2bcd20
fa56dc52
db5c4033
9f727b79
48f47025
25ce063f
aced839a
ba8b45cd
a81e5914
57f30f2f
7663b51e
59a5d5ae
5dd7e74e
79e421e0
b8675580
63e21dd5
9404c12a
cc4dc4e6
36396225
60e861bb
afdcbcce
ea0dcd54
5a7f9612
e992cd20
f19a4c70
9571bd4d
f6ce3ce7
4f0d3421
ee53aa73
d18f508d
67b5c344
06d8519d
13b83b3c
05d99c74
6a6b2d36
9d29b1c7
329cfd0c
98e6818e
d549362e
95c6ef63
dd2755d5
a0de640c
303bc438
0f8f18ae
5089b408
18c7ebea
4451ec1b
79af6997
00000036
00000002
0000002a
00000003
0000004a
00000002
00000620
00000020
00000000
00000620
00000020
00000000
c39d41a2
a2e599d1
dc97c914
3ad340b3
b1e2d3b5
869cafbe
bab8434c
02340435
4e2e0917
d0ef4999
2686782d
a1eb1103
e817a7d7
63c408de
2fbf7afc
ef0c70e4
70153864
910449dd
a0107a78
04b92964
b539f068
b7a4a0b6
eda6754b
6321c431
f626280b
d3481155
3013eb71
5331ea98
b293009e
c1684ad8
dfc737d8
7a3154c9
a1ad5b3c
18308995
d585f9c1
af2b134c
c78b0009
c8d83e75
2da70f8e
b2081e4c
63ae6e36
f004aca6
7905e6b9
c3636510
e2495757
0356d94d
7e9d6b77
ac2710fa
9af80820
48073f85
3657b92f
d10d0456
430c79f5
2dd295b5
bac18a07
797aa601
f618c25c
d355a540
45892e46
5ca9d7b0
64084b87
f955601b
6f6fc336
4e21eba7
569f1467
adaf664b
ac24b541
4660662e
05f2d2de
31b4ea06
e25497d5
51a00157
6d6ac0e0
1132553c
d12d3f35
ed714e9d
3c9a27c3
3f708d7e
3dc1bdad
0924510f
020f0422
fb03683d
2ce1cac8
95d135e0
4b9ade3e
6a4caf54
3f227ab5
6b92cb35
541d05ab
1d726d30
8fef90c0
6bb1d75a
2691ecf1
08d9af7b
d61218fa
3220bb4a
d2f302a3
492370f6
83c8cb67
846100b5
11551079
f85cbba8
ff46d646
1845cd00
30ea2a8e
35235650
f9a43022
f431da67
a525cfed
7bf8111b
ed7e21e2
d94323b3
5e338a24
6a30ca40
f1a9e8d4
6e91c16e
c475cc3b
1fbcad9c
a1ee31a8
dfc49e85
2cfc3776
a69016a1
bc1087dc
928f6f19
2ff4af4e
4c4fc63d
41a995dc
7215d0d5
93ae996a
3f3b4f14
1d532f99
b7d623a7
b0480f67
0fdf6a69
b2bc5fbb
006f3f32
f88f0ca8
6f2baa85
18e718d0
417cdb2a
51176e63
d969687a
beed40ca
e0b62066
ca7be543
ef364e0b
05ffffcc
138c15f5
39c34690
e3eb679e
738f145c
60b727a2
1e42a6a3
4e768209
981f32ba
68eb9141
35c703ff
ac296df6
03284bc1
590f03b6
5a35d31c
df82148a
1028f220
e32fc945
9850f36d
ee91a58c
72623c53
2f8911e1
a7bbcdb8
9859178b
8b40e6f6
d91bbcac
d82444bb
9cee9672
2d20b348
ad74f590
8e766226
e28b768d
e8dca1d2
f5c04a37
a08a4640
828b7dbe
f9c59928
7e789e9d
24ab5183
f7c6a02e
315279ea
49de231c
8caa40ab
039d167c
8328ee71
e0c3973b
453b0b96
1a8cc2ef
7434b31a
f77c4ba4
6ee776a3
3d8c1003
02144ac8
2c51e648
e6f9cf7f
dbdd2118
f23edf9d
38b6b365
fd6e9b4e
f54853ed
492f87f1
8d9e4a23
57345898
b368ef23
5e9a57b3
e148ceba
c7b0ff94
7134091d
694a5f9a
eac37592
72cd9e78
d0c71cd7
12f421c1
24058acb
ba58bb1f
3a7f155e
912895b8
bfa2594e
2a8f2fdc
3f94d4b0
be3fbc13
ea786af3
def90dd5
81a8342d
c994a3fc
5fe260ca
ecd5391c
cb63f8ee
3d5fa3e9
3daa220f
bc12c1c6
e5555bd0
77659fd0
44ecaec6
9f9fccdb
be87c77e
9aae0861
182bc579
50314c33
bd1ce035
e2ae2b4f
5df70e3b
e06dd80a
68744a5e
cf481e93
cf551a63
c6a7f55f
e898b6c6
89f10eb7
2e25a251
dd89e2ee
2369f9ec
27bcc7b4
56e6703f
73c6b002
8f052ce3
3e257d80
af86e1ab
ab19ae6c
6cdc0ba8
10951580
d1a482a0
d6012bba
08f5193c
b3476bf9
1c5151a2
0848b8a0
ea92b5ca
ae600bd6
3f069f58
87cd910a
5742ad8c
0af6d8ef
518b968b
37713217
ec012a91
4556c7d5
4039929a
02196048
5b1561cc
bdbe7453
7b5bb83f
8bd400b9
54eea3da
d9eb0d90
a03f7dcf
3245e8ae
ecdce0b6
ab05f485
35f449f0
dbe43139
388bc49d
1f36a124
58f0de63
efad282b
7d1e8e71
9e6c3de8
1dad6eba
b53698c6
0091d938
5d27456b
ba4ac4c2
7c3e35bc
79ceeca7
351abe41
dad3a80f
2ef23d6b
df427e0c
00c53073
1e4693ca
b57d980e
fae785f5
d1fadcaa
a17bd1d6
74a79b60
0f4553c6
22b7e573
aae087d3
71c8f067
ff34a147
1f861e9c
ee724c49
4056105d
dc64249d
00adddac
528ffd67
99495bb8
c3da734c
cefe2ef2
865e2fb6
5e0d9c5c
d25e6f5f
430dca9f
165ecc69
fad28e10
8a08a3aa
0cf96aad
4cca95d7
42b9e001
4554df5f
4b5fe9bc
6efe5ade
c32556cc
72bc3008
e4af4f4c
f870dc82
cea92d48
fc8532cc
6bc2068a
33ad20e5
4a0efa16
f43dc2ff
702f62fb
fcdcc2f1
0a92ff74
0a0dd370
7a627faa
b71e80db
04d062c1
70467df6
8d4fc2a3
c70d77b3
b3c7b137
f40066f1
a6a10629
bfbd3a0f
9a6b661a
0934b996
ac996cba
b069c92d
35cd339f
8ffc8db9
20336a4a
883df686
5b31088a
abdeb260
77281744
54fb9c26
5b987b28
c849afac
8d542066
83cd1929
7f92cff8
59358e9e
aa261910
3c58514c
e0b3f753
67623167
ac2a0889
e35b74d6
611f0359
09fc0dce
2eb94601
597309ac
00000037
00000002
0000002a
00000003
0000004b
00000002
00000620
00000020
00000000
00000620
00000020
00000000
59325e66
3df47cfa
67b82f0f
8d68558f
201cab1a
e307d230
a92d57a3
94f75c9e
7115c686
0bc99271
f23d33d7
d8d7ed0f
1723b2d2
07faa8b4
2857f831
943695c2
adaa5119
c4d1a729
731573e2
562ac9db
6d54e1e2
d58d93eb
dc304ca9
3658880d
06e0a367
2c01194b
6357170e
875d1cfb
3cefd763
d2d77d74
909e569a
0fdd5ef8
2db52cf7
fafe0f91
e5e5f600
daa3db72
a6013049
19a6cb35
edaced4a
9498f5a9
8437e410
47eb5ed6
c480fe5b
06a9b047
e99a0089
876b3a69
3e5107b7
5e177cc0
b3aec01a
4c8a1eba
b6a77c2f
7302cbc2
d0aa907b
435d6276
81bc1c59
69727276
20e9132e
42dac7bc
0b081ed0
a3238567
7e854c02
9238efba
98d8295f
f3fb4185
00137f9c
643a91f1
323f2f36
1b17d687
cdfcff7c
a03ea01a
6bb5ad16
707bf84d
93d5ae72
e173280c
4876b72e
e87ec04b
ed21cf67
adb10eb3
61e12f59
4756711d
2aef478f
0f85be64
6e7ccb1d
7d60bc87
c9e5d15d
d79cac16
cbbac3b1
d37846b8
4defe142
a4951515
6b1c0a32
1d4aeaf7
4bc0969a
007a4fe5
14143578
1597b213
f42eee44
82ced9ac
2b8c8028
625dd5bc
1ff40375
15e7af2c
5ffcb5e2
60d115ae
7a02c55d
c08f0543
2fa31f16
986c0056
c3bb8920
5a9d18d6
eb5d067d
fdda1fa1
d01822de
7c9eb6b9
dffe54c1
23f24b5a
b333f537
9e5b886f
9030dfe7
ce13b663
a60e3451
d1a88a22
427a2e97
0e81d1b8
874a9531
50763e3a
6e2bcd17
b4786280
3efcc9de
6ddbd2f8
18818f36
aa920bc3
4ba8c6da
4703c317
cd3a4e5d
34c15c86
0c270ca6
1f1e97b9
d2ef1d1e
2889a5af
d4ad5dd3
3323fc79
c92d5499
ebc7f6ab
a72250d5
286f1807
5e1be8ea
8122f6cb
d4ee321e
c135026e
7e78f617
07469a66
df6a89cd
f25aee3d
12a0c861
51e583f8
58e35d6d
52bfe099
95ed9794
aa004687
50fd47c3
e82a2e62
d05f027a
f0b461d6
47a5a5bc
c60d663e
90b2215e
9067688a
b075181d
1f015cba
bc2da471
a5b4983b
6fd93b32
72f5e670
125c668b
094c4219
67a92cc8
7a5ad410
ce73161a
8c489cc3
773b234b
3bf07353
805f9985
baf92a36
e008812a
2a573bff
48af0c19
8cd7d61e
27571ee1
0e6b3db2
f885a5a9
7d072d4c
f453334a
60e7a57d
9646a566
d903a780
2cb331c2
270d2354
b246f5ed
16a87243
d6c74a5e
4c2f897e
0eb54888
5165d4dd
9079a931
b112b6e9
3b628368
b1275a6b
cc14a753
8b529257
a2479cc0
373aa592
55d8551e
4c3f10a5
d33d8a03
64440981
e943ffdd
4de4a2dd
61ca9bb6
546ddc66
974bbe70
1ae201fc
64c6ef6a
a0a132d0
14f2b317
8fde7f33
635e447e
7850a176
40793456
34b55bb1
171212e6
f801629b
610384ce
a289d1e4
643471c1
c9f17c45
d0a2e204
7fb3615d
ab85ddb0
5f783aae
afb595c0
6bd908a0
788a9567
d911423e
d3500ff2
12240f51
4ee3633a
aadc6fce
78e50924
56267db3
78f19a1e
b1b9a992
a8190061
7d54eaf5
9ce63160
4116e4ba
1b140360
704ffd54
008b86b5
4b0ace5b
47fee5db
3a27018a
c3fe3e0d
5cbf307c
2e078f23
4958b425
53767984
b64ca90e
69dee51e
277f0153
cd2c3527
8f229108
6f81cc6f
dba40b41
f028d24a
8e04aad7
f74b1e96
350ac43f
c403a41d
b8bb4708
bfb26c20
7fec740b
9a1b47f7
bd713dda
14cfa00b
9e72413f
2579c47e
fff1b54c
b674019f
7c6d81e3
c8d769eb
cd456193
85092293
cdb60892
e26d1071
78087009
fe86118a
719a1dc4
07124eba
98ba1b9d
988a8278
84290358
76294203
1b189c04
8ee4a1f7
150c3661
fa4a6094
5fa6efcf
978d998f
318f2920
9f6cf208
cb6d0b5f
3ada02c6
521489b4
cff39c60
794d4938
781bd23a
23707665
15ab320b
43f52bd2
adbce664
9910f1a2
ae12b3ec
f89abaa2
82f0710f
e6963c14
76a74642
9afef6d9
3904373b
cb48ad4c
cff7f2b7
9f123162
2c2feaea
d9316e8a
850649c2
cf2b4685
615ff9c3
e9c3b0d6
ea8ea9ec
edb00dc0
57e537b9
93745988
d7157870
4698d733
be7edd58
aa2bd900
568a0a82
766d8905
0d078ab6
cd28769d
cc4ed93d
eaa61d23
91dd6301
53217765
19a4f379
e96e3a2d
61515c91
80cef7fb
cc20ab69
44ab326f
5b617a84
f4b0215c
0e2c5cbc
4e75c3e4
740b73b6
2b9a10b0
14095670
611c905b
85eb3f15
8007dd32
c003d591
bde487f4
8b925d6e
bb5d131a
3bb32243
540cc347
5c813e63
c5b9c465
f814e2fc
27924b70
6ffe9383
ef996864
732a2213
71da3fba
a1a278c9
62ecc7de
04dede37
bb211348
65a9e695
955c16b9
779b2832
ab5a15dc
61893ab6
b7b928a3
166f18ba
256b8580
bd57c13c
ae7e7f03
c4cb4f85
8e7cd882
00000038
00000002
0000002a
00000006
00000061
00000003
00000c60
00000620
00000000
00000020
00000000
00000000
68e1778d
67eefb1d
b50a38ff
0c6af6c5
e3306d5a
5271ca4c
dfd74e3b
561a1ad5
00000039
00000002
0000002a
00000006
00000062
00000003
00000c60
00000620
00000000
00000020
00000000
00000000
e1fe84ae
4c5e07f4
1d96f6ee
1c622e12
7f388013
8b4b80f0
d00b2340
e4ae443a
0000003a
00000002
0000002a
00000006
00000063
00000003
00000c60
00000620
00000000
00000020
00000000
00000000
e181953f
b1183b8a
12217a5e
281c8b52
4bd100dd
8958f53f
6cdbf6e1
7492f79c
0000003b
00000002
0000002a
00000006
00000064
00000003
00000c60
00000620
00000000
00000020
00000000
00000000
f348836a
35862924
f63c6888
c7ffd253
e39cd157
ed1382e6
d2199b6b
39085343
0000003c
00000002
0000002a
00000006
00000065
00000003
00000c60
00000620
00000000
00000020
00000000
00000000
7535165e
219d64fa
d67dcaa3
8ed9f258
3e72443c
1accb2af
c98d442d
08c018a5
0000003d
00000002
0000002a
00000006
00000066
00000003
00000c60
00000620
00000000
00000020
00000000
00000000
094db8c0
d9a9c1ff
c567f565
49839220
9c0dbf4a
a7bf5b95
e31129d6
ad908bc7
0000003e
00000002
0000002a
00000006
00000067
00000003
00000c60
00000620
00000000
00000020
00000000
00000000
aad17414
9f4393e2
04797b3f
5e3be5f1
25510567
1b238e31
b788771b
76fefe87
0000003f
00000002
0000002a
00000006
00000068
00000003
00000c60
00000620
00000000
00000020
00000000
00000000
5c1f8485
5b8105be
daf3d8e5
b1bfd453
a42ed08f
b70dbdf4
a1ab5396
a5464e06
00000040
00000002
0000002a
00000006
00000069
00000003
00000c60
00000620
00000000
00000020
00000000
00000000
3ceca7d4
2974727f
6c1a51d7
5aafd190
0a55b9c9
7d632ad1
e63029ac
25a45f80
00000041
00000002
0000002a
0000000b
00000093
00000006
00000c60
00000000
00000000
00000000
00000000
fffffffb
00000042
00000002
0000002a
0000000b
00000095
00000006
00000c60
00000000
00000000
00000000
00000000
00000000
00000043
00000002
0000002a
0000000b
00000096
00000006
00000c60
00000000
00000000
00000000
00000000
fffffffb
00000044
00000002
0000002a
0000000b
00000097
00000006
00000c60
00000000
00000000
00000000
00000000
00000000
00000045
00000002
0000002a
0000000b
00000098
00000006
00000c60
00000000
00000000
00000000
00000000
fffffffb
00000046
00000002
0000002a
0000000b
00000099
00000006
00000c60
00000000
00000000
00000000
00000000
00000000
00000047
00000002
0000002a
0000000b
0000009a
00000006
00000c60
00000000
00000000
00000000
00000000
fffffffb
00000048
00000002
0000002a
0000000b
0000009b
00000006
00000c60
00000000
00000000
00000000
00000000
00000000
00000049
00000002
0000002a
0000000c
0000009d
00000005
00000620
00000000
00000000
00000000
00000000
00000000
0000004a
00000002
0000002a
0000000c
0000009e
00000005
00000620
00000000
00000000
00000000
00000000
00000000
0000004b
00000002
0000002a
0000000c
000000a0
00000005
00000620
00000000
00000000
00000000
00000000
fffffffc
0000004c
00000002
0000002a
0000000c
000000a1
00000005
00000620
00000000
00000000
00000000
00000000
00000000
0000004d
00000002
0000002a
0000000c
000000a2
00000005
00000620
00000000
00000000
00000000
00000000
fffffffc
0000004e
00000002
0000002a
0000000c
000000a3
00000005
00000620
00000000
00000000
00000000
00000000
fffffffc
0000004f
00000002
0000002a
0000000c
000000a4
00000005
00000620
00000000
00000000
00000000
00000000
fffffffc
00000050
00000002
0000002a
0000000c
000000a5
00000005
00000620
00000000
00000000
00000000
00000000
00000000
00000051
00000003
0000002a
00000003
00000033
00000002
00000620
00000020
00000000
00000620
00000020
00000000
8693807f
234cb1b0
86197e83
2b545fbc
1b9e55a5
a4be5cee
7a2d1147
ab37fbb2
d9364add
63048064
5ae68a74
3a88779f
b8406857
56b49c4e
12656423
99781cd7
8a9bf5fa
4ce5570a
7d013375
ca94e08c
56b7b1dd
e3b4a724
f0a061c7
851ad6d7
26937a97
5bbf87dc
22bace03
7b50cba4
c781c5f7
19d34762
7b8c3f5f
91f4eedf
77a218a6
b4628645
bb0471c1
4ac0d762
427d3287
21b4081b
5771bd79
041e53a0
96cf52f5
0fbfe263
fcd9bcb7
d9108df7
a96b3258
4f9f14ed
49e5ca83
a5a97e3f
d8c94112
65626269
e200186e
dd964a60
a77a6c0d
27d238f9
ecd37718
29357bd0
f54a9b0a
2d1842e9
df0a4ec1
2963c481
e5465994
370f9662
decb4698
7ae5e10c
274a7a43
cb8ee94b
1c8cb9ed
96990d71
0113b39a
712d572d
748155f3
24db5428
a0d28671
3160512e
2c4fdd2c
5bc823b7
aa381582
46a3f7ea
46920b73
5fe7e296
f1a93325
288252b8
147eaedc
cdf4d43e
c405ef09
f14ecb55
4ac33a53
d555e0ee
2bb84c76
b2be6d9b
e59fbaa2
ce2059ea
a51f398e
61cca465
7ce700b8
8bf0a083
20c6202f
4fb159d6
3ea1fec7
524b4ee3
b1768046
6cf79bdc
081484a7
ac7fed63
7862dce3
7c7d6998
1863de10
50eb99ab
fda284d1
9e6b8962
8c573942
20106d0b
0b69bbfb
fac337c3
015f8431
50b485d0
83de403c
2e2bc4bf
4d10c3db
2e262699
bd18ffab
5afc1412
78cb407d
d86b04ee
9c9dcc1e
206b6c7a
98a5d990
c8a3761a
e510b4f4
eb1d9862
b6bc506f
8b4c4e45
a5f786f8
853d236a
1485dcc7
b1e75610
c52e47b3
c2bd3ebb
35215bea
2c1cf802
4d0ddea4
5d44bfd7
0e9a6830
cb08eb3b
e56881fb
e9640678
aee833b7
0aabb242
ae2b9f43
f44ba910
85dcb61d
117534eb
7a17d7fd
f0d74157
a29c93c2
f3516e7a
8474e90e
204b94a2
3a063800
079edaed
acb6c6e8
a1164cbe
e809f132
717ecfa0
ea8a9960
cd6b485c
3b744e9c
d576572c
568822ec
51f85ab5
1d4ea21e
e265a911
8718dad4
7c02e6ce
58ad3f52
82ed97e9
9fb4e9e9
c90aff8d
87399f49
deeaf5e6
f72c901f
2b7115d9
92276e06
75865fe6
df38198b
eb39d2dd
cbe9376d
c7d4ef67
65c55ee2
4afb2669
7c9c3c12
4b410891
3ee37227
5e7933b9
f1767114
3c278143
2b752548
7ac1d0c3
0ebfa16b
0aa71d49
a33054aa
963048e5
9f16549a
f6a1e7fc
7764abb4
3b5b3df7
12ac13cf
9be53502
cae4d75b
3b2c5aaa
f9b2bcb1
9356e8fe
4c5a6953
e9f5f462
a846e36b
e1dbafa1
baf6f785
da36d142
ec71aff9
b94962c1
7dc5d648
9abf8657
4380d22b
ec8053ee
79d11c07
b168bd4c
62340042
ffc4d539
756ee036
30f1f810
10aa2540
a2a9b45c
3eff211a
084959e9
8322ed36
5ec63714
f096b1a7
bfc243d1
809571e7
3a2e9e2c
7acd3d97
4286b0a9
667acb7b
c14ed829
6817b91f
65618dec
cf3223e4
4e6f920e
c937cdaf
e1fdcde5
f9884f1d
86d339df
a942d626
5b83557b
ea2ad6fb
35def6db
775ac0a1
271b3001
dcedf4fe
b244da44
2aa2f2bf
f7328f9b
3a92c48f
fe9c5940
391ff3c1
51e0073d
6fe7de26
67703a62
00884dd8
f7df7cab
38b14e78
b55803d1
699d2da3
d2c1b021
f52a9a5b
379ab245
f81f67f2
1d9e1dd2
f957f9da
19b68510
110f8b1d
b296c850
7500f044
597c425f
b00efa8c
eceac275
a6ff752a
3241ad1a
5ed68bc9
f9f9c466
dcbacba7
577232c9
41eb9b1d
1fea3af1
fe7e033e
41d6abdf
cdd8a22b
6ca68264
53ebb4ee
8f885584
bbe81b0a
ce857a16
0416dc71
613bb1e5
a109c438
181ef4a7
e079c243
69a5bf98
63010243
4dcea96e
9116d922
7555b740
fba6e94d
65bcd07f
23ef305a
6de3ce2f
562f216b
f19b3d40
27544a65
d333ae09
b0863223
961151f7
4df89ac3
c3decc21
f406b682
30d517b4
5c04ec64
b7659e27
04d1aa63
010f4989
7c0788aa
07a8d2da
5f8824bc
287b3d80
3222ebc4
b6138a9a
78caa6ca
0dd0e908
a971ad85
6085df08
1347341c
c0e2ac1b
17bae305
50f85c4c
f5dcb403
e17c3ab2
85b6efe8
379827f2
01490de9
b0dd8c42
1af82185
acb14ffc
267e1e1d
185dd3d3
2c9c1960
1ecb9c9d
7e393555
6158def0
ffae6cd1
c16d8fa1
3ab6ab29
b85bd941
8e0f0058
d82668a4
87738425
69e03720
2d19e944
825c80be
531c0aac
ae8d0757
2a2fdbbe
73e89252
56bb7cf7
b1a2644a
ad4b6417
6555b8cd
69d8f24e
eb475209
394841b5
f3cf5dd1
23326c3a
3db64da6
260b8399
92739d38
8164ac8d
a15bac22
6dc49348
f094ec2d
c656b309
32438ab1
bc06b5bc
270a2623
92dc1561
7b785993
664d7db8
3753c78e
2464194d
87e73292
2b1f0b5a
854139a1
00000052
00000003
0000002a
00000003
00000034
00000002
00000620
00000020
00000000
00000620
00000020
00000000
3a13f3da
d372fe58
ac7042e4
46b5dc65
df1f0b2c
82859477
c13f0a03
c17451fe
78bba8d3
5f9b4306
8e594fee
ebfe4485
6a62043b
e1cd1ea4
f987bfc8
37ca3fee
fcd16f6d
91f3bc4f
c7340424
acc96ac0
fdd268d2
b37103f1
f30bdd1c
b0002240
46333142
13cc51a0
decba42b
97010ed6
c321c87b
f3646320
d6c1d11e
e6019b40
c79f0a11
f3aa8cee
76d6908d
64bfaa1f
4f1743fc
fcdbc535
3f6e2126
7a00aab1
ef2b10e6
2088059d
6db87ad2
52f0146a
ff3fce89
dae2121b
b6fce275
73c23aca
7a1b3b29
fed949be
7b561e94
daf8e17f
624d98a7
81aa9e76
8117c1ba
f383c436
8d08a72c
6a83d37b
7e7108db
7cb58e76
1382924d
a8c078ec
f294e442
24b12fcd
c1e82cca
b01d6bd2
fdf45d91
0c97a0a3
7cc102f3
593ce0db
a096f654
e2216d6c
8d822b50
62fdb9f0
edc08df8
5aa7cf29
d252c537
fdd369ff
63bf0d48
6eb90e50
fb30d8ce
d96376f5
f5a33428
79ee2500
ec5ff739
64f4384a
9cfbf8cc
27813658
f645c4b2
301c566c
f379b1a6
c62f2e1c
b63f6bd9
d0e184ad
fdac1e91
e6bdeaf9
334bbb1a
d3516eaf
857c6609
dfc1a0cc
dd57d927
2eee743e
203539f0
6adc4835
f6c41a9e
7fb4e973
7149155b
1296f66e
a28add16
e5f9716f
55a378b1
068fc5b9
5a09ddcf
82fa4bbc
6ac5e1de
83314644
9384842e
fdfa61d2
175814ae
54c5df70
71a88134
75c753ca
2963ca8d
39bad664
b6ad787f
9710ce26
9462ba86
4ccdd3ce
025d1877
9eec158c
1467bbf1
c97d5d72
75f8a170
351dc5d6
eff94164
45878be4
41737f40
f449bdcf
0a4c80a0
1739df4d
f5fc9696
5eee51ad
33512e43
0c4fc55e
93f7ae3a
e2265ef1
f76edade
8f688c81
b6d62593
ab716f8f
dcd3f902
be06de91
3ae4b2f4
3c534728
cf15857d
415bebc7
8b4b964a
91ab76c8
0a6f21ca
c9b8cc9e
c76ab0ef
706de616
bf353381
e8dc5c11
dc0a41ab
e217a11c
15bcf6ea
aa4de3f1
aa0740e7
f4731274
8cd8c795
474d33ef
5e885686
13ae1bff
19fffe2a
c2d741e0
98d7ea8c
22275181
e8327816
c863deaa
9a01b16d
ee550c70
6b60bd4e
1fb177f6
92668179
c49129ee
0228c837
a0f5c6d9
bbcfedf9
87b431a1
9a760c41
38be9526
cca63a9b
88a0e76f
0b66c1df
a46d6a82
29098cea
ba73a8c9
5dcd7523
3b02c75e
1ab577e8
b134473b
914b8942
a5fb305c
aa22a42a
06317c3f
20312cab
69b56eba
a92d9e6a
905b1d7b
7245f7b4
4b1afee5
32256ac4
fd42c1b1
174e544f
c4bcd5e8
5bcf40fa
d7ebd620
099be538
f59343e5
ecdc05c4
82c7ef04
7e016594
45c48ead
d00d6242
738a4fec
51c49350
a757463d
e9c96a2f
c02a4229
7fa338ad
a8f58660
2de92923
eef03353
7b8dd76b
08d99838
9b2a0338
49313275
e0dfaa06
cdef795d
68c30c6a
18eb4f29
25a71968
4a631de6
2e03efed
f7fda906
a6ccc35c
d0a30e32
23fbca41
5d53ef09
0b8c0955
840b4e98
7a6fdb1d
c42a0a12
628b8c3c
7293054b
c6854617
6e46101a
db26fc6c
499b9306
0afa5852
355ec6cd
bd6fe4f4
de613360
34cec57c
c9bc8323
447efc2b
c66701f9
72737f21
d587ef48
a97c0d07
febf4800
67aa650f
ccbeed72
59511c46
1f22df55
ea97f571
01ce0e6e
72c5d83e
529b083b
e5eb2946
b29796f2
4de05964
e4c4f603
922083da
718a9439
985860d6
75047d51
61e0019d
27f88efd
48abceac
509e32b0
dfe92765
0da3830d
896844c0
b1d13401
e425ef53
ab4ba41d
a8794bd8
dbf9fae0
d84eff48
5cc20024
76d37845
c71def37
0d9e2843
f431b9a9
c05f9ba4
16fd64eb
18a48578
3cf37098
0547bb52
1bf798ff
4433382f
6dd8fc8e
acd338af
e71536c3
7e6052a2
544bc8f3
a58ce57d
b68d6f75
ea05f35c
7f4b9c53
a0d9e62e
9b968acb
742cf6dd
3fed4fa6
64ca61dc
a4195e8d
b3fd9d8e
27554005
500e7ec5
032186eb
1822c54c
ad34dd02
4a84e3dc
6e0548d0
aef9e968
114f8295
e33dfa33
58fb4b85
d83bed10
2e5e7516
bfc48f1e
e6aea030
c28c5db6
5823e2c9
3e2e6c77
be9c7dec
68a791d9
05231594
df89a893
a0d0b69d
2fdb6274
eb049dfb
00fd1a6d
64ece042
62a649b7
4bcd2221
7107aa52
d5e4c91e
88f3824e
f164e6ac
a47e1483
1a978e9a
db53d6fb
e8d3224e
962c2db7
da64d7d3
30550994
7d49d44c
dc6a7d6c
143628de
83e5cfba
43a34652
bbfccf6e
9807b686
4883a2d6
b8510bc2
3b33e84e
6ae2392c
5b68aa94
eb225416
840923d2
d08d1dc1
7b3abcff
63eed598
9f46cabc
87ecb1dc
35ce3e78
d36c9090
a3b24397
6d133c16
69314bae
28557de3
033be450
2b61ead2
18932c54
c9761a5e
76b7058f
a7590e28
00000053
00000003
0000002a
00000003
00000035
00000002
00000620
00000020
00000000
00000620
00000020
00000000
fcac4cfe
67c045b2
28acb72e
236e66ad
c48b1767
701c8503
4bb5e1f4
90dfc96c
58e5be68
831de75b
99af1c3c
b1a15dec
0a2a0330
4d661d47
6138993d
0bcc76c7
c2acb101
a679ebb9
f265917d
5fae2969
45bec69b
a0dc3d68
355b42ba
657df52e
939528bd
317c0ba1
aac23f9b
515cdeb8
415fcada
e42e5365
33c2e9ec
c7532bb3
f6dae599
11ea21db
e8cc9466
2b3446e0
1a4601f5
36af5a12
c00b9b0f
a5b08c12
c3b842e9
1e164593
c787556b
42a31103
368f8143
e8f9c87a
a7edfcca
eab31f67
24f8c641
dc2491ab
23cb4367
bb07f3f3
b43d6e12
d7cb7b3c
501431d0
37038ce6
599ad005
5c0302da
20186986
85abeefc
d56cca0b
2991465e
057c1d7a
6771b8c3
ddbab00c
c6401196
bdf3d479
06b932b2
9030b6ae
751e5041
173fc1bf
e43b7715
6e9c5392
5838296f
9cbc08a0
6969dd4a
b38fef51
e6090a4e
b9fff779
9f87c55e
026e75d2
386b8d27
9deea348
cf6c9a2f
977e8309
db078c0d
275112b5
fc470b4a
c5d9dcf5
0234340b
6c471c53
30886c7d
6957a5c4
0bad82d5
bc6ce962
5090e841
5bbf9181
a8d6ff07
a8023593
85dd1d3b
7d2bc420
3c1a0bae
aa3c759f
e814ec8b
3d637b01
221a5ea1
7252131b
1e77fb5b
6bc88631
dd8bda94
6e6cdfb1
d60f77e9
f9e0940d
1d782c35
bd969270
f1cb321f
a6dd7828
73fe519b
056d2d8d
27789b48
1d0576db
ceca459e
ffff1521
55219ef4
76f04d17
75e9e976
25c66b33
90fca62e
1eaa2991
21744c9a
47d295f2
4bdb5465
4bffa1ec
a9d332b4
a3e5e7ca
9f91169e
0da2f1ad
39887087
a542a542
4d59cc9a
e2005aa1
97d4510a
e97e0448
83696a20
3dd834fc
0831d04b
e94370e7
f2f4b8fc
3130a7a6
c61a4f71
d84fe724
9fae6ba7
f3aa0b95
3473e76a
aa702491
7a81152b
5295b479
797cef3e
fd046b25
efb95dc7
34e19710
0192574b
275a05df
b30f62ae
4f4dc95e
6e338356
fca9d64f
75425afe
49ed3d33
be5e7a79
862aa368
6fd04365
b4d81749
bbcf7018
e43ce6d5
7f093d23
193b2da7
81545691
da6501ab
0e024350
3a6874b8
6ced76bc
10e6939b
1f6cf731
d55d8015
a492826d
f094300b
567b6ace
0efaf024
6d4d82f0
0adcf448
2efee078
4243b0d0
4d329bd4
b09d7011
15467ac6
038fd1a4
d584cade
95679ea4
3491adcf
88fc6535
b921bbb3
2787b7b2
1f3018f7
4a8fbadd
b5208a85
6872a57f
fe68553a
efa334fd
7d13cede
ee72f57a
c88772e2
d02d6885
5b6a4c13
6ca87713
e99e9d27
b8c70f66
5cf80f64
5e16474e
c996c255
f72edfef
0f4cac45
ca41cde0
29b2695b
12de5f68
6947c716
e46af51d
2babea71
733fd9d2
e29c51b8
b530a6a5
a3c3d369
1df49dad
d10dfbeb
ab953875
f1d44441
39386b30
7ffc9158
ad015104
4825c0fb
2f86f108
35ec6a59
fbbd2575
4bb7e563
2e0870ce
d6f88625
8467e78d
7c267be6
c2230729
df98dbcd
d8ea80d4
049dc0f2
258bf660
3e40f971
5235a9c6
2e6d775a
c9228d53
6207c609
0311a594
9ec247d7
6a06dee8
2825ab45
0bbe9379
7c9e4b92
20002254
4efb24a7
70da2549
860cbace
0f7ea7ba
de80bc86
9d672793
929c3e2f
0e27bafd
c9e709c6
fbd22f53
4048e8ba
88a2416d
fa584f0b
e7833978
43eac18a
9ede5858
1c7dc861
124c2226
2bac5621
5c1325bd
df19f58c
73139dd1
9ae569fe
1551b462
9eb48e45
9b0820dd
543f850f
bf843d0d
12dab425
c57a888f
07663475
274230e2
9c73a289
42756d34
660747fc
e4256af7
90a636c8
aad748bd
058ace11
6cab5b9e
e58bd4f3
f60cdabb
90d0e635
dceb4f0f
13d7bed3
a2b2fedf
b1933bbf
f992ca66
9f4d4dda
cfc970c9
1caedf64
8a57473a
5c7f57f5
a13240c3
93f9c6a1
7dfa2adc
2ddcc332
29ac2289
7f93e680
78813f91
cc6843bd
dd370b05
e3c9f7cc
786eab62
2f4fa033
d4336007
c291d9c8
2894d5f9
153edc8b
4cdfefb6
89bd3fe1
59debfeb
1d039bd6
ab63353f
4d218bc1
9710aaee
2ea406c7
b589715e
7bbbbf5b
beaa1934
68cd7ec3
1eff0811
0430c2bd
b9f08b19
644180ec
f8eeeb88
5354fcf2
c3519f3a
45665699
5752f678
88bf470f
762817fd
cda35915
6593baca
adc96815
eaadf9d8
55a0abdb
93e2cf20
fc60078c
467a449b
ae37fc49
36b2b4f4
500abf41
7788b83a
05a40818
4375a39a
70376a56
99810636
db771683
a693356c
bd49158a
9bd6abbe
49f2aff8
5a4954e9
f365f2d0
eecd3bd9
37005259
a9f55b79
e4458147
8b385899
9fc11840
a758ac97
a81d862e
75fdc74a
db40bb4b
6d515ec5
5bc74028
d67e25d6
ce8acf5f
e7cef25f
a77bb56f
069b4e53
0460b5fb
3b096908
839560a5
00000054
00000003
0000002a
00000003
00000036
00000002
00000620
00000020
00000000
00000620
00000020
00000000
f425af2d
7caff536
289f852a
c74855c4
067f9798
8a1836fa
76656c68
f36c7f36
7abd518c
1212b8af
deed90d2
8a6e8931
add50cf0
043f14ce
366ec742
6234a5d7
1c040ed4
b07759d9
24b6e84d
ebb606eb
65128b7f
ea33c03f
eac0973e
45ad2e7f
d72b596d
4c294dee
1ce3bbae
196e9d50
d1fabc14
8970d2ad
717b5d61
dc9d85fc
8a4b49d3
4d9fed0d
214a691e
81ecc455
ed940f6c
b94444e6
b6f0a723
8bb63fe9
a7f7c554
fea40855
5a7bb153
d83a6cc2
732331ad
f5c5c401
d054f7de
a1ca56fc
063f58bb
33bcb022
1d8d5627
5dd318f6
b31e1074
e1d7bdd5
c82587aa
6047e8e2
37093c51
ac05d350
671d57d6
7d2e791f
8714fcf9
ca173663
524776c2
1326d0cb
85c4fae0
2b097640
cba04415
2e5fedc2
6e67a818
7077d480
0957dce7
3e690808
610438ee
fb268096
7205ad7d
e093b529
310317e4
e96d2679
ac1e36c5
db597fdc
c5159952
8e9f1c70
c7c31948
c028d7ef
a70fcb16
51dcedd7
4cea394a
e0344ba2
9e33d797
fff0317c
f634ed6c
5300455d
0821fe31
2eaf6ff0
468797a5
a748ec54
d163eee2
7cc22cdb
9bcdbb30
becdc4fe
537ca9d6
bc3bb59c
e6ecc495
d53a318e
47da12a5
b1105edf
94eb3865
0fe91c1e
fa951070
57d24b42
67fa7590
e15207a0
54773d3c
df12fee5
5b5dfbec
ee0e9159
95f670c5
d05b79f4
650d9167
a1054380
2b46dd67
23d99f9a
9b743bb5
ab4fb49e
03e07284
452264a2
9991ffee
d1bbfeb2
6befe586
88654657
e6e2d822
ac0cb1b6
f63f0c22
5b501460
23d9d095
82b8141c
20797548
e995ba23
768116f2
3dcf8b9b
38a666ca
2df0b1ba
57563bee
7d406458
6389a25d
4e22a977
2bf91346
f9942bb6
a4613ca0
ce132dc7
eea741fe
60c0cf3f
dc0e4d0b
0795148b
b5c9a622
4246589d
9da96d00
6ffa4428
7c23f4e2
9d43b329
d21ef279
b8940b11
288b7898
0b4722d9
48fba65f
6dbf9726
eb3e02a6
713f7f2b
17ac0bfe
d979046c
4f77c467
56806d6f
e86b009c
16f093b7
cd996295
f8ed4872
18ecc1c2
3445653f
fcb1518b
34a1d059
3795c640
80acb52e
2903f077
888ae91c
212bc538
53a4f045
1f7e3438
f0e69f3c
4e1d2ac6
32b2b077
e42f8f71
8fd610f3
ea681999
49cf9286
dff95074
8738d717
11c0285f
f1f42885
f2a680cd
cd5e0744
9566730c
d9377b24
905cf75b
c824fb24
669f219b
7c52f0bc
de108028
5cbd19e7
8f2bb257
4d98de45
01bc124f
01c0c0ea
e73aad77
27cb6db1
8470f99b
3bbd417f
3d37fff4
0f1ec992
f9bba28f
052fe849
8a8ed1e7
61fa0b6c
3bb4f8ce
c2c1f4a3
0783d6ba
e04a8e5e
b674fc02
793b7d82
7207a230
418fad87
a0b68dc4
3f54a8c6
a5cddf48
83c65312
1eee32c5
6e2cc6b6
ab7cb077
dcd4d205
9b67ad4d
ad15d94b
a250ebe8
92338827
97c579e0
a2223d86
99a6e5ec
da59c864
6e342150
ab418741
26676965
0c7196c7
ec5ddd61
e2376dc7
851b45f8
97112479
44a6a349
f88427d4
f912f921
c1df3fab
3d0ebf20
b0c93420
2d75ed42
42793323
45e83d04
5efa90e6
8a74da4a
b29949a6
53079bec
0d1b5f37
8e392950
1aba993b
7cf29018
b4c099d1
18e9f0ea
f165b65f
1aaf384a
b8cc98ba
30698d40
b6b0c5d0
ccb51637
94272540
50dc6e55
e5bed445
45d6e766
cf3e9f42
473c8146
8504630e
d9028475
42e2fec8
9373791e
e996318c
8d5c5d70
749d3faa
c811c5e4
b8bb4884
3ecabaa4
a50e1efa
cedf44fb
1e80f253
a3e71862
2fd6835c
251de296
f92ee507
270957cc
d65e6e29
a2b57fcf
b7b752a8
ddbdd8f1
6fc40deb
6916917f
7ce5c901
deaa4844
8c22568d
93b52cba
3471fd5c
58bfd51c
6e806ea2
98d937cd
b765e128
e7529d29
22d595d6
5defe6f1
44a2cbe2
eb7c13cb
f44adb8f
8a3f1ecd
d6245b3c
d4c2c5cd
0ec25abf
535a42ce
16ab8e23
99704706
51aef104
dc218567
96b14348
e72d4ade
e5c8c49e
776af83e
67c2756e
630c3f1e
9133783a
96368c37
b1fd5478
015b03b5
793a5a2a
d363a997
afd0dbb2
6d0300dd
74330158
ac38974c
99eaeb71
8315f0d0
4aee43dc
a9c1272b
c1b57ef4
a11b1c6b
e168c269
793b4a8d
6edb2387
43d12726
8917c6c6
038ff728
2e526f5f
bb1f19d8
9fffbff2
296dc758
a03f8047
ce069099
7cb2214b
95d435a1
5392fbd8
1fb656d5
9b0c5c89
efc538bb
64663ee7
8162bf79
f69dbb81
75078b5c
ca1e2a1f
8d432331
6b83d6d4
5356f3da
1454e87e
a438e849
e4ed7380
6676b1be
80fa3cbd
86d1dd3e
40f8aad7
eaafe031
0d4f5275
d04e8f21
28846b53
6aa79e95
6f0a6fc7
f8fddb2c
3bf1b72d
12df5d6b
a726cdcd
833c5e7c
cd571de3
00000055
00000003
0000002a
00000003
00000037
00000002
00000620
00000020
00000000
00000620
00000020
00000000
1eddc63c
d611d1b5
b34b5f41
cc59e3c3
5679ad50
ae2463bb
7440b864
666f8faa
04d0b584
293e96eb
657b1a78
f924ba15
e82b0a91
3ec38c3d
27ed7281
1340ce1b
69cf6804
b9459ec2
d5a53cde
ba0f46c3
4c37dfa1
e085ad33
d4d89888
4acb6844
11262df4
fca56e86
8bc90da8
689f8346
78523263
e54b2901
007446fd
38b0eeb0
98cf4f77
86943dca
b657e12e
8f078f77
a8b354d0
75516a4a
436dcae2
dc308e66
e62a6f7a
1db51df0
02bed46a
342e637e
59f765b0
76b9eccc
8abccd52
5c27106a
bc070461
92160a83
c26ff31c
b7eed826
35e6bcf1
e70f4eb5
905cd9c1
c904e19a
5715eb4f
0aeb93e1
b5a067ca
fc620d96
4a3013a6
94c9a8f9
710b310a
73841591
071c58ff
80e48fef
5c6d8238
e1c7bbf8
0bc76762
87a4ea40
ef6fc301
d714ced0
1de2c16b
5af21435
e1549141
ddfef564
80301757
d4549e8c
4160dfcd
cb6b7422
59d1b5e7
6190cf54
e83215c0
322c6217
6aa816eb
f98db943
15672094
b15d5e36
e9f79b17
4a1d7b05
fddb53d7
e8337ef0
f269416f
862fc01d
72d874dd
8abfad9b
7d56b987
e001c9cb
60056e1e
893fd206
57e99401
4fcf9bc7
2256ada8
c16bfecc
7b57f1af
f4315f4e
3d77111d
5d8c2f0f
0a9b179f
aa974dea
9ffcf052
0c4a42f4
7a7ba1ae
fefc7633
23ed882e
46d37755
14a0f761
c4b85e60
d4ed123d
94e2c76d
980dfb72
6fda7e44
bd2c61b8
27d586f4
46280609
4e3176be
11c94daf
4dacbfc1
694a9952
4aa68159
b8a59e41
1145feba
5534916d
f7157919
5bbf1677
284d6217
db33553c
0782c934
8e69a65b
f362d1e1
19a0de0e
93693931
da7a1b49
720c2ff3
a3fb0622
a1fddae3
6851ceac
1018db84
0a257b75
a257f7cd
b0f4059f
cf9abb2b
1627b645
d8fdba46
3ea787b6
f1029e32
74917a11
0706bd09
06a0101b
3e3921f2
9d8b2db6
1738224d
c0cb9245
de3e5845
7c45fcb3
d3a0e385
f631d377
16bcad4b
59c414b8
df573b0e
6abd9303
0f91b5a2
2f19b420
a3f40ba0
e4600ddc
46b57256
29afad29
db8ddd8f
e2c05709
b7078527
49b9043b
be2ecf95
0b993e5b
5267cbca
f48af100
f050e426
c028951d
3a949157
94659263
dc039b31
8555f14c
6b34362a
94c53e4d
6eb7028c
3f1a02ca
e147dda2
f2939473
917b6ea9
8d069242
68f5d2ff
db9f4f13
063f464d
c59b4988
51856cda
838ab60c
ce3205b6
6723bd5c
58c2de4d
501370aa
311a9c45
f2ac98cc
2db6d379
602c8e45
c5ab83a5
159b48ee
64e5c626
0d5c9bfa
800a9bb1
b7a5ae5d
0ae3813b
3449a796
5d02691a
872793df
20dd0372
1ad2e607
faf3ea8c
d02cc446
96b58ce9
734453ac
e8cb162a
152ef51e
64bf1db4
d68cd909
65bbd711
d097a6e9
afdd45ac
07814f6e
24c5e49d
bbfb72cf
cab48e60
efacf355
9c39520b
49efde6b
628b0def
e78f4d99
1c20f777
0343b927
50710239
057a39c3
af0da399
e2b2c744
59e18239
7f088b11
920f14a7
5ab2a48f
ce21b242
bba5acfa
4de44897
182e59e0
33a47407
b9e35aca
c7480ea8
12133083
548807db
9b3c7a8b
f1ee2d01
0156f8b9
822bd4ed
5ebdca1f
82d4959a
fdc5a3ee
fcf320b1
8c116536
549024aa
ea248589
2ff68d05
68c33615
412951d6
79f68869
5eef2571
c23c87c4
3c40bf13
672b4b64
cf3fc2d8
09aba97e
0043cc8a
6482750b
b44f1c1d
ed786afe
350587f7
f603d704
b64aa10c
31ea409e
48f8355d
7373d4db
b10c7746
7fba1a8f
035e6cc3
5b0b319b
869964d1
6a8916c5
8cd822d4
9fae2d43
1d3eeab6
aa5cf168
4ddecf9e
7a799c85
d597cf3d
b7847222
50a12251
b100d575
f5853f3d
94760395
a205436d
cc07677d
1128a48e
7ef48a6f
e64c863b
a5e67e44
b6813845
92edee80
bc68fdb6
b540eb8b
ba8f43a3
9fc55bae
e20d26d8
45263b0b
40b0b18b
4c660f20
d1299515
b0155037
f1b40862
94f0a5d5
0133bc3e
c38caec4
3d36ed8c
99a2112a
9f432cf4
94458b11
ee9defdb
cdf5a2f4
aa4e359b
2219ade7
9f8ffa5f
2444e83b
89dae64f
754a2bd4
23e898f5
6bb120da
40f72bb3
3a1765cb
15a0e3d3
feb1546d
9cf150a7
ee53f86f
589e22e5
08ea1af0
03bce3bb
31e9b9f0
bc0f30c3
191d1415
586967db
ed628323
92872890
4fb0e242
1479fa39
afeec21d
87539bc5
84fe56aa
48dfe378
c94ce09d
188cef52
e4eef259
97a6a494
ec8867ef
f26c02a3
b9ce6538
d8b053f4
fdedd4b4
ad0d3237
2f20e0d2
54613a6b
3bc74866
69273693
4ea8ca2f
d8b693f3
5819ce8b
5c441fc9
6b375956
9ed66e6d
ed977e7d
504c94b0
af8a57f5
03b867c6
05a32208
3c53fc5e
5828e2e4
c7ad2446
a3b314c8
a28203ae
00000056
00000003
0000002a
00000003
00000038
00000002
00000620
00000020
00000000
00000620
00000020
00000000
c56e5e08
dc6f188c
5a2dcb7e
0208765c
1c0a2721
07b66306
82694312
74c672e1
0ba8b514
7f4c7638
b0c5fd76
0e454e34
9f935e14
2a782b3d
46827bc4
f74a4c58
b945b215
4fb56e46
b605b504
2beaf029
756ffb73
4d0e850c
2219dcb1
aa4d80c0
7ad4318b
96b80011
c8efa543
8c9e3613
e715eec3
5cde5ad9
4ce4fd8b
0419960b
2de97275
5bb65a2d
6986abdf
cda1d91f
c4b5a8b4
d6668fdc
68a4dd8a
cfea1c96
2c6c319d
5ed3b03e
ca536a62
bb6550e3
1a1e2f84
056bbe72
9cb23f91
48eacaa9
8a9c9936
29953ea1
168370df
c0baf8dd
5c4f06b0
6a476f05
01eefb30
99105072
952ba203
151b38c4
d544ebc9
cc745097
e167ea67
80830b9e
ad06019e
6f8d5edc
238ab1ba
fc8a5e48
f1aa587c
c87f6d26
061b965a
46204c14
bbd7371b
9be66969
d3c1162f
e617180e
92400037
f33c4171
075ef858
559d1f13
6c393dc9
f5ad18da
2b4e351d
cf253dc3
64006b18
dd4e6abf
63675e62
309b69d9
a384fa6d
a0e34413
cc754059
ec681911
4d995a66
5516187a
05f3ece8
fd43c5db
90248976
03aa42bf
1780697e
51740273
41a6b618
8138cb17
cf0a7a37
853e43e4
2e6634f6
cd86c4b1
31b2b8aa
620968cf
9e7e3ab2
6690f554
f2cdb8b1
0ae4ea67
2cf670ba
d1200ede
7b0c0780
b7b1942c
455a367b
f217e8d9
4cfc99e5
0b4fbe06
0b93ab9f
1d26bbf1
97cc9d9a
dab36175
92d53c26
96d6ab94
2dea7f97
1b7b1948
6249f8e0
c956f6bc
ced95a9f
a5cac314
43a66565
0590ca10
a1fc945c
0e4c115f
b4ad188a
d8b3daf0
3f1e1b04
1068afa2
64312858
d7a31192
4a15a6a1
91b79a7b
925c71d9
c8301e66
e94429e8
c3f137d9
e85a549d
607fbbef
113481e6
c4e0c09f
0ee69bf2
1eec324e
1609c71e
a9412bf6
358ad6a2
115e3d61
3f2c5fa8
2f327ff2
38b5f0ff
cebe0184
cb33bcdc
b91387dc
7ee7ae83
9bacdcce
43f866c4
a5b629ae
05f5b043
a98a4a62
e42b5357
390b487b
f9f01297
292b2ff8
a2d664d0
602d4dc1
bfb22ae5
8e9bcdf1
924b7a94
45bed5be
89259168
9c1a8d35
d51a2dfa
37686ba7
da288348
4dc8494b
79eeb927
5f1ab131
44b3ada7
b2b5c72a
a0ad7890
49552802
aab5e36e
52a772fe
0317f06c
41afbdb2
f9718e8d
99452a5c
9eb59a84
815bd6a6
451ccaef
ad16068e
882e5bfa
641e6a47
5f1b64e3
3be54b5f
addcf748
24472fc8
51abcaed
07af35b8
988e7656
de32763c
f2b40f46
3af7ce59
fbbb6c69
946b8568
27d7ed2c
d56c47e0
b16fa312
4c504893
6186e9ae
f65718ff
5f4dfc7a
ba3fbb08
39efc948
3dd46562
a26c0e16
a0929177
3d73e785
99af105f
4c5066d2
56454979
f30adc64
86c515b3
267a5b07
2d66cceb
45da7a19
f0d2117a
75fcf374
fc803269
5070868d
6b2d7a5b
f04752e1
c3c2cad4
2a8ca41e
fa740ee7
b7a0ac74
b18082ca
e2923ed1
435ab466
2ddd41ad
9ae68811
1c5c182c
9b7530a9
9dc129a5
2def8479
c1a90d18
dcdf8e46
36954f0a
272349d1
22e78305
53cd2430
727da99c
bea69c6b
9090dcaa
45a770a2
8181e992
02dfc97a
738fe731
b83c9e9e
a62f3b6f
063fe2a7
ebd3821d
2fe7f4f4
18c5b6e9
79bf651b
647b06ae
d23e0edb
baea61ab
95657d35
bddfedc8
eab22b57
3b381cea
cb1ea67f
9375a0e4
aa598ddb
d70ce7f1
441c9d36
b3a3c084
0903b654
438c1a04
d4e5dafd
bd157f68
5f51e126
93d382d6
56e77b79
d97ae106
91c87b17
b802f340
a388fba6
0adc089d
de21fb19
0261d81a
57d0d80b
cae556e5
351086b0
129be91a
4a71da57
19e2a79f
be28f02f
f1cd35c4
5d44ec25
371628ea
6f35f151
4aa2784f
f3d3f25a
3c3351b5
70af28a2
ad240b78
577efd53
eb081eeb
bfb1bdf6
da763b41
ea815ffd
f47cf337
e3133fef
3a307e2f
ab0c098e
2c74d385
4afaf2fc
a229a53d
9f126f3c
f49a68ce
c0ba3d0e
06b6df90
32aab1e3
4775e3e9
576f0db2
6eefa3ca
c5178fb0
f165488a
24954aa6
1b8855d4
67c208d5
70b46050
39d77c5a
6c8df249
40ad536c
41d7b1df
3c140772
26d0f6d7
9d44581f
36847a1f
062f2cc2
c0c293b8
a622693f
3a54ca2b
a4468c57
688d7a3e
ecb45b59
915db8b8
52955f47
59caf64d
c1da0285
fd7278a2
b344c5bd
da905f32
5f0d5996
266fac3a
1cc75279
ffdcc9f9
8ca10f8b
3a1f8896
280ca89b
72cda3ec
07e0176d
b529859b
cb53c485
ab2da1b1
01f903d8
b9231e2f
6346b381
f5214dbf
db93354e
14ae7f60
eec65bd0
1fe61623
f0baa46f
60b10a30
18904c4b
4f5a7860
96c81ac9
65c3d07d
1780146c
155d8a22
232b90b4
c24ff0ec
340d4327
1d41ccdb
bcad6df2
cf202c9a
cf8db9cd
00000057
00000003
0000002a
00000003
00000039
00000002
00000620
00000020
00000000
00000620
00000020
00000000
d0982e34
38393946
5a079faa
4671eb09
509cf7e7
84e8f57a
de788769
73bcb547
7af11c79
cd5b1a37
9f011d55
d7789f2d
08e2d50e
32aa76cd
820f8a9d
0c1f9fd2
6eaef234
65fc551b
9fc870df
c0373e0e
1f4b101b
049589e7
a45280e0
ac025326
a5ba4be8
dda739c4
402eec48
3300ca06
b7eca8e6
2e96a3ab
5d68ddd5
9486c2f0
72cee79e
d07c32b5
6a9c33e7
1ed36ee1
6cce98aa
6fb181c0
bb151609
9b663857
e780b980
971651d2
6fd8f468
9be0d1cf
53777c2a
65ed1502
f4855a51
91eb0bf8
df523e6c
0b75dcec
8164b824
bb707124
52d03494
16f98122
6d699d5b
5eb2f091
5d952f24
b5c5b072
dc32b854
dd7a400a
c195b9b3
d3a1bf14
f0eb9c1f
68e3b4c4
200a1064
18bcdfad
914071d7
89c02858
2e90d0e5
70393841
9fd79557
13102c9b
fdcd40de
0db40e7c
1bfab85b
2b19acba
68687639
e2769563
0965845f
ee97e84f
e6e58255
c7b9c188
77e34c7e
b49989d8
92653758
f1fafeb7
1fc8a62d
42f32f00
f2cbd857
a0ba0c22
d4a81c7a
07c8d892
9e047f48
9177b35e
9845253d
d8d50542
1addeb8b
9e94890b
bbcfda45
b5d078f1
18ea45f6
0f3785f2
9ec2fc23
5b65ffc5
e3cb821e
b113c473
708c3677
a8c79d74
10e2895d
dfb6117a
159a5e31
f320a125
c5f8f11a
fe1d37ea
1c19ae43
7fe1255a
bfe8bce9
7bde3a90
cd1fcc46
7c2d6fd5
f8e91cf0
c9fa491a
76cd9d45
283f3b9e
7060156d
aa609289
2ed6ce8d
e26469a9
9adacd58
66dd1a13
9fa865a3
cff8987e
2bef56ac
7404cbad
15dbec46
45f1d244
2872d211
14e02493
6a7de81b
efa8bb8c
dc7815d0
44ec0c77
2cb8a6e3
2f1e4320
fcf57f5e
2d8edf2a
b5a82dcc
577c8f24
c43a1151
5dfd181e
b144bd7a
aed64509
16df6e46
18f2f7eb
c56ecc2f
bf89fb5b
db0612c4
1992bb64
05d51e9f
8be22ee7
c6fe12cd
5b19c011
1d8ddb72
7cdaa611
b8877c7e
c3af9d59
d9dbdaeb
f24bb3b9
25aa5691
431ccf93
ee24d452
7156634f
8a496c3e
1d0a230a
fda4ae86
976ce08e
651fc052
77fe9dd2
a9f8fa44
786dfc7e
d23981a3
2a54b807
79939a2f
6d582028
3e3673e2
2b5bb937
8ed62fad
e925c84a
1865820b
ad05b5b6
f7fd8da1
1482a3ca
c42002f6
2d28eb5d
43bbe6b3
23d9e0e3
3852f81a
427aec44
188e2816
01381154
c4861e3c
fe0fd464
2805754b
83257726
0be2601c
171a1db5
38c921b0
b63267cc
279c5d65
05ca24a1
5fb75ba5
952229ae
f33d5583
3636af8f
bc4fcc00
0d83279a
8bf001e4
515c5a65
c322e33b
73aaf7b4
f9451bd6
2f67c415
9a9558b8
5ab35b17
a1a773e6
66e92645
f31adc31
30c07566
5b29f9f2
be529fc0
5c00e8b4
b2ce91ef
58f9f703
fa701b2f
fa87aa17
92635360
882c1152
f28fe22a
b06d9e06
0bd6e61d
b575bb07
73f24f12
a1a763a5
057b937b
968b5ffd
4f776de5
308c1225
aa8ce249
ec476ef6
b1346169
94c7a0f1
f67f592b
d32897e2
9399fc62
e6aefa63
d7605862
e0e8a32a
7a59d91c
f2692530
684d7faf
60a73dd1
7b3fffe7
890645a4
6f2ac9a3
60149e4d
26e6a8df
5b723396
52269784
f2e5d6c2
d68d5cb8
5384184d
c7235de8
850cb9f3
538e9bd4
49ad9878
3394e3d9
f05a3eb6
244c243d
275b47d1
acfab028
97ad3e01
58ac2d1e
50c5cbd3
581a847b
28831ee9
017506a7
be1a53f2
192850d2
06bb7caa
b5efd6bb
bec0f41f
afa2e48f
411e3b38
e26cbaa2
c1e3a524
35acd320
e485208c
7c2200ed
9db46bf5
5aad38d4
814d922a
82ecc2d2
802b6a9f
22fa11b8
6cbe81f6
787a35b1
44dcc9f8
8fbe650c
1ab143e0
9c227b56
99ba4ea9
80056d5d
21a34e9a
52d0e757
c249c108
53339531
e15b50fa
0ed40ba9
a124162d
42caf885
e0f49e1c
343e0592
1be8a4ef
a44b9910
d8ef18db
f0320fba
ce21a6fd
a6e99d5e
e6c8e878
0ccb5436
8f1874b1
66ec999d
d10083f8
d89f423d
c4b5122f
7369d00d
20829684
f9060110
8ca2b309
a4b68cbd
fa34c06a
266b1a7f
182978c4
98fbccba
04ba8eba
06f27766
a5561db7
1efc2497
73e28c8d
fcd1cb37
60a651bd
a7818950
033d8de8
40fda0dd
06b02db5
35aceb91
b3ab989c
67e818e9
6dda0d48
aab7c2a6
7e1fd098
6b8ce9ef
9edfe9e8
d8716e0c
2c042d07
c6f3ecd3
4a1f481d
c4e26b4e
122869da
e2b423e8
d11b4dad
7eddb126
7f0642fb
c85a37e8
02a8860e
cb229313
c5f26149
c9cc73c9
74abdf66
0970aa9d
84890872
6203c1ac
30ba6ff0
73bdb4b3
29df5a42
ef510d2f
57255cf1
54ca61bb
b0226f55
70b37943
2a59c383
bad395bd
7e2e3245
b9dcffc1
8478e1f9
db744839
163f41b0
8f204129
c45e11e3
ffb39098
00000058
00000003
0000002a
00000003
0000003a
00000002
00000620
00000020
00000000
00000620
00000020
00000000
92fb5ac2
d22f1139
22546654
127fd698
67371756
0b4b29e1
9e73caee
c2bbe7a7
2a92dd11
8512caf9
c322cb6f
4354df83
ff2251bf
9be32f35
ede2e8fb
c15f3827
0ecc6201
fc3a40a4
77cffaee
88f6e5ec
c6fd95c5
ff2b6a99
a4b641e1
e829da5e
b53ff790
7797a170
0fed57b0
d4960631
7a2abf55
ac7cefb6
829c731e
934c3637
6852f4c6
e4923c88
48e4cc2a
13c76810
3cc698bf
78f959b3
5e581989
4e88a148
5e8b68f0
d629c513
b99058f6
c2868a06
cb982e11
9fde8585
b7b49a54
7b24fde9
a0e22e4e
d77e3e6e
6fc2fa49
a54611aa
f003639c
5b56a736
6f437735
cceea548
73bd1310
75e921b3
7c80808d
ff35a543
7d81e9bd
2f0b004c
303113b2
cdfe3cce
db49e248
c960ca1e
586b064b
b360d35e
061b5ad6
809048e0
2860b8b4
021402e8
a8d8bf5a
7d3b4dc0
5183b36a
47659ac9
a2f7b322
5976212a
1d16cebd
09ff9576
3c0d3677
78c24c6f
27d84273
6110557d
a7428c18
26f9c56b
f54d0db5
449abdd9
666baaa2
c4452ef1
5ceaecf4
7dd9ad6f
fc69035b
83bbd521
201e59d3
9d64f1cf
b8b61916
240e77ed
7a795fbb
078d327c
981d4645
9c366adf
837ba9f9
d5d68396
fe51af64
8b74d3d1
07b60984
ac68fd99
aaa6f4ce
46db595c
76cb63ad
51c6dccb
8f05003e
16d4b71e
80e17462
05df68fa
81bf3bc0
b5fc8ccd
5634d539
89d33282
9fa0b06f
c5cbe208
d477878e
15a27ed3
3709cb45
4f6e39ce
74a72195
cd87333e
f94a157e
6c5e13a7
1727f6ef
29981396
15c9bb42
871ef748
76331cbb
68e891ad
87ba817d
27ab9ade
0de9b0ca
5ae15ed9
5a132524
d3b3cf3c
6d108921
0b0b8875
af40e584
ff375325
d245c3fe
af8a4163
5995d20c
c19584e1
37a159ed
a4c44e8a
2282431a
76116d9a
4c75c062
5b891ad7
dac19d3c
1726f298
2a98658a
6e09104a
b02d8f1e
fd7a46d0
461c7d4c
20aaf3e4
714fe2c3
31d25c6d
93ab60e8
43db8052
0bbe47ff
d8fe8593
db714dc0
30b2283b
81ad72ee
b8680ce0
a6c025ea
b3c79e7a
98d67b64
1fbc81db
b7b66444
902a4ae2
9f98ddbb
30278467
774c1e6a
0612a07c
0cb818cf
02eb18a1
e9d38c38
c9c707ce
d3f094de
aa555e40
fec95b88
03db85e2
23af2087
3cab93bf
92ca2de5
4395180d
fe6a72b5
9a0c7efe
40a0f5ee
ff2ad767
9db26f25
2fed20c2
d963f921
28a6cf10
8b8a0d97
bea028a4
07ee114b
85629563
07bdad7f
405837a3
cd527e23
ad6f5c9d
a9f1094c
6df04db1
a8e57256
12543688
75b42bfa
bc78b7bc
d919046c
0c962705
e1dc9a08
e9facaf7
6977f561
fa5bd6d9
e9f30f2c
49b57e34
3b4952d5
f3a630b3
ab5f2703
c6215fe5
8f247be8
b2ff4c05
55325729
9967d8b0
fa19b652
6b4bc15a
8248bd2f
52941a98
697c02a9
51e0d413
108781a8
4fcfbf06
59579de0
a412c438
044e6d21
38d8ccd7
4bd2c8a4
bf6fd85a
393fb509
987fdc55
394fd6ac
e715c6b8
c2f4c7eb
144dc50a
d65716b1
abb35475
199d4449
d365dd7e
1997a264
dca42f39
f6c5b590
0f955106
0da5d4bb
383239f0
1d27c4bb
ffd1e18e
191cd589
1267cfe7
3c92d651
3bd62fbd
b26ec6fb
deeae0ab
fd2a289b
fbab570a
f5c391d3
0f412176
a938aee2
0822a85a
3ab2fa33
ba0b9546
09355d75
0eee1730
ae6ef619
3f6d19a7
87130571
f0c23799
47bf88a9
843e9fe3
446ccea9
4efae046
9aae09fa
e37320b3
5b4ae009
941394aa
b328313c
909c58d7
cff19991
ee8716b4
a50c2ee0
04ef1a3a
d08b2086
8a191bb5
e21ca3c2
dd9669ec
4daec9ec
cef0643d
46ca76ae
c1c7029b
c149798a
aa0ee69e
028b5527
4802927c
bcc52d0b
e7e6927e
0205e9dd
0469d949
c6b99a33
c5305364
4de997e6
8763ef56
3e52c93a
0597c32f
7f98ed67
9aa93a6f
85e2d705
622995aa
6fe95252
863f2355
6290bc12
304a8e2f
624b8167
677cf74f
4a0bded7
2352d6d2
58b9e86d
cfa960b9
8d9d9e3c
154ad63a
fa657ae3
ff14919c
c08e15e0
9aee6443
b590c949
4ca83d6d
f767c749
2455bf0e
2fe9cbae
fde236d8
bee54a34
a0058f0b
7ec340fb
891344e9
4e79b953
fe5c8d9d
b52de4fe
b252fd73
95350f71
5cf3f62f
79dd8d46
88afcac6
b4dfda73
a81a1e7b
9991618e
9bde0af9
b61035d0
c4582a69
9ca0b89f
2cedc437
6e8ce968
c4d02273
da79792b
a7b46f74
0e7245db
d61bbb32
41e72feb
47826599
725ee216
2d191b0b
83599aa7
ece29759
bb279ea7
726dd2a1
1c2b92ba
777fd393
2b6352f2
11ccab47
35af3340
a0b841a6
ab610f87
4efd1468
22de6891
943af338
73b927e0
7f9829b5
174a9e8d
ab5c3b4d
f57e842d
62f46dc1
03464c79
5f91b34c
00000059
00000003
0000002a
00000003
0000003b
00000002
00000620
00000020
00000000
00000620
00000020
00000000
38440ac2
e9edf378
bb0d9e78
f2e04b0e
878f9127
c28542ba
a013acae
f97e63bc
3db48b4b
7ff3c893
165daf66
2a17924a
9f1a5697
121a4941
4798c5bd
2e51c68e
73835351
1b62783e
bcb95faf
6874850f
177cfd17
2aab4d78
399719f6
279d2819
34d40f6c
5a2553ca
41a9785b
8bada148
3af735be
c72b184f
6ae81aa9
c9d51404
1fea73c0
e5c95a38
f508c411
9455c1ac
3e5b2866
df608c88
4d67d0fc
17456eaf
2bed0deb
a26861e5
c700f09d
2aeda14a
cc2b5876
80cb0db3
d70093d8
481e8815
3a4682c3
5007667e
93ae5b19
006c15d1
47a80a8c
bad04493
f50ef138
ee834cff
be1a642d
4424f0ca
e3d5af72
56d0f6c0
3ba12f23
8741a7f9
f83b015f
8f2015a7
5feb3adc
ae2d5ec2
0c457ecd
be799ac2
e82336c8
d80e4a95
8b120060
50c27c47
56e00210
ad6d0dcc
4017eda0
a798dbe0
edcb73a0
c7f6b466
9b6bd20e
13e5e956
eed6a305
ecca3956
f2baa54d
a874e3e7
64561afb
3949fffa
095d4d38
efc82728
a2db2a1d
8735db0c
4dd62ec6
40456973
833ca630
0aadcf61
7a82c17b
ea859017
4512a309
b184cf21
1933e33c
627ba521
ea7419dd
b6abdb2c
b6f31ac6
528cc8b9
51a661bd
4cd56012
29d258a8
6c63a981
83708db0
17dcfc15
fb148f8d
a995210d
00a6c83d
2466f082
c2f231e4
15f757e3
d99d8bb9
1fa417bf
8c20bb36
377e0d23
b1b7c211
f04ce9e8
f717a9a5
d7bc9609
b8352568
94867a5c
9603935b
6541d819
a45f758f
5e148771
4aac1289
033be8cc
d287a7d2
200b9e81
62d34fe9
856f79cf
cd87a105
9c3e18e6
316566ee
340234fc
5f19ec76
ca938451
049c6757
704461a7
22a29d84
b5efd8c6
b2852e52
5c3fc5b7
6fb42831
3c9e8ada
4889c034
3c6ee427
4c299cca
65714358
2677316e
534d8da9
18f4b98c
355a975b
10b5296b
a3d315e6
120321bf
1682ed7e
e13766a2
fa6bb14e
08ffbfba
a9e70da9
d91ddce2
ed43a365
0db61239
4538c875
88b4d1d4
d3e42a60
56002950
d193703f
eff68bdb
0240bd70
1aa447af
73927f0e
d7610e28
a9e37f3a
d8e90652
bf47e886
cdbdc2d7
686a0e23
fdf11dab
27a9ad9c
2915599f
770e44ad
ef3a862e
8bcb14da
ff702b70
38aafead
ba5c4176
b32b7017
ca60dab8
422e8d28
863e4381
bad68371
e1b6f7fc
8feb8c5f
ed9831e7
a008cab0
bc407b73
78608bcd
0c3b2a7e
18a5a434
0939ceaa
c27abe3a
bcaf21df
0bc88ed6
cf6082e1
04d0396d
efc5861f
eb2c2100
55181a0d
e4c96615
b3560389
9a07db36
2c2110c4
3090e045
fa8ae1d2
e765f3e4
15d1d5fb
f18de5bc
beab57c7
43d5cecd
607cc25d
75bb2645
6ba25c76
bba1006d
77d853f3
2ec6aab3
cf93dc62
2ae787f6
a4fe1a98
2543be20
4f8a1f9d
560762fb
bcba611e
3a66a96c
16566241
a88edb0b
2f83ec9e
ab99ab23
efa863a4
12403aca
0e1011d0
09e4d43a
bed846eb
8e380a77
34b704e2
3a941675
eee3f22b
f4df1dd0
fb145e97
6a12bb2b
13466102
40b9b4e2
ca788f56
8cf98c51
b741fd2e
86573333
a0c8b2e4
aeae0b48
3f09a74b
e28afeec
ae444c69
4ea127d8
6fd1d8be
1438faad
06100f0c
e839a71a
ee97deec
be2c6901
cf38b2cb
a48a05a1
98822890
da496a5b
2f853ca0
71d88da1
f85ec320
2dc540e7
af8f3786
fd5196bb
689bc40a
e62376e9
a59f5aee
f1127f47
5322abfd
ae6dfbb6
1454aeed
1b2bb78f
b126a12d
c9d0be3c
f705f4d2
a379c092
9bb14b1c
1c2cbc32
76aad499
cb3d59ba
51696272
c939f6e3
83e5202b
5abd845b
cc07c16a
43fe49f7
dc219a4e
0ab3a155
232678e0
b8225b3c
8d61103a
2914c4d2
b6dd34ac
49592330
4679fa93
427efc1e
25d04b34
cc49cc73
bffbbedf
111ec6dd
31b909ec
e46e40de
81ce7ff7
cfe97908
1630c6d1
121ac2d2
1fa517bb
a19c7066
4b6cab3d
5da56b97
328ae8cf
2952910e
0e0234c3
c3532286
aa4cda15
8e70facc
74b4a413
40cb1b31
2a6d187e
ee60c5d0
5e467cb2
4dcec05e
26ce9068
f701d830
85394cbc
31da8687
223dccf6
6f6bdbf5
9ad15149
414eb90e
77963163
264db5e1
dcb15e7a
39bc7475
78a6239d
039dab67
af390a96
6485d4c3
69863e5f
6ad7be5d
d9952f53
917171f4
4903eff4
1eec46d7
b9d5dbba
e414cba7
51583bae
22c0403d
f4a0a2da
d1f525b8
ad3371c4
3798f59b
8e4e566d
b3074e3b
4bc88081
8cb235c8
85034c56
b9ad8f5f
21fc1d61
0eb5aa4e
864933d2
fc33cb12
65fd77eb
32294edd
36aa6cbc
e21a2a4a
dcedd41a
a39b1495
ff904fb8
5389e10a
2e6de54b
dbbde952
1e278583
f53ed89c
3ac9e294
e83f1975
0b086a8f
68401b47
470bb058
6d3d633b
0000005a
00000003
0000002a
00000003
0000003c
00000002
00000620
00000020
00000000
00000620
00000020
00000000
cd2b30d0
2e8beacd
1214815a
8154f6d8
0109558e
f696eead
f434ca7e
8c969b82
49b86117
9cc4a758
ab4fb8d2
c8bbff4a
b8852a10
6f56190e
827efa22
eb5a50ae
40f4420f
57c88733
ae10fa6e
9b9beed7
eb6827f6
b7dd0e1f
7d194cda
ef902901
99add4d4
9279b44a
47271488
2dd8d9ca
6e05e257
bde6363b
b2775a7d
25062989
5a712fbf
467b7320
bc811e37
a9409934
d53b8a4d
418136d6
f1ebf232
6aec0262
6e6d604f
17016c62
ed3551e3
42b78fc5
6bb60a85
9da74a6b
1bb69cbe
9c2b9870
52c7eb60
e7c7f9f0
6db657e1
c42e10fb
90b5babf
0130a1b9
69c91644
cc7e5346
d275aba0
dd96fea6
85eeb124
53eff031
cef4e5fa
1276c68f
82119b65
43290aaa
8a4a455e
01fd8774
5169b432
2a421669
ac7e5ea5
463ce06f
17a3e4eb
c32a36bb
61d61d4c
b967409d
367fb256
915828c2
8af770ea
c4da51ed
ffc7bea1
2f054da0
1a3b1b25
bb8dadb5
0628514e
8dff366c
466a16c1
85e27c46
e68165ac
40155e11
5ee4ee1b
9922f6a3
710de46d
83ef2b50
0198cf94
0dd6dc83
81654efd
6631c74e
77e948ef
581199c7
2ae165e4
97120fd8
9365ef2c
0b1c3d0a
58eec76b
6b49d1dd
bec1d225
c0e91fe3
46bcd946
383ebf4a
26457c0e
f310f6d1
334de24b
5cd22efd
5fc6a8b6
4fb2a1b1
47e095a7
53b63bcb
684c7d2d
293506d1
d865e9ab
b37c4534
40408ac4
132f5c99
621829cf
2a5d3381
4dd1b021
324ceec8
2af80bf8
16161de9
24b96ddf
77184128
0c120b85
2cdefc8f
15c3eef6
32010b1f
ba34d15b
56a09fd9
11aeafba
6dbd0e22
40f3e416
a3d290a8
67f53b97
7af6ae77
547ffc26
0c86b9b2
ccb6bdbf
b954f5c6
5a3705c2
2dd859ab
f20da7ea
44806fea
e9dd9924
8ba3ce6f
5d98a358
8514e7a5
11fd933d
643124e7
e22151b7
f69aa609
0e76e3ea
041a961c
96eb8dda
0b389ac9
4230a235
9a45bc27
25dc3c20
9878fac8
ea15a78f
f902f345
8cf7708c
2461b4c0
3267c1c2
54c40d31
bd3aa140
e4ba2e5c
55521ebb
da96b91f
ebce8c96
907adf95
f1766e39
d2bcf55b
98c05196
19757286
0826749c
8526684b
8f7628ff
b800f430
eb274590
faa21f1c
5703fd09
641105d3
2cee6e6e
b784b25a
c759f6af
06bf20d1
d9c5fd65
56d533ea
bcd7d4af
e0c1917f
669ee1c0
d80e8e47
5852313e
bf92d213
280511cc
8052b0bc
6f126f57
384a9750
42ccae9f
29ff7453
b69bfd62
1cf4b08f
ca05ec6f
3443f4d7
012adc98
efa46442
3c36d271
f7ea8d74
a697e52e
a01fd196
2651da5c
36fd25e4
910f3515
a2f5cc2c
2235d70f
95aeded4
29bf91dd
e282b4a2
b6018197
84aa129a
c93dfd52
0027cb0e
bb7fcc2b
830fa5d1
2d6a1780
d2d94468
0926f5c3
8d3a278f
9642ab65
6e9976a3
e76df2e5
9f57223b
87c738e9
a25155be
bafbac25
ce0c270c
85ac0396
1c6e3390
4407b1b2
c5e35e6e
53b1a1d4
c87ee850
a8578e31
66069eeb
a0cdcd36
e4e0c9e7
e9b83f3f
4865ff17
818e0825
ce36efb5
45836c07
76ab257b
d0857d6c
8c16a02a
3d283e68
53d53c3e
d7e2eadb
45b3c8c6
4c4a1003
c79d388a
e5f8e092
748df9d7
fe223a96
da7b2eb4
266debfb
3d2e19da
6615cf46
face5876
6fc53175
e6fff5e4
9734f3c7
869cbcd6
da0c4f90
588611f3
e1ea1ee0
25f4db9f
5a116ef8
3099e22b
c5a1dac2
67aaa242
3d910ab1
94d7738a
55bc6115
9963f79b
156faa7e
9a014c06
923a412f
a6017162
d60aa91f
ec190214
a9308cfa
64438b0b
09d8759b
1c662353
f8eb9410
23d576f6
4c699897
87fb7cef
8d0b901f
677dbaf7
eb78c45a
3c86da70
3b56186c
f253f0ff
6d0e5e81
e1480a56
fef9303d
aab32852
454b32e7
85ab0a3e
299eeb1f
af8838c3
8ecfb534
6f4bac73
f251e41d
efc3d8fe
022171d7
c0abb0c8
4fa2c31f
6377b98c
0d2d984b
bc9b5b80
f7e7bf60
361105b9
953d528b
fa3af04e
8077afff
a41094c6
68eb9fb6
0a716bea
f8a9c754
a936b4f2
fd555c81
923030fc
cb174dfe
7f701726
b7f3f04f
a6cc66bb
1c17e5fa
76b6b0e8
efbc2975
428b331d
58c22b6f
de723838
c94b45a5
71274525
ed8a564f
30d0734a
9fba7c05
cb4280e7
d027a9f7
632be2f9
4698cdae
218e2686
5b55eed6
acd7d840
06940ebd
5b1d6d9a
a9e5cf6c
73f79b38
645c8e0a
76d4de76
95dd1082
d486648d
4a850ee6
8b20a167
b2e85699
adbbb20a
6c1bc2f8
4e91a3d3
65d4babf
dc4a445a
ed22c97a
c476841a
da08abee
a808ad43
a845a706
a21304d6
9d57dc8d
8f450019
c2ad28c1
ef95f684
e1ebe597
eb95ef16
3e2163a5
2af84594
f8a4e18e
f29a0c9b
3ba8fdfa
a6905101
487d655d
2c524b79
0000005b
00000003
0000002a
00000003
0000003d
00000002
00000620
00000020
00000000
00000620
00000020
00000000
24049378
05190c6f
ec351849
7395d51e
fe7b78b2
7dc16b5f
044d908d
ada3efbb
74e39554
9e5dce9d
a4cc9b91
a041d747
eb2a5ad3
6e887480
7c7410d0
4328f8ab
9eb06ceb
869575a8
da9ced5c
0f5f718a
575221d1
092d6b87
0c48677b
8d20d016
ff60f619
b48411a8
cf9ca88f
bf039e7a
7f594474
e96505e1
9deb163a
8aa8d6ac
fdc50784
09c96e3e
ceed45ab
4366fb71
f614b59d
7836095c
bd7b62ef
7ccbeed0
669da011
1264a0a0
833ce32d
a3ca1b9e
4bf9b416
578b3e8e
15c8ae22
f3171ac3
bb4e5bd2
3ef969a1
a6f74dbf
cc94709a
06a3028f
ebcdbfd9
b8992e14
1a7876c5
09b867d3
7c84a93f
76d4694d
093433a1
d1c44666
7cb7dcc2
d5c6805d
f30ffabb
89742864
14326203
7219a38d
2cc628f1
2a2a48bc
094dc664
66257543
dc08d371
f97fd9c3
d6fa0089
32812145
420f59af
23ddebb6
5e38dddc
4a546127
2d57e517
c228638a
4a5bcaeb
247bce0e
44bbfdf8
dd402488
64fbdae0
861d0003
0ae2be91
86083b9d
87f13182
ead41a3e
4422344a
c67fb552
95030139
fd8d8b01
64aae2b6
1fc3af8e
4c1bad91
bc29510a
8822434b
2ca905b4
639b670b
9e40034b
3ef585eb
21c3cade
f450d1bc
bf034bf4
ff6e9962
4d00de8e
9656368c
071f3a97
2319a91c
7cbfff22
4d7f4348
958a7395
d300dbcd
04e50d82
76cc5e2b
d3a5e9e2
5717daae
994aa8af
a4c4349b
3e9fcb87
2c32b4f7
30aeb551
616a02f6
133f6860
0c8c9d81
538c194e
454f609f
42cda22b
8f3a5bbf
f260551f
6bb02293
ee94ac9f
eb0e902f
c8171988
378498b2
bbd58272
c9ad905a
37f70d83
0588326e
33ee0c4f
d0ff52ab
22ac24bf
4defedbd
f219f2d3
91badbea
22e79701
4579568a
544c6c8a
b736d2ae
78d98de7
fb143cc8
854a2bde
aa7ac224
a7db76f0
44d7c325
c79f55e7
ecd9b4de
33382d06
0ea79e37
e104fa33
f6b775f8
0b6bf266
487e8b8e
1d73c7a2
a9606b9e
01ced154
aaae3f37
b61b73bc
63a1eb7d
396ff3f7
bfbc4750
a6dc37cf
64e36938
6610284c
41d80a0a
26e65c95
d47c7b87
540cbcfe
c1111ff6
f30b4d8e
2573fa07
df80aa37
48d68a69
f894958c
cd66c20d
47ef105c
2bc08a4f
b046612e
9c4d72b0
84101b5c
35e33176
0a625189
4259d79a
717c0e06
f65172ab
89f4b493
464fcf95
638e01f2
eeb6f859
f546d0de
303ae984
657c6090
84d90bcc
54b9acf2
6216616e
a53bb807
d7d2fe69
80f87496
08fa76ba
9e05ca94
0941b976
13f51f95
d0ee990f
9e0fcf28
c63cf899
372c3ddc
243955ef
dcb3e425
a30528ab
fedf242a
36c47f7e
aa053152
aa8d49eb
1aa3396b
a5520d7f
8f4ccd60
8798a04c
81cbdbc3
9980d253
7d6b1e9f
2037801e
a098db0e
b61da654
3be6712a
61ff2543
4cd14e2e
c8ebb4a6
f8f0c851
7233b562
20164d76
5526de07
d73913cd
9005164e
088bdeb6
04df69ef
281fe7df
26c99514
ac9f39e6
02e9811b
22620c11
22743ccb
8c034d54
06ab45f9
e3645626
82a4adba
4ebea72a
b8ad4172
92b4f3e3
0f023d07
c7df4260
38a72ff7
67fbb8e9
baa62d42
addc82b8
58f0fadb
d8cc77fe
c8aff4c9
24dabf7f
17788a13
c24d2047
10d63e53
b582068b
bff0d761
28e42da9
cf894768
13743592
51cdbbfe
5a37f04d
a2050a6b
822bc8e8
683dbe4c
2eb310b5
40baff03
36130dcc
35735192
95fe99e2
8a8f36f1
8e040892
6b83b7da
84052690
e8100155
0324753c
9864e99b
90e923b1
73558314
0e6c305c
1b2da5bd
92cd2f77
95538971
5c9d6efa
a618f3ab
05f52911
e71bbc0c
9561ed3e
f42a100c
e7c73e86
37076985
f1255ac3
99730310
62dc94fc
9a7489f9
72193a97
5f9e276b
314e237f
79927379
cf02de77
54427f44
6be4881f
f913aa18
da384383
0e6cecc2
d571d2f4
ce578b8c
3aaffd00
ca27afa6
da191aad
f08f522b
c7e3dfd7
79c7dd8c
561bc11a
5293e058
633cb054
44ffc68f
470a4e6f
3d61746e
debb5f96
2d361725
b1fc9c0b
8e128d63
40cda342
6de30d88
f4a05733
b0ab21f6
b63809e9
405b83a5
0dfdd1e0
8fc7e15b
f1c9dd35
41d82d77
4962b906
e3a50d5c
9f5084ad
c5d1d8f2
4c4da5e5
1ce4fc70
41ac0499
e8d948f8
656bef1b
bc3d6606
c7aad19a
3c0e13b6
7bf6506d
1cec8e11
6d5183d2
3015a9c1
68f4bca7
a6f09f60
aa109141
5af8e798
09376099
609554e3
a6a31f88
251a9da8
a86036fe
bea537b1
a6bfa78b
1e215de4
0da40116
8b330303
03a68711
ac20849a
9a990887
4c25de04
6f0e01c7
c56b90c1
6718eef4
2edb61f9
344cc1b9
32f24e70
73555ac3
c92f3a7c
90d6ee4f
88a2d1a5
e2545538
81e2de6f
0dccdf06
6b85be5c
0000005c
00000003
0000002a
00000003
0000003e
00000002
00000620
00000020
00000000
00000620
00000020
00000000
02eaa603
58b94a61
84d89905
f85b57ec
9baf2de0
8d88d452
0a039714
16ebe87b
a75a5ca9
b2fe4ddb
7150a0ab
5064122c
a8af507d
d2a1c323
8338b739
7fc624a0
550336dd
ba9c3c28
badf3228
39e5034f
7b36c62d
b02211c5
3506c9df
62c03565
177f4fe2
733c2837
5cfea61d
1eb91c4b
60f5fc63
92893d44
69b790d8
73d52a49
4a886b4f
30629b03
5db6b138
7ea2fb9d
fe6e37f1
b80bce76
e3f8e28d
b56b85b0
9ba72b33
e3b5a8c4
1d21a6d5
3496bb52
b2cd3a20
7a089506
9f3ebc5f
79d0aab4
a5c89f5b
74770f2c
1ec8daee
a4c6983c
3c768c98
0142fbff
3ccf99f1
ca1a744e
9bac049c
cd915e5c
7d4d7fb1
b9a7e470
28145b28
cf530eb0
63f2b9a3
f280d287
042d7897
b7492b31
d7744797
c7844800
063fade0
d9cf2281
34cacd8e
56f21435
3599dff8
6009ed9f
5e5600f0
15ab4661
cb1a1c21
25b47934
75f75eb3
cc55e93e
cbadc228
e2df4334
24fc32de
933453b8
9fa2c86b
b4ef8fef
42f2ec57
82c8192d
9adb1781
df4f9427
cf78777a
2e48a721
38138b28
8163cdc6
22371968
856bef54
a3951ee1
50806630
a1b2fd00
0824da22
b98a51ea
50b639c1
454ac67b
128b4981
daf6dd99
8992760e
5fc9ef7e
83810c61
8bf8d5e9
67f927ff
7c91289c
9f778aa2
9ec737b2
c126fb9a
cd818b58
2e4f19be
c9e2f896
11ded9cd
36591d36
27635b0b
3f65aa9c
2a19abea
5e5ef18f
d54050ff
4c764d50
4eb0ee4f
7b037b66
9d0187f6
a4752014
5e282a19
2581cd50
63c754c5
239bdeb1
606c44ce
160757cd
d2efcb90
ff8194d2
2cd309c1
f8fba3e5
7303bcfb
faa5db7e
06532f23
fc0b4263
451e1b47
f9b43279
3f2725ab
f80a671e
6f9c2f35
234ba62a
fcb3af99
956db94e
2a89748b
ae25817a
e7a6b44a
9cc8ce56
2b43eea4
dda8cf1a
81b9e318
fbdb35b9
96819a1d
c64008b2
53d7acf1
6a52748c
327e3f89
8dc1b4c4
49ea5d8f
429a0c2a
fb23ee0f
0c770985
17cd7c16
5a934caa
b71cb1d0
bc75103c
54d18615
9b2aa68f
05ffc092
e3b36857
6747186f
382f34af
98e6fe58
81dd8fde
35a7182b
f6b07a99
c0f1f257
1002ef5a
2a180d99
b59a1213
c3977388
ffa9dc14
7a952537
5db6ca8c
2de9f727
8f9ee56f
1855bf92
68069763
ea21cd82
620f4b1e
957dd4d1
28abcffd
9f8fd516
89de6fd5
66207183
63ba400c
7957c575
d40ab34b
5b90a2a4
fb579974
50212b96
f0d33452
cd087c9f
c77faea3
f009dbca
9d02133a
bbfd666d
153034ec
9308143f
e4e879a9
f0996f4b
0ead8cd2
d5921a98
e665203f
9f7fa7ec
bfbe2a09
2604b4fe
21257e1f
e92863ca
5ead69dc
05b06970
3363a663
01bdac85
225da306
7d856d7d
1b8cd47f
0a3a02f8
4f71caa7
15740e39
1f2bf6c5
1ead5783
ba55d08f
6608db5b
764fff6d
cc67526e
39b1c5e7
15c17c41
08178741
243a6354
d98584f2
c4b17480
bbc30ec5
b54af557
d1ab0853
472834be
048514ad
aef2a689
1f93a245
17855eba
29334e7a
ac81ed70
99215e55
cf32baee
efbe3a1f
94f301a3
77e2e23c
b648f4ae
c70094fd
97ac5d8b
271fb0ad
0528ec99
6635a886
6eced419
7480d4e5
3b7da187
47e5c344
9d8b2710
71cd6395
019f93aa
43dc46ea
db1a18b8
3e5f2365
5ec38754
66fe16f8
607fc2b4
7b8e5ac4
338a0da8
171d072b
15f50a34
0f903832
f9eecfc8
922ccbe1
cdf503b3
4c913176
6aad94f8
ef51a1f6
1e9e2343
db5ab53d
cbac7113
b7bf0d5f
679522fc
b801c319
3b8d5057
9a642b4d
ef78b001
7624d1f2
cc70b3c9
bf99cb09
f3b19457
0657cd25
af6d6979
9103f850
d103e5e1
7480b5f4
c81527af
3c4d01bc
19a24085
31f7676c
622b6246
6899f1d1
d24d7e94
cee1d2f5
0e2a0b5b
8a375215
734bded9
90276df3
b0989f41
e4e3ed3c
fe596a3a
90671071
0fbcf0e2
cdd19eb8
b4d0ec95
55241a63
4c620f82
396c00a9
443c5b55
494a86c7
98ef70c1
34c9a8d5
e8d74065
9dd8dfc6
0f4c49c9
0b9960f2
731d95e9
7120aaf6
25bccddd
1c01bd2e
1a43464c
565639cd
765a7dcd
0508c7af
0f48245e
dccecc63
632ae695
fa21f21b
b69644e3
a8891719
c8f32855
628b64e0
cc6ed44b
fe8e337a
b54575f9
579192e5
19e2b22a
a93c500b
8dcf986e
078e56c1
492cb542
4075bba0
9e3d8ea3
9822cbe1
8d30ea27
8a55ab0a
6fe492bc
8a34b34b
b85a5391
9ca2394a
7bbd7fed
f5a7cea4
1d672d1a
a413b141
ba2ce635
083e169e
11075c7d
1de85840
7650b843
9c45d483
4394eee9
e7dbcb75
6cc8c81e
df48588f
26e2161e
eccbec63
44ef7041
cbdcd7a8
321cae0d
79f0b4a4
18d6d709
d4e9434c
6763be2a
71724068
dd5446f0
0000005d
00000003
0000002a
00000003
0000003f
00000002
00000620
00000020
00000000
00000620
00000020
00000000
d6f3d30d
09c73db2
883931df
4c2904ed
a816d504
a5142efa
320b1dbd
1d92c27e
c9977b8e
8e0c571c
4c4e637d
fffdf4dd
a587e133
2b918c69
138200f7
348f3086
fb0fbec4
50342151
8841d406
2a812326
3c87c677
02e1a9e1
1082e0bf
b3f21b8c
a83acb5b
946f0745
4ed52cc0
372444b3
b475e857
fce05f6e
6b6c831d
8bfb8566
35b3f5a8
7b0cfce9
1037b86c
41e0630d
02793cc9
712bbb2d
e2a5ba18
38e39d7c
d82d1156
1a0268c8
23aed3cb
9930ef0e
e5ef36e4
f05012ff
e8e1355b
6007afb7
3e3757ec
025bcaab
8c1f20a6
22667287
3361988b
5dc391f6
1dbcba0b
90147d90
691ca85c
77fbd6b2
47b70550
8203a07b
8b30e596
171106a7
74cfdd1f
b6cd7d9e
6f2b2904
a924b9dd
a88c745b
0ec6e90d
e5511999
0cc98bcd
ea9729a8
8f33dbd3
e40234fe
b1d67c3a
254f1d95
871a8497
f0428e55
e0a7834d
f4132e1f
00cc2b08
303d4595
6bc041fb
370fa616
f5f6cf1f
a6826534
3d2cb877
353c8951
cc3f9304
8e3b81bf
1d63b8cf
6b5fb4b0
f4b1df34
bde31242
d11d8eb8
120582f4
0c83a0d2
6435b956
589a114d
b806929c
4af28518
30f94b13
c5589bb8
e4c43d4c
b95dab02
0b2da20b
8b0126e3
39523883
17b61d0f
57d7b1b4
535b14c6
e1bb8b48
1d1c4ad1
41f9005a
58cccf97
e981797d
dc068cc2
f55818a3
64d07b80
40e09f6e
7816912e
daa568bb
6c1051f7
0b07a4ba
05567872
63a03548
d859201e
7e38429e
f0abbcc0
83c9da36
783df711
a2776cb9
d3448c8f
e0c5b914
a201859e
7fb57aaf
8f980f51
7a854aa1
028513bb
fe84f48d
eb67f773
a13012ef
450353d4
138f7693
18973a6d
f31af06a
7ea773a9
6b741246
633c53a0
42b8d956
4b892ab2
c96eda94
a45bd50c
2dcce9f3
da835ce3
1f2ca753
1d0f3963
784595ea
b8315a6d
e86270a0
df56a004
c91a63e2
67908ffb
29ed7d4f
7af2098f
881eaa47
6d18c38a
87427ba8
7f2c7f10
2a53c089
3dd7a700
68ac6a93
5fe5159e
983a1f3f
8ceebc4d
b60a9b71
c71e7de4
a8759c71
2712d2c3
c5853343
1f8c7233
357075a2
4c955865
b7134db9
fc307a11
b1fcbb01
72a28fc8
6d74321c
6c1b16e4
ca2733bf
660105a4
5a306310
5b9bdc9b
588f39dd
4170d9aa
4773bb27
cfe777f7
ae32543d
03223b56
a253a88a
1d212525
0e306f9b
c78f2316
b41133e8
4990b67a
3d8235ab
027ad196
e41a8ebb
c1a98182
ff489f96
da16557b
0a585ea2
93d3e443
059fff1d
296892f5
031ff2d0
debd73e6
e405698c
4ae4d059
81ca86ea
ee4cd526
fc7e6423
ad2ca73f
04666f78
f1e894c6
92f3faf2
1f11f18c
62e0ed77
a6441370
5f8ec5b4
5cf6ca44
9c737e07
18e59724
9f227c17
5d8e5e0f
ddd389ce
5ff4ad0c
d718b425
35918a8f
5e1b04e8
1e10aa15
658f24a8
4179d356
276e256e
ea6c7c03
0e2bee92
d194c40e
8cca4a15
282f80ab
ca356393
f64c8e76
d945843b
dc2252cb
f1affb7d
0f9eac7f
2cbdfbb4
164f6497
c408393e
20c86368
a9bfb503
28259a2c
ba075834
2399a868
9e5fda66
72bad24d
ff9570f8
c3942777
c1b1492f
da64e950
28a80138
95c62102
f42e72db
f8e3065b
e48767c6
566886be
16eb5a09
419d3b10
214ee8e5
d801f6b9
02d8377a
be468c50
9c89b2e6
7f871e69
1190b9c6
a63141ca
43297644
54b6a802
e11e3e55
ad631730
9403986d
40b4e4c8
c297a90e
702e31b3
2dc8c23a
b91fdd1c
7948f4c1
20297a56
ca8c8930
09bd8847
69dc9ac1
e85c173b
0399dd58
05bfa846
84b5d22e
f721aa28
c00167a4
661b67b0
ed2d6dec
17544343
50761354
d05ca5ab
87ad2b6a
c3d9c4ca
efe2ed19
d78c4833
4c99b476
cd2dfb27
2f8feadd
64d13202
00c615c8
0c852ae7
37dc0d99
d268ef53
a79eca2d
17cb1e8b
98c557a6
3fbf2bb4
7c650c5c
7f4fd386
89147580
18edce9d
257f2146
9b0b47ea
3f8dc9ea
5ba1cce7
ef95bfe2
982f7dd8
1384a49c
946ff899
398a1fa8
09497eab
220c17be
7dad4d2a
7f3729a8
11af3506
ee4f11ff
b50f87c2
784ae4ca
97211000
dc4a6486
5d287110
a4379d8a
afe974f3
ce2b90b6
8fe3acbd
0b9a746a
96cdd529
572b2aac
89603116
dd42575e
ac1fea3f
7ffe7e16
cbb810be
86baed8a
f68c3f56
b9c402b2
78edf8e6
852096f2
81aefe95
00d0f92a
f8b5f191
1a711d10
0afe9c8d
854b845d
4773f512
027cbc66
b68d968b
23a39f26
a6c5572e
0368bbfa
6f95c3b0
d52fb3b2
19c0c1f5
09055418
7f418cd3
a8d39b2e
99427828
cbb8729d
15f8c004
5c3818bc
d8330f84
e67d49a3
07b240c5
75761eb4
e9d6ef36
dab06cb8
8e280583
fec57d69
7ee1c382
e9805d00
6d7b490e
0000005e
00000003
0000002a
00000003
00000040
00000002
00000620
00000020
00000000
00000620
00000020
00000000
e12fda1a
7db3fafd
78e8a862
0a468bcf
2f870885
ea158893
38efeda5
81150c13
040344c4
a9181ff6
bb18c476
b86205d0
03852553
14581306
06a1fbeb
9ff71814
e485450d
69b219a9
e7f44b48
27b20ad3
4fcc8224
b908d109
7f170d5e
52c0e0f3
cf580214
188b3b1e
90eba5c6
593d36a9
7629f259
6ac66688
f17d04e4
2b58a462
9a4a170e
758668e5
243200ae
4cddd01e
7ace2068
d2d31b0c
cebd845e
68a7e645
c593bfd8
c7a116ab
f8aca2dc
2f3ff216
f14a51f7
b75c81a7
df01f79a
ca6fa1ed
d1be5089
c45abd56
8b182fd5
2b510aa0
64e4aa52
9aa0ed73
a05df027
30d91b7f
99787115
65006975
3c935947
55d1518b
43036d0e
37c35939
21a68cc9
3bb470d5
ed9f8c0f
52abdf58
2a6b860a
3105e2c6
36e5dcaf
8b0b0a7c
ab67365c
8ef5f9ea
fa7c57a9
a373dd0c
32095c02
626c92c0
9d4dd722
2dabebac
8f9cc325
43bfa104
505e55ec
840809d5
7d1d64c3
464c3c48
8da21629
098e4394
9a51dc38
6eacc80f
02088af5
7043e953
6dd75046
bf99327a
c8d85cea
709e0e40
72932bb8
8ae2ecf5
6fa7227b
508eac47
318b0f4b
5a0d8100
eb91811d
881feaf5
0bc4391d
9a26a923
2536dc5b
fac74581
565e7c4e
2cccb592
b8dfc267
5101b248
ab1e26f6
c584c63e
55203e10
834f6d3e
ceb06c6a
f20de59b
9711f98d
2d415841
a01e3c93
aff3316e
df2d7c5b
ae0862a0
3e60c185
1822ebc4
5059a38e
286fcdbb
8e4b490e
e1158ce6
f2f063c6
76f00983
f7cc431b
2ad0a651
7e07f929
14473b9f
17e17ff1
8274f729
6564ae38
731f43fd
f89dd74e
91221a13
d8ee183f
7b128530
3dfa20d6
c4335e56
4e0ecf38
8f54571a
5aa18c24
662f4663
e57bc3c2
f9f89161
d303cf7e
cf267a87
7533ffd6
ab680aba
cbe93f36
403a0105
36aa21d2
9e38982d
8efb7f2f
371959b7
c685129d
e36684a0
cd61052a
5c7b3c10
cd87a01b
ed743766
5df84d62
eaa1ad37
a52c7887
2a9b51f0
0d70d78a
0fdbb79b
5340c81d
1137a136
010f5881
faf51203
1a102f33
7dd57d28
e6e4c106
a2036087
ab465bfb
a1a2c826
92ea6f21
5d7cb661
f4a56d96
432f6beb
4cb46ed3
1ad7b8d7
52935b2d
39ddf776
8ed35cab
0ca1f636
8eb562bb
28dc2f5d
9c2e1b69
17668ad5
ce81e38d
04db3238
8be930b5
9f01c5f2
127a02eb
b4799a12
53b63252
50b6ddc3
19e78985
778e131d
3b0f6b8e
0867dbc5
3782f18d
aaf065d4
b7395564
788cb73a
44c45d53
86547a7f
dde429f8
19426032
0369eee0
4cd203a7
be190257
b89f849b
3a998f43
02095646
04a3818c
91d9e738
a149f334
74411fea
067802a7
71b876e5
377ffc50
8cd069ef
51569c04
1ae05bee
6b118c33
107a5414
ee7f1e16
78784380
7f96f032
5ae13fb6
2713638f
c9d9a2dc
0a4747c7
808185be
617ebd3d
a5a40666
fb1dfd7f
878e096d
4bfa4a09
efeab85a
b421f689
d689746b
672dae5c
5d46505a
a91bda68
631b5cc5
ec2b71a4
3ffc4c9d
a6a89550
8a3cb50b
703cc7a5
37b4cb40
7fdc9ecc
c426491e
e01b330e
86198597
8c034ae9
2cca866d
06e4bb32
3a9bb97e
c6397a6f
ab576080
5d428cb1
69a8c39d
ef2315b5
18e80277
5472134e
800f82ec
88cf4ce4
c8de2cbf
0c99f79d
3a8fb63c
bd1fc7df
d42b38c2
b6089b52
b5fbcc79
47b58038
d43bb955
eae8f38a
976e0ee5
7263b673
9bb2cbef
c0247463
6ed4b66e
54ee5892
bb335ec0
c4d30b1e
cafb6015
24a01556
763db498
80131aa8
2592af25
076db6dd
f66955d6
15e676c4
cc19932f
3342d08c
ac7152a1
202f3876
3c1b3d96
ac73766b
1715969f
68c3f89b
645c8d2a
8fe7167d
271a50d3
e4e75442
72fdcc50
7c2dbeaa
eb8574e6
740d4b14
c9f3c057
fbeed777
82480181
c5c26f93
f9628263
9a766b51
e3bb5faf
2840fec1
c8efde16
b8e5af85
224eedb3
eebd92cd
15adbaad
8450688a
22badba9
642e8dcc
253d56a1
e73c3044
1724554f
a79d2405
f736efb7
f0712fc7
9a5e85ab
5e5dc651
95e95a28
7a007eff
62ade51d
406886e6
0caf83fa
9b24784f
ec8be295
5b79a62b
8b672c22
929bb5c8
5836dd16
7f5011f7
000189d6
628d23e8
e0b39f0a
53349a1a
7d89aa72
65b3d200
7a7a349d
da40ff03
7cfe404e
182f29ab
11ea3e57
5ce94197
71963898
c1ccf7fc
11e4823c
eb62dd96
0dd2d099
11db5b08
554a4d37
36e36f62
b7a9727c
90107da1
39771a3f
6d219ea4
0f0f910a
20063d59
516e90f3
d7d8fb92
254a88b0
391af361
b312243e
18e7a5cc
6b34d823
5885fbb5
f6cabf03
0c8e2ff6
4cdc188b
4a3a2039
b6fcc43a
69f77d62
bcbdede4
ebc40a7f
2a29b5c1
f16dfcc3
724efcc4
0000005f
00000003
0000002a
00000003
00000041
00000002
00000620
00000020
00000000
00000620
00000020
00000000
fe50e2b0
609255a8
3330b000
c8541de7
85448b1a
bae3d76c
adab1caf
04e33987
fb0d0080
62139a0f
38cef213
e7d5fdeb
87c80f2f
67f54ca1
76c5c17a
19c6864e
31412650
ff43055e
0a1fd2a8
83bb6afe
dde1442d
73e9281c
18c2cc70
c7cb2a96
6a349890
1dcd5d5c
c9d75143
36d4249f
e2895d36
693062fd
abf3d59a
427ed6d2
aa12d53c
59f24678
8a670512
e91b28f3
82bbbbff
de62dc0b
cca738df
9fff5d96
f63b6ec8
8989a718
6ecb2bea
13f8ad41
cf0ff68f
347e6f45
7371150e
ea5f0079
0e0d8d00
039071d9
3686620a
cca2927f
d95d26b7
9af1f506
e3027f2f
ae1c41c0
20520ab0
56a1c23f
f15d7f4c
ae2f33b6
dea2464e
081249b2
3b1e95c1
29071bd4
db42c87f
602f3fc4
829ff879
9dc9293c
bbf1f03e
1e2abe76
ed1c8762
7d5b78b6
eb1d16b6
d2328aeb
bca46d01
2f509df9
355f5d7b
1934df49
cfa9f9f2
d76ba2e5
1ac0053f
b36490ad
d1bddcd5
b9dc6011
243c8bc4
e21feec4
9ba9133b
49cf0337
d4cce06a
74af82f3
5f595e7c
db445783
be8731d8
77b3bd27
b102d073
37650451
d5dba056
4021e447
1c4c1cdb
d1ec0eeb
1a776e9f
6b1fdca4
519243c7
83c8beea
5a4a740b
cfc27573
4f4eea78
faa62f84
25604fcb
61fbc85c
04056015
456c8dcf
1cccdca7
a50c2c0a
08faa558
56650d2b
02d2d0d6
02cd5837
fbe14a56
a0ccadc4
dfebbe39
184b3105
e6ec3af8
cdbd3997
a040dc83
80f45d3d
505a1734
700df9ee
59eff0b8
14f0aadb
8f96a9e8
7f0d5d6a
fc19954e
ff8e432b
97d88d0a
ff234005
4e0e86dd
ae973ba3
5dd99dc9
77112c3b
aa896b54
899438ed
c52c6b06
40b0a0e3
48e53a88
625a5d6c
6aec0281
5119613a
c65760e2
16bfcad3
53242699
967b7fc6
9e349802
bcc5223e
2c6c73e5
4c9472da
abacba2a
1607dd43
2b5652b6
c86e6bbc
36ce3501
7c5394c9
4660176f
42d4549f
df2b8eb0
6e1f1404
700b4144
80bcb60d
36041325
0205c49b
3352efd1
1e941425
badf237b
1d4982ca
63758a0c
e3674621
a62a1d8b
38ea2fb0
938e479b
f5622cbd
b5f013a0
5aff87c4
a95ad55e
f5b74ffc
9aae90d1
44071f81
4d118a27
0a2636a5
0d4fda62
c236ddb4
836ce2d6
047ee143
95017570
26bf62a7
7f906a3b
9c971097
26f5aba6
9d7a9542
46f2fd70
08fc50f6
f3e9afd7
7dc0c72f
bf5bdab9
f00eedf2
d8c0fcc2
4743e8ec
2fc53841
fb3dd19e
a436a4fc
e3f85365
95c125db
3c5fcc80
8584e9c3
ae8a4224
add1dd58
fb88a145
1c141271
95416479
d88ac014
ffc5494e
077a4b36
e3bfbf45
4447f1a7
f40127f0
ad5e7511
2e5b119a
0a047434
8a4bc460
791aa1e1
964d3ced
a9c5b14d
b8c42e9f
045a5ab8
e7f89c33
fcaca12d
9eb71280
26a6d12d
9b4c0c1f
7ce4fed4
f40812ed
50e8de8b
be69eac2
6d792754
43ecd1fb
9460491b
311ad1d7
65da4328
05d6de37
42765252
a527307c
de03328a
4d5c817c
8faeca21
6871bdd5
0ff8c94d
b41696c4
d42b0389
50671410
dd7d7a6f
bf1befb6
f8a363b5
488e5156
d828eb77
6bc20fa3
11af60c7
7befc81d
6aa54bb5
4f4bd878
3ee020cb
5936968d
1e1a7d2c
e03f14f0
9840813b
d3d70e68
87a4a3cf
c6b08c8a
bb38ee2e
093be0d2
acfd99fd
31ca73c7
ef7bc47c
92e5b188
075c8286
fc8e2474
8a23a93a
262dd747
a218dec0
e2187b0a
f1fdb362
619628f5
f580c68a
f77fba8a
65ad0cc1
055fb244
95bd0b0d
adf0bfd6
110f6854
ee85eebc
c784c94b
0046e61b
d0e65e85
aa36b9bb
79795171
61fa79d5
49245bcc
cacc89fe
c4f01dfb
881ce57b
b34f5df6
05a236dd
7cb2b687
0df815ff
1a970b4b
0f2f6911
c0095cf2
49627337
fcdb789e
1b909f42
738ed110
2c1eb26a
cc3cbcd9
f718fade
f99ba798
26fc1c41
73213adb
d789efe2
85f34055
8cebd607
d58c6062
7d4945ee
81834ca1
e46cf10f
dfcc9610
0c4a4b4f
793ad927
e5c1d3d1
707853c1
c3679be0
299db7a7
b72674fe
6d74edcb
40e350e7
cb230576
e8d05b4d
057e9125
17a4c111
96a31b91
156a43c0
a67af8f1
d86864ed
edbcc134
4c826cce
afab44ec
fdab9257
6a726c1a
dc2c2291
11ac3931
7372062c
d09c0840
61cd2246
3174bf11
c10d657d
c83e7b22
363de8ae
6e7d8d5d
e3535a27
8f447c9a
d7d5cc6f
1e4e92db
88bd9966
db552162
dd7d1ac4
8322854f
9dbe482e
6d8dac6f
94226c3f
ddf7ee76
498ded28
7bb40b7d
b350858d
8029080e
5134d073
5a560e9b
8d71f94d
4d4307b2
ecac5844
90487e52
ef9ce62a
1bfbf342
a0302e7b
5bfe8ddb
884d8f89
aa385829
53a3db7f
9804c80c
50478854
6ec15f9a
7cd49881
047834b2
d4d34c14
00000060
00000003
0000002a
00000003
00000042
00000002
00000620
00000020
00000000
00000620
00000020
00000000
cdd95785
613b3ac1
48c1ba73
ffa3a351
5857da85
8d298f0c
d5054eba
76ef2b0f
487ad7ac
ed6d5c7e
22e3a71e
ace741ce
43bd9b32
5642dcd3
2437c363
bcfb99f4
2865912c
f6967d02
32c048f8
242a4412
c3395aec
04998d9f
c7ddb65f
01937429
f13774ee
b9fffe4e
0060ab2b
5c56d025
64732596
e78b87ac
255ac493
30b06cef
e8b096d0
b29ff641
0110c99e
7a8dc001
d0142ecf
c0d22ca6
c00ecdd3
656f044c
ffeb8554
abf3432b
32588139
fc2c8159
b398e0fa
05a99794
7fa37fd2
4e79b3b1
db40679f
6e18dcf6
a777de40
22536c89
d0901384
f9677f34
68f760c3
05cd431e
139bc532
1f9b7945
87e06f1d
f5a1c295
dcd11172
9aa6067c
eade2bd0
5d34d3f7
f232d729
1dbd454a
275b47af
4ef66110
a4a5a15a
4e28ccc9
2701a309
349bb3ad
2b505a8e
cef46aee
c01f0181
99dace97
805a5aaa
b5672ceb
5c81a21d
648ba076
ba14ba01
6a4eff65
7bac6073
714a53c2
c6ee2c72
c4913a88
5a9541fb
b488c6e1
5a83e9c8
e9e06802
2621f859
d1203965
0aa2bd63
e3fa04ce
53fac97b
c09242ab
7811bcab
9603c4e1
89d0d328
a93bfcca
421806a7
33ee2b8b
a39a9209
83b8b74b
33acdf55
8185b1b3
39e20c08
f9fc2da7
4a6cf2a9
b7023d02
b10ce891
1f29baac
d33d6d8b
3c0dde3e
0ff94d5a
9370ab10
e586c25d
1189cfad
4ea558b3
f3c4e03c
1fa790ba
6853a733
55efb1ea
60543122
af729f9d
c0702a0f
a34865c6
016b16c4
da914944
9b9f1f91
0da24a59
ae13cd91
8b768dab
d3c9d5a2
1c3c3ac0
04006390
7336bd44
7556e606
07c9c4fa
1107a740
2bc72d3a
c611aa1d
5e59ac89
52907975
0ee644ae
9ad27676
55bd0308
237e17e1
817ce9f8
c19c3d91
f553364d
4372d430
38e3e48d
a07c65f7
acd9053e
d033df13
1a8e3825
ddd8a2f4
fae5790e
c3b9930a
919eedb3
d8e7e8c5
64d47a72
9d0d2bc3
8240d967
6c44aaa7
f37b75a6
f3716015
2d01db29
8023cfcc
7a41e1ec
ea56a943
6780c86d
5221ab95
5a4d59b7
c836220c
b8f3b03f
f7d698b4
90d631f8
9c682a1b
b29dad0e
5e7eda0b
f69e316f
cec340b6
c3552a97
0baeddca
4d7ba475
44a19383
757bd7b3
33b9d02d
eb7d5240
0f297973
5379a6df
b6370fa1
f4c85c71
4c7e2385
241cd0b6
de60fa3d
d07cd41a
e30e0cef
314240cd
e6d8456c
4a90f3d9
9c936f4c
e5948f16
81cac389
375a0a20
83482195
36a88fb0
b6cf156e
ac0cde07
3e53fcb9
07a6edeb
5fb70aaf
cb04e3de
2f64fa86
8fab2ff4
a3826577
f2803fa6
2f8abe32
8fbeda3c
41a80184
9a01f9f8
c3bfeca0
f1c55321
bc2a2ffe
93450500
0a397605
5da8cdc2
95d36ead
298f970c
3dc2674d
f07fb4c4
224313d8
4cd7ea5c
2779bbb7
b214c00d
e4c75a2f
7ee53970
8cc98b8a
321290e0
286a52d3
f4a72d2d
3c454f1e
c3c0c0f2
69f5212b
3b9e641b
86a48b15
81b79196
fc30c94a
f12906d4
679eae63
b56029e6
c1351c61
396796b7
a58bc85d
0b5fe098
a3e64866
8ca09231
b038cf7f
88112691
ca994dd4
96c951c2
5c758790
5c1718ca
985f5e5f
41fdf57b
333193f8
8e82d25f
d174a834
86360a5a
7a697b2e
6659fc69
d82e5ee5
8951ef79
5b041a17
e286d464
731afa1d
16db7c80
ea34468e
0d0fda99
1ee2dd57
ea639d2a
80574cf3
a474189e
790f675b
8663ab7b
a6df9931
4b048146
5af3febb
45a91711
dd3e1641
3f1d8033
8658ad2d
9f70f625
08d15fd8
0efd0b7d
4e555575
14f6cb8c
3c1a1494
276b7ab9
fa7bee56
54d57fa0
3374006d
1ba5596c
b315b766
11db1938
ffa4f5ca
95dbbd49
c9b61e6c
22a01288
f9fc5987
689d684f
fd8cbb22
8735972b
4d74b23b
78f89508
1ea78c3d
a9bad4fa
f3bdbd02
24ad04f9
b5abf1f1
1837b35a
0e171424
0313247e
248581eb
a6d62c18
f10f9c07
017678bc
887a4e4a
a9be9379
0ed3fe8f
e3be9a9b
083b2ade
bcb07000
84b13621
f5a41b2e
49601e38
ef945527
5e6457dc
979f8a6c
d6b15945
fbefdc8a
4e27ef87
6796968c
1d2c55dd
0662b926
233216b5
680a3bcc
a7ee11a9
cf0cf4c4
0093457d
3d42f4e5
2fd06357
32f4efb2
f207b324
e552080b
9ecb03c7
ec1237d9
fcabe4dc
7ccf3ec6
c5b3905a
29a42c95
7e2a9f5e
1f8dc65e
77b8cca3
25c31f60
d2dd5c2a
ffafdc82
f43957c8
5d348b0d
4c9c56ba
b1c00c06
d72482ea
410d83b9
d30dfe44
45a091d1
0711225e
2b7ee1fc
044e33b7
eca3692b
6c35f32d
33654810
81efe42f
466b01f1
89d2f9f7
86d70a56
1115eb9d
87d231b2
6e537ffc
bd440356
f09737c6
b67cbd96
2b79689d
6a6bbb2f
aed9ade6
4949f2ed
71d4fbfe
7aba0fb1
afac8b30
00000061
00000003
0000002a
00000003
00000043
00000002
00000620
00000020
00000000
00000620
00000020
00000000
d5e22fd5
7df138bd
85331f07
431b86ef
ec80aa73
debebcdb
97b06eea
64fc0f89
cd522cfd
6fb0007c
649c749d
8a9292aa
277d15d0
907663b2
596d9a69
da465b36
8f873b99
1b15ffec
04e00b2d
ff76b8ad
39e824a7
d8216e19
11941952
816339ed
353fc369
f6d2769b
7417a2f9
be21b52e
ddd8ec0e
63016135
5ec61bcd
e8c5db30
e4d59ced
ebd8d74f
6c9e5433
2b7d042a
5f4a14a0
6db867bc
3b2badac
5b9684b4
3b1d372f
83907cc2
44b5649e
e0fb664f
d505b5c3
fcafc667
1c6b6084
fe07b522
b113daed
41742f0b
c91c4838
519a0060
f4239e68
a6bda950
67098404
e82711a4
00ac7222
37f48661
367a145b
b0a6ebb5
d1f030bb
ace152bc
72fa4699
02b2204a
32221e0f
8403a6f3
1a98aac8
c8384a1b
f965b146
2ed8af44
f29f014f
adec9fa6
cf2b7a48
c5bc173b
29cfe71b
d4968b91
cad1a704
af8ca794
6d9dcf38
863da796
266e9dab
e03e44a1
25e407c6
c27f4a32
81e5ca8f
1d0ecfd7
4c89cd1a
e90624f5
cea13fad
917ac1be
f59eacd5
1ecfd0d2
6b4363be
09ea52aa
8fc36bbe
b5c4abe1
c4fd82d2
e963ceb5
4af92c7f
6336faef
b6aa5990
4196e760
425c574e
7df01f4b
e45d9209
404785b2
782ea241
774c5a08
e6677d7b
5c464400
0e4a3d3e
ebb3b114
330925ed
ed31946c
fb10aadb
c0a45997
3b063a94
0b6e9db5
b3e648bf
85655e7c
776da2db
ed645804
1f0d473d
7d258994
9fdef21a
b8830590
1782ec97
af35bc58
7f524cc1
0fe69d3a
3777641d
8414b04e
cc58ae57
e36264c3
47f1f217
16e21215
34ed49fc
793b182f
ee989567
9f03371e
fdfad514
7733bef2
6bed41d3
4d078889
abfda468
4a8e44a6
adbd34ba
00069e9a
4a242e91
660e8748
5617d982
165187da
8068eae5
79daadd6
ed01deba
0aa1c4fc
580ce772
4f1054e9
b9498690
60064a53
980e2b24
de9c17b7
ada1d028
47545de2
80c0e726
294efb43
166d629d
3df356c9
a85094bc
e2611c7a
c33ae40c
c6d12228
cec149d9
859b006b
11ee0f79
8b07d8c2
0c2f8f09
c1a6259e
65b83d6d
4bffdb63
aa05ae1f
751d741f
1562a3e4
8b2f5b24
df844f47
0316846b
233e5126
31f2628a
96fc1b76
66e62881
71661357
c0f7bb76
3b1d5a5a
75655134
0928e3d0
21e95777
c4449c3b
2925c9d1
bd9aef7e
9b54d7f5
b958f063
aff0c03e
926ed884
4f367d24
f9cb0338
4331f0ce
40099f2c
bd98f6fb
0f52495c
df2e445a
b5fc75fb
cc7f0070
63424c7f
fe064e30
e2fe2063
1b36b702
1567a107
9cc36fe1
cfd9a68d
c11c04d9
a4dac118
f8f5cd07
b9bb7dce
d446622f
725a312c
8cbf972c
b8ee6a6a
dfbb55bb
3af8f23c
8fd0e4fa
3855484e
91117eae
a41c4622
63561f79
9a70fb0e
a952dcba
b25b27f4
cf0f64d1
083e9f23
fcfb3336
96d25ffd
b967f36b
5dce3bdb
d219dc60
5741d50f
674e34a7
987ff47a
053644ae
f33ee799
48abff12
efd707bf
dab07fa5
68031ca7
6bf68457
f028d0de
a41cfd1c
30eacfe0
52400e44
72a83c38
1d4edc66
c158fa60
86f660b7
0a3c1d9a
27543744
f8550e98
1a212b51
a516a436
48f251ec
5583df40
7e4863c6
e6d64752
3df33cff
269e28d9
884fee00
4ac01771
ab94aa52
df614109
402d3094
76181b21
e1d29087
ad2108ef
8ed76e16
d0d49e31
2528e2d9
cfa41ef2
3d0603a3
b21ff4eb
4fe70318
dcaf0d2b
a0d2b5da
4a8cc466
74184cad
843372f4
6ecf78a9
d46e6b2a
c23899b7
9238bedd
3bbc857f
9043dee9
3df443c5
832f4a8a
32434681
e0117d42
dbb031c2
d969991a
74c4a6b3
39622ae4
363377d3
6d12eecc
73717d66
b76e7891
8b221237
0eade560
e05af7d8
229098c8
9dcdf042
c7062f04
132b57dd
bfd566f6
837f5e0f
04a44f8d
ebd0b720
6350dd02
2532dacb
9603a0b5
7276d5d0
8e9a847a
d48555c7
729b0554
29d96efa
e54c5345
bf86c68e
e6696f5a
4dc47ab4
98722fde
95580d44
cf436dd3
2c4b48e7
d2cd2cbe
66395017
df54f984
0029f83a
d8f27999
35b33d5a
31dd87ab
d12eddce
70013db0
edf83301
39db0b52
51eb983b
c347af23
b3d51188
5b4d0a94
1a5c929b
8348f3e6
22d2f1f7
2db2e109
6c7d0077
804a86d2
a3213c12
555d67de
41ec3973
1fe1b0ad
b9391868
3adff2b3
8af9da4a
26741f7a
d2fcbdc1
1d55d3b3
197ca803
2702d35b
0ebf4b82
6662e69c
fa2a15f0
b4c1291b
59ac430a
21ae86c7
0d9c4d5b
0d1cf9e4
dd7d61e0
9acfd530
459f00e0
5dc48f60
f7c04d10
5c2e5469
3e959440
650585c7
33356a33
e3baf5f8
f755bbd0
e44f6dcb
3fe4d7ae
de344b90
1d8310b4
cfd54036
77d296b0
82c51080
2c7c44ad
3c5c4928
dcb95f28
00000062
00000003
0000002a
00000003
00000044
00000002
00000620
00000020
00000000
00000620
00000020
00000000
b339f225
cd82c548
49dbff6b
1f495099
95a100e0
f5f98ac2
63ac676d
e03c7560
02752981
797da3e1
bc123cb7
1aade5a6
33a0c0ba
ff9cab52
cfa1cd21
93a95177
fecfd021
02fc108f
ca4c67e8
ef92adfd
37887c5d
c5277f00
3f9e5b17
9efba65b
0722f2e2
1b3edfea
4d1e5c25
7986786a
b6456192
fb477234
6e8b9e33
5a67e08c
0007004c
76935c11
ac5280c2
415896c1
48f8cd00
bb9f1c80
e90c6808
97cea297
7013d0d7
adf19b15
f41f7494
ef5ff873
26d035d2
edd6c61a
bdaf54b9
12b954a9
15a83b28
8488a9c6
88d6f6f7
eb547cb5
6a85e261
93a68f2c
f4914fcb
4c527275
1540af32
87252272
4782b1c5
2ccecd1c
0f5c0d70
a7b87823
5b98037a
85a52dc3
2d0a55ee
a7d3c318
44158992
38005c89
a642a31f
ad0d0b64
0fd6e83c
568bca9e
023934d5
a9b47e72
cd56e049
a6c554c9
20bc7761
185cdff4
1f4fee36
509fa61f
422e6e74
8b8f0552
20a4d6e6
6e368581
09cdad38
43407543
af4b8d43
e77a73ad
da8a0cd8
487c1526
5aedc536
eb18b0c0
edcd16c6
e26bc129
19d4cea4
fc5fc209
34e6a163
cf394ad8
b2c84d4d
2c50fc8b
b3c7dcdd
2b9d686d
ec0131b0
59e46789
b0ba3df9
8aeae7f7
15d53ab5
08c99c72
0f2046ad
63a648f9
e7f730b9
5d1804cb
2e5ca926
5acd3b15
0d8ab744
67d219b2
6cf8a658
4dbd711a
2f060c40
db37d6c0
6814f56f
9e03775d
e5e89434
dd8a6e1a
5636b01f
3f6d97ac
951ed117
82193aa9
b17ee833
a5a8f957
1a209a6c
ec763ec3
ab01a3e0
e2448e23
dc63e6eb
803701c5
20dfb85f
e6e3efc6
1a482e4a
7b5deffe
a2cc2822
d43f49c0
91107018
15efb860
4ff39b20
b126e3c8
13fbf4ae
18c4e3eb
480a9393
0adc3329
c59bcd8c
335ddc1b
915a3980
ac129b8e
0759bb94
aecb05d2
a1544fc0
4070db95
e6e6530a
8088f45e
e5d3081b
f50ec043
0e9364e9
0ba9f6d8
d36a4130
a41b02a4
561415a1
1468b45a
1c961f77
d0a7b320
a9c53d93
cc4db1ae
2d90160b
6b1cab9d
5886063f
849fd9db
036aeff5
bd6b045b
2aad433c
ef002603
cca1d6e6
dadbf0ee
3b966230
e3ebd272
d610042d
643ed5cc
e9a9b1da
f1d87a18
da0aafa9
6fcedba7
963c8700
10d59025
5dbc3b57
c0024457
9a101645
1883380d
00db9063
192d54a3
770b3175
b78663ba
9431b157
95f3136a
f3489c0f
cbf7e56c
e9d384db
d1f6d571
a3dde7da
8a0be200
2298519d
6c56705e
27355dfb
3c78d83f
cb54f80f
a432d02d
5ba80749
4da83a78
5a92436b
4f6e2173
e6c0de3c
0acf949c
7c141d24
efdaeaef
7e2224a4
db9e7bff
dbfacad9
67015a5b
957b6aff
060143eb
20f8d249
e81f8908
b3c2966e
fba1339e
73bc6ef9
b360e413
f2934123
9a88d9b5
a3e7b6ba
b47c5be6
afc45381
8dba6c56
6364ab11
eea0c48a
2d03a1cf
545abf80
5ce6c75d
d0edfc30
2e53147c
a7fe6278
4b5516b9
71ac48f2
0c9390e1
5ac05252
ccdd65e4
77b15a8d
c0bbcc4d
f9e8c95f
aa6ff899
0337d7f8
46007b4f
bacd52cd
c4d07eb1
67ccfa3f
3f0f620d
07d79d2c
3fa30a00
f5a8022f
4684e921
e61b4efa
2361f705
99345987
4e39627b
1213d638
6c9b9b3b
c0e4fe05
9fb73d2d
12bc5687
caa275ba
eccb020a
fe85fbc0
956dda74
8062ebf2
a514c421
da077abd
ce1b4298
a01ac7cf
3b77e625
c8a6c6c2
0b274198
70a7d211
c0341f54
90131f34
9ee7ce77
56ca1f1e
171b874d
afa0019b
c5505fb0
a352e0ff
4dc48e93
1ef168dc
403d0e7d
73139794
eb4fd18d
c2a83a86
3fa7169a
aabc48c6
5add30cc
84fd3dde
bc6b617e
487e2fc6
dbc97899
f0e16f9e
3b0cbf3b
4efdda09
bb5672dc
2997ca7d
18ce11f9
69081447
5297a414
f13a95a2
a0a0b150
e35af4aa
2ed16ec0
bf07a787
982bfc1d
fc850c89
a22b8797
6fb9fea9
20aff590
a0b24d99
6ea6fee0
707134aa
ee8fef50
b5499179
9cd90312
ca054870
e308a30c
003142c5
19849e46
ee5bebde
6c1a5cd9
5dfe2896
026959a6
b48bf5a7
01a17bc4
2077e506
08abc3ad
201a9f85
4f45072e
9544bca5
9d7e460b
4ad48964
5db83aa6
2e42b3b8
d40ff060
b3468bfd
60d473a3
ff19f13d
67376574
88fefa0a
afd6466f
12c6b7da
ce8534d4
e23f0cfd
1b18dba9
95f5c075
106ac495
4006ca1a
eb466ec3
12183d42
d1c58a49
f655b479
35a4ec45
069a801d
231537a5
b56750eb
fe6473bc
66087710
801c2dfb
3de4f832
76b19fd8
16279a60
f2e387e8
2eedf4c1
8218dad3
d6df28ec
bb774d16
86205db8
eb04a9b6
38c7e6e6
36c7fbb3
fde760a7
32032410
3d61526f
12cbed90
9aac86a9
48db52d5
fcbfcf7c
f6570ff3
104eb422
eae58bbc
00000063
00000003
0000002a
00000003
00000045
00000002
00000620
00000020
00000000
00000620
00000020
00000000
2db7a63d
47e198f1
82ece0dc
6fd0aaef
ea9edd27
941456db
475ce1d7
86633537
ca1906ff
9972a712
cfa2fde9
f3319f45
3b480ca5
a8ab65f2
0d4389ab
83f1458b
979fc840
7e99388a
c2a627a1
4eab90ce
ed44def2
86af34a4
b34ff848
8d586c90
37264144
75089de7
8b0b0b43
e2fe0730
cd3dd4cb
7017d116
49fe749c
0163f529
ef7460d0
b67baf81
a74b593b
2c99a80f
d8a29162
c9940852
795e42b1
aaa1c938
241cd2c7
9f717f03
917ba7fc
c46b0a05
eb632b85
11c70774
b6ef80e8
b6f7be5e
3320c23d
e66cee98
3e5bb107
1964a1c8
00c022b9
500f528b
0cd374ad
f8774818
4c00e377
ba8c2c27
e9ad8332
5c2f821f
0af5923c
bb9f1f84
c4584ce8
4a76597c
e6143ad5
e1889e8e
ddceeca4
cb257219
30ab646d
0a18c951
58160cd3
18cd6564
2d48dfb9
25e32205
5c88f0e0
771608b0
dc9f65fe
896276b9
6873d357
a5c11e09
156b5e43
9c04a6fd
d0ac2fb3
d00f1d69
ca31dd1b
1c68edb5
db3839e7
378fc00d
9249abff
5d889464
e52e9add
279c4f18
6506435c
f3d3a805
6c63725c
4b1beb74
4eba92a0
648932dd
008c96fe
31916794
82f0b57a
27971abb
a780aa62
18a13e3b
b985a97c
037526d0
eec6a1e3
0c2502ea
60e48f80
4af0e114
a85b0336
0493a1b8
eeeccc59
c88e1fb1
c6fb2f3a
b48eefe5
00a829f5
651bca62
36be5547
938b122f
9b67745b
ab080eb7
62cd2dff
4c9a66ac
2d68cebe
f93eb433
475c8224
ce642122
2b1e8de0
fc517617
580bb915
b1caae26
f8a56ad7
740c2bf5
1e78448b
deffbfbc
316bad1e
b8f56b00
8f6acc82
fb06d185
fa71d5db
f020a2d5
cafc3038
575ce934
43ff3098
e8ddc291
e2d1631f
07b37439
1cd18e1f
2e95fa82
f89bff04
72f76b2e
2adedc34
3ff4cc9d
d0153b12
54e70ea7
367cf295
00a35950
2fa7271c
22ed0fe9
72a8faef
ee434f01
7dbbdd9e
13a17574
5e932690
a83aba48
e3aa7766
6ee7c335
21702404
a0d652e4
49df41f1
14242eba
79ca76fa
16bf4ba2
a15b793a
55a9c845
4307aa97
f803c398
809ddb6c
69f1b716
02614d60
d006d2c0
3bac256c
7f3a2450
cc3fb6ba
109b910c
7517cec4
c1877954
cf07c9c7
279bd3a7
a936a559
9523ae3c
07a6ab8f
ad18e469
88c125a3
be079bad
46040a1d
a74b1c27
64f05b4d
3c215cd9
cc120671
c2b6a6ec
3cc46e7e
3d560f35
80441893
cf07f2c6
c82f0e4f
03a73a38
45afd055
37e3e580
134033d2
1ab624a0
914fc1a7
614ded17
17fb9e79
7c0c573f
965cd190
50e7471e
d4767f92
61b1813c
79c2077e
e4b57a1e
ebe8e2ff
26b62cc5
5a8cbc27
5da97cbe
11c54d65
310f048c
d41a3c8a
2d1e78d8
afb2e79a
a4a7099f
270304f0
925ce4bd
b367a8ed
0a129bdc
1f4633b9
a5de1a25
4e2c9480
621da857
d43d126d
0654b956
d5526212
1183284d
224f5099
d10f8f54
5f29f10b
05318f57
3235294d
70b63dd8
fc87dabf
0d5b0718
8e406c69
d6e585e8
561cc119
98b1bc2e
a9d150a9
31cb940f
7af88ae9
a45bfd95
4400745b
319b18ef
962ad7b1
42359986
8996bfcf
ef45c803
564bfe67
06f60531
4f011d5a
11a51c3f
fac4cb3d
f786cc26
de4e3cfb
bfac56bf
db4e887d
5e845365
718bac44
8bc1f227
80dc7219
73ec472a
e75657e7
ff7a9c8d
48495583
f244d59e
7f2f496c
590608de
df77e0cc
e4f8a099
c0a4acfe
4325cf27
4d67c14f
b906016b
dedd9e1c
be44a212
f92b28ab
7f4ba5bf
05eb76e0
e39c780a
df31420d
aeb3ce57
ebad7fb2
e502f3f6
439b4612
14b5b4d6
69b498d3
5a5c5ee6
9ff53cf7
f93931cd
ffc6b1d1
7d6d9a88
4026ba81
2480b9cd
91214163
b7099a5d
d2fac47c
a85684b8
b9bb3c98
75dbd2ac
46ec6ad5
18a3b0db
4cb1d431
d23d8d81
975a2ad0
000c1621
3d2db5a2
87bb0f07
586ae348
c7be5949
b8fce79e
1e4d89ad
09aa98e1
791388fa
d9eaee4d
f24293ee
d3f4407f
4a8daabd
68551fbc
c01a47ee
b5b0d821
714d63fa
c51fc436
e216bc5d
706fa760
e41129f8
5224575d
74312f0e
2c135be2
1bf6b7ae
9f491f92
95e8c4e6
7aa08cf1
de9c9963
cb47011f
e6b0cffa
8beaf888
b028caa2
f4750c8a
b2b55734
b6bedb67
d639d788
7de98883
745ef9a6
c91bc0fc
33bfbb3d
f0a08355
3b31d532
dba10262
f4c437f5
5523aa80
7a1d5620
45e5038e
8b11aa93
945d8570
5db4e772
29031b7f
8cbe3310
36245594
6f7bc857
532ee19a
29a3d07b
d323e606
1986cfc3
9e77d2c4
a8318e5c
7ff27f53
968bb626
546add58
29adc8d2
82835706
a4f7d3e7
947f5e52
4a6a25e4
096fe1d5
71e75cb4
ddd7cd13
d13695d1
249c483f
631a1041
b084c25a
ddef6938
00000064
00000003
0000002a
00000003
00000046
00000002
00000620
00000020
00000000
00000620
00000020
00000000
dcd087aa
efd3c96b
886feaac
d9154d7c
18d7a70d
1195b53f
345e5d98
6b963ddd
42f5ef60
2798ed2d
96deef17
f921349e
92a8b477
95cc0781
3ecdc48b
f4f95664
45ed668d
f2047f6e
cb69b2ba
60c846f7
b87273cb
a77e6749
e554bdee
73ca5c35
df250d68
3e68405c
8001edcd
6337b20a
04008383
66a36e67
e9b249f1
46612c01
0cbd45ac
5693a6a1
7d2e558e
7b87a587
bd6aebfb
2db7427c
2ce56fae
9666b6d2
ab4d77da
85a91c49
c36f042a
4bb88fb2
f6f5ac33
7fd7f090
0129b505
6291f6d8
3a794f0d
23646c56
730e78b5
a500116d
63fc4655
4841f6d1
d0273d19
35876c5c
2c3e6e78
a01bf5a3
13b273a5
e956d3df
560f33ba
1ab2a288
f83dc7f8
0c906af3
a1d87781
b2cf4d3d
179c8cad
3a79267e
da9b0801
a9b188d5
1957b80f
55e61ce8
0d9921be
3d21e35b
942eb60d
f03ca7d5
3646adb7
4ac73c4a
b9acea37
33fb9aca
6268976b
dff939a4
c68fc47c
305e2934
bb3a0768
b73d3298
4da8f4d7
6292145b
221c3647
647cddbb
f0411b99
d3615354
c7f1385d
49abc4b1
396fd4cf
f8fdecee
1f19c523
a63240ca
92206082
fe1fb1e5
76f6c1ca
78d46486
b707bda5
d618016f
d559b523
8fcc6263
40272c25
85930592
03f3d992
21ba65d3
d8402d11
0ec16e93
965cf0f9
1f921ac7
e1e012e7
5faea318
3b6c4dea
b24c2ab3
5a468f98
dd035fe2
9d00eaf9
f96ac6f8
8f1ee9e6
f12a9378
1b68f357
76f569d4
3a10381a
e4416a39
a388fc66
33e39b14
29b2be11
5b7e7df8
fd88ca54
9cab2dce
5e4b5003
3496a366
6112b76d
da25f298
95b3b0ff
e9da40f2
bda40a42
e19fac65
7441c82c
d5c28849
3b71ad4a
63765c62
da05b8bb
4be346cb
f337bb95
4d0916ad
22896fca
f79582f9
f91551c0
971f7a21
41dfd064
4bf1396e
9e66cb5a
6017aaed
9dc68330
b20bd961
f8db64e9
7b271a2c
d83786ff
3e65a6bd
2c926ef9
14d4a5db
ca72e0f8
f6e921b0
9f65dada
d5d171e0
47d9b55a
4e19305e
e3a27b8b
844abd59
591a4d21
9c55951d
47668d57
3337b35a
7b8cc833
14822b31
8c478530
da1f1ff6
1daf720a
52e3aae2
0d6fc6e1
bba19ea2
abcd62f0
9e0d0e8d
15e9b5b9
70fd2492
530969dc
fe3953f2
ddf0811a
9d99b7cd
4e2f3e24
1ca82215
2aa0d32c
df3c20af
e2b5bb44
7f82a190
18d498fd
03f33346
8007db15
fea32b9e
a7726759
e431f147
203dd66a
82f31478
7760fd86
eb93e39f
9dd414c9
9808de54
12e2cae2
89e5262c
eec483ae
8032ad06
c7aff445
00c8682d
74bae929
a9c8d470
e8b98b82
c4a3eec4
d918bc7b
3c2e6588
efbfde1f
3e3539da
d667eb31
198b4d8c
481cbfba
89aeb889
b5ea1848
881e24dd
33aa346a
3bf62bc5
7ecb971b
e5e017e5
8c9a5b96
9639e5b3
8285c1cd
426a3693
4a90b8f3
99ed1699
2a017443
db3bbc6d
a742d70d
3ea02ed6
bf6cd5ec
1e453415
6646344f
92e1fb09
a45ac901
e295aefb
b7c043af
6387b9e0
4cca9b1a
e9341521
99ee511b
1db562bf
45f991ee
5e4b84ba
6a5d55cd
1c644e1c
03cf0508
6b7e8607
6db36aff
1514001e
45adba3a
f5aefe9d
f03ff312
b686fac3
9c3149af
28ab33d6
39eb45e8
bd5577e0
434f72e8
a048e811
2e65efd4
f4a23918
0f021e9b
bcdf8eda
516f8cff
1227935f
ff1b5bb8
cf7ec3ef
26b07d79
b9102938
c6d69508
7ec5df0e
2c8795f0
266ff2a3
4573a5f4
cc420524
1860a6bf
b609f72f
87b0a426
93d58fc7
9cc9b157
ab75b50e
1b450a8d
058e6c66
12f62b84
0893bd80
5e6285fa
70b514c8
d6ba5c1d
bd3aaa91
47306b23
e313f663
bbc6e041
54d6f634
bccfe91e
c26e4cae
a9b7f0fb
30d101f8
9bc354d6
246844d4
b3005ae5
f281eb19
038ee642
8815d256
dedcc861
ff134a2d
b0ee37f9
a9e75504
07770b3e
083352a1
4c8fb7e2
1c4cf6e3
5ee51b55
a70c3218
355f9abd
74849800
c00897e9
93b5828b
24297a9c
4bfa2fd5
b6df1c1b
b4e8bca1
761d3085
24fe6383
7c89fdaa
8976db6e
ec2e1a26
58ebd386
2cca28c5
e925132c
1fb6f4cd
389641f2
aaac5b09
a5e39200
eb72fda7
c260aac2
115e7817
ff6eea81
ebb87241
d097842e
7cb7316a
002ce394
5acca878
3783d5b0
125640ce
3c1a2360
5bfa8eed
09ed1ffa
1b077873
b45f86e4
795332fd
fae1f6f0
60ab79c0
82ea4712
dc0316cd
e0c1737f
b09bb554
63d81439
9ddb71af
5aff18bc
214aa4d3
cda0b9a9
b5ae31a4
b8de49e0
097ba02e
05f30716
c8cf15e9
1d9d22ac
82c774eb
381f3a55
e2463f34
e159e7a7
922a7a32
ecb8f6f9
dad939f4
a115213c
a7c0767c
5dad481b
3bf8367e
bb58d2a1
5fa4e4ed
a5b70237
17f78df4
173ca5d6
00000065
00000003
0000002a
00000003
00000047
00000002
00000620
00000020
00000000
00000620
00000020
00000000
b4e9793a
1e95c9b6
0fa022dd
1907e7f1
4d4403aa
4edcb9d2
c4ff5ba1
662cf824
b3f7f24e
fd6e2965
ad27b088
c68910fa
1ed304a4
70eace4f
71528eb3
b261c791
b60118c9
4cf16ca2
89366082
40b0ba46
3d260204
2bbe706e
6c389d80
cceaed74
efc6b89c
07cacec6
21b149bc
aa8860c9
996891ce
6f2c1c8f
68665441
99bfe720
9d675d34
79498721
bc584b4f
839e805a
ae1ff1b8
1ba044ed
006ff6e2
7dbdc916
a018600d
0e505f86
aa039567
b281ae96
67a2f1ae
253de55c
f107e5a4
f85149ef
40ced568
a1476fb9
2012cc9a
336069f6
15015a91
aedc5295
2c97bc0d
83b21019
8c6a6fe1
67de6131
01239180
cf0f5906
3c5a7c9c
c754df48
be1711e1
1e3f6b18
4b6da14e
b61d1280
bec08a57
a2737317
63a2a21c
b999d1d1
9e6e286e
dce49528
85b13b24
45f159fb
d3d4a5e2
a9d13c63
a626c683
beb61a84
b6e8f579
7466cb09
8a5bed19
dd1531a1
205e6263
295099c5
0bd00531
dfb51f6c
74558512
405d3bc9
61d13b8b
3d470f58
b82e4ea9
dc1a7cba
5a4f2abf
6e74a32c
4ccd0c0f
f4130b60
772f9973
b8ada2bf
3b9e7c14
abed76d4
b986063b
cea272f5
ddffa4f5
941e443f
5252afaf
b4be75fb
ac71a046
97bf74ec
e528bc8e
92dfead3
4c898e76
366752ae
0ee6867e
6169ac06
9dd76739
79170c3d
b511b5f5
ebeda9c3
b4bbfb63
cb280b50
bcf4e3d7
f0780b43
8beca4e9
9a0eee69
3083d179
9a3b8077
30af8648
e7a1eb27
1f28cd62
36774783
f692964f
7208ea94
30b60b2d
ba80c610
9578fdf9
8f2562c1
b49f796a
a940fb08
372a7302
164c4a4a
e87c256b
9753cb58
0004d0b7
be6d8100
0a8da92d
2886aa1c
137835af
e82a6d7d
a32b39e0
69c6dee3
a14921d3
5844c826
99601f96
afce427c
9804b83e
87011e5d
620d4108
cc49f70c
0ffe2e24
f7235317
0be9db2b
6f4a092d
5e8767df
100ad812
92b76ad8
17c6bb9a
4d572260
b0a6e96c
c0901a7b
c0692679
66085488
b2536e33
780158b2
66bc6550
6f004fc7
1b5d14e0
07fc95ba
c3475dd8
ad7fb277
10df65e9
1ce7881c
80e1a1ac
b1254618
feb80b44
5a44cccf
be216b84
4d6d2350
04413274
92986ad0
72654bc0
9a3e9799
2bfa2ed7
5f2988c4
5f025f2f
1c57e5e8
28c302d1
35a22221
ef205108
a362d94f
6535b5ec
cae9ca8c
8c1334b7
cd942ca9
7b3af692
9b644f99
2f1665d1
09285e63
e6901502
655af24f
f161e511
453bbf82
8dbf6fe0
03d0d51a
c1b9ee40
958bdf16
6254e9d0
cb8fdcdd
c0fcd122
03fc0ce8
80dd53a3
536383b8
556ac17e
5dd0401d
c6f606e5
fd947f9a
41fed32d
179107a7
7b197867
c429ec37
b84e6bb8
08af894f
744be372
6cb3875d
93a9643f
4a2f050e
a38f9301
815eb0f1
b60e126c
f270fe2a
52d3ad33
e5cae263
676b20fb
bc0b95e3
b1bf325c
8db8c43d
b5cd009d
87b31a3e
96586e6c
90cef21e
018b02a8
d8deccef
b22fe9c4
cd26cde0
f3bef47e
fd18281d
0f8c9cc4
485c9bfa
f89ec894
97897578
aed011c4
32ad7af8
b9fe57b3
e4b89ee8
37d1598e
60cbf57d
e7335ddb
ac477c9b
8883b266
4cba0a59
2340188e
70b6361c
5ded30c5
a7c71981
531d6a0d
72c5b338
6d826a59
8e4a0502
79dfc5b3
1b9da46e
43c48a11
9b4d2083
b27ba712
95cde1a4
937cc355
25d9ecbc
a17b9d99
5a2d406e
3bc7ae93
6affd046
38336aa5
7b5e5c99
b1a7961d
45d54ff2
b023b998
47b39b6b
1eddad15
708703b5
1ff25aab
2f1440d4
9c421814
52d35c2e
9dfa3007
d234f5c2
9d7334bc
8e36b535
ae537052
f834abb9
8f51ee55
99b1014d
c002e80b
6738b545
a5937673
448a5413
10dc2206
4eae898c
15cce26c
877990c6
965d9ea2
a2de1ad4
c0adcead
fe90dffd
9ec1c4fc
1b6183f3
a544737a
f4e755e8
e915d6b2
f16850a1
127640b3
fcf5bb19
066a56af
5c5d2ede
5ebed545
eecdc5d5
82dc7f48
4494d45e
7fdb71d3
899a2168
1b64c629
7c37bec9
b30a5d9e
f633481e
827e3972
5a7db42a
32b942df
a845ecf2
3d6d5d1d
8a8780e6
674d1b72
9d7040b4
8838f769
27fb3bd8
8ba84792
3fc32eec
7d3d4805
02d083f1
6cb909e2
3d161ac0
25223bc3
8668ab5a
cfaaf647
6779bf53
d462735a
bc86a3e1
18b29992
0b47b665
5752b07c
057787ad
f746981c
f6c261eb
cd344d62
df626143
63b4d630
78cdaf54
03d8912a
5e5c2838
3f23c2a6
cc181b43
b54f3005
4ab46ad7
d4f4bbe7
7fef2ed7
6e36646a
f4dc9e8b
7eb9965a
0ee1cbe0
ff713abe
648b8897
53c3acde
92437e6f
c201489f
c9c7faba
d09df3ee
ec3dd5b1
acbe0a58
b5b85b75
8a1e5356
bf038bcd
1f726c2a
40031e85
8222c083
00000066
00000003
0000002a
00000003
00000048
00000002
00000620
00000020
00000000
00000620
00000020
00000000
d29b91b4
2b1a2077
27edc47c
4f6cd2d8
c080d51e
8a973cb3
747f592e
e484323f
866b81db
91a96419
1e55a020
b2badc9a
1cef646e
e7897aeb
514a71c2
b7bd1d38
ccff2b41
335597b0
a0610fc7
9d9c0e9e
f2b828b7
36e58730
b6c0455f
e570a69e
6e3c0530
f4cae3de
7833baf8
e3609ee6
4934257d
c717ad43
b004168f
d9af79cb
5c0bc3f4
3c50a799
77b28e67
fcdb9b15
7bd924a9
37db4135
dfa13e2b
a6078c72
4f87cc99
674ecbc5
35e56839
1b557d10
329522bb
49c6e294
35ed8bd5
c3426c48
2e706099
db0718f3
dcfae421
c13b8d17
bdf63076
d36938ca
57b64c86
178805a0
7cbe2218
b14ebcf8
9bc47045
ad6c6b57
2cb60c95
799c92e1
8dc066c6
7aa72642
e144b07d
a0782dc8
23cdd3e2
7742831a
ebff6f77
f0f9419c
d957b9cf
0cad3caa
5e66b5f8
90908238
e244f301
6764e0d1
fcf4fbe6
4d5e0f16
51300092
73f33c7e
9cbae441
4f3473eb
a3159752
7ffbca7d
f7411bfd
1a76f36d
093a4ade
03d6e907
09736de6
83b10088
70461bf1
f77a955b
3a1f6abb
89132c50
86fc1611
5a9a204c
9fc10948
c822e963
3f1f2659
be87d450
280f6aeb
56645ed1
c6679e82
14020b2d
a0bc55d0
79b40dfd
143f232d
7c3b53d3
a64d3e36
d1c24714
de990e6c
952e07e1
62de0938
f3e070d9
ac00cd71
4bbd247d
f0b8c9cf
90d404a8
c24c32f1
31359e89
b177cdab
923ec51d
8c350a59
cd6ee58a
b4145851
6fefe9e7
50dd14ae
e894488c
d82e73aa
8082040c
8e26a0a5
0e186320
a7534460
8d21e7e8
56f694c0
0908f819
b14ee89f
1e86ed9c
486c3355
09beae7b
ff665740
775410ab
87118042
f1469393
06199c18
8cb97f22
e93afb3f
8f87f190
c159fced
1aa625d5
c826ffd7
8e5fad87
19a78a4d
890fa2ab
a9da0a96
0a3de7b8
631e7edf
5bff4bc8
f4bd157a
9e0d34a9
dedbcbf2
8c6269a0
64d0fda6
12174be4
8ce34742
09fccc1a
e3e4e482
9ccd132c
2c150a9a
9f9653f4
7cce2f05
93c63552
33f12ed3
7a6b57cd
97adbc87
7c0a1390
76c1eee3
fb48b92d
a4c1e28b
ab8ec878
ebcf5c66
36b7c49f
0b82fa67
83f6a72b
f6eded08
7ab70cd0
500aa129
b963848e
6697e9de
a3a3a696
08816c31
d132a1a3
997b2c19
3a2bbac1
ede989ac
c428b2ec
fd18c1a5
274aa8c4
cbb9baa0
6544d10d
f9773b35
b181f532
e4cb60b7
ba045e00
1be0bca0
037e216a
bdcccb61
f551ae05
2902132f
467defb2
af3a6381
b34390ea
838adddc
614be73f
de79ad32
331fd2d5
34657c95
9b3828f6
6dca7cd1
ba90c1c4
bf3ed5df
3dfdbbe9
9d96301a
2f8d8fd2
42ccbcaf
0884ef91
ca319fc5
a7f64e61
0425c044
84820f80
3a0cdd59
903a40f5
f89588df
d4921c5d
45cb5e90
823d61df
19586f89
f21afb99
d7f420a7
a25969ee
54c85aab
415a1f44
a445d6bb
638fa038
8aa4b2c9
f48feee0
3e7828af
a0f96dfa
1a6e0895
ad295698
7516db34
1d20ed17
7efb7461
44dad647
14eb4691
f9f1441f
52bb6c8e
e5c1de4b
1c59a60e
bc38f976
b6390d4c
36b6deac
94c07496
0ecdf550
7a5220a4
60f6f768
a7d0a3d2
1282c862
b82b7c19
ea5493b7
ebeda164
6875f37e
fae06975
c9949848
19fd67be
7fd5c9fd
171ece6a
9b78882e
fcd2bc77
ed537a7b
8b3855f2
b790c1ad
6296561e
30f0a499
f18d9ec9
bddbcf7e
014e056d
e02cc13e
8621f6a8
d49b1cca
562f4c15
150db354
731981d5
cfd939f5
7cfa317c
76c29537
a20f8375
4c2a3b57
3cda13c0
0f820bd8
56772fec
4932921c
b3183a23
5a7499ed
1676fbb9
344a6e3e
21550d17
ea5667c3
ca15fbc5
64b80fc3
453cb8ec
facefbf2
09929863
753bb183
dce8339f
29e229d0
f3128d1b
dfe4508e
bc6d82d2
081d68e8
1cb8302f
7700f70f
c5fd7a12
6d27570b
56ba69af
00849aa8
23058fbc
94d7521c
9622af5d
8ec1b311
55460079
e0e67741
d594b70d
6a998289
f0e24637
4198e841
0c32d6a4
e9dff092
c9e66b92
34b8a02f
adddffc9
be51ea82
89bcbf23
fc270fee
b7d1f81a
7ad30348
d2308b09
19b9a658
fde6097b
e2f482fb
80da97b8
16aa3f64
9340e20d
a865472f
2b610c52
ea29edaa
b67631fc
a8fceb20
916505d3
5c65eeb4
7fc81bae
e75f9795
6c155d39
98cdbef7
cbc9c716
2f9ed6ac
f7631003
b12e915b
6bf53e3d
2b4bf901
dce2094f
3c061375
96765432
e42530c5
bb0e5c8f
b9003dac
de569d7f
6e8cabb2
d272873b
9caf241d
75e600dd
6b92620c
7b0959b2
849b565b
0bf1e69a
b94492ed
c4d783b8
59fcd8db
83d4196e
b5b27e4a
01650faa
548a75f3
6fcff0d3
ec881663
67ecdf6e
6b947518
20f7f1d6
8e860ab0
7864b766
52fe178b
00000067
00000003
0000002a
00000003
00000049
00000002
00000620
00000020
00000000
00000620
00000020
00000000
d6739f84
4a45e23b
91f1cb0a
90bb4ef0
f0209c78
264178df
a8b45eb5
124157fc
0ed91571
9edf5824
87405081
3a2dce86
dec1dcb5
963d9ed1
8d2a592e
e5872970
0761a321
27b75ea4
bc1db87a
9d1c2357
d7841a1f
518fceec
ee980415
96b6361f
1b059867
54b4fa44
e5fe4635
41257a9b
243bf2b9
65b28488
a1c7574e
2407fc66
a395378e
3a469419
1d7da656
337b5dd1
a1affe65
574bc569
8ac1428d
4747f584
83c71b17
90aba7ed
09591c3d
b27147c3
f4c096b7
d8fa7231
189377aa
b95a3773
3b15fdee
a628edac
aef74272
c456ff37
66a6ff89
6d0b2856
8d706c95
2f69b1f2
e9275898
084b0988
eeab5393
5b5b27ce
03b883d9
d22e9a40
61d3a0c8
eff37dd2
1e34ef8d
d5ddd0fd
74fcd6da
1b9e2a5d
23209a59
7d95263a
d64c684c
7c5e062a
cb37486b
c3d10bb4
2ab6e6c0
1808c246
72713303
1fb677b1
981e3193
d10e5b66
919910a8
f249aeba
b689c8d9
97bd4202
a3ed69d9
b8283492
dc6fde86
dfe6b5ba
7ff6e791
ab7220e6
7ea4dcf1
83fb1752
3e02c122
37d46b02
f86c334c
14949a32
9a33b560
3ce428ec
35606b4b
149f198e
a0855eef
99c59b53
0cd21cfe
019f226d
9dec0e33
cc1412b0
5804708e
1e5a079a
55148e3f
02d4d44b
2b9021f1
66d52f4c
901278ef
62b059fd
a958e69c
ce4b25e4
2c128fc7
addef67f
2b4d887a
91b22b4c
5f384038
cacc2297
375e7955
6d35729f
6d832b84
c9d15fcb
38ccdaca
fdd4ef79
67106888
b683c268
6b71cf75
d5b3199c
860b2cbe
a93d4bec
92b1065d
d05171e6
779cb428
7723141b
59809e2b
34839138
980b61b2
fda21b7b
4b162542
0836f2cd
ad99cd49
255bfdc5
bbb32f27
6b140797
df1dcd6f
c91ddda8
be3eb44c
f30bf11f
774dae74
01237358
c04a4986
1e4a9403
5b1b18b8
e7a3264d
b98c8579
9ac1cc7a
6e4f27a5
00155239
fcf3d547
4ca25bbd
fadebe8f
2333a39e
36f87cb1
1e6071d9
eecaf20c
7fb3151f
71827443
b83b703d
bd3b070f
843287f3
c4654aa6
ebfa8c87
db222e14
ea6ba595
2a127c26
f8e9fc4e
c30d5934
d59f79d0
f916a8ec
7b518581
b3b34938
0cf99cde
2ee1cb28
103fcd0f
4214fa0b
f7ed6080
a8e01039
d02dff07
094f2ca4
be26df52
679d27a4
8477fdc2
3abe1fef
371425fc
32d1c7b5
f6ccd15e
1dffa327
93ee2a51
a049749a
a44b0e5f
5e9d46c3
0260e52e
2876d338
433ef0ea
48f50016
a1e92965
5365b469
830b6a9b
c17ef5bb
07da1e36
f8afcfb8
1dbc4848
bbbaee5a
69582209
0a2ff09d
b5801778
3c96ff76
e066d02e
32367cc4
33e1cc0c
f57628a5
68ef1eb2
544c49e3
4bf43e2b
3799e816
a47076b2
37d22eec
c43ddc46
3f5ba43c
bfd7dffb
708225f5
7f9a6a2c
94beac52
a6bac6c5
ccb75427
a2e7a69f
4f85e399
dc75861e
c56a9c9e
7f0b949b
dba1440e
a3854c16
5c8c9c0c
84ee5ede
312392b5
b201dc5a
c9f4732b
f0d3629d
d247df50
f50086e1
6e40d390
5186578a
e1efcfaf
4b542b75
02506f5d
b475d858
8e352d57
45d4ab31
82d706a3
51fe5136
437a8af6
36bbc93f
d0996a38
01856231
e675a010
25908ad6
0de7e87a
65223361
7d949218
9e853a14
684ea9ad
4a0e1d5b
9d39e915
c153d08a
ef02d410
41d808f7
f087db34
548fb9b9
0422d00e
da8b715c
4104f9b2
0356e531
98b35de8
83de3b61
4234562d
ac1a88d5
fc408cc7
729bcafe
0aad7974
f7f810cd
e3a3790b
68705900
d46dbc9a
aa59c2a5
0808aa9d
9225fb73
566b4d28
7f566f78
bf649be9
0f7c8144
3d4748a1
312be103
1d9708c6
22fc39cd
aa1e8e5f
49d3b91d
40b8517c
56ec8da6
bbf9b305
3b98f49b
9aabfa84
fef36f39
a4ece1e9
5c1d3796
9462d2ad
104d916b
401c1895
c7f05bc9
c9e8d966
535cb065
1eb9c09e
83446877
61125371
2dcbc2ff
22d29316
f3788392
7a656502
7c56dd5c
a1bedd23
3ef5305d
a9352593
73018855
c1f5ba77
fd9df2db
368e8b06
777aeb4f
8156b0d1
18bd496c
337ca06f
4447a5de
b143efd9
785c9fd5
387710ad
813c37e3
c4923de8
0b140199
4ee32d2f
23a193b2
6400456d
7dd8305e
d47119dd
354f9c5c
6361d37d
c17e5214
3ae210c1
a17c35f2
b2dd8080
1bf7cbd9
1fe5219a
d661cee0
2f1f1467
0adbd006
8258eb94
1c60b578
84119ef7
fce05d6e
f6e09f47
7bb72e2f
0320a3fd
f1b855d7
9f0c597e
39d3e075
ab35be8e
c9a03172
6673b29f
9ec7cf93
3100dcd3
5355abfd
a20e18f5
c33daf81
9a57876a
430bd633
fb0f09ca
7c948233
cf134218
f129856c
584f2038
75542d19
0ecc8fa9
cf34802e
bce7dfdf
16c45139
28521e92
fe2439c2
4eea1157
b0374f57
00000068
00000003
0000002a
00000003
0000004a
00000002
00000620
00000020
00000000
00000620
00000020
00000000
f72dda27
f77e1a8e
b040b13a
ab2c51d3
68b30246
a1f7af28
48b704c5
2652bca5
c4f2520c
ff9220ea
4d1f5f99
d750cf48
243806c2
af8751cd
4f14fcc4
0549358f
6ebf4744
e510c5f4
341547be
c137fbde
634e8cb4
5d5b883e
a7385a18
71c793ba
c16a588a
cc3647ce
cd0ba672
1756c41c
2a5b5529
6099c322
fa888faa
9bc85247
fc548fdf
d8f268ff
f6391530
5b14bc9a
053ea756
7af59bf3
cbf9432e
350ae86c
b07bb74b
bbbcb487
7f4b36a7
67c0bc16
f3a02693
ac80f62a
1d7ac410
7d9e9ff1
87099a82
94dc71b7
295a1744
a3711bb4
93076986
c2eaf811
f285c270
5962cb67
194873c4
4e42ff7e
62ede6f6
e99a88da
cd60fa50
089b61b9
2cd0123d
03bf1bdc
3fafd5f9
2a4ed8aa
fd8dda12
0261fb22
014cd2d8
55e0dfc6
b2500fd6
65cc4782
24bb3eee
e4f03a1c
21bd2811
746f498e
a035f21e
d5959831
592a3f63
1b2c5c4d
e50fff36
380b6082
baa55888
7448f923
5120196b
3223a1d3
1a8ebfee
82508488
9c60174f
5bf39235
9bd5970f
2ba8725e
bd3c432d
27cfbcf7
44f53608
ff7a721b
5c43aeb6
f4bca833
422138d7
20a05937
8ac1982b
e8ca3d6f
76112702
20d7070b
fbc63ab6
069f16e6
660e1f63
fb1822e6
6846c673
c3c00548
142562d9
0abbb9cd
db042e58
56de6626
24344559
33c2b791
6d194940
c8744672
ca766f0c
00f1dba2
205c5be0
1621f2a5
bcd2b9b1
7ab3cfe8
b32a4e64
aa1a3e21
0baa3315
906aafa4
c4b1a5ea
0d826d80
fce921a3
221bac5f
d6c71297
b26e0ba6
50ed2e42
645042de
85c81e74
2d0c3811
eb229a28
4f50bf58
616c54e1
cd5992aa
b42e2c23
0a80a41b
9de3fb5d
dddb9142
abf5074c
dd7a38d8
4ee5cdb8
19b3a2c2
4e8cea7c
184ddffa
1f38668d
83197022
c3d7bd89
5c877c70
7b4b899d
3a4c5fc3
b80e4055
743f6d40
1e4cb0dc
61c62eb1
b6b00f51
8418b662
a83d696b
9808d58d
611e329e
5fb94208
db283b00
1b33e704
dcd5c78c
b7207579
e7578e89
397b30af
73bc6cba
868430ee
c0914c1b
936b7335
fed31785
2c70a1be
68c76bda
22f0a7de
2256f510
4e2a5c35
260f865f
7fe3bf94
64950d8b
4b026228
6332fd14
f840f604
de803a6e
3f9f7f3b
306cf5ea
cc634ee6
ff07bcf9
3f72b204
ada823bd
7bc5d1b3
6949b3be
246d3ac0
abd9b876
28714ed2
e9c6dfe7
858c0903
68bc6814
1705e407
c4d02a5b
9907f5ee
6b7c8be4
669f848e
c615781d
3b90f682
d6a585bd
973a2ce0
14561dcd
948fe5a0
d9d9cd1d
7624d5fb
aeb39f97
e3927417
dad41e3f
acf2ff9d
0f441d8e
0ced54da
18b285b6
8d5b03f9
5498df7a
f1fda40f
113366af
bc3734db
db6e2c4c
025dcaed
eea3a4ed
1b42eea8
46df9b45
c057ef65
d3dcb2f8
32aaac8e
cb2c6537
6ae5c88b
416cb2ab
041bed10
3a875278
cc650bd8
1acf63b2
da1c9624
6206f134
fd1ba881
c1d9b4ea
48d00233
78cc5a44
44e922f4
194f210d
ddd99c9b
9bad5d67
4ce86008
89874d67
b1eeec5f
c8c15bba
77624408
9a9d49cf
ec5e3b07
a3857d51
6fd491f9
091b4699
242f4a3b
4e66e2b5
5718650c
38416ce2
2f66a02f
d8414206
8e569747
7f97a77b
46e8f0c3
94073a8c
52154528
0c8f55c2
4cec64f4
364d3dbe
ee2719c2
4e97574a
19239031
b76f2454
be96fecd
518c5a04
2e0d770a
f23151b3
dd363a1a
e929b00b
bbf13560
b9f19a1e
b4cecf58
b6ffcf00
8d4e99be
58b899be
c02766e1
86a4f488
e4a67152
a9c26c73
785f5b6f
79f40f62
9e62804b
72a2ba20
9c94487f
5ae48a6b
73bde652
57187301
e224da49
84842002
1448d134
4a3fb061
fc21db2b
36b3e6f5
c6e4d8df
4dbfec11
3a34b315
4ec002e5
e760a5ec
0ea536a0
e39e5b63
1b26024a
0217a921
52e3590a
e04f3fb1
297a78f0
ee0a05f0
2178efd6
b66051f3
a3a8064e
4dd2dd84
d0b7cd4b
d3cd3f4c
4fc81e03
549ded96
d42d8df9
f778f592
663508f6
45580fc2
c321d843
d9bb370b
7d3df924
0994e057
aa13db76
b978e14c
31a11838
49e19523
210fb927
c1cecba2
bb127691
14ea3b45
c22f8eac
5cf33179
7aca5f9c
c73ef69d
d3da58d9
6be77ac6
b691e9ac
c4323d31
7ef1546c
9b2c99ca
9af69464
29787dce
9cd929f9
55840a0d
74e7d250
d2bffec1
2c235154
5de6e289
a6339c65
16ed053b
b3b0d05a
d521dc4b
86d88903
fac0eef1
4c36e031
cf617fbc
9763b37f
988d1ff5
2e3ffcb5
670151de
1a38c89f
a264aa93
1d65ef2a
ef6d3d27
0739e2d3
516e9fde
1447d4ed
d933cd15
bb2a3c3c
6691eef6
e7738d95
08598228
af9c0a96
42a17eeb
2b35bc9f
eabe230a
0c035e8c
358342cc
ae1ad750
0487c00b
00000069
00000003
0000002a
00000003
0000004b
00000002
00000620
00000020
00000000
00000620
00000020
00000000
d4cf523d
4b28b685
8c5362d5
615afefb
08f41cf8
72fb8dc2
3c0f0324
488d32c4
3a5aa414
5a84f54b
c2a7ff4f
028e528b
ba8c5564
f8c791e3
6df302f5
44541427
a0992d58
efb7ea7e
4ac10eb8
e16f2115
0bd8666c
21a8a2f5
e8722698
1d1e4fb7
2cb8329e
caddc7ec
4597b969
eced26fd
20683c67
31301133
ebc490a8
d114342f
a904d3de
cff8e46d
9013f754
e2696e83
e46480ab
9f3829b4
665680cb
083c2890
32cdbec1
a040aeaf
45e55b5b
8c25ea5f
fe99564c
5cc1a4b4
f3d98404
81b0d702
359413dd
f606fa52
4d9d57ad
8f4f9473
de9d657f
cd13fbdb
7068bfd2
4d665c16
d8e581a4
3108e244
46f839bc
cefde00e
4381c395
edd02a23
65d38d4d
52000c22
a63d3856
7093b05a
3f7532b5
da4c6c86
c522b883
1d1b6dc8
2dbfa92b
abe8556b
f2a2f8de
bfc85c4a
d0d6a020
0d011b30
08f7c7ad
6550c723
db0f7e16
33ffb6c1
9eaa5a04
ead5a8dd
aac56505
cd66348e
a17d7df0
83cb3083
98af3631
21b7fb69
52be825e
ef21723c
cff22371
072746ea
2823e169
c7064f09
368e9ef1
f922e9e1
a42ecd31
b00e64f0
e52926a6
23aa9ea3
b4a40f89
a7c69f64
6a723abc
25613117
dac3efd2
5dcc733b
6aa42cee
f47b06e8
f0ebf138
ba253fac
aba6c31f
62a0803d
4ffad7e4
8c42c50b
053e40bd
7b3d3cb4
2000d2fa
c14a9b3e
a3d3050f
7b485b3f
a566047b
4caa89ef
0143ff7b
9666d504
7783c6ae
abb705c6
eb27a0a2
193b42df
a4eb9d86
928c9357
c0d55e66
8ad7c8b8
44a8711d
63527910
87d179e2
054420a3
33de4481
3264ae4a
d8273429
2daab0b8
36b49068
7372f5d2
0fde96e2
068b5835
a2b23309
7e52f351
96626972
25e1a636
8b4ae32a
3515d3bb
a198fbcc
1261b21a
c9861e67
bc8535f1
b7386d40
b7e52fa9
3003e048
2254599c
bfc0e56c
80811a4a
6886f59f
616be27b
ee087593
149a2f52
7cc9d395
2f57959f
73619c76
89bac95c
92b874e6
917579bb
c432d3c3
f25d7f3f
cc47eabe
b461bcdb
568d845b
b1c17134
a9de5c76
a0d21c16
06c9afaf
b6f8c056
392de30a
09f0acf4
e1140398
17b39e66
57c0bf48
aad96c47
207afe6a
dcf9fa20
8c62f3b1
767ba5a4
db6a1474
1ea98a76
d5c8a79e
2ebc1a9f
b6d2a6a0
9d18a987
7f4f5359
656034c1
0d433ca8
ac6e3d6c
6a0ea84d
602d555c
d0362eb2
3b5fa1f8
f8aa481a
386650f1
6f1fd017
d8dbe138
da346f91
9613c034
ec5a12a6
98d96533
6ff9abe8
eed3b8ae
ea75acdc
0785c2e3
a268a7da
e44add87
79cff986
83c2dfe6
a641fdbc
29c725b2
6d96dbce
bbe07e65
855de93f
9b4b6016
dccfa528
dad82bb8
59275e73
eb75eea7
be0f9ac0
28539cae
f4c72e53
8efb93e0
58eaae0f
a2d0d236
75f18115
befba6d1
3e643a17
c9a8d9be
4447efbc
11e74b6e
d102cdad
8df6dad9
40cc4bf1
2d94349c
a530e0b2
25f69ac0
90ea7491
c8cb8585
044bfd3f
6bc16821
41a60a55
1800d3c5
a1250f5d
a8ce9e78
13c69d54
8cb6bb09
f0c13e47
f0b6b80c
c10d2428
0d7c55e3
3bd80742
5e791bab
5a5dd6c0
0ffd3fdd
aa7c64bf
8edd6ed9
0dfaa0de
7acb2536
455030d7
dcb8f88a
a276eef6
42b83276
3e77c382
3b835dde
1144de16
f10b3365
4afb7e38
fac6a54e
30ff665e
df53ade9
52e2c48b
0cb2c725
45166828
7d507aec
9291ac10
0c3ba14a
e5c8185b
dc18799b
1c03473e
05f97b24
fb363aad
b10caa0e
c925ab42
5b660b6e
490bf6e5
26fe90ef
418abe3a
3cbd0432
ef16fa7a
5fbc54eb
ee057d20
840550d3
bf6417df
d9076229
cc5c886f
2314239a
e02c017d
70a8e372
571cb7b4
667df382
fe4e4c38
771ee22d
539a509c
5ad6f1c6
b5da6a9b
948cdd0c
3c5ea896
c8fd4b89
87a4d63f
3538a3d1
dd327de3
5ae58442
29602ae0
aaa10d87
36375e26
0725ddb8
7677888c
8eaa0e49
a0e5a75e
0699314f
83b291b4
5db9877d
68d14a2a
6e04b76e
d54bc9e5
20acb2d1
5b92e9c6
7cd0b3a2
b338f135
e7b909b0
35e241b3
cde8b11b
44f9fde8
8272ae81
0630fe6c
cdfa9c09
54d40e30
e9702482
a9862005
035a2b90
e9842b20
6830bdbd
540d17dc
d9e1822d
480429d4
e387c3d2
39674713
e3dc0a6e
23b41cbb
41a4ff47
593b45dd
ccc87a66
88f90bba
102b5707
6f4160db
7223b3e3
4ecadd02
24e18769
79e8f6fc
6d00dfe5
abaa404f
75f1f354
153bb900
18c6cf17
660b3444
0ab77eea
52471b3b
e39e25af
83448f91
36cd0eb3
e789eabd
28b2e2b3
333f7460
6ba61987
cd449acf
df4d5d33
88ca9b63
bc6e3c4d
aae83102
83d9486a
fa113db6
efd80785
a0acb0d1
2a5fa616
0b8f1736
284e1a80
7814d9f7
9609aa4e
0000006a
00000003
0000002a
00000008
00000075
00000004
00000020
00000020
00000620
00000020
00000000
00000000
c87c32bf
e7a844ae
b19a2543
134eee53
a03ad4da
76a62feb
0758fc0f
27f40ddf
0000006b
00000003
0000002a
00000008
00000076
00000004
00000020
00000020
00000620
00000020
00000000
00000000
7612c1fa
5b9a62b8
b5d4fde2
3dbfa323
8b07bd25
3a3f6020
d2d85526
a2f6cfe8
0000006c
00000003
0000002a
00000008
00000077
00000004
00000020
00000020
00000620
00000020
00000000
00000000
9facebcf
abd86261
b6f04ec0
793769c9
d2bbb1a2
6d21a9f2
7a6f20bf
8e6b259c
0000006d
00000003
0000002a
00000008
00000078
00000004
00000020
00000020
00000620
00000020
00000000
00000000
eb3cb80e
e6d78686
fa50946d
6e98eeee
d6a14c0c
6ef3afb1
d84b98ec
9251634d
0000006e
00000003
0000002a
00000008
00000079
00000004
00000020
00000020
00000620
00000020
00000000
00000000
8fa2fef6
d7e0e711
49460a93
5d788685
a459e750
32d89c15
f72c2f42
459bb09d
0000006f
00000003
0000002a
00000008
0000007a
00000004
00000020
00000020
00000620
00000020
00000000
00000000
0837524f
8983bf26
7171e883
a6e04ba6
a350ca5b
7dcbfbb5
44124093
a917259e
00000070
00000003
0000002a
00000008
0000007b
00000004
00000020
00000020
00000620
00000020
00000000
00000000
a396db22
706a2b8a
b6640bed
a42caaf1
67af792c
75dcdaf8
486effc0
3bd5265b
00000071
00000003
0000002a
00000008
0000007c
00000004
00000020
00000020
00000620
00000020
00000000
00000000
c67213ce
29034b34
c7291543
fcbfaf89
97349a4c
2b58056b
e700dfe3
8dea2c22
00000072
00000003
0000002a
00000008
0000007d
00000004
00000020
00000020
00000620
00000020
00000000
00000000
73ca81eb
62dcbba7
eded65c7
35253733
22bb2e72
4d197617
f3dba2b2
7260d3ec
00000073
00000003
0000002a
00000009
0000007e
00000003
00000c60
00000620
00000000
00000020
00000000
00000000
b8acce48
cc64670d
49d2f376
4df26395
8a456d3e
a471c74e
cc01ad50
dfbd2638
00000074
00000003
0000002a
00000009
0000007f
00000003
00000c60
00000620
00000000
00000020
00000000
00000000
9e471d1c
20205c02
2959dc1c
380ad0a2
957e7a49
f65c4983
6681194f
ce2a9466
00000075
00000003
0000002a
00000009
00000080
00000003
00000c60
00000620
00000000
00000020
00000000
00000000
90d97f3f
ec2c20a0
ae6eb896
ee0c7be0
652db0c1
6d6e1647
0214a113
bcbd4084
00000076
00000003
0000002a
00000009
00000081
00000003
00000c60
00000620
00000000
00000020
00000000
00000000
a14de236
fc687a86
0c337c66
06a6f811
020b0874
92d300a6
aa8b9cbf
dd65fb06
00000077
00000003
0000002a
00000009
00000082
00000003
00000c60
00000620
00000000
00000020
00000000
00000000
823cffc9
bc4651d8
67b8766d
fbfde774
b8e1aeeb
0b23fcd1
19eedecf
1489c6a8
00000078
00000003
0000002a
00000009
00000083
00000003
00000c60
00000620
00000000
00000020
00000000
00000000
9fbfe387
7322fed3
01bb54e0
bd7bf75e
46ce83b2
7aebcd4c
52bbb197
198a67be
00000079
00000003
0000002a
00000009
00000084
00000003
00000c60
00000620
00000000
00000020
00000000
00000000
5b167d10
14fa34ed
c84ee867
c1400fc9
8f098b6e
b33b3d15
c37494ca
f208386b
0000007a
00000003
0000002a
00000009
00000085
00000003
00000c60
00000620
00000000
00000020
00000000
00000000
e52adebb
3db3aa17
c2b8d068
3dc4eb7b
656a78b1
90933213
45bcaf70
b0cb9dba
0000007b
00000003
0000002a
00000009
00000086
00000003
00000c60
00000620
00000000
00000020
00000000
00000000
e4c3538b
4c6986b6
12ecefb1
f9cd3ab4
0c398874
2961c210
28ebdcf1
f95f560b
0000007c
00000003
0000002a
00000009
00000087
00000003
00000c60
00000620
00000000
00000020
00000000
00000000
d7492502
2438bec4
f28ee50a
973a0e38
de0322f5
623aa4b6
703e9fc3
e8440e94
0000007d
00000003
0000002a
0000000e
000000b0
00000006
00000c60
00000000
00000000
00000000
00000000
fffffffb
0000007e
00000003
0000002a
0000000e
000000b1
00000006
00000c60
00000000
00000000
00000000
00000000
00000000
0000007f
00000003
0000002a
0000000e
000000b2
00000006
00000c60
00000000
00000000
00000000
00000000
00000000
00000080
00000003
0000002a
0000000e
000000b3
00000006
00000c60
00000000
00000000
00000000
00000000
00000000
00000081
00000003
0000002a
0000000e
000000b4
00000006
00000c60
00000000
00000000
00000000
00000000
fffffffb
00000082
00000003
0000002a
0000000e
000000b5
00000006
00000c60
00000000
00000000
00000000
00000000
00000000
00000083
00000003
0000002a
0000000e
000000b6
00000006
00000c60
00000000
00000000
00000000
00000000
00000000
00000084
00000003
0000002a
0000000e
000000b7
00000006
00000c60
00000000
00000000
00000000
00000000
fffffffb
00000085
00000003
0000002a
0000000e
000000b8
00000006
00000c60
00000000
00000000
00000000
00000000
fffffffb
00000086
00000003
0000002a
0000000e
000000b9
00000006
00000c60
00000000
00000000
00000000
00000000
fffffffb
00000087
00000003
0000002a
0000000f
000000ba
00000005
00000620
00000000
00000000
00000000
00000000
00000000
00000088
00000003
0000002a
0000000f
000000bb
00000005
00000620
00000000
00000000
00000000
00000000
fffffffc
00000089
00000003
0000002a
0000000f
000000bc
00000005
00000620
00000000
00000000
00000000
00000000
fffffffc
0000008a
00000003
0000002a
0000000f
000000bd
00000005
00000620
00000000
00000000
00000000
00000000
00000000
0000008b
00000003
0000002a
0000000f
000000be
00000005
00000620
00000000
00000000
00000000
00000000
fffffffc
0000008c
00000003
0000002a
0000000f
000000bf
00000005
00000620
00000000
00000000
00000000
00000000
00000000
0000008d
00000003
0000002a
0000000f
000000c0
00000005
00000620
00000000
00000000
00000000
00000000
fffffffc
0000008e
00000003
0000002a
0000000f
000000c1
00000005
00000620
00000000
00000000
00000000
00000000
fffffffc
0000008f
00000003
0000002a
0000000f
000000c2
00000005
00000620
00000000
00000000
00000000
00000000
00000000
00000090
00000003
0000002a
0000000f
000000c3
00000005
00000620
00000000
00000000
00000000
00000000
00000000
