Copyright 1986-2022 Xilinx, Inc. All Rights Reserved. Copyright 2022-2025 Advanced Micro Devices, Inc. All Rights Reserved.
-------------------------------------------------------------------------------------------------------------------------------------------------------------------
| Tool Version : Vivado v.2025.2 (win64) Build 6299465 Fri Nov 14 19:35:11 GMT 2025
| Date         : Sat Sep 12 20:20:19 2026
| Host         : <REDACTED_HOST> running 64-bit major release  (build 9200)
| Command      : report_timing_summary -report_unconstrained -file <ORIGINAL_PROJECT_ROOT>/results/board_vio/timing_routed.rpt
| Design       : mlkem_polymul_pynqz2_top
| Device       : 7z020-clg400
| Speed File   : -1  PRODUCTION 1.12 2019-11-22
| Design State : Routed
-------------------------------------------------------------------------------------------------------------------------------------------------------------------

Timing Summary Report

------------------------------------------------------------------------------------------------
| Timer Settings
| --------------
------------------------------------------------------------------------------------------------

  Enable Multi Corner Analysis               :  Yes
  Enable Pessimism Removal                   :  Yes
  Pessimism Removal Resolution               :  Nearest Common Node
  Enable Input Delay Default Clock           :  No
  Enable Preset / Clear Arcs                 :  No
  Disable Flight Delays                      :  No
  Ignore I/O Paths                           :  No
  Timing Early Launch at Borrowing Latches   :  No
  Borrow Time for Max Delay Exceptions       :  Yes
  Merge Timing Exceptions                    :  Yes
  Inter-SLR Compensation                     :  Conservative

  Corner  Analyze    Analyze    
  Name    Max Paths  Min Paths  
  ------  ---------  ---------  
  Slow    Yes        Yes        
  Fast    Yes        Yes        


------------------------------------------------------------------------------------------------
| Report Methodology
| ------------------
------------------------------------------------------------------------------------------------

Rule     Severity  Description                                  Violations  
-------  --------  -------------------------------------------  ----------  
LUTAR-1  Warning   LUT drives async reset alert                 5           
SYNTH-6  Warning   Timing of a RAM block might be sub-optimal   7           
XDCB-5   Warning   Runtime inefficient way to find pin objects  1           

Note: This report is based on the most recent report_methodology run and may not be up-to-date. Run report_methodology on the current design for the latest report.



check_timing report

Table of Contents
-----------------
1. checking no_clock (0)
2. checking constant_clock (0)
3. checking pulse_width_clock (0)
4. checking unconstrained_internal_endpoints (0)
5. checking no_input_delay (1)
6. checking no_output_delay (4)
7. checking multiple_clock (0)
8. checking generated_clocks (0)
9. checking loops (0)
10. checking partial_input_delay (0)
11. checking partial_output_delay (0)
12. checking latch_loops (0)

1. checking no_clock (0)
------------------------
 There are 0 register/latch pins with no clock.


2. checking constant_clock (0)
------------------------------
 There are 0 register/latch pins with constant_clock.


3. checking pulse_width_clock (0)
---------------------------------
 There are 0 register/latch pins which need pulse_width check


4. checking unconstrained_internal_endpoints (0)
------------------------------------------------
 There are 0 pins that are not constrained for maximum delay.

 There are 0 pins that are not constrained for maximum delay due to constant clock.


5. checking no_input_delay (1)
------------------------------
 There are 0 input ports with no input delay specified.

 There is 1 input port with no input delay but user has a false path constraint. (MEDIUM)


6. checking no_output_delay (4)
-------------------------------
 There are 0 ports with no output delay specified.

 There are 4 ports with no output delay but user has a false path constraint (MEDIUM)

 There are 0 ports with no output delay but with a timing clock defined on it or propagating through it


7. checking multiple_clock (0)
------------------------------
 There are 0 register/latch pins with multiple clocks.


8. checking generated_clocks (0)
--------------------------------
 There are 0 generated clocks that are not connected to a clock source.


9. checking loops (0)
---------------------
 There are 0 combinational loops in the design.


10. checking partial_input_delay (0)
------------------------------------
 There are 0 input ports with partial input delay specified.


11. checking partial_output_delay (0)
-------------------------------------
 There are 0 ports with partial output delay specified.


12. checking latch_loops (0)
----------------------------
 There are 0 combinational latch loops in the design through latch input



------------------------------------------------------------------------------------------------
| Design Timing Summary
| ---------------------
------------------------------------------------------------------------------------------------

    WNS(ns)      TNS(ns)  TNS Failing Endpoints  TNS Total Endpoints      WHS(ns)      THS(ns)  THS Failing Endpoints  THS Total Endpoints     WPWS(ns)     TPWS(ns)  TPWS Failing Endpoints  TPWS Total Endpoints  
    -------      -------  ---------------------  -------------------      -------      -------  ---------------------  -------------------     --------     --------  ----------------------  --------------------  
      1.820        0.000                      0                11555        0.028        0.000                      0                11539        2.000        0.000                       0                  5385  


All user specified timing constraints are met.


------------------------------------------------------------------------------------------------
| Clock Summary
| -------------
------------------------------------------------------------------------------------------------

Clock                                                                                       Waveform(ns)         Period(ns)      Frequency(MHz)
-----                                                                                       ------------         ----------      --------------
dbg_hub/inst/BSCANID.u_xsdbm_id/SWITCH_N_EXT_BSCAN.bscan_inst/SERIES7_BSCAN.bscan_inst/TCK  {0.000 16.500}       33.000          30.303          
sys_clk_125mhz                                                                              {0.000 4.000}        8.000           125.000         
  clk100_raw                                                                                {0.000 5.000}        10.000          100.000         
  feedback_raw                                                                              {0.000 4.000}        8.000           125.000         


------------------------------------------------------------------------------------------------
| Intra Clock Table
| -----------------
------------------------------------------------------------------------------------------------

Clock                                                                                           WNS(ns)      TNS(ns)  TNS Failing Endpoints  TNS Total Endpoints      WHS(ns)      THS(ns)  THS Failing Endpoints  THS Total Endpoints     WPWS(ns)     TPWS(ns)  TPWS Failing Endpoints  TPWS Total Endpoints  
-----                                                                                           -------      -------  ---------------------  -------------------      -------      -------  ---------------------  -------------------     --------     --------  ----------------------  --------------------  
dbg_hub/inst/BSCANID.u_xsdbm_id/SWITCH_N_EXT_BSCAN.bscan_inst/SERIES7_BSCAN.bscan_inst/TCK       26.137        0.000                      0                  928        0.049        0.000                      0                  928       15.250        0.000                       0                   483  
sys_clk_125mhz                                                                                                                                                                                                                                2.000        0.000                       0                     1  
  clk100_raw                                                                                      1.820        0.000                      0                10406        0.028        0.000                      0                10406        3.750        0.000                       0                  4898  
  feedback_raw                                                                                                                                                                                                                                5.845        0.000                       0                     3  


------------------------------------------------------------------------------------------------
| Inter Clock Table
| -----------------
------------------------------------------------------------------------------------------------

From Clock                                                                                  To Clock                                                                                        WNS(ns)      TNS(ns)  TNS Failing Endpoints  TNS Total Endpoints      WHS(ns)      THS(ns)  THS Failing Endpoints  THS Total Endpoints  
----------                                                                                  --------                                                                                        -------      -------  ---------------------  -------------------      -------      -------  ---------------------  -------------------  
clk100_raw                                                                                  dbg_hub/inst/BSCANID.u_xsdbm_id/SWITCH_N_EXT_BSCAN.bscan_inst/SERIES7_BSCAN.bscan_inst/TCK        8.611        0.000                      0                    8                                                                        
dbg_hub/inst/BSCANID.u_xsdbm_id/SWITCH_N_EXT_BSCAN.bscan_inst/SERIES7_BSCAN.bscan_inst/TCK  clk100_raw                                                                                       31.584        0.000                      0                    8                                                                        


------------------------------------------------------------------------------------------------
| Other Path Groups Table
| -----------------------
------------------------------------------------------------------------------------------------

Path Group                                                                                  From Clock                                                                                  To Clock                                                                                        WNS(ns)      TNS(ns)  TNS Failing Endpoints  TNS Total Endpoints      WHS(ns)      THS(ns)  THS Failing Endpoints  THS Total Endpoints  
----------                                                                                  ----------                                                                                  --------                                                                                        -------      -------  ---------------------  -------------------      -------      -------  ---------------------  -------------------  
**async_default**                                                                           clk100_raw                                                                                  clk100_raw                                                                                        7.452        0.000                      0                  105        0.337        0.000                      0                  105  
**async_default**                                                                           dbg_hub/inst/BSCANID.u_xsdbm_id/SWITCH_N_EXT_BSCAN.bscan_inst/SERIES7_BSCAN.bscan_inst/TCK  dbg_hub/inst/BSCANID.u_xsdbm_id/SWITCH_N_EXT_BSCAN.bscan_inst/SERIES7_BSCAN.bscan_inst/TCK       28.314        0.000                      0                  100        0.327        0.000                      0                  100  


------------------------------------------------------------------------------------------------
| User Ignored Path Table
| -----------------------
------------------------------------------------------------------------------------------------

Path Group                                                                                  From Clock                                                                                  To Clock                                                                                  
----------                                                                                  ----------                                                                                  --------                                                                                  
(none)                                                                                      clk100_raw                                                                                                                                                                              
(none)                                                                                                                                                                                  clk100_raw                                                                                  
(none)                                                                                      clk100_raw                                                                                  clk100_raw                                                                                  
(none)                                                                                      dbg_hub/inst/BSCANID.u_xsdbm_id/SWITCH_N_EXT_BSCAN.bscan_inst/SERIES7_BSCAN.bscan_inst/TCK  clk100_raw                                                                                  
(none)                                                                                      clk100_raw                                                                                  dbg_hub/inst/BSCANID.u_xsdbm_id/SWITCH_N_EXT_BSCAN.bscan_inst/SERIES7_BSCAN.bscan_inst/TCK  


------------------------------------------------------------------------------------------------
| Unconstrained Path Table
| ------------------------
------------------------------------------------------------------------------------------------

Path Group                                                                                  From Clock                                                                                  To Clock                                                                                  
----------                                                                                  ----------                                                                                  --------                                                                                  
(none)                                                                                                                                                                                  dbg_hub/inst/BSCANID.u_xsdbm_id/SWITCH_N_EXT_BSCAN.bscan_inst/SERIES7_BSCAN.bscan_inst/TCK  


------------------------------------------------------------------------------------------------
| Timing Details
| --------------
------------------------------------------------------------------------------------------------


---------------------------------------------------------------------------------------------------
From Clock:  dbg_hub/inst/BSCANID.u_xsdbm_id/SWITCH_N_EXT_BSCAN.bscan_inst/SERIES7_BSCAN.bscan_inst/TCK
  To Clock:  dbg_hub/inst/BSCANID.u_xsdbm_id/SWITCH_N_EXT_BSCAN.bscan_inst/SERIES7_BSCAN.bscan_inst/TCK

Setup :            0  Failing Endpoints,  Worst Slack       26.137ns,  Total Violation        0.000ns
Hold  :            0  Failing Endpoints,  Worst Slack        0.049ns,  Total Violation        0.000ns
PW    :            0  Failing Endpoints,  Worst Slack       15.250ns,  Total Violation        0.000ns
---------------------------------------------------------------------------------------------------


Max Delay Paths
--------------------------------------------------------------------------------------
Slack (MET) :             26.137ns  (required time - arrival time)
  Source:                 dbg_hub/inst/BSCANID.u_xsdbm_id/SWITCH_N_EXT_BSCAN.bscan_switch/state_reg[2]/C
                            (rising edge-triggered cell FDRE clocked by dbg_hub/inst/BSCANID.u_xsdbm_id/SWITCH_N_EXT_BSCAN.bscan_inst/SERIES7_BSCAN.bscan_inst/TCK  {rise@0.000ns fall@16.500ns period=33.000ns})
  Destination:            dbg_hub/inst/BSCANID.u_xsdbm_id/SWITCH_N_EXT_BSCAN.bscan_switch/portno_temp_reg[1]/D
                            (rising edge-triggered cell FDRE clocked by dbg_hub/inst/BSCANID.u_xsdbm_id/SWITCH_N_EXT_BSCAN.bscan_inst/SERIES7_BSCAN.bscan_inst/TCK  {rise@0.000ns fall@16.500ns period=33.000ns})
  Path Group:             dbg_hub/inst/BSCANID.u_xsdbm_id/SWITCH_N_EXT_BSCAN.bscan_inst/SERIES7_BSCAN.bscan_inst/TCK
  Path Type:              Setup (Max at Slow Process Corner)
  Requirement:            33.000ns  (dbg_hub/inst/BSCANID.u_xsdbm_id/SWITCH_N_EXT_BSCAN.bscan_inst/SERIES7_BSCAN.bscan_inst/TCK rise@33.000ns - dbg_hub/inst/BSCANID.u_xsdbm_id/SWITCH_N_EXT_BSCAN.bscan_inst/SERIES7_BSCAN.bscan_inst/TCK rise@0.000ns)
  Data Path Delay:        6.832ns  (logic 2.064ns (30.213%)  route 4.768ns (69.787%))
  Logic Levels:           6  (CARRY4=2 LUT3=1 LUT4=1 LUT5=1 LUT6=1)
  Clock Path Skew:        -0.025ns (DCD - SCD + CPR)
    Destination Clock Delay (DCD):    3.797ns = ( 36.797 - 33.000 ) 
    Source Clock Delay      (SCD):    4.311ns
    Clock Pessimism Removal (CPR):    0.489ns
  Clock Uncertainty:      0.035ns  ((TSJ^2 + TIJ^2)^1/2 + DJ) / 2 + PE
    Total System Jitter     (TSJ):    0.071ns
    Total Input Jitter      (TIJ):    0.000ns
    Discrete Jitter          (DJ):    0.000ns
    Phase Error              (PE):    0.000ns

    Location             Delay type                Incr(ns)  Path(ns)    Netlist Resource(s)
  -------------------------------------------------------------------    -------------------
                         (clock dbg_hub/inst/BSCANID.u_xsdbm_id/SWITCH_N_EXT_BSCAN.bscan_inst/SERIES7_BSCAN.bscan_inst/TCK rise edge)
                                                      0.000     0.000 r  
    BSCAN_X0Y0           BSCANE2                      0.000     0.000 r  dbg_hub/inst/BSCANID.u_xsdbm_id/SWITCH_N_EXT_BSCAN.bscan_inst/SERIES7_BSCAN.bscan_inst/TCK
                         net (fo=1, routed)           2.306     2.306    dbg_hub/inst/BSCANID.u_xsdbm_id/tck_bs
    BUFGCTRL_X0Y0        BUFG (Prop_bufg_I_O)         0.101     2.407 r  dbg_hub/inst/BSCANID.u_xsdbm_id/SWITCH_N_EXT_BSCAN.u_bufg_icon_tck/O
                         net (fo=482, routed)         1.904     4.311    dbg_hub/inst/BSCANID.u_xsdbm_id/SWITCH_N_EXT_BSCAN.bscan_switch/s_bscan_tck
    SLICE_X61Y136        FDRE                                         r  dbg_hub/inst/BSCANID.u_xsdbm_id/SWITCH_N_EXT_BSCAN.bscan_switch/state_reg[2]/C
  -------------------------------------------------------------------    -------------------
    SLICE_X61Y136        FDRE (Prop_fdre_C_Q)         0.419     4.730 f  dbg_hub/inst/BSCANID.u_xsdbm_id/SWITCH_N_EXT_BSCAN.bscan_switch/state_reg[2]/Q
                         net (fo=50, routed)          1.701     6.430    dbg_hub/inst/BSCANID.u_xsdbm_id/SWITCH_N_EXT_BSCAN.bscan_switch/state[2]
    SLICE_X56Y135        LUT4 (Prop_lut4_I2_O)        0.326     6.756 r  dbg_hub/inst/BSCANID.u_xsdbm_id/SWITCH_N_EXT_BSCAN.bscan_switch/curid_inferred_i_18/O
                         net (fo=2, routed)           1.113     7.869    dbg_hub/inst/BSCANID.u_xsdbm_id/SWITCH_N_EXT_BSCAN.bscan_switch/curid[14]
    SLICE_X57Y135        LUT6 (Prop_lut6_I1_O)        0.327     8.196 r  dbg_hub/inst/BSCANID.u_xsdbm_id/SWITCH_N_EXT_BSCAN.bscan_switch/state_temp[0]_i_10/O
                         net (fo=1, routed)           0.000     8.196    dbg_hub/inst/BSCANID.u_xsdbm_id/SWITCH_N_EXT_BSCAN.bscan_switch/state_temp[0]_i_10_n_0
    SLICE_X57Y135        CARRY4 (Prop_carry4_S[2]_CO[3])
                                                      0.398     8.594 r  dbg_hub/inst/BSCANID.u_xsdbm_id/SWITCH_N_EXT_BSCAN.bscan_switch/state_temp_reg[0]_i_4/CO[3]
                         net (fo=1, routed)           0.000     8.594    dbg_hub/inst/BSCANID.u_xsdbm_id/SWITCH_N_EXT_BSCAN.bscan_switch/state_temp_reg[0]_i_4_n_0
    SLICE_X57Y136        CARRY4 (Prop_carry4_CI_CO[3])
                                                      0.114     8.708 r  dbg_hub/inst/BSCANID.u_xsdbm_id/SWITCH_N_EXT_BSCAN.bscan_switch/state_temp_reg[0]_i_3/CO[3]
                         net (fo=4, routed)           1.103     9.811    dbg_hub/inst/BSCANID.u_xsdbm_id/SWITCH_N_EXT_BSCAN.bscan_switch/state_temp_reg[0]_i_3_n_0
    SLICE_X61Y136        LUT5 (Prop_lut5_I1_O)        0.153     9.964 r  dbg_hub/inst/BSCANID.u_xsdbm_id/SWITCH_N_EXT_BSCAN.bscan_switch/portno_temp[5]_i_2/O
                         net (fo=7, routed)           0.851    10.815    dbg_hub/inst/BSCANID.u_xsdbm_id/SWITCH_N_EXT_BSCAN.bscan_switch/portno_temp[5]_i_2_n_0
    SLICE_X63Y136        LUT3 (Prop_lut3_I1_O)        0.327    11.142 r  dbg_hub/inst/BSCANID.u_xsdbm_id/SWITCH_N_EXT_BSCAN.bscan_switch/portno_temp[1]_i_1/O
                         net (fo=1, routed)           0.000    11.142    dbg_hub/inst/BSCANID.u_xsdbm_id/SWITCH_N_EXT_BSCAN.bscan_switch/portno_temp[1]_i_1_n_0
    SLICE_X63Y136        FDRE                                         r  dbg_hub/inst/BSCANID.u_xsdbm_id/SWITCH_N_EXT_BSCAN.bscan_switch/portno_temp_reg[1]/D
  -------------------------------------------------------------------    -------------------

                         (clock dbg_hub/inst/BSCANID.u_xsdbm_id/SWITCH_N_EXT_BSCAN.bscan_inst/SERIES7_BSCAN.bscan_inst/TCK rise edge)
                                                     33.000    33.000 r  
    BSCAN_X0Y0           BSCANE2                      0.000    33.000 r  dbg_hub/inst/BSCANID.u_xsdbm_id/SWITCH_N_EXT_BSCAN.bscan_inst/SERIES7_BSCAN.bscan_inst/TCK
                         net (fo=1, routed)           1.994    34.994    dbg_hub/inst/BSCANID.u_xsdbm_id/tck_bs
    BUFGCTRL_X0Y0        BUFG (Prop_bufg_I_O)         0.091    35.085 r  dbg_hub/inst/BSCANID.u_xsdbm_id/SWITCH_N_EXT_BSCAN.u_bufg_icon_tck/O
                         net (fo=482, routed)         1.712    36.797    dbg_hub/inst/BSCANID.u_xsdbm_id/SWITCH_N_EXT_BSCAN.bscan_switch/s_bscan_tck
    SLICE_X63Y136        FDRE                                         r  dbg_hub/inst/BSCANID.u_xsdbm_id/SWITCH_N_EXT_BSCAN.bscan_switch/portno_temp_reg[1]/C
                         clock pessimism              0.489    37.286    
                         clock uncertainty           -0.035    37.251    
    SLICE_X63Y136        FDRE (Setup_fdre_C_D)        0.029    37.280    dbg_hub/inst/BSCANID.u_xsdbm_id/SWITCH_N_EXT_BSCAN.bscan_switch/portno_temp_reg[1]
  -------------------------------------------------------------------
                         required time                         37.280    
                         arrival time                         -11.142    
  -------------------------------------------------------------------
                         slack                                 26.137    





Min Delay Paths
--------------------------------------------------------------------------------------
Slack (MET) :             0.049ns  (arrival time - required time)
  Source:                 dbg_hub/inst/BSCANID.u_xsdbm_id/CORE_XSDB.UUT_MASTER/U_ICON_INTERFACE/U_CMD6_WR/shift_reg_in_reg[1]/C
                            (rising edge-triggered cell FDCE clocked by dbg_hub/inst/BSCANID.u_xsdbm_id/SWITCH_N_EXT_BSCAN.bscan_inst/SERIES7_BSCAN.bscan_inst/TCK  {rise@0.000ns fall@16.500ns period=33.000ns})
  Destination:            dbg_hub/inst/BSCANID.u_xsdbm_id/CORE_XSDB.UUT_MASTER/U_ICON_INTERFACE/U_CMD6_WR/U_WR_FIFO/SUBCORE_FIFO.xsdbm_v3_0_5_wrfifo_inst/inst_fifo_gen/gconvfifo.rf/grf.rf/gntv_or_sync_fifo.mem/gdm.dm_gen.dm/RAM_reg_0_15_0_5/RAMA/I
                            (rising edge-triggered cell RAMD32 clocked by dbg_hub/inst/BSCANID.u_xsdbm_id/SWITCH_N_EXT_BSCAN.bscan_inst/SERIES7_BSCAN.bscan_inst/TCK  {rise@0.000ns fall@16.500ns period=33.000ns})
  Path Group:             dbg_hub/inst/BSCANID.u_xsdbm_id/SWITCH_N_EXT_BSCAN.bscan_inst/SERIES7_BSCAN.bscan_inst/TCK
  Path Type:              Hold (Min at Fast Process Corner)
  Requirement:            0.000ns  (dbg_hub/inst/BSCANID.u_xsdbm_id/SWITCH_N_EXT_BSCAN.bscan_inst/SERIES7_BSCAN.bscan_inst/TCK rise@0.000ns - dbg_hub/inst/BSCANID.u_xsdbm_id/SWITCH_N_EXT_BSCAN.bscan_inst/SERIES7_BSCAN.bscan_inst/TCK rise@0.000ns)
  Data Path Delay:        0.209ns  (logic 0.141ns (67.453%)  route 0.068ns (32.546%))
  Logic Levels:           0  
  Clock Path Skew:        0.013ns (DCD - SCD - CPR)
    Destination Clock Delay (DCD):    2.112ns
    Source Clock Delay      (SCD):    1.707ns
    Clock Pessimism Removal (CPR):    0.392ns

    Location             Delay type                Incr(ns)  Path(ns)    Netlist Resource(s)
  -------------------------------------------------------------------    -------------------
                         (clock dbg_hub/inst/BSCANID.u_xsdbm_id/SWITCH_N_EXT_BSCAN.bscan_inst/SERIES7_BSCAN.bscan_inst/TCK rise edge)
                                                      0.000     0.000 r  
    BSCAN_X0Y0           BSCANE2                      0.000     0.000 r  dbg_hub/inst/BSCANID.u_xsdbm_id/SWITCH_N_EXT_BSCAN.bscan_inst/SERIES7_BSCAN.bscan_inst/TCK
                         net (fo=1, routed)           1.028     1.028    dbg_hub/inst/BSCANID.u_xsdbm_id/tck_bs
    BUFGCTRL_X0Y0        BUFG (Prop_bufg_I_O)         0.026     1.054 r  dbg_hub/inst/BSCANID.u_xsdbm_id/SWITCH_N_EXT_BSCAN.u_bufg_icon_tck/O
                         net (fo=482, routed)         0.653     1.707    dbg_hub/inst/BSCANID.u_xsdbm_id/CORE_XSDB.UUT_MASTER/U_ICON_INTERFACE/U_CMD6_WR/m_bscan_tck[0]
    SLICE_X63Y122        FDCE                                         r  dbg_hub/inst/BSCANID.u_xsdbm_id/CORE_XSDB.UUT_MASTER/U_ICON_INTERFACE/U_CMD6_WR/shift_reg_in_reg[1]/C
  -------------------------------------------------------------------    -------------------
    SLICE_X63Y122        FDCE (Prop_fdce_C_Q)         0.141     1.848 r  dbg_hub/inst/BSCANID.u_xsdbm_id/CORE_XSDB.UUT_MASTER/U_ICON_INTERFACE/U_CMD6_WR/shift_reg_in_reg[1]/Q
                         net (fo=2, routed)           0.068     1.916    dbg_hub/inst/BSCANID.u_xsdbm_id/CORE_XSDB.UUT_MASTER/U_ICON_INTERFACE/U_CMD6_WR/U_WR_FIFO/SUBCORE_FIFO.xsdbm_v3_0_5_wrfifo_inst/inst_fifo_gen/gconvfifo.rf/grf.rf/gntv_or_sync_fifo.mem/gdm.dm_gen.dm/RAM_reg_0_15_0_5/DIA0
    SLICE_X62Y122        RAMD32                                       r  dbg_hub/inst/BSCANID.u_xsdbm_id/CORE_XSDB.UUT_MASTER/U_ICON_INTERFACE/U_CMD6_WR/U_WR_FIFO/SUBCORE_FIFO.xsdbm_v3_0_5_wrfifo_inst/inst_fifo_gen/gconvfifo.rf/grf.rf/gntv_or_sync_fifo.mem/gdm.dm_gen.dm/RAM_reg_0_15_0_5/RAMA/I
  -------------------------------------------------------------------    -------------------

                         (clock dbg_hub/inst/BSCANID.u_xsdbm_id/SWITCH_N_EXT_BSCAN.bscan_inst/SERIES7_BSCAN.bscan_inst/TCK rise edge)
                                                      0.000     0.000 r  
    BSCAN_X0Y0           BSCANE2                      0.000     0.000 r  dbg_hub/inst/BSCANID.u_xsdbm_id/SWITCH_N_EXT_BSCAN.bscan_inst/SERIES7_BSCAN.bscan_inst/TCK
                         net (fo=1, routed)           1.160     1.160    dbg_hub/inst/BSCANID.u_xsdbm_id/tck_bs
    BUFGCTRL_X0Y0        BUFG (Prop_bufg_I_O)         0.029     1.189 r  dbg_hub/inst/BSCANID.u_xsdbm_id/SWITCH_N_EXT_BSCAN.u_bufg_icon_tck/O
                         net (fo=482, routed)         0.923     2.112    dbg_hub/inst/BSCANID.u_xsdbm_id/CORE_XSDB.UUT_MASTER/U_ICON_INTERFACE/U_CMD6_WR/U_WR_FIFO/SUBCORE_FIFO.xsdbm_v3_0_5_wrfifo_inst/inst_fifo_gen/gconvfifo.rf/grf.rf/gntv_or_sync_fifo.mem/gdm.dm_gen.dm/RAM_reg_0_15_0_5/WCLK
    SLICE_X62Y122        RAMD32                                       r  dbg_hub/inst/BSCANID.u_xsdbm_id/CORE_XSDB.UUT_MASTER/U_ICON_INTERFACE/U_CMD6_WR/U_WR_FIFO/SUBCORE_FIFO.xsdbm_v3_0_5_wrfifo_inst/inst_fifo_gen/gconvfifo.rf/grf.rf/gntv_or_sync_fifo.mem/gdm.dm_gen.dm/RAM_reg_0_15_0_5/RAMA/CLK
                         clock pessimism             -0.392     1.720    
    SLICE_X62Y122        RAMD32 (Hold_ramd32_CLK_I)
                                                      0.147     1.867    dbg_hub/inst/BSCANID.u_xsdbm_id/CORE_XSDB.UUT_MASTER/U_ICON_INTERFACE/U_CMD6_WR/U_WR_FIFO/SUBCORE_FIFO.xsdbm_v3_0_5_wrfifo_inst/inst_fifo_gen/gconvfifo.rf/grf.rf/gntv_or_sync_fifo.mem/gdm.dm_gen.dm/RAM_reg_0_15_0_5/RAMA
  -------------------------------------------------------------------
                         required time                         -1.867    
                         arrival time                           1.916    
  -------------------------------------------------------------------
                         slack                                  0.049    





Pulse Width Checks
--------------------------------------------------------------------------------------
Clock Name:         dbg_hub/inst/BSCANID.u_xsdbm_id/SWITCH_N_EXT_BSCAN.bscan_inst/SERIES7_BSCAN.bscan_inst/TCK
Waveform(ns):       { 0.000 16.500 }
Period(ns):         33.000
Sources:            { dbg_hub/inst/BSCANID.u_xsdbm_id/SWITCH_N_EXT_BSCAN.bscan_inst/SERIES7_BSCAN.bscan_inst/TCK }

Check Type        Corner  Lib Pin     Reference Pin  Required(ns)  Actual(ns)  Slack(ns)  Location       Pin
Min Period        n/a     BUFG/I      n/a            2.155         33.000      30.845     BUFGCTRL_X0Y0  dbg_hub/inst/BSCANID.u_xsdbm_id/SWITCH_N_EXT_BSCAN.u_bufg_icon_tck/I
Low Pulse Width   Slow    RAMD32/CLK  n/a            1.250         16.500      15.250     SLICE_X62Y122  dbg_hub/inst/BSCANID.u_xsdbm_id/CORE_XSDB.UUT_MASTER/U_ICON_INTERFACE/U_CMD6_WR/U_WR_FIFO/SUBCORE_FIFO.xsdbm_v3_0_5_wrfifo_inst/inst_fifo_gen/gconvfifo.rf/grf.rf/gntv_or_sync_fifo.mem/gdm.dm_gen.dm/RAM_reg_0_15_0_5/RAMA/CLK
High Pulse Width  Slow    RAMD32/CLK  n/a            1.250         16.500      15.250     SLICE_X62Y122  dbg_hub/inst/BSCANID.u_xsdbm_id/CORE_XSDB.UUT_MASTER/U_ICON_INTERFACE/U_CMD6_WR/U_WR_FIFO/SUBCORE_FIFO.xsdbm_v3_0_5_wrfifo_inst/inst_fifo_gen/gconvfifo.rf/grf.rf/gntv_or_sync_fifo.mem/gdm.dm_gen.dm/RAM_reg_0_15_0_5/RAMA/CLK



---------------------------------------------------------------------------------------------------
From Clock:  sys_clk_125mhz
  To Clock:  sys_clk_125mhz

Setup :           NA  Failing Endpoints,  Worst Slack           NA  ,  Total Violation           NA
Hold  :           NA  Failing Endpoints,  Worst Slack           NA  ,  Total Violation           NA
PW    :            0  Failing Endpoints,  Worst Slack        2.000ns,  Total Violation        0.000ns
---------------------------------------------------------------------------------------------------


Pulse Width Checks
--------------------------------------------------------------------------------------
Clock Name:         sys_clk_125mhz
Waveform(ns):       { 0.000 4.000 }
Period(ns):         8.000
Sources:            { sys_clk }

Check Type        Corner  Lib Pin            Reference Pin  Required(ns)  Actual(ns)  Slack(ns)  Location         Pin
Min Period        n/a     MMCME2_ADV/CLKIN1  n/a            1.249         8.000       6.751      MMCME2_ADV_X1Y2  clock_manager/CLKIN1
Max Period        n/a     MMCME2_ADV/CLKIN1  n/a            100.000       8.000       92.000     MMCME2_ADV_X1Y2  clock_manager/CLKIN1
Low Pulse Width   Slow    MMCME2_ADV/CLKIN1  n/a            2.000         4.000       2.000      MMCME2_ADV_X1Y2  clock_manager/CLKIN1
High Pulse Width  Slow    MMCME2_ADV/CLKIN1  n/a            2.000         4.000       2.000      MMCME2_ADV_X1Y2  clock_manager/CLKIN1



---------------------------------------------------------------------------------------------------
From Clock:  clk100_raw
  To Clock:  clk100_raw

Setup :            0  Failing Endpoints,  Worst Slack        1.820ns,  Total Violation        0.000ns
Hold  :            0  Failing Endpoints,  Worst Slack        0.028ns,  Total Violation        0.000ns
PW    :            0  Failing Endpoints,  Worst Slack        3.750ns,  Total Violation        0.000ns
---------------------------------------------------------------------------------------------------


Max Delay Paths
--------------------------------------------------------------------------------------
Slack (MET) :             1.820ns  (required time - arrival time)
  Source:                 system_i/cpu/picorv32_core/mem_addr_reg[25]/C
                            (rising edge-triggered cell FDRE clocked by clk100_raw  {rise@0.000ns fall@5.000ns period=10.000ns})
  Destination:            system_i/debug_regs_reg[9][28]/CE
                            (rising edge-triggered cell FDRE clocked by clk100_raw  {rise@0.000ns fall@5.000ns period=10.000ns})
  Path Group:             clk100_raw
  Path Type:              Setup (Max at Slow Process Corner)
  Requirement:            10.000ns  (clk100_raw rise@10.000ns - clk100_raw rise@0.000ns)
  Data Path Delay:        7.841ns  (logic 1.462ns (18.647%)  route 6.379ns (81.353%))
  Logic Levels:           6  (LUT4=1 LUT5=3 LUT6=2)
  Clock Path Skew:        -0.063ns (DCD - SCD + CPR)
    Destination Clock Delay (DCD):    -1.394ns = ( 8.606 - 10.000 ) 
    Source Clock Delay      (SCD):    -0.746ns
    Clock Pessimism Removal (CPR):    0.584ns
  Clock Uncertainty:      0.071ns  ((TSJ^2 + DJ^2)^1/2) / 2 + PE
    Total System Jitter     (TSJ):    0.071ns
    Discrete Jitter          (DJ):    0.123ns
    Phase Error              (PE):    0.000ns

    Location             Delay type                Incr(ns)  Path(ns)    Netlist Resource(s)
  -------------------------------------------------------------------    -------------------
                         (clock clk100_raw rise edge)
                                                      0.000     0.000 r  
    H16                                               0.000     0.000 r  sys_clk (IN)
                         net (fo=0)                   0.000     0.000    sys_clk
    H16                  IBUF (Prop_ibuf_I_O)         1.451     1.451 r  sys_clk_IBUF_inst/O
                         net (fo=1, routed)           1.285     2.736    sys_clk_IBUF
    MMCME2_ADV_X1Y2      MMCME2_ADV (Prop_mmcme2_adv_CLKIN1_CLKOUT0)
                                                     -7.759    -5.023 r  clock_manager/CLKOUT0
                         net (fo=1, routed)           2.206    -2.817    clk100_raw
    BUFGCTRL_X0Y16       BUFG (Prop_bufg_I_O)         0.101    -2.716 r  system_clock_buffer/O
                         net (fo=4896, routed)        1.970    -0.746    system_i/cpu/picorv32_core/clk
    SLICE_X100Y115       FDRE                                         r  system_i/cpu/picorv32_core/mem_addr_reg[25]/C
  -------------------------------------------------------------------    -------------------
    SLICE_X100Y115       FDRE (Prop_fdre_C_Q)         0.518    -0.228 r  system_i/cpu/picorv32_core/mem_addr_reg[25]/Q
                         net (fo=4, routed)           1.239     1.011    system_i/cpu/picorv32_core/mem_addr_reg[31]_0[23]
    SLICE_X92Y110        LUT6 (Prop_lut6_I2_O)        0.124     1.135 f  system_i/cpu/picorv32_core/w_hold_i_6/O
                         net (fo=1, routed)           0.286     1.421    system_i/cpu/picorv32_core/w_hold_i_6_n_6
    SLICE_X92Y110        LUT5 (Prop_lut5_I0_O)        0.124     1.545 f  system_i/cpu/picorv32_core/w_hold_i_5/O
                         net (fo=7, routed)           1.081     2.626    system_i/cpu/picorv32_core/w_hold_i_5_n_6
    SLICE_X86Y102        LUT4 (Prop_lut4_I0_O)        0.117     2.743 f  system_i/cpu/picorv32_core/w_hold_i_2/O
                         net (fo=12, routed)          0.690     3.433    system_i/cpu/picorv32_core/mem_addr_reg[30]_0
    SLICE_X85Y103        LUT5 (Prop_lut5_I0_O)        0.331     3.764 r  system_i/cpu/picorv32_core/local_w_hold_i_2/O
                         net (fo=3, routed)           0.329     4.093    system_i/cpu/picorv32_core/local_w_fire
    SLICE_X86Y103        LUT5 (Prop_lut5_I0_O)        0.124     4.217 r  system_i/cpu/picorv32_core/debug_regs[0][31]_i_3/O
                         net (fo=82, routed)          1.331     5.549    system_i/cpu/picorv32_core/p_7_in
    SLICE_X88Y121        LUT6 (Prop_lut6_I4_O)        0.124     5.673 r  system_i/cpu/picorv32_core/debug_regs[9][31]_i_1/O
                         net (fo=8, routed)           1.422     7.094    system_i/cpu_n_168
    SLICE_X103Y132       FDRE                                         r  system_i/debug_regs_reg[9][28]/CE
  -------------------------------------------------------------------    -------------------

                         (clock clk100_raw rise edge)
                                                     10.000    10.000 r  
    H16                                               0.000    10.000 r  sys_clk (IN)
                         net (fo=0)                   0.000    10.000    sys_clk
    H16                  IBUF (Prop_ibuf_I_O)         1.380    11.380 r  sys_clk_IBUF_inst/O
                         net (fo=1, routed)           1.162    12.542    sys_clk_IBUF
    MMCME2_ADV_X1Y2      MMCME2_ADV (Prop_mmcme2_adv_CLKIN1_CLKOUT0)
                                                     -7.814     4.728 r  clock_manager/CLKOUT0
                         net (fo=1, routed)           2.012     6.740    clk100_raw
    BUFGCTRL_X0Y16       BUFG (Prop_bufg_I_O)         0.091     6.831 r  system_clock_buffer/O
                         net (fo=4896, routed)        1.775     8.606    system_i/clk
    SLICE_X103Y132       FDRE                                         r  system_i/debug_regs_reg[9][28]/C
                         clock pessimism              0.584     9.191    
                         clock uncertainty           -0.071     9.120    
    SLICE_X103Y132       FDRE (Setup_fdre_C_CE)      -0.205     8.915    system_i/debug_regs_reg[9][28]
  -------------------------------------------------------------------
                         required time                          8.915    
                         arrival time                          -7.094    
  -------------------------------------------------------------------
                         slack                                  1.820    





Min Delay Paths
--------------------------------------------------------------------------------------
Slack (MET) :             0.028ns  (arrival time - required time)
  Source:                 system_i/accel/core/grp_batch39d_fu_172/issue39d_U0/grp_issue39d_Pipeline_issue39d_loop_fu_100/a2_reg_1904_reg[8]/C
                            (rising edge-triggered cell FDRE clocked by clk100_raw  {rise@0.000ns fall@5.000ns period=10.000ns})
  Destination:            system_i/accel/core/grp_batch39d_fu_172/rq_U/U_mlkem_poly_mul256_v39e_true_one_dsp_fifo_w76_d2_S_ShiftReg/SRL_SIG_reg[0][49]/D
                            (rising edge-triggered cell FDRE clocked by clk100_raw  {rise@0.000ns fall@5.000ns period=10.000ns})
  Path Group:             clk100_raw
  Path Type:              Hold (Min at Fast Process Corner)
  Requirement:            0.000ns  (clk100_raw rise@0.000ns - clk100_raw rise@0.000ns)
  Data Path Delay:        0.482ns  (logic 0.417ns (86.527%)  route 0.065ns (13.473%))
  Logic Levels:           4  (CARRY4=3 LUT2=1)
  Clock Path Skew:        0.349ns (DCD - SCD - CPR)
    Destination Clock Delay (DCD):    -0.829ns
    Source Clock Delay      (SCD):    -0.674ns
    Clock Pessimism Removal (CPR):    -0.504ns

    Location             Delay type                Incr(ns)  Path(ns)    Netlist Resource(s)
  -------------------------------------------------------------------    -------------------
                         (clock clk100_raw rise edge)
                                                      0.000     0.000 r  
    H16                                               0.000     0.000 r  sys_clk (IN)
                         net (fo=0)                   0.000     0.000    sys_clk
    H16                  IBUF (Prop_ibuf_I_O)         0.219     0.219 r  sys_clk_IBUF_inst/O
                         net (fo=1, routed)           0.440     0.659    sys_clk_IBUF
    MMCME2_ADV_X1Y2      MMCME2_ADV (Prop_mmcme2_adv_CLKIN1_CLKOUT0)
                                                     -2.613    -1.954 r  clock_manager/CLKOUT0
                         net (fo=1, routed)           0.696    -1.257    clk100_raw
    BUFGCTRL_X0Y16       BUFG (Prop_bufg_I_O)         0.026    -1.231 r  system_clock_buffer/O
                         net (fo=4896, routed)        0.557    -0.674    system_i/accel/core/grp_batch39d_fu_172/issue39d_U0/grp_issue39d_Pipeline_issue39d_loop_fu_100/clk
    SLICE_X42Y98         FDRE                                         r  system_i/accel/core/grp_batch39d_fu_172/issue39d_U0/grp_issue39d_Pipeline_issue39d_loop_fu_100/a2_reg_1904_reg[8]/C
  -------------------------------------------------------------------    -------------------
    SLICE_X42Y98         FDRE (Prop_fdre_C_Q)         0.164    -0.510 r  system_i/accel/core/grp_batch39d_fu_172/issue39d_U0/grp_issue39d_Pipeline_issue39d_loop_fu_100/a2_reg_1904_reg[8]/Q
                         net (fo=2, routed)           0.064    -0.446    system_i/accel/core/grp_batch39d_fu_172/issue39d_U0/grp_issue39d_Pipeline_issue39d_loop_fu_100/a2_reg_1904[8]
    SLICE_X43Y98         LUT2 (Prop_lut2_I0_O)        0.045    -0.401 r  system_i/accel/core/grp_batch39d_fu_172/issue39d_U0/grp_issue39d_Pipeline_issue39d_loop_fu_100/SRL_SIG[0][44]_i_2/O
                         net (fo=1, routed)           0.000    -0.401    system_i/accel/core/grp_batch39d_fu_172/issue39d_U0/grp_issue39d_Pipeline_issue39d_loop_fu_100/SRL_SIG[0][44]_i_2_n_6
    SLICE_X43Y98         CARRY4 (Prop_carry4_S[3]_CO[3])
                                                      0.115    -0.286 r  system_i/accel/core/grp_batch39d_fu_172/issue39d_U0/grp_issue39d_Pipeline_issue39d_loop_fu_100/SRL_SIG_reg[0][44]_i_1/CO[3]
                         net (fo=1, routed)           0.000    -0.286    system_i/accel/core/grp_batch39d_fu_172/issue39d_U0/grp_issue39d_Pipeline_issue39d_loop_fu_100/SRL_SIG_reg[0][44]_i_1_n_6
    SLICE_X43Y99         CARRY4 (Prop_carry4_CI_CO[3])
                                                      0.039    -0.247 r  system_i/accel/core/grp_batch39d_fu_172/issue39d_U0/grp_issue39d_Pipeline_issue39d_loop_fu_100/SRL_SIG_reg[0][48]_i_1/CO[3]
                         net (fo=1, routed)           0.001    -0.246    system_i/accel/core/grp_batch39d_fu_172/issue39d_U0/grp_issue39d_Pipeline_issue39d_loop_fu_100/SRL_SIG_reg[0][48]_i_1_n_6
    SLICE_X43Y100        CARRY4 (Prop_carry4_CI_O[0])
                                                      0.054    -0.192 r  system_i/accel/core/grp_batch39d_fu_172/issue39d_U0/grp_issue39d_Pipeline_issue39d_loop_fu_100/SRL_SIG_reg[0][52]_i_1/O[0]
                         net (fo=1, routed)           0.000    -0.192    system_i/accel/core/grp_batch39d_fu_172/rq_U/U_mlkem_poly_mul256_v39e_true_one_dsp_fifo_w76_d2_S_ShiftReg/direct_fu_1518_p2[8]
    SLICE_X43Y100        FDRE                                         r  system_i/accel/core/grp_batch39d_fu_172/rq_U/U_mlkem_poly_mul256_v39e_true_one_dsp_fifo_w76_d2_S_ShiftReg/SRL_SIG_reg[0][49]/D
  -------------------------------------------------------------------    -------------------

                         (clock clk100_raw rise edge)
                                                      0.000     0.000 r  
    H16                                               0.000     0.000 r  sys_clk (IN)
                         net (fo=0)                   0.000     0.000    sys_clk
    H16                  IBUF (Prop_ibuf_I_O)         0.406     0.406 r  sys_clk_IBUF_inst/O
                         net (fo=1, routed)           0.480     0.886    sys_clk_IBUF
    MMCME2_ADV_X1Y2      MMCME2_ADV (Prop_mmcme2_adv_CLKIN1_CLKOUT0)
                                                     -3.407    -2.521 r  clock_manager/CLKOUT0
                         net (fo=1, routed)           0.752    -1.769    clk100_raw
    BUFGCTRL_X0Y16       BUFG (Prop_bufg_I_O)         0.029    -1.740 r  system_clock_buffer/O
                         net (fo=4896, routed)        0.911    -0.829    system_i/accel/core/grp_batch39d_fu_172/rq_U/U_mlkem_poly_mul256_v39e_true_one_dsp_fifo_w76_d2_S_ShiftReg/clk
    SLICE_X43Y100        FDRE                                         r  system_i/accel/core/grp_batch39d_fu_172/rq_U/U_mlkem_poly_mul256_v39e_true_one_dsp_fifo_w76_d2_S_ShiftReg/SRL_SIG_reg[0][49]/C
                         clock pessimism              0.504    -0.325    
    SLICE_X43Y100        FDRE (Hold_fdre_C_D)         0.105    -0.220    system_i/accel/core/grp_batch39d_fu_172/rq_U/U_mlkem_poly_mul256_v39e_true_one_dsp_fifo_w76_d2_S_ShiftReg/SRL_SIG_reg[0][49]
  -------------------------------------------------------------------
                         required time                          0.220    
                         arrival time                          -0.192    
  -------------------------------------------------------------------
                         slack                                  0.028    





Pulse Width Checks
--------------------------------------------------------------------------------------
Clock Name:         clk100_raw
Waveform(ns):       { 0.000 5.000 }
Period(ns):         10.000
Sources:            { clock_manager/CLKOUT0 }

Check Type        Corner  Lib Pin             Reference Pin  Required(ns)  Actual(ns)  Slack(ns)  Location         Pin
Min Period        n/a     DSP48E1/CLK         n/a            3.884         10.000      6.116      DSP48_X2Y38      system_i/accel/core/grp_batch39d_fu_172/pe39c_U0/mul_12ns_12ns_24_3_1_U37/buff0_reg/CLK
Max Period        n/a     MMCME2_ADV/CLKOUT0  n/a            213.360       10.000      203.360    MMCME2_ADV_X1Y2  clock_manager/CLKOUT0
Low Pulse Width   Slow    RAMD32/CLK          n/a            1.250         5.000       3.750      SLICE_X62Y128    dbg_hub/inst/BSCANID.u_xsdbm_id/CORE_XSDB.UUT_MASTER/U_ICON_INTERFACE/U_CMD6_RD/U_RD_FIFO/SUBCORE_FIFO.xsdbm_v3_0_5_rdfifo_inst/inst_fifo_gen/gconvfifo.rf/grf.rf/gntv_or_sync_fifo.mem/gdm.dm_gen.dm/RAM_reg_0_15_0_5/RAMA/CLK
High Pulse Width  Slow    RAMD32/CLK          n/a            1.250         5.000       3.750      SLICE_X62Y128    dbg_hub/inst/BSCANID.u_xsdbm_id/CORE_XSDB.UUT_MASTER/U_ICON_INTERFACE/U_CMD6_RD/U_RD_FIFO/SUBCORE_FIFO.xsdbm_v3_0_5_rdfifo_inst/inst_fifo_gen/gconvfifo.rf/grf.rf/gntv_or_sync_fifo.mem/gdm.dm_gen.dm/RAM_reg_0_15_0_5/RAMA/CLK



---------------------------------------------------------------------------------------------------
From Clock:  feedback_raw
  To Clock:  feedback_raw

Setup :           NA  Failing Endpoints,  Worst Slack           NA  ,  Total Violation           NA
Hold  :           NA  Failing Endpoints,  Worst Slack           NA  ,  Total Violation           NA
PW    :            0  Failing Endpoints,  Worst Slack        5.845ns,  Total Violation        0.000ns
---------------------------------------------------------------------------------------------------


Pulse Width Checks
--------------------------------------------------------------------------------------
Clock Name:         feedback_raw
Waveform(ns):       { 0.000 4.000 }
Period(ns):         8.000
Sources:            { clock_manager/CLKFBOUT }

Check Type  Corner  Lib Pin             Reference Pin  Required(ns)  Actual(ns)  Slack(ns)  Location         Pin
Min Period  n/a     BUFG/I              n/a            2.155         8.000       5.845      BUFGCTRL_X0Y17   feedback_buffer/I
Max Period  n/a     MMCME2_ADV/CLKFBIN  n/a            100.000       8.000       92.000     MMCME2_ADV_X1Y2  clock_manager/CLKFBIN



---------------------------------------------------------------------------------------------------
From Clock:  clk100_raw
  To Clock:  dbg_hub/inst/BSCANID.u_xsdbm_id/SWITCH_N_EXT_BSCAN.bscan_inst/SERIES7_BSCAN.bscan_inst/TCK

Setup :            0  Failing Endpoints,  Worst Slack        8.611ns,  Total Violation        0.000ns
Hold  :           NA  Failing Endpoints,  Worst Slack           NA  ,  Total Violation           NA
---------------------------------------------------------------------------------------------------


Max Delay Paths
--------------------------------------------------------------------------------------
Slack (MET) :             8.611ns  (required time - arrival time)
  Source:                 dbg_hub/inst/BSCANID.u_xsdbm_id/CORE_XSDB.UUT_MASTER/U_ICON_INTERFACE/U_CMD6_RD/U_RD_FIFO/SUBCORE_FIFO.xsdbm_v3_0_5_rdfifo_inst/inst_fifo_gen/gconvfifo.rf/grf.rf/gntv_or_sync_fifo.gcx.clkx/gnxpm_cdc.wr_pntr_gc_reg[1]/C
                            (rising edge-triggered cell FDCE clocked by clk100_raw  {rise@0.000ns fall@5.000ns period=10.000ns})
  Destination:            dbg_hub/inst/BSCANID.u_xsdbm_id/CORE_XSDB.UUT_MASTER/U_ICON_INTERFACE/U_CMD6_RD/U_RD_FIFO/SUBCORE_FIFO.xsdbm_v3_0_5_rdfifo_inst/inst_fifo_gen/gconvfifo.rf/grf.rf/gntv_or_sync_fifo.gcx.clkx/gnxpm_cdc.gsync_stage[1].rd_stg_inst/Q_reg_reg[1]/D
                            (rising edge-triggered cell FDCE clocked by dbg_hub/inst/BSCANID.u_xsdbm_id/SWITCH_N_EXT_BSCAN.bscan_inst/SERIES7_BSCAN.bscan_inst/TCK  {rise@0.000ns fall@16.500ns period=33.000ns})
  Path Group:             dbg_hub/inst/BSCANID.u_xsdbm_id/SWITCH_N_EXT_BSCAN.bscan_inst/SERIES7_BSCAN.bscan_inst/TCK
  Path Type:              Setup (Max at Slow Process Corner)
  Requirement:            10.000ns  (MaxDelay Path 10.000ns)
  Data Path Delay:        1.119ns  (logic 0.478ns (42.698%)  route 0.641ns (57.302%))
  Logic Levels:           0  
  Timing Exception:       MaxDelay Path 10.000ns -datapath_only

    Location             Delay type                Incr(ns)  Path(ns)    Netlist Resource(s)
  -------------------------------------------------------------------    -------------------
    SLICE_X62Y126                                     0.000     0.000 r  dbg_hub/inst/BSCANID.u_xsdbm_id/CORE_XSDB.UUT_MASTER/U_ICON_INTERFACE/U_CMD6_RD/U_RD_FIFO/SUBCORE_FIFO.xsdbm_v3_0_5_rdfifo_inst/inst_fifo_gen/gconvfifo.rf/grf.rf/gntv_or_sync_fifo.gcx.clkx/gnxpm_cdc.wr_pntr_gc_reg[1]/C
    SLICE_X62Y126        FDCE (Prop_fdce_C_Q)         0.478     0.478 r  dbg_hub/inst/BSCANID.u_xsdbm_id/CORE_XSDB.UUT_MASTER/U_ICON_INTERFACE/U_CMD6_RD/U_RD_FIFO/SUBCORE_FIFO.xsdbm_v3_0_5_rdfifo_inst/inst_fifo_gen/gconvfifo.rf/grf.rf/gntv_or_sync_fifo.gcx.clkx/gnxpm_cdc.wr_pntr_gc_reg[1]/Q
                         net (fo=1, routed)           0.641     1.119    dbg_hub/inst/BSCANID.u_xsdbm_id/CORE_XSDB.UUT_MASTER/U_ICON_INTERFACE/U_CMD6_RD/U_RD_FIFO/SUBCORE_FIFO.xsdbm_v3_0_5_rdfifo_inst/inst_fifo_gen/gconvfifo.rf/grf.rf/gntv_or_sync_fifo.gcx.clkx/gnxpm_cdc.gsync_stage[1].rd_stg_inst/Q[1]
    SLICE_X64Y126        FDCE                                         r  dbg_hub/inst/BSCANID.u_xsdbm_id/CORE_XSDB.UUT_MASTER/U_ICON_INTERFACE/U_CMD6_RD/U_RD_FIFO/SUBCORE_FIFO.xsdbm_v3_0_5_rdfifo_inst/inst_fifo_gen/gconvfifo.rf/grf.rf/gntv_or_sync_fifo.gcx.clkx/gnxpm_cdc.gsync_stage[1].rd_stg_inst/Q_reg_reg[1]/D
  -------------------------------------------------------------------    -------------------

                         max delay                   10.000    10.000    
    SLICE_X64Y126        FDCE (Setup_fdce_C_D)       -0.270     9.730    dbg_hub/inst/BSCANID.u_xsdbm_id/CORE_XSDB.UUT_MASTER/U_ICON_INTERFACE/U_CMD6_RD/U_RD_FIFO/SUBCORE_FIFO.xsdbm_v3_0_5_rdfifo_inst/inst_fifo_gen/gconvfifo.rf/grf.rf/gntv_or_sync_fifo.gcx.clkx/gnxpm_cdc.gsync_stage[1].rd_stg_inst/Q_reg_reg[1]
  -------------------------------------------------------------------
                         required time                          9.730    
                         arrival time                          -1.119    
  -------------------------------------------------------------------
                         slack                                  8.611    





---------------------------------------------------------------------------------------------------
From Clock:  dbg_hub/inst/BSCANID.u_xsdbm_id/SWITCH_N_EXT_BSCAN.bscan_inst/SERIES7_BSCAN.bscan_inst/TCK
  To Clock:  clk100_raw

Setup :            0  Failing Endpoints,  Worst Slack       31.584ns,  Total Violation        0.000ns
Hold  :           NA  Failing Endpoints,  Worst Slack           NA  ,  Total Violation           NA
---------------------------------------------------------------------------------------------------


Max Delay Paths
--------------------------------------------------------------------------------------
Slack (MET) :             31.584ns  (required time - arrival time)
  Source:                 dbg_hub/inst/BSCANID.u_xsdbm_id/CORE_XSDB.UUT_MASTER/U_ICON_INTERFACE/U_CMD6_RD/U_RD_FIFO/SUBCORE_FIFO.xsdbm_v3_0_5_rdfifo_inst/inst_fifo_gen/gconvfifo.rf/grf.rf/gntv_or_sync_fifo.gcx.clkx/gnxpm_cdc.rd_pntr_gc_reg[3]/C
                            (rising edge-triggered cell FDCE clocked by dbg_hub/inst/BSCANID.u_xsdbm_id/SWITCH_N_EXT_BSCAN.bscan_inst/SERIES7_BSCAN.bscan_inst/TCK  {rise@0.000ns fall@16.500ns period=33.000ns})
  Destination:            dbg_hub/inst/BSCANID.u_xsdbm_id/CORE_XSDB.UUT_MASTER/U_ICON_INTERFACE/U_CMD6_RD/U_RD_FIFO/SUBCORE_FIFO.xsdbm_v3_0_5_rdfifo_inst/inst_fifo_gen/gconvfifo.rf/grf.rf/gntv_or_sync_fifo.gcx.clkx/gnxpm_cdc.gsync_stage[1].wr_stg_inst/Q_reg_reg[3]/D
                            (rising edge-triggered cell FDCE clocked by clk100_raw  {rise@0.000ns fall@5.000ns period=10.000ns})
  Path Group:             clk100_raw
  Path Type:              Setup (Max at Slow Process Corner)
  Requirement:            33.000ns  (MaxDelay Path 33.000ns)
  Data Path Delay:        1.321ns  (logic 0.456ns (34.517%)  route 0.865ns (65.483%))
  Logic Levels:           0  
  Timing Exception:       MaxDelay Path 33.000ns -datapath_only

    Location             Delay type                Incr(ns)  Path(ns)    Netlist Resource(s)
  -------------------------------------------------------------------    -------------------
    SLICE_X63Y126                                     0.000     0.000 r  dbg_hub/inst/BSCANID.u_xsdbm_id/CORE_XSDB.UUT_MASTER/U_ICON_INTERFACE/U_CMD6_RD/U_RD_FIFO/SUBCORE_FIFO.xsdbm_v3_0_5_rdfifo_inst/inst_fifo_gen/gconvfifo.rf/grf.rf/gntv_or_sync_fifo.gcx.clkx/gnxpm_cdc.rd_pntr_gc_reg[3]/C
    SLICE_X63Y126        FDCE (Prop_fdce_C_Q)         0.456     0.456 r  dbg_hub/inst/BSCANID.u_xsdbm_id/CORE_XSDB.UUT_MASTER/U_ICON_INTERFACE/U_CMD6_RD/U_RD_FIFO/SUBCORE_FIFO.xsdbm_v3_0_5_rdfifo_inst/inst_fifo_gen/gconvfifo.rf/grf.rf/gntv_or_sync_fifo.gcx.clkx/gnxpm_cdc.rd_pntr_gc_reg[3]/Q
                         net (fo=1, routed)           0.865     1.321    dbg_hub/inst/BSCANID.u_xsdbm_id/CORE_XSDB.UUT_MASTER/U_ICON_INTERFACE/U_CMD6_RD/U_RD_FIFO/SUBCORE_FIFO.xsdbm_v3_0_5_rdfifo_inst/inst_fifo_gen/gconvfifo.rf/grf.rf/gntv_or_sync_fifo.gcx.clkx/gnxpm_cdc.gsync_stage[1].wr_stg_inst/Q[3]
    SLICE_X61Y126        FDCE                                         r  dbg_hub/inst/BSCANID.u_xsdbm_id/CORE_XSDB.UUT_MASTER/U_ICON_INTERFACE/U_CMD6_RD/U_RD_FIFO/SUBCORE_FIFO.xsdbm_v3_0_5_rdfifo_inst/inst_fifo_gen/gconvfifo.rf/grf.rf/gntv_or_sync_fifo.gcx.clkx/gnxpm_cdc.gsync_stage[1].wr_stg_inst/Q_reg_reg[3]/D
  -------------------------------------------------------------------    -------------------

                         max delay                   33.000    33.000    
    SLICE_X61Y126        FDCE (Setup_fdce_C_D)       -0.095    32.905    dbg_hub/inst/BSCANID.u_xsdbm_id/CORE_XSDB.UUT_MASTER/U_ICON_INTERFACE/U_CMD6_RD/U_RD_FIFO/SUBCORE_FIFO.xsdbm_v3_0_5_rdfifo_inst/inst_fifo_gen/gconvfifo.rf/grf.rf/gntv_or_sync_fifo.gcx.clkx/gnxpm_cdc.gsync_stage[1].wr_stg_inst/Q_reg_reg[3]
  -------------------------------------------------------------------
                         required time                         32.905    
                         arrival time                          -1.321    
  -------------------------------------------------------------------
                         slack                                 31.584    





---------------------------------------------------------------------------------------------------
Path Group:  **async_default**
From Clock:  clk100_raw
  To Clock:  clk100_raw

Setup :            0  Failing Endpoints,  Worst Slack        7.452ns,  Total Violation        0.000ns
Hold  :            0  Failing Endpoints,  Worst Slack        0.337ns,  Total Violation        0.000ns
---------------------------------------------------------------------------------------------------


Max Delay Paths
--------------------------------------------------------------------------------------
Slack (MET) :             7.452ns  (required time - arrival time)
  Source:                 dbg_hub/inst/BSCANID.u_xsdbm_id/CORE_XSDB.UUT_MASTER/U_ICON_INTERFACE/U_CMD6_RD/U_RD_FIFO/SUBCORE_FIFO.xsdbm_v3_0_5_rdfifo_inst/inst_fifo_gen/gconvfifo.rf/grf.rf/rstblk/ngwrdrst.grst.g7serrst.gwrrd_rst_sync_stage[2].wrst_inst/Q_reg_reg[0]/C
                            (rising edge-triggered cell FDRE clocked by clk100_raw  {rise@0.000ns fall@5.000ns period=10.000ns})
  Destination:            dbg_hub/inst/BSCANID.u_xsdbm_id/CORE_XSDB.UUT_MASTER/U_ICON_INTERFACE/U_CMD6_RD/U_RD_FIFO/SUBCORE_FIFO.xsdbm_v3_0_5_rdfifo_inst/inst_fifo_gen/gconvfifo.rf/grf.rf/rstblk/ngwrdrst.grst.g7serrst.wr_rst_reg_reg[0]/PRE
                            (recovery check against rising-edge clock clk100_raw  {rise@0.000ns fall@5.000ns period=10.000ns})
  Path Group:             **async_default**
  Path Type:              Recovery (Max at Slow Process Corner)
  Requirement:            10.000ns  (clk100_raw rise@10.000ns - clk100_raw rise@0.000ns)
  Data Path Delay:        2.094ns  (logic 0.718ns (34.286%)  route 1.376ns (65.714%))
  Logic Levels:           1  (LUT2=1)
  Clock Path Skew:        -0.022ns (DCD - SCD + CPR)
    Destination Clock Delay (DCD):    -1.473ns = ( 8.527 - 10.000 ) 
    Source Clock Delay      (SCD):    -0.830ns
    Clock Pessimism Removal (CPR):    0.620ns
  Clock Uncertainty:      0.071ns  ((TSJ^2 + DJ^2)^1/2) / 2 + PE
    Total System Jitter     (TSJ):    0.071ns
    Discrete Jitter          (DJ):    0.123ns
    Phase Error              (PE):    0.000ns

    Location             Delay type                Incr(ns)  Path(ns)    Netlist Resource(s)
  -------------------------------------------------------------------    -------------------
                         (clock clk100_raw rise edge)
                                                      0.000     0.000 r  
    H16                                               0.000     0.000 r  sys_clk (IN)
                         net (fo=0)                   0.000     0.000    sys_clk
    H16                  IBUF (Prop_ibuf_I_O)         1.451     1.451 r  sys_clk_IBUF_inst/O
                         net (fo=1, routed)           1.285     2.736    sys_clk_IBUF
    MMCME2_ADV_X1Y2      MMCME2_ADV (Prop_mmcme2_adv_CLKIN1_CLKOUT0)
                                                     -7.759    -5.023 r  clock_manager/CLKOUT0
                         net (fo=1, routed)           2.206    -2.817    clk100_raw
    BUFGCTRL_X0Y16       BUFG (Prop_bufg_I_O)         0.101    -2.716 r  system_clock_buffer/O
                         net (fo=4896, routed)        1.886    -0.830    dbg_hub/inst/BSCANID.u_xsdbm_id/CORE_XSDB.UUT_MASTER/U_ICON_INTERFACE/U_CMD6_RD/U_RD_FIFO/SUBCORE_FIFO.xsdbm_v3_0_5_rdfifo_inst/inst_fifo_gen/gconvfifo.rf/grf.rf/rstblk/ngwrdrst.grst.g7serrst.gwrrd_rst_sync_stage[2].wrst_inst/wr_clk
    SLICE_X59Y123        FDRE                                         r  dbg_hub/inst/BSCANID.u_xsdbm_id/CORE_XSDB.UUT_MASTER/U_ICON_INTERFACE/U_CMD6_RD/U_RD_FIFO/SUBCORE_FIFO.xsdbm_v3_0_5_rdfifo_inst/inst_fifo_gen/gconvfifo.rf/grf.rf/rstblk/ngwrdrst.grst.g7serrst.gwrrd_rst_sync_stage[2].wrst_inst/Q_reg_reg[0]/C
  -------------------------------------------------------------------    -------------------
    SLICE_X59Y123        FDRE (Prop_fdre_C_Q)         0.419    -0.411 r  dbg_hub/inst/BSCANID.u_xsdbm_id/CORE_XSDB.UUT_MASTER/U_ICON_INTERFACE/U_CMD6_RD/U_RD_FIFO/SUBCORE_FIFO.xsdbm_v3_0_5_rdfifo_inst/inst_fifo_gen/gconvfifo.rf/grf.rf/rstblk/ngwrdrst.grst.g7serrst.gwrrd_rst_sync_stage[2].wrst_inst/Q_reg_reg[0]/Q
                         net (fo=1, routed)           0.849     0.437    dbg_hub/inst/BSCANID.u_xsdbm_id/CORE_XSDB.UUT_MASTER/U_ICON_INTERFACE/U_CMD6_RD/U_RD_FIFO/SUBCORE_FIFO.xsdbm_v3_0_5_rdfifo_inst/inst_fifo_gen/gconvfifo.rf/grf.rf/rstblk/ngwrdrst.grst.g7serrst.gwrrd_rst_sync_stage[2].wrst_inst/Q_reg[0]
    SLICE_X59Y123        LUT2 (Prop_lut2_I1_O)        0.299     0.736 f  dbg_hub/inst/BSCANID.u_xsdbm_id/CORE_XSDB.UUT_MASTER/U_ICON_INTERFACE/U_CMD6_RD/U_RD_FIFO/SUBCORE_FIFO.xsdbm_v3_0_5_rdfifo_inst/inst_fifo_gen/gconvfifo.rf/grf.rf/rstblk/ngwrdrst.grst.g7serrst.gwrrd_rst_sync_stage[2].wrst_inst/ngwrdrst.grst.g7serrst.wr_rst_reg[2]_i_1/O
                         net (fo=3, routed)           0.528     1.264    dbg_hub/inst/BSCANID.u_xsdbm_id/CORE_XSDB.UUT_MASTER/U_ICON_INTERFACE/U_CMD6_RD/U_RD_FIFO/SUBCORE_FIFO.xsdbm_v3_0_5_rdfifo_inst/inst_fifo_gen/gconvfifo.rf/grf.rf/rstblk/wr_rst_comb
    SLICE_X58Y123        FDPE                                         f  dbg_hub/inst/BSCANID.u_xsdbm_id/CORE_XSDB.UUT_MASTER/U_ICON_INTERFACE/U_CMD6_RD/U_RD_FIFO/SUBCORE_FIFO.xsdbm_v3_0_5_rdfifo_inst/inst_fifo_gen/gconvfifo.rf/grf.rf/rstblk/ngwrdrst.grst.g7serrst.wr_rst_reg_reg[0]/PRE
  -------------------------------------------------------------------    -------------------

                         (clock clk100_raw rise edge)
                                                     10.000    10.000 r  
    H16                                               0.000    10.000 r  sys_clk (IN)
                         net (fo=0)                   0.000    10.000    sys_clk
    H16                  IBUF (Prop_ibuf_I_O)         1.380    11.380 r  sys_clk_IBUF_inst/O
                         net (fo=1, routed)           1.162    12.542    sys_clk_IBUF
    MMCME2_ADV_X1Y2      MMCME2_ADV (Prop_mmcme2_adv_CLKIN1_CLKOUT0)
                                                     -7.814     4.728 r  clock_manager/CLKOUT0
                         net (fo=1, routed)           2.012     6.740    clk100_raw
    BUFGCTRL_X0Y16       BUFG (Prop_bufg_I_O)         0.091     6.831 r  system_clock_buffer/O
                         net (fo=4896, routed)        1.696     8.527    dbg_hub/inst/BSCANID.u_xsdbm_id/CORE_XSDB.UUT_MASTER/U_ICON_INTERFACE/U_CMD6_RD/U_RD_FIFO/SUBCORE_FIFO.xsdbm_v3_0_5_rdfifo_inst/inst_fifo_gen/gconvfifo.rf/grf.rf/rstblk/wr_clk
    SLICE_X58Y123        FDPE                                         r  dbg_hub/inst/BSCANID.u_xsdbm_id/CORE_XSDB.UUT_MASTER/U_ICON_INTERFACE/U_CMD6_RD/U_RD_FIFO/SUBCORE_FIFO.xsdbm_v3_0_5_rdfifo_inst/inst_fifo_gen/gconvfifo.rf/grf.rf/rstblk/ngwrdrst.grst.g7serrst.wr_rst_reg_reg[0]/C
                         clock pessimism              0.620     9.148    
                         clock uncertainty           -0.071     9.077    
    SLICE_X58Y123        FDPE (Recov_fdpe_C_PRE)     -0.361     8.716    dbg_hub/inst/BSCANID.u_xsdbm_id/CORE_XSDB.UUT_MASTER/U_ICON_INTERFACE/U_CMD6_RD/U_RD_FIFO/SUBCORE_FIFO.xsdbm_v3_0_5_rdfifo_inst/inst_fifo_gen/gconvfifo.rf/grf.rf/rstblk/ngwrdrst.grst.g7serrst.wr_rst_reg_reg[0]
  -------------------------------------------------------------------
                         required time                          8.716    
                         arrival time                          -1.264    
  -------------------------------------------------------------------
                         slack                                  7.452    





Min Delay Paths
--------------------------------------------------------------------------------------
Slack (MET) :             0.337ns  (arrival time - required time)
  Source:                 dbg_hub/inst/BSCANID.u_xsdbm_id/CORE_XSDB.UUT_MASTER/U_ICON_INTERFACE/U_CMD6_WR/U_WR_FIFO/SUBCORE_FIFO.xsdbm_v3_0_5_wrfifo_inst/inst_fifo_gen/gconvfifo.rf/grf.rf/rstblk/ngwrdrst.grst.g7serrst.rd_rst_reg_reg[1]/C
                            (rising edge-triggered cell FDPE clocked by clk100_raw  {rise@0.000ns fall@5.000ns period=10.000ns})
  Destination:            dbg_hub/inst/BSCANID.u_xsdbm_id/CORE_XSDB.UUT_MASTER/U_ICON_INTERFACE/U_CMD6_WR/U_WR_FIFO/SUBCORE_FIFO.xsdbm_v3_0_5_wrfifo_inst/inst_fifo_gen/gconvfifo.rf/grf.rf/gntv_or_sync_fifo.gcx.clkx/gnxpm_cdc.rd_pntr_gc_reg[0]/CLR
                            (removal check against rising-edge clock clk100_raw  {rise@0.000ns fall@5.000ns period=10.000ns})
  Path Group:             **async_default**
  Path Type:              Removal (Min at Fast Process Corner)
  Requirement:            0.000ns  (clk100_raw rise@0.000ns - clk100_raw rise@0.000ns)
  Data Path Delay:        0.259ns  (logic 0.141ns (54.494%)  route 0.118ns (45.506%))
  Logic Levels:           0  
  Clock Path Skew:        0.014ns (DCD - SCD - CPR)
    Destination Clock Delay (DCD):    -0.817ns
    Source Clock Delay      (SCD):    -0.580ns
    Clock Pessimism Removal (CPR):    -0.251ns

    Location             Delay type                Incr(ns)  Path(ns)    Netlist Resource(s)
  -------------------------------------------------------------------    -------------------
                         (clock clk100_raw rise edge)
                                                      0.000     0.000 r  
    H16                                               0.000     0.000 r  sys_clk (IN)
                         net (fo=0)                   0.000     0.000    sys_clk
    H16                  IBUF (Prop_ibuf_I_O)         0.219     0.219 r  sys_clk_IBUF_inst/O
                         net (fo=1, routed)           0.440     0.659    sys_clk_IBUF
    MMCME2_ADV_X1Y2      MMCME2_ADV (Prop_mmcme2_adv_CLKIN1_CLKOUT0)
                                                     -2.613    -1.954 r  clock_manager/CLKOUT0
                         net (fo=1, routed)           0.696    -1.257    clk100_raw
    BUFGCTRL_X0Y16       BUFG (Prop_bufg_I_O)         0.026    -1.231 r  system_clock_buffer/O
                         net (fo=4896, routed)        0.651    -0.580    dbg_hub/inst/BSCANID.u_xsdbm_id/CORE_XSDB.UUT_MASTER/U_ICON_INTERFACE/U_CMD6_WR/U_WR_FIFO/SUBCORE_FIFO.xsdbm_v3_0_5_wrfifo_inst/inst_fifo_gen/gconvfifo.rf/grf.rf/rstblk/rd_clk
    SLICE_X57Y119        FDPE                                         r  dbg_hub/inst/BSCANID.u_xsdbm_id/CORE_XSDB.UUT_MASTER/U_ICON_INTERFACE/U_CMD6_WR/U_WR_FIFO/SUBCORE_FIFO.xsdbm_v3_0_5_wrfifo_inst/inst_fifo_gen/gconvfifo.rf/grf.rf/rstblk/ngwrdrst.grst.g7serrst.rd_rst_reg_reg[1]/C
  -------------------------------------------------------------------    -------------------
    SLICE_X57Y119        FDPE (Prop_fdpe_C_Q)         0.141    -0.439 f  dbg_hub/inst/BSCANID.u_xsdbm_id/CORE_XSDB.UUT_MASTER/U_ICON_INTERFACE/U_CMD6_WR/U_WR_FIFO/SUBCORE_FIFO.xsdbm_v3_0_5_wrfifo_inst/inst_fifo_gen/gconvfifo.rf/grf.rf/rstblk/ngwrdrst.grst.g7serrst.rd_rst_reg_reg[1]/Q
                         net (fo=16, routed)          0.118    -0.321    dbg_hub/inst/BSCANID.u_xsdbm_id/CORE_XSDB.UUT_MASTER/U_ICON_INTERFACE/U_CMD6_WR/U_WR_FIFO/SUBCORE_FIFO.xsdbm_v3_0_5_wrfifo_inst/inst_fifo_gen/gconvfifo.rf/grf.rf/gntv_or_sync_fifo.gcx.clkx/Q_reg_reg[0][0]
    SLICE_X59Y119        FDCE                                         f  dbg_hub/inst/BSCANID.u_xsdbm_id/CORE_XSDB.UUT_MASTER/U_ICON_INTERFACE/U_CMD6_WR/U_WR_FIFO/SUBCORE_FIFO.xsdbm_v3_0_5_wrfifo_inst/inst_fifo_gen/gconvfifo.rf/grf.rf/gntv_or_sync_fifo.gcx.clkx/gnxpm_cdc.rd_pntr_gc_reg[0]/CLR
  -------------------------------------------------------------------    -------------------

                         (clock clk100_raw rise edge)
                                                      0.000     0.000 r  
    H16                                               0.000     0.000 r  sys_clk (IN)
                         net (fo=0)                   0.000     0.000    sys_clk
    H16                  IBUF (Prop_ibuf_I_O)         0.406     0.406 r  sys_clk_IBUF_inst/O
                         net (fo=1, routed)           0.480     0.886    sys_clk_IBUF
    MMCME2_ADV_X1Y2      MMCME2_ADV (Prop_mmcme2_adv_CLKIN1_CLKOUT0)
                                                     -3.407    -2.521 r  clock_manager/CLKOUT0
                         net (fo=1, routed)           0.752    -1.769    clk100_raw
    BUFGCTRL_X0Y16       BUFG (Prop_bufg_I_O)         0.029    -1.740 r  system_clock_buffer/O
                         net (fo=4896, routed)        0.923    -0.817    dbg_hub/inst/BSCANID.u_xsdbm_id/CORE_XSDB.UUT_MASTER/U_ICON_INTERFACE/U_CMD6_WR/U_WR_FIFO/SUBCORE_FIFO.xsdbm_v3_0_5_wrfifo_inst/inst_fifo_gen/gconvfifo.rf/grf.rf/gntv_or_sync_fifo.gcx.clkx/rd_clk
    SLICE_X59Y119        FDCE                                         r  dbg_hub/inst/BSCANID.u_xsdbm_id/CORE_XSDB.UUT_MASTER/U_ICON_INTERFACE/U_CMD6_WR/U_WR_FIFO/SUBCORE_FIFO.xsdbm_v3_0_5_wrfifo_inst/inst_fifo_gen/gconvfifo.rf/grf.rf/gntv_or_sync_fifo.gcx.clkx/gnxpm_cdc.rd_pntr_gc_reg[0]/C
                         clock pessimism              0.251    -0.566    
    SLICE_X59Y119        FDCE (Remov_fdce_C_CLR)     -0.092    -0.658    dbg_hub/inst/BSCANID.u_xsdbm_id/CORE_XSDB.UUT_MASTER/U_ICON_INTERFACE/U_CMD6_WR/U_WR_FIFO/SUBCORE_FIFO.xsdbm_v3_0_5_wrfifo_inst/inst_fifo_gen/gconvfifo.rf/grf.rf/gntv_or_sync_fifo.gcx.clkx/gnxpm_cdc.rd_pntr_gc_reg[0]
  -------------------------------------------------------------------
                         required time                          0.658    
                         arrival time                          -0.321    
  -------------------------------------------------------------------
                         slack                                  0.337    





---------------------------------------------------------------------------------------------------
Path Group:  **async_default**
From Clock:  dbg_hub/inst/BSCANID.u_xsdbm_id/SWITCH_N_EXT_BSCAN.bscan_inst/SERIES7_BSCAN.bscan_inst/TCK
  To Clock:  dbg_hub/inst/BSCANID.u_xsdbm_id/SWITCH_N_EXT_BSCAN.bscan_inst/SERIES7_BSCAN.bscan_inst/TCK

Setup :            0  Failing Endpoints,  Worst Slack       28.314ns,  Total Violation        0.000ns
Hold  :            0  Failing Endpoints,  Worst Slack        0.327ns,  Total Violation        0.000ns
---------------------------------------------------------------------------------------------------


Max Delay Paths
--------------------------------------------------------------------------------------
Slack (MET) :             28.314ns  (required time - arrival time)
  Source:                 dbg_hub/inst/BSCANID.u_xsdbm_id/SWITCH_N_EXT_BSCAN.bscan_switch/portno_reg[1]/C
                            (rising edge-triggered cell FDRE clocked by dbg_hub/inst/BSCANID.u_xsdbm_id/SWITCH_N_EXT_BSCAN.bscan_inst/SERIES7_BSCAN.bscan_inst/TCK  {rise@0.000ns fall@16.500ns period=33.000ns})
  Destination:            dbg_hub/inst/BSCANID.u_xsdbm_id/CORE_XSDB.U_ICON/U_CMD/iTARGET_reg[10]/CLR
                            (recovery check against rising-edge clock dbg_hub/inst/BSCANID.u_xsdbm_id/SWITCH_N_EXT_BSCAN.bscan_inst/SERIES7_BSCAN.bscan_inst/TCK  {rise@0.000ns fall@16.500ns period=33.000ns})
  Path Group:             **async_default**
  Path Type:              Recovery (Max at Slow Process Corner)
  Requirement:            33.000ns  (dbg_hub/inst/BSCANID.u_xsdbm_id/SWITCH_N_EXT_BSCAN.bscan_inst/SERIES7_BSCAN.bscan_inst/TCK rise@33.000ns - dbg_hub/inst/BSCANID.u_xsdbm_id/SWITCH_N_EXT_BSCAN.bscan_inst/SERIES7_BSCAN.bscan_inst/TCK rise@0.000ns)
  Data Path Delay:        4.179ns  (logic 0.828ns (19.812%)  route 3.351ns (80.188%))
  Logic Levels:           3  (LUT1=1 LUT4=1 LUT6=1)
  Clock Path Skew:        -0.066ns (DCD - SCD + CPR)
    Destination Clock Delay (DCD):    3.792ns = ( 36.792 - 33.000 ) 
    Source Clock Delay      (SCD):    4.312ns
    Clock Pessimism Removal (CPR):    0.454ns
  Clock Uncertainty:      0.035ns  ((TSJ^2 + TIJ^2)^1/2 + DJ) / 2 + PE
    Total System Jitter     (TSJ):    0.071ns
    Total Input Jitter      (TIJ):    0.000ns
    Discrete Jitter          (DJ):    0.000ns
    Phase Error              (PE):    0.000ns

    Location             Delay type                Incr(ns)  Path(ns)    Netlist Resource(s)
  -------------------------------------------------------------------    -------------------
                         (clock dbg_hub/inst/BSCANID.u_xsdbm_id/SWITCH_N_EXT_BSCAN.bscan_inst/SERIES7_BSCAN.bscan_inst/TCK rise edge)
                                                      0.000     0.000 r  
    BSCAN_X0Y0           BSCANE2                      0.000     0.000 r  dbg_hub/inst/BSCANID.u_xsdbm_id/SWITCH_N_EXT_BSCAN.bscan_inst/SERIES7_BSCAN.bscan_inst/TCK
                         net (fo=1, routed)           2.306     2.306    dbg_hub/inst/BSCANID.u_xsdbm_id/tck_bs
    BUFGCTRL_X0Y0        BUFG (Prop_bufg_I_O)         0.101     2.407 r  dbg_hub/inst/BSCANID.u_xsdbm_id/SWITCH_N_EXT_BSCAN.u_bufg_icon_tck/O
                         net (fo=482, routed)         1.905     4.312    dbg_hub/inst/BSCANID.u_xsdbm_id/SWITCH_N_EXT_BSCAN.bscan_switch/s_bscan_tck
    SLICE_X64Y136        FDRE                                         r  dbg_hub/inst/BSCANID.u_xsdbm_id/SWITCH_N_EXT_BSCAN.bscan_switch/portno_reg[1]/C
  -------------------------------------------------------------------    -------------------
    SLICE_X64Y136        FDRE (Prop_fdre_C_Q)         0.456     4.768 f  dbg_hub/inst/BSCANID.u_xsdbm_id/SWITCH_N_EXT_BSCAN.bscan_switch/portno_reg[1]/Q
                         net (fo=1, routed)           0.861     5.629    dbg_hub/inst/BSCANID.u_xsdbm_id/SWITCH_N_EXT_BSCAN.bscan_switch/portno[1]
    SLICE_X64Y136        LUT6 (Prop_lut6_I3_O)        0.124     5.753 f  dbg_hub/inst/BSCANID.u_xsdbm_id/SWITCH_N_EXT_BSCAN.bscan_switch/m_bscan_drck[0]_INST_0_i_1/O
                         net (fo=5, routed)           1.061     6.814    dbg_hub/inst/BSCANID.u_xsdbm_id/SWITCH_N_EXT_BSCAN.bscan_switch/m_bscan_drck[0]_INST_0_i_1_n_0
    SLICE_X58Y133        LUT4 (Prop_lut4_I3_O)        0.124     6.938 r  dbg_hub/inst/BSCANID.u_xsdbm_id/SWITCH_N_EXT_BSCAN.bscan_switch/m_bscan_sel[0]_INST_0/O
                         net (fo=2, routed)           0.800     7.738    dbg_hub/inst/BSCANID.u_xsdbm_id/CORE_XSDB.U_ICON/U_CMD/iTARGET_reg[6]_0
    SLICE_X57Y133        LUT1 (Prop_lut1_I0_O)        0.124     7.862 f  dbg_hub/inst/BSCANID.u_xsdbm_id/CORE_XSDB.U_ICON/U_CMD/iTARGET[15]_i_2/O
                         net (fo=10, routed)          0.629     8.491    dbg_hub/inst/BSCANID.u_xsdbm_id/CORE_XSDB.U_ICON/U_CMD/iSEL_n
    SLICE_X57Y133        FDCE                                         f  dbg_hub/inst/BSCANID.u_xsdbm_id/CORE_XSDB.U_ICON/U_CMD/iTARGET_reg[10]/CLR
  -------------------------------------------------------------------    -------------------

                         (clock dbg_hub/inst/BSCANID.u_xsdbm_id/SWITCH_N_EXT_BSCAN.bscan_inst/SERIES7_BSCAN.bscan_inst/TCK rise edge)
                                                     33.000    33.000 r  
    BSCAN_X0Y0           BSCANE2                      0.000    33.000 r  dbg_hub/inst/BSCANID.u_xsdbm_id/SWITCH_N_EXT_BSCAN.bscan_inst/SERIES7_BSCAN.bscan_inst/TCK
                         net (fo=1, routed)           1.994    34.994    dbg_hub/inst/BSCANID.u_xsdbm_id/tck_bs
    BUFGCTRL_X0Y0        BUFG (Prop_bufg_I_O)         0.091    35.085 r  dbg_hub/inst/BSCANID.u_xsdbm_id/SWITCH_N_EXT_BSCAN.u_bufg_icon_tck/O
                         net (fo=482, routed)         1.707    36.792    dbg_hub/inst/BSCANID.u_xsdbm_id/CORE_XSDB.U_ICON/U_CMD/m_bscan_tck[0]
    SLICE_X57Y133        FDCE                                         r  dbg_hub/inst/BSCANID.u_xsdbm_id/CORE_XSDB.U_ICON/U_CMD/iTARGET_reg[10]/C
                         clock pessimism              0.454    37.246    
                         clock uncertainty           -0.035    37.211    
    SLICE_X57Y133        FDCE (Recov_fdce_C_CLR)     -0.405    36.806    dbg_hub/inst/BSCANID.u_xsdbm_id/CORE_XSDB.U_ICON/U_CMD/iTARGET_reg[10]
  -------------------------------------------------------------------
                         required time                         36.806    
                         arrival time                          -8.491    
  -------------------------------------------------------------------
                         slack                                 28.314    





Min Delay Paths
--------------------------------------------------------------------------------------
Slack (MET) :             0.327ns  (arrival time - required time)
  Source:                 dbg_hub/inst/BSCANID.u_xsdbm_id/CORE_XSDB.UUT_MASTER/U_ICON_INTERFACE/U_CMD6_RD/U_RD_FIFO/SUBCORE_FIFO.xsdbm_v3_0_5_rdfifo_inst/inst_fifo_gen/gconvfifo.rf/grf.rf/rstblk/ngwrdrst.grst.g7serrst.rd_rst_reg_reg[1]/C
                            (rising edge-triggered cell FDPE clocked by dbg_hub/inst/BSCANID.u_xsdbm_id/SWITCH_N_EXT_BSCAN.bscan_inst/SERIES7_BSCAN.bscan_inst/TCK  {rise@0.000ns fall@16.500ns period=33.000ns})
  Destination:            dbg_hub/inst/BSCANID.u_xsdbm_id/CORE_XSDB.UUT_MASTER/U_ICON_INTERFACE/U_CMD6_RD/U_RD_FIFO/SUBCORE_FIFO.xsdbm_v3_0_5_rdfifo_inst/inst_fifo_gen/gconvfifo.rf/grf.rf/gntv_or_sync_fifo.gcx.clkx/gnxpm_cdc.gsync_stage[1].rd_stg_inst/Q_reg_reg[3]/CLR
                            (removal check against rising-edge clock dbg_hub/inst/BSCANID.u_xsdbm_id/SWITCH_N_EXT_BSCAN.bscan_inst/SERIES7_BSCAN.bscan_inst/TCK  {rise@0.000ns fall@16.500ns period=33.000ns})
  Path Group:             **async_default**
  Path Type:              Removal (Min at Fast Process Corner)
  Requirement:            0.000ns  (dbg_hub/inst/BSCANID.u_xsdbm_id/SWITCH_N_EXT_BSCAN.bscan_inst/SERIES7_BSCAN.bscan_inst/TCK rise@0.000ns - dbg_hub/inst/BSCANID.u_xsdbm_id/SWITCH_N_EXT_BSCAN.bscan_inst/SERIES7_BSCAN.bscan_inst/TCK rise@0.000ns)
  Data Path Delay:        0.273ns  (logic 0.141ns (51.704%)  route 0.132ns (48.296%))
  Logic Levels:           0  
  Clock Path Skew:        0.013ns (DCD - SCD - CPR)
    Destination Clock Delay (DCD):    2.112ns
    Source Clock Delay      (SCD):    1.707ns
    Clock Pessimism Removal (CPR):    0.392ns

    Location             Delay type                Incr(ns)  Path(ns)    Netlist Resource(s)
  -------------------------------------------------------------------    -------------------
                         (clock dbg_hub/inst/BSCANID.u_xsdbm_id/SWITCH_N_EXT_BSCAN.bscan_inst/SERIES7_BSCAN.bscan_inst/TCK rise edge)
                                                      0.000     0.000 r  
    BSCAN_X0Y0           BSCANE2                      0.000     0.000 r  dbg_hub/inst/BSCANID.u_xsdbm_id/SWITCH_N_EXT_BSCAN.bscan_inst/SERIES7_BSCAN.bscan_inst/TCK
                         net (fo=1, routed)           1.028     1.028    dbg_hub/inst/BSCANID.u_xsdbm_id/tck_bs
    BUFGCTRL_X0Y0        BUFG (Prop_bufg_I_O)         0.026     1.054 r  dbg_hub/inst/BSCANID.u_xsdbm_id/SWITCH_N_EXT_BSCAN.u_bufg_icon_tck/O
                         net (fo=482, routed)         0.653     1.707    dbg_hub/inst/BSCANID.u_xsdbm_id/CORE_XSDB.UUT_MASTER/U_ICON_INTERFACE/U_CMD6_RD/U_RD_FIFO/SUBCORE_FIFO.xsdbm_v3_0_5_rdfifo_inst/inst_fifo_gen/gconvfifo.rf/grf.rf/rstblk/rd_clk
    SLICE_X60Y127        FDPE                                         r  dbg_hub/inst/BSCANID.u_xsdbm_id/CORE_XSDB.UUT_MASTER/U_ICON_INTERFACE/U_CMD6_RD/U_RD_FIFO/SUBCORE_FIFO.xsdbm_v3_0_5_rdfifo_inst/inst_fifo_gen/gconvfifo.rf/grf.rf/rstblk/ngwrdrst.grst.g7serrst.rd_rst_reg_reg[1]/C
  -------------------------------------------------------------------    -------------------
    SLICE_X60Y127        FDPE (Prop_fdpe_C_Q)         0.141     1.848 f  dbg_hub/inst/BSCANID.u_xsdbm_id/CORE_XSDB.UUT_MASTER/U_ICON_INTERFACE/U_CMD6_RD/U_RD_FIFO/SUBCORE_FIFO.xsdbm_v3_0_5_rdfifo_inst/inst_fifo_gen/gconvfifo.rf/grf.rf/rstblk/ngwrdrst.grst.g7serrst.rd_rst_reg_reg[1]/Q
                         net (fo=16, routed)          0.132     1.980    dbg_hub/inst/BSCANID.u_xsdbm_id/CORE_XSDB.UUT_MASTER/U_ICON_INTERFACE/U_CMD6_RD/U_RD_FIFO/SUBCORE_FIFO.xsdbm_v3_0_5_rdfifo_inst/inst_fifo_gen/gconvfifo.rf/grf.rf/gntv_or_sync_fifo.gcx.clkx/gnxpm_cdc.gsync_stage[1].rd_stg_inst/Q_reg_reg[0]_0[0]
    SLICE_X62Y127        FDCE                                         f  dbg_hub/inst/BSCANID.u_xsdbm_id/CORE_XSDB.UUT_MASTER/U_ICON_INTERFACE/U_CMD6_RD/U_RD_FIFO/SUBCORE_FIFO.xsdbm_v3_0_5_rdfifo_inst/inst_fifo_gen/gconvfifo.rf/grf.rf/gntv_or_sync_fifo.gcx.clkx/gnxpm_cdc.gsync_stage[1].rd_stg_inst/Q_reg_reg[3]/CLR
  -------------------------------------------------------------------    -------------------

                         (clock dbg_hub/inst/BSCANID.u_xsdbm_id/SWITCH_N_EXT_BSCAN.bscan_inst/SERIES7_BSCAN.bscan_inst/TCK rise edge)
                                                      0.000     0.000 r  
    BSCAN_X0Y0           BSCANE2                      0.000     0.000 r  dbg_hub/inst/BSCANID.u_xsdbm_id/SWITCH_N_EXT_BSCAN.bscan_inst/SERIES7_BSCAN.bscan_inst/TCK
                         net (fo=1, routed)           1.160     1.160    dbg_hub/inst/BSCANID.u_xsdbm_id/tck_bs
    BUFGCTRL_X0Y0        BUFG (Prop_bufg_I_O)         0.029     1.189 r  dbg_hub/inst/BSCANID.u_xsdbm_id/SWITCH_N_EXT_BSCAN.u_bufg_icon_tck/O
                         net (fo=482, routed)         0.923     2.112    dbg_hub/inst/BSCANID.u_xsdbm_id/CORE_XSDB.UUT_MASTER/U_ICON_INTERFACE/U_CMD6_RD/U_RD_FIFO/SUBCORE_FIFO.xsdbm_v3_0_5_rdfifo_inst/inst_fifo_gen/gconvfifo.rf/grf.rf/gntv_or_sync_fifo.gcx.clkx/gnxpm_cdc.gsync_stage[1].rd_stg_inst/rd_clk
    SLICE_X62Y127        FDCE                                         r  dbg_hub/inst/BSCANID.u_xsdbm_id/CORE_XSDB.UUT_MASTER/U_ICON_INTERFACE/U_CMD6_RD/U_RD_FIFO/SUBCORE_FIFO.xsdbm_v3_0_5_rdfifo_inst/inst_fifo_gen/gconvfifo.rf/grf.rf/gntv_or_sync_fifo.gcx.clkx/gnxpm_cdc.gsync_stage[1].rd_stg_inst/Q_reg_reg[3]/C
                         clock pessimism             -0.392     1.720    
    SLICE_X62Y127        FDCE (Remov_fdce_C_CLR)     -0.067     1.653    dbg_hub/inst/BSCANID.u_xsdbm_id/CORE_XSDB.UUT_MASTER/U_ICON_INTERFACE/U_CMD6_RD/U_RD_FIFO/SUBCORE_FIFO.xsdbm_v3_0_5_rdfifo_inst/inst_fifo_gen/gconvfifo.rf/grf.rf/gntv_or_sync_fifo.gcx.clkx/gnxpm_cdc.gsync_stage[1].rd_stg_inst/Q_reg_reg[3]
  -------------------------------------------------------------------
                         required time                         -1.653    
                         arrival time                           1.980    
  -------------------------------------------------------------------
                         slack                                  0.327    





--------------------------------------------------------------------------------------
Path Group:  (none)
From Clock:  clk100_raw
  To Clock:  

Max Delay             4 Endpoints
Min Delay             4 Endpoints
--------------------------------------------------------------------------------------


Max Delay Paths
--------------------------------------------------------------------------------------
Slack:                    inf
  Source:                 system_i/debug_regs_reg[0][6]/C
                            (rising edge-triggered cell FDRE clocked by clk100_raw  {rise@0.000ns fall@5.000ns period=10.000ns})
  Destination:            led[0]
                            (output port)
  Path Group:             (none)
  Path Type:              Max at Slow Process Corner
  Data Path Delay:        9.841ns  (logic 4.234ns (43.022%)  route 5.607ns (56.978%))
  Logic Levels:           3  (LUT6=2 OBUF=1)
  Clock Uncertainty:      0.164ns  ((TSJ^2 + DJ^2)^1/2) / 2 + PE
    Total System Jitter     (TSJ):    0.050ns
    Discrete Jitter          (DJ):    0.123ns
    Phase Error              (PE):    0.097ns
  Timing Exception:       False Path

    Location             Delay type                Incr(ns)  Path(ns)    Netlist Resource(s)
  -------------------------------------------------------------------    -------------------
                         (clock clk100_raw rise edge)
                                                      0.000     0.000 r  
    H16                                               0.000     0.000 r  sys_clk (IN)
                         net (fo=0)                   0.000     0.000    sys_clk
    H16                  IBUF (Prop_ibuf_I_O)         1.451     1.451 r  sys_clk_IBUF_inst/O
                         net (fo=1, routed)           1.285     2.736    sys_clk_IBUF
    MMCME2_ADV_X1Y2      MMCME2_ADV (Prop_mmcme2_adv_CLKIN1_CLKOUT0)
                                                     -7.759    -5.023 r  clock_manager/CLKOUT0
                         net (fo=1, routed)           2.206    -2.817    clk100_raw
    BUFGCTRL_X0Y16       BUFG (Prop_bufg_I_O)         0.101    -2.716 r  system_clock_buffer/O
                         net (fo=4896, routed)        1.970    -0.746    system_i/clk
    SLICE_X93Y113        FDRE                                         r  system_i/debug_regs_reg[0][6]/C
  -------------------------------------------------------------------    -------------------
    SLICE_X93Y113        FDRE (Prop_fdre_C_Q)         0.456    -0.290 f  system_i/debug_regs_reg[0][6]/Q
                         net (fo=3, routed)           1.206     0.916    status[6]
    SLICE_X88Y112        LUT6 (Prop_lut6_I5_O)        0.124     1.040 r  led_OBUF[0]_inst_i_3/O
                         net (fo=1, routed)           1.236     2.276    led_OBUF[0]_inst_i_3_n_6
    SLICE_X92Y117        LUT6 (Prop_lut6_I1_O)        0.124     2.400 r  led_OBUF[0]_inst_i_1/O
                         net (fo=1, routed)           3.164     5.565    led_OBUF[0]
    R14                  OBUF (Prop_obuf_I_O)         3.530     9.095 r  led_OBUF[0]_inst/O
                         net (fo=0)                   0.000     9.095    led[0]
    R14                                                               r  led[0] (OUT)
  -------------------------------------------------------------------    -------------------





Min Delay Paths
--------------------------------------------------------------------------------------
Slack:                    inf
  Source:                 system_i/cpu/picorv32_core/trap_reg/C
                            (rising edge-triggered cell FDRE clocked by clk100_raw  {rise@0.000ns fall@5.000ns period=10.000ns})
  Destination:            led[3]
                            (output port)
  Path Group:             (none)
  Path Type:              Min at Fast Process Corner
  Data Path Delay:        2.034ns  (logic 1.482ns (72.871%)  route 0.552ns (27.129%))
  Logic Levels:           1  (OBUF=1)
  Clock Uncertainty:      0.164ns  ((TSJ^2 + DJ^2)^1/2) / 2 + PE
    Total System Jitter     (TSJ):    0.050ns
    Discrete Jitter          (DJ):    0.123ns
    Phase Error              (PE):    0.097ns
  Timing Exception:       False Path

    Location             Delay type                Incr(ns)  Path(ns)    Netlist Resource(s)
  -------------------------------------------------------------------    -------------------
                         (clock clk100_raw rise edge)
                                                      0.000     0.000 r  
    H16                                               0.000     0.000 r  sys_clk (IN)
                         net (fo=0)                   0.000     0.000    sys_clk
    H16                  IBUF (Prop_ibuf_I_O)         0.219     0.219 r  sys_clk_IBUF_inst/O
                         net (fo=1, routed)           0.440     0.659    sys_clk_IBUF
    MMCME2_ADV_X1Y2      MMCME2_ADV (Prop_mmcme2_adv_CLKIN1_CLKOUT0)
                                                     -2.613    -1.954 r  clock_manager/CLKOUT0
                         net (fo=1, routed)           0.696    -1.257    clk100_raw
    BUFGCTRL_X0Y16       BUFG (Prop_bufg_I_O)         0.026    -1.231 r  system_clock_buffer/O
                         net (fo=4896, routed)        0.691    -0.540    system_i/cpu/picorv32_core/clk
    SLICE_X104Y100       FDRE                                         r  system_i/cpu/picorv32_core/trap_reg/C
  -------------------------------------------------------------------    -------------------
    SLICE_X104Y100       FDRE (Prop_fdre_C_Q)         0.148    -0.392 r  system_i/cpu/picorv32_core/trap_reg/Q
                         net (fo=8, routed)           0.552     0.160    trap
    M14                  OBUF (Prop_obuf_I_O)         1.334     1.494 r  led_OBUF[3]_inst/O
                         net (fo=0)                   0.000     1.494    led[3]
    M14                                                               r  led[3] (OUT)
  -------------------------------------------------------------------    -------------------





--------------------------------------------------------------------------------------
Path Group:  (none)
From Clock:  
  To Clock:  clk100_raw

Max Delay             4 Endpoints
Min Delay             4 Endpoints
--------------------------------------------------------------------------------------


Max Delay Paths
--------------------------------------------------------------------------------------
Slack:                    inf
  Source:                 btn0
                            (input port)
  Destination:            reset_sync_reg[0]/CLR
                            (recovery check against rising-edge clock clk100_raw  {rise@0.000ns fall@5.000ns period=10.000ns})
  Path Group:             (none)
  Path Type:              Recovery (Max at Slow Process Corner)
  Data Path Delay:        4.618ns  (logic 1.587ns (34.372%)  route 3.031ns (65.628%))
  Logic Levels:           2  (IBUF=1 LUT2=1)
  Clock Path Skew:        -1.308ns (DCD - SCD + CPR)
    Destination Clock Delay (DCD):    -1.308ns
    Source Clock Delay      (SCD):    0.000ns
    Clock Pessimism Removal (CPR):    0.000ns
  Clock Uncertainty:      0.164ns  ((TSJ^2 + DJ^2)^1/2) / 2 + PE
    Total System Jitter     (TSJ):    0.050ns
    Discrete Jitter          (DJ):    0.123ns
    Phase Error              (PE):    0.097ns
  Timing Exception:       False Path

    Location             Delay type                Incr(ns)  Path(ns)    Netlist Resource(s)
  -------------------------------------------------------------------    -------------------
    D19                                               0.000     0.000 f  btn0 (IN)
                         net (fo=0)                   0.000     0.000    btn0
    D19                  IBUF (Prop_ibuf_I_O)         1.463     1.463 f  btn0_IBUF_inst/O
                         net (fo=1, routed)           2.503     3.967    btn0_IBUF
    SLICE_X113Y101       LUT2 (Prop_lut2_I0_O)        0.124     4.091 f  reset_sync[3]_i_1/O
                         net (fo=4, routed)           0.528     4.618    reset_request
    SLICE_X112Y101       FDCE                                         f  reset_sync_reg[0]/CLR
  -------------------------------------------------------------------    -------------------

                         (clock clk100_raw rise edge)
                                                      0.000     0.000 r  
    H16                                               0.000     0.000 r  sys_clk (IN)
                         net (fo=0)                   0.000     0.000    sys_clk
    H16                  IBUF (Prop_ibuf_I_O)         1.380     1.380 r  sys_clk_IBUF_inst/O
                         net (fo=1, routed)           1.162     2.542    sys_clk_IBUF
    MMCME2_ADV_X1Y2      MMCME2_ADV (Prop_mmcme2_adv_CLKIN1_CLKOUT0)
                                                     -7.814    -5.272 r  clock_manager/CLKOUT0
                         net (fo=1, routed)           2.012    -3.260    clk100_raw
    BUFGCTRL_X0Y16       BUFG (Prop_bufg_I_O)         0.091    -3.169 r  system_clock_buffer/O
                         net (fo=4896, routed)        1.861    -1.308    clk100
    SLICE_X112Y101       FDCE                                         r  reset_sync_reg[0]/C





Min Delay Paths
--------------------------------------------------------------------------------------
Slack:                    inf
  Source:                 btn0
                            (input port)
  Destination:            reset_sync_reg[0]/CLR
                            (removal check against rising-edge clock clk100_raw  {rise@0.000ns fall@5.000ns period=10.000ns})
  Path Group:             (none)
  Path Type:              Removal (Min at Fast Process Corner)
  Data Path Delay:        1.464ns  (logic 0.276ns (18.876%)  route 1.188ns (81.124%))
  Logic Levels:           2  (IBUF=1 LUT2=1)
  Clock Path Skew:        -0.745ns (DCD - SCD - CPR)
    Destination Clock Delay (DCD):    -0.745ns
    Source Clock Delay      (SCD):    0.000ns
    Clock Pessimism Removal (CPR):    -0.000ns
  Timing Exception:       False Path

    Location             Delay type                Incr(ns)  Path(ns)    Netlist Resource(s)
  -------------------------------------------------------------------    -------------------
    D19                                               0.000     0.000 f  btn0 (IN)
                         net (fo=0)                   0.000     0.000    btn0
    D19                  IBUF (Prop_ibuf_I_O)         0.231     0.231 f  btn0_IBUF_inst/O
                         net (fo=1, routed)           1.015     1.247    btn0_IBUF
    SLICE_X113Y101       LUT2 (Prop_lut2_I0_O)        0.045     1.292 f  reset_sync[3]_i_1/O
                         net (fo=4, routed)           0.173     1.464    reset_request
    SLICE_X112Y101       FDCE                                         f  reset_sync_reg[0]/CLR
  -------------------------------------------------------------------    -------------------

                         (clock clk100_raw rise edge)
                                                      0.000     0.000 r  
    H16                                               0.000     0.000 r  sys_clk (IN)
                         net (fo=0)                   0.000     0.000    sys_clk
    H16                  IBUF (Prop_ibuf_I_O)         0.406     0.406 r  sys_clk_IBUF_inst/O
                         net (fo=1, routed)           0.480     0.886    sys_clk_IBUF
    MMCME2_ADV_X1Y2      MMCME2_ADV (Prop_mmcme2_adv_CLKIN1_CLKOUT0)
                                                     -3.407    -2.521 r  clock_manager/CLKOUT0
                         net (fo=1, routed)           0.752    -1.769    clk100_raw
    BUFGCTRL_X0Y16       BUFG (Prop_bufg_I_O)         0.029    -1.740 r  system_clock_buffer/O
                         net (fo=4896, routed)        0.995    -0.745    clk100
    SLICE_X112Y101       FDCE                                         r  reset_sync_reg[0]/C





--------------------------------------------------------------------------------------
Path Group:  (none)
From Clock:  clk100_raw
  To Clock:  clk100_raw

Max Delay           772 Endpoints
Min Delay           772 Endpoints
--------------------------------------------------------------------------------------


Max Delay Paths
--------------------------------------------------------------------------------------
Slack:                    inf
  Source:                 mlkem_polymul_pynqz2_top/mlkem_profile_vio/<hidden>/<hidden>
                            (rising edge-triggered cell FDRE clocked by clk100_raw  {rise@0.000ns fall@5.000ns period=10.000ns})
  Destination:            mlkem_polymul_pynqz2_top/mlkem_profile_vio/<hidden>/<hidden>
                            (rising edge-triggered cell FDRE clocked by clk100_raw  {rise@0.000ns fall@5.000ns period=10.000ns})
  Path Group:             (none)
  Path Type:              Setup (Max at Slow Process Corner)
  Data Path Delay:        5.296ns  (logic 0.642ns (12.122%)  route 4.654ns (87.878%))
  Logic Levels:           1  (LUT1=1)
  Clock Path Skew:        -0.573ns (DCD - SCD + CPR)
    Destination Clock Delay (DCD):    -1.391ns
    Source Clock Delay      (SCD):    -0.817ns
    Clock Pessimism Removal (CPR):    0.000ns
  Clock Uncertainty:      0.071ns  ((TSJ^2 + DJ^2)^1/2) / 2 + PE
    Total System Jitter     (TSJ):    0.071ns
    Discrete Jitter          (DJ):    0.123ns
    Phase Error              (PE):    0.000ns
  Timing Exception:       False Path

    Location             Delay type                Incr(ns)  Path(ns)    Netlist Resource(s)
  -------------------------------------------------------------------    -------------------
                         (clock clk100_raw rise edge)
                                                      0.000     0.000 r  
    H16                                               0.000     0.000 r  sys_clk (IN)
                         net (fo=0)                   0.000     0.000    sys_clk
    H16                  IBUF (Prop_ibuf_I_O)         1.451     1.451 r  sys_clk_IBUF_inst/O
                         net (fo=1, routed)           1.285     2.736    sys_clk_IBUF
    MMCME2_ADV_X1Y2      MMCME2_ADV (Prop_mmcme2_adv_CLKIN1_CLKOUT0)
                                                     -7.759    -5.023 r  clock_manager/CLKOUT0
                         net (fo=1, routed)           2.206    -2.817    clk100_raw
    BUFGCTRL_X0Y16       BUFG (Prop_bufg_I_O)         0.101    -2.716 r  system_clock_buffer/O
                         net (fo=4896, routed)        1.899    -0.817    mlkem_polymul_pynqz2_top/mlkem_profile_vio/<hidden>/<hidden>
    SLICE_X82Y128        FDRE                                         r  mlkem_polymul_pynqz2_top/mlkem_profile_vio/<hidden>/<hidden>
  -------------------------------------------------------------------    -------------------
    SLICE_X82Y128        FDRE (Prop_fdre_C_Q)         0.518    -0.299 f  mlkem_polymul_pynqz2_top/mlkem_profile_vio/<hidden>/<hidden>
                         net (fo=1, routed)           0.519     0.220    mlkem_polymul_pynqz2_top/mlkem_profile_vio/<hidden>/<hidden>
    SLICE_X82Y128        LUT1 (Prop_lut1_I0_O)        0.124     0.344 r  mlkem_polymul_pynqz2_top/mlkem_profile_vio/<hidden>/<hidden>
                         net (fo=386, routed)         4.135     4.479    mlkem_polymul_pynqz2_top/mlkem_profile_vio/<hidden>/<hidden>
    SLICE_X90Y108        FDRE                                         r  mlkem_polymul_pynqz2_top/mlkem_profile_vio/<hidden>/<hidden>
  -------------------------------------------------------------------    -------------------

                         (clock clk100_raw rise edge)
                                                      0.000     0.000 r  
    H16                                               0.000     0.000 r  sys_clk (IN)
                         net (fo=0)                   0.000     0.000    sys_clk
    H16                  IBUF (Prop_ibuf_I_O)         1.380     1.380 r  sys_clk_IBUF_inst/O
                         net (fo=1, routed)           1.162     2.542    sys_clk_IBUF
    MMCME2_ADV_X1Y2      MMCME2_ADV (Prop_mmcme2_adv_CLKIN1_CLKOUT0)
                                                     -7.814    -5.272 r  clock_manager/CLKOUT0
                         net (fo=1, routed)           2.012    -3.260    clk100_raw
    BUFGCTRL_X0Y16       BUFG (Prop_bufg_I_O)         0.091    -3.169 r  system_clock_buffer/O
                         net (fo=4896, routed)        1.778    -1.391    mlkem_polymul_pynqz2_top/mlkem_profile_vio/<hidden>/<hidden>
    SLICE_X90Y108        FDRE                                         r  mlkem_polymul_pynqz2_top/mlkem_profile_vio/<hidden>/<hidden>





Min Delay Paths
--------------------------------------------------------------------------------------
Slack:                    inf
  Source:                 mlkem_polymul_pynqz2_top/mlkem_profile_vio/<hidden>/<hidden>
                            (rising edge-triggered cell FDRE clocked by clk100_raw  {rise@0.000ns fall@5.000ns period=10.000ns})
  Destination:            mlkem_polymul_pynqz2_top/mlkem_profile_vio/<hidden>/<hidden>
                            (rising edge-triggered cell FDRE clocked by clk100_raw  {rise@0.000ns fall@5.000ns period=10.000ns})
  Path Group:             (none)
  Path Type:              Hold (Min at Slow Process Corner)
  Data Path Delay:        0.494ns  (logic 0.367ns (74.302%)  route 0.127ns (25.698%))
  Logic Levels:           0  
  Clock Path Skew:        0.645ns (DCD - SCD - CPR)
    Destination Clock Delay (DCD):    -0.814ns
    Source Clock Delay      (SCD):    -1.460ns
    Clock Pessimism Removal (CPR):    -0.000ns
  Clock Uncertainty:      0.071ns  ((TSJ^2 + DJ^2)^1/2) / 2 + PE
    Total System Jitter     (TSJ):    0.071ns
    Discrete Jitter          (DJ):    0.123ns
    Phase Error              (PE):    0.000ns
  Timing Exception:       False Path

    Location             Delay type                Incr(ns)  Path(ns)    Netlist Resource(s)
  -------------------------------------------------------------------    -------------------
                         (clock clk100_raw rise edge)
                                                      0.000     0.000 r  
    H16                                               0.000     0.000 r  sys_clk (IN)
                         net (fo=0)                   0.000     0.000    sys_clk
    H16                  IBUF (Prop_ibuf_I_O)         1.380     1.380 r  sys_clk_IBUF_inst/O
                         net (fo=1, routed)           1.162     2.542    sys_clk_IBUF
    MMCME2_ADV_X1Y2      MMCME2_ADV (Prop_mmcme2_adv_CLKIN1_CLKOUT0)
                                                     -7.814    -5.272 r  clock_manager/CLKOUT0
                         net (fo=1, routed)           2.012    -3.260    clk100_raw
    BUFGCTRL_X0Y16       BUFG (Prop_bufg_I_O)         0.091    -3.169 r  system_clock_buffer/O
                         net (fo=4896, routed)        1.709    -1.460    mlkem_polymul_pynqz2_top/mlkem_profile_vio/<hidden>/<hidden>
    SLICE_X88Y119        FDRE                                         r  mlkem_polymul_pynqz2_top/mlkem_profile_vio/<hidden>/<hidden>
  -------------------------------------------------------------------    -------------------
    SLICE_X88Y119        FDRE (Prop_fdre_C_Q)         0.367    -1.093 r  mlkem_polymul_pynqz2_top/mlkem_profile_vio/<hidden>/<hidden>
                         net (fo=1, routed)           0.127    -0.966    mlkem_polymul_pynqz2_top/mlkem_profile_vio/<hidden>/<hidden>
    SLICE_X89Y119        FDRE                                         r  mlkem_polymul_pynqz2_top/mlkem_profile_vio/<hidden>/<hidden>
  -------------------------------------------------------------------    -------------------

                         (clock clk100_raw rise edge)
                                                      0.000     0.000 r  
    H16                                               0.000     0.000 r  sys_clk (IN)
                         net (fo=0)                   0.000     0.000    sys_clk
    H16                  IBUF (Prop_ibuf_I_O)         1.451     1.451 r  sys_clk_IBUF_inst/O
                         net (fo=1, routed)           1.285     2.736    sys_clk_IBUF
    MMCME2_ADV_X1Y2      MMCME2_ADV (Prop_mmcme2_adv_CLKIN1_CLKOUT0)
                                                     -7.759    -5.023 r  clock_manager/CLKOUT0
                         net (fo=1, routed)           2.206    -2.817    clk100_raw
    BUFGCTRL_X0Y16       BUFG (Prop_bufg_I_O)         0.101    -2.716 r  system_clock_buffer/O
                         net (fo=4896, routed)        1.902    -0.814    mlkem_polymul_pynqz2_top/mlkem_profile_vio/<hidden>/<hidden>
    SLICE_X89Y119        FDRE                                         r  mlkem_polymul_pynqz2_top/mlkem_profile_vio/<hidden>/<hidden>





--------------------------------------------------------------------------------------
Path Group:  (none)
From Clock:  dbg_hub/inst/BSCANID.u_xsdbm_id/SWITCH_N_EXT_BSCAN.bscan_inst/SERIES7_BSCAN.bscan_inst/TCK
  To Clock:  clk100_raw

Max Delay            78 Endpoints
Min Delay            86 Endpoints
--------------------------------------------------------------------------------------


Max Delay Paths
--------------------------------------------------------------------------------------
Slack:                    inf
  Source:                 dbg_hub/inst/BSCANID.u_xsdbm_id/CORE_XSDB.UUT_MASTER/U_ICON_INTERFACE/U_CMD6_WR/U_WR_FIFO/SUBCORE_FIFO.xsdbm_v3_0_5_wrfifo_inst/inst_fifo_gen/gconvfifo.rf/grf.rf/gntv_or_sync_fifo.mem/gdm.dm_gen.dm/RAM_reg_0_15_0_5/RAMC/CLK
                            (rising edge-triggered cell RAMD32 clocked by dbg_hub/inst/BSCANID.u_xsdbm_id/SWITCH_N_EXT_BSCAN.bscan_inst/SERIES7_BSCAN.bscan_inst/TCK  {rise@0.000ns fall@16.500ns period=33.000ns})
  Destination:            dbg_hub/inst/BSCANID.u_xsdbm_id/CORE_XSDB.UUT_MASTER/U_ICON_INTERFACE/U_CMD6_WR/U_WR_FIFO/SUBCORE_FIFO.xsdbm_v3_0_5_wrfifo_inst/inst_fifo_gen/gconvfifo.rf/grf.rf/gntv_or_sync_fifo.mem/gdm.dm_gen.dm/gpr1.dout_i_reg[4]/D
                            (rising edge-triggered cell FDRE clocked by clk100_raw  {rise@0.000ns fall@5.000ns period=10.000ns})
  Path Group:             (none)
  Path Type:              Setup (Max at Slow Process Corner)
  Data Path Delay:        1.967ns  (logic 1.336ns (67.911%)  route 0.631ns (32.089%))
  Logic Levels:           0  
  Clock Path Skew:        -5.767ns (DCD - SCD + CPR)
    Destination Clock Delay (DCD):    -1.468ns
    Source Clock Delay      (SCD):    4.299ns
    Clock Pessimism Removal (CPR):    0.000ns
  Clock Uncertainty:      0.168ns  ((TSJ^2 + DJ^2)^1/2) / 2 + PE
    Total System Jitter     (TSJ):    0.071ns
    Discrete Jitter          (DJ):    0.123ns
    Phase Error              (PE):    0.097ns
  Timing Exception:       False Path

    Location             Delay type                Incr(ns)  Path(ns)    Netlist Resource(s)
  -------------------------------------------------------------------    -------------------
                         (clock dbg_hub/inst/BSCANID.u_xsdbm_id/SWITCH_N_EXT_BSCAN.bscan_inst/SERIES7_BSCAN.bscan_inst/TCK rise edge)
                                                      0.000     0.000 r  
    BSCAN_X0Y0           BSCANE2                      0.000     0.000 r  dbg_hub/inst/BSCANID.u_xsdbm_id/SWITCH_N_EXT_BSCAN.bscan_inst/SERIES7_BSCAN.bscan_inst/TCK
                         net (fo=1, routed)           2.306     2.306    dbg_hub/inst/BSCANID.u_xsdbm_id/tck_bs
    BUFGCTRL_X0Y0        BUFG (Prop_bufg_I_O)         0.101     2.407 r  dbg_hub/inst/BSCANID.u_xsdbm_id/SWITCH_N_EXT_BSCAN.u_bufg_icon_tck/O
                         net (fo=482, routed)         1.892     4.299    dbg_hub/inst/BSCANID.u_xsdbm_id/CORE_XSDB.UUT_MASTER/U_ICON_INTERFACE/U_CMD6_WR/U_WR_FIFO/SUBCORE_FIFO.xsdbm_v3_0_5_wrfifo_inst/inst_fifo_gen/gconvfifo.rf/grf.rf/gntv_or_sync_fifo.mem/gdm.dm_gen.dm/RAM_reg_0_15_0_5/WCLK
    SLICE_X62Y122        RAMD32                                       r  dbg_hub/inst/BSCANID.u_xsdbm_id/CORE_XSDB.UUT_MASTER/U_ICON_INTERFACE/U_CMD6_WR/U_WR_FIFO/SUBCORE_FIFO.xsdbm_v3_0_5_wrfifo_inst/inst_fifo_gen/gconvfifo.rf/grf.rf/gntv_or_sync_fifo.mem/gdm.dm_gen.dm/RAM_reg_0_15_0_5/RAMC/CLK
  -------------------------------------------------------------------    -------------------
    SLICE_X62Y122        RAMD32 (Prop_ramd32_CLK_O)
                                                      1.336     5.635 r  dbg_hub/inst/BSCANID.u_xsdbm_id/CORE_XSDB.UUT_MASTER/U_ICON_INTERFACE/U_CMD6_WR/U_WR_FIFO/SUBCORE_FIFO.xsdbm_v3_0_5_wrfifo_inst/inst_fifo_gen/gconvfifo.rf/grf.rf/gntv_or_sync_fifo.mem/gdm.dm_gen.dm/RAM_reg_0_15_0_5/RAMC/O
                         net (fo=1, routed)           0.631     6.266    dbg_hub/inst/BSCANID.u_xsdbm_id/CORE_XSDB.UUT_MASTER/U_ICON_INTERFACE/U_CMD6_WR/U_WR_FIFO/SUBCORE_FIFO.xsdbm_v3_0_5_wrfifo_inst/inst_fifo_gen/gconvfifo.rf/grf.rf/gntv_or_sync_fifo.mem/gdm.dm_gen.dm/dout_i0[4]
    SLICE_X67Y122        FDRE                                         r  dbg_hub/inst/BSCANID.u_xsdbm_id/CORE_XSDB.UUT_MASTER/U_ICON_INTERFACE/U_CMD6_WR/U_WR_FIFO/SUBCORE_FIFO.xsdbm_v3_0_5_wrfifo_inst/inst_fifo_gen/gconvfifo.rf/grf.rf/gntv_or_sync_fifo.mem/gdm.dm_gen.dm/gpr1.dout_i_reg[4]/D
  -------------------------------------------------------------------    -------------------

                         (clock clk100_raw rise edge)
                                                      0.000     0.000 r  
    H16                                               0.000     0.000 r  sys_clk (IN)
                         net (fo=0)                   0.000     0.000    sys_clk
    H16                  IBUF (Prop_ibuf_I_O)         1.380     1.380 r  sys_clk_IBUF_inst/O
                         net (fo=1, routed)           1.162     2.542    sys_clk_IBUF
    MMCME2_ADV_X1Y2      MMCME2_ADV (Prop_mmcme2_adv_CLKIN1_CLKOUT0)
                                                     -7.814    -5.272 r  clock_manager/CLKOUT0
                         net (fo=1, routed)           2.012    -3.260    clk100_raw
    BUFGCTRL_X0Y16       BUFG (Prop_bufg_I_O)         0.091    -3.169 r  system_clock_buffer/O
                         net (fo=4896, routed)        1.701    -1.468    dbg_hub/inst/BSCANID.u_xsdbm_id/CORE_XSDB.UUT_MASTER/U_ICON_INTERFACE/U_CMD6_WR/U_WR_FIFO/SUBCORE_FIFO.xsdbm_v3_0_5_wrfifo_inst/inst_fifo_gen/gconvfifo.rf/grf.rf/gntv_or_sync_fifo.mem/gdm.dm_gen.dm/rd_clk
    SLICE_X67Y122        FDRE                                         r  dbg_hub/inst/BSCANID.u_xsdbm_id/CORE_XSDB.UUT_MASTER/U_ICON_INTERFACE/U_CMD6_WR/U_WR_FIFO/SUBCORE_FIFO.xsdbm_v3_0_5_wrfifo_inst/inst_fifo_gen/gconvfifo.rf/grf.rf/gntv_or_sync_fifo.mem/gdm.dm_gen.dm/gpr1.dout_i_reg[4]/C





Min Delay Paths
--------------------------------------------------------------------------------------
Slack:                    inf
  Source:                 dbg_hub/inst/BSCANID.u_xsdbm_id/CORE_XSDB.UUT_MASTER/U_ICON_INTERFACE/U_CMD4/shift_reg_in_reg[26]/C
                            (rising edge-triggered cell FDRE clocked by dbg_hub/inst/BSCANID.u_xsdbm_id/SWITCH_N_EXT_BSCAN.bscan_inst/SERIES7_BSCAN.bscan_inst/TCK  {rise@0.000ns fall@16.500ns period=33.000ns})
  Destination:            dbg_hub/inst/BSCANID.u_xsdbm_id/CORE_XSDB.UUT_MASTER/U_ICON_INTERFACE/U_CMD4/ctl_reg_reg[26]/D
                            (rising edge-triggered cell FDRE clocked by clk100_raw  {rise@0.000ns fall@5.000ns period=10.000ns})
  Path Group:             (none)
  Path Type:              Hold (Min at Fast Process Corner)
  Data Path Delay:        0.201ns  (logic 0.128ns (63.635%)  route 0.073ns (36.365%))
  Logic Levels:           0  
  Clock Path Skew:        -2.526ns (DCD - SCD - CPR)
    Destination Clock Delay (DCD):    -0.846ns
    Source Clock Delay      (SCD):    1.680ns
    Clock Pessimism Removal (CPR):    -0.000ns
  Clock Uncertainty:      0.168ns  ((TSJ^2 + DJ^2)^1/2) / 2 + PE
    Total System Jitter     (TSJ):    0.071ns
    Discrete Jitter          (DJ):    0.123ns
    Phase Error              (PE):    0.097ns
  Timing Exception:       False Path

    Location             Delay type                Incr(ns)  Path(ns)    Netlist Resource(s)
  -------------------------------------------------------------------    -------------------
                         (clock dbg_hub/inst/BSCANID.u_xsdbm_id/SWITCH_N_EXT_BSCAN.bscan_inst/SERIES7_BSCAN.bscan_inst/TCK rise edge)
                                                      0.000     0.000 r  
    BSCAN_X0Y0           BSCANE2                      0.000     0.000 r  dbg_hub/inst/BSCANID.u_xsdbm_id/SWITCH_N_EXT_BSCAN.bscan_inst/SERIES7_BSCAN.bscan_inst/TCK
                         net (fo=1, routed)           1.028     1.028    dbg_hub/inst/BSCANID.u_xsdbm_id/tck_bs
    BUFGCTRL_X0Y0        BUFG (Prop_bufg_I_O)         0.026     1.054 r  dbg_hub/inst/BSCANID.u_xsdbm_id/SWITCH_N_EXT_BSCAN.u_bufg_icon_tck/O
                         net (fo=482, routed)         0.626     1.680    dbg_hub/inst/BSCANID.u_xsdbm_id/CORE_XSDB.UUT_MASTER/U_ICON_INTERFACE/U_CMD4/m_bscan_tck[0]
    SLICE_X53Y121        FDRE                                         r  dbg_hub/inst/BSCANID.u_xsdbm_id/CORE_XSDB.UUT_MASTER/U_ICON_INTERFACE/U_CMD4/shift_reg_in_reg[26]/C
  -------------------------------------------------------------------    -------------------
    SLICE_X53Y121        FDRE (Prop_fdre_C_Q)         0.128     1.808 r  dbg_hub/inst/BSCANID.u_xsdbm_id/CORE_XSDB.UUT_MASTER/U_ICON_INTERFACE/U_CMD4/shift_reg_in_reg[26]/Q
                         net (fo=2, routed)           0.073     1.881    dbg_hub/inst/BSCANID.u_xsdbm_id/CORE_XSDB.UUT_MASTER/U_ICON_INTERFACE/U_CMD4/shift_reg_in[26]
    SLICE_X52Y121        FDRE                                         r  dbg_hub/inst/BSCANID.u_xsdbm_id/CORE_XSDB.UUT_MASTER/U_ICON_INTERFACE/U_CMD4/ctl_reg_reg[26]/D
  -------------------------------------------------------------------    -------------------

                         (clock clk100_raw rise edge)
                                                      0.000     0.000 r  
    H16                                               0.000     0.000 r  sys_clk (IN)
                         net (fo=0)                   0.000     0.000    sys_clk
    H16                  IBUF (Prop_ibuf_I_O)         0.406     0.406 r  sys_clk_IBUF_inst/O
                         net (fo=1, routed)           0.480     0.886    sys_clk_IBUF
    MMCME2_ADV_X1Y2      MMCME2_ADV (Prop_mmcme2_adv_CLKIN1_CLKOUT0)
                                                     -3.407    -2.521 r  clock_manager/CLKOUT0
                         net (fo=1, routed)           0.752    -1.769    clk100_raw
    BUFGCTRL_X0Y16       BUFG (Prop_bufg_I_O)         0.029    -1.740 r  system_clock_buffer/O
                         net (fo=4896, routed)        0.894    -0.846    dbg_hub/inst/BSCANID.u_xsdbm_id/CORE_XSDB.UUT_MASTER/U_ICON_INTERFACE/U_CMD4/clk
    SLICE_X52Y121        FDRE                                         r  dbg_hub/inst/BSCANID.u_xsdbm_id/CORE_XSDB.UUT_MASTER/U_ICON_INTERFACE/U_CMD4/ctl_reg_reg[26]/C





--------------------------------------------------------------------------------------
Path Group:  (none)
From Clock:  clk100_raw
  To Clock:  dbg_hub/inst/BSCANID.u_xsdbm_id/SWITCH_N_EXT_BSCAN.bscan_inst/SERIES7_BSCAN.bscan_inst/TCK

Max Delay            94 Endpoints
Min Delay           102 Endpoints
--------------------------------------------------------------------------------------


Max Delay Paths
--------------------------------------------------------------------------------------
Slack:                    inf
  Source:                 dbg_hub/inst/BSCANID.u_xsdbm_id/CORE_XSDB.UUT_MASTER/U_ICON_INTERFACE/U_CMD1/ctl_reg_reg[0]/C
                            (rising edge-triggered cell FDRE clocked by clk100_raw  {rise@0.000ns fall@5.000ns period=10.000ns})
  Destination:            dbg_hub/inst/BSCANID.u_xsdbm_id/CORE_XSDB.UUT_MASTER/U_ICON_INTERFACE/U_CMD4/shift_reg_in_reg[12]/R
                            (rising edge-triggered cell FDRE clocked by dbg_hub/inst/BSCANID.u_xsdbm_id/SWITCH_N_EXT_BSCAN.bscan_inst/SERIES7_BSCAN.bscan_inst/TCK  {rise@0.000ns fall@16.500ns period=33.000ns})
  Path Group:             (none)
  Path Type:              Setup (Max at Slow Process Corner)
  Data Path Delay:        2.834ns  (logic 0.456ns (16.092%)  route 2.378ns (83.908%))
  Logic Levels:           0  
  Clock Path Skew:        4.539ns (DCD - SCD + CPR)
    Destination Clock Delay (DCD):    3.714ns
    Source Clock Delay      (SCD):    -0.825ns
    Clock Pessimism Removal (CPR):    0.000ns
  Clock Uncertainty:      0.168ns  ((TSJ^2 + DJ^2)^1/2) / 2 + PE
    Total System Jitter     (TSJ):    0.071ns
    Discrete Jitter          (DJ):    0.123ns
    Phase Error              (PE):    0.097ns
  Timing Exception:       False Path

    Location             Delay type                Incr(ns)  Path(ns)    Netlist Resource(s)
  -------------------------------------------------------------------    -------------------
                         (clock clk100_raw rise edge)
                                                      0.000     0.000 r  
    H16                                               0.000     0.000 r  sys_clk (IN)
                         net (fo=0)                   0.000     0.000    sys_clk
    H16                  IBUF (Prop_ibuf_I_O)         1.451     1.451 r  sys_clk_IBUF_inst/O
                         net (fo=1, routed)           1.285     2.736    sys_clk_IBUF
    MMCME2_ADV_X1Y2      MMCME2_ADV (Prop_mmcme2_adv_CLKIN1_CLKOUT0)
                                                     -7.759    -5.023 r  clock_manager/CLKOUT0
                         net (fo=1, routed)           2.206    -2.817    clk100_raw
    BUFGCTRL_X0Y16       BUFG (Prop_bufg_I_O)         0.101    -2.716 r  system_clock_buffer/O
                         net (fo=4896, routed)        1.891    -0.825    dbg_hub/inst/BSCANID.u_xsdbm_id/CORE_XSDB.UUT_MASTER/U_ICON_INTERFACE/U_CMD1/clk
    SLICE_X59Y129        FDRE                                         r  dbg_hub/inst/BSCANID.u_xsdbm_id/CORE_XSDB.UUT_MASTER/U_ICON_INTERFACE/U_CMD1/ctl_reg_reg[0]/C
  -------------------------------------------------------------------    -------------------
    SLICE_X59Y129        FDRE (Prop_fdre_C_Q)         0.456    -0.369 r  dbg_hub/inst/BSCANID.u_xsdbm_id/CORE_XSDB.UUT_MASTER/U_ICON_INTERFACE/U_CMD1/ctl_reg_reg[0]/Q
                         net (fo=176, routed)         2.378     2.008    dbg_hub/inst/BSCANID.u_xsdbm_id/CORE_XSDB.UUT_MASTER/U_ICON_INTERFACE/U_CMD4/SR[0]
    SLICE_X53Y122        FDRE                                         r  dbg_hub/inst/BSCANID.u_xsdbm_id/CORE_XSDB.UUT_MASTER/U_ICON_INTERFACE/U_CMD4/shift_reg_in_reg[12]/R
  -------------------------------------------------------------------    -------------------

                         (clock dbg_hub/inst/BSCANID.u_xsdbm_id/SWITCH_N_EXT_BSCAN.bscan_inst/SERIES7_BSCAN.bscan_inst/TCK rise edge)
                                                      0.000     0.000 r  
    BSCAN_X0Y0           BSCANE2                      0.000     0.000 r  dbg_hub/inst/BSCANID.u_xsdbm_id/SWITCH_N_EXT_BSCAN.bscan_inst/SERIES7_BSCAN.bscan_inst/TCK
                         net (fo=1, routed)           1.994     1.994    dbg_hub/inst/BSCANID.u_xsdbm_id/tck_bs
    BUFGCTRL_X0Y0        BUFG (Prop_bufg_I_O)         0.091     2.085 r  dbg_hub/inst/BSCANID.u_xsdbm_id/SWITCH_N_EXT_BSCAN.u_bufg_icon_tck/O
                         net (fo=482, routed)         1.629     3.714    dbg_hub/inst/BSCANID.u_xsdbm_id/CORE_XSDB.UUT_MASTER/U_ICON_INTERFACE/U_CMD4/m_bscan_tck[0]
    SLICE_X53Y122        FDRE                                         r  dbg_hub/inst/BSCANID.u_xsdbm_id/CORE_XSDB.UUT_MASTER/U_ICON_INTERFACE/U_CMD4/shift_reg_in_reg[12]/C





Min Delay Paths
--------------------------------------------------------------------------------------
Slack:                    inf
  Source:                 dbg_hub/inst/BSCANID.u_xsdbm_id/CORE_XSDB.UUT_MASTER/U_ICON_INTERFACE/U_CMD2/stat_reg_reg[0]/C
                            (rising edge-triggered cell FDRE clocked by clk100_raw  {rise@0.000ns fall@5.000ns period=10.000ns})
  Destination:            dbg_hub/inst/BSCANID.u_xsdbm_id/CORE_XSDB.UUT_MASTER/U_ICON_INTERFACE/U_CMD2/stat_reg_1_reg[0]/D
                            (rising edge-triggered cell FDRE clocked by dbg_hub/inst/BSCANID.u_xsdbm_id/SWITCH_N_EXT_BSCAN.bscan_inst/SERIES7_BSCAN.bscan_inst/TCK  {rise@0.000ns fall@16.500ns period=33.000ns})
  Path Group:             (none)
  Path Type:              Hold (Min at Slow Process Corner)
  Data Path Delay:        0.622ns  (logic 0.337ns (54.139%)  route 0.285ns (45.861%))
  Logic Levels:           0  
  Clock Path Skew:        5.771ns (DCD - SCD - CPR)
    Destination Clock Delay (DCD):    4.302ns
    Source Clock Delay      (SCD):    -1.469ns
    Clock Pessimism Removal (CPR):    -0.000ns
  Clock Uncertainty:      0.168ns  ((TSJ^2 + DJ^2)^1/2) / 2 + PE
    Total System Jitter     (TSJ):    0.071ns
    Discrete Jitter          (DJ):    0.123ns
    Phase Error              (PE):    0.097ns
  Timing Exception:       False Path

    Location             Delay type                Incr(ns)  Path(ns)    Netlist Resource(s)
  -------------------------------------------------------------------    -------------------
                         (clock clk100_raw rise edge)
                                                      0.000     0.000 r  
    H16                                               0.000     0.000 r  sys_clk (IN)
                         net (fo=0)                   0.000     0.000    sys_clk
    H16                  IBUF (Prop_ibuf_I_O)         1.380     1.380 r  sys_clk_IBUF_inst/O
                         net (fo=1, routed)           1.162     2.542    sys_clk_IBUF
    MMCME2_ADV_X1Y2      MMCME2_ADV (Prop_mmcme2_adv_CLKIN1_CLKOUT0)
                                                     -7.814    -5.272 r  clock_manager/CLKOUT0
                         net (fo=1, routed)           2.012    -3.260    clk100_raw
    BUFGCTRL_X0Y16       BUFG (Prop_bufg_I_O)         0.091    -3.169 r  system_clock_buffer/O
                         net (fo=4896, routed)        1.700    -1.469    dbg_hub/inst/BSCANID.u_xsdbm_id/CORE_XSDB.UUT_MASTER/U_ICON_INTERFACE/U_CMD2/clk
    SLICE_X56Y129        FDRE                                         r  dbg_hub/inst/BSCANID.u_xsdbm_id/CORE_XSDB.UUT_MASTER/U_ICON_INTERFACE/U_CMD2/stat_reg_reg[0]/C
  -------------------------------------------------------------------    -------------------
    SLICE_X56Y129        FDRE (Prop_fdre_C_Q)         0.337    -1.132 r  dbg_hub/inst/BSCANID.u_xsdbm_id/CORE_XSDB.UUT_MASTER/U_ICON_INTERFACE/U_CMD2/stat_reg_reg[0]/Q
                         net (fo=1, routed)           0.285    -0.846    dbg_hub/inst/BSCANID.u_xsdbm_id/CORE_XSDB.UUT_MASTER/U_ICON_INTERFACE/U_CMD2/stat_reg[0]
    SLICE_X56Y130        FDRE                                         r  dbg_hub/inst/BSCANID.u_xsdbm_id/CORE_XSDB.UUT_MASTER/U_ICON_INTERFACE/U_CMD2/stat_reg_1_reg[0]/D
  -------------------------------------------------------------------    -------------------

                         (clock dbg_hub/inst/BSCANID.u_xsdbm_id/SWITCH_N_EXT_BSCAN.bscan_inst/SERIES7_BSCAN.bscan_inst/TCK rise edge)
                                                      0.000     0.000 r  
    BSCAN_X0Y0           BSCANE2                      0.000     0.000 r  dbg_hub/inst/BSCANID.u_xsdbm_id/SWITCH_N_EXT_BSCAN.bscan_inst/SERIES7_BSCAN.bscan_inst/TCK
                         net (fo=1, routed)           2.306     2.306    dbg_hub/inst/BSCANID.u_xsdbm_id/tck_bs
    BUFGCTRL_X0Y0        BUFG (Prop_bufg_I_O)         0.101     2.407 r  dbg_hub/inst/BSCANID.u_xsdbm_id/SWITCH_N_EXT_BSCAN.u_bufg_icon_tck/O
                         net (fo=482, routed)         1.895     4.302    dbg_hub/inst/BSCANID.u_xsdbm_id/CORE_XSDB.UUT_MASTER/U_ICON_INTERFACE/U_CMD2/m_bscan_tck[0]
    SLICE_X56Y130        FDRE                                         r  dbg_hub/inst/BSCANID.u_xsdbm_id/CORE_XSDB.UUT_MASTER/U_ICON_INTERFACE/U_CMD2/stat_reg_1_reg[0]/C





--------------------------------------------------------------------------------------
Path Group:  (none)
From Clock:  
  To Clock:  dbg_hub/inst/BSCANID.u_xsdbm_id/SWITCH_N_EXT_BSCAN.bscan_inst/SERIES7_BSCAN.bscan_inst/TCK

Max Delay           257 Endpoints
Min Delay           257 Endpoints
--------------------------------------------------------------------------------------


Max Delay Paths
--------------------------------------------------------------------------------------
Slack:                    inf
  Source:                 dbg_hub/inst/BSCANID.u_xsdbm_id/SWITCH_N_EXT_BSCAN.bscan_inst/SERIES7_BSCAN.bscan_inst/SHIFT
                            (internal pin)
  Destination:            dbg_hub/inst/BSCANID.u_xsdbm_id/CORE_XSDB.U_ICON/U_STAT/iSTAT_CNT_reg[0]/R
                            (rising edge-triggered cell FDRE clocked by dbg_hub/inst/BSCANID.u_xsdbm_id/SWITCH_N_EXT_BSCAN.bscan_inst/SERIES7_BSCAN.bscan_inst/TCK  {rise@0.000ns fall@16.500ns period=33.000ns})
  Path Group:             (none)
  Path Type:              Setup (Max at Slow Process Corner)
  Data Path Delay:        6.805ns  (logic 0.636ns (9.346%)  route 6.169ns (90.654%))
  Logic Levels:           3  (LUT4=1 LUT5=2)
  Clock Uncertainty:      0.025ns  ((TSJ^2 + TIJ^2)^1/2 + DJ) / 2 + PE
    Total System Jitter     (TSJ):    0.050ns
    Total Input Jitter      (TIJ):    0.000ns
    Discrete Jitter          (DJ):    0.000ns
    Phase Error              (PE):    0.000ns

    Location             Delay type                Incr(ns)  Path(ns)    Netlist Resource(s)
  -------------------------------------------------------------------    -------------------
    BSCAN_X0Y0           BSCANE2                      0.000     0.000 f  dbg_hub/inst/BSCANID.u_xsdbm_id/SWITCH_N_EXT_BSCAN.bscan_inst/SERIES7_BSCAN.bscan_inst/SHIFT
                         net (fo=37, routed)          4.009     4.009    dbg_hub/inst/BSCANID.u_xsdbm_id/SWITCH_N_EXT_BSCAN.bscan_switch/s_bscan_shift
    SLICE_X57Y133        LUT5 (Prop_lut5_I4_O)        0.124     4.133 f  dbg_hub/inst/BSCANID.u_xsdbm_id/SWITCH_N_EXT_BSCAN.bscan_switch/m_bscan_shift[0]_INST_0/O
                         net (fo=4, routed)           0.816     4.949    dbg_hub/inst/BSCANID.u_xsdbm_id/CORE_XSDB.U_ICON/U_CMD/icn_cmd_en_reg[7]
    SLICE_X57Y132        LUT4 (Prop_lut4_I1_O)        0.152     5.101 f  dbg_hub/inst/BSCANID.u_xsdbm_id/CORE_XSDB.U_ICON/U_CMD/iSTAT_CNT[5]_i_4/O
                         net (fo=1, routed)           0.802     5.903    dbg_hub/inst/BSCANID.u_xsdbm_id/CORE_XSDB.U_ICON/U_CMD/iSTAT_CNT[5]_i_4_n_0
    SLICE_X56Y132        LUT5 (Prop_lut5_I4_O)        0.360     6.263 r  dbg_hub/inst/BSCANID.u_xsdbm_id/CORE_XSDB.U_ICON/U_CMD/iSTAT_CNT[5]_i_1/O
                         net (fo=6, routed)           0.542     6.805    dbg_hub/inst/BSCANID.u_xsdbm_id/CORE_XSDB.U_ICON/U_STAT/SR[0]
    SLICE_X55Y132        FDRE                                         r  dbg_hub/inst/BSCANID.u_xsdbm_id/CORE_XSDB.U_ICON/U_STAT/iSTAT_CNT_reg[0]/R
  -------------------------------------------------------------------    -------------------

                         (clock dbg_hub/inst/BSCANID.u_xsdbm_id/SWITCH_N_EXT_BSCAN.bscan_inst/SERIES7_BSCAN.bscan_inst/TCK rise edge)
                                                      0.000     0.000 r  
    BSCAN_X0Y0           BSCANE2                      0.000     0.000 r  dbg_hub/inst/BSCANID.u_xsdbm_id/SWITCH_N_EXT_BSCAN.bscan_inst/SERIES7_BSCAN.bscan_inst/TCK
                         net (fo=1, routed)           1.994     1.994    dbg_hub/inst/BSCANID.u_xsdbm_id/tck_bs
    BUFGCTRL_X0Y0        BUFG (Prop_bufg_I_O)         0.091     2.085 r  dbg_hub/inst/BSCANID.u_xsdbm_id/SWITCH_N_EXT_BSCAN.u_bufg_icon_tck/O
                         net (fo=482, routed)         1.705     3.790    dbg_hub/inst/BSCANID.u_xsdbm_id/CORE_XSDB.U_ICON/U_STAT/m_bscan_tck[0]
    SLICE_X55Y132        FDRE                                         r  dbg_hub/inst/BSCANID.u_xsdbm_id/CORE_XSDB.U_ICON/U_STAT/iSTAT_CNT_reg[0]/C





Min Delay Paths
--------------------------------------------------------------------------------------
Slack:                    inf
  Source:                 dbg_hub/inst/BSCANID.u_xsdbm_id/SWITCH_N_EXT_BSCAN.bscan_inst/SERIES7_BSCAN.bscan_inst/TDI
                            (internal pin)
  Destination:            dbg_hub/inst/BSCANID.u_xsdbm_id/CORE_XSDB.U_ICON/iTDI_reg_reg/D
                            (rising edge-triggered cell FDRE clocked by dbg_hub/inst/BSCANID.u_xsdbm_id/SWITCH_N_EXT_BSCAN.bscan_inst/SERIES7_BSCAN.bscan_inst/TCK  {rise@0.000ns fall@16.500ns period=33.000ns})
  Path Group:             (none)
  Path Type:              Hold (Min at Fast Process Corner)
  Data Path Delay:        0.960ns  (logic 0.000ns (0.000%)  route 0.960ns (100.000%))
  Logic Levels:           0  
  Clock Uncertainty:      0.025ns  ((TSJ^2 + TIJ^2)^1/2 + DJ) / 2 + PE
    Total System Jitter     (TSJ):    0.050ns
    Total Input Jitter      (TIJ):    0.000ns
    Discrete Jitter          (DJ):    0.000ns
    Phase Error              (PE):    0.000ns

    Location             Delay type                Incr(ns)  Path(ns)    Netlist Resource(s)
  -------------------------------------------------------------------    -------------------
    BSCAN_X0Y0           BSCANE2                      0.000     0.000 r  dbg_hub/inst/BSCANID.u_xsdbm_id/SWITCH_N_EXT_BSCAN.bscan_inst/SERIES7_BSCAN.bscan_inst/TDI
                         net (fo=4, routed)           0.960     0.960    dbg_hub/inst/BSCANID.u_xsdbm_id/CORE_XSDB.U_ICON/out
    SLICE_X58Y132        FDRE                                         r  dbg_hub/inst/BSCANID.u_xsdbm_id/CORE_XSDB.U_ICON/iTDI_reg_reg/D
  -------------------------------------------------------------------    -------------------

                         (clock dbg_hub/inst/BSCANID.u_xsdbm_id/SWITCH_N_EXT_BSCAN.bscan_inst/SERIES7_BSCAN.bscan_inst/TCK rise edge)
                                                      0.000     0.000 r  
    BSCAN_X0Y0           BSCANE2                      0.000     0.000 r  dbg_hub/inst/BSCANID.u_xsdbm_id/SWITCH_N_EXT_BSCAN.bscan_inst/SERIES7_BSCAN.bscan_inst/TCK
                         net (fo=1, routed)           1.160     1.160    dbg_hub/inst/BSCANID.u_xsdbm_id/tck_bs
    BUFGCTRL_X0Y0        BUFG (Prop_bufg_I_O)         0.029     1.189 r  dbg_hub/inst/BSCANID.u_xsdbm_id/SWITCH_N_EXT_BSCAN.u_bufg_icon_tck/O
                         net (fo=482, routed)         0.927     2.116    dbg_hub/inst/BSCANID.u_xsdbm_id/CORE_XSDB.U_ICON/m_bscan_tck[0]
    SLICE_X58Y132        FDRE                                         r  dbg_hub/inst/BSCANID.u_xsdbm_id/CORE_XSDB.U_ICON/iTDI_reg_reg/C





