3254414b
00000001
00000200
00000091
00009784
00000000
00000000
00000000
00000000
00000001
0000002a
00000001
00000001
00000001
00000020
00000020
00000000
00000320
00000660
00000000
4793b847
92ba7246
e42eb1e4
5329b34f
03858eaf
1d47fbb5
8afb1416
0a661a02
9eb38c1f
45bc309e
40c50d8a
18b18488
0117b27f
fa60f78d
03773157
a9a044b8
00000001
00000002
0000002a
00000001
00000001
00000002
00000320
00000020
00000000
00000300
00000020
00000000
9b12e517
28f32920
62d68719
4cb62547
ca8dcf51
2b376235
15aeb7ac
f62f9ffa
9b6547ab
615b307d
13575ff5
aa69ff15
8138e149
659a3100
9bc5860e
3d4c02a3
aad483ec
451c66ab
a8b66c2f
138c63d2
4590593c
8fcc9c32
68247d67
6e14f13d
8c31c7e1
7aa46337
031af8cf
ac9b7b92
28dc495a
04e24e5c
bb2dd7c4
53fe971c
21e622c6
fc698633
0ae3c1fa
76a9f036
a42bbb9b
e67e7808
83c3ce29
abaa9af2
13226ed4
089c333f
c4829be2
670faffa
042b1c6e
dc757937
64243b3a
63d1ed88
cdab586c
8b19b865
47a8a86f
da41f55e
db5a4bf3
9d58b09d
2ab65889
eb0e9388
2b350c1c
78bc571e
fa9ec882
81578431
b9552b3f
f7e78168
73c93d5c
541e6857
99e03a55
8bc35a09
9901c034
c4022695
cff1c081
ce50b574
586c4f7c
76f0af76
421992dd
177e37db
6f30f049
2f3a4477
58788d05
2be3c754
cb9bf467
8ae1a599
647c60ab
4d2b899b
f37acca7
9f145715
6094b102
05e549fb
ad51721a
dc3c08e0
a90c0b1b
c2203263
fa32c5b3
c60dbc2c
45d4fccf
d005005e
27c7af6c
5c3778c7
61c47ab6
657a62b3
ae3b843c
c766f8ae
264677f6
65d7f62f
895c2536
2c175a04
3d12aabf
563eca6e
432f92fc
8df7147a
b354db1a
d58d4ee5
850b4530
545ae100
cb7174c9
7343ab26
82024894
787a6bba
7b85286c
257738af
b44243bb
cbe4abc3
b01206f9
15dc8b4c
c6d4c299
a1b1806b
04401494
beaa420a
b0cce103
800719b4
b63b60b6
b099c19e
ea6b8263
887c44a5
d76b7c42
64416ea0
55b990a4
b8792915
1794bcf5
1bf08a59
771537cc
75179e18
10965b16
ee5af7b9
8b0177a2
39042c1c
f3b61511
cbeeaf53
40aa18aa
fc94db01
ea465fdc
36980e52
76455abc
fc598cb5
4963753f
1bccd846
93ce8110
6356a8ab
32931604
4b6d31fa
86a075a6
799387ad
4a1e5163
38ea4518
4e569b68
72562911
1df08c09
03ab4b5d
28111238
48b082a6
b831aae6
86ff653c
1030121e
763c3a43
905eae07
7f0638c4
ad447b63
d08c79f8
3bc80e98
424debda
888d8f7a
25e519c5
3477f042
a5a245a6
21654dbd
964ab6a4
00350fa1
9b168027
015fe335
62fe74ca
75b4b807
6479c0eb
ec0ac17c
3e68293c
b8871d07
6dddbb2a
6e329e36
ed255347
23ede75a
93f4372b
746ac088
0412420d
4dfeacdc
da15c1e1
1ecd6a10
c7fdeaef
70e5f4f0
2dee5374
d3690d6b
4aefc04c
00000002
00000002
0000002a
00000004
0000004c
00000003
00000660
00000300
00000000
00000020
00000000
00000000
ad9f58b5
ead21e1b
6269580f
5677878f
c4e76270
96616ca0
440cb935
190b3bbc
1ad0a7ab
fb4c5990
23d8af8a
2a509d32
10cba508
6b7d82a7
4b638796
5a80e3b1
687023b2
8ae77138
cac95a2d
017b2c58
096330c1
f9c2b9be
26521576
7db66e5d
02b935c6
0c51cf5a
80d1e86c
471eb81c
02de4a43
c41803c0
f749e3bb
805ac751
7c805f22
f576b97f
f87854bb
79736705
8a0fb95d
cbdb2e76
53fad21c
445c9af6
b5e526b7
36926f92
cbad5163
d94ccffa
66212b49
9e95f438
91a33536
a59acd8b
7d664292
9bba86d8
21140653
a60632ac
7a354983
b4b1b70d
b46b2b0c
a7fa7616
b8b3057e
9c547cc5
6ba32baa
06aa4065
f5b72901
b19dc5a7
08975a7e
c48ac8d6
dbb6c8b3
53a73412
d31a9319
318060b6
77451aba
398cba2d
cb243cc1
2c3819a7
e01a23f6
b727c164
1a78c582
7ccb16eb
60ee6777
6c98378d
f59f62ef
ca9e6f79
c8cca0b3
7f68e0f4
2614be32
0cb098a1
96a9d2bb
5a8b2616
190a703b
5851a790
96ee68b6
03f7f337
7f9ba12d
b7b58571
7963a10d
8f23792a
5a75b38a
cd87a3b4
5c90a7b6
59c2cb17
34b5f9ae
cd6038d0
34c4b8fc
84b86594
0d1b747c
d9f52a52
0cd7e276
150a35b7
4817120a
5ccc731c
aa9363dd
686cbbc9
00190877
5e45f71a
637c68a2
b33ac47a
a5812981
f2cbba11
25d3cc3d
a160182d
9593b443
942cc923
edbc13a2
55794d38
01e8ec5f
c939f776
3628c855
0812cc68
ca8fb0b8
74bb2730
6bfabf94
bd17f32d
a08f4036
0d010d58
e66e37d4
fb0b1ad9
083cad70
99a9246d
fcc5531a
4746f0ab
ee77d7a7
9c748f42
c2829730
b04930b8
01891896
1f987824
603bf816
b1e2c048
9b737fc6
6a25484d
984133c2
729bc14e
1a30cc86
f15a207c
c3d54d9b
0ca059ff
92890475
3639a5bb
b4bb9592
f24552fc
b9258b59
eb45a435
5430b96c
7bc3fe08
743e8cbf
d4bea1ba
76d7a452
de45ba07
a3935fc8
96334e0a
61ae9308
41519565
5d334c28
9e79c490
991a9e27
b3938c7a
f0776369
b4821394
4ab80411
2b88950c
27356400
3e020926
b6155470
9aadb297
b56ac1c5
b23e34cc
294a3393
bfe4dc8c
920d684e
e3f9cbe3
2c528486
37a296d4
53f472ca
7ea06caf
7ba654c7
e77b4321
1236f214
6fb7b791
0a740bcc
711c3ccb
9f1420ea
4879c2e5
c25298a0
3f77eaa3
08a71fa4
a374ae04
4b47e744
289a90cc
897aa993
e755d7a9
f09d5a49
9b2592b2
fd4f905b
55aa4982
917b0290
9a20a4de
a4946915
43613faf
699859fa
c993c2c2
1c436a44
a9929a43
97c5c14c
7ea43272
2010f1da
885ccb2c
291cb81a
38ba0cd3
a86e311c
12d96c01
358a7cfe
626ccc15
8798bd23
fe62d568
268c5772
035b6d89
b520d9e1
885e2974
57f63dbc
530d00ee
77288ab5
0e736432
eb700ac5
695042cc
b585f139
b80c7066
f55312d0
c0cc8722
8f003620
6be3ca43
89ca1ab7
48a59026
4c3132f8
18b113ba
e58c60e6
582b9384
89f34e28
08955870
960706da
8b7b6979
5b34b2d8
11a02c33
5aabdf5e
56039a7f
02f1c3a3
5f702f09
6f0169bd
0c3ba1f9
a05418a2
003dc5ab
7bc59f18
97e79424
2b35eb7b
338fbb24
4e0ad38f
9837c470
a195a251
10d08a6d
d76eb40d
9997a972
39978d19
f143f5e1
43423240
07717d76
1703a30b
29b09874
41898f60
3d7f7860
5be62ce6
5f8b2774
5ba624fa
9790a589
7e43ffa1
1c432cca
41a00cc7
65c34181
cb30d774
db34a264
1126f888
fc4f692f
a991adab
bc9bcf3d
ee7160bd
0b506a0c
1d8ac7b6
452a365d
c0006704
6003de9c
4c75a9c9
fa265c4b
0a420fbb
605426ba
629b72f7
7a6b5b5c
6b7697cf
a4f43290
c876cc29
68713cb0
817e03f7
8b0c8301
50538b83
57cca9d2
3a8ca85a
fe813a67
4379cae3
c299246d
2ea5c180
b586500c
4109c2c3
43ad1402
45457015
c1984bb7
1213c33a
f32f2134
4c51c344
00966a87
01fa5d6d
bd41d7be
c06062d7
789ec226
31518813
121fc79b
362d6ba6
c4a16620
038302b2
aa4514b9
ae2604b8
25aa6594
f1289b85
ca792140
3c071c3d
f5ae76e8
41965fb2
156c5049
8c69b4ca
ab94ac91
ac9de6fb
e92363f0
ca51e1a6
499f016c
c4608e07
76b13718
bc7ed83b
d7a240e0
4896d4a3
07abe439
3aed21d1
5af7232e
616108b6
b7203c60
cb63c0bf
92730ad0
697f6de2
0cba177c
3e1a2362
0b2ca734
3c0958c9
7d1b4762
752f8b1a
1e58a020
b4489080
1a0f8c79
3083200a
23426c6d
10f20232
1ab61d1c
246b0858
d5178b55
4275fcbe
e9812b57
163f0d88
c38b704d
6d5457c3
719cc3dd
abeecec3
7ed62e48
fadecf61
2730ddae
0cde00b7
d484dd72
f3812b3f
9e9dec09
b3df6900
b0765c70
b48d9a1e
483764b6
e3e2ca7d
98659131
d37c933c
a9395ce9
889cb35e
7c0b72db
08be1d6b
f8177704
b11d6770
96ef2863
2798eef8
c94c69ad
692e66bc
10302d7d
93235138
2a9bce32
98bd5336
41abfac3
fa4554dc
e4054e84
b8d489d1
cafee3e6
7519a809
e18505aa
868079b1
4429f278
9ff18a10
581cbfcf
a5fd76ba
a69e4408
812f31b3
68e5d184
c1b1a4c1
654eb088
9eee7849
9c29107a
adebee45
4e88240a
5fb0bb12
ed75950b
deac8b5c
a516abc1
b7e2bb9e
915577a6
00cbc940
5a4b8be1
a9a4510c
7d53612a
526023aa
e49d695d
b4b00df3
08b741d8
e1382eb9
2e3a7fe0
c8e624c1
b162f02d
6282f410
09a595ba
0e43b756
b24100ed
c384fb95
6cb9b28b
885ec8f1
d54dbdd3
ba1a8eaf
9dcb3f96
ccf50490
f215fab7
e91b78d8
7eb719cc
3797f3a6
9b6c9b2f
53425337
e3d44f0f
2be534b9
ab0fc260
0eedaf1d
d8fa726c
85623b78
4ba20020
bb7312b8
dd5ec2f1
c5589087
3a7ef6ee
934ea10d
08a56475
f35f47e9
87565bb2
76846604
1375ec0d
47fa142d
bef4541d
e92ace9a
f4788608
05230441
6f46ed82
31a58bbd
f1daeb50
1817f426
45a28936
008b3539
ccbfeac4
870c17ec
fb3d5b97
7e26f69f
934cb481
a35194cc
13b9f7f9
3704deaf
f3f7c548
c863ab6f
50bcb001
4dd4c342
e9706783
f3048e05
c0041b57
b1387dc8
ecf7d17d
b001a7ed
5af32c53
37826f09
ae343808
a4abb2d2
cafd1cdf
9de6abea
489bfbbc
1aeac838
ffa83c9a
b9d95ac7
176536c0
12f482d7
cd396594
0423d0f0
abbe60ad
e19b9dff
9bd35ef7
ff102fbf
82f261e0
98e7bc8d
a38566de
7724f5f3
a4b161b3
92c0b12d
542d8d2e
4fd56a5a
f686ac0c
387bafaf
43a5bc1d
c13bf130
86697b9f
1744f803
8a65900b
7dac829a
98e72a58
90da6edb
efe7e187
3590cbf6
f989a258
5dcbd588
0edb522c
e39858ca
36b115ac
ac380a64
7b1a8fc6
f0543ce5
5566eee1
04e26366
639983ba
38ef4833
50ffb1c7
5839c50a
84b903d1
247340e5
ba60e859
465b065f
5dd8ae6f
ff1607a8
7173f5f2
9ed0f9d9
88a0e3bf
4ec4c2b4
3ac7031f
69028397
d21914a4
cc8fa4bf
45375216
e4387ce6
c44473be
bde9efaa
74f47c66
60165f1e
8d378076
60ebd2f0
aab66ddb
633ba566
ca523ea0
00000003
00000003
0000002a
00000004
0000004c
00000004
00000020
00000020
00000300
00000020
00000000
00000000
f2a84085
5a36e1e7
7c9b8b85
aeaf7b3f
0e4c48e0
935bb772
56a6c4e4
680a7d25
aefae0cc
07095025
7818a632
0bbc4a4c
5ace296c
7fdbf4ff
f042cdef
9d0068e8
1740ef52
644a1cec
41f64654
734beac8
d2680cad
1e4f0aa3
d5592e61
91ed941e
ef7c8111
8cb16299
fb727efb
2d3d8afe
8cd40e88
cee129a3
0a8fdd84
2db99f92
dc94eaa0
d6f9bad8
5ac26590
5555992f
195c3641
a026dacd
6868713f
7c1287a9
6b1e3cdb
78357575
b2972df3
c3687439
15a7ae83
d094613b
57de5fa0
459dcd37
0c232fb8
5db79d4f
16c168a5
f0eb443a
d7189be1
88652d57
f11f6d26
ea28e063
2f83e966
1a3b1b8a
e57a89a5
5f8540a6
db715a7c
d5a08798
3392f3c7
0655a7ef
3a5c1480
7e0f15d8
ce9c6f5a
27c5d7e5
6e0e08a8
a0b409dd
3a6f9d2d
618bd3ae
f2288540
9ea32933
d68ed9b3
91c8639e
01582db7
278dc803
c16025d0
d459790c
6c5198e2
3e2dedd4
2ba8bcc2
9905b1df
402a8cfb
f006650b
9d0536c6
89bc3d79
bf7bb726
cecce681
cd33f013
5ece7bb2
3ad0164e
01cb266c
ab937133
05e8fcee
f40dd664
44f14749
45042432
27178c6b
6a7dcb06
179e44ee
8b4e3ffe
801354e8
20fa5fce
26646d5f
15b8c169
91c095b2
5411fe4f
a6bc2048
49f1c06a
7a5a36f2
d0b44a79
c68e32d2
d7fafe19
e9ce6256
ea141dce
8810dfc0
ed6c0438
cb3de65b
03f0482e
73d43f32
3199ec1f
93abce25
e34134f1
2e25b82a
f9bdb1b5
534d6184
d90873c7
5133c980
4768b8e4
65436a5b
a38b34e6
4be11fc2
bd7e1d60
d98d0e22
6eed4b91
0504f439
b7929629
0d48e8a2
3af0d098
ceeefca1
b57c972f
cfd5d3b0
6f9ffce3
962987b8
473f734c
307e53a8
66fdba05
d7e9160f
dcd184fd
85f508e9
f61f7491
ac98a039
3d9509bc
d1ba545b
95eb86c3
3813272a
7ca4836c
a738429f
891b3d25
089fb7de
3a028426
e1ca8d73
35038926
747f930b
704056c4
b27cdd23
85ccd88f
47b7f792
d3aa2efc
59f34486
69ee3eaf
a7c5d6a3
5d237f88
674776c1
3812cd83
c06fcd24
006f5cc5
a9b27804
731111b4
cb1c6485
07577512
92530aac
f930c655
dd39f0a8
94129c83
5996ebf6
5bd650ce
9224d53c
6085fa7d
d5fa0029
4ec789bb
e5810629
3793caca
d42dbb23
7b6d72e9
0fbb9c53
46077801
d44945cf
51a51e66
d0bf484a
f73efef9
c7b583e5
5686aef6
55ac4ae4
8c53cf3a
b71a582c
00000004
00000002
0000002a
00000008
00000074
00000005
00000320
00000000
00000000
00000000
00000000
00000000
088f0c8b
18cf34a7
0bcba901
a88e53f1
d35457ab
53d418a6
fb41e01a
6aa44a05
84db701e
2b723bd6
78b49cc6
91d7eb5c
856c5b74
44897236
63263d7e
510ff374
c012557b
3ba6fd2f
61b39c51
73f4bff1
aba0388a
2c234a82
17d732f3
7f949a16
db32a5fd
03fbbde9
56601472
65067ab9
83afc568
18d84b55
66206cbb
f2adc395
33025099
dc15a221
bc31a598
9cd30b31
cb6ea522
e6537b04
37a86e2d
7479b7de
23cd2c49
1bb2b614
c470e111
a3923958
14924a97
33a0b920
9bc653b9
a3461e65
91388110
20d4b0fa
93e747b1
ef6d313c
a9d3bbb8
188338ba
7227482b
96ca4416
3763559d
b9c5e32d
e4bd4e22
14a74b34
9d489861
076c0bc2
8cda3690
8b912010
acb393f2
46f6a90e
513d00b8
364f396c
92fceca6
f7927a02
c26963eb
ba84d280
8c83a3ac
b10c8403
ceacfebe
4945040f
9c45ce59
0b79e962
ebcdb7ca
41486437
6e1866ae
fc5f419d
e6348a54
a2e2751b
03482004
7ac59a15
9a20ae50
a7373351
c6fa0d42
5f65470d
cb9f23cf
c611913c
3e272c55
8c9ce342
49a180c1
367a6927
56756873
0a64a4a9
c6c490ca
4a65006f
5c7aac13
42b2de25
431b657b
50ddc676
55e25862
8b8dbbc7
85af2e31
9845c752
feb7d4d7
92ee8f38
81332ea1
8b940b45
c3d8b0ab
88815351
ddacace7
62a238fa
4c1cc705
a5062cf7
a1ce830c
3ee01829
031d7895
71223c03
3bc69878
a39b8afd
612e31ac
02e39a79
3f7d7711
6aa033fc
1117aace
e80b5880
e51d8a45
27f0d856
6758f9d4
4051c1d6
15c26942
2da4c0e8
a929283a
7837f72b
62c16b5b
53be7805
2d8b3d80
3326a6b2
03126155
14127639
7c2690fe
3cc603f8
61053527
02cc85e7
d73f0b99
b393e1ab
ed7f03f1
f6291987
0df4bc49
61410c3b
83eb9d49
5d37a924
652d269a
d7687861
b59c513f
1b6be39b
314cb124
5708bfbc
2472771a
b7c05bc4
9baa7932
350a746b
66d84518
33b3c076
bc86a5fd
b95d8989
58cb3e11
4035d7fb
14dda8a6
a1158997
4a16a3d7
db128537
5153b5c0
c50bcc52
0b4767d6
506294c6
136271e0
29f05555
0157ab8e
85c1c188
9849557a
1953fd07
bbbf7517
85d3cf9a
2dfcfd63
69656664
b1c24df9
28d8d1ba
8d9c7224
76212916
d8e67ae9
bfe10fe3
6247f483
3d6189d6
ee835110
3b93a76a
00000005
00000002
0000002a
00000007
0000006a
00000006
00000660
00000000
00000000
00000000
00000000
00000000
f487157e
3b7813f1
9120d96e
2b76176a
75097d99
b12376bc
fd008022
284b8a17
c4634414
b3c938c8
35b160d9
2051bf5d
63460918
22792dc4
c704cdb8
5e6944fb
e42d9e5b
36c8c06d
6d7562af
d0db6ea1
1c58a822
e45a650c
17d5a091
8ac52360
6e5d4bed
e3f3437a
7ac17b3d
056a7639
bb55a335
05790dbe
e01ef0bd
a15b01f7
93c06d32
de5b63d4
68ea5551
4756ef31
407c5052
a5226947
941605a4
71b99899
40218a68
ba87695c
5797f815
1b64aa2a
0c716480
faa95192
ebb13f20
c6a6e8c1
9162a4d6
965716c4
7db3e7c7
f198b131
12a96cfb
b2b69f1b
73a96cda
dc15c1f2
308559ac
db246599
0485a529
07a4f50d
520726c1
57962052
18f793b6
297ef5a0
cb67a571
2a93cd25
33b292ab
ecfa3bc5
b3e43887
405283fb
f8617b93
25c3819b
6e05bb0f
22e81342
a12363b1
7a8bd364
cc887372
1d6c02a7
fd479651
82958403
6305603c
fe280527
14613394
bfd1eca3
29ba3c2a
c52c3127
a044b6be
6cb1e2e4
30886524
3cd42e41
1b347429
b36c08f8
ca81b616
d0906ab2
314dadea
47bac847
57caf1ff
9c8d6cb9
a6929601
319866bb
266e881c
782b6894
ca9ef801
eb3db5b9
03989d77
9548213f
30487cb3
529a807a
74a13881
63773ccb
0a8430c7
f69fd6d1
a0391396
6a14884a
b10443e6
e2f64791
5a7bbf7f
c69800fa
fc4a0374
3b44c2c4
6dcaab75
22d73c64
c7d5b740
afa2188d
7c580896
a93b6843
367a23f9
280fbc60
abd66781
997bc25b
505a9725
ceb77ebb
ee7e9baa
a027a297
6cd9329c
084ebbbc
0c1e6734
c9e56f07
712e81c8
c4faad23
c3c18a9f
ad136442
9ce00252
5898db5f
0d1d5c2a
3aaca450
36b4e632
7d2dc41b
c017443a
3d99d4b8
1fba1be5
b0118be5
22814456
d7cba732
391e1486
b56a0d19
0b9da79e
54766709
57c27b56
6d472bae
b6cc2a41
3775b840
c2bc67c0
55de2e05
40a38703
a910f939
01db6f77
945a4ab4
80c3f69c
8217355c
5d3afbcd
35090445
6879c099
5fd5c333
e14290ea
288341a2
60c48a5b
f7174cec
9b9ba7c7
9558d415
758dbc2b
ca2ac208
8ecae5a0
27bd010f
87547278
05930246
81a0220c
d1192d2c
13939eac
952fb8f1
441419b2
b566dbb2
2dada271
b1ff31b8
4781ae51
a2420c82
766ace55
14a53328
ad69497c
0949c218
095c7728
a6c17923
f09b99ac
1e20ae51
8b0f1205
52697582
47f3b8b6
37ae20b5
9aef18c2
88690163
31c77351
c1689491
b32b7e2c
a897174b
f1bc8967
bf45af1f
1b7420a1
c06d9164
7f060d60
314072c1
61f8b258
9e6a876f
b5473160
00be7109
0e480b46
9776ab68
eaefceb1
25088453
a99215f3
9c57abc1
1d07e6a4
2ba6e84d
e368c0b9
1ec030be
cca5a76e
c6c38733
92f59f93
f7adf9f8
43a7ac76
3539d318
281683fc
11e014c4
9a13f72a
7c9e07fa
45444e70
6b90f499
4603073b
5c1cb038
2422b589
3515049b
8a9a8340
abebea01
a464da55
f512cedb
aee41ba7
eeb2377c
043098d0
77a59714
04ca39f0
70ec41cc
0a72b4c6
2b6d21a5
457192d2
5a6b6610
a147c0d7
01735966
048a720a
9a46d298
b5269bb8
5484ec3b
24a7dc26
748b7e6a
74c529c4
2d444b58
ea8c7d9a
59991b4f
79bf22e7
e0754da1
62943520
6ca61845
61e1bfb8
82288a26
7fcdbb52
ba7a8b44
5259da1a
90c7129e
e5ad63c2
64e75e1a
28b4767e
3b093339
b2dbeb40
7c7f8b9c
e1617752
0c261bc1
982e6ae5
34ecbb5c
a26bb722
f58444cd
08893597
00bab51a
1d84751b
a1c63047
a27af79e
7a997a54
0b310ec1
8d1ad30f
7cb0045a
a10c3343
6488d283
2c6cdb22
02e22f50
ca412546
c622f530
ed00306c
88259383
3f8a20d4
f88b93a9
2504b2a7
3757147d
d1c64ae9
44a3db67
eb7604dd
a3557c71
6cbb9a1c
6929f803
b0492a03
9da5da1d
273588ad
eacd6c32
8276d79f
f2844a7c
4c18b6e5
2322238c
c54c5792
e83b9fd5
38628b1c
5595b06a
1b52130c
14d9aebf
709fd6c2
eae65d7a
5c214e17
4464a78d
68d42ebc
0ed85662
d9affc04
c9f9acdb
47f3bd04
58580bc0
57f52011
acd34bab
c56941ae
c15418ab
18059432
1d4d5617
557b36fa
4500a1b1
75871911
ec0a6a99
5561fa34
b1a991b1
e9b89a48
5bc3f59d
1e71ab24
146b1a05
51a97475
d31576a6
a80c796c
3ed64186
f6262425
6c4362f1
8bac3e0b
254652b9
40404513
603b5ccd
a8d0057f
ab522b36
6da28c07
746fc0ec
49509bb3
a5ec5da5
8663c888
51be5e51
34da4f3a
4ca79a94
a501d8d7
365af6a0
d826a4de
83184abc
0dd7fd21
e82049a2
71a8d047
a4917c19
44a52114
6358e1f4
7aae196f
1bb6210c
f8b4961e
3fbf7b0d
1437f146
bf9560aa
e2081896
e5c69573
85f280b2
1dda6bd9
49127197
4fa16431
e06813ba
00000006
00000002
0000002a
00000008
00000075
00000005
00000320
00000000
00000000
00000000
00000000
00000000
a4c34d02
3a958170
a191568c
c760d5fa
b4203865
68263b41
d7a2f682
b2659722
33472397
65bf1201
8c4a2fe8
2b273778
334e6a42
4677a805
502b8721
c2c970b2
11634a31
a451e844
f883e010
69545743
2b109d89
8b1011d9
2175c490
5cc39e0d
472f5086
f6b07bd9
04ecd25d
0b00d582
2cc362c4
69a73b1b
e807d4c6
f9509873
a8354081
05a44a11
73fc86c0
8b7ada8e
36c7ca63
0a8cb8e1
a4a6428f
28a695f7
90c639c3
35f6732c
c3bd5299
63d84a34
bec73b3c
a2ba0c54
03f13e75
05c8ac01
9a643997
db236a7a
87451834
7b134382
3bb17d2b
4465865f
2bc2e8ba
12b82a97
064b4e62
af1a2048
195246cb
6c089178
9bb9b07c
8a485de9
7442f7c0
0b8763ed
c3645a40
10084038
6b5324c3
9a68a39c
53a5f981
e05014ba
03350ec1
16765a93
c8a97bd0
f869a27a
41dc6d52
9f1132f7
4c0641a9
1973ac55
51be14a5
a0db87a5
536a25a5
348b86a4
a82604b8
286931a8
e77ea5a6
6c702bea
7ed35e5e
5b8db6f7
482657e7
1ca0a90e
9943d85f
e35ab849
72644874
0a97a7c9
998eb084
3e614074
f0aee3b2
b00a403b
7db2b06d
af769501
44728469
798ae779
9444f1bb
d1086301
96fa3d71
564cf977
cc4e682c
7d13b97c
06aef024
e63b56fa
8f64fb6b
42b6aab3
ca12bb03
c80abe3f
6b2c27a2
8b37b926
a493167a
51a3ebbf
3abe8cd1
9e298e83
7dc7b60b
79a93cd1
89d9e21d
a0b661fc
c73397e9
5557182a
997ffc55
bc271122
5e507282
ab9f485b
841a3e66
c37b498c
d5c8ebc6
a42a3ec2
2f83ff5d
ea4a8975
fc5e1399
2a5bfe65
91c2cb1f
f04090a3
9756010f
5043f280
594c1128
24034996
cbb32174
8454c872
40cc0f34
f468a34a
b97acf05
07813f91
9357583b
ea1daba1
bf52f439
c81d24ad
267c3608
34095407
eb8f6c3b
d8bda908
8f34ad3f
1e4a5bad
73f87e7b
7670db76
1b482c99
c6ccb60b
cf822e3c
03157065
b4223bbc
86f1c1bc
b1409190
b8cc19cb
c23b2563
6795baa9
f7b43cf5
6c40a4a8
c66c17c7
a84b338a
be16f892
e472f62d
da2866cb
3961f962
503f1b6a
4c762fc4
349a1033
bd4de9d2
823ac41c
79aaaf84
e5349319
38e28040
07d333a3
c0915a65
22a85272
72451e4f
e05ee198
7c5c6b96
a024486c
687e112f
4f5fb207
9b3f994d
b386b045
92e03ad4
00000007
00000002
0000002a
00000007
0000006c
00000006
00000660
00000000
00000000
00000000
00000000
00000000
5e453369
a4326345
2e489036
795548e9
0059b281
24a07840
456fa5d7
89235e06
0bbca918
baa31718
eca55124
bed2a38e
ce8c5278
a6acac1c
09b47c02
d6744a46
170c11db
27c39550
0047e250
e212470b
04c6c923
4c7de955
e849caf2
4c277857
7f9a8124
953ea355
4e6cdc36
2934b756
d7ddbdf7
0da1da1f
d93ac3f9
946d65e4
743af15d
fb6e16f7
08ed0b4b
968a7a1d
9b6c0a44
478ea1c8
6854b292
4a7610ed
eaa2486c
b486c761
6a04064b
e16a5c1a
0f515b74
2e777489
e45504b3
be08e909
f9643556
9cd704ac
c6055753
18800379
78863798
527ab60b
5e8b3746
cc00bf71
984a6ba6
d2676acb
43c3269b
a7477cc6
95736188
eaa6b5e0
836492c0
c811f80b
f627137c
15966a76
e613988e
30bd5bba
83352959
1d759141
6bf60fb5
0407a8c1
4a140712
322b2421
c3b9d122
4ece2976
23447e71
b015ad94
5ec29775
07e796c0
1a67d138
a06877ed
3150a159
6acbf844
bf67a627
d458b4eb
b3a20d97
1621d075
81869a1a
ab5a5546
f85f3bbf
841e67ea
b41b042f
f52a1b8a
45651664
b4a703cd
4430b473
930fb949
40b20546
9d01807b
1ca840a4
4976b464
8ab976d2
61e3cc43
1e670b56
f0a6fb7a
7999bc84
498a8d71
d1aeca93
9414cec6
090964b2
dd8e2992
d1efb2a7
61a7ea81
de33a323
577101d9
429addaa
3a17c81b
b0aab662
a400fb30
cd1ea6cc
95607d6b
a2fc56ad
38754a1c
2a655bd1
66764582
02ae953a
9322bb55
60dbaacf
054f4019
b5aa4927
3155a845
59866c6f
5b4fa430
b050680f
86a7b5bc
ac47815a
be924eaf
58764372
39871b01
9a0c3c54
9ca97b63
cbb848fc
39b65bc5
d02b1478
18cbb879
a4fbb908
d95e1ba4
65745bf0
aac1928d
f63936f8
e3b585c3
2ce96d39
a6c75abf
16e23f5b
18aaf3b9
93c6053a
fc123383
16c20301
4464acbb
504f5bd7
14904405
ffcc6401
48e0cc96
cc50c73f
d60353a7
b37d3157
1e8a5387
0c5dbbc9
ecfc1536
bbc50d76
fcc25c65
fb766d87
0cf08d83
48bccbcc
28f546e2
7ae64971
4e61f5ed
d6373a23
5a23a5be
b80a0595
06d9a5e8
7a126078
ee3b478d
2703a40a
565af761
cc4a8918
3cd4b47c
0940c351
0894a2aa
23032529
c2b42c90
cbc52718
56054c03
21b97796
be3e3021
f8583a77
a44b793a
f5492164
232976f5
bf565469
d4a6271b
f6475b37
4316d618
ef9ff5d4
0ac950c7
8d1066ce
ab7f2195
f49703e1
4561fcad
567781be
d45d1783
40f61e38
b2718193
e0038747
1d02ea26
06453347
674863a8
aba14b6c
cb4dd8e7
a2a368b2
7e8917bf
6ec3acd5
09629869
205ad23d
c9423345
bc4749ab
a71111c4
0203b6fe
169e20b0
a6fa5e92
0c57791c
33da8a91
038758b6
44af629f
5380bf14
30a05106
f749b285
41e2aa21
488cca0f
1a647b4e
bc1a25f7
7fb68a6f
ff82ba28
53f8516c
2759be95
7e4c43a2
f9062251
17183f92
e29036db
cb605731
97c346a5
f0276113
d26e0eb4
7057fc67
335a7a3d
97e0c439
9ec79b7e
dd88d895
76701713
32e65a2e
1694a924
f82d2999
417be2c4
5b7d8c23
721e2e65
611a0d89
f73ecc64
66c23a4a
8659b032
38530aa0
047bb920
8521ba58
04aae8ae
2bedb7c6
3655628d
df4b9852
70280227
87872e65
eaabc8ba
8374bf70
b65c6043
d4430105
45a99496
a3fa6591
6d8020ed
3ceb7b64
9df46239
05ac6502
a6494786
03d3903c
e4c031af
117a0741
805cb287
035da354
86ec2adc
10cbe7c8
28191366
6b82850c
7ff32aa9
3318f120
646c61a8
ce275319
df51c6c6
b6e4780b
38eae224
57a299c4
d9399cca
68c4013c
7f2fa364
286a0260
00cc2ec4
4f061cc4
f1c4264c
7b4813ac
088aa63c
e6f8b82c
642a664c
bf53f845
0329c579
68cbef5e
c2a4835f
89937c04
ca97715b
572aa2a9
69e50c02
3a30488b
2ab4c048
040302a3
81139612
f32b5ce2
e4476486
59e6a707
81bd54fb
04996ec8
b935d615
5b6af5b3
e4fd2992
b2f6c52d
9f18085a
9c8e27c8
55d54072
4b1e4aba
b17852d7
b81b0220
dfc2aa50
d0ee006a
8a932f0a
bc14b03b
a171a331
621ad099
0a5205ed
e8e5768c
021bd855
9882bc3a
a2392af8
c5921744
ca296301
131b02e0
a62ad325
1063fcea
28bd8c75
c691764b
7ca98bd5
b0888d41
09a9a8c3
177983c1
712b6b26
2e199ea9
581a6733
98283d69
2c5110bc
f724e71c
ec2b7f45
cfe8e49a
8d533111
c5945ee7
bbba1abb
f85800ca
c40d40c3
6375b478
8997f977
d65db31a
2ef4638d
0a0a93cd
35c944eb
f509bb3c
903dfdbc
50381f17
92f7356f
b940bed6
76f8abee
d04cd4c7
489430c5
e2ff6fec
ba43588d
b8cdd8f9
de99b44b
62b4201f
08bc5970
2130e895
df93a239
8f9f2a35
7d3d1d7c
e1121e58
f296505d
6aa35f53
745b0b51
00000008
00000001
0000002a
00000001
00000002
00000001
00000020
00000020
00000000
00000320
00000660
00000000
c573ef3d
f2f5e158
eaf6b4bf
00e26ea3
8045f5cd
17c28c95
8f628262
16a008f5
758595b9
02978f12
60262525
2e42f964
bd5ff783
c22b0fcd
f0558664
e5171ae3
00000009
00000001
0000002a
00000001
00000003
00000001
00000020
00000020
00000000
00000320
00000660
00000000
d9989330
8ab6952b
5dd55e72
96aa723e
8aa07f71
cd9d919b
93d8e7ab
ccd73aa7
b79cfec2
29f79bf4
82a18567
c398d74c
e1f4bf77
cd736483
23748c4a
130f1dbf
0000000a
00000001
0000002a
00000001
00000004
00000001
00000020
00000020
00000000
00000320
00000660
00000000
e8ca58fa
5348669e
eaa45b03
32c82387
839cb825
e74f0265
7a1b3e3a
48661ee0
e3d4f5ab
b28de24b
fdae4c98
9560f009
993c1b92
cec4f81e
2cca163b
b2a0e018
0000000b
00000001
0000002a
00000001
00000005
00000001
00000020
00000020
00000000
00000320
00000660
00000000
c26b46ff
bf9eee23
3264f01d
16683a87
fe4c86be
672d8b40
1e314569
84bfb731
cb032348
3796e3f9
c3bae184
dfaa8690
b4dbe67d
02a8615e
baa56512
d8a12225
0000000c
00000001
0000002a
00000001
00000006
00000001
00000020
00000020
00000000
00000320
00000660
00000000
f5273e93
4a29842f
9119e9f9
da58cf1e
e68a6d3b
3c356dca
4d77c5ac
ae0349f0
24a98c05
699c198b
5974090c
2edb3948
0a427560
3c5c33a1
cc0eb363
6d5435ed
0000000d
00000001
0000002a
00000001
00000007
00000001
00000020
00000020
00000000
00000320
00000660
00000000
591457de
80274268
0b0913dd
a2af86c3
e342eb49
a3785c25
abec0d19
c8bf8e1a
4d11c039
8dfd461b
9502eb0f
fbc6b237
6001a262
f074b014
659f30a4
e06c36cf
0000000e
00000001
0000002a
00000001
00000008
00000001
00000020
00000020
00000000
00000320
00000660
00000000
2cccf9d0
7715ae05
02984fba
9155aca1
b486860e
430e3e8c
0ab68eab
353d8442
d3c1fb0f
36006934
03c598c4
6b70dd5a
8506f6db
92a77e21
069600cd
8010d9e5
0000000f
00000001
0000002a
00000001
00000009
00000001
00000020
00000020
00000000
00000320
00000660
00000000
aee6c482
8c312803
b13d4860
3350c82a
82ae566d
b0a96534
c68506f7
f6079636
b49f521c
0a1a8c31
b16ec0a4
d5bd191a
ace61415
22b522ad
1e3b1879
ce4cd533
00000010
00000001
0000002a
00000001
0000000a
00000001
00000020
00000020
00000000
00000320
00000660
00000000
8db7919b
7834af6d
5bc2d61b
aaccbcd0
99f6632e
eb312b03
eade9846
d7efcbaa
91507b52
8675ce2b
1ae99b28
5cfcfded
d6224ba5
ec4b4ae7
e25be223
05145c36
00000011
00000001
0000002a
00000001
0000000b
00000001
00000020
00000020
00000000
00000320
00000660
00000000
e8daad59
624e5ab8
2a7bbb52
05fd8bd0
815a346a
85f6bfd0
9a3e8cde
146de044
07887f76
edc9cbf5
15590d9d
7a5ba27d
860c0fb0
e13117f4
81b3d0b5
ac6feb48
00000012
00000001
0000002a
00000001
0000000c
00000001
00000020
00000020
00000000
00000320
00000660
00000000
7f05c020
7aea62e9
28e2d75a
737796c6
997cea01
2b399557
c3beed56
932122dd
08005a6b
f01abe5d
83fbda5e
bce35070
6d977d86
214c5799
043e63c9
56554953
00000013
00000001
0000002a
00000001
0000000d
00000001
00000020
00000020
00000000
00000320
00000660
00000000
923ca591
66255768
33b57725
dcc97056
c5015082
d57dfa21
0af10062
6818555f
ffd9636c
4ba0e48a
4995ff35
5761cc69
c0e2ff6f
6b0c9195
0977c6a4
ba665aa3
00000014
00000001
0000002a
00000001
0000000e
00000001
00000020
00000020
00000000
00000320
00000660
00000000
dfeec37f
b95eeda8
7672ba61
04a50117
0cc5f20a
45180904
96664354
f6dafab8
f396b714
1950a524
d96d7495
2eddb1cc
063f25df
158c0c24
f88513b7
cf2ef307
00000015
00000001
0000002a
00000001
0000000f
00000001
00000020
00000020
00000000
00000320
00000660
00000000
32b9f4b3
99fde519
e860ab3b
0ecc3f8e
d2415700
0278738f
f7b11d56
e4e3d17d
5c0249c9
be36aa95
d7276bb9
c41ffe64
088c225c
b6216a07
50dd4e50
6305b6a4
00000016
00000001
0000002a
00000001
00000010
00000001
00000020
00000020
00000000
00000320
00000660
00000000
6ee4d84c
0e1cd37d
d7bdb0b0
8ea2f341
632364f6
cfe4b0a1
bb8fec70
c79e2286
9762f8cb
288c4d23
4d4b33de
fb4d77ce
feaeccb3
aee910c8
09bc0870
fc41fafb
00000017
00000001
0000002a
00000001
00000011
00000001
00000020
00000020
00000000
00000320
00000660
00000000
32683d52
adc92f67
470b7a3f
1634d150
35076f33
4ff3686f
7b32eea6
0fa9b362
e211c294
98b017bd
c361aa47
918b004d
3dc4fd11
64e80e0c
17492620
a05711c8
00000018
00000001
0000002a
00000001
00000012
00000001
00000020
00000020
00000000
00000320
00000660
00000000
ef336413
498df4c2
9ab853b8
fbf7565c
76f637ba
f8780b72
f64ad519
217e706c
aaa5bf8f
abb09983
8afc2ebe
11fd799e
a5c62b4a
b898931d
7388b70e
b4774ca0
00000019
00000001
0000002a
00000001
00000013
00000001
00000020
00000020
00000000
00000320
00000660
00000000
935af29b
d2f47e16
a93b0c75
5501728c
15da1ecb
d9a89bbc
a3f3e8fc
0b64fa4e
7c0ebda6
e6c40a84
a5f92c10
b08d57fb
46ae633b
a983176f
db9ede6e
6fff0565
0000001a
00000001
0000002a
00000001
00000014
00000001
00000020
00000020
00000000
00000320
00000660
00000000
8f091ddd
73617eda
43c8dfe9
ef8ea979
0ee57b3a
394473dd
56b6ccae
82c37de1
925ac93c
75bd1ed2
a0f7beb3
50003abe
60104915
3892b38d
98addcb0
e03115f3
0000001b
00000001
0000002a
00000001
00000015
00000001
00000020
00000020
00000000
00000320
00000660
00000000
37462f09
9673fddb
e271f586
24d0645a
249f5b48
74a5f119
0bd171da
cd7681fc
3efbfe51
8642d4fb
2fcd4b3b
2c885dd3
9b75dc20
057e0b61
1e0b426e
53e2af83
0000001c
00000001
0000002a
00000001
00000016
00000001
00000020
00000020
00000000
00000320
00000660
00000000
faca6142
7d50b9fe
261a2c78
bbef98aa
44836592
cf0f45b6
dbdea787
26951497
38f11f30
e3946df4
b150f9ba
42e4e303
83e1a58f
348c845c
9268bf99
c8760a9d
0000001d
00000001
0000002a
00000001
00000017
00000001
00000020
00000020
00000000
00000320
00000660
00000000
d51c5710
c750e5bb
6fcb6c56
146063ac
a29055ad
2ed6e0df
a2edae8a
9095ffba
5c8c96f1
b09fbe46
3c05be71
ed9f0953
e2a043f5
9d22cd5a
5b9462b3
5b86c196
0000001e
00000001
0000002a
00000001
00000018
00000001
00000020
00000020
00000000
00000320
00000660
00000000
ca612ee3
a01ea62b
88bc1996
8cebac0b
04dd0cd8
f4ddf8a2
4f06c3d9
02e3d8e2
0ceb6310
6d4a8f5c
b508414a
1a359cd7
8ac319fb
cea63f69
765abd3a
9ee16914
0000001f
00000001
0000002a
00000001
00000019
00000001
00000020
00000020
00000000
00000320
00000660
00000000
c8462dcd
a1aae7d9
a6ed3c93
6c59fcfb
b27a00d0
a86ae6b3
96395ba2
8a3b8bd2
942e4dbd
01cd5488
72e9d6f8
10356df3
778ab4ab
fbf4c176
a71ccec1
7c77a2e8
00000020
00000002
0000002a
00000001
00000002
00000002
00000320
00000020
00000000
00000300
00000020
00000000
05625633
8bbf5986
282a0493
440a531e
59113bcb
964af4c9
9d20703b
98ca3512
91028f28
034de50a
20e6836a
82b1b91e
cbce3068
844d1980
00707d5d
4b3d2bac
921a37d0
b7c863b4
2a310886
924257b0
54a3d79e
f886205c
c94a3cb0
4a833570
921c1371
170024c6
35425284
f17ea091
c2234cd9
15312dc4
3059f9b8
c41c59c8
8ee65fb6
70aa04a8
66fb5b40
0ef9b33f
b837e985
f458c92a
c0616463
cc3cfcaf
f24fc2b0
1c2b682a
682ec98f
dc643658
11160b60
f84f8ad0
21fe3f43
9f4295ad
2503bc87
c5625ca2
bff14c2d
51a2c02d
91e2a789
b461142e
c2658aa2
94782109
a8f86d5f
033893a1
f11bb294
1d7bf6bb
43085226
9b1c2553
10cb1d58
3c6deb1a
c81eb92b
c9408f70
3088848f
79eb77ba
c362c75b
8a447131
866dc146
376342b1
255cd768
38f74fab
674233b1
c667c025
d6205c4c
39075bb3
73ad3812
98e445e9
28eb9586
6ea265cf
d02c9ef2
6f1412b3
39024cd7
43d7182b
684bd653
687a0b4f
d189448b
45f927ca
402758bb
06d4189b
c058a2bd
658cd4a2
46d87418
263946cf
c6b48231
e31d7966
209bab91
f068a5da
ecb06d28
95f6600f
b711908d
dbe137e6
3402d7c4
a4b7d45a
e86fc393
02ea942f
0dc3b242
4ab29382
09319297
28b211ee
2910a94a
63423272
c558660a
fcc92d02
ab428c02
f92e1685
26ca40c2
12078e82
cc0c8a20
ca677f75
2d325a33
1b5a7bf7
33a14a01
0b70af86
a1299cb8
241a7865
2a15dd21
46a552d4
32c81357
76579c3b
b61a2452
06817fc7
505acb13
f3bd2abb
c46e6a87
1ad5235a
54409667
855fa4c9
8d529b23
7e8d5a33
32c83323
95b0c399
716ad69a
c49e535b
53bb2464
f8486cfa
548d28a5
b32589ce
247ff81d
a1078e07
c803b268
29c20aad
7298b4bc
c13ceaa1
2f471272
e5c95152
24b60a56
f06fa6c1
205a6654
cbf3623b
ef69b9b3
dc5d2fd6
8a64eab8
48bb0562
db1bce08
6f0861a5
690b3570
72ac4b08
c0b95034
f8735c9f
15c687aa
95683628
f853e475
5b322df6
c1d61b72
3e50318e
e76c1382
36fb6748
a4a18be3
a4635af1
379a77a0
644f863a
27840b86
264c234e
45b2ca2b
a4486ab9
8052ba68
768a07eb
298aaba8
1cec7397
cc915d0e
cb185034
bace242f
f78f9296
6c04cd59
3a2d7d4b
a8a4ff1d
1bcfb461
ecc920ae
98ea3843
1aef4410
9166be50
5a525905
02870e02
8da7da6b
5dea1a3b
00000021
00000002
0000002a
00000001
00000003
00000002
00000320
00000020
00000000
00000300
00000020
00000000
d770b02e
d16c3556
11d4a453
184aa5db
529b1d97
5d96ee29
8f1d7a68
5bfb488c
9196b2a4
d89e037e
b4d7ca13
09d8588c
c550cae2
b6db6c5a
3ec3f884
abc3a6f6
059e17dc
360153b8
5f3f82fb
29e61ba8
8aa1c989
1a0976b5
47ea6e57
4e945690
bf4397e2
92451131
afd3d45a
82a15a8f
c3773d82
cdfac610
4bcf91e6
720508e3
8f08e59c
413fe434
dafaccc5
6746747c
f56eca30
61954552
35c3f9c5
174ad0a6
a18cadb7
58dafe8e
ee9d050a
5929775c
1a40bba3
e95f34ed
f4505c87
444aa1cc
886091c1
66dd1df4
cb85ec9c
8ca769c6
c56bba44
4cf0643e
1e23c8d0
9bd49610
1600163c
461168be
a5d24f42
9f844a97
e854c4f9
90309023
862b6839
0abce1f6
a900118c
b161385d
6331c377
68625b3a
1fe931a1
03a44440
ebfc9460
2502a24f
bc1380fc
a6d620f4
27b44a0c
3b5a3a33
e697ac9c
990822bf
bba3baba
8707207c
3e8a7a79
f939c285
b0124210
367330a9
826dd316
713501d6
6872bf59
99b8f95a
f72b6a3c
71faf44e
060e9c35
789c7406
91861f2b
3772ba38
03284129
35f8c06d
61afd181
d52031a8
5fd86fcf
92146505
1a79a385
2002664a
a850eada
79f50ae5
86d98aba
d7928a1b
a090c635
4ad1c533
19a610b8
f8ef574a
c8484b40
be692631
f9217034
265c131f
cf8946ae
59a15241
cad3ce08
b19864ae
45ee5ef6
5a306580
287263c3
938b8199
00464c17
90cb1aae
69486991
adf8718b
46485a31
d00faab9
6b0c4f02
cd5f932b
cc7fd009
3245463e
1acda3ef
84af64a7
bbfb818b
b04472c4
e7d36192
2cc7c563
9f6ed1a7
37649a0c
8302fdcd
b11091cf
abb6bd19
449c1909
277b4440
51ee51c9
bfaad72b
045b2c25
bbd45807
baa77d36
83a7d20c
19a717fb
90495127
136309f8
72aa066b
2fd30a92
948c30c1
b0e68be8
87b443ae
6f57e8a5
fc8ab9b8
083b8bb8
2b13e83f
753ac4c8
0544cc86
3a25d1fa
e605c8b7
606c8d61
a321249e
563889a5
31c7236a
716af184
74a4b960
6547c480
8b059a98
505f0330
4ed55568
54aa6983
420381eb
4632b671
670459ea
92eb4bdb
7613bba5
43cf7292
b4d84c67
9ca5de51
92ce2bc9
bbe86575
9cd55103
b7a6b976
4c66a439
6a480892
810dd0d4
5398e5e8
dd959b8b
bfe96090
75f158f8
8a5835a3
17b73ff7
0fa9dda1
603844d3
23e70742
7391810a
416fcbc4
e6e6bc1e
f2ca8853
f7a8f9f6
9a158973
00000022
00000002
0000002a
00000001
00000004
00000002
00000320
00000020
00000000
00000300
00000020
00000000
a6cc858a
293213f9
76247f13
57698c3e
e18e4bd5
66890a54
943bfb4e
1cd922ba
88038a2a
33761b7e
22420e77
7528eb4e
87a6c339
e6ef8074
15b853ad
18b9f11a
2abe3550
3ec1ab6c
8d0e807a
d2508037
86d2e03b
97673a08
d73ea8a4
96403a6a
41c4f7b5
c75a45d7
1c48ee4e
a9be83c3
35e0521a
84d1fd95
3dccbcfe
531267d3
b634a641
b78920f3
fa967887
4ec695c2
9f6602bd
7588adb8
9955cb35
3178f0f2
18282b75
2816de1f
ccb3366e
93200713
5b511b8a
c255f19b
70a37cb0
2f333726
c59eda88
7c7d88d8
2665b286
1fb990e4
05dc1af2
097cb047
df6da1fc
f8825fd6
b8834487
0fc397db
d4b12a8b
1c615864
1f91b09d
ac8c875a
35717d2b
724d364f
7c3523c9
ac610bc8
1ea5a16d
f97ab873
0bf1cd9e
97c0d1e8
a6110062
2d826434
80cf2cc6
09c30a93
2d13054c
961cc401
833eb16a
b17a1d78
eb1933d8
6a507a91
a840f103
1791c87e
f1ff4d3a
225b35b1
88a21469
80bca0ba
9e90ad24
ae32f1e7
a446a242
2eecde85
12ced5d4
0aed535a
c2fc3dc5
2402c541
012f86d3
1139987e
fb5e0c4b
72c491a2
68e6aa91
43444cbc
668d9b05
0b957018
1d292cc2
483e42fb
5bd6eebe
43bcda23
8a5dcdd1
1347ea5d
c21903bf
07ca03b2
414acc82
162242a1
01e29f26
2e575f25
9783083a
15cbae56
25d10d81
346f44b8
fc8b3a6a
9646dd54
341ea5de
fb83685c
146ace58
0b15d78e
38836730
24853418
18cd9291
4b363181
85a1f844
366654eb
6aad7ae4
c38bfb49
6664a776
41681a7b
63bc8baa
8aaeb189
e2bf25a9
cdb2984a
5a0470bc
93251228
04ac1a46
fe6563f4
ea58af76
77122845
6562f1ae
a06c16a0
0a3864ae
851de7b2
788f12b1
07e3257e
5622f7cc
2065c1dc
08ab24b1
ed27f778
3abda451
996b0d2c
4c418cc7
8018c30b
8dc96034
89910279
78cbbfd8
b5b5818a
35b4caa8
64f948a5
190511a1
7316bc8b
45796594
322416b1
4daae9db
2a24a2a4
6f05cf90
a5063365
58a4579a
5d7b9f46
fa6fc2f0
27d39bca
2459c15d
adb88967
6144548c
cd32da65
6b632ba0
e4a525d7
c4203eb0
07ce41ec
c342ab71
a9f3965d
e0145bcd
c649099a
6bfcfa10
e12e79de
3341ca02
1db2debe
68531266
3f7c6968
b963afe3
ac9d7671
a1f4b170
39bf288d
9defd16a
5fa69e62
03f3906d
0a011b11
223a9595
59f2d92b
e7371e33
fa418dfb
13df6dfd
0f87dd54
00000023
00000002
0000002a
00000001
00000005
00000002
00000320
00000020
00000000
00000300
00000020
00000000
84ce0756
346580c0
5e32dfa4
37a59cf9
19ee8a73
7c43cb80
ec1f6015
da58b2f6
0ccaf5a4
3d851097
d1490399
bb16abb2
bb87d132
e0e9284c
3ea58539
047b900e
d5573e8a
0d56c3cc
4199b687
70361159
1768da37
f858a859
2747af40
6c047564
7b7c0a8b
c89e2ec6
99f0a5ad
25c769a1
d1e660c4
1444762b
4e4e216d
60b2328a
a277bd42
3997fb1c
07111efb
81caaa36
b8372b83
c1127161
af0178cb
520b3cde
b0057ad7
c525e91f
f9c6f266
0517675c
6ce3cd94
4a699082
45201b29
7b94056c
eac7d943
1ccc7307
a7759b44
cd1bb3a8
8b3c3583
9fe50436
8344a595
4cbec3b2
6ae9b7ad
6744e3a3
0bc737ba
818892ce
cec83c59
a4f55641
30e04a07
87b74ae5
49d380dc
4fe8134b
2e0983b2
c0ca2299
0676d9cc
2a7882ba
c2219174
98b0bb79
717ccb02
283e9041
5ea6499c
ce0c243a
5873aef5
4b434b1a
3455a19e
60fb9dc4
4270f727
d386441e
2cf13392
a8e24ec6
92b537fc
d4bcc1ec
4fa8413a
e277b3b1
15351422
a8bceb59
0ec196c2
18348117
b752d854
d566327b
ac563df2
357a3073
9857c9f6
0a705628
1ab0d7a7
818a9ac2
42af7e14
604c4839
18579bfb
f25745db
a787fe47
a52df176
f4f26664
78c4396b
a67a6c4f
cc885a23
81e6831b
ef9e0819
61ed8754
139117c3
ae642744
a24f63b2
207a8494
f85f8c3f
f42b98b5
0be1f62a
8249f643
011d9124
4b5b6e7e
478e5cbe
700d998b
0eb27e6f
29bc964a
73886c63
3448d0ac
715e339f
82f57f22
823b2bc5
2e93d44c
18999eb3
18379b3e
38ad4004
c6e434d3
63494b20
d841b15c
97466cac
60f242a2
a3305338
11475670
1576182b
0d4d944f
e8f260b7
44d8a825
561b4602
e61794d5
a668988a
06579267
d6029600
b6d53478
d291b346
95ca94e4
c672b1a8
9c8a75f8
a31d1a20
9b1ae6b2
843d0581
7c56724b
82445b97
e2425185
72c446c3
8c770879
34bd47d3
5c41b5eb
5c461ea7
512b834b
29ac45eb
b5d6e34f
6c34a996
78019511
ae69508d
e37ff071
c54f215b
7461d294
557e9a69
0b364229
8940f111
53c2916b
596c16f9
19ecd079
2555ecab
c3a75b65
00672297
139143e4
05b26917
3a70d594
4d4b879e
029751e6
8b6226a0
1b410bba
8fdd3e43
510f6915
be70ce5c
0df50453
0560a451
fcd9bef3
22c8445d
e3f7cc27
e388873d
c9ba17d3
e98bca92
f62196c2
4c5860b3
6eaaeb3d
3d91f0c9
00000024
00000002
0000002a
00000001
00000006
00000002
00000320
00000020
00000000
00000300
00000020
00000000
a668e3b0
0151666b
a6bb4f06
3d1e82f8
a6c9bca7
807c551e
81397838
b00d1579
a68a84be
1803a3be
41799893
c8d6a3c4
ddad7cd2
c9d398c2
810ae76b
5e4de9d6
4a322d3c
58619139
51831cf3
f6532990
83550e6e
7560b453
a608a8c8
81a87c1f
beced87e
09479cf5
165b3db2
c05682bf
060e03db
c5716538
d20be0ef
e2187654
67bb7987
c694d275
73e7aee3
b81b806c
5d8dd6f6
49a97929
3539624b
893fa5d8
5c824df3
01f845ac
5558fb21
b0600ff4
57e86d60
2a995b93
e9ec365a
87a29c55
724e6a03
753e3990
c310049b
62866aab
b5fb8fd3
9a6a5200
2045da2f
532f7fea
2ad3930c
97b5e060
605fa4a6
b5ecb074
12557321
4ab28da0
5d32924c
610d3a23
d1a12960
9a492936
85ad04f7
d7756abb
80331d8d
5b4381ac
88b4a8c1
badb558b
6c3fe121
637f2e62
5fd4cba5
f64a4938
e87e6b05
27a0594c
219edafd
aa4b1bea
8dbb7c61
bb8619ae
b2ec7be0
308270be
74b6959e
69749986
805c2cbb
1e9213fa
6bd61b10
81a0ab77
e210eb72
26e20bec
76e5f349
716b4701
8c360196
4e5b752e
5b5f69de
aa6c6e9c
67e63dbb
1ec823c3
a3945090
75e67091
0a3be60d
06d18468
bf1bb48f
4a15dc74
44cf8823
227cf804
15432339
fc1707aa
91090709
51cb7393
46a10344
8439a9b6
02455ac3
e3e654f3
6537cf1f
19828011
c52e0a59
bdfa5fba
e5641975
3cc31042
8e565fa1
31b3352b
03e40fc7
631bafc9
94b16387
abd82e6b
60e72783
155989b9
b0aa8eb9
7aa264b9
13494b96
a9b0ae0a
886410bc
be448672
c33b48e2
72db5b8b
d95c5978
46583222
cc777527
c3205980
d5402f89
c492f73d
d5b62841
588b20ea
52bb1356
bf3d4292
13cb0dd8
86e1f655
639650ba
8a8468c8
9ac6a932
10915ad5
e433bb65
6a9909a2
ae3bf513
f63d852b
5a329b25
35999c94
23644b32
a9c11642
77c4f647
4aaccbe3
91ba722c
a47b822f
ace75edc
cd619f08
8051e9d2
13ffc9ca
3b9a5d93
1eb417d3
281d598c
55658626
61a81a75
e77dbe87
18101d88
670eb578
b96599cc
323a3a1e
f29a6ce1
2962b343
3ca50f36
154bcad1
ca8aa12a
6b4724b5
8c9317a9
9043b676
89dab021
960c2945
b87abdc2
93a46445
1fef41ee
3da11070
08e03855
5c51a5c8
0baeea3a
ff486fd4
255d6043
d20f3f13
a064c6bd
265368a0
1e06da98
98b665be
8332d793
0ddddeb5
d33f4715
35d39562
00000025
00000002
0000002a
00000001
00000007
00000002
00000320
00000020
00000000
00000300
00000020
00000000
cfbd05de
5a135305
8ec5dc72
5b48b0cd
68b64abb
6ca3bb76
ff3dfa6a
d1d998b9
565b620a
252be237
b90d4ea4
2916c35f
d53b491c
24451842
77c5d823
ea6b1239
69d862f3
2d091916
6f2d7b98
44b8229a
30677b73
81a7bb07
14545ff3
aa4164ab
f14820da
378553b2
c478e9c2
d6420718
119dafb3
4c9a3290
1b554516
aa0e1acc
af60a33e
bc33f2fb
932e4837
72185844
0e7deb88
309c1bc2
6d2a6f55
0da097ae
41ee8028
2da78da9
cabdfa87
d6a83d28
9a0b0cb3
03b27c74
4834adb1
c6d2a844
52b627e2
f4c55e65
266c1e3f
5e292410
432a916c
617c99ca
afa4d8b4
32f00209
428a2b81
d820478c
61e7cd4b
02a2e79b
421da2a1
1077aba6
21290a02
c487b2e2
f8ae9e34
8deb823b
a53327ba
07717f01
113ca39b
65be3882
698718f1
6f7302ba
dfb98a79
69775609
3830604a
e4a9d428
47a17c67
be9909a8
55b078e5
90550dd9
8829b517
ca91266c
593715bc
69d74819
ed0f265a
8b7697e4
368c9f2b
346461bb
97532a05
9124c2c1
3c2bd5c2
da0f0d4b
0163467b
4b31549e
11fe9e9b
571c105d
f99f65e7
b1e27963
c533e368
b4b7301a
368554d5
86103d67
8e2c473b
c8c9b6f6
60ba7841
1082aa91
cad14f5b
abb63fb4
8a6d61b9
767098a8
1d428688
32cd73b8
f2425bb1
aa65881c
79b5113e
90da6489
084b4f72
d02b9c04
33a81c9c
c8f3969c
5160d29d
aa3f5c27
3911a36a
6dadc599
fa1fad71
6c4724b8
63cc13b4
797f6210
ac1a304d
9eba768f
fa66a09c
0db5084f
5e48109a
d1a77042
64884486
dd73c103
b15362c3
03a4635f
4b9e41cf
a932a52a
29bc1803
bd13e459
552ac712
a21930b8
847f34da
d6434c41
65530b33
fba75a6e
991e6f85
62ab4b82
9d518073
73cf4d33
5af7619e
7ba91c0c
a470959b
15a3c360
892afb07
24a9bd1b
2c507d68
06ca668f
89c065aa
16ba6805
a2cd577c
bca9b9bb
1b223f9e
770f8bcd
027f49c6
1e485133
c0a85360
c0fb5fcb
9daa3596
cb6c1214
60d523ea
cb9819ad
c574da7a
948b7a80
43e6660a
26a7370e
d1894f51
8dd29520
637da472
d8900f2a
c897edce
1e0b7a95
e9706ca4
016ba189
ba9a93a1
e48808eb
b7d1ad87
496db2d2
e856410a
4302f751
f2c02a51
13ce2f6c
8a5965f5
3da28efc
d9e4c32c
fefdfe4a
60b53389
9fe2a75b
d1c4befa
61b236df
cd993a67
5331206e
cd72efc0
e0e8eaa4
ebe6c531
8c38bf7a
00000026
00000002
0000002a
00000001
00000008
00000002
00000320
00000020
00000000
00000300
00000020
00000000
68562451
97a5c3b2
33d4474e
f596a43f
cb115ff9
30368605
88a2a38c
c8fd1a37
add7b593
643d2a17
f4fd21f0
12cb7d59
074c7060
773f7d18
62cb98ac
94948a5f
ba8da254
1e2c2b6f
49af37ed
9b2ec8d6
ba9189c6
5675578f
29307a83
6c82ac1c
dfa212f6
39a20a39
1707e663
a0783b8c
b10f7540
a9bb0fc0
815c333b
504aad77
c4b28a4e
e302d0ad
01ea9535
a413bb50
598f3007
b9044777
8267a742
a9575b16
0c5e8245
29f86d6d
0635bcc3
603ca8f7
46b9d77f
612bc41e
ba7e6943
474b875a
268303f6
80e45164
6c33fb80
216d5308
56b228d6
ce918164
271422a7
e1c88d12
0ee1e7be
2f9e4127
e2cd0d13
2f4c7c5f
8a1b0b92
60687402
c0425a30
cf4d8ae3
4c322e3b
cac76fb9
e45ea7e8
dbb6c88b
9c9a5abc
ba1c3bd6
9a1d9c62
5096ba35
8c15554f
ab22be1a
49f8d13d
340dd04d
0186ba65
883be328
4f14c11f
dca513d5
75f96009
568db3ec
c795c9cc
c30155a4
462d692c
b0166ea1
1952679c
8e5ba849
e9b5025a
720152cc
d13ed5e7
a2b8c81a
25b6d97d
2286624e
44e95339
56d1eb8a
ed01a5ef
326669b1
5114227e
5ecae870
4b427225
1e518b34
9024d3d8
fa2e28b2
5ec49f94
c2b23220
c6816f99
2b72644d
ad812b9f
169d93a3
922cdeaa
cc44624b
7c374863
2006c495
f78913b0
9a1d41e6
918be59d
6594b473
fc2b03d9
cdfb9e00
d99547be
5022c272
43b3f46b
55c54a0a
857e60f6
398c2516
f35f0067
732d6847
3a51235a
f7abe847
29d89e75
5e05c544
47ae6395
816c5682
12122a48
c21167a4
97014e94
5c480190
3b49d608
bbd98d77
a8967c7d
ed0be3b5
71144c4b
299753ce
cec2a957
cb3f47d7
1c41f355
416ad4dd
976bcdf7
658b7a4b
c40222af
46755b90
5015ccae
deb9d734
dbaa4a90
52e3c898
7c0c0297
27ae3d29
2d481f2c
725ce6e0
bcd1c366
4d1a9124
82a873ed
18616c83
ae0756bc
30841705
f283887b
8b62e185
80446c34
bc68a457
13c1c3af
033d9033
36fe9757
bae90a1f
cf05b036
782c380b
cd10ba56
ed39b547
740c6ac2
7a96bc49
5fb038b1
7865b1c7
232aa0ab
cca7768c
8a7f30f9
bed5fb6f
494dda9e
777e772c
540239b6
a13e2c31
5be62d35
b7a5023f
bc06c9ac
f5920dc2
84e65dea
6af6c05b
faa30e8d
77c1be95
3d1d4904
cf27c642
e74ad823
70cba733
33e901d9
f4e277e4
dbea2a75
bd1bd6ea
003ac437
64f9ddcb
00000027
00000002
0000002a
00000001
00000009
00000002
00000320
00000020
00000000
00000300
00000020
00000000
58bb8b50
6c2a701c
312b6707
9d9e5150
e3c51bb7
29c0d0a1
b558f874
905e7e42
cea4c1a3
3841866f
b04b7753
aa9c47c8
e465b79d
898c2840
90f8db88
4e55411c
c86c9a1a
0f315163
5d69b7f9
0b679243
78726162
84831423
008a6912
0420a46f
7b581a01
935b2ad0
7cc4ea89
73186927
5c2ba534
78ab40ab
338ed9dc
0a4e07a2
7cb8eb05
2d0a726a
a0e7a898
c98b38a2
6e98fbf3
637b901c
36c3e434
1a1b4050
7375aed0
59585dc2
6cca768e
3477529a
3af303a9
f1634afa
dc529b12
c99824b8
d4405a3b
0b5a4c7b
18062e3c
4b73daba
c5fe4846
4c0687a6
91c2a927
f6e65b2a
2dc42d3b
a85e6a26
4bb74b16
2601cf78
7f9283cd
71e059d1
70027904
762fa543
a22559f7
bf812112
0069738b
7a286f20
9226168b
1b001aaf
b6f46326
77ea9aac
d6cd6a48
e8e31d48
9ff6791f
f113e98c
1bfda88c
2b151fc0
a54a7733
5a459195
becbed9f
599abac1
1b908207
6d2925aa
a7980529
f1d5aa95
4041cf0c
c876f71b
44bfb671
52392854
beb25766
07772b13
56c32d67
b98bba38
e32e781b
6830162e
01a0667f
6b80bf37
7327e8b8
8a8f2910
41ee3536
2f166d89
4c0d0572
57a7c483
9fb35768
be20a4e4
503d0dfa
ab141023
3d51d93a
2bfa9414
9b653631
d065231c
9ba38c38
10215ec9
363f8635
18ac18b5
497ac94a
6a5eb453
915a3b68
3b1a0f4a
d67d91fc
058b7e03
5304826c
c7656cda
b7da824a
3d473a37
d403f1ad
f9cb83fa
78634252
0f7662c6
a8fe9497
62da89c5
6c9d17b7
51d36ed5
66e24e82
e146a8f8
90cbbacc
7d35bf24
e0149172
64828b65
02a5422e
4faecc89
03f16ba5
53106ccb
7ca2aa73
e80ec3c0
cd34fa7f
5507361b
86c41574
b8bba071
178112b7
1a88500b
0ae15571
9074081f
f6b42576
52d485cc
be3db526
ebd468ec
13d07e05
e89a8c70
34982012
44674504
8343a7a5
a951c57a
5f04212f
ba95b28c
353a7275
be181633
30a1ba89
839d2e15
c9a10909
226a0c26
fc5e31f0
10171d67
d91ed547
b56434e8
37513c15
b70ab19e
22702013
05fb920e
9b699c18
a3a10ecc
042829b6
da29fab6
03033326
c996a066
4245e459
bc438d5c
053adf66
5729e9bc
9632a276
8433493c
23a3cd86
7d9b6650
13cfa70c
49fe78d6
ba28a51c
f6cc1ea5
d8fb66aa
acc11761
67bdb565
96a7783d
a4a95392
e2e0a53e
fd73c7fe
569e7b7d
b3a2cf15
c66283ed
00000028
00000002
0000002a
00000001
0000000a
00000002
00000320
00000020
00000000
00000300
00000020
00000000
7b7d0583
eb11a1a4
c2e2b778
865b881f
1844c210
9a873259
c97a64cb
bc418c89
a85211ca
fe7335d3
6707c2bc
a35c55b7
8d4ddb86
c69f9029
366866bf
8b8f19d9
99cf5411
77e1b5b6
a0bec68b
52f7330b
229c3838
e3bcda6e
72f23487
38965dc6
34bc5b9d
678380ea
3475ff0d
3077d941
624b6733
2357932d
2e33fcdc
c7a13c14
928a058a
fa45dba2
983f2456
83c22674
eebc7915
428ac4e8
8a26f6b9
196397be
81c46a01
09875772
d2750882
f90c61a7
8825b46d
31012b8c
e73114ea
9225ab87
99b7f319
f48bb1c9
5f352b88
fa2037a8
05166e88
23810a1f
cc6afb0d
41d4a1e0
5c897c39
f65a29da
82931a74
43f5ef7c
a139648a
61918268
83789514
c5cc0773
f87ac1f1
3bacf309
fa78cb4b
c13aa83c
54196d21
1381fac9
f3381a91
5618001d
420190bd
cab5837c
c327734b
6a110b31
36aebd3a
29747aa6
fc0d3414
d76db475
09c897c9
65abb74e
68d461e9
5ea0a874
4c80a5e8
218b6c93
10db3226
1a4d03de
07689772
057a42b1
f99659e6
a8710415
4e971524
e50ce635
e8f0118c
b710af57
f32e69b5
d8712c40
2bf5bf31
c828b4b8
6ae43a20
6106865c
89c18b6e
e693a936
22a06093
e431da0f
541d708c
29003758
3bae05bf
7199b8ba
9cd65e27
a82c100f
00de92ca
9b461f28
a449037e
394ac132
72c80017
e19c604b
86233488
55d07b2a
4e10fba7
b8a37342
1abce486
cc30e9e4
ac8f3400
1447e371
f27da0fa
d29374b3
93c52185
915e6633
e5645751
a40c5a41
048d16e0
b04bb259
692398bd
0cb30150
e663b9f2
41070a1d
10125894
16f242f5
c0c250c6
808426fc
e57ba1f4
57c47714
d3c6b0fb
e15c6df8
96f5e89c
4e60db84
f39b3aeb
9704e49b
88c888eb
20c833b7
9b1c39b0
8205bc15
534c83d7
225bb9ca
e7bfe817
c3fa4c90
95b4a453
8799c3af
68be42e3
b7f3a437
9c1e700e
f1d53f62
3197de9d
12599786
54397df8
588517c6
30084848
164eab7b
6b19b594
ee7f13eb
04628a7c
af948ea3
620d67bf
6032c6b9
7893d14b
32454c6f
e65d3fa3
b28ca840
cd52e85f
f7e45a24
41820c60
fe8ebb7e
0c6998b6
a4acf8bb
307a2baa
077b659b
18080d34
b41f0829
f43a3255
91e0134e
f7f6acfb
0341b273
980ca166
20e0e746
5924701b
ae18997e
e4661f35
9f885fee
9d9a1805
9e379bb8
7c2ef116
9294d3b1
6ec38a89
399fbbd4
23b12314
575e9015
00000029
00000002
0000002a
00000001
0000000b
00000002
00000320
00000020
00000000
00000300
00000020
00000000
bea061b1
94781211
bb13c884
b5264a62
ea081c85
cbecb65b
2d2c40ec
07ca8666
61f949a0
1b553c98
51bf19f4
838b32a8
4b79d791
c0512941
90e4f9ab
fe9195db
8b731c2c
6ab7d75f
42c6065a
2cd3a881
12695a8a
5f4ba49e
17b89c03
0bd64e30
f6c88736
540f96f9
bd5bdaa6
878c21cd
c037cc93
cae6465c
f8abfa9f
94ca2738
9fd71d93
bc0930f9
41878ee1
3c75070f
ac190a90
b12fae88
0dd42170
91b4693c
53db909a
a4b61c64
9e124514
8ad4ad13
82d641a7
86672078
81b1c0c5
6274c590
a61edcad
fad07414
62ec852f
07b11265
9b5520e8
4fac3951
d620aad0
6ccc2479
b948b075
8613e373
8c3b34c5
47d9af5e
163449e0
9a6a2752
549232bb
966ac3f5
c73206f9
716b9e86
7128f39d
1cd10fca
97cb93b0
877ae5e0
8b64c350
8de29d6e
ea4ed735
63427c13
8b456fb7
2960f459
e9f5a337
6b3ba71a
a50657bc
250a2e69
65c9b124
bc0cb6e0
6444b5f6
9c704bc4
7e29c23b
62023920
46880d2e
bb2af3dd
2cde2c2b
ada67ba4
1ab5e306
5888c163
55321492
ae478249
66dc340a
1e53b9b1
09b3aa42
a7b99d2b
620045cd
2134fb18
968c2140
94506392
be1343a2
c02594dc
98915f9e
f8383567
c83f9989
613b9858
2a4442b7
d2d239f6
9a2aea70
3e56a1fa
40c137d4
c7b8afa1
e6c4d44a
c23e7ae2
72386094
335c42f3
175e6637
129803a9
809238d1
c3f76eca
642183c4
3b197aec
03f4ce04
cb0afe92
15275915
face0f80
ac04f2cd
000adb16
c5cb3232
3cf4775c
cc40849b
0bc2b6cc
1681cc26
416a83ff
b07a97c2
6f23dd36
d897c895
18ca1307
2548197a
0264a434
6826763b
ceebff6c
20218898
bc3f2cb2
31bb1748
06381303
204b3640
bce5b852
bdc3e9e5
13f84a96
55442253
734e36dc
7cf46c89
96e701a3
b622d41e
c19194ca
58c44b8a
891d3106
94937d34
7aa3fe16
e19b7adf
bae7a5f8
5fe72956
f825346d
6625a914
1cb8d427
be7d021e
b631c674
5fd4808d
52be9545
0b8334a1
4760ee93
505b7730
3321450b
ab2495bf
726661d7
c6b5b2a6
6b37127a
510bd092
a4055675
a62b24a1
3a866134
07ae0c69
2cf385a9
01a0f2fa
07d2bd2b
7533bc54
d183662d
38a8a7d8
bae8f896
3fb90ddf
c5e0e93d
46188890
2903d233
9f428d6d
0f06b3b4
aa2549c8
da510c81
93905073
f8035a34
26a3ff7a
2b2bb6a9
d55a0e82
f74bef9c
41bf6d5d
1aa615e4
0000002a
00000002
0000002a
00000001
0000000c
00000002
00000320
00000020
00000000
00000300
00000020
00000000
7acb48de
0ab28c2c
2d56c657
9f21b97b
2378061c
775458b8
570c420e
f0e4be94
53d6f7cf
803a1af2
765b3551
7298f9a9
cfc244c1
d7889d95
a655a77c
2d3a6105
bafc0d91
086b4b96
2fc96938
03037961
89454895
b6ba6190
e1e4bef1
0879288a
0220207b
7c127311
8d8b46be
3e4cd67d
d3638712
286c9ab4
a18f401c
3c3c4064
6442440f
ee5550d7
160727f1
5ca5c630
0ecb4ae7
7a1c253a
36d54833
88c7fb47
988798a7
47592b1f
62a0f1e1
e05d66f3
4658009f
390b36aa
200b7707
09a87bce
458376c0
cb3276e8
94d9b447
50b0f5ef
ac1a671a
06210dc4
1c455132
450fc726
c7a3cc87
05bdc547
c5fb67fa
08d2e346
fc5b1a6b
654cc697
c719ab8a
fac6eca6
b9d772d2
9205db46
4e15bc24
a92bbfc0
2fe04c8d
9d7db825
fa6a7bb6
7b344925
25ae505c
02b551ca
16b61e70
332e9439
60019cc5
6850ac86
311f5606
9c086334
3955e327
ce8f52ea
58aca59a
655adf9e
ae50aa19
81a8cda8
8310535f
1daed180
ac08b65a
0e211587
649c1798
813ec5e2
8eb3a624
c9573087
cb9592e4
1fc767b3
86500976
6b8c64a3
65f05a57
c69572cb
34fbbe37
38faaa52
03ad3a06
503032f2
1ccb2e2d
b7a9d55c
37fd48e6
1acafe76
f812bb2c
e3b32830
9dfc2f25
485e4c0e
44353529
34b33e84
825ca71a
74d36e90
b9bb229a
27c0eaef
f7d56831
480ae87d
393e110f
25ce322c
44a3fcc2
36787718
5b10b0c3
9948248b
4734c332
45425759
3483567c
40938855
4248be35
7320f07e
68a197da
c9224cbc
5d742633
12579387
dab4b3ba
41d8f6b5
2c2c9932
e64b15f6
209a3a47
289155d2
2a872fb3
44448220
11985a76
93801816
7513ed16
74348987
722810fc
1a59e8b1
010738b3
e8876fe2
124533cc
9b89776e
a5bd3dd1
af294b35
e58d7683
5a447dfa
9d5af042
35a3da3f
58be5ff4
321cd233
4c7c1b51
554c8de4
99c1c93c
86095501
e73d7147
1920afc0
b94db9d2
9b847af2
b8455885
3d8e2a02
771c22c1
34c25a5b
0d9221ff
c155cb04
19569fc7
5d40c25e
b903c1cb
16c52329
aea59510
31b797b2
afcc3fca
da27307a
c6be069a
8e9b867c
e10780ec
30246130
91d97069
2360c2d0
92023400
18014e60
0fb283e8
00d1d977
c6d4ae57
e3d08eb0
81f6cee5
79670d7b
82c24ee6
d7358433
80348054
52a4d4b0
36dcc380
753f5c32
9a03b280
cf02b7ed
5165c3f8
8024b512
0000002b
00000002
0000002a
00000001
0000000d
00000002
00000320
00000020
00000000
00000300
00000020
00000000
247b1014
8cdc5091
8be825cc
405ed72e
82f6a7e9
6ccb9f35
5210b573
c20098c0
978c252d
aa0db56b
f96111dc
bc38f8b1
0c33260e
323f1936
ad39862b
0e100a41
3a197478
99f3539d
6858c1c7
ebe82471
6a05eb31
4e8ea080
20454354
b316f9b5
75babb32
6a1ba81b
7e84a2a6
e7051146
c4a84870
6a77cd1f
d200d5ee
f3116ba5
b6cc4384
df4e62f4
223fa180
6e11bc66
0d19e4a0
29550963
c040dd6b
d0525618
0a887308
0636e660
243677aa
b2375804
4c737434
6fb4c33c
03091cfb
21866921
d97210b9
820bb552
1b85933f
5012425c
29055b98
256c8401
f97f71e0
705b6179
4661db47
7ca28623
85b3a508
bf7ab6ad
6046b772
5674ca16
54701e09
19ceaa55
59579159
49876385
f78573b7
24947239
7fe7bf47
7a699ad3
91e937f2
4a693080
1085e4f1
326da051
924672a1
ed478832
990a8d0b
c7894329
d543f567
3cf55527
be211426
b89c8764
e743ccf9
9e177b8a
aab6f4d0
b6844604
b730bf6f
56a1c842
392241ac
b814bc9e
74c8d9f4
0ac2c16b
0936dd9d
cf47ebee
50f68260
75b18ea4
13bf61e9
27100020
0ad6a07d
7325852f
47b20869
ce5881b2
48370af8
8b1b74c3
5780f6a1
038602b9
3b684b94
b4356a85
8eb3b7a5
38f56c74
796c17c4
640791b5
37e26391
bd798e0d
24357086
65a14674
78d30fa8
3a1cb60f
a26545f0
48867d35
d4153582
3bd7ab86
763acf29
a4b21c41
658a19aa
6796244b
195d6632
c603b769
32eae468
03546585
ac6d85d1
c9147370
c4a50273
553476f3
62cce923
4f805c33
861c7bc3
bc2b6160
0978295b
348f0cab
a49569c1
9aa84b9a
a84fcea1
13b1b0c2
427523d8
e6bd56c2
b735fbb1
c0667184
61d926bb
235a077a
14c82c66
bb5a37e0
283ae95f
530721b4
1096abbb
62662899
b311118e
2536342c
7cab2296
147036ef
510289c8
c024efc4
a30e165c
2287afe6
3c874e40
2126f57e
03a84381
7f579c32
ed713659
16d6bab1
698094aa
2aadbaf9
5bab2b55
a4a80a7c
7c838768
7a7f0220
87fa4e8c
2e2f7af4
fb980336
4de4bf5c
a74fa6dc
864f7fe5
7f0c5e36
99bca8fe
ca0c19a9
a1c8ed9d
cbc2a499
30490a56
04528f48
28a15524
f8420774
b8d53396
15027922
7159b2d6
695f77d4
2830438c
8ff96144
b32b4c71
744b0c5a
b162f200
4160ec98
9f9651e0
821078e0
a04b828e
c21d2327
1249825b
162cb101
b5bbeae6
0000002c
00000002
0000002a
00000001
0000000e
00000002
00000320
00000020
00000000
00000300
00000020
00000000
1d103194
03198a38
a2450402
738614a4
23a1ab7b
68a2eb2e
9523dbc3
c3b88992
51116085
d6619c6e
4c02b40c
ce285222
8b9026eb
b23f7980
a6b58707
c89cf36a
6bbca26a
7a02e1b3
c4a5f7b8
b95b7bea
0672321f
6249fad8
d1dc0188
42e5bc15
4b2802c9
e3879658
1ea4b1b4
5d6872a8
ebd246f0
8cd62471
170f5682
9cd82f37
0900a98b
2eca3651
48d8b0a1
c0f2ae81
7c632c1e
f130ad9a
7f4ba44d
31723289
f2a3239b
65e4c86d
f4b250b3
665098c6
a601a59b
6d54fbdc
f5695a33
c817349b
ec78ec56
78c46422
7e41e10a
662c0418
0c8a7b05
b720de2f
bb062c76
1ab76ce4
5c25d96b
168b8567
a1a30b56
12ac6165
637b288e
64fd9400
61328c01
0a837bb7
7c50214a
9c8450b7
2f076945
10fc3f89
9047848d
74b2741c
62fea488
48a10957
f2580c0c
921553ea
a5aace96
23821b15
57844bdb
1484e625
6a3cba4f
fc5e3ed6
a691b25d
434568d5
78d51247
5a4c5eb8
1ccf9b59
62c6468b
41c10da9
4d5f8c06
19c90e33
0e511cbb
027cfc7e
da109e05
3bd07e77
9eba6916
e2349f20
60b182ae
8c6a9755
6417b3fb
18e74cc7
bc701034
d795976c
15e73367
7e189851
1a617513
c81a62ca
5691d9a4
a9b3b2da
8dc28f23
f31af7e1
812c5cfc
25d9b817
341650df
fc4040c1
94914b0e
b80065d6
b833190a
83510d87
bd3bba33
583cb428
ac287174
e5995bbd
12b047eb
3c102f31
1a39e11c
82cf2b29
1c408d65
870127f5
38f5ad95
c305f451
88c85238
fa6153c0
7577454c
f91d01ed
db52373c
13cc703c
8512327c
4ccf4579
4cd07193
47c3cc34
3858c0da
2da408c4
f92a2619
da2c2c68
53c37e3a
9e72d432
a129b8a3
2b00f518
bbc10c50
d967c6e2
332301c4
4f24f61b
53940d0c
2973cfae
37b078c3
8c5f6e84
2bc22460
1150a00a
cb0eb6b7
c8540e41
6a08d0d3
470da1d5
c865bd86
f97de73a
78f10839
35e2261a
136e7a6f
b6622ff3
ca62aec3
60079bdc
ec003333
18e5b24b
070b6486
e5d299da
738be398
15a6a03d
8a2dbbca
35cc823d
bf4d040b
92270268
cce9708a
21783960
586e40bc
4ac8e543
9a63c346
93d15629
a462c148
20ade026
7910a220
5ea9cc5c
99ba69d7
dad10dca
baf40b34
2f9adf6e
23272eb3
b21fe13f
2f55b150
2fc0fd96
8083c1c9
00a28018
d28c2f52
c35cf906
f2474a11
37d765d5
b2eb752a
cce0fcee
c9831a74
1d07ac48
9ddc5fef
0000002d
00000002
0000002a
00000001
0000000f
00000002
00000320
00000020
00000000
00000300
00000020
00000000
8dbf41f4
d3b0047c
115bb463
975f841d
9cce0b7b
5157460f
c119c44c
483d8f42
3d25d635
f9cbc802
84c134d3
6f0c8258
5810f7fb
947835f9
89182a92
f2459c1e
b991a891
5b02aa7a
b3576a77
67dc4118
71ca12b4
e476ea8a
110faf7b
429187b6
e4b50cbd
d2a5a493
7f7549ac
7d70127c
da2daf37
66a9a718
710804f2
b5c58895
11db744d
8bcb84d2
588badfb
3cc5ba84
0b3d7904
40f75d76
17591944
d67dc150
ebe38d06
3018d99e
f661e55b
4b66063a
31c2daaa
e2c9e033
26342e41
28623109
e18af517
c0c65498
3c166b1e
e3509b39
f30d5f64
8f9cd869
9b253c65
07c02f96
cf843006
b902fceb
f399a9a7
bb89c101
94ce1327
d8742ba2
9280c233
5f65490e
80bb98b5
a443c4a5
01af16f1
77aa8015
118ab60b
2b073a98
bbb127e1
8d1bfac0
72a2db4c
54fd7f5a
1d24b604
8581e1e6
8c4db221
7799ae27
5cad485b
f428b05c
41a780aa
ae73e7de
69f52e44
466ca2b4
d4b37698
74ac7ca0
1632fe31
f5539300
d5d6254b
c726aacf
b44773cd
fc96ad21
11eb5144
be9736b4
b27a4dfc
347ce02f
8a3cf4fc
27408b70
6c1adf6c
c0a97389
a5310282
78e8f192
b63248e9
c97a4724
1719cdc4
5612db9c
4bd08262
a529a745
e680944b
668ca787
22015b57
aca4954c
2cd707e8
c0548e02
e5cab8f9
06998b38
14120a1e
e1adabbf
86ea5836
8b970044
3683a100
49800917
5e7bc254
3694d658
3a10861b
444b378f
778b314a
fa183835
26a06583
1470e233
23aebb13
9d639106
eb60b322
f8b133d7
a108fb6e
52ad7591
d82812d4
be97228a
bb99e069
85f39bcc
68cb1179
a06c99c2
66742873
1516a3af
621fa30a
25ae77a4
a8d15418
1492764a
2c077018
a767de0a
b516aa08
821f0488
b8cae1c3
616cda4e
1c3a8e2a
8dccb147
ea35f454
b4cfc3b8
7da51030
4578220a
2a8bb8e0
73794b9a
7741bcff
fa63a744
35dad30c
ca86e2ba
ca4f115c
be394839
ea2ea06b
a2806ea4
bcb66311
be9e8640
25b23879
865144b6
080b724a
ab90cc37
041b5a69
914901ea
4b1fbb57
28f588ba
47c18745
908ba116
30a23591
c29009f0
69ed0067
88fc27ae
3c1bd504
e547c8b3
92e4758f
9bb1e2d4
3c0abba2
8e602ca9
b5ec610e
d183a554
4e23023d
4235d272
1d5e9371
5657874c
e6121239
305ba97c
62a24f4b
2eb5b201
9b4ba695
1fbdee0c
3af8204f
2a5fd3cd
85cf1365
2fcb664d
0000002e
00000002
0000002a
00000001
00000010
00000002
00000320
00000020
00000000
00000300
00000020
00000000
fc8c08ae
0acdb03c
1968499b
6b51b958
fa5e0037
ac623924
87490734
713abb94
c9e7a028
153ac417
55860e68
5c398e70
bcbe07a5
726e81a8
b622a10a
c9adecf7
f3f36396
aa49a23c
ff0be330
712d6be8
c2a5fb84
a0bde5c9
46848971
49e85893
f3031001
cbe6b446
92f00306
0d3fac57
38f8bd29
cea5d338
89bcbb55
0cfeb008
3b5a9d3c
e725130a
ca373dd8
02f00c40
a093933b
baf7d00a
1c52f8bc
df8559cf
c01e1e07
890334cb
247e8692
659a3a54
2d588b18
ef018bf1
35a455c8
29439355
21482a8a
fa4f37b4
363b1b81
3d3f3bc8
06ae1450
c2ea8680
af85cc5b
97e44992
7df45f5b
6b0f4032
54ecbdd9
76a8458f
d7a124f4
494ebd95
5856a6b1
3bbe33e1
f0ee6b7b
ce504620
9f644978
1c874476
1d74d451
46b0041d
db44482c
88538970
c834d30d
fbea4d77
cc36ba27
c512a44a
f27939c7
1b963c99
f01155ef
aca0ae95
9b16cfa8
bd6f890a
5af06546
7a781ccf
4e490791
066cc016
84b3ce2f
066a339b
40d98bf5
77ab8443
332c80b0
2ce88126
2f55a01f
61a1e7f9
01e7188a
cec0128c
e343e492
966cad9a
9aa3ab31
643c3097
b4f91d20
44a816ac
b6c83149
10a9c89b
7611558c
f705a546
db63ccbb
1fc84b52
65ce462a
b938ca2c
73e7630a
dd611825
a8142ee4
a0f6093a
7b8314e6
d42f96a3
7e0a8d5d
cf450b86
e023b8a7
0dd8c19d
43ad8303
cc46c040
69db8274
f8a9d2d5
13357fa6
41027711
eb64dc04
65f05c5b
89832428
c06d690d
1b735019
19091c06
ca79758c
7c269476
77069698
9085b493
67261ac9
0f628d9c
bd0ee937
6baf7d96
4864c34d
0ec9c9cb
637d9eba
c4a82c16
a16c9959
7cd66417
8e48ca87
9b380988
a9046794
b7304b26
2029f59c
84334bda
4a778fb8
780092cd
72f7a8a1
9653b6c5
21bcb941
a16f66a2
21995492
e7ab4541
32914f28
64cc7c89
e317e16b
618c6133
32d18070
da2f0825
faf6237c
64d1109b
9e1dbb33
7cc5294c
6539569e
0d62223c
9c0218cc
1fd6b56c
f84988cf
39123c75
9b92c261
5c68d0c4
c265b9b4
0b223cc9
7f350ceb
33bc7513
96b1b97d
d2825100
a2917262
ac123545
ccaefc2c
6314441c
1c431963
710b367f
28cc43a2
5778fd89
02b1834b
3a1d207e
b34a71d2
37e556c9
2d0f2ce6
5e00a934
ffded467
13abab70
22ae5955
791de5e6
ed8d1a83
1d742932
e4233456
a825eca4
fcb7abe1
f47c36b0
0000002f
00000002
0000002a
00000001
00000011
00000002
00000320
00000020
00000000
00000300
00000020
00000000
de9d569c
78c15ec7
127302bd
26957706
bc5e54b2
4ae14fc5
1d9a8289
cc9d9dba
515099c6
a9b01289
db2c6d08
39415079
229a1795
152b2965
56950913
f13213ba
e906b612
83011635
f7b61662
c95c7371
11f2734f
a0c61089
f0187935
1dcb7a8e
d3782119
194a5d42
6718d75e
5197ccb7
87733366
771b1c27
371521b3
6c99104c
3251c193
be7c5375
71f9aae6
587676c7
5c0284ac
1811bb67
ae86e2c1
8049e98e
05781565
01fcea65
bc272c49
b48dbc43
2870cb4d
5bc29afe
c9571fa3
3c133676
5ac1934f
ec7e8e82
10e2a0b6
d1cbe123
51a88224
8a8237b8
5293b7e4
35619f5c
a25165cb
27caa5a2
0785baf1
28667941
07c9424b
9767583b
01b52cc9
37071035
c2a171d7
4fa89fae
911c15d6
4c3229eb
2bdacd27
6f44e684
727cb643
7a476cac
131af297
b1638af0
71c9d53b
8973db18
b8896bd0
64eabdb5
ba6e7a24
74701b58
053348a2
7106dc4a
3262b021
b9a07b48
5e984010
ea4c9d42
41622c61
152960ed
588a3ac2
c337716f
495df6eb
f74e9da8
4d22842a
0175a805
c7abbfd7
cc71f961
43415775
e820c0f7
94379129
3728cc84
59524942
5e254fa9
5f6db0d6
41b93353
6762c881
a249f2d2
208d156b
17402849
04288535
fb550251
5b20ae3c
0b92496e
f3b98a80
1cd1c541
9a0f2143
15297548
27f2df9b
2739924f
c23c9475
b25cb0ca
4b313a1a
791211f1
9d900dcb
0cc955ef
7bd61f58
bc00ae62
c516034a
78c2b262
6071672a
5f3baa17
71e7b781
3aaca428
4dc9d408
f6725dc4
0f95e07d
0f653042
56f251c5
bd920c00
d9664352
13213c92
75e46247
8a99d694
296860d0
93cbdba8
66576431
c172474a
1f338dc9
2db9ba12
c504b277
90e70c46
ad6af0d7
16fb8345
24bcbabc
f47fe657
14104acb
6d877f95
13620387
fbdf4e08
16571663
bf1335d7
f1805eac
0a08f5be
c3106a97
245aa3c1
3729fb93
6b954609
ba0417ab
45b6ac4a
5c7d7377
6bab25ab
21d45fc1
da8b74c7
3cb95475
8d16204d
5107a550
dabf895a
727a5c2a
0a44b9ed
8b5957d5
5163a1c9
0256c294
7cd07239
98054d09
ed56f9a8
d8a3c882
9d378cc2
5224c1a9
dc2290e8
6e2cd070
d70b0912
70ce72c1
4a84f3c5
4758ea3f
a377e94d
ee7bd7a0
71d82998
a922bc60
bd853fc6
bc79b1d2
15c26410
fb1b8226
c646b199
05c0f128
780432d2
ab581c11
b9f886bd
1005738f
e9166ea9
00000030
00000002
0000002a
00000001
00000012
00000002
00000320
00000020
00000000
00000300
00000020
00000000
b7453b27
2546b3f2
4bf2bd24
096f026c
147455d0
87979e62
2497f70a
46386a6a
bdcb20a7
6821a265
0ab40177
2fc6da6e
5b0f689e
4ac42222
2651b7ac
f403ebcb
865c5527
5f1b1785
d255b8ed
57f30a01
c00aa028
af97e0c8
7beb5e96
3d209d15
79090893
552e462b
bef86f1a
cd71c78d
2c920a4c
7ed1c471
bbaf927f
04cbb8ba
75eb1632
3fce34de
c0459e55
3e4b5d34
bbaa6a23
eae330cb
bf54333b
353fc5b0
1c773c30
ba8664a7
efa74bd4
28186fd3
b2a617a0
9843d89f
c4af063c
3699f160
c0b35147
7cc220e1
c20c6b31
0dbd341a
a53f8784
2912356b
1e770856
e4b7ca92
379401a9
cf0c78e5
b1c003b1
3767578d
aecaa263
f2e9b3e4
41c19616
87030418
59607cf5
62992722
2e62f595
f44f85b0
0cb39a2d
435ac732
00657c85
92556c96
4ca9d567
211250c5
9c8c3645
819ac2e1
ba473e64
b749313d
2db67b61
da252455
551bfbcd
68972376
d4a1b4c2
98f7f191
cc0a15bb
0767a635
859b8b5c
e7ac29c6
a99974a5
3daa2f47
bc64dbb2
87c84d8c
9115f00e
a63e074d
9c96c926
38824a98
b7694997
6a2f6c51
c834f420
64866b71
557441ab
59d291c7
3b51d2a1
9ad07042
51587a19
43b7d533
464077b2
50382022
a786078e
2268216a
8cc0f888
5e0d67a8
5c36250c
c829631b
380b1308
f8684aa0
27768450
a56766ce
17ac9244
1dc42841
33c1d393
82915ad4
45897e7e
15009241
b075b317
0367fd1a
98390905
42a974ac
3034e663
17ba2b7a
09906113
74b7d498
515c95ed
70d55590
c4621499
f83cfb3b
19195668
6fac8a75
b729d86c
b5b8b5e7
a9d77630
aacfd3a0
a6826eb3
0accb780
d54d681d
c7a49ca9
38b2d082
2ab0a014
ca347939
75561732
996c24f3
b57149c4
93c0e3ba
cbaffbfe
53f27a25
81ca8b24
00100a69
d5cfcb65
14f5e956
2f68d426
807dcf07
4eeba893
e446c195
2c8c5704
87907801
0a6f71df
93f285c0
086899af
97b64917
b45251d7
4765e966
0f3805f1
909b7e57
07a3f465
36430422
f25865f7
95ccf94f
a643e093
d06140b8
6b682294
092eaae5
b09721b5
0a93794b
9ca609d8
90811237
a545c10c
a761aa3d
e9622dd3
b0659e82
b376ba4b
d0b7b6d0
8002fb71
747e0049
d609d7c6
cd69b0c7
8a803f6e
b8a521b8
f7507d73
05d24f9e
0e89d5df
f8a60770
340f7019
f2686e3e
d2a74ab2
75c6f7a8
4ce5f310
7997706b
90e5392b
00000031
00000002
0000002a
00000001
00000013
00000002
00000320
00000020
00000000
00000300
00000020
00000000
3e5b49ad
72040372
76a7647e
cd6f77ec
f1caa452
cdcc1066
ba7a28db
2627bde2
70c7845f
d14d6bcf
a8e28002
02b9a468
0e06bc07
61e83994
21d47772
a9ce0cfb
23eacf16
63716881
011d7706
85371d3b
9c5c0fcb
a326aadf
e7bfbb91
41021e93
4682c727
da456b35
73e12e4c
97b79bc0
54f71d57
41c0f23e
2383d3ad
b0628688
4df2ff68
a4986130
58932376
9358bc3f
132a0c26
a7bd9d00
3b212d29
8852eab7
b8be486c
4d559191
6bbc1207
ebbfc532
7aa93803
be4201e7
56bbca18
3e0bce3b
aea5f15f
e1414ab2
0b0cd730
3e9c14ae
35cb0e98
427c08b0
ed89247a
70ba2838
26d3b88a
ed27655e
46a159a1
bfe13406
1ba6ec3a
02b28af6
917bf9c7
2faf33f2
c3381da1
656aae24
c8175485
dcce1292
121869ac
b295d14b
08905156
a3e40e28
f78c2a48
7b1fa127
65aa2055
7579519c
82c02c07
b5d53d0d
3c883af2
d94bb011
3033e07d
3935c7bc
84622499
0cbbe4a9
163b4968
539f9c98
57c741a2
9e847c08
e0831faa
9be990ce
32b62ae8
b86a4484
27263690
57ad15ff
b20e4001
5d42402a
62997954
63f38b39
5ea6c19b
42a8e5d9
daf28208
461aa674
953b1bd3
b3b45226
3f8b7930
70ab5ca3
d5d34885
657ad6a5
d8a4d947
a072bfb0
24345c82
72c2f9bb
1477c4f3
a7546aa3
19c684ca
2ccc6f47
5daabd3e
50cb516d
124b6d93
87886b12
e910c3fc
0b0cb739
8852f1ad
fea502b0
5b605dd3
c220a769
1490b740
7a87915a
03db017c
c351d5c9
548113ba
4b2b3365
5d33d0b9
729d7771
5754547f
ae1f9b44
cc65c2f0
ccc6c5cc
5c90dbe3
8140beaa
be2510b4
2b1064b7
8076493a
0dbad126
5b70176c
e0e7ba45
68469b37
04440961
d27f04a0
51dbe883
f3443150
39889ec8
53043451
38aaf369
14d88b38
adb0b435
f5b2c577
951e6cbb
be0616c2
2e982c41
1a59a27b
a9000545
47078704
c7bc8b55
9d489d78
9416dc45
54ea87b2
78e9a655
065ea689
a4960ad2
b1532341
2221dcaa
2b21264b
32bc406b
f6b5f22e
c5b20620
52c9531a
d97bfaa0
a88a2123
ac7bdf15
075ff6de
849b70ec
8ba12a2b
669b6cdd
ca6575e0
1512f797
a34f4946
7c467667
43a01d85
2e2fea32
10893a20
bf959e92
d77b66fb
01de632a
8be7c2db
48a4f97d
83fffe93
a3b7138d
615c90ea
304cd5fa
079cd4de
a4009ffc
5f7b80dc
e61259c8
704f6771
0f793e68
2c4a70de
4f50e56d
00000032
00000002
0000002a
00000001
00000014
00000002
00000320
00000020
00000000
00000300
00000020
00000000
6f829bb3
887a0a85
96915594
9c588ae8
f4ea5ef5
7caa3511
fa5c3c48
885a6c04
1280a244
31b27135
f49fc3eb
a7b64aab
d930f684
f4cd3575
88ec6ecd
f0aa3818
48138222
51d69a71
8c9bfb14
58b4566c
1423d4a7
a885c469
e6593fe0
a9ab4460
9ba8c2c8
8c5c8ef0
508085bd
85375c91
808b3c4c
26727302
30b946c3
d9b85dd0
15261566
ed5e96da
53f98dc8
7afceec1
5dc346ae
f720ac97
24c1023f
9333a3fb
72f31671
7874e339
932de7db
80c0c6b0
5282f8c5
3cc45908
62cabfc9
5d8b096e
929d6125
ebb49522
ad706445
bc5a01ee
339eaf79
247716ae
282d3bee
95157d35
39323b8f
1164b9fa
d621ab7b
718c2392
fd6a871b
24911d32
47501795
b35cd03c
347c0b1c
cb56849f
ca043b61
0bb8a4e1
545a1135
c13f08ae
897856c4
ba773f44
193bc630
92fead66
5509cf60
7b1e2ae1
87125345
4d15208d
5c3aa79e
72c32063
8521086c
34b10581
39c36701
361b811b
8a0546fa
13c7058c
21f35ac2
4c31e09e
5c035cd2
37e23cb1
5f7b9044
f9517265
56a6f420
c38335ca
f9d57100
9d981b75
9723aa7c
172f0743
8179ffb1
0745b498
5be7b729
23a66b97
8b94708a
ec1da131
c9fb0b94
054face0
f005bd74
029b25bc
900e6ba9
b5c97343
8d3684a5
305f5629
cc5f8170
361adebb
cebaa617
b16606db
a4eccf93
58b6729e
428f2014
6ffa996c
ff8892e7
7164923a
af83b9c3
b8312629
d26c5c72
3e131c26
615ec767
81b89af0
7b91c47e
9449db17
058b8ea3
0b3bc6ab
22b2d6cf
c1f75523
6b589473
81a63804
44896600
17b89266
78731cf4
d2877306
c9e81988
960888b1
306aa2a5
76f499a4
fd2f659e
50e3acdc
15a58d3d
1318bb24
a90c5b8a
cac8eb72
ee756b99
260a533a
28810944
44988739
4c19a6a7
39745dce
76c7429e
c43d1ec0
bf92a94f
2d8bbb90
c9d7ba80
85ac36b3
e1a8fb84
48c77e01
14a04f8d
7f053196
7417060c
961acc1c
05ba92c2
ac0eab87
04a373c6
df426c5e
4c7c8a01
9cebd597
7ab0415e
56ff956a
6d231610
f691f68b
77839f10
52c7314f
f57d9cb7
78ac1db5
8c389605
cc71d9fe
071c30fa
ad30ff99
b8b7f384
58f230a0
77012287
0058571f
f3dc94c2
2bf67803
e0dd58e8
0d979565
02b6e73c
10c4334f
e53d1d2d
d8ee01e6
b7e5c656
1c36dc49
a03186c9
1024ae0c
31cd6ce0
fb2fb0ac
4635c4ec
c6e9bfd6
5a435c9a
29f0d835
00000033
00000002
0000002a
00000001
00000015
00000002
00000320
00000020
00000000
00000300
00000020
00000000
2365f1fb
0bfc5a86
93635b10
3da8541f
8c53cc28
9a96d9ab
e0267b0b
15774e99
537c52c2
9029b4bf
d72b1c7a
359b8c41
5093b5a7
8967245c
1038cac9
8d2108e7
417a0988
bdb56e7b
2e9b0510
85540654
94d7f75d
7c4b759b
834f4240
65a01a14
03c08a08
0a9cc83a
a8c4f5b8
09732202
40e6a5f9
72296591
6a591ad4
28b8b064
38599e3e
03a57744
daf54859
c1ebafb6
7a6ec89e
912b7723
45b3810f
fd40c1c6
a8e71047
72082a89
a4c1523c
899e6346
0229a215
8e0c13c9
15c82674
820327ce
46a81b29
30312053
cc53073d
d92a6b3e
32d926d1
bee0fb73
1689e4b2
652a68c6
9f86729e
d2bdb70c
34986b96
abf21cbc
4b4ffc78
acc3873c
36f97d9f
9b251bc5
3abd6026
8dc402ab
e91edcad
e04e7a4c
b18572a5
4fcb316f
a22f9829
03d54041
de09089f
a5ddbb95
a3103307
ad47d20b
49fc7dac
c330191b
8ebbf2c1
e7da3900
c1764ec0
87c73605
36af3285
9e37a63e
410e75dc
d8196697
7c39d725
7e21827c
810e212a
85078d39
05b31b20
b9dbb2ca
56da997d
53349cd5
47d90d5a
a677f17a
59a1fc54
8bb3afec
5e03792f
014dc841
58b31c32
8da3ff8c
3a515651
e8fd41d0
55c41d3c
9a9917f0
dcd9c846
7f183678
a2476276
ece065fb
5af21cb5
efb948eb
b4ec6621
c07bf721
aa0e92ab
20d4694c
63c20508
eb27b5a8
fb715dfc
1de50e88
4a76f9ad
f4da098a
7de0ec9e
61b71909
0a05077c
6e986793
f2b51533
896e8c86
c768267d
16243aab
d8bb3838
7c0021c0
034fb621
f147a165
4f66dcb5
3a2be5ee
f72b086a
4f81763e
1d2342c3
42648546
c0122041
05a42208
7cfc03a6
9cac1f26
e600b4ed
689bbea2
39376f02
6f0215fe
80e4be9a
91b24d5d
37632085
3b6458a0
75e4687e
3e81c485
35e25faa
83c7aa93
743058cb
4152c26b
77386f86
929f8156
4b036ab5
8fd6950c
fe1f57de
01590bfa
153b82ba
7a99b414
b6d19ae5
8bb4301c
699ad4b4
45ec6ce3
57cad745
a1678bad
a5764918
ad7be6cf
bbc9b71d
e1579830
8d3a8f9f
46455cdb
e3170329
cc0ac65d
43965c9d
2a1d3c59
5060d689
bc164aed
728b19da
502755a2
8016302c
a4801f56
1cd2b500
1427e6e2
e7865294
a6f1b212
3d1f9197
ace60b82
a5eae26f
fc1ca912
c8113278
d88fac99
959aca64
b1c91769
2b9ead4d
845c51ed
a5e92e6c
737acfcc
76823886
3c30c19b
8d97c759
af7ab85c
00000034
00000002
0000002a
00000001
00000016
00000002
00000320
00000020
00000000
00000300
00000020
00000000
812fb68c
ec741e88
570ac205
637bdc2a
7cb67e10
36e5fb5b
faaf30a4
03459f27
4e37cd8c
053f68d4
06016751
93a9c638
f096bcdf
92913285
41b7623a
ed8630e7
9b4d03d6
a063ec52
81cad671
4b422d6b
8389164a
7fa1aa7f
5879a448
2392388c
5ba7f83f
70c6be5a
bcf0257c
d2ca181a
289032b4
b1ca432a
06894ae5
885a8744
bed8c2c4
62af6948
9c1a5c86
7fa7a530
8dc8438b
f86e1bd2
13db1645
3666b793
26008e70
86091236
d28ca81b
c61c1932
a1984284
7bb11adf
57d7168b
4ec2d373
cec68665
2c707ad0
3c31e709
a1b61797
baf99289
c3611fb8
77a4ebd3
c870a6ac
252abbae
afb4aceb
56c3b087
a4970c52
acae56b6
a4fa073a
650a035b
668059c8
aa05c99a
a461da5e
193ba171
f2759fb1
1f68bcc5
5517c7ec
50bd4b88
6426ed70
0979ba56
e24db5c0
aee6cf3e
2f75094c
c36826f9
09f3454e
bf43e24a
561978bb
6709cd69
4a22fcc9
774a138b
42098379
f02dc5d4
1287637b
caf2c33e
23b529e0
3c49c506
4cc48d50
d70aa524
b66cb878
c08374b9
9d4b8cf1
59d25f42
2756d5bf
13c9f4fb
29e59c0b
81b53168
85bd0333
b576886a
7b79b238
130a03aa
02b0b9b9
49c6df4c
303f462c
13cc4a8b
18f25ca2
d46cd4eb
d9668022
c89b233a
c14d90c2
328123cb
49a73a44
ab9ef23c
0ba998f9
28dc3bcd
5b58e16e
bc9ac36c
95b0cf08
5c52645b
661329e3
3ce0927f
380c9692
29a13aac
16c13488
8a6cb2e2
b1f52e07
c59acc5b
df87f003
626dad86
7db90749
4c69b1e4
a7d86a32
bcd41660
76addae7
f47160d6
4415ac09
a08059c4
9b328cdb
33e2d040
8085477b
f66a83fa
b6e1807a
a0659701
92a836e7
ca88e392
ac3cf92d
a47eb2f7
b309fea8
b6292549
44463903
3c711d19
7aac18fa
459a486b
7fc0244c
b869d71b
b63fca41
4ab60b3d
e0545926
d2d61558
6f06a684
2548d197
808623f5
806a44b6
c398aa27
32b94936
2bfa8eae
10950a2d
69d69dc1
27fa6950
3142d6b7
78419ea2
78828a5e
54a536e5
95af1566
28176c0f
607161d1
45d7ccfc
2e1a5b44
011683fa
e6b7a9e2
8a837177
f0054b66
590cc044
86928f80
a9b7d45d
aaec2800
6f10d8ac
777112e2
d1888863
5608ccc9
70dad358
daa3644c
50fe4381
bbd3e41c
c519839a
69132af6
91215074
643df616
d5182531
e7d1949a
99f1022c
4f87fc54
240e3fd9
7e35852a
0efb588a
8498d45f
00000035
00000002
0000002a
00000001
00000017
00000002
00000320
00000020
00000000
00000300
00000020
00000000
63808170
e308a79b
3d29019e
b215f21f
806e7fe1
ac278933
2b2a71aa
3c1a3834
0d828409
294e4802
05703a14
ade80b78
d20b488c
8cb657fb
19320a3f
3d696c66
dcf7320a
58e4ea0d
5383bb60
d8fc9425
558b87b9
b7c1134a
a20c3ed4
c0458b1f
80b483bc
033559ba
5c844dc0
4c785963
934d9fcc
2c4ca895
438fbcec
d1a8cc17
a58c9fc8
3d6a3c7b
acb4c3c6
aa7af596
036d1550
a1520894
8e401b56
74455c09
ccec0071
21828d5e
e5a43657
ec445b37
cd88fcb2
ad224a20
e78730a1
93b25cba
d773f6ac
e3763942
61869584
c372c894
a33e10d3
8f4771b9
5aa4db55
ca903231
ce6bde28
5681ecac
14978de0
3608a44b
8944176a
d4388cd5
77c104a4
4461556f
425e4007
16476c6d
d2b729e2
e783b70b
0c244538
ec993301
778e48ac
806cec63
41c6c186
10930ab5
bd232f80
976b2a59
a03a2912
ae54e39a
f494f918
75f581b6
2be76450
de6768b5
7371335c
a6b4b765
310108bf
2cc36d07
b69a1291
62966c4a
f8c5214a
4203665f
9162a24d
5858cec3
73462f81
39a7110d
c97410c5
c11546b1
b532546c
2b87a137
9db23243
fe31fa81
861267f9
1097a881
168fa8d9
9bf88e9a
822981c8
ffbcbb91
66014c70
a39c0770
25b07632
60bd12f9
8831048c
8c71ac53
e5af418a
bd15ec3c
e4345454
19632140
3726d365
ebbadc8d
80d32c1c
3098b84a
5e3bf2ab
79653ef2
a8d1516f
f5be4a0a
c6f2c970
13412203
7b399248
65e1bcf7
4f14c3ca
ed7a6518
d4dc22f7
a17b1556
bc60555d
55b51fe2
c37c86b7
93a51c54
e1b17688
20598a4d
b1470315
23310729
161c726c
5e4e6c65
b5042df0
0777f381
7a2f9275
89021636
2b42b9af
dc0ef290
e46a54c8
3da572cb
4442b2c0
60d10507
52e88035
1d8088ab
779f4971
a09b0f07
284e4097
11262db4
678419bb
d16bc10b
06857b86
c2c8c3c0
838dd762
0a0ecacb
33831e1d
1f833ca6
f1fc13f1
56c97837
9029b6cb
91dd0380
bc8a7971
60cc0330
44e77640
20d0d15b
a9b624f3
27b14314
a656750a
bc6757a7
00c163e3
7e331618
1e6fc1f3
887f0f78
26f99338
697ad409
40d7c2c8
7cd2bd99
61c6ace9
a0f8bad3
16671188
4810c8c2
e6820279
5867fe21
2a97f8d9
8260d960
021d12fb
39acdd16
48624340
06144850
3e8a2cef
041d1a7d
d367074c
75304314
5b3beafe
59d21dc0
e78840e7
51b7ae81
9dac70c7
1af401ea
00000036
00000002
0000002a
00000001
00000018
00000002
00000320
00000020
00000000
00000300
00000020
00000000
0012a7b3
5be9c379
c8797b56
ed36b70b
a01abfe5
69b76d2a
006455a0
2a45493d
9353274e
47cd11d6
951fad65
a98b3e0e
7e9d102d
cab5277c
b7f934b5
b77ef44f
9b7c00f1
9511a54d
9c967bec
b3df13f0
b495987b
5715e31b
4b9b5584
2eaa2c3c
0978e926
7512b558
0cd37680
5b38a426
d2f7bfe7
0b980899
107f852e
f6396d52
4c834971
16651379
7cc1c052
a7c25385
ec205a2d
710a7624
4e5a0453
2c34a921
428790e6
7644958b
e96035ea
699f39a2
1e7c4c0a
d5bf09c9
ca8d4e80
8ad4889c
999b9b04
ab7f43fa
0e446b58
00938a10
0bf58d7a
bab7033d
f5759408
cad77072
1443d5c4
1b61f6e2
d1c3a4b0
9edbf3ba
9fc207d5
538f3a10
396cf024
77938a71
e39bcfa9
39e4e886
4a079683
07c536cc
12b12790
f152cb3e
b16065b4
a0a559c5
32230ce1
686aa6aa
4ef8134a
9853c8f2
45a959fa
33d6a46f
a39de291
874bbc00
334864b7
3698f2c4
1342270c
62c6e3cb
551ed81f
3a5b8527
43c93cc4
d9741016
48946eb3
482c4380
ff37153e
31c3a54b
ad4ac311
97b21c2b
214a0079
b5171c92
e69ca044
f88b64c3
a7132381
9f241006
3156a9e8
95d98717
f42d8aee
77a30e92
0e30b798
d477f0c5
3561c615
ca38628e
2c80da42
255ba4fa
765285a6
2b0d9106
4286336a
b9c5c9a0
af05272c
f10d0247
6198b208
677b1049
d5c72e30
26167c53
709922de
c6846a04
b579d435
5ac6b8bd
5af59e14
23852a9c
90073360
faf7cb06
1b0a9005
d258fc48
41a5c882
b3267d11
212f254d
1ce07f11
57a7216a
b7ae46ca
418622a1
56cb546d
0f4332e3
70ad5422
c523df77
9308752a
6a0ac3e0
c9b6889b
3c8ae9f4
c4907a62
6402ec98
53c5c0ab
04083cf8
7cc8ffbe
8b3135df
6c9497cc
2a21ce65
406dc0ac
c7b8a099
422a9173
9b812c10
5976278c
8540dd61
ea443761
3ce784f7
10f39432
23c57875
73936590
0bfa11bc
ca68808c
78965014
9960fc7f
74757994
638d2261
4f66ba13
6e8fd475
1633b020
cb769394
7269c21d
311420f5
93790879
22b76107
1bf629e4
00b792cd
bacd333e
ba728e6c
20469cbe
3a4f9475
c5b6028c
7e82ec95
e35b184c
dca106c2
b2944d6b
2c679a7b
9314cd03
9debf97e
bbdbc227
194b93a2
58df404f
d9353ab2
b68ae260
f7120687
c461cd43
f7525e20
5d1b86d0
78dedc4d
1d092ca9
fbc2e9c7
fee1851c
7a36dd4f
b5ca6552
3f54111f
00000037
00000002
0000002a
00000001
00000019
00000002
00000320
00000020
00000000
00000300
00000020
00000000
d0a1c315
864071a7
0478ed64
c58216b3
e48650f9
b6c5b824
f315f8ef
d3fe2c9a
99538c65
8c0616eb
267da6e9
9e26b1a3
a0310bb6
00f47b11
4ea15d8f
c87fb681
32b4a18a
ba58568f
63816122
2340036c
781a019d
1e4d371f
33c26d04
6fe83d9b
5721d6e5
db15c8cc
a5778f51
331b1144
6368933c
2e2ad9c3
1764a97c
41026818
ae194fbb
2693c0b1
bccd8420
3702551a
f55b1b82
23a48903
75410eb9
2b647864
101c6837
c33cde24
7d81d28f
dc6a7596
6352e30d
c6cbe85e
a9f6c0ba
9638d128
09052638
f4d5cc79
ae786e48
42b366ff
90ff1476
ced202c4
cb0446af
478a428a
9553279f
9d38fa7f
29b06d48
7a615c78
dd950590
c02b4d72
c1f03d59
177123f7
e2a10706
22478e3a
7221e3bb
41f17287
14fa3d43
03a7ec90
e5b59c68
bb866235
fb8ae3a6
a4453376
3a63a339
591b777b
36b4c30b
84915b90
b877b651
c8ae6f90
0048f25d
dc4046ce
98fd408b
07f700c2
690fa181
d3748bd6
16bc4307
43b27044
87e84415
b384565b
10afcabe
600f557b
3ada2886
cbb44524
e0758c54
2ff1502d
02662b16
d1bfcca0
b5c71691
ab990be2
3a0e4a48
94f87f04
139ad5f3
490347a5
8c205acb
333875d4
f4b56b95
453a1162
91d0017d
538b8db7
bbf0fc57
8a5d70ec
077f6d78
5394a821
4d4c17ff
eaa862e9
59e8280a
359fb082
bb7596e1
94a8dc0e
2f85fc2b
9c57b194
5feced4b
17cf94a5
8aa699f5
9b6cc64d
12b0a0c6
54ed24f2
95699b3a
46693468
571e02c8
9e228135
d0c3641d
2ac6a9c8
6e59d70c
115003c5
486a3e40
91933fa5
563f973b
19a22280
3adc0952
fba03100
78400e8c
1d11510b
e099e888
67497c98
30fcd24e
a847d661
52c879f6
3fe8bf77
df286769
3a1ece03
6d2bc321
a04c538a
08b903c4
76bad9c8
d99a6352
f40eb719
7d694849
3d8223c6
95d022c5
ca78993e
be19d52d
f472ccfc
08741a5c
14198bc5
68f5cb38
15a96b85
8d102a63
cad691a7
9422a43c
3c2de0cd
a0f17b18
51a0d096
0d0f75d7
8b8d88c6
10b73069
f357d94c
35fc95b5
b8e0ec29
7a8cb6ad
35f21de6
0e988187
0e3f62f5
5299b1f8
792cfc24
5e39bc38
80c94a00
3853e458
75c9b827
322ac63b
44ac811d
ac26555a
4511f296
0e042159
eee67148
cc68ec66
7177c2b0
4ce9eca0
fc654db6
8c9d8833
6d55a0aa
b8ac45e9
98bb83ad
de1e8a6d
c1a3d979
8887f464
85b5b515
00000038
00000002
0000002a
00000004
0000004d
00000003
00000660
00000300
00000000
00000020
00000000
00000000
87c99823
e58e0603
a8c78718
826d4978
37e24055
0ae53da8
41d00c0a
e6114ab7
14b10178
1c009327
cab39f65
ba81c81b
72798ba4
22ba573c
4da7c473
db2aa9f4
e0438b94
86b0a851
6a2ceac7
34dec4f6
1666584f
7e9261b1
19ed1088
32ac0acb
43cc19df
e5ea7cdc
b9957f00
d367a4fe
a3d8cee0
b6e3d700
18b1c3a3
d10e5ed3
bb79905a
273fd29c
f0d171a5
671cf809
c60b2317
16125fc6
7c03d979
f1b5b272
dc0f73cb
8561c5ba
e974e9b4
671cb9e9
2bb685b5
19cc4962
66ac0f44
8af7dc01
efc5d742
04e07feb
6a260942
906dc69f
f4eb2117
c7784581
ed19a944
e19a2cc2
3a259139
9e31271b
c55462e5
15caa9cf
4b7e9c94
82559682
37b22c1a
873b690b
966006c9
5da7e48d
96c942c0
155f5900
8fe651b7
df5f3797
d566abeb
c7a53eb8
e10b04e9
b7c20760
24ecc14d
685e92d6
57ab2290
6604c154
b2cbd3b0
35848aab
9ea66f31
a3ac3cd0
58c92d61
33100681
02a2e8cd
70bf4910
b3c40094
0ea1c971
376972c2
3228890c
d76ebbf8
0824b886
6a40eb55
e2bbb976
784c3190
8933cf58
05a221b2
d31571b9
b3b85c6d
be1ae07c
07c9980b
4765782f
5b34649d
d0f157b0
8d511f90
77c9e530
40d00b92
08f495b7
82a5b55e
75490164
b76a936e
ef0ec407
5c43cc69
0d69649d
8717b8cf
db5e9d95
b107932e
eb4ceb7d
896d8c95
0298cbcc
7224652c
bc273117
5d3b8d9f
c88b321a
14a66272
100be8af
7960a226
4caf00e0
04d774a4
f56b44e4
d0720b67
753c4995
615c964a
d55e1af4
49d71372
d0c9f79e
2775a860
8897f13d
bb2324aa
ba8184a8
4af04b9a
c4b3d898
06f12353
0e7c41cb
e7bf4690
755a2ae9
5b37235c
217c0ba3
cb1b045a
18aac49a
5a7616f7
07ff6147
144c9258
f46b2cad
aa9a9410
af076dbd
b5195abc
63b0175c
8f2776a7
dd0c8736
798958f9
c109a88b
f1bb664e
3ca81563
954aa009
9d06b44b
d79d9bc4
0eacd611
a12e747b
d980c30a
102b546c
921ac4d4
74ed75f7
484ca7ce
50798616
a144a6d8
a4933b78
0675e546
9409bc86
c794c967
7247e227
81aa9844
bc08c437
e727b7e3
bae14546
b3e7b702
799a954e
9935a81c
7b93157c
507cb421
a31898d6
3586b89e
70772b07
33b22fd6
81564332
960a80a3
0a8d36ac
64b9c0c0
f942d3ec
03445ec1
54a2ac8c
3e67b019
318260d9
51021915
339682c5
8b9e0ae2
53928f9a
896abadc
27deae28
1e4c2609
ab8e121b
6ce39640
5736b77c
662c5830
786d103c
256a6081
0b091974
6bd3111a
18bc9070
12bf578c
cc7dc161
3463d779
376a416d
79c46dea
10cbae47
d11e6629
e0ceb61c
0748eac8
dbc0054e
c6b0c689
86259673
ac0c3255
26de5238
39da7085
3909e4c0
f1b54715
3d859612
41a57942
8acaa9fb
9321ab72
1f04f185
f30b2296
2432568c
2e81f9db
1160c69b
1f7c27b2
3898c011
95f11926
7c953882
6f391388
6179ad62
2c96208b
2e12e3d2
8a189964
b2006623
f5474563
c52ea8e7
736b298e
5ece052e
971819f5
ad888eb6
9997eb02
4b30107a
62caa7aa
6b7ef202
bae983c6
7cea7509
281af4b4
51d02032
8b85bd17
3d5992a3
a3182d82
94bb081f
0f05cc39
7c930afc
020376c0
6fc73919
1c9c56b6
0498f935
f11a8bd1
8ace8b5a
97b6c04e
e7bf54f0
77daace7
b6f3e160
7d0f2871
a1d2ca59
69d3cd23
b3945545
58a186b1
bfcbfc55
2d2f7288
b2cf1ddb
be5cc51c
d35c8227
72d89363
28412e08
4b97acf1
cb6c679b
4a32fa56
b2b1ec63
689e8586
59f5554f
5ccea53c
4b967e82
34b8cb24
8272b475
b3f43524
0a33ac18
8478b54b
7afa65a7
9312045e
36ae4766
c8ac0769
8107e633
7f507bf7
b2319419
20f61c3d
4e54a589
baf3bb99
5e661cc2
1266d1be
e8198427
33d450a5
876dd07b
f7564c05
cbcbc59e
8abb509c
149d6ccb
65eb6ccf
3d8dac4a
9b95022b
7d8a94a3
482f74b8
43f198d6
c39a7f94
878e9356
4c67bf8b
cd2bfc0f
3634abba
31534e1c
c46543c2
a06bb2a8
81d43384
0857e4c8
0c81c011
d9dcb39b
a4ebed63
8056e98f
2a6f0075
4c023ccb
b0cd29fa
bcae3ddc
7d9ade35
14cc68af
e3ec4db8
b367ba5c
72b3544e
1bb51191
92523267
658e141e
50552d05
0a34ee42
1d47d1fc
304c656a
11b0abaf
a4a27275
1c343fd1
16866b77
f21ee624
d048a5d5
191b14cc
38add74d
495ec602
8625e428
393efc91
9059a168
2d5b8c5a
b048a0e3
833e1609
c5b46465
bd1e433a
a6cc6c53
c0f3c08e
64d7d733
97b0f0d0
01c3abc5
9d38df14
68dd2e01
4f20c691
0415c9df
5a1f4eee
fc27b1de
58f2a792
886debcb
42351981
e3569522
96bc724b
36ff0b13
b5ea55bb
1a98b120
630c6c61
5929d9e0
9f7ae642
fff022c1
4b190f6f
75ea4313
62b18712
6b549bfa
5c918524
843448bf
292907a0
1e02a978
bb2117b1
c7056857
1e563c5b
4c5af824
ba932dd6
2ef89e69
3b8e0044
354055fc
3ba63782
2d141263
a4fbe086
dd59d7a0
c8f770cd
58c69d81
f8a00bf0
eb97eb02
5df00d87
bc3154c7
660e7f77
50b174f2
35b614bc
8c203dbd
f5089b6b
d1686c85
b416c3a7
adb41af4
ad27942e
e5988a33
6c808fed
54634c23
41a05c1d
d48ce961
c7885240
0a6fa210
783fe883
2782e8b7
f0b57cca
74c04fe0
5d54539e
8d08ddf8
25a65f71
c47de70b
f61bb36b
cc34c7b9
87bf2698
551e55ac
19223c89
c6f88c4d
71451e68
9af40f15
643d392f
50977e83
220ffe7c
60a6c3f9
0d10ede5
337d4731
5a804f90
105663cc
9cb6f190
d8a28db8
0c2407db
7a062a80
be323835
80735c7a
df6c68c6
040ff481
339d1161
f668452a
d4c56258
94e60da6
9df8ebd7
cf592741
ebf7ede1
1ca8afb3
ccc967e2
292ce6f4
0da57b75
38f2711c
2117fc41
a463c665
e36297dd
138d5dab
2908e1a0
047c194a
9fe1a39e
eeb8eaa4
7fa39dc7
f5f7a39b
baf857e3
10b49e3f
532ca770
1dc6f675
af72df60
679311ef
2f336c52
a29a9eaa
c0d24cd6
e8158870
eac804d4
94a53d88
5396993a
eb48dcd5
8c509a7e
49516f12
6082ac3c
e57de411
5b448c14
ccc3cfc5
c0bbf4f8
b4ca918f
79b17323
0e47169d
248fb018
169b9dcc
dc6eb6cd
c9dc722f
43fe308d
070cc1ad
44baf8e5
f8fe76a3
f25a0315
ff76a15f
0e0c7f36
c1249a23
2a54a787
edfa88e2
4bb1716a
b610ae62
4cded203
abad1daa
aa3600e3
427d05e8
5ec09113
538279da
6d2b8dbf
c8c32f6f
5557cedb
cc2708cc
bfe408c5
7b9a8233
8d63d452
934cf916
422f456a
e4767624
8dcfcfa5
0e51aa25
a587f0d9
d6680c44
3ea16086
c4d79773
f9571b2c
02482311
76cb6988
d9c84c7f
1b4e019a
98d304eb
ebf5fdb9
8828fd06
a3f2311f
2e61ab6f
b8080e43
206c0931
9602222b
46e3ae55
c384a5db
1fe42479
4ffffbfb
19ad2ff5
73744a79
2eb2f869
d476350d
4cb81774
120b4c1e
63064e3e
8343f393
f0232d46
33daef69
01daadf5
a68843ab
c6bc18f0
3da5e79a
9a8849c6
8b64f784
c81c541d
a4ab1461
85d0c6ba
cd36c67b
00000039
00000002
0000002a
00000004
0000004e
00000003
00000660
00000300
00000000
00000020
00000000
00000000
f87d56e9
f9b4863c
77dba9ca
ba1178ec
c3b49feb
3ad6db10
5a0f8aa9
40d0b1cb
4332e496
927237f3
bb215b56
73d7759f
ea4db23e
f1b08292
47c53c9b
cf1d7980
30ab3a5a
2d10ddc6
101ae97c
03fa7d71
81805148
8fa323ac
aa6793fc
0dbb586a
2c894c04
42de9770
1cc2c023
a6786c74
a9a3af47
adf1b65a
c149971e
388d4761
480104ab
5ca68494
42891f35
0ce8e10c
476bc8c1
a0e911f9
859c3c05
ed06b195
7b561faa
af061a08
dbb04c88
92a94db7
1e234e91
4d7ee79f
44bfbf13
34b2d194
3d9d125e
c3174a05
7809f431
01598bf9
6a3a74b7
7bc9b914
b3aa1842
268c07c2
3cd997b8
16bc4a71
7cd6b1e0
b0ec6622
8f893ceb
0a2c6a32
05209369
6baa904d
d72a3a60
bf394f39
493a48f1
260c14b5
b4d199cd
5459c2cb
e239a216
bee6a97f
003b7100
e842a198
a97b2287
8d428553
120f85e1
c0b2d78b
0fb088fa
50d50d52
02889075
aba3699e
07979564
8844f89a
cd8b0828
5ad29a91
8f8a2304
ed21ea09
9ba70265
4d6ab5a3
4e4a1ab2
29ff6b77
8b8cf582
b613f093
35603026
84f33e6e
76c750ae
068c7a39
97013f01
98518cd2
bbb721da
4432f859
e5a83140
66090222
98eb1239
7621c48c
10537606
ae43c91c
957ab3a5
d80b14b3
70708f25
7e9d71a2
72479d37
bf570e0e
a0a7f068
6b8e6449
45308739
db5c280e
6cd6ae65
71a80378
0860c3d8
6866a7e6
5591f7b2
095aeb03
f9ea7839
bed5a67b
6bc6228b
f3692742
93b258a6
dfad7924
42fb5494
27a60580
89398b6f
92d4b93b
79189648
4f097b3b
34c9cf7c
1987fc02
2f40a920
10bfa226
76877827
cf4cd95f
e1786b40
ad418374
5cced489
b1f03aab
3c6007c3
54c7007d
91f30a11
713be4b7
9ab659ed
70241a54
c406e2a5
8c407666
b6f9c3e6
9c763781
0838f6d0
fc5e73d8
8b48b30c
94becc73
7ae46732
b3c6de7f
94a043ae
84b78c9b
6bf32a8e
7fbaa5bd
43bd81b9
4806b671
a37f93ba
7076772b
affbc1ce
69a77399
cba4ac90
cfc8f22b
d1031447
a45b781b
6169677c
1d9c78f3
885e5026
b7525b91
eb7013c6
3499a403
357c5852
24854a04
e8ea2175
adfbd04d
f783142d
6a3ba202
9627bd79
9cc5816a
4bd51d28
53eb3c2b
a1bff386
72616d80
16090340
6aab4c69
dc41bd94
5a250048
87bc125c
0a530724
7d2433cd
1c37ca65
61d0adc6
5770a281
12589108
e8ad6b5b
0c700f51
c8ba1b7d
1c6451a0
4f71fd51
7c4c3a5a
0ca08a67
9c9b2510
fcc3d184
1c3fc1fa
bb81606e
d0ab4441
a2301b84
437987be
3745d430
fbc93838
cd562a28
8a8a1116
7aa9277c
6804afae
bbc38065
12087343
bed7fb25
afa4f320
95652a14
1b773016
83ac0828
03d0baf2
95b5bb61
36a85533
0899cc93
89651270
ae1dcbb9
39903a05
00ec6582
4a79ab22
a3129250
b72c93b3
dd93833f
4b3e555c
c8b05391
1847b7da
5651aa3a
b1205bb1
9282774b
62deaa38
c1c0227b
0242e8e1
b5c3a006
7a4a2395
a4a2531a
03f26548
a1b3ca84
5928aba9
568e3252
64591f32
e1c4cb15
c25eabfb
5a88f933
856c804a
c53a2ac8
28095a0c
a690a2c6
c6f21ad8
167b0699
c00c52d4
015d3301
30349b9a
ab25e008
f73f2c82
03d8410f
096e70a3
b7ce7fe0
529aa29b
e66bd2c5
c27d9921
7c556dac
c92cc02e
49373a6a
48c2424f
c457a906
53698704
267ba84c
5b626afe
05529134
04745eab
f311100b
4cba0269
8c5c725c
29c572dd
cac62a10
7bd39f4d
f15271b3
7549997c
87275f1f
6805dc91
2bf2189b
59f6927e
7e16e4e9
72505bd7
bf127441
797a994e
49eb4911
98454677
66a3c7ad
55ebae44
47d59db3
94a30b26
a392a185
394ced4d
7e7f253a
49cb4232
a584ea6b
087fc120
c02fa8eb
66278653
fba91ac1
706f0af1
93095871
5dc14434
263d7b61
31e7666a
37be944d
e60eb158
91942451
b4960951
db6a53d2
40754d2d
278e761e
735543f9
971546b6
b51da3b5
3ba674b1
36f7acc9
159ef5b3
0afd3529
b4435ba1
59bc8906
251576e0
07330d8d
6b112cc0
016025ac
b8316e1d
672f28f6
03874091
382b9f5c
aac5f3dc
9bf44d8b
80ca5283
86af76f1
3786b574
63179e65
531536fb
f1e2b621
49109a19
4235b0db
7b5e0cb2
cc557498
89220734
a9a359c7
b009149a
e6c1e15b
7b2cad97
b6262e5d
713f3626
0945692b
9e573b68
5231c2bd
251102c1
a46adf99
806fb9fe
4ce5acb1
1ae2ff71
b580703a
8313604c
9d4a7170
6037843e
119d1780
ae46c50b
fd773036
449cd29d
8d4a461c
63a495f6
a290ddf6
7a669694
3b719130
d00e4518
904a2463
8f05cc07
d6afa5fe
2d8c0dbe
04a69062
648c770b
55a8fc2a
190ed9b5
5dab885c
93021325
20193807
89f1e122
0c3e6de8
2fbb37d1
c4161ab1
fb90cef0
234bbd8a
c029c387
3b7d2f62
685a6830
750d2302
640bd67b
cb6545ef
44cf0d94
95266067
738f85ad
1627f89a
265c37bd
13830c86
1b7c4027
07053f4a
434c9588
6188ad23
9aeb14bb
5359f2b7
1447238e
af1e2169
cc7f620f
e6829f5d
3f61edb0
1f0b38e2
9f088bba
e3ca7141
d6c25e0d
fe5aa8e8
499a3f09
3dccb97c
cf59d12e
d716d44a
eff506a1
fc2b6e7a
b15fb5d9
691d407a
a03d5e15
7a9fb323
74f4a034
f9282568
f80b72f3
414af3b0
e7cb9144
02e206fa
88d3029e
e59d71da
b91379fe
603b6bc7
c7adbf52
8cf11006
b1f133ff
9ee6ce9c
073650dc
8f7617e4
34faf75b
71376352
8f77e6bf
cdc7f2d4
fd7a453a
b4cdecda
dc509127
a0cddd63
b85172b0
6cc35418
ebb846b5
4e0d47d8
19e021b1
9bdce9fc
d7e0edc5
6ce605dc
5be5742d
91ab9c3f
8119cbd4
f963a188
4874c213
7b391521
b33d079c
6af220f4
b58449b6
301a3820
bdf967f1
3a8b44e8
f0d84428
e7dc0c6f
e98f8639
60930a20
be5bcb50
ff415ff6
308123ec
e2ed3e08
d3172ed9
99c8ef2a
c6ecb18a
8aedb859
a0d5086f
5b6e1c75
c3576001
f52f87a8
e258c900
061dd224
2802475c
c698c802
c44e96f9
23581072
3580f1ee
9e753f7f
17ab80e3
6bbef38c
bcdcb49f
fba764bd
1476cea6
d5521999
c26047ee
753909a0
e031f71b
208d1780
46930403
edf3e855
48d40dad
cabf434e
fb8a154a
594da07e
e334c70c
f03079ae
6d1eaa23
214114d6
081800f8
d75d7f2e
e1aec4b4
daa84231
4941a635
0e7c8a9b
c5464013
acf95942
b314371f
86baaa6c
5ad1e46f
ffd9baec
ba739256
61e06037
312a0945
5b0f7c2b
4fc69ce6
300398ea
b476dc6f
d6a16610
e0bd4458
a44e0282
9bdf81c9
bf467664
0dfa2c4e
6876b009
42831cc1
3e3a85b2
ce137e3f
18e6dec7
5cffc6f6
b59a037a
3dce6d57
4104a0a5
1038185b
1a85cb22
0bf394b8
b6a38ed7
61247104
7166ae47
ad14ebcf
2cd2a00f
affc900c
65f13229
0040a743
3a69654c
b6488c6c
71fa076a
555e4f6f
47e8aa01
52f87640
80f5378f
d3bb67c6
d5aa35a2
a1446095
613f38c4
4ad51166
2ea9a554
03ffc88e
02fa362c
10c5aaed
54a7f8a5
89ae85f2
0248fa80
0eb778dd
0000003a
00000002
0000002a
00000004
0000004f
00000003
00000660
00000300
00000000
00000020
00000000
00000000
0f38c663
7c86319c
2ad83f54
c02cf24b
ca4b651a
36b85616
8c2e4060
6c190816
26768449
ae7c4879
211e6185
9316a384
5ba0f233
7b03a123
1cdac54e
2b21900a
1a3c9a8a
7e1afdb0
5ba7e2ff
c29f7c85
64280ba5
24cf078c
d36b7866
497c8a71
d8c6d8d4
04ac7a9a
0b386a15
713a77fc
13af03ac
0f36d727
166c6a77
49368ef2
31299104
0e0046c1
93229ae4
a4076d87
84bfc8d2
bc0b54cc
b364dd9b
ca8058d7
b5f51753
6c022848
5709aafe
f8cd20d5
bf37d977
8717b8ff
c8778dea
a16ccb43
c371b567
9434bba7
8e2ae98e
4e648655
d33280c6
4f89ff0e
30a2d63d
acfaaa1a
0e23f3b7
8f02fa69
f4c65819
81ccbb9f
e8477b90
54762396
0342f12a
f24795b5
346027b4
c74376b1
d11537de
20b4595a
8272e322
abb4924e
6413a6e3
211c94a9
f19c2bd7
411f972c
16808f80
dea9507d
11c6c092
a8776196
8d520b6b
7c2174c6
342315bb
821bbb11
469c7ef8
5664b578
160c1a59
4ae2152b
6896c390
7d3349e5
412b7ad1
64f523c5
0e41323c
84a72795
55466650
4175f981
42342506
180c131a
01710257
51b5ac19
7767dd25
964058c0
71d63894
1e67889c
f65c75bc
c8549171
23275a70
5d7e2384
b8f712e3
9917cecc
1e830a29
f3ee3298
84cc2b98
657a1af7
96019c66
6d70e856
1588f844
27c70537
61b31bc7
28b0e076
e91690da
6a684a11
a6ce6822
9b10bb64
556a8089
8b3ba1ca
60be8480
27827e2f
870082b3
1859b4f2
324518b2
1c2ca10e
32e80cd3
2094d74f
6bc54c37
889ece22
93f8e527
df932156
6b4975d4
64d1c87b
0d870741
4980bb34
bfaa3614
fe27b33e
d8bdad89
39ec375b
602e3cee
cb1ac428
c318ae6c
81b9e987
d00512f7
9f38eb77
a186568b
105b22e2
7d48ce62
f208701e
9b4da943
cab8c090
6b5109c2
918c5b37
8ef91817
e66544fe
55bf93db
c6f9587d
c7cc90c2
43e661d1
af05286f
009a115a
73e3cdc4
01e9fd3b
6a568442
d70d182b
73d8aece
8b1051f0
8565b174
4224f896
d46365d0
e56d99a7
b5fb4f30
4243d6eb
43d7c0a0
06c10114
9f0e7a2d
b38650db
9f622bad
aa8aa747
7a6f5431
31c88f5e
bdb2f2cd
f6604c85
6939815d
24ac4067
196b2da7
a973106f
56a563eb
4a4934f1
9ac96650
0ba7e596
5377b6b1
bce05994
38875928
6cbe5bd6
b340e35d
33505a7f
b3334ad2
8e7c01c7
364a6552
2a74cd19
9b827527
54c53c45
c9fc3502
710b7fbf
cc9ff8e4
22761387
40f8fc8e
042cb930
c364c124
3604c9b2
62502306
42f6c170
66459774
7847e757
a2dd4de8
0a46002a
646268e2
371f207a
8d214d6c
fe2b6c63
0ccc409c
a425ba62
c7c7cb06
412a0352
7ea69bbe
b6587cfc
cc196cd5
a72476c6
8a777abf
a3741dd1
054ba58c
1008a6ac
2cd93a6c
9daa7c62
5d62caa4
e63e8a8b
6142c8c7
f7b4c972
e9ab9a9c
4a24d824
d8735526
4c45c51b
7a123f2a
9d7b5430
20703f3c
9b6cdb51
ba739b21
caf52379
2876c56c
d9ce0b95
aadfb632
7726c736
4a1152eb
ecd9874b
b284e478
7f7ac87c
7c3a3015
3c22d297
e99d8054
b69e2cf2
96553da4
97668161
69564310
729a964e
f077c39b
aa5fc4da
26958d81
150c5055
79ee8452
63c06ca6
2eb70aa1
c124b7c9
574bb43c
2caf2a1a
bbe8bae2
71e19203
981b5aeb
748f1c35
0184fa1b
6f5ae9f0
14e76e53
899a6b7d
652a66df
104c55ec
2b6af3c8
a1a09142
425d8ea6
0925d03a
bdca608b
0ce434fa
9be03743
818d692a
c509763a
51a68d5e
2f12abe3
4044cebb
9b00af0c
66848720
a4399976
6f64b06f
59246687
d6a82293
44371cb0
21bbdb37
33095144
60e6b80f
8b1452e2
b02a2929
75656372
31851108
452f3c9a
11702c71
51615776
a31f4600
63a7ad24
c7bbd7be
dbdd8f6a
7fb61a41
7638c70f
923b7769
972a553d
5b35a781
fbb5bc45
0d759a47
be657642
8bff8cb0
074620a7
bf58c2df
451fad73
49e0c568
8da639ed
b118397b
7a003c98
3a30f0ee
e5bb4e50
68dc5428
0d8f4abf
2b6f8dc2
b7dcaf29
e9bac14d
211e6779
19c927a1
aa80a12b
12654d01
a9d44fa7
fa8a9c51
23d73c6b
cbf64dbc
ec8eebf0
aafc7252
80e8b33b
96b48af2
a1b780b3
5388f66a
5bc73000
0aa5266a
4f34ef9e
b4a91cc6
dc177ee5
c028fb93
841cecac
d463aad6
40320a56
fa3718be
e947bc63
0a519a17
f8a5e673
d54b2ea2
a065b040
af82f161
f04f85c0
c4408138
5213f30a
b0e71287
b0a62457
bcb3973a
d0dd52ea
cfe28d15
d7150e2a
33389120
ad67a783
450f2e7f
aca2cf90
98932da1
797f9a9f
b16ad567
02ba10ce
d1737546
147a3bcb
9edc420a
a9803b99
5445a940
fd970905
8b9f9964
bec3bb5d
e90ae0e3
b441044f
d751894e
168807e7
38142ad9
e35d2f48
45814f2f
1d241c7d
1746cdd7
75ba7f3a
7b1c2b34
1e785fb9
f81c1524
0ab45256
6e1f845a
c3f6c87d
71c3db9c
ea9fbba4
058b7d68
69817c62
2ea34027
90c44266
6570dbcb
db38826e
e1814b0c
f2da422e
35d51753
0a83a919
0ab7e67f
cf1d8228
6fdc45b3
8fc48394
c2914a6f
b5f1d0b4
07aaf295
a2782617
34e0ad8d
a94b47f0
76e255e9
421e7004
12d08077
e3d80855
15f637de
91479dcf
a96d7a77
6d5fa8a2
4086e0e6
682607c2
fcce3ea7
84d80308
2d62dccb
73842fec
966a3018
3942a3f6
ce288238
3c61e0bc
f08ed73a
ed83d9cb
0c044ead
69fc410a
0708a1a8
4a1b49aa
90d39bd9
3b65b12f
3cf0e512
461efdac
504b95e7
3f581ff6
be86c74e
0ca176f8
1529a2d8
43eafee9
86bf42ea
168c35f6
3eda4649
d62d4709
11369b72
4881bf40
e3b87159
3722a39b
94dab846
1745bbfa
18ff5adf
2c7d1c97
133510ee
66b01abb
bd546bca
0ace58a7
04edc501
a48a4f52
035f57a1
071916b8
b5a025cf
fffc53fa
ae2c9731
a5c35e6f
a456dd76
ad910cbe
adedef6d
db8cfb29
b8ed9989
a0412774
1aadba67
db458fa0
b05681f6
7dcbdabb
31d14b2d
60c14144
2edf1b5a
e99bc1fe
0843875a
8dfe5168
1f9a4b71
8d87ba7a
97a990ac
3ef54210
ace75088
d73bfabd
68ce8120
cc32be57
e7fcb85f
53c3f5e7
d596cb9a
977b3e8e
469e88e8
acfc6eaf
bcb1f820
90070921
26ebd33a
79f314b0
12f45342
c737915c
144b7d76
e9c649d2
01353eb4
9226e701
d12f2d88
7333d85a
f6726084
8daa63ee
d64b1e57
d288c521
5df9216d
1db82f89
b2d50222
d49ceeea
b2a0354f
00ef12c8
6ca814ae
09a11646
5fe0b430
21457617
93220ad7
29ed1a61
f926ed2d
4596a3cd
5e4a68bf
57ea6d6c
57450a2a
a12b9281
d62dcf32
fcbe1f1a
8774843e
d554cef4
565f39c7
7b094434
ee799aa6
f957b4a6
546abb5d
4fc943d3
26ec3db4
4a658793
c582f9bf
2c4daadc
52497f63
2d446b4c
ab5e2d0f
20508e47
2961e543
fbf82845
e933eb23
bb5001fa
a549f636
84ac27e8
2f542415
9dc2d403
f84e4dbe
81bc0cf6
a4a45f4f
d0990e38
446cc032
8f1f7a65
17535b46
2271cde2
8a6002f4
944631d8
d922421c
7c60e432
44a8ec05
0000003b
00000002
0000002a
00000004
00000050
00000003
00000660
00000300
00000000
00000020
00000000
00000000
eb71d554
e3a51413
86c03122
6c10a6fd
0c631d33
b426fb97
011250a6
b89e7d52
0bf78495
30b8daf6
09738cf9
6651e563
8546cbb8
022097e8
06b6ed05
63b64baf
644998ec
293701bf
9909b1d9
586c61b3
b5a814b1
2a4c68f7
11aa0681
cc8b8912
9b93b326
49ee09c4
51059b6c
2dcf9416
35674a03
3989c1a3
8f6a2642
b23200a9
4344e26f
79591738
b1aba204
3f7751b3
4a06c064
ba8a6954
16f99ba4
b2bd48bf
d953b836
3d5752bc
e13bc864
2a75086a
0aa5af1d
576c019b
a9686145
348c7f25
4e8abb09
aa8eb9cb
a5a10b88
653c0361
cba798a9
481a08ca
5e0c6c22
493d9e39
bffa8e7e
6d232bc8
e0b846c7
b151d85e
3f432433
4b2797fb
ccf8c31a
b6a00031
a8f51aa3
4cb2ce09
47c29ca3
063f9e3b
38d41ac8
8b6802ca
b8221d75
18b9956b
4f291c38
201dac24
905a1bb1
399ffb10
937267fb
7a6bfda1
fb7ffa0f
b1a25882
97f5a3b4
8213954a
d2a6ab78
b594e092
8abe4a5e
4bb93023
85ebff3e
446230f0
e35e580c
370c9592
3e6492af
cbbb196a
54443c5d
427c05bf
b2203d36
62701495
7d534133
d93095b4
35b0d78d
1eae8106
67d5339b
b2d6bd3a
0d2b04e5
66bf04da
0b88f836
06298498
94d73fec
7e36b44d
bfc637ea
f7be56b7
5b8a00b3
1ab3c144
22626830
3e8a7048
44b3d3de
619ba060
9797643c
b3167c92
4ab33e52
998050c9
32147b81
fcacc667
08936c40
6c88019f
c58d6a72
1227671a
42585c13
badd5070
39006179
1867d7af
ca692ac9
3c7aad8a
2e9b601e
83dec4e1
bc81908a
24a84196
07e23082
04d156a9
8d7cd989
f99084d5
6274a04a
7a5dd910
d3368ada
69d75162
019c79fb
c31872d4
8e7c4a22
8f49ea8a
17dcbc49
864b610e
3940453a
918538f0
5d573a8b
74a299d2
10259db8
2c62b32d
d93c4355
931f8bac
270b8706
355c7b12
062c538c
9e247822
e20637b2
68be3db0
10216a60
78827437
b409a880
5dd91f05
8165762b
7269c0ea
3456b194
7aac53bd
5099cd99
b9eb7d4d
851dba33
4ba87ac4
08b7840b
f2679039
8ca0128c
b1b7416e
7d596452
50e85b9c
17d1049b
7236d150
c54168a4
1808eb91
e96ae72e
cc2180a7
9369914e
01cd6692
241113a5
624bd3b0
fd62ca64
815a322b
8b840a5c
ee7db9d0
3a4483c5
b2b6cc60
aa52e58e
612a89b4
c4617f48
a0400957
c9271dd8
3b9aee9a
baa19a98
a4b28627
90329da0
5d8bba9c
62155354
c4d6387b
51a717dc
342b8f33
7fb507c8
1904582a
a6a2aca7
b4f81771
c44ed896
73d45821
b7715b11
ba0d01be
a13c08f1
4f295d72
cd0a6b2e
e642281c
5a23fd75
a9537b05
b3ce3f32
6ba0c9b6
bd2900b6
c4095843
4365a797
bfa3f547
f5a84bd2
b466ee1b
c05596dd
669d198a
69f3e718
a4a9b1d6
a48376c1
8cd31133
551ee4eb
23985a5b
5455d049
99b4485e
fa3acebb
9a936e07
296eb808
a9ca5551
1a2ce377
8d6152e1
f7df7dec
0305854a
309167a3
c4534061
30489095
9c5c7c54
38f3c89c
6e28ddc9
c76709b8
ca5a1f45
60d3eb00
d09a4591
c8a750db
ad595d59
a096e78b
e0ac43b4
cae66d27
f6b04312
371758a5
0160f14f
7498eba4
cb809be2
7bf1f553
8834a744
34c8cc87
b2652c5d
0b3ba990
36baa85a
45911b07
89b5093d
32a3bf60
8a8bfb95
9b6161c3
a6878980
7ee9d60d
3e9b91eb
d5081d13
7537b609
91b9d798
3cb15a02
7fb4f328
05b30711
a90850b3
b58be402
fda80245
88bc7630
7074c906
571ad504
55809f5a
7f43c2a9
798b3a5a
cc256131
04caba66
8e0d68d5
83c95b89
06d4d33e
dc47a04e
857c7159
cd851516
3a070648
d1a9cc87
70ac8091
c1075a8c
473a6025
094c7e8d
bb822309
b527bf4c
5f5786a2
d611e0a9
d9137c32
5774ad05
be8e36a3
61c96df8
31e94b18
3991a094
d573ac93
2f3b856d
ac58ac72
8b7a4bf8
cc603066
6a5f4324
4b148ca4
b877773d
12cbeb60
37b939f0
0d37e840
3bb72834
d4042e88
00604f84
3b30a33e
66f756fa
c665e600
6c57c2a3
367e09c7
7424eb34
c117fc98
f2822ad5
67a94bb0
148cc0bd
b3f74139
8bc5993c
148e4036
04aa5335
cbc238af
9f61386c
2604a7e3
14487f00
200ae043
24a88745
33d9967b
8b83106a
73377519
bc9bf641
981f6803
ca550dd3
4f63c226
994f5cf9
95d05e22
ab2bf1aa
419a0a74
daf2be88
37482650
22c1c8b0
8c4a30d8
bc2ab615
fa17dc2d
51eb2ae2
4e22d504
6b587321
a2e69a89
aec9e22a
9190dbdb
7a4257d6
0717af51
80c4886e
e15ccf99
0210853f
35a533c4
570d5379
d5928171
9d1a1e60
0569b756
3700a5dc
5a99a53e
847f780b
a94e5e93
3378b5e6
f024461a
1c20bc81
f545891c
646b2bd5
04cd1804
3580c38c
ad8eb184
c623efe4
eb861123
c6e5f98b
351a4358
304a5295
fa5fced5
da281fbd
7b530739
b0202959
8301de29
da916107
51045122
bafae18f
024bad5b
9f8e04a7
9b5aa4dc
5f0c350d
0b41b63b
f38f09f4
b8bd6f34
2df5d289
a5f635fa
e4be0efe
2ef55c31
c95893be
e8325881
e84dbf5b
f37123e9
493b799f
983729a9
eb731bdf
792844f7
7bdacd8d
cbfc2a3c
cfeefa1d
2d83ba9b
31e8bab4
ad8556fa
180ed048
784c4872
b18940d9
5931856c
4408e63e
1f90d81c
ad20dd7a
151593c7
f1f0d200
1dc9c9a7
8192aa61
0744637d
36774fe2
aadebfe7
9bf414ff
9e59c4a6
c2e90177
cd8f3cde
0fb49f59
1c51f58d
aa2baaa2
64b09aa1
e24f9fbb
7c72fc11
64de852a
9f240f42
60bdbdcf
88f26bb7
5e698dbf
67a6eddd
faf93632
20ac7ecb
0716319c
db66d4ae
6ab493d6
d9361c48
853af28f
5ff23bd5
5b66fad9
b9170d33
d8b917ff
78a17a28
9adc9e20
f4ef780b
a91f27f0
fc63e766
9bf60223
dc903e14
b586d591
5dc3cf2e
3857e899
ebbba873
95562c95
45cc3713
77d0a36d
d992416c
3223db24
d4c7ec10
9baed217
cfcf17b0
fe06c91b
b465f735
4858dbf7
dabf9e0b
313879d3
38ec0caf
857fadfa
31ba55f9
c14009bc
04fe7988
429fbca2
6eb7c432
9a330f82
d3a0bbdf
6da0ba16
d1e3dc99
6ce2fa31
2c65fd1f
1271115c
c1dbc024
a2e1db6f
4cb092b2
ef3a4e41
40fb26ff
55f7682e
2f8faac9
6b795174
c0b5bd53
0d1fae1c
acf528e5
fa66c148
dc989d5e
daf7e02a
9be3e0a1
0611ebc1
c6aaf3c4
f0a286d1
fa7f015c
e693f254
75235190
94a73131
9050f8f3
e94b480e
38fe5a06
9e2f5012
6ab0d849
e0c48ef4
df18d860
97a3a46d
c8d6d3e9
3ee490fb
a46724a8
8b5b99aa
aa59e43b
5f85ff1b
cf6ec18f
07d40dab
5ba41ea8
e248710c
c8973923
b879a5da
597d359a
d4e60578
75d45a02
008482d1
1b7f33a4
6667a2d7
a1d71e32
7ce6ac94
91d44406
9048900f
477dcc92
f4341009
57772615
51d8b707
960f896f
0a302ad0
7844ce60
5cffed58
5ab23d7c
01c78412
4947c01f
5c6f98bd
9f2b085a
cf0e4f4f
3091b38d
7881772d
c9f1cc9b
e5285073
d3747c37
8af8c68d
cfcc4594
9f0ea8b7
ffd389fc
c8830327
b62ed5fd
317a1442
43e329b0
0000003c
00000002
0000002a
00000004
00000051
00000003
00000660
00000300
00000000
00000020
00000000
00000000
a22dd6ba
385d2395
c3bcfa42
7f9a070a
90257e14
72753f0e
7e163477
0a2799ea
c121c88d
4e403256
723808fa
3388cb05
c982e8f4
178b7a33
69c0e200
5d2d2a8f
c677bf58
76f5c225
72591c4a
c22168e6
90d16abe
a05ea27e
04f7cd36
150ac204
3b5911b4
cb7895f8
bcfae730
4455baa0
38c8855a
3364915b
106bd107
41a8c83b
5e6706c8
524b1650
0bc8856c
0c6c96b2
4b4fc147
17b8203b
720ac00f
ee665228
16e795ac
44f75826
71b8f3c7
e715adfc
37790579
4197688d
a4e311a2
6d95b700
da888735
9b6e79b5
4de0a72c
3f39aa31
38969cc5
c5b5332d
80308a23
d3e683b3
7701571d
e64fe7d8
ab01c4ba
4b9848a1
b38f1679
91089749
1ba98c1e
696ce342
337b5866
bdc94f2e
c46ff316
0b939cac
823ac824
a860523a
484c3e05
54e06c18
1ba0876b
80726f6a
c3566540
c28d50ee
ea79b71b
6822b268
fba2d3e8
27b6adec
39fa4592
d1bf3635
4cdc16c9
c792906e
b3ab8643
556d1996
8f377118
3f68b01d
c1dc201a
9a94df29
50014c07
a516723b
1b08c00b
ed1a4026
e4ca3337
b1e0fd38
c3a0b5ed
3cf56aa2
64ea9238
5a2eab0a
51e6517a
62ccafa4
815ec0c1
b5a53231
4568074c
0243a094
51218d82
45cae828
1835f4a8
26259641
1f44197d
25225c0f
0b14c882
32bad9b9
cc0c2031
d73640d1
8502b948
961b2312
d939acd0
90397592
032eb3ad
e65d0cdb
59d8edc3
6a5f65c4
f1e47633
b839a86d
8368c323
bc750b25
a3518650
d2342427
51896fc6
49653846
9c8260a5
e4fa5c71
9969034e
7336f887
f1293de7
8218fdb6
32517390
b1040210
8d155daf
bb79f568
eb54073b
6e0a169e
6c10ba65
31df21c3
b435b5c8
ca014446
2138a63b
5d612736
073df54a
a0bc954c
8ef4c61e
8bc533d8
cb03c439
2ae5945d
15cbc133
89b0b721
2bf84682
ae5c09ca
d66f6786
3a0c8c39
a65542c6
39b61a50
64e92175
515f424b
b61256fa
5ce82464
881fb67a
6142193b
626914cf
2479c491
fa79abd2
3043d6ab
6592f273
68593e48
c0e28f02
f00cb16b
56895eda
9d273b2d
307e5c14
426bc31b
5779a6a6
fca13450
8cb415db
37a388ba
b56c3b34
503c048b
433799cd
22999c6e
e103688a
027932ae
6788c78a
314f7bdc
8bfb1a95
a6aa758f
32dba29a
b50be762
1967b6da
094a3fe1
907a3655
e87e569e
67a92b54
1058babe
6881c6c1
c4f5acfa
6a9b224a
6aca40d8
76ad6525
39b85f5b
5d13e6e3
6c78b273
4c1a12a4
d3a3c26f
03ef6a71
5ef47c16
601872c4
36b13603
6f75cf90
01587577
6c030e83
a6d3e02f
4a95785d
d110cadc
4807a8c7
6c721138
8a338d9a
cf4ccb6e
a8627aaa
4bc781f2
403ba637
3b8ec518
b8c17b99
180ce02a
7cb7a295
00fa8459
313bb443
fe56b7a0
33465de3
a2f02288
5874d5dc
771d4e50
b98b16b5
713d330e
bbb49f38
898ac122
ab2aead3
f876a6a8
6af41d62
cc16b871
42a165b8
0133baae
b61a32ad
e1ce0d6a
8dc3c223
240774ad
a301025b
0aa2be8d
9b233c8f
60e03058
578312b5
e8484664
03b7281b
6b0be573
10cd51b0
9235b145
41d0a6cf
eea4403f
75c028e6
ac691e3e
7eb9d723
a470663a
9ea1130a
b5758857
e5d4c88b
b5b3b507
91a38224
22eec0e5
b3b91a21
c8695a92
a344c5b2
3bb17ea1
aec4f266
94374a5a
c1e0cc4e
fb54c1a3
d1ba7ffb
cc1c1290
74954265
528bcee3
13001204
9b805a32
280e65f3
8d574b88
2956f395
89056ef7
8b5ac40f
8c42225f
69904208
64a734ac
bb8816c2
4b3b23e5
a9a024a8
a882acdf
92089ba4
0426305c
205215f3
1c73c327
87ba6b5d
49a3855e
7a95acd6
7002906a
bb01b921
0a65a8fb
495bbc70
d5088c83
877d58b5
cf625a28
3b954b55
928127c8
bda4e2b3
cd723b78
2bf5c4c9
956ae944
7c0f72e9
947473f8
37967e17
4a0f44bf
a158a903
208c2b54
b0133b9b
13e85051
2a28debe
4f70b889
33f025d5
57f911ad
e795c6b8
20a46f9b
c985f866
d7c07ab2
3c09474a
78cb1ba5
ee3f8b23
196f38b0
86b3288f
254430dd
ac6c7a4a
22902288
e177da53
46fd5726
4e10d588
fb355b91
07c00257
6ed34864
3ac1814b
cc4130b1
41db0236
ec8f137e
b44ea634
0455be26
beb57882
060b9aa9
20430e5a
217847a7
a4cd1612
99ab6fae
e19e601a
818d7220
476153aa
afaf7085
c5fdb3a6
aeb39182
3db363fb
f2519e61
1f327588
e9896762
12a302d0
813aca45
6d42c96c
b3df3558
817b0e2a
c6c8c0af
07d6ba46
0e36730a
c2981ef4
cde6e086
ea9c1e0a
15c82cdd
3f5c2f3b
cce26931
f7b92875
28446c7e
b1efd38d
c137ceb6
6056b02a
4a1e5612
aa070d15
608e25ee
d22a41a7
b2f52a4d
ad06bb5f
05b23318
a8628eff
d3e6b54b
01f05d16
88373848
566e708e
f60ba22e
40af1c2d
9783e5f9
dac683de
866f12f2
2f48c727
8935374d
b027300c
bfe16495
dd43052b
9498a4a4
d6f034a8
c9c1c215
fa7b5104
9eeb7ada
a5d8b1f5
a90fa95a
9c494378
093f7c52
216a7d79
bc0a67f6
d0f92afd
c7317812
23287f5a
98f58519
0b59397e
4eebaa21
8270f5ce
5ba986d4
ed9fb781
f4621c31
73e79179
2eb05dfb
0e968ead
d9ea7ee2
a3aa894c
4f835f3a
be976379
29a8db29
6c587187
afe5eed2
ff84d9c5
42c3f577
a09ee55c
f9aa30bd
fa98ca94
b07b1352
85b10eb8
5ee1733b
5160bcfc
427923d2
46ce4c3c
aed89c7d
0ec69787
0e873932
0b93f756
6fd8b236
7d7d9c9b
b73f75cb
c838c701
fbe97c16
137bdc71
049e7e2b
b86d306b
83740d99
a8af0504
141fb9bc
58e902a5
28daf94b
642ee686
d1e7a95a
79cf3177
1b5ea9bb
6e239f3a
11fa66dc
f4d0d630
aa35140d
d9d3d88c
daf05275
ac7963a7
840f0f13
8c910dd4
869b151a
4ad36bcc
582a9c4d
6a626374
8f68ca74
bce39dc7
6f3edef3
9dae3c86
e8dd5670
13eac65b
fcaeafdc
c03f25f2
6a08c249
5f059e6c
9e7882d5
d94ce41b
97a5c626
a14c47b4
b7e990f6
43a31e21
0205128a
3b29d5c9
1e6e8832
c96f9a00
da1e7b7a
5020f69e
357d101b
9bb80093
c2f74cc9
144ead0d
9407e73a
e3c012fd
e8081199
32066238
62d91c7b
3353280d
8b809eca
2deb8e90
804ceddd
08e00c9c
92f1d8e9
03dcf905
d44b6e6b
7abec381
20abf1a4
e674d68f
d784edad
61846e37
226ee2d5
c9d72c2b
94d5a481
d9f2ddab
715c7cf3
04827fce
65e0a9c7
65372548
6329eea1
2fc4d596
dad817bc
40d62388
087484e2
0d43f9ae
4326e71d
0408dd7a
9e74b64d
4d94fc76
ec992def
7a64ea54
928be9ea
2d96e65f
f26df775
9b7ba37b
3aa5e6a9
338f4a86
94d2bf60
48791ea3
b10130f5
5d0d9ce2
ad2ea968
c98a2f82
750362d5
95cd68e2
6ac4d0c6
85a846d2
454f6935
41902174
3f02d2c5
7cf25f73
37ea8965
7516ff09
e811b4c5
5e70ad4a
d025f567
0bc250dd
42fa5b89
f07faefd
a73c4115
d2db47fc
3e09ed91
e104f440
0c2de21b
0419f7d6
227db104
334ea41f
da0f1e89
0d8b5264
d45f23cd
5efaa258
caddf53e
a8237dfd
9d5a607b
0000003d
00000002
0000002a
00000004
00000052
00000003
00000660
00000300
00000000
00000020
00000000
00000000
2060e066
f53826c3
3824b757
510bda76
8bd20188
67120d66
cec7f80c
bc7783e1
c8b9931b
6eb73542
c1db0bf5
5836ff66
095561f3
96001b38
94095830
cda21cf8
648d7d24
7d796f61
c4b80849
184008b0
12e9d2a2
044cbba4
6b2d797a
8ae43511
6a1fe9fb
49a9028c
66e3b5c5
44ce0735
4567b926
70051149
ad538bc6
41e26296
c9601f33
b908728c
03183988
b210c32b
27c2acdb
6ba07631
c5d59caf
2f62397a
63301140
a4d8a986
850289aa
a04f36fb
2e51e728
470aebbb
e3933b50
b760f544
433f0827
93501946
0f62787d
23964446
d7d78d1a
0e013214
fc788a7f
50ac0f24
6af9236a
3c1fd540
95710743
8410edbf
8d36d8c4
80651c08
8ff757a6
da5a3722
0476afd1
9ad7ac21
d982905d
87491126
30d5bb44
ad29337c
f7e4748a
143c9e44
68062647
c4814061
98ba5fca
daa547bb
c2d46703
02c78392
925a58bc
97905d16
0cd6352c
25464865
4bdc8bb3
04caff55
fab5c005
c8202150
0231b51b
260c3ad7
e6d39352
3b196892
aeb5ec36
80a0c5a3
98861f77
3871a2d6
e2d07247
a8e626ce
d6c9bc48
97d04128
47728b09
25402094
fa186887
9962e624
c0678656
579f7a65
b74a2165
c6b8a6d4
5c7fc74c
bb4231a2
a0388789
a6e39355
941bf861
7f50e1ad
5afe8dc7
2c492f07
91a74ba1
259b1c9a
ae422854
efc5f6f1
ccfb3dc5
5334ef40
2c9f6030
a2190690
cf65f588
c188caa3
cc6031e1
65376c89
1ecb557e
50ec13a0
7249a679
829d4c1e
79e874a2
313a6f28
951241e1
f09c7bb0
5f9cb4c0
6223face
d97609e4
c6a17a81
9198200c
c1f651f5
1946fd5b
b041a27a
41a40d1c
28c63327
4a317788
bab40ae6
4f449e7a
5863ab2c
7446ce72
6693e668
26c3472b
668a217a
3ac6469d
f58c0157
66ff5180
a084fa16
2768c0f9
93d7774a
a3f88ca1
5fbf85d8
096e4b60
6c956c62
0d1329d3
2cb7c545
c9eadaba
c5b184e2
97985e37
a0872994
5ecf53a6
700534da
90478a6c
c656e056
45fe0006
3e16a1ad
94bfabcf
97bcaa78
c79cc02e
535224b5
00b4c1d7
7358458e
63b14908
e29b0c83
ce1c30ce
c79ab620
826e1625
ca07325b
44601be0
47f1afa6
3991f80e
c62e544d
fb2f89a8
3ddc3d44
92c6e075
f90b53d6
317a8a07
090011fa
378bcae1
27961975
377760dc
65e99419
ad967c5e
4e1c11e5
48d8b4aa
06843909
2794078a
157c1918
06aad219
687f29de
b2178079
0f054575
774f78cc
71d012fb
5711e84e
030f703b
4a4a0d8b
3e5bcb8a
22bf48da
69867240
717c9525
4d6a6b4c
bac35125
a3e1ce7d
6dc8f892
42739a73
94ea0fa3
5c022548
69690582
18f37556
58c7588f
49e19e66
867459bb
61ac74ed
82b31464
b3b1477f
4f358319
d0a88ce2
21509260
dc8be8cd
5131a597
a946103b
69ae24ad
1603a03a
c4f096bd
594261f5
3899268a
367c25a7
02127230
f1743fb9
529b1739
6945c652
c2939744
c2b0402e
57c48b1f
9704cda6
71e891cc
8143a435
72087a21
243c476b
f0839b1a
74e13bb2
1f693e90
d38682a3
b9d7400a
40aabf2e
29b7b762
37af5993
cc844293
de41f996
76706106
a2f01cad
213d0126
f2159e92
764b642b
c05ca2fa
a3c55020
89d90c4b
a22bb9c3
ea1d1018
84c4d10a
61b02cd6
f2ac8bfc
8686596a
cf25e5bb
e5333fc9
09a812b5
319964de
f43788f0
338a3da6
7a2ee07c
aa731d7c
6e82eab4
64a40901
7605937c
b785a562
2d9e7662
013cab67
64a026bc
0421fcb6
eb737e22
52a0c031
956e64e6
4055a42c
5857cd9f
b600c742
57059bcb
7a58f727
410444ed
34458706
385245bb
d125cb60
f9fcbda8
3edc17b1
05320140
a3787e4b
7216925e
8e4c8675
c07c49f6
23941ab3
8149228b
c7b3869c
22db27ad
4303f7bd
b0f56698
1fa19c7a
3c08607a
785389c6
a7797b7e
c374f243
81ff8486
6cf7dc3f
0eae697c
056c989a
44459d5e
7312b27f
697f9699
68a941cc
f77e314e
acae6c53
c4982142
2eac516f
9a49952b
9d88ee2d
4c3fa425
313c3305
21e19447
7b291c3e
e0d23258
9a32d188
0143f281
b338bc15
25b6928b
641548b0
db40c599
c5c82bc8
dd7f7a77
d7bf5954
be1a4f0a
0c8da928
e9df4e23
c751c8b8
230bdacc
8a7796d0
81850b82
742bbb11
e0fdc1d4
5ed3db3f
657ee614
761413e9
cc86c638
f0b7665f
939c5004
5f65ae95
a9cba5b6
4994a702
b284651d
415c07de
abba401a
c724ab0b
1152f00a
eabac26b
ba90f403
00632b73
4c2093d4
93ab2dbf
abc9e64e
ec8516c3
3aa8f946
3a1a217f
5b9da58f
47dc04a7
2381d965
c8e15b0a
9c3467cc
19b70790
dd44f727
bcac1f7a
199094d0
cc3cbfc7
a8fd5c85
a326ad4c
653b51cf
a63f7a53
e289da98
4c7588b7
ec6ba16f
7296513f
b93382e7
063df4ec
77f3c275
3c69a4d2
e33c3c08
9db17979
ab1999b8
cd340a25
f7a48505
974e557a
be80bcf1
7db3bfce
2294c4cd
7cd300af
2d555181
74530b2b
ce721f3a
e3921f37
3f7b79ed
7f0b14e1
afc84d54
d7870c49
63c5c689
b469cb74
5b42ff8d
439b564c
cdcc0acf
4e4256d1
54a2f6a8
0c257d01
c3f0b86e
c3e403ea
522da6d7
c2aecfd9
603a8766
87f8fea9
51f5120d
2d35191f
b197fb04
42177a2a
a3cc4ed2
353c71c7
7178c4d3
6157f32f
a6cc21f0
78176a38
cd4ca773
ab43687a
0ab157b0
45db8335
29b8f691
ce562f07
50037a65
90256c42
298fff23
6725559f
22594213
2c111a47
17a3f0f4
d317251b
d6a398ec
aa54580f
5659b809
d265ff3a
7b908f9e
0764a693
c6968657
cc451ae8
67cb8e0e
f39b23ca
51a6f57c
e32145c5
a200f961
8abd41eb
cb689720
6063429f
99f9b5aa
0e2f1f82
c8bf0854
cd13f1fe
5dd1ec15
c68a5c8f
649be4d5
3ab3da5c
10c02076
0c5b79f8
446570fa
5a8876e4
88a59cf9
ca24f581
cdf8b868
159920aa
11f3ba7d
129f9c9a
f976e63c
2934fe2a
0cb44aa7
1a0beb9d
5ac0b4bd
30b78556
1fdf53fd
28a25462
717c167b
7128457c
6a576d61
e2553a27
fe84a008
f4a48d25
201b7272
0ba040b0
0cf08f60
27193cbd
73f87b4a
e5bee597
6a415280
ab8b123c
52838f32
bfcb6985
f6c5b660
36b4b1b0
661b456e
cff73d03
307a627c
b286934d
99bc1053
7af14c51
86e1dd58
b6e5c3f5
01f587fb
68165d17
ef85f733
34ae4f98
817f24a1
37cb464e
790a1e54
d56cb4f2
7e095128
c9159084
59587a04
1603f161
c3404a36
3befb9b2
5c61f2d5
5e3030a6
7abc6117
af8871fd
587d313a
4f79c522
2fa8c88a
ae1b770e
cbe4c22a
7e2047e4
7f76863d
5d5a3c92
79279078
e6fc4043
87925dd3
3dc34a6e
f3a03ed8
6d3be5ea
0d34e875
5b10de0c
bb9dfce6
d4265324
1a811ab2
56dcca13
f1b5450d
2972793b
81cbac2d
ac3978f7
5e2344ea
3c0955c4
e04a8ec5
238b9831
cb57da91
ea3fe688
543141c2
8f8af138
c4c1dc9a
0fb1a962
fd64c9c2
c96d871c
b7c561af
0db56704
9d76d2ff
90d8aa50
f42ab427
436fd4b1
f486a6f7
1deeda40
2556ca23
cb80deab
28b83e35
280e7302
0000003e
00000002
0000002a
00000004
00000053
00000003
00000660
00000300
00000000
00000020
00000000
00000000
bd142318
2bdea86b
b2f9930a
73afa236
498e8fc6
3e70e1a9
2ec44c0a
7b337373
7a831182
b5ae38b5
77886840
9ad8e217
79a9b81c
5373c166
7a7b0d18
ce8e2b12
a429c228
5ed07103
d59523ab
e4970f61
79336d5c
399d4570
f0d92a05
adf2e1b0
1269c5b9
3ac84ad1
c8f66646
a1cdba1f
1c6f3d04
14724804
e3749b5c
2a20c5d8
44f2c81b
e9595be2
708b8f4a
3a2112bd
9e1323ed
c8d10a5b
53788d85
7e7ed068
7bc01aa3
0d5aaa80
0105f790
28fb5f4c
1b60b329
c4739a9c
f3b922b3
22b62c5c
b38895be
d66624cb
97d38765
767b483c
744e6f55
a6487927
1321fc92
e47256d2
0096b1c0
165369f6
91a7c645
c489a929
f96058db
65d55038
1553a8c2
3d59d78c
3a7a5e24
4f52c378
dc7cb534
e4507731
8b0198bf
7aafe91d
4147c0a7
43766159
5c2063e8
d53a06cc
55c019c9
19047003
943dcd95
12e4ea2a
313d4c24
e16b0f30
4c67af91
8e2c3c1a
652da424
3c922b8f
199a0c8c
63229a30
8b078f9b
da00275b
87fe8bc6
1c7675b4
768ef0f2
902c29e5
0234477f
ebb59c60
97089f26
0d2adf94
2cadc43d
e80188d7
22e583a7
0649c5f3
e129a128
02306821
c41e39b8
c1203d10
95789a17
18bd12ad
5c6f3c53
be522dbc
6f893179
99040a17
87a3bb4d
eb0e39b8
7ab58596
10e2e97a
07a150a8
03a682d1
868737a4
2d07f85f
94fe6f06
94b97842
d55c49a0
2b385f57
26b8bb86
0d75777c
91251ce1
4dd5e25f
113760d8
b6ccb264
545bea22
37558415
bb25c4f9
6415ef2d
ee3c6753
63ce3736
5352348a
c16c8665
52b9cb97
59b0032a
fa141aa2
662cd000
2782f541
4d646464
1582344a
09e7ab2f
33b6dc53
a66bc8e3
084a8c30
2027e1ce
286881c2
8fe34e26
a63ad1d3
096784ec
5955c487
caa8b32b
75024bfb
79518baf
90af4820
f45ac6d5
44c7602d
e0c981a1
9ab64142
8fa59003
03268232
68588276
83b5b9ae
a13ce564
14d844ca
3d9665b1
d191467e
cb97b5b4
b0d70729
b295d99a
b3f8bd36
9a21ff1f
014a4bbd
f070c015
07166a79
3271e667
d54d0171
19dacdb7
cd22f6fb
726a2c50
a3d10624
2d10d02b
45fb9986
7a9557ce
2a66762b
c26b57c0
a4c04565
01b0d9c5
8b1f28f2
4a75b634
127ed2b5
24c14e80
b0f3151b
d623661a
d487ad08
95161521
41302c95
53fc4927
5fe04b0c
7d1785ce
b0491ed9
589540a3
0000216c
621bce24
010ae349
11bcdb8f
01443f16
71485ea1
97159aef
0448992c
1431b54b
d59b86cc
76b6ab1b
48a56da4
01c2aaad
666f6dc2
cf04bcba
2963ead1
c0d63b6a
24e6e831
2e102315
e5fab57a
49711d84
b541a10c
9ba754e0
9480266f
c98e1cdd
824dbbe0
31f74b92
df57305b
8b81b815
5cb0eb07
1132339e
b8644f94
36671819
b9b4c429
e6583df8
66485f98
15a564d5
49a74bf4
68320b10
33251365
d6fa8bb0
cac8116a
29c6dc9e
3372b0a3
8b53061b
baca39ec
ccf76564
94813f0a
d562d554
7b135cb5
52414e46
a434f804
abcfcb51
6ac076a7
24c9c3a4
d9019098
1b1266a7
a252b26c
162fb0bc
c030285d
f2b18bea
f4a30101
51a58552
4b4825d7
b5e31eac
8d686e95
3706e15e
08a595fa
1e59bc32
3b3ae253
5a60c6c6
1a20ad44
083d59c7
679a0377
03885305
d2ac2154
f1153667
1a7b2f6d
b67bfb09
f9ad4b07
9afab6a0
f267a15e
c2a361ac
3a159f32
4332830e
380d2ad3
c3534601
4d312252
e9d85a96
95b6d48f
82278840
82a5479b
cdd7a49e
88bee353
e761c9ab
3f13224f
e0ac57cb
0c3314ea
83d58e59
441751a3
d84c8de6
0c901a18
1479ca5f
70adac37
b4042c09
2324c543
54d6b44b
3b636f43
34b72a90
11ca3be4
a69ab497
d6881443
389c5148
3221df3f
686679bd
9a02a008
8cbb8819
3144601b
692c8fb4
5e780199
da6c335f
b8a5bb30
7452450b
9f870a9c
581e89f2
71c39ab6
36a7213a
6591bb7a
0ed7afb7
6590d890
f8e84b03
a3345962
5fc2d828
30a29f82
7820b547
1fa2c87b
e9578ce0
6c61be3b
0b77695b
a6f75935
8b525bcc
1149ac5e
b9f64384
42228420
029c460f
3ca05689
4307214f
ea086ae2
43d2827a
b55504a3
821604f6
8c166f74
1c46b906
b1969685
8289b60a
5e22cebd
50ada932
3c461fd6
4a96f52e
6a3a9b9a
40891858
60228850
bebae83b
ea51b604
52b838cf
febbd6c3
b029bf33
1ed58856
bd04b919
902b3dc2
5f157e24
cdc5cb78
85bb0413
1954e839
0e4687d2
1c0606b5
8fdba532
ea4b5bc2
34249092
18e4fe33
093f8ee9
74f878ce
1ee547ce
b8ad0dff
af58e76e
96bb2baa
779feb1c
4782f14f
12eadcb3
d493f377
38a331ce
88708a67
78499155
900f3b39
c7d5c108
b5da2b2b
8f7beefd
5289bf29
14f149c8
47043e82
4a446c2b
15dab0e5
1afd2edf
a33db0b0
d8102f0e
8c801bd2
75df1575
199cc91b
8a098b0b
2fc3e2b0
3db231e9
1fb2ef1e
3e10bf34
8c4e9ee3
a53528d3
b53dea78
61ca69f4
e45746f8
baf221e7
6dadfc49
f498f4af
b079c436
e4f6958f
5eb0f63a
d675b2c0
861764d9
5d1542a1
ac974933
368ea982
2919c7cb
01b6876e
597dda1c
59412056
a7e585a7
ef54f8a9
0aac7f17
1d03808b
f6b07bdf
1ebf2f55
666d57ad
3a7aa8c6
19062835
19c7a7cf
aaafee62
43739178
83455b22
de35fbed
bd8d263d
a16ed430
3a4bb630
731d083f
699fe370
cf3e32f0
baa43b44
cc224268
9dde6621
418bd598
e99c0205
0abc6859
7e6a1f53
3996cf29
ca676152
3b4be075
0da2004b
bdba089d
6bc9e630
e1271d66
9c1e9b2c
4778c484
16263e18
718abe61
cb352f28
7807251d
4f197b98
2363a793
fa8e6dd8
8e5d7ba0
20019b40
1aafe14c
2349662a
a8b3f9c8
d853a7cf
a8148b37
20c62afb
c16ad8db
939b461f
e30507f4
5cc48b69
bed29a2e
7a9e9b1a
6d06224a
5d215c4c
b89fc226
c4cfa077
e644d466
6b0df61e
357a9706
41c0d8bb
c6772490
5107c6d5
3ff5ed56
44128e83
ee56c1f2
d1a2f529
ae2ac989
ac01ef92
3d9506cc
691ab454
7d394df0
8061da80
ce209ca5
c31b211a
89e95cfc
7bbddce2
88cf16ee
2dc3a24c
0334a675
98bf40cb
94c5b0e8
2ceb8889
dde29ce3
b7a65332
5bf1be60
2f929e7e
a844ecb9
80f8274c
4d8c6928
bc4650e7
42bd4888
12535120
17f3dd62
00979b53
ea458c65
45cd7613
a6498bd7
03c43e5c
2f6bbad3
680c0d0a
09c50cac
868c4343
fd6dbbde
5fd0a973
24223a03
18c4d031
a37a84d8
b3e7defe
903c945d
4b194456
964dc4bb
1c2ac7b6
b6903d21
912a9c80
392ecbd6
2c52b9b2
9317add5
bdd2375b
ffd80c37
30a62ec1
c81ee2b6
94b43d00
eccd743e
5d7d7315
34668cda
a049018a
5b74e134
e3d35776
8323b2f4
008bb740
088dc416
53385831
eeab8477
c4661009
c3929332
618d5de0
c0457e54
5bd8e22d
96b35959
42f1c7d1
63a1e63b
05bed6b5
081df024
d487a618
cdb3c001
34507cfb
cead5064
de92bae1
473b020f
cbc26246
a199760b
53e77382
90d403a4
57984832
88cd1f1e
1277d4ef
c2a0ca08
3b829788
0000003f
00000002
0000002a
00000004
00000054
00000003
00000660
00000300
00000000
00000020
00000000
00000000
4365a067
b2415ce4
cf855208
24834b1c
2bc33015
73293261
5170175a
bab08e5c
33c2740f
478fc608
88302a5b
1c95da7e
b2b0617a
9bba01c3
a125a289
942fa8f0
4b711168
ada7b22e
8b9db538
c08002cb
30b85f35
0c7595e4
63f13562
be431b18
97831cc5
73dc146b
b83659a0
49285221
59b6a4a4
2871f575
422f8542
44390678
be0a3792
e1b2b209
f90610c7
abf6fe3c
897962e6
cce78274
24e23177
a82d30a6
9c719040
2c622aa8
e69ca99f
b18d9907
24b57133
7acae688
d3533983
3b59c7a8
e6c9aa57
95be6b0c
5341460b
1c01c79d
a85b6901
8009fa27
793a509a
36d8a996
acc88c11
e8c8d02d
61474551
37ac468d
d8be2049
12645fab
408c5919
62878763
0211cd04
bb065253
c98cdc87
681a3e46
89eb5c44
9e0e1adb
08f38566
76b0411d
9a08056f
e1725ba6
36778f9b
3229b70c
e5694a1a
837c6b66
2354d76f
e98f728c
a4513290
4a3dd179
32c89ae5
b89283a6
cd0c218f
24135cb9
14a5a069
5d0bbb48
296474a0
4259fa43
8f07bcc3
69501b24
63c7ce1c
55c6ca3a
50326aa6
b003207c
bfbd6900
3b48387b
49c0b805
54719a6d
6ae95237
8f0a0e6f
69a177b4
a066baca
290b4565
ed4138de
c50e0cc3
1652da8e
2f0768a8
fca7547a
a6622536
2d026446
9293805a
370282ab
2b8b42b8
562b99f7
1a62d827
e48fc697
1bd61388
b08c9c9d
c4752550
83576b3c
c4f20cc4
284ca18b
0c893928
1b6bd002
0bba29f4
99916b62
aaea720e
ed6575c8
201d4987
19db7064
f16df7c5
58cc406a
52f38f19
7891a366
995cc4cb
3ac7f79c
cd8e22bd
858f71fb
7b657b99
55b44a3f
476920b0
931557a3
d6350bc9
03023186
19d35201
4b37d766
378293ba
bee7fc9b
4ec86c9b
1a03c254
2589d782
6211e965
b27284fc
503bfa71
8182f281
fcb82128
1eccb194
806fc957
97918b8a
c108ee83
d79796e9
76046241
937bca50
2e89f852
b6f1b3e2
5c210e64
6074768d
ea2e4409
bf71676c
440e24c8
e3b5af52
9f680848
05a2851f
d8af9c73
cd978d0f
cd124235
ca470acc
061a5d02
fa5ae105
3c408356
1086658f
87bf76e5
a1ae1bd2
52482aa7
b87fc678
47d6afc9
8853879a
6ea842b2
cadf7bb5
0920ba53
cda82c84
70763155
8b145cba
9058690f
10c4259c
7909f554
c4982393
c0b38685
0d66b2a6
de09309d
7335b618
779b5612
a5627219
98f12a27
1e89092f
9e90994b
99ff9719
88761989
0c343573
a2bc7583
0898c274
3c9de801
16c2100b
159ab039
4c9b2069
6b079532
9eea1a13
536ad2aa
b6e21b6c
acf36e3b
a10a91a8
75061b75
8f35dbb9
3d5531cf
6b381cb5
2e803194
b5c47af6
948b943a
2c958976
5e8578ad
ca27c960
caba5e15
97ca2510
668e6caa
15f1b614
2e8df312
2b56a66a
4819f9a5
55b30b3a
c88c35d5
6944d36e
08a6828c
91da7227
ce953372
14afaca1
4c5ebae5
0792ed55
0a956529
59a79c95
9382ef5b
a75c5651
49249813
51403812
520a158e
322a9c30
8ed8b109
46ab0bf3
f3863b14
60311e42
dbcc0303
573c3c98
4cd6b1cb
fe12c531
f5041f6b
09221c3e
94721323
28812507
60d8aab1
958bc730
31c690d4
08a1f946
b434bbda
36ef715a
75a4e886
706a9256
453b3761
2a82bc64
f1984907
152da672
cca05551
79b7a924
f195c8b1
0ef4415d
a615bc7f
84bf30da
579bf420
9a5928ec
ea8302bb
c0667fca
096979b7
453ecbb0
5d299146
8dbfa690
2c483376
5e794e0f
fc89ac3e
f35ecd9c
4b5c81c0
1799ca4b
30085cb5
26a52eb8
3d0143dc
d54aa929
2b577c86
48b1d602
c78f0545
c5e32e97
24857cc7
d9f76288
791b3c19
4c77b3f3
b3b99ea6
11c33f1f
0e07dac7
53f84989
a76c523f
e95d0018
619db396
b3e77272
9a06d742
5358b0f3
a11a4683
520ca8c7
15b32ad6
c7c73a93
de7d5ce6
f4435850
703826ba
f3ae40e8
499f9467
61e78e17
d41102c9
8a6c7947
5ee4a999
cc1f4925
5a3abe19
0cc2fb2f
ec405744
6a5492ec
7baa37b7
322985c7
7cac4fe2
bfbbfe9f
4a53bc71
61f33230
3cfc0180
8878799f
d014b800
70e99450
16956ab3
7a3d03a0
1dc7a09d
36cad293
63fd7594
7d582e18
d2493a79
c86aac17
00a4b215
08b048b9
c3f48851
420c6944
c208b74d
a83d1373
98db87c2
9c8e584f
c19f00cb
6554e6a0
90cf94bf
58a3bd25
bff1386e
a84964f0
77853a34
cff5a1c7
23a6c0f3
b03f0985
b465af44
f7c95783
31161cd9
95849816
0a9bf741
c4311c15
bdcc063d
ca621617
4d6df90b
d01941ae
c952e98f
1d93dd78
69e60fd9
513251a4
6c01ed3f
7816973f
9a3fb1b9
d4cf5f61
0a0877b3
624a4353
5443f786
727ade7d
a7787922
c75e49fe
2ba5e70d
e420e5b0
496b3610
07bf89c3
95801491
271ad5a9
ee120634
197b7b85
7bce4b1f
2d4e920d
48e9596a
64041208
b5e07d8a
bacf6b63
96c0b57e
6efcf909
51c7b6df
c2eca407
298583fd
3838107a
59910983
9adab0e3
d185de05
964fda89
59ccf020
b70c71b7
37493b06
fc1d702d
57d08156
098adb4d
90e85ae9
a261c9c6
e1aa7d3f
fdb695f9
afc59a6f
917ae548
90e4da68
1cc71adb
8fbc55b7
34916819
0231e8aa
4ee77d28
ea09207c
39b7ed80
1db5ef8d
b4c8f493
24d9c418
9b9c5fcb
efac2b11
76dd5c45
7032dea5
51c32fe2
65f74cf4
135ebda2
6a7e2381
e1e6a4b1
efc92402
f4f6d158
33684066
881e2aad
4e066a7b
7609f032
9abf2f86
26efd51f
af3be121
9d26dc9d
8a442117
c63509a0
cc6c5bf5
04e44b8a
723a04aa
4b6699f0
f2e72182
5491611c
5c1cf4f2
deb8ddbb
0520823c
1b976f99
c63d366d
c84e0424
5c483087
1bb0e4f3
e657433e
122c8da9
1bd8fc63
a10bb6e0
67e470d9
83a4f01e
c1592b30
3ca0860b
1e0b1afa
cb7c86ea
9b30fe47
529d0174
548d0745
dac2c5a3
754725b7
c3a1daff
b2a89002
5fdc93b3
ce4755e3
171224b1
9be328ca
df8b705a
0a4ccace
36c022c4
608c290f
36bc42f4
b618b37b
72dc72c7
8e951c19
f2d2557a
c6415aba
d887c87d
db705208
c34d5e39
b3af6751
be4936d7
2fdd044c
a221c257
d04373a8
2fc19c90
d24afd31
5871f4ca
3a6160ce
802d4390
04579f30
6775cb0c
6adc06e9
b4ae0896
fa6333b3
caf19050
2fe99edf
27e07e44
2a677780
9f90436c
30422aa8
8bde0241
19ac73a5
c4991298
55a65900
ed1e3783
f3fe1aa7
e3454eac
63a68149
19673754
bdf85f89
348595d6
94c1b89e
eb081120
07cbecde
136f1c05
b8ea9f3c
93b7e244
74d2076a
012a42f2
10292574
f4a2c005
c2d5dc2d
b16fcb9b
fd056a5a
9e8c5432
bc3b8def
55a66a59
d472d9e7
d2157198
a92f6805
6c7a7872
14aa3add
7d057964
dab00f9b
9a56e27d
24963416
fa921b1f
c09e3c5b
bd50eab3
ef609ae1
faf4dacc
d84fe0cb
9d43188c
f33fe7e5
c10070e2
ea26fa4d
bf21a301
00e8d0bd
66e093e3
b3f6813f
1e7ffbb7
64b8056e
76a29fc8
42e6c1c3
b04b9e17
27f599fb
dbb413d7
3910030f
e406bc21
e9440422
b50a0da0
0c517803
00000040
00000002
0000002a
00000004
00000055
00000003
00000660
00000300
00000000
00000020
00000000
00000000
70b694ee
982d1649
ce50d328
d0b55b7b
620349f5
3651c084
7831f6fb
5abe7101
528a5f04
391f2015
a7813ac8
73aca829
4b03d4ec
a5d58737
80c5a779
639cb263
475b7f13
17f16111
9401558a
40f2b8ea
1877551d
2d3067fd
ecff4720
2bcad779
bcc58a06
85b856c7
98b7a8a6
f83004fe
41ad2f58
2adcd489
c8c82834
441494d1
72a09b1b
1779867c
8c5d3775
9192d60b
028d239a
41536de6
63cbb4c4
4a7012ac
633383f5
9fd3a6bf
af015136
e3a5c042
529ca17c
76c4196b
aab9a38b
8a0031af
cb4a5942
737cb78a
5f68afaf
4f1a5040
f8495463
27375d33
f91395d4
21e13646
ba2cb155
4d50482c
81dc8ea8
af645c2a
2d14b2e3
ea40b0e6
932a1b0f
1d190bad
6a951fe3
a71a8359
e6390beb
e63f3f6a
33c58ec8
d51470ae
b9774067
8047ca26
902f4704
e53e2e52
56c956a0
b75e64f1
19ec643c
2b496d8b
8c9a590e
71be6a42
4946f421
2257eb36
a82db070
0a90661d
85c8d843
e8442957
bfb5a322
9e18e57d
1c42566b
b6c4861b
425c9315
355d5901
72795b3a
606df93e
b68ac949
28696c19
387ad606
7253cac3
85d6e567
2bb2c09f
f142b019
5fcad668
23aa0663
c2b30122
5275bd02
748e28f6
24bd6dd8
9230f898
e5250abf
c4936808
b0210916
7c66e075
21431f11
61977bb5
016d6242
c6afc394
7c29471c
063b8c6c
a13d36a2
741c7855
f009fa04
b875abba
b6f0bd4e
89776c78
518db294
c01a01a2
b59b953a
91178309
72d70b33
0dbce3fc
63b29184
2596f308
8fbcf1c8
c4c45583
27e7b1b4
976754a2
a7b35a87
4d6a0e5e
c32ada27
4109bd84
9d571dcf
f3b724b6
4c8acda7
81c0a350
81c6c969
60f9cc93
c30461c2
e11ef247
4a2c0b08
af17ea1a
bec2b744
48c1b643
cdb6bd58
8c757579
e84d74c2
2b87ef69
844e7122
31063ee2
aafac45d
5c8e0551
2ad9651b
319203bf
d036f994
2a18cf06
8e7c8cc4
c9591082
2b0d3619
8c52230f
ab22eb3d
e62972f1
7b9739a6
4a438277
48948e50
57219e99
e712d54c
110e504a
854b9537
68806883
71070830
bd549998
db94c8c7
1b40ce77
c482d77b
18b2e6a3
60b3696b
55615e26
0b0ad76c
e9d5a588
9471ec57
326ba0d1
897cc812
aeeb4517
f59c6b5e
0bc26e05
aa88d844
b65d6cd9
86948124
206598c5
71ab566d
b0e2bed8
2c45d2a2
6c9f6c6e
e4207685
42d5f09d
ae9bc105
96501987
1266e445
114ae720
ba1d8c04
5486f15b
ec8ec65a
fc802cac
b0c98432
39468662
41bd0d08
c30cc4be
ef973c72
3cf847c2
10f3f38c
94713b4f
ebd71b11
94abf566
149e2aaf
3c784534
4202fc78
d9394a3a
38704c44
96863b87
1a859972
84c4650a
65ab4f5d
d30316d8
b7f89885
96489508
c02a8215
a7e982e3
b7280b92
85267cfe
29843e2b
170af19e
d7703158
b3ce653a
9085f931
491421a2
c24729cb
24a0afb0
58270472
657e16a6
7c58b540
15a866aa
952543c4
34aadd07
6e86b855
b5e03202
0c22035f
faa4dcc2
fac2b4f9
149ca70a
d45031f0
53a92e44
aa714b99
91a0a93a
2ba171e1
7ca76c1d
ef9a8c79
2619250c
9f59957b
415e7665
9112a1d5
1f6a528a
f1a1ca84
e7543fd6
4432e93b
61c096e7
886f157a
bcbb6851
62c01b36
8c78c4ba
940cfd02
3782d32d
511e0cfa
45739d7f
c2c51cf4
843c4226
95a0acbc
c90a0b6c
2696b967
3feb4798
78bc8c75
36486496
3b3ce104
4c8ff05a
80e27465
012690b2
cf295800
5645a385
c569283a
398ca67c
bb727ba2
c2da8271
f87336bc
fade9bc0
c071cd04
82a37137
0ab5a35b
181acbc4
bac48ce7
136a32a4
9e826fba
d69d725f
a71311ab
7fb7fc7a
86bb47f6
e6f8be0b
259442b9
9158853a
cb290102
7810f2a0
f04367a9
c5794b25
10c65505
69865cee
53339167
2bd95f2e
4b031afc
415d29f4
8bd50d75
6b920b8d
ca279592
4ed09f45
24970a6f
39367a8c
7a44e41a
274ddc4f
8c954bc8
b2171876
5b769318
f3605538
91d55280
567a139b
36ac3c14
c5e1c452
ab8db9ad
4c2e55fb
6ee7c143
e7a06824
d1c06eb8
72264b0b
f9aea57f
31d78b63
cd5cd6b7
5ca8d0ca
1b9c1f52
9e73bfcf
ce5ea2a0
48f32fd1
5ac2dbaa
830f536c
14387479
45d434b7
610559f8
1ccfb6ea
b0f19e41
f70233e3
c76c9047
9142da2b
c9575a6a
70cba7c2
28b3b8c6
3c1fb6a0
7572ac23
288c709b
b769d9f3
77ba1e93
0bab4d10
71466a9e
759b365b
b5519351
e3162399
50da7f71
992c2048
1c09759b
97eca435
44c3886d
3393f96b
b7f0408d
57d13980
b414969a
41c4c1c5
84da44d0
b5d7a998
bdd73529
4bacb153
d366ae7d
0655b9ed
7f962ef7
cbe9ee9f
cbf7aaaf
aea0af3e
2e2a1932
e7ff8d27
6e33cdeb
b6e3ae32
b11a9cdc
920a198b
79cd0245
d85fc85d
b0d77cc1
6f281faa
a662c05b
24c8e970
a01fd73e
e9bba46d
0dd483fa
6ad8282c
2425f6e3
02bee3f6
7320c5f2
1f371f01
d9112248
125a3cb0
fe5b78d7
c349d514
12bbeea9
72eedfb4
d53478ac
412b7f83
155a9979
6adb60bd
5750f34d
4a247491
05e1f1b5
0324133f
13c50c74
37bdaa72
f09bdbb4
44de86b4
5bc7c707
beda1df0
d7810a07
0bdb4a8b
c0a46a6c
47a80764
cd53e7e8
7b614c75
f0cbf012
09a5a9a9
29588445
e6f3f926
eb65a234
3ad2f049
afb146b8
150761f6
159a4f6b
d82a45ff
8894c7f4
f14563d1
bea3e91e
644eb6d6
510b6af3
eecd4e9c
294d6dae
5bc4dfda
f8397c71
b1b06e7d
ade3fd9d
aebc1697
01b2ea76
d231fb6e
096d55ca
3a965d40
c628b419
02cae5cf
08ac3dcb
54cfe7c1
dd225f47
62716000
e6466685
d46e088a
1288e9aa
cda4f9a5
0b54b37c
fab5a59a
2c143bb0
d29c161c
30759493
a9913c07
bb3566db
2da14959
c9bb5779
01169330
575764e6
5bf6bb3d
f5e3d8ac
adceddd1
ee59aecf
f57bffe4
482bd77b
8ef7f8d4
7a946d07
59504730
3a0a8196
85ba809d
988aea9e
f8089d06
af4b6812
3a6f1526
12654b28
48a4bee3
b805ab0c
cace7b32
d593bf74
ea9fcde0
846affed
22241be2
c333d3f1
0588d206
07dbc5b6
5f115ce5
5b4c33af
b7ae423f
ff50af01
ecca6754
9208134e
3dd6ea4a
47bfdac3
fcc4dc84
ddf7a80c
e5861b7a
12c08c45
26bc3c55
ecf37ee9
2b1acfcb
2f922bf5
c28299c9
c65fef2d
191af790
8cfba398
8d98733c
0ede87d3
76dd0420
26b7f5d1
d574b065
861de77e
497babfa
a837594e
694c2fbb
8fed91d7
a807efde
c0468e6f
49dcf59f
eef6e0e7
92edf87f
4c545f59
a042ae83
105c63f4
af4c5d3b
957fe146
8b84234a
902c10c3
2bac3351
58cdcad4
562d8447
7e7c08a4
c1bbb07d
70343d95
2c9b0ee7
d0d23334
f29476ca
6a703d28
d65825e0
d94d64b8
374c4fca
29112467
cb3c7ec0
07baa361
5bb7cbd2
e4a30673
6508fb67
c81fa402
98230c5d
f3897d01
727231eb
49964b00
c65c745a
61c7661b
17d457e6
4bc8608d
37cfbb9c
0a867e03
78a2786b
1a9b4b12
a4f6f927
94bd7bbe
c1b40f95
3ca48c01
5ad4edf4
ee8fc994
c1ae574e
7182e07d
00000041
00000002
0000002a
00000007
0000006b
00000006
00000660
00000000
00000000
00000000
00000000
00000000
178e6ad5
79b2b365
74b2d53a
7cbdd283
7389b001
ce413417
d0678a21
6513c7c7
8a8cdf5b
0657f50d
41324dd2
25978e9d
d659788d
e2fe7e9c
a2756523
bb7e23b4
92ae102a
94044914
a7cc8a8b
ea7a2493
30270361
65aa817b
e19b8d03
cbfb9459
c85e138c
184b0b76
c1ec5c92
324a1861
f56baf62
54d6c578
04a406d4
20c6b417
67550f7c
810c675b
d0231637
8be88ebd
3b58a71d
b74d85d9
3bc2e64d
b468d0ee
f377b532
928c745a
adb29018
ca588d07
600378c4
aac64806
66f655d8
254b8485
acba733d
0886c3f6
1e14cd1d
bba55c09
b57bb0b9
64eb9798
831f0275
663da420
6f114a2c
f0b18c2b
7c383e9a
af97b74c
ebb282fa
f5812d10
518600c4
5447dadb
b890b2f8
3c570c93
8b68e0fe
29fb90d7
b9b31334
50ce7458
b1b31022
9a1979a8
ac90aabb
eb2f73a7
a669e90e
d5a87640
45a37c12
a5d46c52
3668fcd9
70156594
9ab08d76
91b471d7
3225c3a1
6ff170c9
6d8c851b
a869303b
50135b19
237d8078
50665296
c80a9d48
1179f0f7
a7fc6bc3
7067010c
2e816c09
0a26091b
c552ca01
fa23f63a
04855e25
269bb57c
a82ae450
15774794
10a8cb12
ae08951c
04718cc6
0886666c
09ce59fb
3acd1039
b5e621a9
440973a5
747938f9
110cba5a
2ea36574
d273ac9c
6e1c0408
6eb8a7c1
a7d4b368
0c6cb21a
300c3c79
140a90aa
c8453b22
9b6c620d
68933d59
601af30a
1472d003
0147cb84
9cf9b23b
4147a6e5
cc038c36
8363b55d
e0559473
10eb40dc
10326884
0eb179fc
c7b04e11
7eabcd8a
65aa8cac
d882244c
5bc0b360
5d3bd3f9
d64034c0
7206f063
a294a356
e6241b20
4dd6e01d
8ccc03ea
3a3fc1b4
99689b5f
1235caa9
34a6a255
5ee87d85
a78ff8e8
a18d536b
56977c51
1354ec60
2b4f5085
3e898d12
8e8353b2
f5d74da0
15a39db1
724ec0ca
ca3fb350
28c2491f
4f14563e
daf40432
9f83ac47
7f12f6a8
25b694e7
bdb8e97c
e63eb4fb
3a296a2c
5b336046
1761c899
40dd15a0
5fe2ca08
0e951a5d
0bf599e5
9dd8a072
883425b5
a6a989d5
83178a05
5dcb1643
089341c5
26e9f1bb
d44246e8
c17da805
80b74e9c
6807b54a
49b59046
6c321e04
11782921
d78e9d40
b388fc64
8800ea2d
29f669d8
6dc18f08
4a79628b
36de5527
2028b612
b826809e
18d05eb8
8d44445f
3307e841
a1208765
0cf68e8f
5b1ff545
062a164c
0ab5f280
4090a31b
06f44ac5
ae58fe51
b07b9b71
802477dc
b039e369
f8c14700
46798dc0
8e312013
f0c6b58c
64d76a41
cd2cd065
5d8f0535
d132b46a
5f362293
69561209
571b2c1b
6dc6fd82
bc63d715
3ba93d10
5931f61d
b4abf637
14c4b79c
b5c15297
60b824f0
20da09da
51f57535
23bfd3e9
d53b28bb
9e8b3928
845ef54a
411a9f07
3b6b811e
e37f19c3
fcfdb1d0
319ba274
cd566a23
7162acc0
b4954bab
41ae956d
32b65210
7a60fa77
0e32c73c
d9e6809b
b810a932
08c05303
e5930642
4cb73a25
ab37327e
08f32ab3
7470fa19
0170408d
9c7828e4
8abca032
5111e202
417a5c70
1ff42790
6f1f79c4
b68985a2
57139665
437f8309
645f8c26
a0ccc577
29698356
d6061c25
18f61812
3ba561ed
f0218569
cdec5aa4
16bb367b
ecd6c0d6
c0a93336
6cbef211
a0bfc1da
0f921056
2d39e811
ec6fb89b
b8f8541e
5843806b
cc3e8b9b
a2f29e30
9c4473f5
a17bb49b
1cfa06a2
94bf7149
a35218d2
c4b7aaaf
7d8218d4
971a3223
985b9a43
7012c0a9
68a6c9a3
187b584c
1f43c4d5
977b1ab6
7916f84d
0cbb87d8
688eb27b
4cbc6e70
fd0ec572
78eb7a49
9335061d
d0995ad9
e3983efb
33992445
8d521343
f7107098
9c174d69
eaa839b6
88adc7d3
b2b0a994
2ecbf213
a1cfbdfc
5319498b
069ad0db
96373f5c
80543a99
4d4401b0
dbdfc6b6
bf78d6b5
2fc59a20
41f53272
a7f7337e
7e559c86
dadc3393
6f26c441
e0cab745
db0595c3
3e7b621c
a355687b
b9151dd5
bf02a180
51cfd2e9
3651b7ec
45188dbc
4a930a15
d9e6c9b5
7129110c
9f437896
66ae9d24
a2b3a4c6
1d7cf88a
1921bfb8
5815c952
c6b41abe
415f0fc7
780bf582
d69a053d
1b20be4c
2602a34e
dac4f58f
10ca6e60
20d95c4b
73a6accf
abf5a142
2a656039
b8beb83a
283b6233
80f9332f
f3837642
56719ab1
afcc037f
b7908013
93c12569
58437c8d
0706f5a7
5c3e5149
232c713d
680d7247
204cbeb6
23e24338
2332b7c7
509fccbb
126b8274
136425bb
29a51423
54a91b0c
4e3ac1de
c064d2f7
dc44466a
ca40a27b
0ae603f4
5518e3bf
a482cd0d
c210615c
9f013bc8
34c9fc3b
58e30325
08d51575
6a5ee597
d7a900b8
6e429b0c
cb13390c
4d974e5e
2df7ba0f
7461e6c6
786d74cd
0ad923f7
6e40326a
a34b2f4b
9b3e139b
00000042
00000002
0000002a
00000007
0000006d
00000006
00000660
00000000
00000000
00000000
00000000
00000000
16657c98
17816a19
337c594a
105bd823
b6212f98
23c14752
a573f138
54472beb
45a9693f
223dbb50
e9890160
4a898b92
b8733051
c5b1576b
57c4c439
cf6e4a55
79767a22
638aa785
c159363c
9a4f8b77
89d45414
fa7629c4
baaacf51
96987765
5a8f34a5
f62928d6
97024554
29c9b198
07334563
bdfa00d0
633ed56e
dcf318f9
b3e47839
c7b388ec
94c3397b
c7d70d7b
04943c88
011e8cd3
7a6c605f
6a65977b
6aa52f32
040ad559
6a2454cb
27906117
acd20653
5285ab0f
c6532a69
afd60693
b85da5ba
355a2879
0d2ae1c0
ff8210b4
519c9025
3e6b79c2
61b098d9
042005f1
aa7a4911
c092c25b
30685b80
a7bb87b0
c642627d
f2ee143b
2e7aaa80
169a0483
91198376
5b354fb2
d65de8d3
8b1a65a6
4a58bd7f
b1c0b63c
190eb9e1
a7a374a4
e5641940
636a73c1
bd1490ca
27c7a7e0
3821bcf5
4513c775
8371b4c3
5179b1c9
a288c28e
4804b2be
30b87823
b1f3957d
2866c73e
86e793f0
4ea65900
6c72f962
0c74344c
2ad554c7
4c3e1b16
f5799ea3
c6e1ae69
8faef32c
87bb2372
81b83420
6b30d0a5
2bb89714
cbf7a421
0b6d73a9
7450ba69
878b9a75
089557ab
b8b787a8
b1d12e82
5a3b8aef
040ba911
bf8ba412
d23e54ed
29ab2b96
145c1f79
a31c538c
76604933
a8aad414
39473c3c
62275d85
2437291a
6525e48f
e6c623e2
395b5e34
809f9145
1b900187
18989d25
8363a252
d4a05c39
5a50ec91
112331ce
f4c527a3
579c1e52
af978682
59977bb4
03b5cb8a
855c20d2
e6d1c75b
490abd70
86322542
b77d9f3a
864ca738
9156fa01
50cacef6
b8658b98
533730b3
c7161977
38b1812a
00612446
a8f15b06
99582bab
c06d3887
a8c1cac4
72e4dfce
fa70e114
230445a6
bb0b7a8a
20caabcf
e6133f55
0f657e59
f90c4b74
5ad96964
7a7027c9
d06c9928
e07e0f3a
97a0aa09
8b465471
c2bc7100
7f6a4e42
91556bd0
61604dda
2ab45469
e0ac59f1
01fc7f15
5ad0552e
52c353ed
538a7376
73907067
ec7453d4
37552a25
a9004b4b
2fc0e70f
f56cb4f6
9c826174
532c6b7a
a8399280
60ca9142
97b8d9f8
88040199
42f7bc83
21725a2d
79fab373
b65c5d74
252b4a5c
f2de9129
5138b242
c687f8a2
7440434a
8846191e
df594714
69ad46a0
44c76a1f
2d6f46f9
9acfba19
c2b2afc0
295ccb96
98c737b6
504250cd
f6656b5d
121441f0
625221bb
e376ccd5
e6164423
2d57c793
921afb00
ec95caeb
5a83d6b4
0562aa37
3514b1d5
0d913610
007a4195
35cb2463
4056e68e
bc2bb17e
35b305b7
9268c42f
136a788f
74624eb1
cee66153
0164c933
09855069
33111d84
863bdbc0
9bc07da0
b328d03a
52906a11
5a82ad07
01f26b7a
fc9c4188
cb9ac5fa
c5476a82
546913e7
fcb8941a
4c376163
3c81b6e7
48592595
bbc46881
2b18b560
a8148229
b6a03265
29a1b1de
3656b455
35a23108
284a293f
c4627bb2
1193fe2a
ed5f6ae2
f84c8ce6
cc402816
e89b4478
46762d81
1f3673b9
d33b53e4
ab864057
bcf1a715
876fa688
a29dc1b8
69517166
f66b6ccb
61f65b5c
a5913391
09cb417c
cabebc03
266cb81c
d8781aa4
d3779460
bb19a05b
cb06c7bf
0a703f25
73230eb1
299cca22
093343b1
0dd0917a
4342c5de
d64a12a5
23050271
b504fa9c
432eba5a
b2073f99
2e62cbee
12ef782b
a232f9ab
491e10fb
152b08ac
8c693445
54a1ccc9
7a5994f4
3dd0b58f
ffb9471a
61b7aa08
0343814e
6d03b6a8
65d239d0
40dac915
475c06a2
c8549e98
73b654ad
42958199
b57f50d9
7cc51cac
06264106
71ab08b3
71d0e6a0
0146c5b1
951f230a
ca2c273c
d8a1eccd
39b919cb
af62f347
d216b34e
fcc3aafc
88355f30
a06c72f0
118a0f6a
6da61a61
4d7de568
1cfea297
65e1ec63
a96db871
15946cc1
42305f0a
fb41e1d1
063d0a4a
4c9b12b9
098ae168
29724ba6
b6aa0265
d5424be9
15732315
cd66a71e
086b986b
23072070
20a4e97d
39a75b59
d1a2489b
ad29f779
536a6a24
fafcb901
71c52964
8619dcd4
873518da
87d86251
860177fd
50397208
2e55b6ae
582d9cf0
496f6baa
9c2b6fb1
2331f399
587d84cb
52f60db3
bf6b805c
c5c77a83
b736f40c
c14e4b45
880e9d04
99e269b1
fd130143
c583bc01
600b35ac
da1ecce9
41435f73
3f7184a3
9839db2e
b0b8be7b
9de0240a
de0f1048
fbcac5e1
6d03f357
cc0be00f
ab863b8a
a2e839af
d354a011
c8980047
10f548b5
ed46741e
82c1c755
0958d802
81741cc4
0eb06b46
f392bffa
61119c66
f9084eb9
6a40ae0e
f9c282e6
2b0b07e2
e7f84116
c196cefd
383e0119
ca244e5a
62afe20e
1504d0e8
e5883063
54e74034
688837eb
3aacb1ae
f94b9e5f
4118b276
c30e3ce0
90a98a38
cd544b95
2276b3b0
00000043
00000002
0000002a
00000007
0000006e
00000006
00000660
00000000
00000000
00000000
00000000
00000000
c5cf4792
54e79c90
29db8849
e132d817
f572187a
b0592da3
2ba98bb6
a8345759
a6c5050c
21ac905b
564c57ea
63621943
541d6a6c
ab6120bc
51569f94
e47716b1
04ad08b2
7a7459bf
95866579
d72d3c08
a164ee9d
fcaf10cc
b263a320
248bb599
9d66d162
c88e2286
b0a6e904
64938563
3aa32c86
9116c06c
20458845
c13a9851
6fe20f83
08355035
22c25183
26691377
8174255a
04638d84
4482e2b0
8583e303
c60daa21
4067f2b5
de754341
cc964f23
b630fc3e
605cd7ee
c4f09ca8
01b02d72
8e37b2f4
59a18253
60d444cb
be2ff645
da7b2c42
8de8f2a9
73068331
454d7898
5d1403a1
b35df4b7
222d6070
cdc9d82c
baa012b7
c3dc9cac
0f9c6302
9a578427
001c72e2
b1358804
2cabf66d
0b3f8c37
6eac0262
09690552
212e9760
09cc7a70
27441597
3b3ec3a9
925bfa48
71984478
23a90200
8bf02649
4f3f63f7
5455cfe0
97803269
301ffb95
e163ce14
5f760441
221efa7a
e39d3c37
b9abb420
a7a26ac7
fa5db825
60d04862
d12bb4dc
70e377da
3ad8d435
076902ef
b9806fd8
10ebae88
d45dd6b4
6c2d9b40
c20a998e
c0187b1c
71b02085
1a9454b9
737456e3
44882b20
59115a4c
ea343209
c1ce56f6
376b7c20
7ab26648
395c8589
50d1b9c0
261fa76b
f3cdae90
7d91e455
013bd6e5
5cd427cb
762aa94d
b13046c9
bb643872
39266a89
30581a23
b554486a
042c7521
224f609e
9a518eb6
0f501940
1fa0b7cd
6c75cac0
07a20c8b
5db0298a
c781cd15
307bfca3
a83286c1
07246cc9
41670f34
61bf29bc
d61a7c1c
2344be65
7db31258
958dc276
8e63850e
1bb14a9e
75a36f11
0454af84
745a9c70
b33560fc
cf635e3f
6ebcb39b
146f1041
27470f3c
c9a82541
fc5c3ffa
4cc2fb1f
ea2cd70d
a1611df1
1f33639a
063b18af
07d87ce2
9a2c2daa
d4afe02a
b10c00e9
b950366a
ae9d859f
f44da970
7a966624
6481014c
a392706a
6714c742
2e35c432
52c39605
0174c793
54c5321e
b7a47f28
609a5821
e513a9f9
245f759c
3cb7e60a
9db2d1b3
63ee9ce3
9b4a5927
b3577aeb
93367df7
0ae1e26c
c02d509f
8c53cb55
31579b90
419f0b46
e94336fb
bdfc48b8
ad65b0ec
b60d1ee3
0bf3526b
febd761c
c3c891ab
14d68a86
7c9ad9d6
155c33c6
a2573c98
3bc463c3
f3cb90e8
baa12a51
39514b21
774ca251
aaa429c6
6c626c09
7bba715a
0d896d09
0d30c03d
c49c4b40
82207b14
f187f5dd
4c9c326b
50a3f849
5b58eb55
15301ac7
72c65521
67a4a469
7c856cc8
a4352911
784d378f
d5f191c2
2506c5c7
fd684458
4053bd99
759cc246
b93a63a2
59071411
0698c93f
6747fcea
783d84c7
46f1f43c
629427ae
0c714b08
77015049
5b4048f6
957c18f3
ac60fdae
9a65a9cb
07d4b677
b7e618c6
d08fea0b
2b3cc512
66b36198
093bf0d9
38ea05d7
1f1177a4
8bc26722
362b0432
73cb4447
ca77c204
985099e8
07877066
3cc111a2
893b6dc3
8e77d332
b72a9235
0b0a565c
21745011
b523c441
1241cfa9
8bfadf94
c242c854
fcb55594
10bc2196
961aacb3
12b2a6b1
4e58ca64
9201bc6d
59de20ec
18b54eb8
337f3ae7
c5d31f70
b1a1acb8
bc4d7a98
1c3585c8
56189b0c
85cc82a1
d4acb0db
a7176a1f
9932273f
1a9150b3
96da7d74
27bc7375
c7afa5c9
975c1b26
671fa7a7
42bc4d54
a11ad0ce
0a27ec0f
775d2d70
a8d5833e
13a993ae
369219f9
6f738aa2
073fd985
65b5564a
5e31fb55
c046d3ec
00dacb54
73ba6fb4
635f65f9
6328566c
3bc89db2
23c18b83
413f4fc6
68969a11
2b499bc1
e01f6608
3017ec3d
1db541ec
7b33097b
ca79560a
879d626a
9c93c79c
6fa01b45
bc88939b
f5e29379
538b36ca
31cf2609
fcd5b8e1
b2030902
23072a8b
2747ca48
724af58f
f732b0ab
b03b7ae7
12d842a7
d55069d5
99695ac6
40d2fb8c
450ec513
7458bcf9
90085e8f
23a54492
76b1b6e1
9aa2185c
c80b62b6
a16597fc
1d4a73c7
0f53931b
56dd7fd2
9fc93154
2d52964f
f1824bd0
c6a63749
fa75746c
645fa030
99c599b0
043ce5fd
e8645bf0
0ab4db12
804a6948
c9dc1113
932936a7
869f938d
7632b436
0161849b
222f084b
50281d56
5b779ac4
7ba14143
753d18ac
19007067
f23b3bab
23b87d7a
c449fcc8
0b1bbad0
ec4cce86
211a6f16
82404915
76828b1b
7e2830aa
6aa3fbd8
5017b1a1
89fab41b
8370d6db
08c833e5
0b05d15a
dcac3174
84873776
62a58eb5
57626c5f
7b270eb1
44a2457c
09d36710
2e77acbc
89fe2091
e363665e
36cc4ba7
383a3ede
61337266
bbfc1c0a
8ab543aa
00d81690
60e51fe2
8fc24216
adeefe4d
24f3177f
fabcca72
3f45b5a3
dff309e8
09f22eaf
4112a59e
aafa5bed
1fbfd9e4
cddac536
ac9bfa2b
f2d4abce
00000044
00000002
0000002a
00000007
0000006f
00000006
00000660
00000000
00000000
00000000
00000000
00000000
484d2260
88173288
8d5bfe6f
a5768c50
64a9ad32
52ac6664
a02c7c97
020e7a3c
35073435
8351bae9
29f078a3
b3f5ad4c
0bcd0cd3
772136a3
94e7483f
e5799c6d
31e462ac
cd9b372c
0dc07c4d
0b399782
06d1c20a
dc697341
c271911c
1189d951
93c7367c
5712b7d3
9479ce95
88a7d6ef
f18a466b
4663a112
f19df019
06660f24
a2717276
ca47c5ce
078b8d39
0f070748
45bd601e
d1b80a34
12f7ad12
261f4073
e11e8cb1
acb5ca62
ad6ab07e
32822a37
4bec4331
09723c8d
4389361c
6f89b9cf
a450bc3f
4217b2c1
949ba258
b459f97c
a2fc7fca
4e6293c5
a328d3d5
c1d44a32
2b49951a
c23225ea
d3ae6dd1
55ccac4e
25b16567
01166da8
9a604dc1
e25a7901
7963a3bb
7ab57521
9e389779
2af439ca
75100d14
20680cce
b0921340
57f8c417
4716aad8
754e1a25
8aa66d67
8075845c
21a656c5
52e9b438
862b1299
12302d25
c97032a7
77abe5b4
4b3e8892
2ee636b9
1b2e03b1
fbdf5da0
a0236f08
91041085
79994f79
b35a414a
2c53f0f4
427e24ac
37325eb0
e30f82af
c9cd6c1a
3bd380b6
b64ca5b2
ec504e93
93478d57
0258c3f3
081ac331
bd6b1270
05327137
309003da
3945e98d
922bfcc9
0ad75af6
bc57a556
29108778
90da39f2
51e7f97a
936cf88b
6629590a
824c807e
29c45930
7b51ab29
6825deba
7ecf2c8e
4b3401c5
3ff69698
7295b37d
562dcba8
30e1f307
5972ca6f
0a2425b8
1402f516
7834aa06
b2939623
6677df3d
8d2a015b
d2dc743c
30d5fc38
a2c79a1f
f9d57074
8ed6d089
2583da47
73652e96
5ba0cf63
1a0298b1
8a45ced4
60bba0a0
c1578aaf
566412a1
1c012d20
0b7b9b09
4c1a3879
a28424c2
fa1ab5aa
14550895
c281a79f
bc8ee99d
d9b06779
b9a3bc31
cc9e2a85
8cdf8db1
87d155ad
ca7fe250
70cb6941
8e856daa
62c58b78
87d3b784
b5772121
fd4a6935
37629ddb
9a9a6e3a
4681f14f
23426d55
5e89bb5b
0da1e31b
f6d95c31
bff19d45
7e58a3f6
176c8ad8
6765ea96
2bc140c1
28991886
b4d98086
3f371bc5
945b7f61
34835f8d
1c5fa704
1314a979
96904857
1c69fc90
15972d46
5cca8fbb
6652d376
fb696c8a
b5317b72
1c0ad002
82adcad7
24e1ea22
a14daade
4a1f7376
69108e2c
11ce25c5
c05f8a07
4f920d86
c147587c
d28629c4
a236085c
c802a463
f0675313
5254ae10
a0949a67
d835b6f0
713cee50
786ad800
e7aa904c
2490a7b3
4bb582c7
365380b3
2761d224
336730fe
636d62cc
3b9b2da8
5b1380e6
60e9b671
90d77d8b
0c1e22d6
6706b9d9
48a5eb30
0c0a50d0
e3914686
0f44d07d
0247b518
224ace70
8dd66903
ea91e08e
164dc707
9a06e01b
baa0f887
62b75a13
c271859c
1dc83089
11120af3
3602d361
c6bfbca7
c8cdabc3
a8b0b459
0f6e37c9
00470a6c
64aba068
a7ae3963
e9bcaa8c
8f535020
8a5183c5
59e8c889
3f020168
d887c25f
839f047c
581b7dbe
bebb0af3
bc031f56
4887dbc0
0dbe45a7
eaec21f0
68d377cb
ea9cc158
01049d4c
94607a16
dbc1a1d9
33642802
2f215070
9c44348b
113f13e2
a5539a1a
fc882691
34b1a944
1b5612c8
cb769765
83bd5be9
0fca5c29
b43aa72c
c019a493
5d93bc75
ee15c90e
48505cb8
60148c04
7bcacb27
b25d5a5a
bd977774
16ae3c3c
5b8412c6
ad0334b6
b15fe5a9
e1b87ae2
af755759
1a449b59
389a0ceb
30e48978
9f2926f1
d2010fac
3451868e
673f2875
162d7ba6
336a5bcf
d39fecd7
76fa8f1b
abd38440
116b478b
fbb82404
74337c23
9bc846a9
acbc275b
44001078
98c90a0b
503617e0
c5e15e36
7542c840
075025b4
a34ae7b9
d214a8c3
da03078b
080afb52
c776323e
5183b013
ce51f970
753dc5fa
c48721a4
75c8b41b
13cee849
f31c7928
0a01868e
aa087ba7
fb29c7c2
797acab6
afb46aa1
2b8c9251
8f29d560
ea8ab1d7
d42ca7d6
1a0a9487
1dc193af
abe74616
cd5b282e
cc15c89e
02aa5aac
92408300
f706880c
c566bb7a
3914ac62
da26b7d4
ebd6363a
93f01c5d
43cc414e
b0d02e88
7a53fb8b
250fb4cf
69b85973
67688ec1
ae39f326
30d09a85
48e7a335
ca05e5e5
e8837264
81ac4304
ae514c8b
73df5714
09a09e07
51a176a7
f3e03134
43ab5c55
c36a6813
bb595d69
1372db34
ec8250a0
7bf275e6
5220c58d
3bbc5cc7
48fd439b
2407e0af
1a5f1a12
85179049
30862022
e0b5c04b
e828b728
4ee7c580
b45ca4df
c4d48230
29f06f44
715bc0be
57a4cd83
ae1623bb
d0bc2904
82724fe8
994fba61
e0b4e727
20c84790
8a83ee7f
ee77c581
287e5683
12d7fecf
b9c19181
21787fdc
3d66e487
80f803ab
bb1883dc
87a802b7
fa4c5e67
6f5a8bb4
8490b58a
c7ba5694
f766a270
bbd39337
c2897076
e7f7b980
04b31e81
00000045
00000002
0000002a
00000007
00000070
00000006
00000660
00000000
00000000
00000000
00000000
00000000
930ebb69
63fc3e29
761ba314
55bc650f
9a81af39
a608a818
01814aec
1ac36570
84e44863
db764143
2b04bde5
bc8c4870
9f0791f2
8936c25a
1515a9ba
a17329df
51e1c36a
ae6210c6
c4b2cbcd
3a9e7c03
aa01f883
b144e596
78e39050
0d34bd6a
4e1f69d3
95ce327a
1f1c7303
242cf7e9
3cad7ce7
0964c157
8c66ab05
26019b15
b2597a17
1c3162fa
9caf659c
8860c38a
16c0181b
1bf796b2
9268d2af
266a6056
439fb5c7
2cb38b7a
f899001e
85682331
b2201b64
08729b38
14f0a87b
7d13cfc0
dec1982f
890a571b
c21b081f
bb72c3d2
ebbfc1d0
5af7ca3c
481a02fc
358ecc69
11774a58
1e5e64af
0110894a
9ab35582
f08f60d5
a8a1b97a
9c391813
2570e4b8
27902206
6a8a781e
45514306
da124ee3
02dbe609
0d2a05cb
07f34e61
01d38456
9e2ee6eb
e62a00d2
29945057
f8866420
5aaac46a
76a9fcc8
235c95d4
039813e9
a7c84865
6b53dc49
c026483b
b0a4dec6
cdc11443
f7d440e2
22c9064c
f5559807
1bcb3f99
005b5390
e0580cd7
7412c084
418354cd
20843370
7b2fc827
9a757aab
bda504da
733dbf0a
b1476a3a
e11beb14
db99cefb
77e0d639
467d179b
c37392db
8deba40e
e449abbe
65e346f5
7c79da49
2b044585
c8865feb
38e626b5
35bb11ea
c1aa2e92
8580995b
b8cd73da
43a786b3
cd012382
77b816b8
29986e17
52f9d67f
4b7e9186
0c170823
9004f7a4
7d70e971
aacac2d5
97b3f95c
7c0cc7ca
6b5bb874
cbb82e1b
31c975a6
55d816a8
5bacf1c9
7d0517c0
4a5266b6
07e8f3cc
183f3c00
85118bd3
76b51ac2
34a1fc0b
3b6e7c13
5269079e
a67f7588
a61479b5
0ab0f8b7
cb5b3082
80b29d96
48fb150e
085d2648
9a723ae1
82215c39
ebc70506
7c627604
73a06c48
fe7cc172
1b259379
0a1a211f
9cb5b469
41fe71f0
bee7d75d
275366b8
b2ed0710
7ccc9427
783d91b1
9c4a2be5
98ba7d46
2226a922
d24a5430
1f1be80f
61bda92d
90ce755a
35e62841
356151d4
db3486e3
46f3d77f
889acb99
30388434
251a5714
1698298e
15b8b6a0
c038aeb2
c3b131e5
329ac7d7
0be05f56
3127d6b3
b8b0c643
2477f9c9
288f6375
911e0a6c
5963bf25
cb104717
7ba14e89
24069999
eaa8d14e
3731641a
31da2c2c
06574c3b
acf96128
b26b8497
69543350
3a3b6226
55e0ef88
17cb404c
09bc91e4
62caa2a1
03963073
d5490183
9903429a
dc68c63e
47c32e55
29a38219
8cba2005
dc7fcca5
3abb3bc5
85065a73
55f8863b
13940771
6a39b129
e6429d88
bb008860
368488e6
e9cc3645
6711ce73
9224734c
86d706c6
2e0a6bc0
6dcd023d
6371abc2
18943048
4faf6097
e68fba93
b6639543
2d717594
f90d85c4
60050c35
e47752dd
c8fa16db
ca62ce1d
efaefb08
520072a9
6085bd2b
337a0073
f2604cdb
4d296c6b
6138c86e
8a6a8051
b3d26d4e
b0373883
d65663ac
217c3fbc
5504b083
7130ae52
a083b533
a9790357
09ec2599
b8e8e992
1d07043f
98d43ec9
97aa472f
3553c20e
813c4479
3cf2e2aa
93b40939
b41ea76c
97e6f6a6
5465b4a6
c191b750
15254bcd
d09af139
1a2f8ec6
9f6af929
f4befcdb
dc708816
7e870a39
f85ea8ee
21ce8363
1442643a
d1944356
0669011b
1e90f994
a58085f5
a567a3b0
58169b5a
bc341a43
78e74f8b
02f18f2e
7e7d7542
a0cabc66
46d9628a
24859abb
d6b75677
80c61e62
ce5c2523
7208bfac
4236b14c
8b5d176d
620d7d6a
b341935e
5599b0f4
20098c7b
28d96580
96026adb
d5414d4b
3258a95d
9dc6a524
18374f24
af8a8130
2378b962
301625d6
4d867386
a06f446e
c4d70463
28373475
157ca3b0
0bf1b423
7d2cec54
ba059242
815c5c35
92a72968
8faa898c
2325602a
baf43c75
f5408073
27608ac9
a4a03705
8a6182c1
93aa5f52
9896128b
824ddcbf
b4363475
22d85380
59c7d89c
30797bf5
0ac97c1c
eb467514
36cb4288
ac4465a6
182dc42b
22b4bfda
44e3785b
05c430d8
f2a59130
5eba0ca7
d18e941d
28093368
1ca2e88b
bc159684
4a639d63
518cb05b
f9b064ee
2101c347
b9a42968
766a10f5
79822713
86276194
71c70075
b1d52116
c12b5f5d
394cf482
243d4d44
a5d317b5
537d11d2
bb815e60
c06226b4
59025cb9
85ca0b5c
68d3333d
ab92d985
4cca9a23
3bc3d673
9fc665cf
85791f3b
835a9db6
2f32055c
32832d12
12396eae
de1b6a30
617e1845
67cb01c6
17b18785
569f7948
ba70a72e
9288313d
b3df06d8
82d896ce
1c403344
8b839696
7c0054ef
b7320ed4
2df9c907
6e296bdc
c3f0ac49
143591f8
0b08fdf2
a0142607
2407cf01
6c02eef3
9bb5fbe0
a2146531
ac9c93e4
169381fb
0ef919ea
cd27df16
66bda18e
3c4e3306
886831cd
ae05aaa0
1a3e43c2
9d25ba9e
00000046
00000002
0000002a
00000007
00000071
00000006
00000660
00000000
00000000
00000000
00000000
00000000
ab55d351
0a4a9af2
7d331a57
1c107402
22a8cba6
a832334f
ec61e33a
4393b986
4512d773
190bca6e
62723f35
230897cf
eecdd02b
44fc04fa
cf4bf41f
b16fc5b9
b6914262
7f1c1ac6
6ec886ad
48772c85
c489fc7e
1cc6f846
aadc80cb
ca5425ba
1e64c50d
6b8097f3
bb81d603
a28fc3bb
2526265a
89eb0096
25ccb9ae
bc6a3720
19d3a333
fe8f4b37
b81c542b
cd407305
5da3982a
c80262dc
6e60808b
bf86b4f0
b263cf2c
52a3a67c
88b097c7
f5f436d1
bbb25f6c
827c617a
12cc811c
67488410
51a43727
e4a69a52
3de11caf
d67c887a
27e77a0c
ab864097
84264c5e
69623306
1a21719f
a78dbc0e
a67723aa
10461453
a19b17fe
c29e9f16
283933c5
0fcbd8b2
e2ddb732
98b87268
b851e90d
95808df9
1ae1372c
d650e883
18ab5baa
0c384b67
8f66a8e0
4089301a
54608e51
b0546087
d36b97ba
a1f66a8d
8283512a
99b662a3
c8a9126e
af0b7990
4177b4f3
4011ea42
71171cc0
cb20c084
75d2c11a
db381978
f2069544
4fd11099
ca62795e
67ca983a
b2153b51
0028b046
ecc43d04
2a39977b
cc9b3c99
5a359d74
33b05011
0609d300
b5733357
772c0eb3
1d32a18d
d78480d2
07cb978a
8999e85e
e5926678
3063a154
a80725ad
74b57d05
3c48b123
c43d69ad
fabac3d7
47e39f80
b1850395
1c8f3fa8
60ecaca6
cf5ac503
83837c79
0096ed5d
7bcd8705
320685c9
3bdc6881
6274b328
b012ad9b
0cb8ac01
888f14ba
86628b08
39641dbd
0638d977
55ad7831
32c78f4f
b4021659
e78f5e53
a30aa7a6
b80ce35c
5c7a9ca5
c70b5738
0246523c
51a44bbc
064b0c1e
0b39b366
27055416
22ac8e27
7a397324
d457cdf8
aa2b4342
3e494346
25c3c6bb
a48093ba
ff6a9be9
e5ac2d66
3ac94614
e789cb69
3c3ab9a0
8af02342
3db02cae
25a8a9eb
01b17159
1793810c
7aca2a3b
74f3f8bb
436d09e2
8013117c
c14c4784
b407939c
7495aaab
5d1ce55b
e424c99f
ba036975
30d2cd16
e83a16bf
02decaf3
55b257c9
26712309
7c585e00
b6a6abb2
44677915
f1046786
bd87679a
f3a76843
15692923
a3e90b9e
9f17801c
d8e61f0a
1793353a
81aef350
b9083a47
4c73468f
3bc3f69c
0206add7
4b25f403
7f5ac424
0a9db488
b75c5472
35018228
3c4aa057
a6c7ceb9
a2a37be6
a838c083
24e6322c
5f1a93ec
46b678e6
2e44e463
f5a53923
ccea65e7
61a642c9
1eb5fb52
e93d4fd3
8d711928
7aced6d5
d815404c
a7594bc7
16bca1b4
fbe30f65
25bca6b9
c38487b7
21058968
798c1ec5
7373b22b
3421803a
3be6d11d
82add8df
a401aefc
2c10690d
7a5558e7
53b4aa9c
0683a0a2
3e09733a
d12ccfb6
cc093b80
2e436ae2
c6fc9872
5a48492e
e1790bd0
5127a65c
6fb1a5c4
c92b8a4f
91a83f62
9ba194a9
0d9ef538
808b78d8
b326dd1c
276d7619
808a1c90
8cf2c4c0
16cc1cf5
3a9310cb
2f5c40a1
43204c18
0397584c
7ceaaaad
1b17c443
e6ce70b9
73068db8
5b95dbbc
f3eacd54
cab8384f
876c2276
dbdb6e88
ab170c4c
a0ce41b8
04a40d70
6e066937
b6b7cb1c
e6e15f01
255a55c5
1102842a
ccb82bb7
68529598
204e0ca5
507d299a
a003604f
5d223a81
50f32e1a
6141c906
980b03f6
dc94cddb
828234ab
8fcc92b4
e3ce6b68
5947b63d
ee741430
e017a47c
24c73f12
9f9096c1
eaeb8ac7
ad413d02
e5757bb4
a6820e2a
a805cd45
0715b499
07737bd4
b9345b0c
ea46abe5
ccf57985
96005e21
6935598d
1726c214
85bb4cbb
03780bb4
690a8ad2
10c1106c
404583c0
c95e6477
b534fa6c
308ed1aa
4b87ce28
69c8e1b0
f52f5ad9
abd59c71
02dce1c3
83194462
c8e9871c
0cb06e14
78b89bbe
04e18030
88b7c6b1
5c85b5df
f553ab70
00ab391f
e651487d
46734f73
975abc2e
b91fca61
77d28422
6357c5c1
29002b99
8941325a
0f766db5
73a59273
d7d25cd8
a37c134c
15ad81ca
8bf54c71
83ea4f47
e94db061
34c55272
86d80a44
15681a7a
76014772
2038bb2a
c0801703
748392c2
b958544d
fa6486c7
5085c0b6
b7b49c41
bf2706e5
7b3ea67a
7d143960
14c3d071
8c8a8dab
9b5b5f64
9112b88b
23418099
7b2148cf
7d4f954d
02980399
95f2590f
3db22023
7bb1b7aa
ae57d00a
ed8cd0a9
50811525
159bce59
4a54129e
37925953
a377ec6b
2a7fbbbf
477185b6
083a1a65
e2a54254
f65881b2
aee7943d
302639fc
ca8aba81
9dc15e4c
cd325acd
432f2a45
a76982b3
2a7a5639
fac188f8
4189e291
d0962a1e
52f717b3
d43d87e3
f1bb4bee
bf6d87f7
f6f8a2c7
1ebe28f5
b6fdc2f9
01383211
b715ea78
161d1108
efe5e0b1
46cb41ca
9fac0082
5fe2d938
3a4fb154
eedd0add
dbaebb28
87d19e46
9fb4f861
aa2ace2b
d039bef3
bb96b2ab
923c2be2
00000047
00000002
0000002a
00000007
00000072
00000006
00000660
00000000
00000000
00000000
00000000
00000000
44404319
60fa3302
968ade57
e672904e
395457a7
3a623a74
e73e4bfd
b535930b
bda709c5
259b7bcb
2a614ff9
ca12796e
b8cf9cf0
0440c151
1727fdc0
3380d4ec
29d433ac
7e81841d
cc79d6d3
d61f1647
4dd49303
89c9a59e
5a824291
0778af2e
5e8d8b6d
546c9e59
75519f53
7ac76188
b8282a24
5908d8c9
6806f62c
378e90f1
30b544b6
f5060021
26dc131a
61398650
9ca25a29
a5ea5669
861890be
4aac71d2
537674bc
1619ac1e
f69ecc35
d3161489
7de98c32
d1856345
9307c3c0
9727997b
9b03f7c7
85e61617
a78abc6f
440bb211
d5a94874
6019367a
76a90081
10a7152a
9a172012
71ac2320
47eb1db0
a7674771
2c7984b1
44a068b1
ba7727cb
ee318a55
6c5555dc
37ea9a17
8e7554ba
2775bc7b
56951f14
73bde0fa
fa921651
8fa0a63b
6fca8961
71996299
a87826bb
04cd1742
739ccd61
a57953a0
27cd292a
a840b0a5
caa5e86b
3a0decc8
d2de547a
38ea739a
fb5b97e5
8379ab7c
613817ca
e838b531
d76f9699
be6221a8
627b0c2a
49e6a3f0
c372cf88
796c7248
177013e6
0a9cf861
01303ad1
a56f1315
1a6b53cf
9940e0ab
a14e44a5
47847414
621c5822
753f2ed8
1e20c16b
af3fe10c
d12634c5
83f68363
1e76e77b
9525b170
5195b4ab
df3e459a
57f03eb4
b181ab06
b979fa45
8ce1afe8
95f0784a
cf69b986
c6e8b514
4de8522b
c0b243c0
45988115
3bd65722
f871782e
809aa936
ca69d3ba
d6bde82e
a6b06299
72dc757d
be6484ee
0b5c5cba
18e75f59
4cb16c15
f15eb75c
c5b99657
ef5d0228
84539ce2
0cd0a45a
3530a6d9
99161148
ad7cc9a8
969b4a34
56c6a3c1
45b17f7a
db5063f5
8b1b86ba
a3f2fd0b
0888a507
e07c156a
a4204eb6
b526fa89
e06a5f02
49a15377
9b322468
6a463949
afe84a90
a96c9bfc
e45b7583
5d10ba71
8d88293a
4b825d11
98da9d83
8a99161e
01239d7c
cc53d32e
ae5893d1
4cfd828a
29bae7ca
c708365c
e8022966
b002c5c9
9e370195
112268f4
58aca936
d12c2a30
38b2c7d8
3b46796d
37983077
b75b0eb3
bd30327d
8bc242c7
59f2477c
99164428
7c2c680e
776a8722
a8a15b24
d82df814
9ab5a859
3a926b60
b95bf5e3
49283f80
b7a7f90f
e17529da
c9075266
62a6026c
18a98a67
d3bf2ce9
6a3b527d
24908ad9
e9d3757b
59903a13
aba63ba3
6acd2ec3
3bb1deb0
5405ac34
3612245b
c71b6103
8886ba62
da351110
a1661a19
70646041
f9a32593
3778c08a
3aca20a7
12d7ccd5
2434db3b
b2b3214c
18db48b6
39caf09f
55c94c21
05152eea
bf57c97b
e74a310b
e11cb8db
99dab556
6b7dec3b
a64d2215
08f5a778
ca300283
20296e4a
6d687091
1aaf024f
24612443
ab4b1f94
b9a48798
8b518ed2
27d60ac4
ff1e1b35
f4c2547c
acea0379
74a7fb05
b4f9b70a
4f98e10e
b755c645
fcb83477
b1863e55
9d7bec61
76ad4803
17fb34c4
015aa0d1
27c6474c
01f4f1a0
821b7168
5ac70037
1268b0b2
3b9988da
c5418ea7
593cd00b
cd3484a0
16d0b305
0d4c0432
45ad1097
a0c43899
415b3614
e717ba6d
57ff8e08
abd53933
6e53ec6b
2cea54e7
661741c4
534767ce
895d6cec
07714e37
cc2fe055
57bb1776
5f514817
30655337
91395db4
c0389272
0d93940a
508f87aa
0c057491
accf0b17
22764778
15114105
0b5c05b8
c1290352
78f21938
c5cab13c
ac15b5e7
6f821a9a
97b561a4
c5f95b6a
18c34f66
b7005355
78f92061
34896079
ce6d0998
7cc53557
bec91023
6631bb5e
5b928b44
c100ec3a
b6c938b5
facb90f2
6bdc6747
36c29416
85e0b013
15533b4c
5ea868d8
33e84a6b
ae241a53
daa60135
0846cdb4
3dd8466a
64a4487b
306b7ed8
b9571214
572742a4
0cedbb60
a44c4f53
260b3ce5
b92d4047
29669b78
0e3cfab0
c628a720
bc26917a
83a66291
a45fa476
14a0cbce
414c7535
789354a7
a8410f9c
6e7f5c39
a67abee2
7340a09d
b7c76184
e2781f12
96b37d60
f674009a
3975b682
5b9ba8cb
032021e5
f5fc2506
35cbd1ba
a553b5df
63bf9e67
2d836b01
00cb7c30
87b64670
8c54ae75
334d7916
818c94f4
c3353d40
0bbb8bad
b4057b93
a451fe55
a31cc8a2
a44455f2
3d9be8c1
6a9111e5
2aebb05b
ae536190
c98810f7
f71d5bc5
b6962557
36c711a3
1abf750b
0ef5d86c
2e3fe191
a4020b42
7f05c3c1
ba533129
dc95c633
86f849b9
f502dc84
44fdad94
01d8fb17
110561c5
58a3416a
8a5b3f33
3a6ec3ae
e84c9b22
9e63df5c
4b8a5c07
6e0aef62
72ad083c
1e9fe931
0cb6658e
38b467fb
2db64bfe
1f6a91b8
02c34130
91fa1228
36b31748
1f0f9132
d251fe96
90e5c967
b727ffa7
fbc1a750
a5a776c5
0cdc7030
6907388b
b77e7857
1a05dd6a
2164d71a
671f75e5
40131252
00000048
00000002
0000002a
00000007
00000073
00000006
00000660
00000000
00000000
00000000
00000000
00000000
9c6911b3
2b0cc3ba
6533e6a3
0d232ab6
b4fd2e09
42c42b44
b73cac8a
4b3cb8aa
67c7a26d
89b284f5
000b7033
ca809d18
33a8a987
92cd11f9
59f2d000
1439bc36
e68e0069
51270454
b731594b
db513bcc
36387e1a
9f9043a0
713bcab6
bbe3db92
b73138ad
609bb131
6366a9cc
cc00ab01
4a4d3475
a1538712
e97b9b69
ba7d9461
77d4244b
5d9208e0
776772d7
1856698f
e74cb956
44829ec2
b568bd35
e2a1918f
486f8ce5
15d75802
0e3efac0
d7dda09c
ce8c6d09
e11d450e
c83a87e6
4e505a13
1320bb3f
12e1c6d0
04f7ce6b
ed74446b
38a35da4
3019f65c
7e74f573
7a3781eb
c7ca60b2
140d42f6
49223e78
5d180768
8638eaf9
60140865
19849a39
c579c275
a7475c22
517a5dca
82b09522
874c4859
c16414c2
ada2abc2
07916d72
1165741f
1399fb0c
2949422c
64f64301
11c9fa5f
e14366b5
6d399b71
f812e4c1
b5cd2f89
b007053a
ad52a040
217a6290
34228447
8902e1b6
277e0778
2aa1842f
47cf17f4
52fc7935
77356216
174fe951
a2ec6152
0d9b87a6
a91f0483
e7c90444
0c591692
51c37a5f
068c46e2
2510ef28
64c840f2
b20f5762
502bfc5b
4f91e394
71e06345
60ca93a4
f09071ce
e8e39a0a
6168f6b7
7a779429
4977cad7
555cbbc5
991d12c9
10b448a4
577cbf7a
4501808a
f69fa943
0b79bd91
f6435a92
00362473
78584382
fb8ae5cb
49713974
91e9ee60
1360d1e6
311ca990
b34221bf
c589f264
d7c76729
cdf14296
257ad8c2
e4b78689
0f3b4d0b
406961bb
fc1950e1
0f8ad7cf
15b81023
1a33b5e3
0fc80c00
8dbda082
8a7c82f4
ca971ba1
446cb8a7
791ba12b
32836795
a83cdcd0
28768fcc
cf70524d
f1682546
749827fc
0801256c
c7a4b36d
751124ab
4c351740
4887dc13
1849422b
13475d59
c1302a2d
51fc72e1
b3fb4048
9d2c435e
359f1040
ad207050
90c881ac
e4a84143
aa44972e
624d440f
fc6a1198
83527d7a
cf23c7cb
53e16d57
5bbc9d59
912aca3b
072a32a5
bb1af23a
162cbaab
c7e42cf5
771b3693
fa8da5d7
f67e55d9
42db714d
16a413fe
f9623735
2dc042a7
2b3ab765
b97634b9
cc924a06
2c6a55fa
4c27472a
1f294478
4d357a20
14f5afeb
06e6d629
20094272
767d4f7a
24581c17
99373858
f59c2724
5cc5aea1
226adcba
eba8c3c4
c6eba361
44c75a33
b06529aa
a625a71c
90817669
85b72fe9
632af301
aebde8ca
a1c89ab1
72f21862
5b76aaa2
30ca5641
0f8b1480
ffb98093
ebc09d03
99ec7ea1
086e3b60
033d7d60
51942569
596e968b
414f809b
734aee35
c673d858
1336cc75
0dc1b53c
0fb8dae1
309f2ee0
3078d31a
5eb045f8
c48182c1
3cd43e9f
ca8cd10c
019097b0
5210703f
68bdacf6
7276be09
89507cbb
ea5e14f5
67316cf4
03b52673
13a512cc
9a7405a4
6d37d351
788e12eb
acd334b4
61e5e85c
b546b3b4
68437140
5e88ac8c
2f7d32aa
80081a96
0ed02f94
dc4e7c64
f442bf39
0dd6ed7b
228a69f6
c755a7f2
2bb50494
c7279a35
a039b452
6e056787
7967557f
bcd81eab
77132315
a72b0b65
a0674686
37e07c1a
26179356
907a6f78
81f8f44e
f6104856
7b21ac35
7626d85e
c5a0a0b3
343b8eec
b9057f13
81cda2cd
a2385e46
b12cd390
035162d8
aae94169
61890305
3c38d933
fb7bb284
0bdbf366
5c6e7303
c7c177f9
2b46da5c
875426f8
63e41f29
a414c893
3d7cc0a4
e92b9cb3
66f7f282
458cf4ad
f9fb70c5
3a724253
e468c77b
2864840b
0252a34f
d876c5d1
23ff65b5
793397c8
4760c04e
7cdd0bc1
b4a68304
5b82223c
c71f5d95
4f87aa69
9d39f7eb
8181922c
1030e29c
57c47b0c
fc6957db
6504d657
3b209ca7
b69858a4
44840931
471a7b57
aca010e3
cbda290d
8b077269
4cfcc4b1
4514f192
bf59518a
8c91901a
a1d3f2ac
55a515a1
50abaa88
2f88323d
6f07d707
5cdd18c8
52345a7e
0b3a57bc
479ac214
c76a1038
bf71d032
8a939762
4864944f
2a53fc34
4619640b
68b13fa8
6063a7dd
274974d1
50b29c5d
77cf69f8
fb9358bb
95913877
140c5c0e
e589cde3
25f81b73
fe25e95f
cbd711b7
bb00e356
959556a1
f087c67c
6ad4f11a
255fdbcf
498d0169
bcf7e91c
76b460ad
fc1ba066
b359a78e
c118b967
42c41f55
72772334
a272d797
29967a3c
31225458
69bf89b5
51cf0c52
17888775
8e58472c
dc510472
46449a2f
82082c3b
c62e97d5
8595f186
9e0800c5
76df5b39
ab61bc13
4b61721e
851da5b6
5a8a6c5a
37b2c973
7e177092
3cc8db48
3b631972
12882868
940a199b
30cc799b
2cb96c78
ead0670f
90ec2709
04cc2e6a
8ac1228d
e5070fa6
647bdecd
232b7e40
59f412cc
f3401483
3fa05901
86a8f4da
10ba0419
26315aa3
349ffb28
354575cd
8b1f5a9a
00000049
00000002
0000002a
00000008
00000076
00000005
00000320
00000000
00000000
00000000
00000000
00000000
2f640d02
0472636a
9281ff1c
d5bc85ed
ba3e16e5
2faa9dcd
77080a78
b69170c9
5029a34b
3b61d084
45643902
8344e499
2557b913
89a7c0f6
b12cb15b
f576f608
117ba6d1
c304a38c
49402ce9
301a9851
2cc94151
d650c11c
54bb7263
2afa2e0b
a34b235a
ba7467b4
c9f3f609
81604421
80712ee8
b4640837
56a3f245
f3bf522c
70a86e2e
b83bf485
7c556616
b6595c62
8e9d59ef
1a9656b9
518b11bd
920d63fc
f1387983
2d340a32
031c719d
0ca040e9
560c9f76
daa5049e
f05d993a
c1523f80
f4185665
13d2b622
a4e2f612
c8495a93
48e69703
ad004483
ecb7b195
e2583396
bc3ae4b4
223402ff
18795c88
56ac6d78
ddc91a73
e772384a
300163a5
205bc900
29914127
61c2bdab
71347558
15ec5cec
54738eac
58c6c0bb
fb4363b5
3623d263
56a39c18
118b9f6c
2c0a855d
a8a73c1a
e2ed848b
24e74a24
460698c8
24ea7b1c
b30bfa91
276bac2c
5a0e4945
7db5b015
498cf001
56f52ba7
bcb53632
7ebd9073
122058aa
c5c5bcb5
f242f5bf
59859c51
71c0aaa5
b0652810
ebcc0692
3b9094c9
89b599f4
c4815f35
6d7320ca
9867d10b
e05fad40
24cbb76d
8b6bc7a0
0891a711
b835f25a
1aadb8e2
847dcf43
bc55ae4a
0f267137
f1eec304
4332c626
0c5eb71f
f3bc9149
cb962c8a
9e176a99
47abb4c8
12d65806
2a36c6ce
f404a596
850c3a79
98a3377c
a3d695c3
a48b394a
ba12f55a
16af1462
18e5f595
a7b6cc4e
1b1b6d33
c7a8a391
ef635c42
47734c9a
7a1ab025
dbbeaac1
0ca6cc61
6ea2bc5a
cb72e122
d0afaa27
596b1e91
3b52709a
641dc076
76514526
266ac9a3
72488c23
93023442
2551d560
2042b87c
7ae9561a
515de3ef
d32c2a3c
c4b145ba
f329f276
77e0113c
1bdbe2a3
0bbf32c6
65b79001
26a1c433
9a9f76e0
b4109655
b9f3f41a
d587c353
9b0cb08a
75c08114
01147638
7bfbcd0b
3d96ddb6
7918098b
290fc27b
5dba138a
97435c81
075f2379
82f5de7a
2983ac1e
677fa243
02523b8d
3db38c9a
cc375d30
31b6e77a
790a7435
db76b6f1
add0c02d
d77e207f
25498602
46a1698b
6059d8c2
9cc39ed6
1333b339
8b01b03f
9a390e76
c65abc8a
ae084c2d
f8f2cf17
6888588a
0f30c8cc
48ed9e7c
6593ff67
76046678
ceca04ec
cb470b40
e421c697
212b614c
0000004a
00000002
0000002a
00000008
00000077
00000005
00000320
00000000
00000000
00000000
00000000
00000000
741b7d02
52599edb
bfd69e9c
3ca5361f
d2f056cb
4992cacc
d411837c
89aeae03
6446ed4a
065ea32a
34d4af69
c8ec8200
4ec205ef
059dbf94
5701e506
34a2f9f8
4c649da5
59db1d9b
d9396835
fc60b03c
c1141f22
b58985ef
b5ab210b
322b35bd
4617d4e3
a4cf0ada
29d26375
c79ad5b3
e9b158f1
4648e918
3c2d3b13
79027975
a8e1a61e
5c6679c7
f33b6072
a3fa5613
a4ac82d9
e76e0ec5
124849bd
d5a91caf
15681000
5f17bf57
3b58117e
26ccc48a
28d06141
769aa181
570b0cc7
73d8a45f
19c7f294
e7cacbfc
c63a6f8f
156ee74a
90996971
11b6c568
a249031f
073e4d11
b8f10e8f
f1cd10dd
9565cd6c
8c883033
3e3b7940
7cd962c1
633bebcd
d8a89364
722988c2
c11923a2
0b71470b
540e01b8
4e47988d
bfadb0fc
e84784f2
9ac0aabd
239252d2
e50f125b
4168fbc9
0654310f
5532ade8
96b2bd31
0682ba09
c5760c2c
16ab3ea4
87088315
03a49627
93b27e22
310550f9
69a188e3
8b5cdcc1
2c02ca3a
0ca6a86c
ce096218
ba85e853
80625a36
6f050b13
944e25c6
7cb1be60
0f19cd14
61910c2a
141616f7
2e725008
9c2a8148
f7d4bb1c
3631767c
f0381a17
e6be7887
07988825
9957b281
a3267b7b
400b1ac7
900e09a7
f85e8bd1
4c417857
801f75a8
572fbf4b
052c9b25
d17a4050
ecafafba
b58af31c
1daa62ce
858d1628
ae1cf458
1b3ee727
6a934563
63710d49
9b8b9c8c
9cc40ef7
77f504a8
1d091bdd
17232c21
94f65d8d
4610e197
b3656198
60d69aba
fe3288fa
c9e4b465
64e3b76e
e491bbb5
eb7b73d6
6c051a55
1159963c
454ea1f8
110ace05
61af1a0c
457686e4
445ae668
7b1103cd
e392223b
10546c03
c92b6bcf
26712367
1ea4423c
4ab34286
bbecb2d3
3d950322
7670015c
76bb696a
23eaf59c
7ba276a3
3428afc5
7a443e54
ee583334
58ef9968
1a0c8894
a43cb015
071d73c2
7077a43a
8e01372b
e0948dd8
b85b2571
4d225773
e07495ac
06395e5e
38993638
97524b5c
9e57738e
f82c8582
701cac3a
9309453e
df091830
41cebf08
54ba8e97
cb4a8299
2abda124
2218061c
5d6c073f
4725cab7
6dd6b495
da0e2cfb
ebffcd45
88fc3c46
7d9cbc96
e1c4c0db
96f8bb92
4369ce8c
f7eec8ec
d3ecee36
e58f526a
4988adeb
ac1a3eb2
7bd759ca
3c076cbe
0000004b
00000002
0000002a
00000008
00000078
00000005
00000320
00000000
00000000
00000000
00000000
00000000
647f39cc
a29ba160
5d802a58
cd9807ca
e89cb793
44307300
012716fb
b8199983
4274bdad
8e1977e2
2548ce39
23b67657
a505e3d5
e8830069
98b615b3
a7559436
351d8741
b4515966
81273500
087e1c37
c64cb575
c56173e2
327794f7
9e2a73a0
82a43737
1a44bc11
48ec2e94
8e47f7a9
6c43c814
afd1157f
346efa87
10c13925
6963949a
3e1d4423
90242334
6754aa70
f72629a3
a58a3a65
1212fc51
d3a7558c
a14e2063
22d45c44
c34870de
c0510ad6
31182cc9
4684bbb1
84f3c4b3
7c225aa0
c09590d9
444ca11a
43023d38
272c230c
b2b9af13
2b608834
d40f3822
d6c5b4b8
460cccbc
8f525766
da462f19
a7a17378
ac22c8e1
e210658b
25503f52
359368bb
e8ee8295
1b86731f
4dc802f5
e69613cb
07a7935c
5d51828f
bbb1be03
c2b10b5e
17079ae7
29acc178
6d76170a
aa6f641a
66f83ac6
95941606
e4c9517b
a84ea9c3
6959e564
02cfc65b
c685ca13
9905371f
0227222e
931b7833
785c17b0
c90d4328
6c9f4a34
b4cc37b0
9d7cf8f0
70f47d93
2d6a539a
644e01a3
b74d4085
30cc8683
840bd5b5
ea34a187
8eb25419
d413f709
24d158f9
09f1f305
c400c4e8
e752b196
8889ca77
74b8d42f
27ab9e91
c91460c5
7e0af7ed
642e7ae3
1702154c
2498c07c
60f74df2
c077b1bb
ee657b90
e3d1b452
9ec18f57
2886368e
a3cc8ae6
3107735e
18885292
664d6eb2
2626ccb4
1243d4b0
8b00726a
4fc09d2d
e123c991
b9142519
c955265d
8318c9f5
65ae7e14
c4173443
a04d801a
c5a69e70
791b566d
f4cf87c2
609e7fe9
ad5753cc
db6d0cde
735f527b
a9881dac
c851a9c9
3ccfb606
63ea2faf
37ae5c14
4a02bce8
78099c19
e9a7a309
027c12da
754b0f88
c0ab056f
da065e77
8cc4350b
6573b7be
82687741
cf602982
6a47f051
c26fce59
97f1d591
522d995e
702363e2
6547e99b
2902a79c
797cc2b1
795461b3
5673b4cc
00932ce0
7f9b22b6
18ad11a0
2b3e93fb
c0bb7e4c
6d5738e1
9309541c
0adcd0b2
0262596d
73a64554
0045476d
f83b187a
51a84104
5022485c
6504887a
4c5b8e64
aef4e105
415d7022
d2659870
5ab95065
5a933219
c020ceab
239688b2
64c9d008
49187540
a0903b2f
bdd99646
1f136125
44bcb0e1
df8d3743
077a6b7c
0399d76a
4d31bf86
0f3d4bc5
0000004c
00000002
0000002a
00000008
00000079
00000005
00000320
00000000
00000000
00000000
00000000
00000000
ca8286cb
fb7c2771
a62b5742
c999d39e
dba8a254
c2177f80
1a5a314c
db48bc66
470612ac
467d8638
f50626f3
c9c02b96
30b3459a
a5698670
ccb2604a
cd68da5c
826b5f63
9e47123c
ae33c187
057f0ee2
c87847cd
d6c9d00e
6621870b
b5a75da5
3735e6c4
b36da965
03aa511c
15915bd3
68415935
5a604e11
ac7fab81
bc456b24
2127738a
ab96fb03
5abe2a76
8f6bee52
dcbbf147
8c10a2ec
b1a42cb3
5abf780c
48aa1c8a
185ab83d
88841093
700286fc
8f9a2c12
f86fd426
39fd394c
9b2a9552
400c34a8
81f41e89
66702c48
c695f6ab
f97f09fa
51ebba9b
316af5f1
211228fb
cebaf36b
2fa68948
926e2332
77b4e859
fbbd1622
0ae301aa
42129acc
225987fa
808d3db7
8cea0313
6a6a708f
3320868b
b7a4d16d
3cca633f
9cf74eb4
cb6a276b
c28f491c
ac0a99a8
4619e551
fa884903
84e35bd4
738ba27e
c6985416
1b99bb9b
bda09bb9
a7b7e3e3
a7b98985
24e2b7c5
a8392395
ac259951
616ceb13
a672c1eb
c0bb6bd4
c40c1e48
8abcfba5
b69a0dc2
b0fb7088
2b4c91bb
9af46149
ae5476a0
f538462f
2b045ae5
79c7021e
9f475b7c
21416207
25938314
ec25487f
a2a2cd82
9ffc80b4
e787e49e
5a1d5861
66858e98
8e042b76
51f45c11
b1f7ada2
3a167a08
2495912a
7b75154b
6176fcfc
65e04268
3931a349
48ca7a33
c668443a
9c962550
96b3824e
c5162383
3a415ca8
9d520997
5c8a3887
ce1993b2
f85b1a0d
77bdc1a0
3354903e
cdbff1a9
21c6b437
9b9ab536
3b8d3b48
22ad83e0
428c3a81
c757bc0f
46bc215b
a0f4ac07
2028b50f
c6525562
70bc5abb
9d54a7f3
b4a76c38
90f383b6
d945857f
0567b9fc
21328a0c
a657162d
341b028c
15024db9
cb9d69c3
d241a7a4
83f91fb1
b9a0d148
e21b0de8
cb629db1
3d2bc647
11a2690c
7cd71d85
fd51b7e1
596b1882
c892ed84
d9b2a9ca
d42d13d1
8d724a60
d2711b04
e9b54155
98e79624
ac0d0afb
3021ce1b
2a6bde4b
572c379e
1132bfe1
2f4c467d
303d4295
b35d17e1
bc299381
193e78f1
91100374
ab6027b0
20c15af9
a23e2935
96c40b1b
8b63b556
847c2ada
cabc9e11
e519cb8d
f56da9ea
3ebabd81
7e289851
7b2c15ec
3d037780
2a5aa40c
ada8ef29
332b3402
ee4487a7
3aae8a0e
a041aba9
ed2e5af6
f2f7252f
0000004d
00000002
0000002a
00000008
0000007a
00000005
00000320
00000000
00000000
00000000
00000000
00000000
4638374e
57886b37
b22c9fa9
fb83463b
340ccf09
76304752
436369b5
718740a8
12a63fc6
f30464c8
62967b70
89aaf65a
d453a338
c41f2c47
24d81273
720c7780
39b97a10
9157d7c0
7ca6b620
66d8316c
1318a47c
b369d9c4
c3ce9196
24b49fc2
7bb7fb10
9b2036c1
98e4479d
5cc42b3a
27f00818
b1716aca
83d004e5
c3885b55
438b1491
19a317a4
7a78b546
02d5cf87
272c70d5
ec58c314
ac74e393
307e11b9
72083c90
9a4ce520
503ec4aa
00ddc883
8f64c62d
cc4575a4
256c478b
c956f3c1
04158a53
1af50a64
cc672a64
37a30833
b1d659b6
6dd87f46
ef43b7cc
db3c80a2
05a5677c
ef95f318
73098a70
63f2093f
47c65154
458b6dec
3b829124
db3ba416
30290131
25074863
0a604143
aa843403
73b9e01f
96719419
08d5c638
3d270b7a
ce55c86f
197cc098
c7e9e346
33418649
ac2051da
10c43a9a
6d28153b
2c428df1
6e94c048
fa7b1c06
4b08bed8
a955e023
41ca37d2
80f32d25
abc680b1
655001c9
d2d12825
087926c7
e17d2028
673930e4
cd24569e
e7857a93
76345b49
255a34b7
e57dd9a7
c9f2a9c6
3337ef4c
08848c3d
abad3de8
a9733da0
e7cbbae5
83f956a0
75d5f2b6
691068ee
bb556964
8103f561
cbaaf6ad
35748805
0be08a3f
a67f0450
cba1af88
549bae7c
2da15a59
c89671e2
b312a085
d4036c9b
3778a809
c833af5d
e98be806
73198ea0
94c69a2e
7dad360c
083dcbc6
08604465
1d4943d3
e4c62910
22a22f24
917359bd
21f48eb0
3ba819a6
766722d1
2c2b7fb3
82836c18
4297d64a
c7e29ff2
4cd806a9
690940b9
4b136fcb
61fac7cc
f5a5e373
85ee6772
2803ebc3
55bdb3b7
c7a8600b
b8d9040b
9ccf3333
cb1a75b9
09abc683
d35f2567
e5795378
20e9e70f
e85821d3
488e11d6
9dea9f90
96c2a1f3
5a21c0d7
0eab2e21
9804c481
f6cdc908
aaa2a490
2f3fa0e9
09f52e78
86f53c6e
e19ef7b5
b1603634
c7e6481b
6d4ec8f5
b9533924
5ff899c6
ab689926
e439ac91
876740ce
54818b75
5cdba23b
aef2eeca
7ebf23f2
c419cd00
5df0db0b
c12f0196
f45b7879
1a505003
46809a74
5c0a09e9
782abd23
74c8c7ad
46248118
22451b75
9f3f7af9
4b363a27
aa41c5bb
ba34ed07
cfcaed48
dd2ee315
5638c915
1dfd6216
36a69456
3badcfd8
fabbd97d
0000004e
00000002
0000002a
00000008
0000007b
00000005
00000320
00000000
00000000
00000000
00000000
00000000
61930d02
d9e08a71
32e0f086
80a78207
09c26e1c
17323d7e
5ca63309
79190492
22ba3237
7d86d790
2553261a
86d0b9ae
bb5c8add
e62dc145
03a055a4
e273e7cb
b1ca87fb
3109f2b3
90bfd32f
15c513d5
b5268208
bf0fa37b
669381b0
bc801916
a2579c10
3771767b
3ebaeb4b
1b035153
c64c922c
23e91320
913716bf
21675f24
287be13d
131bf2dd
f024ca87
20fcec1d
f8bfd7ab
d95b84d5
ccd02a9f
2533bbdd
1b870cf9
4867ca62
beb948e3
4a01a0ab
933ac087
e400f0d8
f2c898da
8d102aa7
834a92bf
3643acf1
a1989297
a5355cda
053202f0
5f46ef61
d34e39d4
c13d4cab
8514dcb6
fe5d716c
8b4f06a5
0d21da0f
1992dc6e
d9be2d73
58f48c72
2b4748e2
57e46d81
45e2925d
b4133bc6
578d1153
46a301b9
fb0d180c
6c02aaa0
bca0d5cf
a677f42d
ac83ccc3
0a092f7e
950d50c9
6130c682
cf9b406c
e689835f
217ac025
96aa38aa
5b007521
ac79a3dc
0f204d2b
bb51fa7a
20a7b682
588721a5
d04d2635
e68b3b79
225aa3b5
e6898ce3
a0f44c2b
9ea2b87d
b5ab5713
45220022
5bc53d1a
d4a65cd3
a8637567
3477334d
0a387c6a
185a5541
094200c7
ac6384b8
0844668c
0fd61564
2f162c04
f74a3064
a3d6bf71
3ab774d6
db150847
63d63f4a
282363da
9c996ec1
98016d0c
e7460b3b
14701b5a
5f22f984
a9bf339a
678d3a6b
79541c77
e541d6f9
91b785e8
2b9884af
e98d9a0d
f068b289
20b086cb
d7b504d8
f9f08dea
44a57f28
939c52cf
60ba0235
441bf376
bf921358
52804927
6fc3a07c
40b8d67e
44128571
7f313228
f7776740
aa1112f0
42788cb3
0c4dd46f
69d5263c
0af5d50d
75625021
c7969ec6
aad35078
1541f656
02e80a9c
c56b8121
635c01cf
6c7a136a
a4298c60
b579d1b3
94c05d66
34889139
0957dc27
a7763147
37f2db95
c849b783
42ba68b4
9f259f30
215c86aa
373d43aa
bdc9f98d
84219070
7748a7bc
832c5c1a
3a009bc1
c32d46e2
caaa9844
315ee174
48d30eb7
8dc16ebf
913dd40a
263d366c
76cc805b
b45cd5d2
a476a6fc
57048b3b
6e92430b
174a6de5
2226fc53
6a897804
eb6c5e4c
5aab3e94
6846dbed
e7df45c3
7e55c660
ac7555cd
85736309
70748b08
0957d178
6090133d
0e433302
63849188
1c48f7ae
7201d871
f9bdfa0a
4d6ad999
0000004f
00000002
0000002a
00000008
0000007c
00000005
00000320
00000000
00000000
00000000
00000000
00000000
8b7ea2ce
610a388b
8296591c
7f38a6a2
2c5e358b
6b857ccc
5db959a5
da12b972
6221615e
ee3bc048
844d7df6
cea071b1
cf286c18
80fa9f8b
4f3c8346
2777b4a8
89ae4934
6ae3fb9e
b30e03c1
671c7e10
5cfa5f02
77a972c6
979375b1
93d98eb7
103606d5
b238bfcb
6d45731a
543a47f1
12c3c126
2aab2d24
6ab71b8d
57663f66
af25fdbd
f24feb37
90948754
8cdc0e9e
8b32518b
27ef4cd9
73090ccb
a35f82a3
731d2de3
0710522b
67a3e378
9b762cc2
6e56c61b
f5c891f0
857267cb
4887d838
931de78e
e3834375
cb28c42c
e84d74a2
f4ad9af4
4a52c375
c160c8b6
5ad1c46a
2c0c6146
3b9e0596
3a47b901
5b64666b
7f5cfcf7
b7095758
3aa5c116
f5992574
c41186b2
68966e26
dc7222e9
f5486783
89598c2a
456eb74d
085f2c56
b8472d1f
eb0a6670
8cbb7683
bea76c4c
df7d77e2
7067838c
a4818869
2f4b7441
557d218c
6f0c9c9f
519f6c6a
94c7b061
7c599336
052482a1
380f3eb2
4ffb6c0c
54c0c598
8badb5fa
4221ca05
2c761637
66227d81
0a0a8518
8fa24a02
2b3e030a
a7e9c037
e6627315
18192931
29c36937
87129495
3ac00f10
02a97009
784528c4
a7774715
1905e040
43596719
36b3290c
86e5dc54
7d4c3789
544709ea
638c6cbd
9d9ae21a
9c7eae2a
761af611
d229ccd5
b05c7eb7
714aa157
82331b02
d3c3bfba
46004b4e
114ab935
98a96c42
5f476d79
c7b932c2
0a83a122
13174a1f
2c5f05be
252d1f40
14e2f82c
7c61d7bf
d93c607c
7b15455b
56b9130c
818587a1
1dd4a015
b396fbd7
cbac5902
9e70095d
0db1a303
92aca883
9aa68552
a00e68bd
c0be8e91
5c13bc64
df9dd70b
40b8b610
7739b1cd
7e49378d
082142c1
90b5f8c0
25250659
faac4b4a
9ec58b44
43a985bc
22046b07
4123a74e
18b5ea0f
24bfc331
a1bb981a
8b520c64
50b12886
c8425ebe
4cafe27f
0a70af04
15ea6967
2c1bc404
75d2cad6
47b5ab81
59535c8c
597ca159
2655d576
d7a12903
e121b4a5
4225c612
9f05399c
c86e8708
82e796c7
65b66aea
2c5f246b
2469163d
7b201551
60810126
67a671bd
9bc2e656
f9c8ab3a
a2417fb5
fd4a051d
6c26ca1a
85451c96
bc292bd7
e668c2ea
c2421339
c12fad14
5ada4900
680a1f72
d5243970
2846c807
ad717b1b
fad060be
61041a5d
00000050
00000002
0000002a
00000008
0000007d
00000005
00000320
00000000
00000000
00000000
00000000
00000000
b50eed02
6408a2b1
926c3266
1ba16087
d536c3f2
71d19389
814c64c0
30d8a838
05468254
e14ce7db
45577be3
4bd09d46
d390a068
e6b8543c
30acf061
0bc8f20f
16d54568
720136ce
00b6f555
ab590b43
4d49cc36
a742b819
45228483
77ece9cc
1b626bb8
71b5c8a1
be63dc50
3e1dbbdf
4bcfa549
1bd89175
ae5ef341
112d47e9
cf131e2a
fece882a
d7650886
0de0f575
592735aa
248a8872
62958813
c3456689
4b49b0f4
5292ee8a
b45e3617
47f58166
0d18cec1
996dd771
07c2b22c
2a66b729
032606f7
9bc22978
bb2089be
165acb0f
e666c635
89ccdb42
5b12b9b9
34220bb6
9ac43605
c7c9159e
25d22756
bcc4ff83
795760c6
56439052
4c437412
ea37a264
f4834286
036b0b76
cfb19a42
3408bcfc
b9b4927b
5b357207
0c4030e4
7b333473
9b29d66d
c6ba28b4
6acc406b
e003c1a2
b3258379
64ccf27c
2b1e3085
523fa278
9844e130
689e454a
f27f64a8
6c599aad
5340c213
5c970e34
4de7578a
915d677c
382bcdc3
65c4a202
5eb18880
5053bb31
2ad1b53b
101e4783
4551ad2a
973a2540
2f12eba0
994f6993
cff8de71
bd9be43f
928e2eb8
9a5b621f
cd3d0269
371c0356
3965b20f
a6c7d20d
668c4cfa
1368de4a
79cbe5d7
90b08266
2a34dd49
2742ecc9
65fa3492
4085b998
70673958
43027103
cd844f5b
0ba7583c
40f379b2
1361f640
7073223a
b920c0b3
63c03b32
5112a4db
f41d7835
4d8237a2
4a914225
61e06a93
0085f789
820674e9
c58f8480
171c2435
389d5921
6a4d7c76
699366ba
5b048042
b5b72875
8603a922
b18ad7c0
6a3211e1
b6ba52b2
6b59b5d9
e7bfb177
bac31c78
892769d6
fa922db0
ae0c49bb
431730e6
4b5e70f4
35606dc4
ce901382
6c952985
c226f647
40b47603
8cba01c9
4059cdc5
ae6b6414
b10491f3
353c6d96
a7918772
74142e79
09d32903
0933abb8
6758b0cb
caf6a891
ddaca31a
193977e5
bf948307
bc53c1e5
56da673b
64958670
8e50916c
4be33c5b
c7d99b59
7401e2b5
248726e8
45a9e265
9bac934e
c0bb034c
16555033
6b9dcbbf
49d74e73
cd678198
eeb994b4
50771d64
7965592d
270317fd
93d22b34
28da8f45
2eb55bb9
99313748
2e9218cb
43d2277b
e02b91c8
eb9a1380
43fcc680
45dd90ae
850cb757
0249c148
0dc6b0e4
00000051
00000003
0000002a
00000001
00000001
00000002
00000320
00000020
00000000
00000300
00000020
00000000
dc632a89
204dba22
612c0c1b
565963e8
f71308c4
b1ccda18
7c98bbce
68a70409
80b483c4
cc4a9c33
dadd6570
c7bcca8c
c3035b88
342a79a1
238a092c
e59cc27a
72bab803
0fa4e54b
7b2a305e
4b0ea012
c311c86e
be710b88
46fc1b7b
56b1d7a1
75ad0373
e1b3b1f5
58957652
eb37858e
e15e94f6
2de01352
cdb6e756
f2c81d86
b8fab0b0
fa8d09df
7aff1647
120b4b22
3b35fc7f
e800536a
34aa6ab9
4b0ca5ae
22f96b33
b30b6ba7
39975ca5
12589488
0cf05346
888e96cd
b64016b7
8f209fbd
863aa963
5371a86b
52f7297e
f871755a
b53343e9
c3cb7779
b4c55c9b
b4cec281
3d9c830d
17202667
fbff4b75
62f33e1e
94112be7
20f86d01
12031e0f
9274dabc
8b089ca2
ae434a37
435c9cdd
903a687c
09c4ff96
3703d0e5
abed2de3
4ea53d92
042ad94e
f67d6ca7
20154d84
51ab79a1
69641c49
af4752c1
72c69753
7978b987
3963ee4f
c54cf68c
07c34d95
26d5a8c7
6a1029db
c9d372bb
754b1259
418d57cc
b3b32696
842b5fb4
19158a23
78400a5b
6e85e2a9
ab6b560c
d1654935
4b22fa31
5a48031e
9bce80ba
a50ccfaf
74c623a2
293f39a1
ad1578c2
388ef4c1
bb5c4942
90d57d0d
660470cd
a5e13501
44917338
2ab3b84a
c86c0cd8
43ea1b3a
06c8d32c
32111541
36f8864f
348a34c8
6be6252a
256585ac
68600a91
86ffa3c9
b211dd76
978075bd
f1679a77
9e75ed03
94514185
c49c9588
bfdcc2b2
b5cf91fd
fc332a86
4841436f
aa093779
b5d0a27a
742b72b0
498b9860
d5563104
6136f284
d504397f
38477877
5cd3ea45
f88e364b
387803d8
652164ce
08ca4c0f
a9fcc233
a7b329a6
cd698385
b4ee512b
8a5be315
ce3f2aaf
48a97c70
0b478646
3a0577ca
2cc64670
90c3ada3
0bb73239
c843c1a5
083bce69
e41918a9
d5d91824
71421526
905c42c9
6ce27e55
00753368
e2a55bbb
2adc42a1
be57a4b5
7f57e71d
6b6c33a4
64a788bf
0b699664
cc58bb38
b995938d
5a4e7052
50819094
b54b0a79
c6971c33
9be83033
0361bc7e
d41e0c3c
ebaaa6b9
7644fd69
f143fc9d
20951b84
aecb478d
5b6798cb
94cb36a2
b247687f
1e64bc42
148c9552
8a99b62e
c6c0ccbb
85de8c6c
c24cad05
321a5bf9
e26f10e5
dc159686
63d3151c
dab6b682
ac68dffa
ab7ed801
a3fb3f27
b5b196bb
eff67073
ef28cce6
7f5bea8a
eda1a21b
28640ef3
ae696243
35963f51
00000052
00000003
0000002a
00000001
00000002
00000002
00000320
00000020
00000000
00000300
00000020
00000000
2d075a62
23d09ef8
58972fc3
be3a131a
c55f5381
81bcb42f
49ba93a6
5b3c9595
c4b6a3b5
d9b4c679
b35f5463
b3283c1c
3a6fe7ee
c7424eb5
a755d683
3c40b99c
dc7da861
9454478e
8fa37548
7b857f83
06d83612
3d7d8c2f
86dacad8
afe0c2c2
3b89ba9b
23840423
4687bf03
378af2a4
ea7d7852
4e116aa9
99102030
1bf25944
2276b254
014ba1bf
13b03a2a
8d938aba
4da7c5a8
33e6c8d2
a63ce283
887dfae3
4b7539e9
9b3c1300
8b5aa610
cc917057
0f7208a3
4834ccb9
95971d78
0608e51f
88c61123
9767630a
0df3c8a5
133784d1
56c440ac
b954152e
06077191
a0fe49d4
2169f2ca
80cd1787
a389bb89
a86249cd
4873fc27
a49e0ec5
b291e7aa
0b47eb27
875f8710
b465990a
bb35a520
873a6678
91b85c99
9b2c1bb2
209baf67
a9c0429a
7e0476bf
722b7d31
82dcdd9f
7b5ac22d
05369969
8f6c1db3
cf664928
b51f52c3
86aaa4a7
1673ebcf
9a50c439
2248487a
39b58304
3a882a91
6006ae8b
6b0fc3d1
e68ca7ca
b5a9555f
8f1cf03b
64137710
22098b26
e81999ca
a7042218
3d0066bb
f360c828
f2f8aff5
93265709
df7b814e
28b3b3b3
2ec32b9f
dfcae785
d06d6c10
bf4745c3
6326668b
e0e5a9b9
99b0cd8c
76ce9351
0c11cbd7
c8475287
255d09d7
01855e4c
c6a33284
ba9ab705
8815c5c8
cf35053d
b54bda68
ab296527
b87a754d
845c7a37
380604b6
19d055c6
c15c0934
969a28f7
11901fcc
f60bd538
f68e16a6
0e5acd3f
07ac2c72
b99e96fb
3e405a13
24a2b41c
8c6e5f5c
4a0576a4
7f8b0bf6
030c2df1
61b79a48
74c9c94e
1926a497
73794198
355e5772
70a0a4c8
62c01d29
a60f7259
b44c8ea3
2ceb7c8c
4d6e29c3
2aa2a806
6fc0839f
afc05a3e
627bc881
3780b680
c35f116a
15ab4688
3691179b
596337da
ab1d8fc3
a9248914
1d6c6b73
69fa0aa0
3b66185d
07b00b3b
26c4b646
61d90cb8
65305a4e
9a945399
a3a182cc
fb71c8a8
64d26423
7bb088a4
2416753f
7323469b
bd361d1f
f0b0d95a
10819e18
5627bf8d
e78ffb20
807c54ab
4819c4a9
639d27dc
58edc79b
a3e47a9e
0f74892a
ac906667
ce390b47
4d6b26d4
b0f6673c
ccd19b6c
ab3fcb0c
4380b71a
0f19e887
32786af7
305efe7e
8f9bc511
1ff5068a
c51c2fac
c70153bb
6467e24c
df28ac00
54474b2b
2d1a951c
1720b219
93adb0f9
2d15da82
4c277455
2acb9fe2
3a2c3766
00000053
00000003
0000002a
00000001
00000003
00000002
00000320
00000020
00000000
00000300
00000020
00000000
f8867ad1
74b0383b
5455aab3
e869312c
03932277
4334b63a
36c0044a
1c238667
4bf07226
479048ee
a1bf61e8
69746250
312ad233
78ca17b7
25f3fb7d
506936da
8bcb1674
7fc8d30b
9b60f246
36ac2123
b4486d6a
f400165f
3727c125
683b8b8b
36632799
757b58b0
7e230e3c
ff1ca6c5
06509797
865bbb08
6215c158
4144cbd8
1bd3bab7
677051e7
a12e56b2
346c6f2f
62496968
72428d78
32e55f04
543e195d
0bf49936
b71661bb
969ca994
41455e20
aee8ad7b
eb48d7d2
d28e3133
7923224f
4e3e16f1
26e42cf2
616aea8c
93b96782
411781a7
1d931fb8
521ceb30
5474552b
a71ae94a
62ad258e
2a8f5340
373a303b
b52b2bf9
4bfd2217
498a1eb8
f32ac4f8
8441927a
55a3e2a9
e13f730a
1bd82840
649b465a
4888d4cd
a9b29165
0fdb873a
017d7671
75071e2a
2859279f
6a389a97
aad58856
5e173f8e
be5a3afa
e2817713
18cbdd9a
821404c0
3c8fb5a6
616c4669
ca0146fc
94b80226
32333313
2638b0eb
a7544007
0761b969
a7090803
c916a8ab
2fcc8496
a90437e7
516fb4c7
8562aa09
02ce975e
e8f35aa2
8dd0afaa
50ad90f5
8bb80728
835bec64
0b717606
8041c28a
67c75aa5
d89a5521
79bd1247
3c44d38a
d70c6b1d
57449e3b
76a16fa4
4e736b13
92bd9125
79b3fd20
dc630a2e
b5336ceb
33e6e769
8991745a
d20a7433
58f97e3f
080f951e
a9c49029
c6c23889
fa4e6b2a
f09e4b88
1cd65205
776d9751
536eb0da
1f35b44c
5cc7db28
29df3ba4
a0dcf3ca
e6ceb08e
4c8d2b02
39e0116b
c33be6e9
a7bb906b
98a2a46b
343d8006
f8db6f20
2937fa00
a6cf4ccc
9ad56608
2cfb1d8d
2f3e5b2d
e92cb6c5
16a3fa8e
cd891ce7
6c211963
04b11753
434cc110
f9bb9a61
9703af32
9677b4d2
70668151
0837c219
76637c88
99b621a0
1916051f
0b6913f6
73db5a91
0739664c
61383271
22dd6d24
baabe240
431a69a4
e48d5391
73652b32
27c014d0
713988f2
1a73a661
c5a8741c
2263b6ca
c888b240
643b92f0
e6a57537
735a9a12
8c4cec66
49a35fc6
cee0083d
5c6791b9
dc072ceb
22e2c42d
68764729
459325cc
68e2e84a
c5504159
b60109f0
ba23d2a9
f83347de
338d2139
43b45386
bd777b36
209f7c88
eac83302
68f97189
0c0e6abf
79c2e973
d7b7c88a
8b074fe1
08815f08
a09e432a
8abf713f
a1e61cfd
8cc953a9
3f378021
440b75d8
2480a901
00000054
00000003
0000002a
00000001
00000004
00000002
00000320
00000020
00000000
00000300
00000020
00000000
7f38f772
19f57999
75478898
58991b24
5c6e8da1
c2583754
1abfe89a
0c826424
c73aa79f
6dc0f09b
0998cc96
23a08d73
6d51568f
e3e5b303
711940b2
67afac5b
03067b75
5ae4bd92
7fc00380
38a88c2b
9782d5be
283ba670
f7ae6806
8af98833
7b877ba9
5910bca6
0748ec19
d3b7d9be
c39e4907
a29c182b
882b6081
2af8c2e9
0a964529
13a0e711
d12f5418
4acb99c2
24c0e98e
dcbf4cb7
b11af81c
016f182d
88116dbb
87779349
d29b42d9
708d3d41
483aa8ce
ce02474f
b53d88c4
4510470f
462ff652
90b0c790
4de59ecb
d242a239
e720aada
3b504c79
491e6c01
619e0676
88dc812d
3054b8bd
d9017969
98b9eba7
0a9e34ab
bb341256
c850646b
8a93b58e
73d74fb8
aae56db6
5029f36d
15c0155a
bed7e833
ed36ace2
63fb3d5c
08397798
82236821
e1d82e98
57805cc9
689f8013
ec535be3
61534a6f
6091a9e7
32e26646
01357f87
b1bec765
873991f2
85329508
7f272050
b2898619
82ab579f
bb19028b
479a2e30
1833686e
25563b64
ccfc7a49
0fb79eb1
ce2795c5
04f4758a
270aa04f
6d076af7
963a8173
4ba61865
720cf610
b6e11e6a
6850ac46
1c840579
12730197
463756ab
3c1572cb
f0604832
459cf485
5e5871d3
5c2034ab
b70bd096
6c8a6487
3957326b
42a6b658
3479c068
7b7a204a
33dc3715
558819f9
90b20398
cc59e06d
9a9ea2f1
c8bdc836
65e5a487
e0484a09
33cf99b1
2ef3417e
6755d57b
babd1abc
7829168b
527ee33d
8928a4b3
0e3bf3a8
ea68093e
a49934c5
2261bc08
45cbc59f
1bc739d9
00a1511e
37cd3a34
669ebdf6
aa217829
6f415bfc
645e6c14
08a85a2f
c9af76a7
a89e2f6c
5440febd
19446b9b
d9ef2614
13e44870
ebac6067
187f8a13
c9b3506d
95396a1a
549b8616
acc27799
7c2168c1
fbbc94c2
6dab0375
7c298850
f975be43
66b5ca48
5b1491d1
7a0e9af2
36b77c53
599aaabf
0acf967a
6b7b8477
1a0a3060
70c154d0
6969b217
67935990
c3038aec
4b48e18d
416d5853
01a09609
5467ae1c
4b6a1585
9cea72f9
cf96c90d
58940bb4
d806b5d2
2264c662
64b651ee
846f11a2
bda793b8
4f6d3a43
e3c94495
15e1a87c
da3e7606
18cf54dc
4bb1bb13
294dffee
c17ed529
b43d7369
64e31bae
71c70ae2
27ed8cdc
60c46fde
7e26e902
c603eaef
2d2f1468
44f136d7
9dd18849
390e9be5
9f06add4
64c35a55
ce53e5a5
00000055
00000003
0000002a
00000001
00000005
00000002
00000320
00000020
00000000
00000300
00000020
00000000
90c0873f
5aee5183
0ab139ae
25185ce7
25b07a37
6ffa3703
ccbd42ea
c4a27ce7
6326c5ae
f44b89dd
c7921bf2
61a9da28
e1b4cab2
1721ce72
a232e78a
cb5ab241
aba30d34
9af28fcf
a850b720
7aefbd88
12a90fbe
de504a0f
c7953059
8252c283
4685c363
fab153b7
08f0fabc
6ca0ea49
352379e6
00d99ca8
210f75b0
9282c818
6776bd31
0019b669
75df8333
67527d3a
48cdc907
b90b5a1c
62a0d9c2
4c92daf9
155d5956
a831a4aa
c7cb7cbf
b416a36c
95e79050
540f7678
04cfba5c
ada39010
1f06c29c
4aab54d9
4af9d965
624b45e4
e1b42440
baa7e292
f2cbc372
a5999f18
bbe68032
dc315948
74e952f5
aa37caac
f63bd7a8
781f4800
a2001096
e46704fc
25b0c7c1
3df9644e
74b8a058
3709a5e2
11d13f6c
1657788b
e14e4a28
015a9f08
99213aa5
2acc4d8b
33900cbb
4c62875a
b00043f0
7df59ec5
b2bd4437
f8793a6c
8f055e9e
182c79db
3a8e1591
1842c29c
e070bcc3
b9d16c59
4cc6531a
01ce6af5
a88d6503
9b085b2e
86220618
ca5d539c
2e56701c
4bbb21a3
311d8e5a
1120c829
682fd509
266c2076
c533ab4a
85c8073a
43a40f61
1ddb1963
420ca772
561a27e5
7d40899d
4b3c53b9
343e3934
74683504
ee7e4c89
469198b1
a262871b
f50941cd
63c74300
4c398e53
9fba6355
72506e93
bdf8595d
af1ddade
9bd06a04
50fc5d4a
da8a29be
d2612c30
963aafb7
f7af8a10
7b5b9ff0
04db16c9
08be922b
c2c00289
2be89799
697f81ec
a4656d15
27277b29
585a3c16
35ea7a9c
469299aa
9b98b523
e91263d7
034c5cb7
22c5593b
53358480
1a87574d
5191209a
36340ce5
10e75d5c
8d0909b4
421d64a4
be0ce81d
878f23af
89e73a82
9a427847
9b9974fa
a7643d46
680ad304
894027b9
7c6c4bf7
c4232d37
f5ad05fa
9067cc4c
535d009f
8c7928ef
085dc5b4
8b22065a
36555532
e09f5478
1e88153f
8f2cd282
d5b34f89
19514e94
65c4cb82
0bd974a5
69100933
49386bd8
06e676e5
4716b75d
e359d30a
6ab310c5
3b35e430
da803c8f
49f47846
c6889d15
a368a077
757394a4
56c0951a
cb39da7c
1c03a0a9
92b79d96
7e11c80a
72e041c5
1f1b0b38
cbba7956
7a214df0
6bec88af
c3e15211
e1f77d69
e6291fd6
9f931659
2c77846d
ab077f6d
ce498256
7706b96d
299abca1
efdee0e7
9dbd0767
4be756ee
8e0e7a3c
1cda99d6
96528b0a
ec3b1aa2
00000056
00000003
0000002a
00000001
00000006
00000002
00000320
00000020
00000000
00000300
00000020
00000000
a63fc273
3c6c9314
a1430494
03030021
5b6c0d38
6ab8dc8e
607268eb
4a0d4bb7
58f5c5b7
a581d426
279a1926
8e131e93
e502125e
839b8ae4
c8318fa6
f85cd09a
e4b0b7d5
0f386bcf
70a1fa31
541d8e49
4bd91e4e
2a9a55d3
b8fa7108
97268e4e
9058b42f
09de2dba
09a981d0
7a33db49
2bde7845
c9632f26
36a18556
13dd2711
66b033c5
118ddad9
eae705a6
2a51ae84
f9a4a2ac
89fd4927
bdb5ef82
52c390c7
93127d67
c024b520
87cf6abe
05d9973c
5c3cda5f
408ba1a6
6720c14a
9ac08d34
434c8004
f24d350c
00406f68
993ac3a0
c65a5ba4
77da6d93
355cd844
ea8709f4
1ac47b09
d0a9557e
cca5c832
1b45d1ca
5f3af4a0
b6461ea5
22d0aaa9
cc6d9528
468b7913
57a7cbc2
4119fb31
b26dca72
baf7001c
a74255f1
29313a0c
199ccf9b
10c05607
363458f5
7648b8aa
963ab65c
dcc35561
89159338
537e3194
d446acf1
101720ce
ccb00983
eac83c98
4eb5fa2c
dc62b99d
daeca36a
3b62db84
507d3c69
c86661b3
330bbd8e
4842503a
2b93c82b
7a010aae
b1c3635c
151a3674
4e537e66
d84276ac
2aad50d7
291a2744
c40d41c5
56c06323
cdf13482
09638616
76c90f46
3e11fe14
cea49475
f45457f8
76b8a54b
2f9fa317
4ababd82
09323b27
aa6252c0
63d953d7
73915325
0ecbc314
1bdaa768
5b935513
bc91052a
f9471207
04a42547
6501ec8b
969f24bb
1b699488
853d4c9b
8640c753
cec30465
de99ab38
e7b01994
9e0c13c8
1b1f3c57
93c67de2
3aea1e3c
7b92638f
6c46c1f8
7659638d
d72194c2
72325940
7e976f77
7db7daec
fb1532f9
ac4a89bd
b3b13a7f
7afe64b6
093b8064
c504787e
660b37fb
431c9b2b
7379acf8
8bbb5202
049789a1
189ca0d1
d3f53301
48043b42
4e80b366
fc941eda
9a786ca5
a77fc954
d6664c8c
0225f12d
cf7a435c
85c98bf0
66b16636
f8ce77c5
d5727a1c
3022339a
882ca05b
96214055
c898cc97
6325abac
b26302e0
68f3882b
d28f435b
c68b1641
6941d884
df8a9886
d44f3dac
1765fc44
abc899a9
fb1c4b74
06b22875
2569e124
d8102887
6603f808
8d94c710
f5516e79
0a82c00a
9b009468
2106bb74
8b00b90c
a2348493
d11627a6
07b01219
17b23cde
38a17714
ed6d3b33
dc903df6
78b96a33
a9fddeaf
76656152
6364d586
34f4212e
0e3a59b4
c515eabf
30347f24
4ac86ddb
8314f69f
7c30f08c
bf8feffa
00000057
00000003
0000002a
00000001
00000007
00000002
00000320
00000020
00000000
00000300
00000020
00000000
d254324e
84b979a1
9ba1b518
aab6d2af
a2151c63
2679d6a4
7960e511
14089c3a
7644c89c
d27986ae
296f7033
a8d00b99
49cf786c
7743b459
03475171
8f831789
4480667b
13b92953
10578ced
b030b240
b345550d
e7482063
3cef84f5
7c59778c
2a17908b
53ee81b1
8768997d
418f044c
20bc8285
4a8cc981
f41602f9
b85d4437
ae97a2cf
be41b4f4
25c678a7
8ef65d6d
ed26986f
861c215a
c8368fb1
c127e204
b0fa67ca
46d5310f
839fb053
980aac7b
563b4c21
ef778748
b2eb5323
13925d1e
645f44d5
9c6574e5
1121640a
c31efb04
895873f5
5768d728
2fa3070d
4797b5fa
5c30bfc5
88006ca6
a0739146
03fce802
ee81650c
83c44536
b2da1b80
e0af2a35
3815b387
80848e6e
251f2535
9157bcb5
b77a3f68
997fb44e
766429b4
b0e3e80a
6106498d
b3e34c61
0cfc3e74
e5a264c5
a2a5a65c
b249de42
a07e8667
30784286
0f523a4a
a064192e
97f35c1c
79767504
3697613c
c2e1189b
998cc829
3b2f4b1b
59b76c53
1316aa61
478486e2
2c992982
0955c72e
c6877162
883b39b2
22353f44
56975b8a
577b4bf2
91b65c8e
bd0c1040
7afa3fa4
ca420a12
eeba4047
f6f0b62a
7856df87
fd1f2056
c8c85a61
3c0b6ea2
f54b6585
b9e4c4f8
a1642e2a
374cbb91
bcd32af0
04a50db0
d1c10716
5b3f3df9
6146e826
a1611472
f5100775
0493163e
3ac930cb
bc1b6563
6ed907ce
e5c0b7d6
801dc8b6
2c37386b
e18c46e9
bb0f80a2
22ba7862
daae63cb
04a03aa8
b63c57a3
86c455c8
8ae96beb
b2174d54
ef34b097
21e35e42
b341aa36
b051e8f8
509db8c3
661883a3
dfbb47b2
198643f2
b3e6ff60
b657c780
3355c8e8
9cdc5243
0c198c70
81d030e8
53e7ce6e
cc03b4e9
33820607
82f67f06
90886cf7
231650c9
b201160a
c435c9f7
b71b9874
00b96436
ba1cb9b8
156615a2
bb53c0c0
1c8d81c5
63a58fb4
b1e0b19f
bc6de1ac
a3548f76
4b203624
7c540ce2
65f98ba0
c6e3e89e
20a9a18a
d84f8610
3d3c500c
7d1eb812
a58a8ab2
af65d7a9
82c5cb23
2b2c3f0a
cdbce664
6977cc6a
5966865b
527c6557
948cf471
494a5cf4
27488d0e
19b7314e
273e82b2
288256a9
5aac0008
d8518828
122af0b0
3ee2eac7
05b448c5
398fb964
7537e519
397584f4
c5049b52
87f77995
080d6644
6f1a8dea
66a0a405
039cdde5
acb48bad
96c754dc
0f993799
af81eaa0
c6e94b99
00000058
00000003
0000002a
00000001
00000008
00000002
00000320
00000020
00000000
00000300
00000020
00000000
f82bd2c8
587102b9
2e99e833
dfb9531d
24ad1fc9
bae65669
f313d60e
3b227c37
4cc47e33
76415897
38630046
810b960c
6a891816
e20bcd67
0e6533ba
f293c91f
23e83efc
72aa248e
a18195ea
815d9d02
8fabd474
c75a7b35
044c148a
339bed15
8e4439f1
76f6610c
c5926969
506e907a
717d968b
217683a4
637aa702
d7076862
bc24edae
fdcb8c9d
759960f8
a89bad6f
7aa1883d
1cbab8db
c4b6bbb4
5a9c53c0
578921da
b9d65497
cb11995c
05f54d43
6260245c
5314e7c7
314e355b
be7949ba
7a3f24d1
4573378a
6cab1225
9c65419b
19be9039
8345a8cd
de7cda4a
745427d6
92bb0cc0
3f9c4b6b
cbe6a8b1
9a37600f
f8895543
0b01a052
a8ecb114
043bb124
0ca799a8
1a65a629
c261aa15
88fa0c01
3033e761
7520e190
177d8c7a
7e70d52a
906371d8
3aa44719
8843783d
923114e8
cb784182
1ed93284
6025102d
c978ab72
691c8108
5f566b26
fa250ae0
77887794
0c3049da
9c407370
74119685
07831c5a
2c838920
bb0869c8
b41b35d0
7c0b67f0
05bbe3be
f2933043
92bfcf36
92cc1dac
32055b6b
7900af26
1059ab13
bfbe23ad
7a152ba2
44b0a62a
7c35b443
f7676d14
0753b313
cf90b735
5b545ba2
525a6534
bd082bb9
9451cab3
5e8a5933
541ab9ff
7a22bd98
158c471d
1cce10c4
c6f115a3
98f92937
1abea8f7
91eb510a
53c7eecd
829589a9
52cd6943
4ee89642
d3c65861
c3132641
4f27ea72
4c1b47b7
7a2dbce5
4943a552
dd691a4d
021b27fc
a1609665
adb20aae
508c6ac1
62a5ee29
65515182
d972443b
c82697a2
d514028f
f0fc4564
2a26fc52
4350c629
c81178f0
040111c6
bc6edb98
18678fca
8242b80e
e71015c7
87f34078
779afe3a
bb77fb26
1144038a
ad551140
13a17582
04849e18
6db92829
5214527a
59bc8fb8
1af98a29
adaa1257
98315fe9
24426387
577d4b22
1a13b8c7
8a36580d
8d659a43
1b55a748
2c339d9e
5a36759c
72d4c4cc
62a34677
e0465869
f9761580
40b947c7
535aa318
d132746c
1ba0156f
034290f5
cc0464b6
58f8516f
95a65211
154d67d9
4798da21
215712e6
6a4a7947
52c5547d
e52cb245
765bb23c
a0831146
2d3db95b
d9ff85a5
5980675f
8b6c3678
c9dc0145
e962e6d1
ddf52039
d046550b
9bd64640
dfcf6cc4
ae10d05b
7bde8121
992c9020
d0e18da1
067a542c
edd6ff98
9ebc4ed7
1371ac45
722b7e68
00000059
00000003
0000002a
00000001
00000009
00000002
00000320
00000020
00000000
00000300
00000020
00000000
d7826637
368f4bf5
a752c4c8
500cf266
fc94aa02
c18c5b94
0a4c5622
caf545ca
00a5f66a
594951dd
a2a857c6
10c56e1e
193e8036
d4ca92b2
8a3a3e4e
f545d282
820407c5
3c52aeac
372d1a49
891d8448
0c43caa7
3aa02470
3349c8d2
7bf06c64
ee422186
fc55b2c5
50208c1a
2c5530f0
845f668b
0907b081
774db58d
6963cea3
924916af
b29d28af
340e98b8
8ca1bf8f
c8b8e68f
c3406e4a
51c1cca1
1933e264
40828611
0cf31e98
0b261666
d8fabaa9
9468d927
3c1b2104
93c72fe9
71922fbd
b54cd40c
7c202a98
c177b97b
c407d28d
1b6659b9
82b16280
f5430352
b12e421c
82377331
ac629bc6
13a3c3e2
9f54a698
9794897a
d5f57445
55671586
bcae3ab2
7705644a
0f833e5d
9ea3d772
56b17951
9b476009
6b512370
98946ac6
911c8a2e
a661d4d2
0749c850
24325b4b
e9327854
46447d85
c7c29837
8d329cbc
4000c310
a918fc03
3161938a
2b90951b
42fc1cc3
60577107
9c87a246
a7375eb9
7dbe5338
98d139b2
a5eb0a4a
6aa1f88f
3c0f3dd6
2118a1b5
f3705b96
a6b79359
43f62a11
9e7d0943
804a6151
7f3ab10b
94bbc3cf
d60dbc91
b1c38421
3d19497c
61a19c27
1eec7e13
9292cbc5
9b256f3b
51f8debe
c6bc4697
b9d85dd2
bb765b9f
3468192c
40d249e0
c8e9d055
04528486
b04e133c
ab2c1f95
74b6db61
27216965
434ae568
b45e67c7
4a0b2566
bbb3855f
68081266
32208a63
6edb3f7f
477a75f1
30c8497b
19123905
a8b945dd
d6572974
8c939b24
b6ac38d0
657669d3
2b74c18d
a4bffb4d
2b8d0e68
acf0d882
251a4b35
a6205643
b66a6262
c420916a
a4660343
b56bf730
ab244126
770b5834
71654f41
c7b64b7c
b22e8bd7
92b82aa0
b89ddb79
a57e9380
af125c96
a17a0216
26fec87a
24b323b8
3957a5a3
b6f5a3c2
c775ed3c
1a60e3ce
c2e9078b
5bb82658
2e04c9f2
357c4fba
57f41383
cb0e607c
f9f990fc
53150460
97ab1aa8
e94fc676
1674cd37
006e7486
94fe7099
94940d53
1404ea87
8a6c0121
79a63481
4c435adf
6801a84a
c93b4819
ec661834
88c651f3
2379211d
9eb8a88f
fa366d1b
58bc1d01
2817c50c
97751203
999c4c18
d5ce441b
d82f8b88
6d1cebb2
1bd0a8c6
9734afe0
76a359e0
9bb67237
2afb7445
d5ad24cb
a65fc84a
657f43ad
e4aeec42
0570ef6c
36220f24
610f9d1c
d37bd8d7
d8a31266
93083176
81655890
0000005a
00000003
0000002a
00000001
0000000a
00000002
00000320
00000020
00000000
00000300
00000020
00000000
6c8c16d0
f0dd5728
68b68a27
65c762fc
ab225766
3999e46e
c1c54b8a
803f41ab
73db1731
0c377c42
25236895
0c1bbeca
6d74f31a
908124b0
8567737d
b16de638
55f10e77
bff4f6cc
b05a0911
a7eec355
6db6e378
aa3fc3ee
d50b0879
24b268c6
6023440d
9a5fbe98
6c37f507
589d6b4a
e1d65feb
4824f08b
41c4a9ac
03e72a51
7f5621b6
ff17106d
c529189b
6a4b9d40
35b36bd4
53253319
0d109bb1
27066344
6032b731
1d14295d
735c93fd
6a242fbb
07d595cd
7f16c7c4
bcea3dc6
cb84208c
4eaa3429
a764b339
5fcc4e8b
0745e6f2
66530772
adf8e80e
767912d2
80c7873b
15bae56a
310bc7de
b9e51d95
4c9ba9c4
65bf98c2
f2ba5a68
57c9fc98
330982ab
f1fb8c07
57d03e12
1295694b
45ba2b14
15963195
aa388496
10f29ecb
a651879f
ac78667f
e0f12b2b
a420aecf
eca7f552
dabc0185
464b19b8
a857b13e
52900c63
4d5b2068
67199a15
98a2498a
a706d65a
603952ec
a3b0c00c
1fb6a9b6
9ece732e
c95400b9
52f2fcc0
a54715d9
b93748f1
cf357601
f4ab304c
858e82f0
618cd089
6e4ab2e7
3346aaa3
269653ac
fbc7963c
e1da71ac
243bc897
b19587c4
58449d3a
64379e2f
78b5f58e
72373368
8d55ba69
94b06998
eb511f15
19aa0e19
b44951bb
a64d7ee2
5e1c365c
af768803
9b675e05
69d03399
c24e5a21
2a3553f6
938c372d
664017ed
83da2556
292898bf
be04d68f
5860ad87
04a7a811
22cf1670
2ae30004
3a591c0f
74c1b2a4
f3e87604
ccab4bce
78ccfcf1
35d7a0e3
6f806a38
29582b43
27679114
b4c2320f
7412442b
f36819b7
b90879cf
d52292a4
b4347909
8ba50d46
e56da001
921609a0
06709768
7823c5e1
e33b3153
5a9af35f
f9c31a4d
72de8ce8
2fd0020f
cebfc5c5
7142254a
7102d712
4039772d
92c2a4bb
3f0b2529
bb0f6bfa
01430ed5
4b56366e
af865938
ab33cf75
1cb6b07a
957b54e7
66e79019
39b82014
d9783bcf
f13a0718
c773ad1d
b92f4696
8a805a54
ce99bf93
040002c7
82d84534
35d0ff5e
614710dd
930d0269
a3b072c1
e3281474
5ac25b0a
38238154
706267e5
b93b351c
32d4c479
ef1cbb20
16f70532
34330528
833ff5bb
48e8cfb8
939a19cf
01e9468a
214da534
e06e3f17
d5d6b237
9f8e3da2
21521b9d
62e77f70
c594e44e
fc8cbd24
2aef9d65
b2133439
e8a04286
fba74144
bf9063bf
c0e435be
283a4bf8
0000005b
00000003
0000002a
00000001
0000000b
00000002
00000320
00000020
00000000
00000300
00000020
00000000
6fb6a1dc
d65b6f86
4cd4ba91
783b4105
fab61466
6126e3ab
7012e61d
1b6b3517
c4a83446
9808bb60
c4bdc52a
27d5f77b
4bcd9776
204931e2
0e82cf5c
d68c9a43
0ae43f87
8cac3c58
b8294b27
8bfe375a
21f8ed83
00388af7
568d2b53
25bcf1c5
252e5ca0
c6fe74d4
3470285c
f293c609
41917c39
4283e20c
1b69c652
18bd2816
7227a845
5dbf5329
41e471dc
8c5a6eb5
474e69c5
638e88a2
2f32fa28
c69f4abd
d9138683
c115c305
950f3b89
9b2721d2
adcc67a9
49a48888
d1326fe8
66928005
1ea944ac
f4e37106
52c2b171
d09aba6c
a45bc97a
c9a59b79
2d7b8cc0
9c915012
75bc345e
6f1802ff
0bf5bff5
26d1d051
9b08f26e
766d8589
51c3ca65
313ee2ac
4ba23d78
02808f7b
0e3a8521
087fb35b
4d5091ab
8f24621b
e974a624
cde50cb6
61a9a8ee
fc624234
63e2973d
8b46c7a5
f1f78697
034b16ad
ed0a84a9
a053c5a8
19f82532
fe065adc
c5e73288
0853d3bf
1ccc70b1
cb59a079
8f2344c2
b9736586
05cd2a9c
60ac149e
5a0f0466
03d2b259
2c34b212
de74246a
119440d8
4bb48517
387bf9e8
42cc2221
2cc18db8
1048f771
d50f729c
9d7cff55
c27640dd
51df0a6a
0fc1c995
6a9b7a40
5a93bfeb
06456b76
e12272d6
7a66a4e4
1c2c3561
46248691
04e130f8
1a3b0231
389be422
477c9ea3
99f5ecb2
cb3669fa
904ea148
a763c44a
f4570415
593d5791
69410055
1d023775
833a0c61
0008fb81
f299cb08
50364eb5
7698d872
66a00657
6122c593
04dc291f
bc27d732
475292b8
8454318c
967bc910
531d55b8
55d9fcb6
487fc7e0
a1635d13
82955c2e
b5171c27
97033b46
90d8042b
932483d5
277217fc
95b47003
ef71fa57
52400af6
6f48439e
578fa461
8cff5965
7f15ab16
5188744e
f92e1251
5e81ce6c
566a0010
19be539b
8e1b6984
bd36d8fb
f7c69388
af063d25
580d338c
a1572f36
a82b804d
67b1c3a8
72d6179c
0cb52419
853d4626
f9897113
bcf71892
b4ac81b5
8aec4aa3
8dda6a38
33b42c68
b2712413
7e04d534
ddbed398
fbbdaad1
973ab760
208be68f
493b0316
7629698d
4906f3e2
25b16bd0
bf166349
6f5fac52
6af75157
9696b347
8db0372b
cb88c580
4a9a4c4e
748405e8
9d582e8c
ebbca196
6410b8e9
ec4bb9d6
921e0078
39a0e8d7
dbf16899
fdd6c377
a6129955
9f7e1db5
1d64a5fe
d46c362b
5b9493ed
d4577788
6cf3e183
0000005c
00000003
0000002a
00000001
0000000c
00000002
00000320
00000020
00000000
00000300
00000020
00000000
b9ae2a8f
00abc194
5e01e18f
cb9972b2
220841a9
3005ae65
20b8d60a
9ba7bb5a
ae7a1470
66ab0680
d95bb436
0b6987c7
665420a2
5b2b2eb5
67d8da43
cac8db35
31480bf4
654113a9
af7dfb08
952699ac
7bf3bab7
25240c6f
41a2852a
87a84c26
008a30d5
8bb7c9c9
2a34127c
536147f0
f513b086
4dab8c71
b45b9390
117ab881
9c266d25
4f80737b
8c9c3e44
3fc2bc4c
65ccb16f
31531215
b844a417
269cb633
c4aa9ab5
3ca6ddab
eb09e118
354d2610
7aa16c1b
495446a7
c3abaa80
67656997
c28ac1b3
005db058
b0a128c0
cbad10bd
e5af7c35
61314898
9c056b6a
48f1791b
77a86c3e
283e7942
9464c8b5
6cfb5969
f19645b5
b17043fc
5198573d
46a4636a
0c86a6a6
42277bbe
87449a35
1877148b
aeb6fd95
e4693c69
c22d9827
69c774b7
da98ca60
f8a974bc
99073322
f55c7225
59f33ad3
cff8f62a
23ae45d4
175b80d5
1c0cefb1
00b2f373
d184ba42
6dd5506d
91060a3c
745983ab
4d211b00
f76fb700
91e3af94
4712107b
e7658b03
d52f70d8
18a01463
f940f14d
487e3d15
2a478902
6653c365
c1df71ac
b2639d54
0e60f010
25ed1205
18505d08
a505e5bf
87f81e64
baea631d
5c84f301
dbce54a6
0bc8da76
f20a93e2
02058a10
a4466677
583c9aa2
5463c4ac
1f03bf6d
1a3ffb5f
37680e51
2684b029
cc0cf08e
c77f9b3a
86887106
9b42530d
61a0c5a4
6416e81e
4d23763f
12516190
41d93d04
906bcb68
5a743a17
9d38893b
ad590b83
d28d5921
8630732f
2c9f08f4
c183b70b
a591000a
e66367de
258d18cb
32e37314
ad14659b
598c38e4
c0f3bc51
9b63b489
96aab4f0
415244b2
9c2137a7
e5df7ceb
179383c1
2e4e8422
69d351f9
1472783b
20bb5378
9427b7c3
9944393e
2317e129
30675cc6
b204ca48
0f7515b4
d28b4934
6210a1a3
888171ae
589a0a21
3af8e7b5
de52e78e
b94b0d82
32850006
50874990
4136688b
9a515c33
f8b3272f
9c442946
b59cc581
3d5499d9
86b28bd9
29e4263b
efcb446a
d91d13e3
aa8b9994
8b969532
95d7ab96
5445dab5
210df8c3
153cccf1
43d73464
b138d70e
1a8ca471
0306de56
3eacf186
d61ccbd3
b65c01c6
245b80a1
0b40c161
9650b16b
a955118a
42a5562d
3d0883fa
ab204ba2
35cc880e
c90d9076
722d5939
e4f375fe
5c32510f
6aa66099
ceff5bd1
3ecac265
03bc02e8
d1bd03be
3fcbf402
d46dec23
0000005d
00000003
0000002a
00000001
0000000d
00000002
00000320
00000020
00000000
00000300
00000020
00000000
3d6f6ba7
5166b819
1a477a5b
554947ce
46b2ce8b
7cea94c1
c8aaa3aa
43596d72
82ac60bc
621919cb
2b1f9800
2606802c
0fb0440b
7084c858
a9e77a45
de2ec3f0
66a72069
c4d201ad
ccc9836e
7896341c
7e6475a7
84cd4bac
8a5c52d8
73e5363b
4ca3f43c
9a946109
12db7503
2f4c654d
9a6101a6
06e6b3a7
2faec173
18b96028
04bc000b
4619f9be
dbb1af05
3e947c83
907e9512
25352088
1e9b741a
c4c0603f
a8861ad5
27c06a5c
ec36e9f3
45b814a7
3568bb62
13b77ad7
16bd65e1
5ea81875
45a38311
86434b65
9dacd3c9
056dacb2
9a4785e1
52c5c795
cc7d8c71
6bdaa699
69d7a644
c2a7e7a1
80f4c666
a429f31f
b553b699
40e0af68
8b4aa61a
7f10c762
347c3c07
74ab1082
b80d2440
73d3adfa
8b032abc
6297f190
0890b884
192b583b
2f7a27fa
7032208b
abb7ebcb
5d140ceb
c9538165
57e215b1
f57ffcab
b6db87c4
21c8e8be
2c91d8a7
79788ff1
9f04274c
9d1ca583
659b9603
03a8d60f
852590b6
98073b13
5fec3129
414626bc
323996fa
4780b71e
541e48b4
b6d539a6
b1095b1f
1d47a43b
6336259a
5c8501a8
b95cfb03
b032ca04
3f1c1988
0ea2f00e
87a28ee2
badc372b
3d1703f8
85e40637
92a1494c
4b7ae4c7
69a70c4c
a1f3cac9
f43f980c
48878e2a
5902fc6d
a1736966
43891520
89897f92
fe86e889
18ab7cdb
5559a28a
d857c955
244f23db
1536e9ba
111b2aae
cc497b04
b257b341
be7a99de
19800004
05470c01
3f3d6c40
599cbe60
5c19fc8f
79020c8b
a557b6c7
576b4dbb
7606eced
d340c116
1b03b47e
0c35e3ab
b2ec5806
27f45b8b
5d28011b
698b5687
4d781ca6
02080ae9
3a50a720
2a019665
14bc66dc
4b5449c0
1dcc0f0c
f80e2936
5256a2e2
1c92bccf
6957c2a8
85256994
5e598f8b
8eae3136
567e6ec4
c885bcac
42236545
312622b1
4b5058ab
8f7ab901
8471baa4
5c0b0793
93ae315e
c501c782
00283d77
42273192
6989a5cb
66f35e38
40682b84
39ad3d80
5ed18408
acc4c2fd
41a432c5
1fecc7ca
340393ac
88dbb680
bb3c8b8b
55501589
e8344dec
6c57a63a
cc244987
b46c2641
1d0cbf07
7b172cc2
067508ba
043466b2
b97c02da
bbd41d62
8032a299
e7a69092
28ce79de
1efd66e5
1640fb4c
8e0c63b3
59721d0e
57ad8d1b
3f5032db
0e7c8e54
cad505c4
7c8d5322
49304fa5
bc2e6ffb
a1fd54c9
3b0250cc
c77e1167
0000005e
00000003
0000002a
00000001
0000000e
00000002
00000320
00000020
00000000
00000300
00000020
00000000
2e08b439
3a5b7c4a
b9111c80
134654f1
d8718e00
0e811784
80516563
03132f79
bdf09a2d
9b5dc009
c7a488f8
6f129b7a
8b92261a
b3338428
12a23d3b
c975d5ca
2cd6aab9
5214d87b
68194233
d360aee5
113a168d
b48b0aa0
d63435a3
5b398f5b
17ce22fa
c0962423
9a45812e
94ca7bed
a3b34ea6
bbb0aa97
1a7e43bc
96cb53c3
b4851b1f
14b2f5ed
e822647b
0cdae5b2
439c9165
c3512623
01aa264f
e4556130
d5d158e4
54893d46
14342967
1056bb80
c83a6b95
402f9bea
56d1c515
2025c2b4
7e69c939
77ae3ea7
99a94f12
ef629a0d
692c4bb7
5b801c28
a2b6f7f1
91b14069
c8ea6a2c
e845accc
09d49623
68dceb60
c85c330c
8656beb0
855cc3c3
523ad5d1
88e73d15
1eb4c76a
9c92173c
7c650252
9b78eecc
425a681b
40c56568
51a4964c
6e990a5b
2678b561
03bbd00a
22b48659
078dc84c
3087578f
fc03827a
cb85aa0a
3040094b
c45241c8
2943146a
51aac419
a1c8b47a
25423e77
884a3c33
fe7c27eb
61f79016
ca65865e
71c8a29d
ba31c9a0
b7908473
13180c33
8c050e01
29a45d5e
d8359358
d0072d31
9f18d60e
5a5a0303
b92152fa
99e48a07
65c2c2ee
7670c8c5
40a9955e
43c83755
6aaa5632
29b6aa11
44b37350
04ba2294
18a9ee4a
7a6c71ce
d1ff81b2
cc8c108d
4e1d42e8
177bb828
297605c8
9c83d52c
2b837eb2
124ab374
56776448
d9385baa
06918f63
d7909894
77dd1d17
1dc1a906
343fb59e
1abd8c59
cb455c0a
fd543bd1
b7b63ee1
b41a1b5f
f9a38856
ebbb88b1
1daa57ab
5690866b
07b57af2
56319174
7cb6f461
1bb95db9
32f23c8e
f67b1c92
a3588243
9be03f66
7237b77b
a05f959b
1f046741
eb09657a
9adc79d0
6dd67e09
0c288008
a76d2f30
581ca709
752054d5
414f8da3
2ff5e642
525120df
0a29463b
35f8c797
743e89e6
b7cd0904
b5646b9c
b28c041c
3494a7c0
9a85a664
87394331
ab3dbfb5
2961bfb6
56572a52
52036825
2ec77d62
0fb58310
6aea60d2
42237530
6880ba44
a61c9d76
a91867be
74915a8e
04f06124
3c953c95
6cb570a1
d63149c7
ac175dbd
d9834230
9c624fc5
3c8a1b24
57cf5000
e163aab3
8a4b440b
701069cd
22991ba2
54d5b9ab
68043c0d
4ac5809c
8b45a716
b487f4d5
fb9f3bd1
a4a76ac0
5b0e7171
b11a5578
601d9226
3906b025
666392b6
bd0bed82
471e0a92
0227f587
ae989f3f
d17318bc
0000005f
00000003
0000002a
00000001
0000000f
00000002
00000320
00000020
00000000
00000300
00000020
00000000
f1cc8326
d20db529
9d3a1267
a692e47c
5cec7a67
5cf2618d
23157354
bccaa689
0dcc3b97
6f431261
e9af4ab9
425734ab
c600f69f
c17b5637
cd567ecf
3d228443
8549a279
4519c359
874d2369
24ff8b4c
a013d526
aa57330a
50522311
1c67e92e
9bc54318
9c5b04a9
37d94849
0f32423e
94ad24b1
ce184225
b7cf8827
f11499ab
6e285254
0256687f
4607a040
46596b7d
d9b1f47e
ccce1a07
c3b2d129
6c310067
3c79ab55
4c018056
c15f9796
034b5d28
3462434c
4f8c424a
b5c934bb
b6fbc244
4e5f6a83
038748fa
4017bf7a
e2cd134e
e53f4a8a
40b1ae4d
646b927d
f0becb05
aff3ac04
6f6b4be8
a9a60771
1ab0c99c
24935d00
78621771
83fb0a2b
14a5ba8f
786b7892
93ea0120
0ba0e248
18d3b729
4f66a3aa
c886e822
206f387c
86b44278
e806ac2e
52375346
2b364176
fb9013ed
0c7b8489
0926ba9e
da35aa3a
f54f41a9
c4284b40
e4bb594f
970b6e3b
5d8b8169
20bc7280
c0368dc9
9f4cd196
5f40066a
37cdc3ea
5eb11919
48ad2872
d2750ea7
561a0e62
134034b6
a2f83f39
a7ccfa60
4c0726fb
87e86f6a
22b5a4c5
42208447
78b346f3
8944da29
4103d584
40f9a72b
5a17a42f
759e54f3
7c01193b
7f201602
5c07763b
cc34cde3
0c93dd4d
1217056a
37754015
06ebc456
ae42e6a3
4c9a6897
2c1511c7
7412d1df
a78776eb
0135f1a0
e75eda7d
58f9aa41
1165ad70
846aba3f
fc439cba
0de6de77
88a138b5
e9bd61d6
a7d3543b
d456d3da
d9e73b0a
6655d623
5e5dd202
5999cb95
5b8a7f90
8b78d295
74120c86
2021d809
e4b95acb
b1b52ab2
1c68fa6c
b4c63c59
30412426
867b3eb8
4371b5ba
25b87c05
5fd5c198
58877aee
c5d759f0
2cc8cd4e
c754f532
f6ea78e1
31719398
a1291b2d
0900325a
9fa2300b
ce46995b
012d2294
c3ab3b19
7c92a3e8
d6bd7285
3f87f539
e66aebb7
cb767d19
2d3531c7
c6b210b8
59a219a9
b7236219
a6ad35c3
40f0c205
c618ea7f
4a7a5825
438d0573
31999f26
ec11da37
27ca17c7
3fb80abd
0830824e
44087cb9
caa02a89
9335e689
f167b65a
4bc98b56
cf4e86a0
a957443c
39a8cc74
c7c282a0
757f1f71
7e0a7455
5f905961
ec381984
6f33ee18
d7d6d0bc
da60f3d5
828388a3
0a27fce6
b72cd6a6
2a7b5294
44f9d03c
6edc86c5
22b350b3
1998b8bd
59d4e323
44a972d6
f5e8e9d0
f3d5136a
04875a06
2c08dcd2
00000060
00000003
0000002a
00000001
00000010
00000002
00000320
00000020
00000000
00000300
00000020
00000000
9917e916
5186b27a
8711446d
401aa7d0
e8c94615
46887b2a
e94ab673
5ab447f1
7bd49eb2
f81d597d
52e65dc6
9e1813a3
fc085818
585a57b3
4d32ae1d
afc74c73
470ab9fb
1bd0f132
88c1e8e0
14e0b9d9
c1f2d085
d20bb4e8
19cf7653
296bb011
1b1c0634
b0b9a882
8efb794c
f77b48f4
d23ccd3c
65c7fc4a
656b8142
1a6f7aca
39dbdf36
4a92fbbe
da3c3b4a
67124919
d5a04988
86957120
cf07d573
761db853
e23b2327
222c79b7
637c1878
f671a008
3615fa17
a8c802a3
525832cc
b5eae247
a04ad2eb
b4aabe37
6f697678
709a03e2
329faa89
2cd53430
205e8c3a
452f15c0
b33a423f
756a412b
a5706e35
2f56765e
f13e75cc
47f5a244
06c116c2
46793935
e6264151
57b4c59f
5ec72cb7
64e484ab
cd696232
1a328071
77d00975
1f1b4884
820ee82c
43bc76c7
afe61659
9138e9d1
c67a14d1
946a02ca
8fab0142
daae3b39
7758575a
9a6694f2
030767e1
50bb467e
39cf662e
2b8fc076
c0c0b32e
46b536e2
f33f8290
18fc0404
6956f8a8
5a9e1a4a
7650f215
d64ab4e2
d2127a00
361a3c32
f12d1b63
143608a1
258273a6
252c20ba
18771ef5
167090ce
dbc3c769
57c006f4
7c247d25
6cac4bc3
816a9f34
44264e8b
414f28aa
c375cadb
45b42f72
68745923
812c6cda
11b978ae
313c8300
29263080
392008b6
ea57a8a7
c8ae77dc
50c9dd70
a408c8ee
a7938afc
79962b20
2e3da88a
57fb9270
3be965a0
9302f5c3
34950cb7
7ed76876
2a88b18c
491c7381
ce97dec4
97b82365
5b9182c6
0a65367d
24a7d694
3c0800cb
14f23395
c8566b27
f0c63c42
cd59a267
c3bb41b3
a8f6cd71
0462f7ba
91331315
e45b5249
8b737500
a1ae283c
55407036
2b19be61
31453be1
ba31613a
c6d4a5b2
2d4df2eb
caef4e39
0800575c
2c65db2e
6487162c
449a21c8
36305b25
c8d67f54
4b926f8e
b9029b49
2418cdf0
128664bf
4dca31eb
2a424622
83ccb186
e5b81539
3435386b
91f22ba2
da042a24
2c87bf53
5e431c87
e22a0b58
c72da371
6590bd02
83264b5b
622c9279
316b7150
f5375345
ab93cceb
52e6cea7
d5683b42
9268593b
ba5c9640
9bce3015
fbf0b512
91ea2c3d
802f2ac0
7c4e89f4
9b75e29a
4e1a4a2c
144acbfb
a85bc43f
17daf68a
ef8ff528
f3046889
2fd9b1d8
bfbebdc4
f667aa57
9ee12b38
1edd2b5a
18d5cb36
be0e3ab9
ffb2293b
6ae69595
29d8dfb3
00000061
00000003
0000002a
00000001
00000011
00000002
00000320
00000020
00000000
00000300
00000020
00000000
6e65c484
1cdabcb1
aa23c133
3068e403
e43c7210
cfea5694
249476b1
eb882baa
4c1b2a3e
3b7189fd
ca2e7d9a
67f8e9be
7f00e13b
657869c4
bb606a21
ef3269db
d9077415
35375b1a
49b416f0
43ed17c2
7b21fe3d
3a459a8d
82322a71
1e92cbb7
89807461
88ca9d9b
b2ccda8b
a8b2285d
9aa51ca7
a9ac0569
04c045d6
8addcc41
0af44121
7420f656
15b68ad5
254b1c15
d593f21f
e531ccb8
95dc0d4f
2e54e897
5b5e06ea
5ed2f7bb
02c1236d
1c8585f4
795944a8
cec38c49
78d34cb1
15c2ffb1
6620972a
2bfabe34
3ee3886c
1354714c
2b3373e6
26d91015
eb3bd6a9
065c1480
ad0c17c7
88b8e0f3
37e55c69
cac3b150
c007a044
d0434537
5c5bcf5e
2c5be261
bc444561
48f9b351
a87f47e4
cc6044d6
8240582e
605083c9
201185b0
b29ab876
6c2e7c8d
433297c5
96ab0971
079c2c65
77ff93d7
4011f01a
8a961b98
59f816c3
1e016618
c25cd739
7c42b50c
75855174
d990e8b9
9366ab86
bf97cfa4
345987f4
934074b7
4a620fbe
23541498
1a9e00b6
8403806f
7048f160
d03b93b0
3125a669
21565069
42dea3b9
b7f74f67
fd8458e2
8a91b97b
1b13c690
0d014b6d
4bd726b7
72449a75
c3c22bad
7a5f2b7a
52b5173e
561c1593
a8f30e62
01698793
8fcf7764
725091f4
acca3294
9521a976
4a3d9b52
af3914b5
97a63575
d4b76726
b8423302
fcb26b70
7415a693
498a617e
ae66977b
7099535b
1cb24220
cea54a60
9a815931
094ca2ca
2c916069
7468181c
5f91292a
aab52278
f6983833
04f71712
39994a50
82b71a93
11c5f71d
f0aa751b
f4956f0a
27c0b9b8
9e75619f
89ee7e13
8cea6f0d
a42f8463
f2e11e8b
a6b3d83b
2076b180
4018ca97
0a2cfd77
64a04648
40347136
bbd080ca
cf0ba44e
14b82f62
a7209dcc
ac34e2e1
48ab0729
35d2dc70
484f9be0
6ce22b84
5911631b
6969e4ac
a26bbe96
c068c3cf
7f03e22a
38700556
442a7906
bf0b537d
838467a2
318ccd5a
6e44840a
140b2f20
73b29393
19a88767
ac656ff5
bf90919e
5abf5108
91236e80
7cc935bb
f36848ec
04d27f78
818a5208
88a1a106
3b157b72
634a0518
906336c8
54e3643c
7e7b9917
165d4603
48866886
72284f9c
cd291e84
f846ec91
8d87ec8a
736474eb
7f42aa96
5410efb9
a8841c1c
4d500b43
e18ccabf
9edccfe6
6f865891
6f81c761
c71799e2
b77bb477
f9232d2c
9f86ab33
00000062
00000003
0000002a
00000001
00000012
00000002
00000320
00000020
00000000
00000300
00000020
00000000
0e69aad1
daac0523
5092d704
e75ea831
3c317a73
0d6c1167
2bc8a9dd
4058c39c
cc385b5d
c716c3c6
808ba1fa
2bea5a43
3f5aeb3a
0a2a62c5
3fe9fab8
fa4a4266
3cd540d7
2ba4f792
691d8b32
558d03fb
4b230e30
e8045cbc
147bb3a6
8fd6c1c4
24a8e6dc
854eab81
1c16d6a7
e85be007
2a91ad46
22a9e1a6
a307c813
34dfb0cc
6e28409b
8604c305
cb585bdb
25fb8b41
959cf672
2b71b048
b2358912
b109f51f
5bba5484
b3fc9225
4397b526
c34c1d36
1f55ee3d
1b27e654
47d4a2eb
22109274
693a85f7
7985b273
12589b33
46084b3d
934015d5
0f72310c
738d036b
e0a36702
a7575dc1
95823458
65401df7
897894c6
20613187
26a464b2
0cf2f168
e83ab41b
e9edc349
74e8810b
964cd32a
20ab65e9
3bc68322
ca22e49e
462453c0
b4a62871
ff1971d8
d34a4ec2
5f57b682
ec6f94ca
bafdb898
b8004125
1a74ba60
8b7ab927
2c818156
14a204c7
62249130
98449449
632c0c34
409b36b9
cfbc3d41
4c11d8f3
d4085fa3
2c3b810b
c621e375
ccdac540
0334813d
353cb20a
e2b07666
17a9fd1b
c524c6b9
c33a0bf5
ae324844
81af59b0
21db0af1
19b88f14
8e0b0789
b6038473
94a4f702
d1bfcb91
93ef2484
6ad65869
146af600
d72aa11b
cb1af5c9
a734449e
960d4b86
2d288bc6
9575e46c
e06557c0
10cb11bc
fd936a3b
f9586d0a
96130571
c9c81cc0
f29035a9
3d85e8b7
c641f476
678ebd21
7f082b89
810a68aa
c40d4aa8
46903ead
1a350af6
3c969117
9d91b464
586c0cb7
66807a22
0e81ed8b
6c74695b
85df4e64
22238fb5
73acd2bd
80744a08
5887636e
4cc15a2d
f8953dc1
aa99e29c
d4927bc2
53997b85
2e1a3502
2a1184df
4adebb82
43f78f06
ca2dc8b1
52de8afa
0a437363
3214412f
4218863c
36788456
7a9260b3
9b704b10
2fb1c672
36564493
bc8d72d1
8f822446
da8eb07b
3cd61486
29e14e9c
0fc3237d
cc663a15
0c838e41
9fc561fa
41b40645
19988953
78615124
54ce6adc
6211fc9f
4e3a818b
dad19d23
6098bd6b
61b8ec17
b7e344e0
3745480f
eebbf79c
674ab90c
1769de8d
df9c195c
44ed2333
8e2a6bce
384d23f4
9c0d38a7
40683faa
49952c9f
d098711b
0d55fd9f
045a288d
e84f66c3
3f79f1d9
631c69e2
558db2c6
4cfba7c5
027f6ffc
49e87b06
afeafccb
717697b1
56f26972
9dc1e601
b372de53
95925b28
6fd8e6cb
fd2a7444
00000063
00000003
0000002a
00000001
00000013
00000002
00000320
00000020
00000000
00000300
00000020
00000000
61a27543
57de3244
87935bc7
87c609fd
6639c6a2
8a83adc1
53bcd849
f71323c3
71f7583c
fd136360
ec50af6a
03b84bc9
0051d10e
18132f43
0bf8b281
78b7758d
a6bb989c
901ae216
a2139809
166a2188
71eb87c1
2818dcc2
d2617866
5be50957
940534fe
0631ac33
80349b86
26201a4d
68bb16ba
c0ac7eb0
7b971166
bc545380
519a4c2d
eb1d3a96
c87133e2
b0d04a64
987a48de
3a598abb
60749e01
569a5a37
311162e2
1142ce5f
e91c8999
3bc4cc9a
7eb65d73
443125e2
ea804864
68e42537
204e88b9
3c147217
79f5396e
4c009ba1
32138665
b8216bc3
e00c4a14
b3c3a921
a5356771
d58d88cb
7a28a4c5
088b30b6
47abf07b
7c39a60a
7615593f
30bf785f
41dea002
cf68e266
c69d37a3
06f9b8d1
1b57aea7
f3485165
9211471a
42da8e4f
6d431b07
ec3915f5
8fbb5403
0a1d8bfb
4a2e7754
3f377836
9dcaa792
f90570c9
057b2449
4167d19a
208297c7
7fd2745c
facf00fc
623e73e7
bcb6d9bd
9f4e640b
79247c94
c1149628
68136ccc
672d27e6
73aa7d87
473aab2d
a0fd6395
883a6508
bf88f00b
51816d96
4fd12fb6
fab97842
a7f47177
9939dcb6
e2a8d475
d7bf8758
5fe02fa6
688e8c96
355c8ce4
77e3352d
0861abdf
2bff73b5
0c3bfe0c
cd6c59fc
00203d90
23685783
443fa7dc
cad63cb2
89d00483
7507359d
19788d94
8cb1383a
9f0c096d
f44b5c2c
b01bf29f
63c474da
d644a0c1
0e33807b
1da572d0
96a452b2
b96ced20
a4b3b154
a6e09a89
58f24c3b
fa5d97e1
230e01d6
0636d5b7
ec5ca4a3
1a437ba6
b046b51f
ea9c82ee
2bee4fda
a2e70115
0a6590e2
9b5b4d52
678a48a7
a52b9bd9
fb619c85
8704443a
f920b8ec
b355ca42
1e02af3a
de2bfc3d
9be344f2
73e9ee52
3246e002
d58c03a9
62669b48
4766d2e7
ece33dc2
1c03fc25
1c4ed5e7
a9edb61c
39807571
f9b3157a
b9923209
92cad9a9
c809acd6
4a016094
91347c3c
3a97c0e2
d089c3cb
b69c8411
7e5b180d
917525f6
420ce5aa
7a714175
84e72866
22a2ca62
cc933ca7
995fa4c9
c649a25a
4738a9b3
fb7e3cfc
74874845
eeb51004
515a1e06
6d332802
7173f4eb
c739aa37
31455f5f
f5375a6a
66a754a0
ae13ff9a
6e5e7e6b
b25b2e16
44870b9f
b268645d
7506d2f4
947213f1
8c286cf0
92579e5a
58771f2e
5d631788
73c425cc
ac028bae
4db09841
4b93654a
b6393967
80a31fdf
00000064
00000003
0000002a
00000001
00000014
00000002
00000320
00000020
00000000
00000300
00000020
00000000
7b43a565
67032d1a
9e81c56d
b87be335
622c1aa8
9bcaa993
2229e68a
06bd2683
b64c5bcb
48ae1437
97576972
28d6c76d
5395d385
5192441c
0fdb71a4
cd331b60
76ceceab
4ea9960c
c52e38c9
94305792
2f3143ca
6ea17519
669c2869
b2341a67
0b882958
866dc856
79d39996
bb5fe741
63945989
ac87d480
eb20d395
f173c9f0
997a8564
f833f724
b8587b17
6ef26f6b
678f0834
37db4b47
1c078082
8e9599ad
bcfb78f7
679bee6d
d658325e
822d5c10
4ae62f6f
f702d5be
16f344d4
6eb5e123
6f8969fe
f58b5519
b375de33
03aea8c4
dbd7bb97
30fbca74
d83a817e
110a0741
12498076
8969012f
8164c26c
ca1c77cb
e6553161
54da9758
aff7baca
ea9400cf
a47d9b86
bedc030d
4d859469
a459bbe4
c50019c9
901706fe
410bb3b2
8109f236
df515a59
c1605694
ca41a892
9c1b071b
a7b2c423
3f89488b
2708bbb1
04b57d95
a535f653
7bc7205d
f9200fe3
9441d987
f4c04012
929f1be5
6379c4cd
1e7b1927
183587f0
be990192
4d3e16f5
5266a204
3a12bb58
db9a6323
e5e3be66
0ed3220a
152cb059
b5451620
b06ad243
3a61e027
fc36b0d8
2a9b83b6
dc056b86
c9573e10
bef2b812
3f73069e
44023a7a
70091cb1
b40a4997
33f56830
1b80a7a7
46b38c43
e0684dc4
29149d20
3fcaeb72
b4b87df1
611a5008
77b45cd1
d3e7a359
15d79e40
f8305c25
f459015a
67784737
d541d14a
b1cb6f45
98684a34
4e7e467d
338cc451
0725827e
fa1a5182
33eba929
452a2dce
683d67cd
829f38a4
4464fba1
659f61bb
b02b26c8
94727641
bdcb000d
64bd7f4c
51f72b5e
6ccb9270
84e428e8
4639918f
4081b373
f94866c4
cd7a9e55
71430aea
d3d1c22c
20759b06
495f3511
19746df0
237c1347
4fc83319
dc5f4682
4cc224a8
384323f5
7681b142
49fbb3c4
6b68c187
0ce1c016
1f253336
e5b298a2
b1b84862
cf9c8b6e
7c3bf1ac
62808661
45e37737
156a49bf
2be023c0
5409bb80
898b3035
67e8732a
6d96002f
e7697bc3
799e335b
6b579c60
5abae6f6
27144608
aaa8db0d
54543397
dcf471c9
65213625
729f2a61
495a0e6c
be9375af
731951eb
51a84571
4b61131b
52757bb4
c7394ed8
715864ba
956deffb
cab01252
ac5f5bce
c35d461c
33f29efb
705d3cf0
d9a28cdd
ba662826
8b3cc937
26f42bab
adcb8a68
8bdfea80
fb8464e6
6a376e27
7c8322ab
98e8cb3e
00000065
00000003
0000002a
00000001
00000015
00000002
00000320
00000020
00000000
00000300
00000020
00000000
9f6aa2f6
e4ce2d8b
6686590b
77c92219
07ca2848
c0ba8ebb
7f192cd7
535b262c
898c82cd
53752ad5
4c6c6161
c10206be
29650324
38fa850c
3ed760bd
95166b1a
367cc5da
98b1279a
98107b92
31bc3736
c2cc2e41
07c67845
53559623
b463aa96
0339d0b3
00b6acfb
0b80b739
af05f980
f1d56097
c7d1505e
b0142c36
6c82cf6b
2b5c6e70
5a0119bc
eb93526a
7ef24414
de938cd4
81e3c8a6
2de0705d
6889d275
747cacb6
4c958059
32125037
f0f51fac
ca40571e
4a717b6c
7cc68543
231b7b03
576a5907
c1bd6f2a
46abf846
7d9ce88c
65bd3487
776c0e2d
0d199052
2978ab90
ce6a3615
9c519382
b30b572b
579bcb63
5185d1ea
62924157
32b2442c
de545afa
ab98c91c
2c877310
7a3abca0
f6ba34eb
3f60e140
9a1b3436
bae45994
6d3681c5
37774b0a
b74b38b4
17ab89a0
734f44d1
3b1b4b89
4f889d0b
c8c1e007
0a9caa77
c095426c
461e5508
49561ff0
5cd8009b
eb6f6213
bcc62963
0e801daf
e66a43ff
70411860
328121c1
2208f59d
59a05219
ce55e71f
c265b362
447894b8
a541ca8d
a902dbb5
989d70c6
624a36a5
ae6cc23c
e0003d0a
c6515291
b189c17f
89e5686b
2256b01a
daa3371c
e4527d19
a240ee39
867d87ed
d5155074
66b9ea36
5c46b08d
50c5c3e2
44f53bbf
b08da864
98df7536
5d697785
d318152e
b9e02aec
8e656d2d
5e546454
81589ab2
3f43b800
29c7f2ca
6c80b6d6
79a5a80d
c71cc7f3
b3222810
c37c8f00
9d04f5aa
73a0aa45
a4c63c1f
0d68046a
4822c2e2
6b930c8c
50a5e713
d4a78580
27cb338f
e6679c8d
b3450c5b
431b1c8c
470208a4
d14c6a47
561cd01f
f227c093
10e4bf38
b9eb9abc
3147e299
17a29076
75a3db49
6730702e
a4bb18d8
6d026441
a5aef425
1c1f5286
5697fe76
389e7236
d6479fe4
749089c2
a47fd214
c00d27b8
c1422721
bb5db3fe
81785530
cd75e11e
47209620
066241e4
bae20cce
6c5a3688
ace84c10
7a3b8903
962e9028
268c8154
7d35fa5c
510f2353
b5207a03
919a1349
7b8f255d
75ec8531
ce9a334b
8e1d0210
b5728bba
2b447f08
497170cf
32625d74
67b2183f
f44fa956
9976ad29
6f18be85
6d63b08a
952acd08
261c3476
333b7a6a
f33ab140
138d7ec3
0565adbd
53e501cb
495795f8
51881adc
2804ca0a
a10658cf
cb52ac94
35d1032b
5e777e74
7520b893
9e55f9a3
4a9be2d7
0b4c26ae
00000066
00000003
0000002a
00000001
00000016
00000002
00000320
00000020
00000000
00000300
00000020
00000000
8a320917
e89495c4
4b15ef95
15bfa54f
a4104fd5
0575a1b7
948e5524
505caa69
73fa9364
f77f2b1b
451d32c3
7c329b75
9d8816db
08edc9fc
04159f00
924b1a71
fb5b72cb
ce96c07f
6329f6ba
25a235f8
3e91d183
5601a587
5a712f16
17c4b707
7a99c026
8c013856
b1fbefa5
b78f5ac9
e3f7a6ba
1ce9f25f
5925407f
7a9c8eb0
0642d961
ffc685a7
22241ad0
1582aa19
6d564638
48a63a8b
769862c5
026db3b6
577f7fb7
b30086bc
d40b76dc
fa5113d6
3f55ea44
4e8f97f4
e5021845
ab8c959f
914ab96e
1405638b
7da6536b
55c9c1dc
d5e8af17
4835cf37
707fcab3
691e0197
3ef7e399
fcc329e4
36a86b30
660cb81d
9a17aaf3
a8a8c49c
c3eb8509
ce57f0cb
8518c088
46737591
f9a386e9
53da16f8
35e3dc39
3e2a0cc2
95531d21
7d23a0ad
49aac6e2
8a6abf1b
51718599
cbbb483e
32fb31da
04c5aa26
f3c586d8
f1bd575b
6a0c2806
fa1dc90b
dad614dc
812392a6
43b78bf4
ace25f00
64d3ceb1
5a47871a
8530aedc
1ba33c8e
0c7c98fe
8284a547
3a72f7b3
b108b400
075a2e03
2e5cb6a0
6b9d80c0
59cf9636
260bd593
cb903b23
71909791
aa6806b4
663df654
cbb6bde1
8776f081
1c0ae3b3
922dc529
7b187433
0264c7fb
d5102019
b339ef7f
053b87e1
dc743e60
96db1303
a89a9ce8
2b7a8dc1
c116dc60
eea69420
a7c162cb
04851998
db4ffc42
b2158973
7751bcbf
b19ad9a4
5bac51a9
5cc50193
f3a487bf
f3211f65
83a1070f
7a86384a
b2319c52
7f21a0ac
264cd405
fa9d12e4
5201343f
6b87516a
492d7012
1f327f40
ccc71b9e
c2367b3a
7fe9f350
24635293
88592657
bbf7bc9b
e1bdc52a
19a5ad62
5317bd85
f46a6c86
15660e51
8045b1c9
8905048b
e6cbcbd4
5d9b0b87
768aa8b8
f60172d5
1a9c05c7
4d586c75
504f5551
0b417093
b471f03a
34337a31
84e1b149
19875bb7
4b8284b0
91d1178e
af128561
58cd2afa
65a1a5ba
30864c57
2adc6540
40c8229a
13212ba5
ebf50811
b3a94710
ed17412a
c9811048
1bd1d075
484c80e5
986b0754
2cc64c2a
9257c72d
84bba8ca
43583ba2
3d10a8a6
476a4ad7
75ab2667
f4a48aa7
173f3890
4b749213
31a4537d
05ae822a
3e3691bb
ea401289
71a79091
56246557
7f17a083
9b671394
68cfb650
2ebf9193
4e264190
35828e05
7a1e390f
dcd0a81a
014c5234
11026388
e2e41448
df32b8a4
b0f43c9a
00000067
00000003
0000002a
00000001
00000017
00000002
00000320
00000020
00000000
00000300
00000020
00000000
da7902e1
8a600d79
2b79c723
493b245b
da778806
18a38819
9f522663
d57b6358
0a9a9fa0
2a754bea
33634307
43d4b990
b22b9b47
9a48c3e6
2134df5f
4d9183de
b4e73182
9faaf8a6
db62c3fa
57c50ff0
bc26db14
ba066060
2a9fa348
af41bf7d
ddbd062d
730581ac
841a2ea2
d210d8c0
71ef4f83
496cd064
54960ab6
185f8212
7ad88e7e
64c5189e
77e344b6
c4f7f031
a8af2ad2
d2d60e51
33f50f43
37312cac
508f11ac
2a397657
1c8bca6a
9c5a0d7a
55b35191
d92da6c5
17a38561
5c4b3657
a88dcab1
33b848e8
824b5073
1359fc96
ecfa83a0
55289761
de948403
8cd7ccf0
045a3bc5
f8c8c678
9cda97d3
c3b5a845
f22e8bc4
d0875dc6
0f3a6e56
945e22ec
1c4e05e9
12558443
00947bb6
c7ed7b92
5036515e
047a49ea
b4bf13ba
1163d75f
3c7a80ad
5860c4c8
01790f4a
492eb5f4
309a4062
25aa044a
bcba3b14
30c558d9
bbd37521
72ca19f2
6b6fc293
4ee4f29f
f86c2534
c5447e68
1bd15410
e1b2014a
28964409
07c64c8d
313c795f
11787a90
433aaa50
e9b3bc5f
b2f92642
87f6014f
713fb0af
ea6a38b2
275b3fcb
a65324f7
4bb1bd4c
423667b2
3219a36d
db242418
54492180
921fc691
8180cb86
2a1a7218
e573770b
780a3712
0013b5b0
7bab265a
09aaaad3
96c21707
3acf954f
b5c13133
b18a7f92
105065ba
26ce5d55
09273106
0113932d
a46547d7
5685d7b8
2a8a181e
46361989
9b0a6420
791ed2a4
33beaa49
2aa899a0
aa2c3c91
029d5517
7074f606
8b847415
87852b36
87044330
c87130bd
0c443228
9b99fb2e
b3b783ad
fa57af92
71847048
d553c349
25248988
47022b0c
2c58acbc
55a2726b
4fe83e29
b1b8f549
82998486
3eb93abb
8e0be04b
c5481ad0
6b1649ba
db84fb52
842c0162
49796a53
da7fc794
1980a33b
6a323087
a5230a52
344316a9
a2a73051
bfbab7f8
1132cf43
0bacada6
692831d5
732aa650
235b13ba
d11c5701
7b7e41c4
517a963a
74bed788
d5303aeb
3106fccc
70cf44f3
957ca9cc
ba96d931
364b6af0
9419c88b
a0bb9499
3638fb2d
97785ab6
8b42513c
339d5cad
629f8301
0c1200bc
c85b7c33
3c552145
13cc3d45
00c43b9c
31153603
aa17a161
594d014b
f280e89f
5f2fe697
3ceff287
af951517
72d3ace0
4d8ac0fc
d97a8c16
2ada2f7b
1c24f77f
889e492f
7fc60b36
6a9572a8
335122c4
e51b809b
8a4651bd
00000068
00000003
0000002a
00000001
00000018
00000002
00000320
00000020
00000000
00000300
00000020
00000000
d25f783d
34136f7a
cba90a23
a30a64cd
46a08d76
6db6422a
35435925
446b85f6
3488d001
85a45794
05424748
3516dc0f
1966e85b
e1833c59
3af261bc
7b53d849
32c696eb
7a8af12c
206fe7a6
dc7d2bcb
18e8a9a2
5e00497f
c13465d9
3572e15b
468e31db
37b8b255
8e358c7d
214fc5c9
48ccb528
4222e721
12af4832
52da97c2
17816b97
ed9346cb
411fcf42
7092aa9b
923196b7
96a581f1
4596eb16
180462ea
ec3f6d50
b9b76c5f
002788c6
c20a7b61
6c24c365
b56ba6a3
e5e987aa
b6c0adae
e5815974
52eb8556
75f8d0b7
37165545
9bd8b44b
504b3a2c
58571a2b
a8485437
a53ae693
c31f7aaf
514d4d6a
bc123118
2f70e39d
fc36a1e0
69eb0059
afbe46e9
eb890193
070bf106
2aa9068d
c23b40a1
66383485
1465a925
ebcbc9f1
6dc8df22
9b0fd2bd
e3e7c554
37b1cf7e
7e25425d
13ad1285
427bab62
d7b1dbe4
4c821885
999a6bb8
833e0683
10142b32
83b7302a
0fc67a0a
04eb1df0
b2f1f54f
5255140c
d1603c13
7c9c8898
b712506e
b7eb4c77
2071177c
59aed6f8
f8fdb511
9668ee7a
6e739c0e
84bdc668
441b95ba
1eb789d8
5bbc914c
7602a4bc
6592b323
4c5e9904
98524f83
e590eaaa
7b5059e4
c9452b7f
49663a4b
dbff5ca9
4ccb28b8
2c2a5998
288597b2
4a811c31
134d41c6
57b503e0
a918742e
416867f6
51d33e2c
9d0638a4
3eb2b090
dc06345b
1447a437
67519504
5ba5869c
47ba4910
521299d5
b262705b
4ecc6837
0f3bc32f
a6a83025
849abb3d
7c4de358
e75c38cc
b506ef0e
b57bba6a
49b98f96
807b13bf
be5fc795
7371c3a9
a9c6667e
cca4618f
e9a9a638
7535008c
53557851
74e89107
60c13c83
5a5701eb
cbc0cc89
c6f5d155
df996cbc
e32162d9
99f0e98a
f34f69b4
79ff04a5
8747888c
aa180b7c
516b664c
ba85269b
6eadac95
dc5087f2
9242d618
59235a9e
7cd3bed5
28cbf9ca
70cc3be8
d8997cb5
97c88070
c77a4132
94758212
04657ac1
e54f000b
085e9a16
a6ac4881
a291679b
f60f095c
30b23b36
c2b12aef
c4db1d63
283cec44
e1468cb9
d7672f9b
1a987e95
d817a689
89749694
2a63735f
be295b73
4a9e0958
bad2b03e
5d67e5f8
d26abe57
a94878bd
5b31180a
486599d6
64ce0a73
640afb65
c8dc354a
c50f118d
0656a458
985db77a
ba3c268c
2739f4a6
4f3c7b6b
d12a6a46
3129203a
a7a050f9
3a96156b
35ed2b2a
00000069
00000003
0000002a
00000001
00000019
00000002
00000320
00000020
00000000
00000300
00000020
00000000
4a5fe32d
0a5515d5
0d94d71c
94c0f6cf
3b8dc290
9bfb092e
64a88032
ebd739cc
2381a880
826d0750
b8352a3c
1f20e386
af10277a
b5dc0134
39170b4a
b404d092
4b770871
a574bc3d
717c67dc
a34b0e25
bfc63ac6
f7b0d127
25d45388
23ebbc0e
8860674a
e9ed4e37
856ccbcc
b4413363
a6265576
5c7417c7
694244e1
56785f97
692c13b4
ea6857e2
7932ab49
8db4b543
f7ac13ac
01bd1d5c
575a2154
5d3e28bd
427119a5
9d9bd2a8
0c1131ac
a1ff65b6
c4d119cb
e3332771
f1b2a272
33f26476
77a1565d
b5ad9b86
1282f9a0
7e45cac5
faf17fb6
a0b10d24
9a57f848
c6f59a24
88756099
fe003229
96d8b5a6
3966291d
5c53f1c2
57e7ce87
03467974
6339f736
63f804a1
c407e73a
886fb85a
e201b841
6cfa0458
db50e98a
40bcb17a
c9d5b91c
4b779448
43e7c2c9
a8306a14
96c8c2cd
4ab09d79
9ab99976
883f29da
712e65ab
06097739
94789088
1a4f49aa
070a7559
750baaab
23444bc9
42911540
9c66c20d
a86cc560
4707b96a
9f03d081
437aae53
cde8dac9
9b7ebc34
12283f42
79eb6761
18c9ac51
cb5a6b75
18421660
f74e1bdc
31a56c24
64ebb129
9851f82f
f532a973
5328f074
0324851a
8bc78445
73a2ca74
a5099416
c5009a91
53a8712d
599f047f
87197325
4a013143
5e1301f8
5ccd2d06
3030484f
d00cd4fc
574b144b
c0628b62
1f4110bf
701007dc
33a3e862
4c30c654
9af7576b
6a8c0389
176acc2b
827e7de0
1e4b2398
6813e7b8
f4323d4b
52892d78
54ae63a3
4260a446
2f73048b
a6ba4551
2baacb99
604bc705
7c54d51f
d59a00e5
7eb1d43b
69169928
4adf1a45
aa092262
ab1a4b60
e52341f1
9bbcd2a9
1415512f
184e47cb
6d88759c
b3b4bac1
283dc5ab
be76ce97
d346862b
108066ab
9ce3d5bd
e97b34fb
74df05ca
03e50c4e
b77fc474
5bc08368
6d154855
bd41a259
49beccaa
0f39722a
d2a8d4c5
403e27eb
96242d5b
ab51a055
2cb98c30
4132c899
c929b644
951262a6
a6531857
307983be
38fb0898
741162a6
506965ad
16aa8ae7
6bd4b4b2
3101b741
211bb283
09e65f7b
458b3723
a791b580
59140f2f
72ca25e9
a239cc44
2e25976d
9a3839d7
330fb920
7e88c45f
94d85c0e
30b436be
c3e54013
b3618466
6b71d52e
c0e34fa0
c70ca5d3
89e67710
21b00fd4
7e528253
b01ac3bb
5beafe88
65401a75
a5833419
65842f52
6e37a658
0000006a
00000003
0000002a
00000004
0000004d
00000004
00000020
00000020
00000300
00000020
00000000
00000000
63ac5158
cc8415ec
71943602
cfa7d1f3
9847e48b
c89a74aa
dfc402d2
b0392aa5
1f40da57
8b1a5f7c
1d6eca12
20896f74
c259b7d7
9863152e
06c32870
719796a0
f55a5dc1
ec2cbbc2
3e8df9d4
232b70b2
f5219830
9928dcdd
cf186236
aeec1494
aef42a83
1e525b49
7f6391b2
f0595a89
6644ee8b
db56e81c
903d940c
b86d6ffa
83c9802d
acf19d8a
939a699b
a0351e88
9efe8766
74ffd3b0
eb4a4003
a0922596
da604ac5
e776a055
dedadc77
880d1e9f
c6825350
f345c581
3de6822f
085ddb1e
de93b7fc
c666c954
2248ff3b
06cfb5e2
d9a49efa
f13c9324
3716ee8f
5e608eb8
fd6e031b
71e0271e
284d3578
138053c6
7eca3821
49decf24
d42adb54
f5c3340b
ea4fb420
3dc37d4f
976a5365
77b38a06
290f80bd
872e1076
e0633e5e
acb49be6
c1c95d71
af477c99
a3198e17
8e2ae3cd
1ca96980
4e025277
2ee1703a
dc3a8cb2
eec37c60
638310f9
8ead419e
a7f6b0e1
c5088ca0
042ab938
4ba433c0
2b6712b9
dc8c8512
657ee57e
6e25cd0f
64bda593
e6e22c26
d35927be
bb52d060
385978ac
c4223266
1f14a12a
315808f4
8ff74095
d006acbc
003d4276
0f668a9e
1465a70d
0b39228b
aad86195
06e69833
72a90131
2f742b80
7cf20431
b81395f4
7f74bc83
4310d290
8208ef26
9632fc8b
757bbead
7c8be03d
c35bccb0
2013e2f1
ce850e57
f0560b6f
e1228567
6e5b3592
2222a6e3
378d16f9
a057941a
c4d1f9ec
e623ac7d
996c18d9
776b7652
4cab341f
46ef1a26
06c0542e
afe1773a
fb1caf00
d6ac3bbc
736673ee
42a27826
cb3fcd9d
01af52b9
f4c86de4
9b8f3c11
947185b1
306a894e
23eb0fe7
1901f0df
47a5e355
937c57b8
0c1a1495
0fb1b571
fe5e4167
d88416a2
5e1980c7
8e69b1dc
a253b683
05ce3826
49f37c73
abb15402
ac5331d3
7a9b9c00
38751fa9
1892ca16
9d97743a
3e30f2eb
f2973105
024a903f
30e3f161
240f2765
fd7f31a8
fe0afb76
bc8032eb
d4414c87
2ad50278
48dd6818
22ac6382
59233126
7e3be569
ffe46b4f
b4ae86e9
e9c7a5c8
df4a50b8
2fa27703
ce483ccc
4e26f090
4bbb9184
bc0d5ca5
28e1a2d3
04a8bc58
e6121b5d
fdffee14
7e3f3475
c3363f4b
62fe4d68
67da4b8d
75baffe7
b128cfc1
c602782f
06e9036b
7661411a
9c298689
a0150eed
888524f6
44a2d630
39cec157
71e0d573
3ff01833
9f7e215a
fc676559
0000006b
00000003
0000002a
00000004
0000004e
00000004
00000020
00000020
00000300
00000020
00000000
00000000
e1cb6e57
b50b96e6
f7311262
6793ae93
514b3f35
ca6d504f
b963d89c
09cc2ab5
92418de3
6797f61a
d4efec1f
a888c98b
3e3df811
98700061
7ed7e600
52a12afd
d7389141
35703520
5fca136c
d2958b28
bbe7c003
39344b0d
fa5ed4cd
f14de6e7
4eb5e24c
2d684208
accdedd2
eacd8614
e0317343
d722d45c
b33e0298
da59810a
021d6b0a
6cff9ffc
6bbfaa18
3c225fc9
1327e504
7b2bdfc8
3a933c4e
15c0a059
e730f870
276d1148
a6ea2e8a
7f4de877
7cccdc04
bb1553fb
21b6bf86
fd8a7cd9
a6301e79
bea8f09f
6e3df83f
d4cffa20
e5e213c7
bd7de48e
be4f58b8
6dc36862
30f1f01d
94b96154
f9e4ce59
6244498e
e433c1da
1832c7bc
a5735eae
59b049be
54bb3ad7
56d6f477
1ef5194d
513698da
dbd4e650
56a010cb
c9987612
26ed0e46
87f15100
dc87f392
e8660c12
643a2e44
9f67debb
8a03edd7
adb408a1
59b8d9af
3b8fc6ac
ffe69b00
8ebf1230
9571fd55
b04aa399
1f45b0ef
7aa8fd72
607cd673
8ef19379
c755521f
994971d3
71af8812
9b11f36c
40a18d31
179a3029
9197bd84
121e761c
fdc0d70c
7dd6de85
c18c2ce5
8dbe277e
7667b25d
8fe7c643
37ed18e1
1b524cb5
0ea83b02
93e5385d
24569c62
fc8a3878
174ecc7d
a5f4cfdd
958db75b
a9273223
809dc2e9
51ed52a8
2bfb2d91
e75cae9d
549149f7
dc0750ae
fbcfb883
16db15b9
2730e645
e18f6e66
7112dacb
387ad41f
3b134621
925eaf93
8a03cdcc
048fb622
ab0d25cd
09d53bbe
15fd6144
6fb7dae9
3878af0d
536409b0
6cf134ee
5fe33072
b63ccf1e
d3f8fec5
40ca3461
28204050
15e6b5ba
fd85d8d7
35d47c2b
bf4e741d
afb499d2
5ee1f523
12191e62
eab62cd1
318a27f1
2e5225a5
a785d01d
80823e19
80569d54
a97253b8
5988e88c
7dd2b159
ceaf954b
8a8c7b86
eaa8e810
8c372dd1
88696f8e
00b48783
8f83ae71
a44c7e4e
fe814249
0b266299
0dd24c02
2fbbddf8
3989302c
c53706ea
4aebaaf3
3412ae18
2db68514
ef107256
940438d2
a65df67d
bb591317
d9a681c8
c2874c2f
d6887662
a8c894aa
519a3038
34d85fbf
928590c8
00c4149b
c994f5b5
f7411e24
e441c677
d1ef52fc
5c7af1a2
f970b3ce
771aa9e2
58a6263c
8ed9fb39
c9ca2c4d
7528bb84
e874c0fb
428f482f
6424831c
a141b16f
48a47d5e
a60a3466
11a54897
2a456177
3bcadd9e
64b34950
01364426
0000006c
00000003
0000002a
00000004
0000004f
00000004
00000020
00000020
00000300
00000020
00000000
00000000
7df5efc5
c88c0f14
36f4de56
661a4696
53ca3ea1
3bfecff4
b3ed6b49
fe24201d
a989eec3
f11e6caa
6907716e
9b62ea21
d1000463
4e16a384
32ea9f98
5d39fa00
f85ae643
8ebbf888
d46ac4f8
573dea65
e23fc127
e95328fe
edc4778c
e395b77f
9af722db
c0700c64
501407d8
9d26822e
1a828074
10592d1a
92f4f20e
2a299533
5d023229
f85bf543
7e84301e
0aa2ffb0
a0b90a6c
95d68454
fcfb6caf
af00c9dd
09202968
568c3e18
12fabf4a
ed767fd7
36a6b093
e4e3282d
a51a3be7
3e4cbe51
d257a8b1
a79cd558
8dda5bec
3eba0da4
02e4b71b
3b7d30ff
ff865489
deac76c6
b294e214
3d04750d
e53e7955
9803e803
8436360f
59c23d2b
f43dac16
f155f972
910f69b0
c81516f5
7c2c8843
ea6ca378
8994a72c
9b1fab53
c082bf1c
3627dcbe
2e4e5099
a33259c5
8b8131f4
939d1b13
2473e042
6e3dc22b
9089f83f
10e4cdb8
88085d89
9ff88560
90ddcc3f
f4a28b00
bdb9db59
6ae160ca
17e77e5c
2e52fab7
c239d823
e664989c
5f003c46
a62e16bf
ba07c6c8
b5444f7d
f0083afc
42e3ccd3
29bbdcf0
a24a72ab
85c4986a
fc9f4332
1211474a
6ea1d455
14ef8ff1
7e6f44dc
bb12dbb7
e0867896
a0b6192b
c3f58ed4
1db993b8
bab0658c
b9bea0f2
18512d77
590aced6
bd4f2675
53316a3f
8aaabdf0
9245bb77
fa94e6f2
fd739d3e
07e42a20
eb73806b
d7dedb9f
d2630a60
10551c32
7f58e605
cdf85c14
b1af148f
bffa0e16
6b9a1f26
7831e595
285c3635
75ab41d3
42cae484
2affb878
48e314a5
a4e037bf
96671951
25e3dc72
a7d3985d
522e7375
83828f82
40b513ff
f23509c8
46486ab5
f9c39c43
8c3570a6
60cc90a1
f09d2049
387deea0
4b3fea7a
4eb0afca
d556ed85
470eca9b
73a68860
ce7e8f9e
377f016b
614f7696
5d7999a9
37d4352f
30071073
a8a37496
058de0b9
fa4145c8
b0dfb796
67ec4ee8
a890e026
15ddfe83
2abe1fd4
bbd4fdaf
db276d78
02ae9d18
fa1283db
83d0b111
c6cc93e0
8f27c4e0
2e6ca28d
e2f82f19
8f3c9113
5426acf7
03d2a43f
3ea920ad
71b1a96a
76acee7c
02bbd354
eb642a7a
1ba7b758
f68dea5c
d09cf139
f38ac74d
1e47dafc
6d749f1d
6e6fc878
96fa962d
9f391ff4
378da2fc
5d3017dd
7f851c5d
68c952c7
7793cdbc
c3213e9c
f7e6b9a2
3746739c
e9a1726a
424e01f8
1e5725dc
8d902b50
76ea52e9
a5d2b8bc
0000006d
00000003
0000002a
00000004
00000050
00000004
00000020
00000020
00000300
00000020
00000000
00000000
4e470d47
a3241c64
a9f26348
df909e97
5366755a
7b502f25
fc1c688b
5f0ab803
a28a99a1
c2a78c90
cdc92dab
5255ce33
b270fcbe
d16ea070
0bdbd7af
11d1d0df
8ff96ca1
512f68b9
f25fb549
07f15bcc
8b37117f
dd380895
46a965e9
94e69425
06bb9bee
f4a0c52c
7aa9ae7c
7447498b
cfec69de
0e27634b
75b40f97
7c2fb95e
078a61dc
3b12ed94
45969781
32728005
bb108398
c380b9dc
7eeefc74
11d23c5c
86bccf76
f34888fd
34053020
3f862d42
f6cccebb
dff1f731
63b8a1f5
dd2767f1
bc09072c
1cd54f50
d66ac7e0
c7aca654
92072771
563b97c4
dcc33ae6
a1eef6e0
d4714c6d
76441d81
51e74ef2
7b924827
1d67048d
89a05db0
72f4a10a
6ce7a9db
d08893fd
837a3a70
8e9a2d39
f4ca76b4
11e01223
1e146c74
23d781a4
8bfa3df4
5d9c3688
006acba3
c9e7bbe7
30deebfe
74bddc31
fd9e0b5a
7d1b65a2
dc1c95a6
befe2de2
efa7d713
b1d4702e
cdc11375
d8cfe3e0
4e1056b6
7b043800
bdca6855
55fb8833
82fdc204
a32b66b8
c2334a50
3e296f5f
094fae5e
f2e83916
d93ffabb
c85f2d09
0840bea5
5dddd2fa
51b56774
6f60676c
9294b8ac
78204828
4b1da777
a152118b
f2d56028
da230273
bbc079df
ae385c4d
c7629dba
173a4325
48c6bee4
ecdda2d9
d594c62a
38dd3ec4
993ce6f0
3ce2c992
b479dc5f
7dd8e7f9
c7d21d2f
38407922
429792cc
41669f1e
868a092d
98968353
16c9e65b
656439e8
80632c59
fc62060a
a800d9b4
887e962e
644460e6
c71c1517
ef45e561
a2cefde2
de4fce06
e44165bc
ce4def33
1f7a2927
1f401037
ba75612d
d211ba41
4535cb09
5770be21
3ff939eb
cb47a503
b71cd594
07ecd22c
e2154c60
80bbc0b8
3f2e3f6e
22ad1801
95edcb6d
f27cbae9
f279184e
08daf470
b479d331
8dfc0359
88000ffe
b1a7990e
edf23f9b
b69c2f6d
2ec3bbdd
c31b4219
20bd9de7
86ea8ad7
8a31e167
05c94d27
9699a3cf
7bca3727
55756e53
60a695d3
8ddc67dc
89814920
1079c97b
7631ae42
c9182fcc
5d7c0a75
c1dbf87e
cab6d25f
b4aff7d8
e8751354
eac44a51
47e0343e
10d0d292
4dfaad9f
8f993240
30a544de
03d91866
9aa87455
b7d05f5b
91c7a6f1
d8f89b38
a24705a3
5c6ace7a
bfd61a7f
12fc661b
1ca38cd3
7ce12610
487df82e
245a5f3c
a2601df3
33646f86
31b3210b
f7d81d1e
384e1c3f
18134941
e1fdfec9
0000006e
00000003
0000002a
00000004
00000051
00000004
00000020
00000020
00000300
00000020
00000000
00000000
f73a0dd7
5c0e673f
d5c2c26b
3bd2616c
df9aaf33
0f7052e6
c49f9361
d1376ef6
bce69355
0fcb1586
b94a129b
27235dfc
a04a17ac
bdf1b1e1
0b0cc1c9
b66eaa77
f6b7ed8f
6e2421b5
a1978d39
9ae90802
2f332216
c59a037e
bc98747d
41b10247
2008b986
d3896036
b5616f02
19673007
bc6e4833
1aef52cf
4549ec59
1643f168
879a8e64
e1ea59f2
d198037c
dcbfe2db
d37363a9
f36fbe2e
8b689c32
1e1c165f
feb7c3dc
f3fa7609
351e6a9d
8f610c48
7667598c
9995e7c5
1266e4ce
f0bcaa5b
d0c1dc86
f30b37fc
7d53ad2f
39fedf15
8cebab64
66ce2ca4
0f49cc44
66714a0f
ef823e42
bceb126e
7dc8f0bd
e2b9458b
880169a3
9b9dd40f
53174ab9
1b37ca19
87f48f1f
ff4c2149
432bafb8
3d37a8fe
4a4987b6
5b05a916
1eab751c
9c2ec4db
57b3ce50
8cd1ba01
83fec26d
855eb894
8070fb34
8bffbafe
040509f7
06ba8357
e46c1ffc
ba1379de
50f015d8
d4a3e90b
795f6d8a
f0af79d0
8f579c56
6476a771
89d0bf76
c82cc079
7331a364
3eb3db57
4472bf19
f8b55b12
5bd1e146
05fd732c
86d36aa1
b5d49983
4ea74c33
a586d9ca
0a000d4d
6a0d80c8
ea3f0e95
b57edfc5
63634dec
5304ed6d
06e6e396
4c79269e
e200d313
a758d98f
1b722956
121e7c0a
979e0e1d
be343835
35a762b0
9d7dbb63
09439a34
73b50768
c65ee285
02f68788
c273de49
4877267a
ee0ea0ee
02402713
9105f03a
af03cb97
cd776948
d771a48b
c3058715
2965ce77
f5f4da57
e2b98b61
346327a6
46bb9b3e
6c83a041
02ce0cc3
c2794cd2
68926ba4
0be7fe85
165d7109
777df1fc
fa0ff24c
2a3b0b40
2e814dbf
5bd4ec61
d831a681
3bad80b2
52701e37
bdcae3d1
f9a656cd
9f458f1b
c6322bf3
9eb77f0a
036698a6
70129818
5ff1afa4
5fe069ef
e714e357
e7b2acc6
429c8662
bef5d51a
e024980d
2cb955cc
cfdcfd77
527ea69e
e2ab7973
b9b2ea23
d4d1a1cd
44ed83c7
c9786589
6ff13cd0
036aeae7
ddc88774
1e5683ac
8c8fd074
241a21b9
49be32a3
73b7f77b
92c82566
699129ee
3967392f
274d7589
9ff06e11
4d545d70
d3a3b5cf
8963cf2f
6807e065
1063f0a2
0fca9e9c
b199fb4d
8e1c6c96
005f0a6b
654f518b
3c2817b2
b2ee2cc0
7a9561e1
38522d32
f89fe721
3e61af87
c6cc7ffe
e0dbeb04
41c32ab8
dc42b9b4
78aa7ebd
01486c08
439b5d4e
eef5bd8b
0c0ee03b
0000006f
00000003
0000002a
00000004
00000052
00000004
00000020
00000020
00000300
00000020
00000000
00000000
e292c6e3
1b33b1b7
a5697d64
8399f7e0
6c893427
ef647908
ffcebead
413c1bfc
cfdaff6d
31cfe6cd
2a88640f
41faf13d
fb5dd8a3
be194504
87c86096
ec8043e3
f8afb5a0
ac0fda5c
0aff97cd
2060323b
23a81f2c
bcd9f0b1
ee66ee8b
40516f0f
4100bbeb
9fbb7de8
6a5bf676
cf91d489
b0da7324
1cf9e3cb
14dd5295
5057124b
204b33cd
dddd4b5e
6cb2546f
1487429a
ec24b8b3
3991590b
7fbc263f
b47a7967
64f27fb1
f1f8c277
ee78c474
aa7bc8c9
87bea6af
47e54791
069fc778
0c5086e2
7c73d86c
b59fe569
b9336f18
650c30ae
fbcfe5d9
58434d61
b28d6308
c9c52c9a
a61e5dd1
1cd4328b
7057a607
e6fd9b97
adf710bb
a7957830
e5ddbf34
7ff9b1dd
8f4719ef
e5ec71fe
bedae998
e697da43
d45b3d22
5d196898
d49062c6
1a860832
3214dcd4
1ed3e621
3f8b33c4
28ecefe2
642c440f
2f1844f8
e2203afb
5cecaeba
d1ba562b
9137eb41
1db11516
dedbff23
14ec4ee6
5afe8993
13fd2293
3a0febe2
bfd3c948
d4baae89
769e910a
2b5cfcd6
9b222551
329bd3a5
14694e15
00e40cba
3eb07ecc
f567ee86
a60ce092
36d219ce
8e9dc91f
eae6ad21
7a7011d4
a5aa02dd
07bad3dd
7857d3c9
9f78c8c7
52eb67d3
2bd3a5ff
998fbb10
a0622d2f
ef620e78
e65128f4
4eb3715f
1c649205
c51f5afc
09dac73b
63fb47b5
4da9d4e8
77be5a3b
b4a1548f
53c7743e
2308138b
f6b01339
92f98c1d
105fc457
45d2e661
aa7ac767
a38924d5
11271e3b
282d1b9a
283bdddc
4a63b9f1
39c096a1
55fe73b7
8ba37337
82677867
5602ade9
0c97fe64
bdfdb84e
a89cd355
9285aad2
25e0b91c
ac431568
d5a33be9
934d52c0
b42fcb16
c1d95258
aa54eb8f
8df9149b
4cb45a8b
1b92d016
68a448fe
2b5bb0b2
f5b91608
b3161e3b
230fb390
35028c10
4c00d664
7d59b5a6
9f0e1a38
04bc6ffc
c98d59ce
a50bf353
bb9a3aaa
72e98619
b2f50823
d692c142
a4d1569e
805b58ed
9523545d
51bde36e
5c8911a2
9518e4c2
4ddc60b5
839949f4
800461f3
3526800d
46fd2c4e
7b59c8cd
a925b658
5dab9806
ab19ede4
aa702229
d6178f50
407a1418
b8a0b8fb
74c0bd1f
7e937313
eb818678
74f5dcea
490dee03
e3307778
0b3e62f1
b863c144
d2ef7f25
31054a1a
2ffd13d9
a997bc89
7612178e
b3f41d05
e17690e6
4e57de84
7c2fc5e2
b562c01f
3192132c
0a38584a
28e342ce
00000070
00000003
0000002a
00000004
00000053
00000004
00000020
00000020
00000300
00000020
00000000
00000000
a8f07ed7
e875ac52
8a9286b9
b0954355
2829637e
6e8667e8
7942e065
825a808d
9c6ccac4
d0a54c78
5baf0970
c33d3f2f
90b51ba7
434a4ba5
f7f4691b
69f1e67c
3f679186
dd9e8734
c2ae47d5
7ecc424d
41a5857d
438225ca
0ec69fdf
0d825e28
00db2810
4e35b59c
07a42ff2
7834db63
e37d49c3
e309bdd5
e3b147c6
ff4e1df9
7ea42126
84233efe
13a9017a
fac922fd
2a2a0769
619d280f
f715783c
a172fafb
324e5ac3
e50d934f
53477721
1fcd86f0
48b5f8c5
200f9856
fb90c84a
c5d2031b
c297144d
6add9603
b52db69a
9166431f
344c7dad
d0acd9bf
f6c7c309
83e4c13e
40bc6d1f
3ad51f03
2555b26a
1f5ceae5
4c6a3e56
194f076a
d30ebc9f
b7d429d9
781f9310
720d07db
6db1ccb6
88d07956
1e9f850f
3f1a712d
ad080043
611f001e
9286d11d
77733e6e
6bacb4ef
205c9b0c
4172cdba
4be5f0cd
acc0c94d
3961cd22
89042189
384207bb
dfdd9be2
497c0f2b
48f7722e
7beeb1a2
0e5c293e
df23f89e
1c9ecedd
c65cabbb
01a2d339
907c9974
3c806d3e
934c6613
3cf384f5
85f896df
704d8745
e9427ad0
02e3a526
a5e42b3c
a4a7eac7
0912a466
9d04de02
d3777feb
87d1dc5b
698823a3
51fa14df
12ce0711
aa7424a0
160e8854
c87bff13
61f091b0
5e20e793
ffc6580a
e5ed2d0b
9d27150f
173950c4
3a18c06e
c9f4c6e2
ad0bed85
c4adfe71
d687175c
a5d26843
0ae349b7
e8dec948
6878f5fd
14f4f905
f4392ced
cdbde755
f3dd553e
cc5b4086
a5d69d45
4c450fae
fcb17afd
43e64912
3a255da0
a0fd5c21
16ed35f6
bd18ac25
eeccd932
86f9385b
1718ccf3
80615d75
5d01b1c4
54fcbf4b
d3d1335b
d15701c0
84275840
c3e8f9cd
491a8c87
266f28d7
633ae91b
172a411e
17f438b2
25e6f705
224b4d53
a71aca06
7662f3bd
1664ecea
d4571995
d3835f78
74421302
0060d62d
49bd5e46
6233a521
6aa672e4
4ca24b48
5c051579
4323feab
b0a94021
b599ddd7
ca3f59d0
97020f77
51beabc0
58736f88
45b5a70a
ef42ff87
1dafa56d
fee445d8
bd1074b5
7010fe89
0f9ff3cf
f4af23cf
f521fc4a
dca94d39
00204733
666d0565
edbaa2c8
e42d99c0
b100e7c9
e338b423
c64e5206
6e9b01d8
11955197
ce7bb443
669b7f3b
04b31fd2
5fe8958e
084ac633
e60031e2
cf32f60a
832eeaa3
62886e2b
2bb05f21
e3c85bf1
dee91643
9fbac2de
be450574
00000071
00000003
0000002a
00000004
00000054
00000004
00000020
00000020
00000300
00000020
00000000
00000000
d718a3d1
7321aa37
d71bcfd0
a948a186
b661f886
a75b84f1
f5374844
3c7cd2e4
98f2207e
baefbf8c
3b090266
99850fc6
e18e03a6
c3babb0b
2697a53b
da758864
fcad3372
f1f88da6
9dbf59c7
363de8ea
ebf9755e
b010fb25
3dc50686
3ddd7ac7
c3b891e1
604d1f00
e31b0c14
2f341542
65686530
449d1b48
a3714280
2dbb79d1
e6a153d7
94473536
c09c0256
63d673ec
0b95d542
620df752
5c0ecd11
f08d65da
26ce17b6
f1e41481
3b0dfa62
0c238b2c
403c70c9
5f1b9b65
4dcb81f0
6ce87168
3ad2edc5
bbd2e4fa
b820ddf1
058f1d24
aff6c09e
471ada22
ed76f815
05f160c3
9800bbb4
1233ce35
6018f173
7786bf7f
09e2785f
51965e52
4affbab9
4d3684ee
d5da8423
a63647d1
8092ee6e
d1b85cae
8ab6fcc6
f87de668
10cc2675
0118b73a
23a2bba5
1eceb842
15a6a47a
59b623e7
5d85147d
6bbfcbf2
28463780
599cf3a4
a7b26672
c1a03e0b
1f777170
276b2c63
6be5fa86
c3ea5e5c
0f3f6855
b9f3fa9d
9a66011d
95386f34
ea834bdf
a5a112b2
17328069
008e2d2b
4e30406d
8d487887
ddf67893
81216270
230946ed
b14c066e
cb46c53c
09e38770
112b6e5f
9e7e6be0
a129fae3
40637442
1f7148d8
459187db
6af2bb01
044ec63b
672f1faa
47e88085
3c0a02f9
5acdaa22
debb9768
0ef65730
509ebd93
973e1da8
7045578d
31ce0f19
284f189d
b3cb1e82
4ecbf14a
c87a0d45
41118390
a90e9575
3f4bf6df
0e710f99
abe62dea
18ec568f
58539b7b
43a24f34
b2fca05d
3415c140
5d2a6131
b7d07f14
ce272234
b2f6056a
50320c21
d4938462
5d260be1
9be4a670
683ec5c7
b0ab6e03
3ca73b15
b83be286
12dba4c8
b975df94
470b12df
1deac54b
59588031
62f38f8b
43f0563e
26e095aa
26379ee2
48077527
4dab7dab
acad3bda
80e9fa47
a9ccbc1c
8e18bf19
463fba93
4ecfae28
9af7bc07
a2df7a36
ba50546a
63115cc8
96e66605
5f3ce4c8
68584928
fccb6b45
7c3aeb57
ada017a4
0bbbfb04
4ebccac5
6647b46f
e40f20e8
8e3eed24
4a0a2033
b54b6d63
a21894a3
14cf1233
e77bb595
5e5f63ad
f6d90080
183501e1
aa9ae673
ace4c81d
9009a373
b242dfee
1ca7ab4e
8ed7f7ec
b94c80a6
9151c89d
5ab5beb3
ea7b57d3
d7a0e0aa
39ac56e9
7b054947
82a22440
638b7406
ba109ac8
dab311d4
aa769266
8579cc7f
6085d80d
be262033
f36efcdb
00000072
00000003
0000002a
00000004
00000055
00000004
00000020
00000020
00000300
00000020
00000000
00000000
ca410daa
2657d2b7
e26b9252
c45984a8
8e04f1f0
a134f660
2a65118b
218cadbd
bd016f89
88bf9ef5
386c3e7b
c24578d1
31eaa8cc
abfb8231
766837ca
be65d25a
3b15ab5e
0fd6a34c
dfb3aed9
2e24fde2
75ec35a4
de9e6585
7ea8e144
a68ac7d2
5c708cc4
3c094000
67b7ee74
58122583
1edf0eeb
f2bba0b2
bb21f585
04a367de
7ffc2461
6cc8d35f
9ad1d3f7
4b91e3e3
b46651d0
3c642773
e17bed4c
db3e2442
0ca1486b
6efc3530
2cc9b736
5baf4856
998f2d5a
d885e340
db5eea1f
3e2f5bdb
39581466
c5919e84
f2a490c0
1cd53908
790b6766
1d0d84e6
cdbf0b3d
aadf4a34
e7626651
57664d87
2f009845
9af63728
a17506f0
2f04f762
faf5ae11
8a13435a
2c0ee644
7b2245a9
db39dee7
bc5653c9
d76ff529
25b92fda
3d3c5bab
9c9bae1b
0b339b05
e949ac80
f9d50912
4be8f10b
7ee63216
a61b05f5
0bb2f2c0
7d3796b2
0eac8b1c
02184da9
334e0ccb
1f551a6d
97be6a34
93afd5cf
d64010e7
c2532bdd
5f8ca85d
83c1ff25
82d0f3a6
99008ab7
90402d46
246856c7
eebe010c
882d6486
53524fb2
db0e1040
8cfb3a93
abb2f506
e4d7b173
e5438b2f
24f432b7
79279067
657ea45c
fc98cd96
5c7c6b73
003de728
81e4a2d5
ff72cf09
ccdea426
0dc7bceb
08a13953
10fbe936
c027ebf9
2b1dbb5b
627485a9
1f34304c
ceff42c2
e8385b26
9808def8
7967cd83
9fa054c5
85a41e7d
d2652321
0e69045c
83e4767c
3bcf0baa
cac0f64f
018e89df
239742fc
1f7af332
3cba8338
f1950a51
90e15aa2
9ac5ad67
2565a9ec
030241c1
078bd864
c5b7e9e4
74ead55c
5f2a7185
feeebe9a
efeecd36
f9891c2a
25ede643
3c5d96ae
a97f7dc5
967c018c
2770d212
55870b78
720b01b8
a40fc65b
27ef9390
6f6e8851
de683279
46ad6c8a
27f2502e
5643e6db
2a6e9638
cb7731e6
89d19690
3bd83b45
12b2ee99
444a2fd9
352a8c27
f8e3dcdc
4fda4243
04e5c5c7
a6535362
fcb82cba
81054738
3a222ea2
a88277d9
c52065ec
7267676a
baf1d7d7
089ed65f
460cdb04
aa666b2f
af8c3087
a0618a66
d2c29c5a
3eefe6ba
4bd7e6f1
5f1b31ac
10bcf42f
a9c1e1ce
6f04fdba
ea682687
a3505ae8
336484f9
f919e690
b885729a
3626499b
4dc110e6
c403ae35
c83c2d8b
44e7a40e
f88e45ed
2ae97f3c
6aa6f2e4
d9e1dcb6
a452c7d3
57f1d720
589854d0
0e02311a
5b15bbf1
00000073
00000003
0000002a
00000005
00000056
00000003
00000660
00000300
00000000
00000020
00000000
00000000
9d2bc3d8
2af0cabb
34e68592
459d408b
547107db
754bfa93
b50de639
780c9d16
164b7e18
6039d99b
ccfb3c31
602cf593
ae9f38aa
71ccb24a
4d43001c
738d8260
225125c4
2c95614d
2572a8dc
31b12a34
a7f74184
d691774b
ea5d4ad1
37b0280e
2892f77b
12843a13
09c83965
43a933ed
04193dc8
812b5966
954af69a
a84cbb55
5215349d
d649a11a
176aa212
b7d9f466
d1b15560
caae60fc
6e516047
1982d3f2
25734137
89305a8a
78c9e72c
c2dbb9f1
aed116b9
60bcc14b
bca1af74
39983caa
b1aaa995
57a63113
a47ad602
e1c2d360
cc7e4f8b
1c1c7134
aa64e060
a10fafe0
2ca77372
a6a5787e
384b4595
14bce4af
538d4aa3
419fcc72
a7c3859c
4179a9c2
34a13850
99558408
a7ab8313
c25523d0
29032d8c
80b470b2
117eb0ca
1d3bdfbd
7b3c4c8e
347a65b1
183b6776
b17eeb0d
33395a9b
2aab6a15
83608c7b
e1bb5be1
4646ae00
d8455022
81170bca
96d56454
4c0cca90
c1987555
1c2a0879
6f016361
808a0990
61e90785
43154533
19e576c8
0923f381
a580b376
a389ce35
c569ebcf
696ac546
37019397
07960c51
5e69f9eb
11256cc1
14db2b0f
21c30c9f
bb18b662
ad663405
eeba62f6
e40d8c39
c5d8a027
eea8b8da
fc7b27c6
595562a8
842eb720
214c6d16
80b8e519
1d63b8b8
65d8b99b
65565016
3741b881
3c299486
0a25a874
23425238
6619ac60
5b32e09a
bd74c628
9096b29c
3456f219
ff97711d
b72759c2
690299b8
2150868a
0c168801
906a249d
9237cc1d
c2634764
74669478
696be9b7
84965c87
03a56f5d
e48cd362
cb597b51
acc09034
50447687
46e42553
7495b61e
b333da14
6b2e2e38
7de4cd11
3427435c
97ec6080
7714dc50
4e9a599e
dba11fc8
8dd78454
71ba0ca1
a07fbef7
ac40a176
0e48935c
e9543415
99d761c4
3c82fb48
48f0a8a1
7a90dd51
d7c24545
9bd5076c
21d1870d
5949aa5a
42746598
bca8ec5b
911f786a
d71f1283
0e951f4e
1041e538
7668b4a9
ab92ab18
3f51c39a
fb0e90f2
42fc8190
d07deb6d
43990e59
aac9ea14
87ab9499
6015a747
a458712c
d899b07b
4a0a73eb
12681740
eaa394d8
20304330
1dcbdf94
8a45b3be
d56181e1
56a6382b
5800527d
881c1625
7b2b4083
d306e4be
d43423e4
acc44541
35a85bf8
310da9e2
b4a591cb
827dd8c8
1c021f15
5bf02eb5
606fdabc
8a800067
5943330d
4ac9c14f
ca005a43
c45c2e35
4bcdbbfa
78ae5831
6861c10f
e392239f
8b5275c8
1ae80382
d28707d2
c0664ec2
aa955837
a291a778
a56cc497
599c1139
6fb66483
d3ec39d6
705242a0
1f749938
686b5124
0b8bf75a
fdbb79df
196812f3
cd65af65
7c2be632
bb992af0
34a96a55
326d448b
e5162a07
18bcfe28
68211954
7476b395
83775ea0
0150e090
789202bc
99c1d5b9
a5144b11
2b5419d5
93716da5
79c6b19f
dadc7e81
56ecfa4a
11082099
267c371b
7d25d32d
946f5c36
5b8d86ea
bb319670
6613fa73
a2794a1b
a513136d
4e7aa7d3
ebe99b02
bdd70c6c
0b62f285
aa3f373a
01251915
881ebbd6
21051370
5cf2f1a6
cc11d930
5bf14f31
574b7e11
d1ac33f7
54b75da0
928559b4
1a4ef883
e3332907
5c339c92
de6eead0
14a79615
1665e034
d72966ae
1cb95049
0123868a
914d1ca5
51fd3b90
bef06830
732bd84d
63300822
cc46a5b4
e46708d7
95e42912
a517941c
ac918b55
45233de3
5cb13243
75073016
74c24e9c
b950b9ab
9f7bcaf3
74c88001
06a0c730
3b8cf318
e030b955
3078e8a0
741324a8
d5456016
5146d085
b686f50f
07ce2f00
0a02ed5b
81c3045d
26bd3d77
35c37790
92b31a29
bb7b8f2a
c98a5637
919a57a7
2a077627
4beb610e
06a7f1d6
7827a24b
36c53f17
48c5b632
50812e35
c4e77289
d1995063
80d62728
8dcb6a6b
3c830545
13d84fc9
1802b37a
25b65aca
28769402
3b3aec03
4c6db8c5
fb3782cc
9179b993
366f6105
68226d6c
5bc531bc
885fd67a
0b0fa1bc
7295362e
c5499047
16a71158
989712c5
5218a9fa
10599e2c
5d3a1ccf
1a52d4a3
0cf939a0
53ac1963
ce2cdbe9
7aca8eb7
aec1f811
e5892465
41707e62
3eb3e08d
07bed34f
9c66628c
1ff3a311
a23ef89a
c1b0aa99
4061c28e
1b773c8e
94f08725
87c8b26d
42809241
76053f4a
38c639a8
c474d20a
26133bd4
92b23e1f
850ecb59
c73d92a3
749a696b
054d78b5
d9a0cf7a
81a141b2
90176846
1c0c34f9
2a534bad
3e3dbafb
67b093c2
3488aab7
dfc1c0ab
f97cb5db
cfa9dc4f
65511946
abb99475
82ad0d42
a4be4df4
199d61ea
2191f9d2
0c1c570e
11c5c90f
eb0b293a
019c100c
72f499c2
4d822d46
3f0fcdf1
54353ff2
edcaa404
5c2c57d6
6e8d75ee
cc883410
d04c898f
cedc0adf
f8aa3d19
bade2a84
7e23bd6f
2e80f12b
6f5d20bf
a71109b1
1fdc1b33
d0e0d211
c0742794
9ba4858c
e39dcb3a
47d2b755
0eff2757
c6b3accc
b8756600
286b757d
124d3766
1fddd4b6
c259a250
a50a2db3
1ea6de4c
85c5c424
ae83f6fd
bce42b93
2fb7744b
38196497
ff92153e
9cbd6fb9
efe0b753
5c0ba047
b8eb0cfd
3fea54c8
9ad8739c
a4957a99
58ed21ad
0f46281e
6396f478
98ebfa0b
2af6529c
40e7a9bf
4f28d145
32633b4f
290080d3
7fe4ba50
6c779e32
6ada4b65
53a7ed93
a14f5937
880f5f29
e4225e80
a6c600f1
32195177
0828a949
e31f3883
11300efa
b18fd36c
80e0f6ee
093f7102
287eb0dc
62c89cbb
174ccdcf
31a0eb9a
77d24c7e
065cdfbf
32b15ee3
c44d8449
382048f1
6e6b4232
51ebaec8
feaed088
86228778
1248830c
3cddef5e
71cc5b51
a1ab493e
00bb0edd
fac264e2
234e5e9e
841ff38e
03dedf1e
28090eea
5388d57d
6312636b
069cd45c
0d0242ab
a87a2682
3ebdd799
4145b75f
cb1690ac
afdba6c3
5ebcce20
2df9cca8
434aa4d0
31ce2cd9
03f84517
8798e061
0bba4cbb
5dad36c0
5728838a
ee6e62c5
783ebb92
da62e115
c57bd23e
60810b9e
27468811
89d04e51
2bc05bec
a4ba4cd0
d3dba83d
03db9591
5ff9e005
7c31436d
aa981124
196745d3
cb025b99
7ff88c92
101ab7dc
6a9d52cd
1e108dbc
10fd6f5c
74964ee2
36903e17
07c27e61
6125a7e6
7a66be30
4b3e58e2
d0cabd60
bde9e78b
feb0c1c1
9dbfce9a
11054b75
27c62130
5c70b6d8
460a6e94
3d5aedf5
8049f625
013457f1
f7149402
2d8ce09c
27383a88
90885f92
c9474d24
6185faf6
f51f755e
6f8f219a
85cc9497
d2d599ff
df9ab02e
aaa810fd
b7ec0776
8c2a1c6c
68c9109a
4e731930
1775666b
2866f025
ce1f131b
a78979e3
b7331815
7de958fa
947dd837
0f8380c1
48cdd021
168cc5c5
8683eb89
53f48e7f
946da893
c57e4ffb
c7415637
35d9cb42
8fb5bf8a
3f3786f8
ff16abca
0b976285
2957bd42
4849a1c1
de2cd760
abdfe1c7
300d903f
6eef6f29
219f01df
4510a813
1cd788bc
43c2b11b
8e602cf2
497bd072
91d39a5f
8395de81
534867fb
28446292
a8ed6cc7
4d742b62
556f0392
6765eb91
00000074
00000003
0000002a
00000005
00000057
00000003
00000660
00000300
00000000
00000020
00000000
00000000
4223f458
c5575bbb
77797021
e90889e7
f7fb9425
85ba641e
a4cfb06f
63ad60ac
405c1531
64caa06f
8525b382
cec918b2
11559a23
5b904333
46061cb8
31058631
c3f561e7
1ef14724
2b8b07dd
fca4a0f3
540c9306
1eb415a7
51738220
a9a55e55
fb62842f
9b829fac
bf22643e
1e56a583
bafd66e5
6a593245
337586e9
b9f3b27c
77aa6011
9a86d672
dc0a5505
c8a0fc69
25142b41
205aa1e9
08e5285d
cc2501a2
f33d37e1
355af08d
8dab6717
c93376d8
35f3264c
cd60cac3
33651b44
a989c1a3
a6c28aff
e08d04e7
45a2426e
c7766038
2a214179
16eca99c
4eb4c111
a2a089d0
6391b90b
be4044a4
61ee144a
4b541634
c27433ae
78eb9775
134732c2
5abc02a9
b94c9b1a
0eb71598
2b9cf551
030e2136
0b4a8470
670ee191
81c95962
31e13a6f
7660c648
f62570cb
6a6b2cba
0f55d9cb
33175a3b
67e98e80
e772db21
042da713
98501a2f
4b5a68b2
74f888e8
c7d91aca
d13e8c50
4a3c77f5
22556c6e
08028220
501864d7
c1b27a66
ef9f170e
d2473a75
9bc99c73
07159772
ec94ba7c
86c730ac
148e47f5
62eab4ac
1879a9cb
37ca7b1b
6bdf46e5
ab74039f
0674ec0d
b4b00aa4
5e673728
e6adb030
e8c47462
6154a808
db37bb03
cab83008
3b5b1c39
a39c23a7
9756ae6c
a199f97f
6a565299
ecf9c24c
2126367a
5f48d8e9
41d76895
c789d324
9429e4db
e4e47078
81e96b31
62ca7cbc
329e0fea
ce52c827
cdcb677b
f83a5557
64089d2c
41cad12a
f4f50e7a
1198b158
91017350
1994872c
ce2831ca
911228a9
58a9ca49
2691fc6a
5a497135
66f70060
44cc5bce
233a11bf
77a5cf6c
496829ab
9a64cbb1
009f2620
77029605
95547c33
467aa70a
0e2ac2a5
d62394e9
5a006972
7a60b344
df5cc638
f6d44df6
c22b6297
7c9ea53e
36ef2099
17c10088
2c2c69c6
281a2a15
642a122d
83257031
b3272e58
02251531
f1af9463
44810ac9
1698319f
3ac8f660
4ce9097b
2c658078
bd41841c
b5058996
929beb90
a7709427
5a5b6a53
4ce27936
440773e5
648f0405
abd7cf22
6ec33415
ebcf5178
199b959f
587e7a0c
d7b5b49b
c0c00e30
d23bbb44
d720a7e1
66ba44bf
b88012bc
08fa1c8b
82d91802
43b4043b
13dc473b
1d7abc1c
7318762d
210f458b
0e390c4f
d414a095
2c220084
c4a28fb5
6e6537af
d4896b51
16facc7d
7c468120
c1242467
347877c4
d784315d
ab657ccb
32972655
ef675bce
369c7d62
2276915b
424b83a2
b5be8e4b
4edb6a7b
c84509f3
8c18a8aa
8223f746
e97da728
c81b5534
c91acb41
5169659d
5545794b
90990d81
77cd0b10
a68db23a
a1394612
ed9c7a76
d8aa9bb9
3317466b
f87618a6
804dccbc
9615f901
7c7575cb
1c7618f8
13ba40c7
7311279a
dc6d2072
732c9d44
68c041c5
f2baa75c
9607c8cf
ca6311b0
b9714f4b
3a988d9c
b03863cb
93ff4477
39321b57
684bd77f
7308bf22
a9ab3764
db2c16a9
5c490276
2ca33d34
af41a9fe
323f38bb
53112590
aaa80696
58afc39c
4b228924
0d2894af
104e9cd8
be8a20b5
42b70903
b19f0f5b
2a75bcc5
375a3295
c0ab1ff2
29145211
3510706b
b2a41cb6
23ea6291
6dae22c9
070767e7
32daab4e
f828fa49
80599087
1bd465ac
70c763a2
84c044d4
4667c821
60612614
60d2ab1b
95578b30
fe49ecb0
4c7507f7
11ca8323
c31a84e0
4b026599
38039815
360be3c2
1923302a
9224111e
bda0e6cc
67f4a695
af72f24a
b84863ba
022f7bb0
09a23c13
1e256157
55d120cb
b4247597
8dc644fa
19270c77
74776716
b7a764e0
12dcabb0
b0279c78
fd857827
00151d36
6a4955c7
f72df665
33403d75
9b3577b6
bcb6b6eb
f6eccce5
25328cb5
9b75a596
e9050b83
b0abbc18
4f760637
476f9fb8
58256145
1a38050e
58229e29
1036a32b
234a3b79
65d93a29
18bad307
311641cf
9cb27302
6998fc7f
64bb22ec
74aa3bc3
2a43e5b4
c1be01d3
d5e1b72c
b7ec6362
0609955d
28807149
aff1595c
9952c72a
d93b7890
73eb9ca6
e728560e
9463a2b2
870b0806
357cfbea
4c5129a1
7217f156
7b34c90b
8671af67
7bf2fe44
b98c5c71
b4db12c3
85962cbc
7eb75c71
013e8653
9749d921
77b1a786
462a9ae8
6bc2768c
e441314b
78730376
a9183293
9dcc69cd
131fbb87
45257253
8d2e49f4
511b2c53
022289af
ff0587a3
a68c3653
352bd5a5
e88b49a2
ea224c69
51d368c0
abc2e566
7a56a9a1
cdd1e2b5
94cc0237
f7698415
9c01408f
9a6b3d6f
fea7893a
d9fdb4dd
67638490
c20a864a
5ea70da4
3d55a373
ad8b5f78
648d46e1
e469f96f
bea6fac6
df57b7be
831a5ad7
9b6794ad
d627de4a
4b6a2af6
c864ad31
742b74b7
fdf4ae8e
af4e5d8e
4ad501af
dd2e79c0
9f457f6c
a166f524
d80d696c
80bf9665
f6be023a
b5c0f478
20ef122a
837f057a
3b5fecbb
ade95105
3c17fca6
b956c6c4
e648cca5
92558634
da234d74
714a79ec
d0c2405d
25321dfb
5a067078
8a537924
ac772bdd
2b595ae5
6418d37e
8e6f8a64
55021c96
32c2fae5
24d43150
ac9f6148
be117379
173793d1
a703776e
e68504a5
1a8b4c94
b9b363f7
a855f458
9674bdcc
d2d7f68b
e477f1b7
49aceddb
635b4e46
59ed619a
c9ed8ebf
8fb8a416
a5fd8360
b089dfbb
47d64214
c8f4cf34
d88b83ca
d6dc8e81
4e91c859
487c495d
03c07c01
715f3d66
d5a0534d
d5f059cb
750bb60b
fee06beb
a6e6147e
72f898cc
02220fb2
2b381489
bf6f7e1a
ded313b5
f5664f86
2bd836e8
ae232c51
7cbe2e10
01e52692
fc07d8c7
95a13ff3
d35a9e82
e2ec31b9
491b9844
766d92be
e319932a
0166fe70
c6e81eb4
0030d097
e56ccddb
01bb688d
593181d9
b676be5d
25bfd2b0
b8a91a18
2eebf1c2
739d6176
f12d3142
bb836555
b2618c2e
29d98e16
9d3442ef
d0484b93
e7f651e5
30fba3c2
105c6d2a
b7510a38
12f425d5
8153586e
7bbb3e1e
8899330c
12ae78bf
9cdd9058
b3360b13
df7f0570
881e47fb
2b1da864
2e186f1e
70ec35ca
e37e10a2
776ad083
be39bc98
11aa7499
e3bc2cb2
e4122259
9483b1c2
fe6d0ca8
c812edee
653dee4b
8dbc1a65
67b48784
291cb6f0
67d473f6
569c49ab
348f1e53
fdec5570
8becd3cc
114623e6
18093db1
9865b8b2
b4b6ac1e
87e7e90c
88a7b76a
5edda5e8
8532b0ec
94e5d696
c97a506c
fa72ed68
ad3b4ca6
5e2517cf
84752d9d
de7f0be5
aee2db7f
b3c63214
2ad4935b
40d36ead
12798b40
e5a6e60b
7ed06705
7ad3fd81
840bc6a3
dfaff860
edff206a
5fdc9d20
76ede24f
fc5a5720
66dcc962
9a946c66
3e119e93
ee2e1bb6
a0f37f40
e6e527cf
cbe5aada
f506ddd9
0fa274a1
74145a0b
e04ac227
e7cc1c96
95eff95f
392699f7
a18ca367
175dd3fe
7af04ff0
ebeb9424
d1076287
ed7c05cc
19197be9
a1cac7ba
781c3e22
fcfb73bc
d74e6159
4e26bc2e
69e1b22a
3c3c5bb1
2829b647
c6894931
08d4525a
2cd7cfa9
6726a056
4278e07f
29b725bb
ef71da54
7b632619
963510df
d0ce21d0
00000075
00000003
0000002a
00000005
00000058
00000003
00000660
00000300
00000000
00000020
00000000
00000000
1a3e5bcc
400d7ce2
1bd0c99b
8a6173b9
2a9e9987
7ce7211d
d68a32db
a8318fe3
562a039f
5e6eb81a
6946b884
a9c3811f
6ebd6456
f5ad1e78
4d584482
3216aa6b
b3690b68
b3c8f22d
cc3ab76d
bc85af28
2af72086
4b820c7a
d0c5ccb5
55524928
6a573438
a355ab08
bfd4e648
b19fa5fb
f07aa2d0
81b01637
388282b0
e5622962
53ea9c0d
c27441a3
34dfa583
1dc03474
280f3651
c0244125
ad007c5d
febbfa2c
ba534321
23e1a8a8
e6ad0973
e1061371
a1bc799f
4e6da55d
e9346d5a
8bb36dcf
02155146
7034be29
9556df47
5bc6e55a
23310979
a4dc24cd
7289f1af
8a42bc44
acd7dcaa
665e61f4
c1634c65
66c8e3b2
08c7505b
36dfb33a
1ee9780d
3198a922
9a1436a7
15586f83
e23eeb4f
85d49ab1
5668b190
cd1f84ad
86da38f0
89508a27
4d1b03e0
26873479
c8b29734
d5274c93
1368bd29
5b05e8bd
f86c6cf2
0c1a50e1
0465e6c9
48b6a789
60a6091b
3582e77d
7507149c
492da380
b1d86f6e
de87616a
701bacf4
9026db36
1330417d
b2122898
52527309
227f657d
45f48e60
cf38596c
6c51f81a
73799486
6467d60b
386b23f9
803c0864
3ab62251
efceb097
eace8749
80c72a88
0d74a8a3
7a51c132
bc039e8e
2b387aa2
fbdb02d7
1d63841d
5b664245
92c2bff3
11c88d8d
ed13f249
a74290a9
28493967
660271d7
a4b41fd1
83b2078f
536ca466
6cc2b438
2b712541
1fad349c
c58d3172
b37799c5
0c201ae5
d97faae7
98168369
cb8c9a58
753087b5
62a41168
885f58b5
53a14065
150449a5
474923eb
82e118a0
55a3e796
b9a748b1
2c280ea8
9b1b38c5
b680f1f9
b21ca8a7
8e75e91a
43bf0910
472b670b
527ae3a8
ba2f7635
93953526
459bf0ba
5d9029e5
b2abbb54
acb7e66f
13715398
c6d67678
bac1af45
5f6c8168
b6e5bd8c
b7283651
a40fc339
527b17a8
0e122770
229a8572
bc2b5dd5
5ed5acb1
17c562bd
9a440dab
cfd86d75
2e072850
fa6cccdb
3c46e730
a65fb1b7
b206ac4b
4ec5b828
492eb239
548d9147
ab76e9ad
b2a8daec
f1c768a5
5621854b
5e9b18a1
66056706
31e5c6a9
ec02bccb
469041e0
b419cca6
8f2c7582
690c27e3
91c5a0bc
8d0c1a4e
47598043
9b26bdc8
62017164
84f75bd9
86228a72
b3bba0f5
9ba2c7d5
be298481
fa726895
e21c7a44
11e19fb9
bb65b421
46cea012
5499d149
c36dabfc
c41c3087
69d2962d
4c91b866
50bf8c10
3c717e55
bab5f25b
d473b948
4d0c106a
519434e1
3aad6037
c6ec297c
f711762c
49b8c801
7d07b3ab
543c8273
969c0b07
3d276fba
1a43920f
f7840652
5fd72307
d6411b62
6c8e2d52
8ff0ad64
6f2957a5
43abb023
28400a93
13c42cd4
158f7cc7
a6107e0d
246617f3
94bc0fc3
7d7c7921
530898d2
a8d2a9dc
6cc9833b
21bafcdb
9c21b716
ce91ebcd
8085f3d4
5054b76c
900034b3
dba7c0aa
77499fa1
2043e831
081a6a96
93790237
c71c303c
ce1188f8
5af25bbb
c349ea49
3dccb941
d0524f1b
9f85c075
0c9837ec
a735896c
1bd10c93
db636680
73b386e0
3d05ddcc
fe18510a
c93f25e6
01e4a9be
4584dc0c
e0361ef0
2fb39100
7295e071
12937b52
2058c929
862c66f6
b85a5907
27005f26
f92870b9
99b4182b
636085bc
8c0a52e0
d1af4a06
b3e28d8e
282d55c9
f1604060
cd01ce84
3a1407d6
627abe77
69e1639b
6318fc0c
e1712f21
cc326519
1ecf2465
dc9c05a5
50aca14b
9f1edd00
961509f9
b8eb1886
bf0ab4ef
a8986290
06724ead
e0608058
959c3257
6b07dc0b
ff0e8cf0
2658752a
27a8b386
5e0d00f6
a21a4216
b36225a7
5db45831
15b62c50
75492339
866a474c
85d38d36
c2c4106c
3343758f
86f9a530
8058dd73
7979d658
02b67f65
1cf60e54
19a26bb6
5b47b227
68a3c537
0218e1a3
1603a009
6ed75202
5548d22e
b88e7fe4
257a2121
0d282cee
775014da
1b31b68e
aba039b7
51aaa9d1
9ef42e7f
070d44ce
07fc7fa8
9de64139
62309a19
79389626
48977a3b
e303f567
a8a79c48
496bc6a4
9b5d54ad
76827f19
c8f1474d
c10dba82
936d74d6
8fa9ad42
084fc8d8
ab9a0603
29a550a0
d541ca1d
aa9c1eb6
7268482a
5c5c5711
f55110b5
1789a28a
24073938
e1220e25
8a0cb384
669a3859
4be36a24
6ec650a6
0535862d
e7e463bc
affada0b
9231061b
595571bb
9b895189
52a8470c
45d7b80c
5f81fa2f
3f37bcc4
d03773b0
3d6c56bd
a25e5a04
1bdeb458
aed0ef20
731fe8df
90c6c4aa
8921685d
d8e811bd
4fab37a3
c85fb36a
09be5e88
9020a98b
d753f8d7
a2084063
fb61e619
e9f848dd
f4a5e63c
52b05483
d3769869
612d53a2
d660a93f
97a5ea44
d73909db
65297cd8
4d849206
e750f5f4
0ecabb4e
a0c8072c
7cee7058
760fe86e
f8d97bcc
6bb034b9
953159ea
d716b90e
a972575b
f2bb05cf
36ce9270
9544a363
789fb4cd
69bf489d
9d504588
efc88e80
69a727d5
59da3672
294a7a17
9d3a09d5
a60700ad
37e38289
671c75f1
cb746c99
1d122473
93a9031a
7f480c4d
6b9bfc07
528d9b4b
4daf0e64
db56873c
aa0d51d0
47113c85
8d9a9a4b
c92261c7
b92b1700
f1ebe52e
d0407a34
386640f4
8bf7e2c0
4962baa7
53a6432b
ac2023f4
bac11a88
3de1ce2d
49d94b83
d47dfc54
d9980448
d85a6dae
53244b04
22f9f1e6
6de88d3e
98e1987a
4bd7cda3
cdb676c6
81b1c428
fcadd2cb
94927e6b
da2cf1bc
2bc913c7
7ecb9432
64f296fb
be6c63f8
83ecc536
ce00c6d6
cf7307bb
2e5dd805
c115628b
112c3c85
7f485d6e
f39a66d4
a0186f67
10cfeed7
922ed7b7
13e77d8d
a54fb88f
779147a7
44ad87f3
39932d99
0f0c57c3
d57672c3
76d51736
657ec0cd
ff823f22
fce4d193
1edac2a3
9d5e35a9
12f52902
272b6729
c31b96c3
55525224
33b4435a
890d8b1a
6ca3c296
382cd91e
d3cb689c
723d3105
5f534dbe
b61cb82d
a77509b9
64e99afe
6a2a2767
5ed07cef
06c34a6e
2e449a10
b7027181
9c967a62
41ec55cc
682b0e1f
44a76a1f
cbb0fe32
bfba9369
24428a75
babbe1f0
2db9cdcf
b2e5c7b8
58544647
aa272473
174da5a3
aebc2cb3
e85ee984
c89c9c38
733fc868
7515ee06
4d5dbabc
e685bede
7b32e60e
5fa09de9
85603112
d7cfa3df
e42144a6
076f95e0
adcb7492
62ebb7e3
bee911c7
9ffccd6b
9569ac6c
11564ee8
2948f5df
05046bca
491895c8
2b9c3c90
464527c2
7b0d54be
60634ab5
682d2690
fe28664c
581b903a
45acf70f
36427b11
b2549f25
b7159e65
fe87de3a
f2a9d67b
90703917
37db787f
3f798937
f6677dcb
d9487d58
e0a19d03
039f3285
db1e4a39
b43daf05
a0b0f051
43906862
e5509039
68254470
ce0e8bca
76774dca
be85052c
118177bc
21fded84
89e97316
160cb46f
1612f87e
28559cf9
6a5d028b
f05876a5
44b0552f
e2ebc344
a2829ed7
4f318907
3e9ddcb2
cb3b8025
9db05051
a0863c95
ecb68ef6
16a1fdf4
1b5f8152
090293bc
83ac5b62
ff4a2564
9bbf85ff
b610a5c5
a806fd4c
63101f2f
f1d9f558
00000076
00000003
0000002a
00000005
00000059
00000003
00000660
00000300
00000000
00000020
00000000
00000000
05343243
3ce75716
9d347110
e21157c1
f6b55065
19315ace
fc652b4d
74d613cc
4f297992
b3c9db84
70071ddc
9bb748b2
d9ae6129
3cf88b29
702998bf
4d8bf9cd
874e3cf0
7dc78da7
121a6019
272b9c4c
231a88b4
56a853c9
0a5e41ac
781a6702
94416993
71db1396
b1697f70
1664d849
573046f6
4197bb74
b17e51b4
cc86be96
55578195
d193f3da
f81c28bb
38b7a60c
bf4a3bd9
01e5c530
1523b100
95c7e244
fa539080
bb43d7cc
b6a89c50
6327c602
6f81ed99
d52f869d
3904c17c
cf75826f
97613807
f1c90df0
7e48a637
8d771bad
83fcca67
86f4b063
34bd6c57
339428b5
ad58eacf
a1212ab3
20ceb0f8
7860b6ca
3c6f4524
13a28e6c
66a1d13c
4d66e129
2bf28437
8819bf29
e44696ca
31448e85
58081fa0
3f177b32
a46b4c2a
b17bbe63
b7b8a380
e30b7ac1
2a1cfcc8
a0842adc
86af9ee5
8f442681
8a38c7f1
2cfdc199
8352df02
ab91d6f9
81518f57
5769e465
4c44a284
29eb32d7
8779aec4
c4637ca7
b3b9106c
b8facdce
9d9c6360
30028f8b
1328f556
1f96a4f9
19169c85
b9157070
165a15a9
5b51aa20
6eac0e05
8a8bbc56
fbc57113
00e72b8c
512f8b0e
77446cb4
ca27d170
2853d28e
ba6b1100
95ec1046
cd1dd87d
baaf9869
7c9b1820
f57b8989
82885e45
46f58117
2e872227
c212bd81
1d7664bc
62a09b34
278d4081
940bb29e
a8553be0
a2e81091
cd33b795
de85e3e6
8775b532
6e865a99
2ba14758
80eb6a7a
0c82f030
c296f882
a18c39f6
5d791099
215e286d
664a8244
6575df84
af9f911e
825cb907
54aa1516
d5bf6168
24cacba4
9ec39708
ffa0923f
767ca915
6e804e91
f3b05054
c267bcf0
c456e65a
a152c182
8574ce47
2995fd70
4d650720
30972ac6
33136778
b99b3c36
784bcbd2
28890d03
e24c8601
285a09d0
bb380732
5f0a03e0
eaca2de5
8a121829
08c824ae
e8326be3
a8270ea6
1b333098
e926c9b9
1f20ed60
1f6db753
740bade7
5c846105
f2553bec
1a8ac2a9
2bb92314
90007b89
e5dbc701
76fa213d
73070111
10b34ffa
1aa07dbf
8cb4e747
f71361da
78246f92
96ac7126
08623578
2c131279
7da1acb4
15b77c93
91e14aa4
4915c353
913755b9
86d1a5b0
2ec6a301
71b76f1c
aec17884
bcc0b03a
015b0b53
8a97c4cc
68aa04cb
fa6a3679
ab9ab565
8759b4df
d00b33bb
88c8c58a
be1d53a4
d2aa3a6b
61c88766
a7526bd6
a9ac6e16
ab774bbc
ec16056d
670362a4
467cf1aa
c3c2fc75
477f88f8
b002565b
387c1a11
b55b8587
5db5a1b4
2d68b137
d43a04f9
2641d4cc
b786434b
22d072ba
35f57d08
cc2c36a7
c67a1c18
0279ab92
9a53d8ef
02e3547b
0c15a70b
ba8f891c
c2211e45
8f604d5a
17a3696b
201e72d7
112bc277
318c8c58
cbaf60cb
2d72ec1c
9f17058c
81ae2222
bb77bf70
675874be
b677678b
a6ca231f
37a7a0ab
eb3ba9d3
17fa6ba6
94902153
10f4a3f7
a0aafc31
14bac815
f8cb1bfa
80232d4d
8bb9d683
8a433ea9
b8859bcb
8a3529c8
487049c4
335afaa4
37aa1340
d34d628a
4ac05f9e
b41887cb
b127c4f7
cc56ada7
30290802
bc42aca7
b8176e22
2dcd21cb
72338817
c5bcb630
e7bf2559
2a7d4260
8300cba9
88bf57fb
12c19402
1ea81d01
3fadf543
80055456
619070b4
669f14ff
63194011
2f276046
f10b4295
f1bd8304
9889aaa9
061c64bc
d3cbae89
bc1a138d
bf63851a
821b8baa
97d3ae64
f678c698
b1fd9319
812625aa
11409626
bba86f91
1e26c682
43afb46b
aad20aa9
1b44b094
842294f4
d2faa071
ba24738f
07111740
04b8ba8a
1bdb959f
3f385270
431daa40
14db5536
e5cce307
a32b9565
59a6b578
a3b3d87e
797672e9
4fcbaf54
5b4a9caa
25d30c4a
b48b2a11
0d5815fc
58846a65
6163eac8
3078b113
67152c67
766caa62
028ec623
e9389ed8
ccbc4d01
8fae1908
31a28f20
293a9d3c
6f387463
b8bebdb0
b35a25cd
0aa97216
3a496c37
7918fa35
7d7252c4
301a9ac9
9f11563e
85ca0b9f
72959779
38715fb8
dfad7817
b697c984
903ca858
fd555964
d52f50f1
5d932e0a
3b00a0f8
11344595
61190e14
7e4887fc
671523db
cc5a665e
cfbf6023
abfab3d0
6282d557
39905a36
67089470
2b848d46
44acc5cb
2bf11e18
28728947
70b4a980
b5140042
914251a7
e817100c
30a65db7
67092a56
6617bbaf
3900603c
69d8150b
eda5cbf7
0b936a65
8f345998
d6b77a5f
ab172954
5322fa56
6a354063
249630a2
81e7cd97
3589b45f
eac90e61
a906d8d3
773892d4
bac741c6
e6849388
6bf2efb2
396e63de
1b1c5516
e507e369
30deb6ab
84cef1e3
c28f389b
fd964068
cdfd237c
a9fec6fe
330fe66f
0a515811
e66b6780
c88ed3d3
c8324911
0ad34706
7a589aa5
358ea429
d111f753
351852ab
303a9342
3c888004
75bcd9fa
068e4957
41c07a66
787ea5e3
dbab9750
e7993c6f
60d58dc9
50a56679
a0ed103f
ca59f963
5184f7f5
b7554fbb
f5a44a8c
34300e74
d14d0e77
d9c27f4e
801e8a9b
7d39b602
11850d64
409f7847
c649f8e3
4343589f
8022ff82
c09364bc
c1eb0b80
4cf72e43
7a28e02b
38bc5469
4391b848
ced14bf9
225408e5
4fd13993
65a7f608
33a9e987
ffb62b70
29f32e4e
4abd6e9c
26601abe
82b71b94
8f0fff7e
77e9ccb4
aa839ac0
6544b8cf
4899c802
a9eee5f1
a711f79c
2a979849
31e4d238
7e48476b
7483795f
1421f9c9
ac3b1f0c
58a0cdfa
838054dc
c3bbc008
804b2028
4967ddec
6f782f70
937f0c06
b37d864a
6e3e2cfe
16d06f8a
6beb284f
1b003867
5adfbd23
512f56c0
b2b4a7d5
9c21f9d5
a224758b
b29baade
5b7b1d6a
144321fd
d6d45b2b
e50204c4
c5629119
f8c58f82
6a50ac01
3b8ec7f7
d7a1f9db
80d333d5
d3948d54
375a1e29
b858ade3
cbc6f04f
0aa3bfb1
6209725a
8cefdf37
abdacbcb
88e1af2e
e57f1eb3
9d056ca0
7736c5af
81244edc
c82e2d1f
15f47f29
2b7e95bc
3c324c7b
58d0e89a
de51c9b1
ac671716
b966f506
f7b554de
1ec56ed0
7d5519bf
44d2f140
9193f450
59cfd558
2a0ab330
f09cd43a
37a20297
2cea7120
63cbcc58
f05bbb1d
5dc780fe
91aad9e9
3fbcc7cf
abd30314
b8d5d9a7
a01a8ec1
71af7042
efd849f6
33717c41
a3be9c15
c71a3258
e498a044
f8095515
862a69df
ad20d089
e206226e
93fd14aa
1869fd1a
f7186273
00f615ba
280e59dd
5d854225
d847d253
e8374c0a
18683594
35365bb7
9d680111
d484779f
62e4f675
62c3113c
40c0a2e4
40fbe691
fc9e1342
70c23786
3d477b94
e25f86cf
a46376f4
3bcbda93
51cadb05
c7d3d3d5
8262f2d0
4bc25954
018267b7
15cfa14c
90814c14
b2900bfd
68a5be54
daaa6729
4fe9cd48
1ad378c5
2b238d74
88accc39
c2ba4082
6e34ecd8
bce2050e
4f413532
437170bf
58957049
dc138539
62f08efd
2c97c887
4938994f
46a3514e
678cd4f5
9d8dbb25
c1ed1f03
6481aff4
b4717092
dc2ae1a8
f2e877d2
f1678df9
e792647e
fc83b4aa
08ad07af
cdb8dceb
00000077
00000003
0000002a
00000005
0000005a
00000003
00000660
00000300
00000000
00000020
00000000
00000000
785f90c2
5b114039
17524c1e
30c3fc2d
72270f50
25c5d175
36183045
7c76c907
1cfab090
38555876
3314010a
05a1d93b
38a1f24c
1b5d9827
2a125667
3556e006
c89a9fe6
05c66329
323fcab8
82e0136b
cc45108a
fa16eb5e
cccf4b2a
33660195
84ae606d
40734f51
65d2f51e
7e2ca61c
17ee31b7
3131090f
6846c9b1
94551e6c
5f26c397
dcc9b3ba
8694aa23
53c77b31
61355710
4704beeb
5ca10982
c34264a4
fabec121
2fb5e927
ab409b55
9327a017
9d308201
0a2722c9
f0133ca3
8c758846
7ea2ec9b
d14f99b3
2e794813
7f127897
b2c39665
9a2c1428
9326376f
7aae8f34
c7a9aca8
8d1e7a5e
38535e8c
8099377c
d68de583
45595089
8ae8d54c
d34282c5
71ff33a2
72fa7cc7
bc19b3bc
78d02c21
c5d397ad
6d1b816c
d9e0a6ea
79aca945
5dcb649d
691e8234
24249998
ec895768
a4adc208
00eaa408
0904b717
226f2392
a056ec65
630f94c6
cb891d43
034718c1
83903975
f8028dcb
20a881c8
b1bcf18b
a59ec197
686750aa
c5861b43
21bab1c4
aeb3be55
1726f294
a09e0cf9
4cf47063
82c6a865
315d220c
9388f28f
3c7d7890
149219e2
73204f84
d322a80f
2bee8cb7
34d18647
ad7c31de
d96f96d2
cce70523
6bbecc12
b81bbaa2
a0f84942
04983366
8379516b
9449e457
344c8c99
860f9d37
2e666d7e
d97ff7b0
7bcc7135
3d67d484
ef370475
421f407a
6727ff48
f96b382b
1117bdc5
241a5396
b6c9f8c2
d07d6f6a
31946b3a
76431093
527d7cc7
afc6428b
e33be08b
b30a76e2
18687007
605e6771
5cc63017
72f29d5c
1faa7b85
1c2900cb
556072be
d18a8884
0a3ea6f4
0291c78a
0e4093cd
ecb4304a
cf60e575
b29b3af8
f6823174
3063a11f
c4319b6d
3143cb74
ada11527
9dc8012f
429668a4
1454f284
29befc0b
f698a872
20f9cccc
e56d3c10
e5dd5126
be4c1312
fe81d14a
283859d5
87b54319
0590f7d1
a1028074
047ac974
8ac68bb0
72c17808
bcf71551
b60be454
607e4dec
1139791b
35a7f5ee
a20088a9
afb238bf
d5864187
464290d6
b6f82e57
ef74363e
2ab725e9
25934e44
210e25b1
59fe4ac9
a0d3ebb2
102c425e
c56c8782
57f1c430
2dc99c46
73e18acb
1d35eab0
e91bb66f
ea0e9094
081b527a
424ad0bd
6267bce2
cc0b6f8e
e4ccc5ef
62d74bd9
c74b1a19
134f8a57
319c459b
9bc2e443
2a290a7a
15b48f50
7524224f
0d156c69
026a82e5
3102180b
022de681
0b825e55
6c36137b
3ca4e9e3
fb8f130c
1122751e
1a2edb93
3aef28b4
690b2f0f
3b778331
3c1d438a
cfd5d2ad
8d144309
66aa9cb5
7f2c2bc9
808d4343
f1617614
52553d2f
05cd7c0b
883d0770
ba29ae15
24261929
d49f0c03
9b28426b
aab419a8
524d8f66
4190b6bb
ba12e706
b91cbb93
61d6344d
b8185a2b
a9437d14
c607c255
e7768070
33479674
2fd24628
fa0ed616
e4963692
b3012d99
1f7eb32f
50948428
8d74bb57
b3cb3206
376ebf06
6e63963a
398b90f5
0297cc25
bff0bf5c
f95aea62
b9ff21db
59b8cc0f
1700a46c
d18180da
5626170b
f06d14ab
f085c862
9ada6e2b
0d95a5db
12fd776b
5e25614e
d42ee9b5
f0aa8556
05583fb0
5e97b1d6
a5e227f2
31db4f61
bbb41bd8
1c71b8a8
9ea3e098
1fb7163a
c0602e78
12d898a1
331847a7
268871e7
b580061b
b93444cb
5c74b407
ae718f5c
50a91c14
64f6529a
8765d609
4ea7b78f
46190dcc
c230d58d
5b1af77e
66c88ce3
28ba0bb7
6c0e796d
15bd5eda
39987673
87c6b5ce
d753bbc9
5bb6686b
29c6745e
61624015
cb23320e
c58036e2
e480c377
36b18484
992451d1
406a3480
9b5a04b3
077f10e0
c27211b7
7024a614
e1474567
60324e34
bb347b57
0529e0c9
ec14b092
087b5a50
650d24c9
ba24c736
57f2fe40
bf0e4255
29183a0b
76a2f03f
0662325f
fa584c1c
62436a0c
5598b9e0
06012840
5fea6408
ea5bdb19
91826729
293cbe30
738b9755
c2193afb
1db8de95
3c4e57c9
71f3345c
85a36b13
862e4c93
6ced62c9
69f28f0d
4a48acb6
0a2d3610
6bb22b37
8058f02b
d3e33096
4e396992
8e768050
03470f82
1c171929
9c0971db
1a7d5062
10bc8981
656963d5
036373ba
9980f3ab
e77b07e1
4b2f1052
8076b5be
54b4d4f4
194a0e05
9433fd9a
7e88d88a
181e6603
0eda038c
4676c06e
f22858c8
aed96695
b0714400
d51cb680
37015b54
f500342e
38b37551
77e73812
c3201143
f76605e0
03e8d5be
1345d8d2
608b9056
1db51817
5c41bd20
3d039575
a9d2bc4f
e99e0774
f77babb0
88c03b27
56bdfacc
1baaa4e4
14a2885e
1f071ff7
5f7e6112
1b3021ad
c04fe95d
fdc88df0
fb7ec84f
87bc3e06
6f0e5b7f
ab797322
16fe8325
f0c04312
e8ff738c
6b53591d
934beb6c
0354c4c8
a8a3a994
c9bdb02e
712b3d7d
3e1660d6
a79a6e13
a83f9ae5
8b3cc2ea
3d19e79f
b72a7aed
80a821f4
fde93887
6dcca217
5485004f
758f3068
df74bb7c
9b6c5ada
7b207568
252a3d51
8bf9faa0
4ec175de
a35041b9
dcda75ac
f8780a90
4aab235c
00fa5746
5c586d16
aac115d9
00b74b46
60a022fc
b3d63fca
4b2a0b0d
41669071
908c3e8f
fe33d978
0df9fc58
e00df127
0d326aa4
544524c0
53d9fbb9
582ea64b
842aba81
9f16d593
d4f902e8
7892c976
0f263866
6204671e
bcf18021
cd1501a5
65da77e2
385360d5
26144708
e7a9707d
c4ca24a8
bc7f8e2e
c3f1ff52
2db6dec4
9e73cae9
37af98ac
e06c2f0c
5e865480
61481a4a
01755950
27814a1e
d7c00552
5c27d132
62ec31e7
fbbff98b
b1f2ce65
94dbba2f
d5395798
3afd450c
55e71fb1
c256fc11
1db0f3fb
5f7d1c5c
e9cebf0f
18626efa
0289dd97
04f7d877
1b6d5566
9f065c8d
bfc15bf3
79359249
7ae86e92
403efdcd
c4f55096
0bdeaa3d
10eb7c8c
cca96de8
b31a6481
96e98757
b241fa98
1fc497f5
3fa0a6af
64e3093b
e745d696
7e23ad02
6230a215
34304327
dd32f407
3727cc15
bb30e494
acb19b19
ed2f77cc
38c11266
d44b930b
b6945418
f881e686
9c6320cc
9e554e71
57fa356a
20e31009
0dca834c
47d996c5
99899ea4
5965e159
bf3829ef
8994d9d9
d7aee720
fca2ee7a
2b3779e3
4fbce266
620b7b09
bdcaab76
fad02a19
4633742f
c310528f
24dadf49
e76f4285
371694e9
98e3145e
7864197e
343538e2
c72ff1ec
fe46b4a8
44f5af37
6e064074
f7628599
005d9195
cdcc3b8b
3326ded2
400d3a8b
bd8baf5c
eac91eb8
875d5f44
97ad1e78
c4b79fed
dd7c94fa
87d0519d
bfc15b31
9e40f4f1
7537720e
a88ebdd1
a6b14637
ea562aec
7d190d73
9a781cba
c64ecb7f
69ee5971
46ef761c
95818a5e
b45652b6
1ee33ab5
039fdee2
1349f42b
cf72362d
38c72058
0bb18e86
c6506e30
007c1e0f
ea6f5a9e
5f5b29cb
5b163e1e
e9d500b0
5a73d7dd
3c9213e1
111d947f
abd72bfe
6925f4fb
746631cd
6f43eb25
95996689
e8c556ce
f32f69af
4e371607
d4a542c9
045f5d12
3ddc883a
08611f94
94b3941a
819f4b05
518f973c
00000078
00000003
0000002a
00000005
0000005b
00000003
00000660
00000300
00000000
00000020
00000000
00000000
f90b74b2
dbc94a84
234300cf
d8125758
a09e2dc6
ac28f76f
a6cee839
8a1f155b
8d417545
457961b5
bcad6e42
648a1693
b0a8d9e1
fa60bb74
b2d5404c
b6870139
43c46ac7
8f2b23bd
8961e5fb
3cf76e29
79384e89
19b65056
a87eaf4a
bfe7b519
7807f60f
57d859d3
c6310757
bb62288d
22465d52
9b51359a
7e467332
24ab57c6
aff2f277
d51e89e7
7c7e3c00
9a19a993
244aa567
368397e7
3f723a95
7273d093
983f92c6
2e25b529
b1aef186
70f76dd0
60408022
0c87cb05
b04cc552
4c27fe6f
d8a86210
885277b0
1ac15b16
8b3b9325
14657fa3
37959865
0a638a6f
7a2991f5
88bce88c
a1ac4956
2ab70907
26a7c680
4596e1ef
796389e4
9f82be5f
720a45db
7032caa5
b96769a5
cba8416e
75462cd7
693396a1
f698d375
43871463
637a40a5
c936e5e0
25d587e7
b565a173
d499c1d4
03649672
b244795f
c6232087
59292128
bad5fa5d
d3a7d46d
73dc1cf8
4ea45e95
bd1414ea
1763a5fb
93503650
b82ddb9f
13d35060
a3f81a4a
f4b30388
ebc22053
32d3cd7d
049321ec
5ce37cc1
28e406b1
af1d2800
3bef5121
a6e08db0
290cc1f0
581c4ca4
203403b1
9b3c1a0b
d05c0eb2
42881d16
88b5f051
9165c062
4acb66cf
f67fa339
52225d99
39c15fc6
d83d90ae
222f8ac9
4258b3b4
de79bb8b
da8f2fc1
81d95363
fa9b2aee
a1287822
bca08555
cd0a57d0
048798d6
19dbdb08
ae3f6952
01a29ca9
6e91615d
4161b720
53f0af15
4b0a7d87
954be922
7adf8002
60718080
9f04d770
a50b4ae5
2faa0691
c50b1baf
09465ff5
9fc8e827
dcb49c50
519ec883
1e75c93d
a14c453f
737351a1
b868924a
d96d5b8f
22bb46f4
a29ae0cc
1a614b8d
690a9700
8d26c92f
721e460e
a1aba410
0a918747
ddb9a5ef
5892304c
768c242f
df773208
2cc43bd8
546b725a
1e86e589
e14b9923
4991aebd
a49857c6
f0250aba
52a35eb6
c07ac527
608e1bdb
3ed53d7b
52bdaca5
4ae5470b
3a5ac700
67a593af
89d231d9
3419e492
98245bd9
82127cb2
cd48925a
133fd6a2
437700d9
b245f31a
cd18abe6
329b781b
56438c6f
9d687199
dbd221eb
280cd729
00be37da
400a6ee3
bc346270
8f34203b
e34a38c3
4d42bc62
c2aa1a81
58f29733
8d3b5820
6e8481e6
ebaf1682
3964851d
a22d78ef
96e0c659
91f12ca3
bc874cbb
e9ec2676
8a52f91c
7e24132e
03c71228
9ecc801e
6006423e
2abd5526
935918a7
261f3337
fbf8a1cc
a7a0ba70
c3a842f3
b6c8c5f0
b6a93c12
b5117638
c086ca3c
8f397fcd
8d2a0b86
0b329e7a
a9099ccd
fa60d4ad
19388f45
0787d6cd
9c9fc5f0
15d76641
74d0df43
2493d3f0
c8dd85a8
03a1e684
47a7f9f8
97ec6866
1969f907
70b359af
6b792055
60a43c27
5e574a7f
00ab3bca
b9992674
92bd5581
05b552f1
1e4cff2e
9885c1f6
f4a37658
b16afb4a
168429bd
75f69a75
06c7abaa
246c48c8
d82f2639
6a45e260
322dc821
fc1876e4
9c98f15b
2a7a7c02
7cacb35c
97381d58
e76697d8
e67e060a
58d67a07
0cb09003
30844f48
cc811988
c17e17d1
31ee64dc
91b7f585
7b0c97ad
c8f4762b
559b62b1
167625d2
295b2cf6
70b58701
b24de3c6
04eb2fbc
1cb5371c
d06087b9
9ade9942
c3790d89
36b5d623
921eca82
18d06479
56822542
563f98ba
4c8a3720
b0a3238d
51348112
ab47517a
3da3341a
a6c52261
89fcb159
dc1b1326
91058e96
324762ab
0086b3cc
503bae72
3c699252
69c25270
6c441af8
39f0b498
08b45861
35689d78
b49844c8
4e048acc
902671fa
7de0de33
46bef666
15feb490
bfd20735
d109d0bd
49c70c8c
c97176bf
2136ec7d
eaea650a
8ae10ccb
520f9171
52a62505
c919b837
22329711
b473b394
0a673d8f
e74c1a42
a6c4bad8
018a9e2d
4bb54881
c6fd79b2
682890bc
713ae865
167a1c92
70399d92
f48675e3
15d96250
2e4400c9
d15a3a90
5aa63304
3ed0de13
32c209fa
b0fbc901
caa1efbc
f9a60c83
ebf9cfd1
6a22c787
54982a69
0b2b1885
9b11b151
f601d0d4
b022b246
c2ec3708
62a4d7e1
1458a2e4
b57bc374
d90b806b
1c2c45c6
a1a91418
e6c4960e
50cd4c4c
6325506d
3d3e67c1
054010d5
c9eb6a18
a40670f2
2cbc2ab3
9db68223
ab02e435
d62e6b74
040a813c
e965a40f
7cda12f2
ab810e3e
8866f3a2
094882aa
b4389f56
49698b79
a83c5382
34534c0d
4fac2035
61d121d3
95442594
a63511cf
12555e82
ccdc0c78
512af420
34873f93
5ef88f92
01912301
5eb9c1d1
a413f9af
60875c0a
6f170c56
3692dc0f
12a09f07
01877e00
1b964e40
9ea1bb71
ab98e8b7
f394fd0c
996a0eb9
ff42cdc6
80a193b6
5da7a73e
4727cf4d
5d8177bd
a80b3c38
6065d37d
b16a449c
50df3a97
5f73f746
fa7e97fb
41ae001f
88db15e0
97868329
6c3f9fe5
dbb19fc6
c2499f13
8e7b5cad
a28f0392
5a5cf174
b023dda8
8d66638a
2541d8be
65860f3e
02bd62f3
e02404c4
ffe28cce
c0a499a3
af431862
3069f378
4fc5f5df
5415490e
a08f1136
9776c99e
80cf8e35
d361c37e
ff6118ad
a5716a10
5b7a4361
9cb96b4e
6892d9e1
f614f4bd
f12a4016
fc7e78a3
c6e8ded6
d9464b20
2daefd37
02da5025
9ea7662c
61bddc58
1a1534cd
8e5256ed
99965500
37f23c93
dae8872e
894ca730
cd727c76
d9f65d70
9fa08d97
ba77a64a
bb82458d
26a19e45
d358661a
e25eedeb
d381c278
b6e9bd3d
3f39586e
1492b42d
e77067e1
0c335d44
401d287a
1e20f1b6
9cd910a1
f27cbd1b
733ce83c
ece1fe08
cd36923c
dc7b53cf
6b923d7c
21a58e5c
ac334010
035c45d2
94af7ad5
2321a99a
81afe360
4d55e142
b2506627
1b80a79b
3497a577
52afe86f
e8f95681
7e3f8a4c
673a3155
71c5b00e
4e814a69
6d3cc00e
375572fa
76c097f3
e1f61f44
12cd58d0
b4d70fca
3949e611
97aaa0ce
22787be9
cc681be5
8ee36332
852e16b1
a8646f17
58b7479b
bf3e96fd
f4bcf3a9
08422dd8
3e2ab1fd
955d313c
d395efc4
9c4aa592
9f658aee
ecbe193f
fea2cdf7
40fa5f4b
f3ddcec4
ac3a1e4f
397dddfb
48dd0715
4f12720f
07e0944b
a1e8643f
9e1087f2
e92c098a
6ba8faff
a12978a9
3cdb1460
6517e5e0
3d2da469
b0eadc61
2421c466
8b326561
bec9030c
656df8e8
0ff422b8
cfdf7c64
1fd5766c
a503733d
a50efee5
146d375d
b4e0a541
5397b302
99b30845
3d3f10ab
8632a8a8
7cff601b
4255e7ce
69b37fd6
41ce11b5
e8315019
6e942991
ffe25326
3c328c45
7f5fdf07
b49838ee
e982232b
2f4dfb0c
aa31fb84
809a0221
a162ed67
fe8b9286
c7985e14
0fb4721a
5227c0a8
360c99ce
4f698a0c
82985669
b1da5b65
119ba2b0
cce7da13
1ea34875
69a97460
99428193
ccf10493
354a6e12
a1d925b5
ee06cab5
dc140e91
4c22c77d
a77da01d
3fd58c0e
da8de9f9
bc994a24
2c88a75f
be55d8a7
03ede1cb
9f1402d9
b6fbf438
fdfcef2d
f010aa40
8589b150
5b2323cf
6b1d512f
84bd9161
e49ece9d
1e2025fe
340de0ab
13f82e47
00000079
00000003
0000002a
00000005
0000005c
00000003
00000660
00000300
00000000
00000020
00000000
00000000
2f01e2f6
7b7f0960
4e7b071b
655a8071
73fec558
c1759c4f
1137a523
7aa63847
6bf2c235
95a16876
a7a93b8c
81527c02
8c1ed407
70f53d1b
838cf3c7
ce91d71e
d61427cc
acc4b452
792ab197
37659114
b0f92926
88731ae9
e3ba045b
28f3dab2
3aa8d45a
d451aaea
010c3e02
dac308ae
4100b070
ce93997c
ddbaa4b5
20b42823
b625c7a5
8177a5da
a85c0b10
208c37b6
1b47b399
7a2e415b
9afc1c95
cc845cca
95951bcb
8f4c6871
ea37f22e
f2451224
7d81e858
7ac5e905
99bd98db
31ba368b
cb5e9915
81939a55
1e8897c4
1814f208
74498423
1d380bc2
63b645da
705c2e74
0b076416
4c6c63b7
8cd93140
0d27eb57
4f42a65d
76fca7f0
47c65d61
c3a20886
753e10ca
753b7735
70567429
d3742d27
95baeec7
14b02770
9c4f4555
8f4a54b7
bbbee3cc
712135f4
2f515e6c
6b507b79
1796ad70
30abf565
fa389755
85a59d75
ba644054
6486425e
fb8dced2
c4219d84
119d746b
ec034ff0
339bb88c
a95b02e1
d5786df9
6acaf449
6b1bc056
75c98404
5312761b
5333c2d8
77534a06
48915787
2cc11bc8
17f39f68
8b7a61ad
c678014b
0cc89d83
40591f31
b691aa81
9683344a
5f3302a4
b67114f3
b9200ab8
28462d8f
131df8d0
ac318332
ae14c3c5
c012677d
b90b2073
c6d1159e
cb0b4334
c90782e1
6f38d62f
c3b666b6
c30daf39
542179c5
387d353b
38221b75
02810608
6757a977
42077462
825af2cb
d3722442
bb7c73a6
2440c9b7
a32183bb
87a32c38
6cb0fc54
b41552b5
f03c6670
39f0da48
d9c224c6
c5106eb3
38a5056b
93991d00
47dcb7da
b47bac4b
2dcbf2e2
b8633531
cbd175a4
141c9114
0a568607
34c4225f
daa885da
92b3bf85
51f5cbb0
c7899ae2
c2057e4a
9fdccd46
78c0dbbd
cc704728
a8d47681
712fd35d
d18bc203
9ac5e8a2
c81fb5cf
f419b1b8
10c9a761
c21d8bc2
629ba6d4
82e93393
962d09fe
c779bb32
88fb5a42
773aec96
538ea4e2
08b1b246
b3c64bdb
5ce64356
61da6d9d
7b50b5f1
797ba9ec
c2423f3c
eecbc1c0
f2fc162b
b6c6c9b4
86381565
8167b395
9196174f
4587653e
8acdcb14
8e856cc6
9a271a32
27ee152b
0547c509
442f4695
c092cf4c
9689b2a4
5a2a5109
f21a6345
04fbcf5f
1aa8274c
00630442
96572d4e
0ecfb5e6
a7ea3c8a
2deb5457
3b100060
fa0ecf75
76e3f22a
de5cd4dd
42d4c875
afb4157a
06a38a3b
d4143ce2
93c7ef62
7d5dd0ce
fc722658
be13453a
0149a874
495aca36
bf5ac5be
693b9a5f
c82c72ba
406a517a
0e9122f7
15a847dc
843a9d69
ed3c46e2
ca069833
be1a774f
bcc33a8a
15e91825
5ae28d89
0bb1e343
11777a93
98d5d639
82969839
8704be19
08bb8cc6
25b21091
473c7bf5
82654b3b
a8631c8d
cc8f0895
757349ac
a080bad6
98ec35ac
3ca02d6d
606e1c1c
96112c52
a9750490
6919a423
50f52626
402104b3
28882660
054f969a
84c1a06d
19b78835
d3bd4530
b79a1c4a
ef4043d0
569202d8
a921e56b
b34216ed
a605943a
74750b27
3260b938
801255b0
008ca2b2
ed6c7bd9
b5239859
8a220338
a459372d
4b554821
3945ea75
8797e943
f0e0af06
7fb3b201
1580c545
54d63394
58b911bd
2600d03a
85cc65a1
a8acfc88
a0043b4c
93dc9ee9
8f7b89b0
f1150124
2c49cb70
4728497a
773fcc3e
1b8c25b4
81e709c9
5539744d
586e0c46
72122ea9
e0a018fe
35ff3e19
3a5a53a6
b4b8f71d
7cab4ac9
59289567
4c5498ae
d00e7f66
ae339154
0547eac1
8753ccf5
034bf105
89c8228f
45385f27
21142379
de4b74d7
14e40344
66fa6c2f
4f842033
ecfb1d32
a7651e99
30129b19
b741b5a4
a9a3626c
8aabb0a1
31a1690c
8eb4097c
4a078516
a2f71410
75da7700
240154a3
aa0431b2
3ceb0e53
9a4b0041
fc249bfa
5d98d939
a90621cc
b0832c01
038b0bb4
11a2859f
33f2345a
18f4c47e
678bd554
2a04b200
02843203
b3cb7527
f4f40e72
62d113c4
458f154e
797b39e2
4c01804d
fbae86ab
c37d7af2
4df1d557
d26649d6
60a90233
1c9b1702
f888da83
96f95629
5a70e6b6
89acf56e
266727b9
38220ba5
6b880ba6
321806da
bb12286c
b178bb06
91605162
b832ef97
e24d93b6
657503cc
6df580ab
15a3f262
17dd3d6b
8218bf05
ff0fe699
221478e4
02c0673c
227ad5ba
647bca49
1c4aef14
984eb944
c37a5ecb
09c4a21e
94acd461
e2ca3648
5f549d4f
6254730d
f7b909f5
a9db1001
08a590de
5b1c478b
1b41d355
cc939c1b
2548dad2
7fda450a
7f648c03
89a2fd7f
f0c68d4f
f44aa79d
050901fb
ea34343b
4fee2d1f
f67a8dbb
c5e3533d
ac996c12
9505f864
e798c95e
2f47ee68
a040c790
f53a96e3
7ee98c2c
889279a6
105f66e9
24cae561
5161b05f
3d3407a3
eac754a8
25e31a28
b9a0ddc2
56449abf
598802ca
70a5d1d8
c89f1cc8
7f32516a
35e8e20f
5ba726ec
a76ccd73
62aae08c
9615b1e0
606a1758
cee3cf5c
ec374962
9f1aa7b6
72b34af2
e7a36429
7b2aba0f
a9a6c08b
0a1ca223
9704b12e
e2b8933f
5fcb989c
8fd5eacd
039f6bbd
7bb19b5a
ee856260
4b94a657
57c78e13
1dbc378b
9e8fee84
8f15b47a
95478794
f85a60a8
c2169bad
1b64f38a
e8092a11
b1d38d6f
bb724518
5146e675
dcd5aff4
45f5cdb3
62516f01
f4899224
34753102
3f4b8d92
15b5880e
07d942c6
56efc4b3
68efa743
d1180225
1371964e
6c8a54c4
37bbdfa9
18475df2
e9bd0407
6f689ae5
26151467
f71296f6
c0b8f717
e3ba2d5c
69acc9dc
81af540d
6fb633d0
9240ecf0
58c7603e
81215737
42f92c9c
ac075bc1
0a1f31a4
65360c4b
4c82a8be
26283dcf
72b4f168
c616a16b
31cf444b
ac0d1ff4
f67185b4
3a3d903a
fc8e15ef
1bab25d5
d4b4c8ff
c8161d98
3ca87748
0b60b59a
d33703aa
cef7de42
b7bd06b0
5d6015ac
651c92b4
2ebdf9ff
89f68746
52cfcc8e
d0681e0d
e5a90df2
e752f3ca
c9a3f49e
9c156d30
f1b94889
39cf5350
cecc064f
b902c67f
259680c4
57b41ed7
3fa2cee8
fa57f778
54ea6238
ea109181
1887202a
84679f87
0ff170be
df51c698
344156a5
fe4efeaa
a69137db
8469b49e
7b4e0844
99ea3f9f
af420558
f32ac139
c826b1b5
4e9d807b
f16ed070
4a5139fe
8b22b73e
89ef5eb4
abc7197f
d180e4e8
853a1561
f464805e
2ea5571d
25f706fb
8f1b2cdc
0b84138b
60669c6b
7494596f
e84655df
f996a520
7033661e
895bd29f
f5e84212
fbd56ba7
677bc35a
d217a1a3
61055e0f
29081b6b
943a87fb
331aeabf
9cea8d51
552407b1
7f53a42e
0119ed8b
563bdc64
9a79e8f3
ecf2e6c4
2734b421
27617dd7
b27eb93c
0d7ffa34
c9740198
98eff490
d895ce83
8ac5e557
e9088bec
d24bc6c1
419e049c
61f14a25
86aa9272
3d0f27e8
c2431ed3
aa677e34
b4f9ea4f
3793ab0d
5d0f6028
a791cccc
040a13f7
db2fbab8
d45bebbb
25d4e13e
e5d0b438
87c20c54
2cde2449
be888b60
952f17d6
25fc3615
9c70551a
67975431
2865e43a
1822ce7e
aa5c44c9
0000007a
00000003
0000002a
00000005
0000005d
00000003
00000660
00000300
00000000
00000020
00000000
00000000
c458a008
8479b9e4
ac33fa38
72bbbb0d
924f02f4
7290149b
e88fd69f
97280bd8
b1993f41
bab882e0
29f37e16
1f5872cc
1e68ecdd
16546bb6
b75ab820
838e2125
ab9b9374
7e42cdcc
f64df25c
467bca8c
bbdae33f
8baa324a
6752a567
c4b59d0a
807a056f
042d51c9
9c5683be
5c769665
034493d2
b0cacd29
25a0b152
e23a0349
46723e05
785825b6
f3e49f85
468b7a85
e52b94e8
82ce8075
3dd0aa09
1d2d26f4
625f643c
ce6ceac4
55c0b4fc
14cc9519
b3b86f61
5286f4ab
a82029ac
959633c8
7295bc5e
774a315b
7bdbcf78
50ba3b6c
b8c6c560
8f174ec4
2ec0a46e
95f63fcb
a7702029
54306667
c6ef2c93
a60a7b20
e3c6dcb0
835fc3b0
328b2d04
7064c17a
c768433c
43429b8c
2c8b8608
e9e738d6
58c303a8
7e8c3510
b4a86582
a45c30af
90cd1ccc
63ef59f8
a6a35472
261d71bc
605b7c8b
20a77eb2
3346117a
78f20ae9
90403322
ccb132f0
109f818a
8548c83e
38868948
0b886c2a
5f245f20
905a4bc8
f4a5154a
a9ca2c1c
e67c826b
550b7f93
60546a2d
025b4467
30ad43ba
6d126421
f0ca7746
b08c9a80
4b1692a9
b15e9a49
3ce81829
0648b128
2a1b293c
767668a9
5f23e98a
80c39234
61d54482
6939af25
d71e56e7
617f0600
594c8583
e885e44f
426ea9a5
2424b16a
c7a71917
6c610687
1738ff21
b740b6da
76a31a49
7a57fa5a
4ab9d8df
050e8f01
8637373e
466b37dc
da4583f8
4256b517
f09e6619
0505a43c
8c34d8a5
7c03f637
aafc6133
4d2af90a
74bbf1ee
22497b67
27136a16
cc61b535
b9d09687
4335d290
4e3d8637
f8a876a0
0d12240c
f72428fa
20a46f17
7c97e30f
c444750a
a2f27c37
a2e90501
2d10272e
38b8a053
4b894862
509163b2
86677c3b
59409948
493c670b
40a37ea1
385b4814
151bf236
d8560539
09a54a96
c10e9a4a
0436c6b2
4b45b350
eeba50ed
9527c064
0bbcfd98
812344d4
72782b38
5de2126b
cfc09010
74783088
93ec400a
d79c77c6
eafc57b0
015400cc
39cf68f5
c5987d18
78054077
7b658256
08f68429
bb35d334
cf8492c7
d5704e55
6bc89962
2c45bb20
0ad410a4
85419282
0271f1b7
671e9450
cfc5cdaf
f8a4dcbf
0a665527
2b083d6d
5d317125
5a0aabdc
7de60a36
485dea6f
ec8e49a4
b3d8f65b
d6239600
451e80d2
30684606
05951465
0cfba322
31629fd0
b2a5dcf6
d4096270
47f882b9
c6a70139
328010c9
7133b576
707069e0
51004c1c
c7c1fa7d
5c4b9208
952f3ed3
9b470a51
948953f1
f2955f7c
9902d969
9c6af525
c1f96370
ab0b55b3
d60e32a9
48ed8b28
9fc0693b
5e96314f
74ac0ed0
4246d5aa
ff775c94
ec0b1211
bf8413a6
9eae9839
d4ed3268
c32ad7cc
8ab6a7d6
a0c06c80
3153ed70
2c83f407
805465f1
1a24807c
928831a8
6cf37b89
90e0fc04
332f2520
da8d1d71
b6d92aa2
79cc7397
99192c10
59f02544
e629e83b
a08268c4
74c1cc23
59823a07
0c8c6556
83740e9b
dac38880
980f4e39
77aa6269
e93eb406
b09104b0
5ff1c675
3c5cb613
b6f450f9
9ed4e826
234be15f
a82f34a6
3753216a
ff8353c8
47d6cdc6
d0078bb9
6d19bbfb
a1a94c50
02a5b2b8
83981945
8995741c
c774cc21
a4607922
c630a092
30a2f66b
e3b10669
93604891
5ad8ed60
14188268
77c668c6
65993a46
413f28db
87e36110
cfdc877c
825d3bcf
c5d85ebb
1da7ef34
3922a21e
54d92f41
9e01d1a4
cfa96899
05f52af9
1d150d85
d96326d2
578b0aeb
92936468
42944cbc
4b892b39
aef5f406
1b28d50e
d70d52fb
c9b6611f
f1b131dc
a59987a2
65bbd570
a69ee95f
b8b4b7e9
cdcb3b7a
0eb23573
3b3866ba
c7354a0b
7724fa41
c3484329
1d5a937b
77bcbb8e
7c73a073
2500e123
5b2e0308
b173c092
4479b86c
0d5fe039
b6c9c638
aec7f942
6010593f
52c499f0
87e5fd93
ef7b1cd4
59213634
61978d53
bc5b9bef
84704b88
35d9885e
606ad29c
63b08c50
6d88f43e
059f341c
51fe3281
9f278c73
6fbc7753
760940d2
bd1bc97c
24a2a97e
c59d24a1
381c1d6c
bd4824af
15a83163
cca19d38
e539f6b0
3c7949f5
2094e858
23359014
15e227b9
cea0012f
22024198
b4db81b1
54f56a1b
b20b75f0
c8632ee7
c3fb7a85
7148a5ae
56b68a95
5344e63d
1c67a282
e87733ea
8adb0798
d25e93d1
f1b0852c
5dfa0574
ddbd290c
d53f5868
8351dec7
2d8d1b9d
2c991f46
32cb1037
8559d443
1aa30733
b4332191
fa505689
3cfcc713
18c1824e
b91318a4
95251f53
f7c3e6d0
dd0d4c76
fe5655bf
b37d02c0
0a6dfcd9
9c3615e6
1a5404af
e84d3d5b
fb6d72c9
252902ca
765cdd96
59ad5b86
2bdbd98b
ef445e2e
321dc5b9
cffdf34d
17509859
16f0961b
d90a5091
3466205b
abaebda1
8f2fb4b0
69a569a4
702be0a9
68389575
0dd057ed
ca88bfc1
cdc34f44
ca4e91d0
08c6e325
08525fcd
55cce5da
e6475470
11419c76
92b00aae
5b8a0fe6
8348ea65
91495633
b7333354
f37374dc
a3c4fe59
7ff4f5f6
d972b99f
767d8f97
e6707692
5edfe405
0e69f185
5f9a9c8b
a9da0d82
7626638f
acaddffb
60a5e648
89a247c2
a728a4c8
e30b3cba
b7b0ac7b
c7b65b59
020d6345
293b7dfa
0e10929f
094ef3ed
2c2be1ad
7480b3f3
f9d3ebb1
c866384c
88307fc0
5c75967d
43611258
e4027086
376db957
269f1103
889a0e34
7ebef6ad
53251220
a118293d
6cfbb5dd
e258a3b2
e1cf4810
171bc01f
935bf2b9
8d19b3d3
1c1a6a9f
bd338d93
936644f6
076f73df
5ef9b942
ecf8029f
322cb91c
043680f5
712525fb
d5429059
14b644c1
ce9fc9b2
e3adc1eb
b29a1094
f1e22a2a
962763b6
eb7b9fd4
fc2a16a1
ca36c759
b65c1751
73934b2c
31b9b315
3e595479
a8407c13
41bb3fe2
f8e5a92b
12635660
16927a5b
fdb96919
23054ef1
ec42f8d2
70c1766b
6c482115
55d08a95
7494f88a
babf3691
7c83d6c6
9e8febed
9eb83440
d61bd60d
a24b4957
96dbc0e7
4986a940
a7e2729c
ff5c9572
6a69ac2e
4909b0f9
bf973859
10df0a4a
0f8c698d
ee546b3c
9205d894
1c217d97
2df4e88a
c958f491
a1eff1f2
47cc5432
572fb4d2
ccefc339
8c010866
878c3a5e
787d8e5a
e8fe5e55
229e53ef
97100c79
d3b71e9d
95da9e55
b077da6d
1d494f6c
008d036d
f9cf9390
4ed772db
27e1984d
15b10875
eed088fc
575e76bf
f9236627
036b5cf9
0ef2192a
67c88161
68d88ca4
1f9d7e9b
74f159ea
5f017b85
730171fb
90f13dbb
20fa0c98
fd20b9e0
d44444fa
43efb334
5044aaba
eeb3dcac
6ef07ebe
5de7e7b0
ce8d3b07
9d67903c
e6edf668
858852b3
b9b9a84d
d60b5be4
761aca46
4f519086
55b39056
de19f991
808b7552
6b6a2f7b
75ca302d
41a729b2
5051d64a
4106b629
8e639e8c
4d71ed3a
ea0b6405
9f2c37bd
34942e01
afc81dcf
babf3081
18ed7208
7dfe6f18
4b0049cd
bd0670fb
e15bcde1
da772541
551a29da
ab4d96fa
066c4252
0a47486d
a64cb57d
86f68ea7
047dfc67
c66d1431
986d09b7
9c376aee
0000007b
00000003
0000002a
00000005
0000005e
00000003
00000660
00000300
00000000
00000020
00000000
00000000
5077a03c
c1c4a9ac
41fc521e
909da378
2ca0b8a5
8ee2fea6
12bec864
1bca9895
48340760
b9c9dcc6
380830a5
9021013c
6cab6c44
b30596c9
81ba92ae
5624a974
d77746c5
7511dc78
a1ce765d
c4ad8f68
35071c47
0c287c16
88340c41
bc134951
3d8f6a0f
db190cd3
2503b7c9
7f6dab7a
588da644
0604a44e
4b687c42
f323b5e2
3465ce52
c88d1224
68969739
3f0c6459
476041ef
d90b049b
c8f00a81
555eb5af
3aa8471b
48aa082d
92a64813
2a7a6c03
c140800a
cf504027
d9b43b7a
0b78ee1c
442325f0
8cac49b2
af20eb9b
97ab17cf
8cca42f8
5b562f7e
bfaea170
91ec33f0
a75c2165
582cc3a7
231716d0
6406d871
4c103586
34253a2a
0b375d18
3f4761f8
739f72cc
bb68e1a1
ec77b5b4
bc0f762b
40e1961e
ba7c3bf8
6c6992ea
043cd1a9
588e50df
d7cd2e03
122b3731
013ce9bd
5baa0c86
0437e134
b86e0af6
f68bc291
caf50857
07639575
30fdaf9b
ca7433b2
f5788ce9
649d9c24
29a3ecb7
b82171e1
5b9da035
aa22ef18
359b52d4
79817ada
2043fd5d
d70f8b7f
d72e5252
8753ea53
bdc04813
560f381b
59408815
aa3e6606
a3c733e4
cf41bd3f
f6ae41e0
b9119e4a
7fc9d24c
b38421da
706d5bc8
6046c47b
62bd5abe
8ad5cbbc
8f936580
568aa7ef
a79419c0
2c383c96
ed69a711
194164b4
13b09d10
901e538c
ac056c12
85a43992
3b1cc8bc
86549a86
742b2c22
9315b612
51d25d52
25ac8d5d
dace9afe
58869a06
62e1af46
f2acc808
27989191
5bf5da43
78460c84
a4608879
60d5a291
5a113374
b9710438
0d463c00
673f617c
d41a2da5
822ce1b7
ccb61199
0c3bcd57
89399db0
9325773a
81170001
a04ba1ac
16039262
a24743d0
bc1cc341
50401514
505b5e48
a19342c8
db8d699b
450f251b
857083a7
288bdb7b
a47c31bc
1ec6935e
b97ef349
249b6a56
62190260
db5939db
6168bb0c
cca41b1a
5f749971
b7e14b04
7e334d78
70143761
4a04bf45
aa90fc8a
d7c3d513
9baf31ba
b443ae0e
823d433b
c2e14805
c178bd85
b778fc82
864d2d75
4cd47768
0081cbb3
81da8474
1b879d38
ac03978d
e35e3fd0
b3fa5e2e
3bbea22b
f0bbad99
aa86e77a
fac62185
ab987e3a
2aeaba5f
9e70db79
28944239
1b375096
f1984a68
07cd1e15
a968b106
6088a849
98161e64
6ab5cc8b
702032b6
dcdb5e46
8e9bddb5
1a20f283
7990bb47
a5d941c2
c26dd800
7bd0563c
6bb0802b
fe3611cd
340eaa85
7c81783a
4d642812
36425f71
01d29034
3884f59a
20959aab
af8b59c1
78b6c6d1
34acc334
a88b73a3
1b6c710c
f720b6d7
8a108d43
f03a5442
60a88ec1
695c2e96
942693e0
28805693
9543ff0f
ff6c2bd6
ac90824c
1615988c
98343164
5bf822ab
9843076e
4fa7e22f
90135960
b98526a6
d8102b47
90db2b1b
a8ecdd0c
05114371
cccf4b94
a49c286f
342d7702
a42d24eb
8638a27f
856bd46f
583d81c9
657c2d67
498b4a7a
a45cb3c4
cdd19f23
eb173652
610908f3
581ae512
2972fc90
d796ce8a
2a5aec44
9c7cb79a
d2abb2f1
0b14b897
38b631c3
c2cd7e88
a43a459c
d817989d
e1f0be21
cac41754
2651e5dd
69fe5dd7
5bb0ad92
adac08ea
f70ba4e9
31a2fa5e
413b0006
aa6266c0
3cc9cdb7
981e5892
73b98416
01512c0c
ea123078
01652e94
960cffcb
9b0e3361
05b6ca26
3ff23c6e
6b604bf1
99b45127
14c989bf
02c6598e
872682d0
c057e5c7
5c11d09e
244b2765
9f048fbf
b384a455
eb287ea6
5faad84c
e10ba537
d37162f9
c3145b82
0982f070
ea44c928
9817ccb7
777e415c
268f7ec2
4741b20e
1418cc76
7c1b33a9
3250024b
17a71778
019a1698
0655d172
34c2a708
e0f8ba37
3f514284
7e20825b
e6778390
1e036ac7
3b6518fd
9950125a
b6815723
ec24a560
bb9e00c0
467650c4
f72ef8d1
bb3b0ac8
ca19fc54
018bb14c
53fc3222
0b102528
6481fc79
08698342
5a2020ce
e64e7862
a175a024
7c33a2ae
9daa1629
8c017853
b318309b
23755256
93594991
cb062d9c
4234bb71
708b3066
a3ec439a
e1046328
d207abe6
02240e59
63a34858
3a5a72e2
001be297
0455a2b5
94772c7b
bb14268a
9db1c516
b59aa434
32a56a3d
acc18058
513647f0
4bb9a72c
a88c5613
da002a35
5523468c
0bc8f519
277ea705
95766119
1810c627
43f83790
bcf3d62f
61885195
58d00834
b1c1ea53
154f5cd1
c86199c3
722776a7
783a29b8
d85a01e6
3471f970
700753a0
a89856e3
879cc25d
00c18ddf
342c42e4
2c2a6896
0788b464
08538f9b
286556c5
9080d1a8
0affdea6
0a301b29
12c65c77
fb720713
d0131ab3
3a9e38ad
1e462791
aaec331a
a897ae26
adc24ff3
2a9a7271
4f69e94e
b900b888
3c9d40ca
c7edf49c
216f3895
0c972646
90310e94
ee5fcde0
26a12de3
63456b70
d3433de7
18ad1b8a
d6077a21
41eef19c
a61f281c
5d4845b4
348f82a9
2c96c791
07dbd387
d34b438b
3c2b7b9e
08983179
5cd45b22
9454342f
2b74212d
f8599f7d
aca488ed
436b13e3
8671639b
faa0d993
a4e081b1
c7bfc903
c5178e30
255c9df9
92e68fe3
eca8351f
c1a7cf04
be5ddcb0
d402a292
974b47a2
91f0a275
8e531f9e
29ace2f7
6efb9e38
918caeb4
e9d7f7c7
fdb050f4
343c41a7
37dd30d4
eb9ff54f
b2a96c52
5076d139
59318d98
c95d030d
3ea47716
d277f13d
60b59b04
891cc7ea
85156426
8933c82a
ea7b919e
af457a42
97fcf2e9
76581b80
423b8229
9f817099
7f244e74
fc16633c
e6d322b3
9b6c93c3
06f9c1c8
3c3e5c50
3c6ae2f0
dabfac12
d2c1d483
26575e29
0e815dfc
548c450b
bec8937f
56a21f84
5f1d2752
6359d7fe
894e29bd
7da92902
3f3838e1
b3ede8a0
7487be0b
79eca638
e3015e9d
6b2504a1
0c9d6a06
5fff0f6b
6a545299
147638a0
2030456e
6236725f
a5b5a4d8
635f57f8
2bcb4b24
890edf35
0bb99850
0218bba4
9c459e99
2505ea60
9a3e422e
db645d43
17f86703
0b43ba81
1aa3aee0
90fd4095
c0fad514
af94f4ca
85f75fbb
59c3315a
46c2336d
9fcca854
84d3e38f
7e21ca5b
b9d842be
9e9804de
5341a543
042e2e57
3114fe57
238dc68e
e037921a
c340de30
31df4f59
341bfa07
2bccb0fb
456981df
ddc3cee0
f4102c5e
c858d553
469c9b43
0261fb14
c0762637
00dce46b
62657cd5
4c6a8ab4
f016dd4c
c4b5fdcf
1a487734
8ccdd1e7
08b9b71f
5a10f7f8
141a20f2
9967b01e
b3a05f9b
5c8de191
c1e6826a
0451371a
6c42fcb8
ce944659
cc634cdf
8863c196
22c8d66a
d7e18186
614aa4d2
e803918a
085bbb2d
9ec71aa9
56942916
50d39aad
15f37304
0e0aa452
c0c167b2
84e20557
0233f0b2
9b93009e
3ea40cea
9a0aaef9
c73610f7
a6d18e9c
502515e9
ecba3223
8348a858
6f70a3a3
8af18566
e765b5b8
3c20f4fb
fa76d583
cc763567
5b629e7a
8f9b6c3c
0fb989cd
0b488c84
d6bb768d
574b49be
315ca62e
580912c2
350e4b43
260547ef
c975d6b5
b3f4a67b
82467b0e
30c64131
7b49f90d
07815b51
0000007c
00000003
0000002a
00000005
0000005f
00000003
00000660
00000300
00000000
00000020
00000000
00000000
4ba70191
a48eb9d3
95c25225
d3744ad8
a898358a
382bdb44
0abfe7d6
e1353583
614ca622
56cbd348
860f4bc7
b1e6814f
46986615
83f01844
81b66e98
f373fad0
6501ad30
7bc3b2ba
1e406142
58f2a619
04246a6b
fa8db69f
877b6c0b
c07c7fc3
e9a3628c
7b59a1a6
c55cf57f
e73c9a37
e3fa20f6
75bb036f
14500aac
e753ad56
2a6b3db6
4745dab2
c3c127f3
18320c99
3950e77c
e579a234
24c17497
278ca8c9
63304d85
b3294197
14b8481b
b6c83640
cb38b695
214124ff
0bbdad1c
aab55fc0
be2d0b58
bc3c4205
21a72bad
beb6a9ce
6c5e4413
bbe69c9b
c3a6b972
c40f2f50
60001535
336f8ab7
1c603413
cd540dc7
d45da0e6
193c7b87
3d39b05e
894b9998
3b528c82
8e744c3c
32a183d5
c4803232
a176eec5
919c2c6a
644b07da
ace6d64a
6f84e3aa
4a6c294b
502bfc1d
1ea3b2f4
e9130f6a
a764e692
bb381b85
105a46c9
44e6acbc
126be824
92978af7
c594c34c
3a6efb47
24439b23
2e864850
649b9bd8
c6ba1be7
0f4674bb
2a6af571
0029b568
82f5cc4c
b643b9ae
648a0b42
bbdc231a
bb2524f5
e03163bb
31f41739
188b717f
d2cd8564
55336dad
193a30fb
d9ef7cdc
8991661b
291a0593
a66abbc3
40a6d2c0
b6bd8c06
b6e5c9eb
133a4188
09435446
fa947e9b
21079aa9
2853c049
18760058
a5c8750d
d2467255
76983949
66981198
9808f876
0399552a
750082c9
eba8c57d
cb8389b6
5aa69497
f58342bf
1a054e41
45086443
a89009a0
336ebf0a
5b8829a3
830e9368
635cb1d1
c750fab2
b28f9814
54feb240
97c96a4a
aabd52ae
d6487d24
3ab34582
486293db
fc7ecf8b
93e54e10
fb7610d2
437832fa
150a26aa
c96714a1
f586bf92
5599b54b
47596169
88f7a659
4384dca9
89c9b504
e56c5d05
a9f6c764
46829b4a
73ca2066
878ac047
fa0da81c
a406021c
6f87be36
9a376ab9
055f6e32
943c4c07
ff1402a8
01981f55
66a3bf3d
ca7ab21d
96a31a3a
a19a6a98
d56c93ae
88a8570a
82c60abb
dd24749e
67aeb9ca
be1c3b74
1c7512e8
076cc4e8
8943ea41
af082913
32448e9c
5ec2443a
23cc33b4
4b344d04
53c7c655
ef001c00
c175a7db
cbd89825
ec2f4c36
4465c9f0
37995c5a
b7b64c4e
41df86c6
ba04fccc
da362b97
c89ac3c8
650c4729
519f0732
a90a5f96
1173aa4d
901a405c
5455bd70
372a0fc8
751f1363
986b19e8
40e6fe4e
da2195c6
a2be769c
2ab33909
6611150c
08e2c071
238b652e
434456dd
bc8452f0
10920e21
8c2a072f
e0d681e6
651c316e
022117ec
ca73ab43
c025e6a4
fb1bd4ed
da906db3
bc79547e
81880c82
caea36d2
cd96ba2f
2a85606a
72a526b2
66d9f75f
a75ea106
d13aac79
9a09eb7c
f454f225
5992a181
15b323cc
3571f827
87ad6e74
7339b491
dc358107
c26185d8
33bcb231
f2cde40d
50475735
bb15967a
c41a740a
17c08d0a
0d98e603
c72e2855
5b842a0b
2a905d49
5d2028f5
f5011c18
9b4a2a72
dc592694
e2ab90cb
0e44849f
da239745
67522b86
41fa72c9
300d00ae
7aab19b8
9ea100a2
4110a9c6
b75b3f30
4e91644a
7a186202
18b80821
459bcc4d
3cc92b09
f1c758e7
cae50b63
8f7cdc82
d174743b
958bf21a
8a0896d9
79309133
12c38541
49382651
454806c0
165744be
5507d1ba
f9399470
a10c9278
cca2773a
a96c1562
941ac871
5d21593d
160d6c54
00656579
d42d82b4
d1282e78
88c272af
15cc4467
24575b79
998b8b08
c863e7a0
cb5186c1
4bfce76d
d260ab58
d12d5da8
061bedb8
ef9353dd
0cfeb51b
c2286167
7a8c9c29
598c2384
534975ac
2eb86698
22d03776
0212ea40
07ba3357
6056b3bc
2b7a0081
a3937416
509d2e9c
0cf0a3a1
684d5469
7ba7a49a
c16b5881
16a1b061
a90ac77a
07414559
40a3397f
13ee2c54
cf9a4268
e1ac052a
b2e4c464
010ae5b0
512b5bd7
85c1a65a
82189f9b
a3a503c8
42503559
ab5b32c3
9d38f835
2b925ea7
3eb22081
b4be163b
b90e2e2c
b903bfac
9140f1ad
87128d95
a575e089
87586614
e46372d8
257cc0ca
d42f09c9
e8630ce0
c5561b42
f05b67c3
62f31219
051950c2
853d3afe
6a685f54
5578be06
28ab9920
f7760d8b
59fccd66
4a61db05
ec853198
69f30c1f
599448a9
d4048672
1e952416
32b7c6f7
85300e2a
6b21c50a
0e3cb7ca
235c264b
9fc2afb7
94b3ba7c
282f105b
af0a4a1c
0b632bc0
c0278563
5d48dcc4
2958d148
b0ff6ff3
1cb6a31a
1e7a4039
31f1c065
0276d78a
29ce52ef
8de4a345
a17f3fa0
a62e9f3d
e905b184
59a175e5
ac98a926
7c5086f3
857d3e0d
aee4808e
c4245e27
f010783a
d758671d
68fdab30
bc21c73c
0bcc0013
7ea7deee
6bf828a2
e52ec3ff
65a7fa2f
65c7b34e
dff855ae
84da9a45
10ed3dfa
30b6d6ef
f6732719
b5c48a56
67517c3c
f970fdd3
48d3fba6
9c4d9622
fb6e07c7
11e8eb31
f89610bd
d807a703
4476c666
561a5a1b
0038ce5c
e90e40aa
bd08023f
7994bb10
3c204416
442aba1e
a3c548f1
8d48f518
4f0d1e4a
e9f73e48
b6a6a620
b82af835
4d2dcd55
0d6e7d31
e752eca8
bed581e8
2b464cfd
ceb3a27d
dc3cd93b
d9f9a1da
357b977f
29d4c950
0b7d3348
0a220a1d
2f7a0416
8336a707
fcc10cae
0ea7beaa
0121ea8c
6f9b3933
a7d211e7
3093f88d
1d55a980
e8b9cb70
148120c5
0b97a201
28e89b3f
7fcf2262
5441519f
fbe38de4
736c1294
bacf283a
70cee8ad
bf0b7b3c
093fd30e
68dadd0d
bcf8a3a3
91d52d80
a7b8ec1d
d198a0e6
ff4f20d4
873c2708
8dddad76
a4b6c24c
fda51e80
151e1719
f3a8964e
901e73f5
6fbd744f
bf85942b
4263ca97
5f4ebefa
44d40156
f4a66128
53502a6f
5ed21156
14a3afdf
416904d1
31eebb41
82b871c7
9f72df66
febbfe72
eb612c74
c25b4c86
2f9a9325
b2442ffc
302e3413
d90f7386
267127aa
b6b65d2e
ff9f080b
e22eb6dd
ecd530ac
2f36a15b
9170f95c
671a4b3f
fa8d8257
f245f486
6c460475
c541dc32
b3c22743
75d2c840
39ed65e4
33212923
bd6d54ab
03ce8f20
aee0a895
55243186
e511a71a
b73f20ec
3a0b2656
8f4e8126
f3607a6c
18863535
53da592c
910f5e4a
780d9dcc
6054d5c1
4685d0c7
a8945480
773cede4
d3f3321f
9156954a
228d1f9c
76fbd09b
fe8f4781
953d3f14
125c8fc4
300ba5f9
2478b2d6
ac8611dd
3f7175d1
c5e6911c
8e5e3a67
6c8cb879
caa49c6a
0e33bc29
13c4371c
24da4239
96799703
23b02e7e
22e5cafe
acc91132
021f867f
48a6b8d4
ce2d0912
2d59bf98
1a6c6de7
752c6039
d9bf0129
64eb3e08
2c1edc67
776597d9
3c495165
9649329f
4af4adf0
ce96e527
234cf70f
507aaa61
14857c57
856c3fd2
9e962a25
ceb54054
c4f7cd47
c89a5f5e
56836e99
5678dcd3
61d0540c
a47ec23c
773ec0ad
24388c47
aa1eb8fe
e0923f0e
32cadc7b
6980a89a
f0b9d453
16b38e81
d003dc01
f3e1b221
25042f15
aa7d6bf8
e3676dcd
7282ad40
83e1bf6a
c86d0c4a
2db239b9
f67a7d2a
5fc4192c
7a7900ae
0000007d
00000003
0000002a
0000000a
00000088
00000006
00000660
00000000
00000000
00000000
00000000
00000000
7a7e23c7
f358c6eb
5a8c1005
1a598756
8471bdeb
4b37a5c3
42344688
12521507
330ca88d
8d4837ee
30c1237b
8873b08a
9f2356c6
22f04ad9
6ad9d927
e444604a
82a8c0a4
76a6645e
71b6356e
14f2a807
b9348985
bf372725
58fa137a
18418287
c5ba174e
ab2d6759
1a07394f
6ea8d0ad
3960b2b3
087a0141
c6c894de
08b71038
65d28dca
1e22f699
fafb022a
a66bfbb1
b353c56c
9065560a
45727044
851650f6
14fbc470
b0612338
ff31bb55
ca61a950
1f07f49e
842c301d
c0e86294
92b5b6ac
f78a8c51
8a2223e6
1d1bea47
8b5b1ad4
99566ff0
a7a60984
081286f5
797ba32b
450a266c
8c4310d2
80162d44
a18beda1
e8be99a3
f15fc228
7a98532d
f293a9bb
9c5c6589
63288047
8d5d564a
e1b30573
67b6bc7e
0b1c9070
eb165fd8
a829db41
196b9b40
28c80b31
0657b28b
f94f7128
a9b87801
6ebb12ca
8fa8c323
e7c60a70
1fdc4085
64c2192a
49acbf61
60e1c190
b8cda8e2
43ffca90
75b4766d
4ec27044
c8202e26
26d7a620
67232bd0
e23d54d5
2a1a0c61
cb3af1a6
d6c75921
35a12675
ac31f18e
73be3983
35c45151
27034375
90049ec0
67742ab7
80a00164
1c5868b5
ce33b079
281b677b
1cfa1bfb
95523e56
b16d8b7d
2a9daad1
12233976
60a98728
2b9a9db3
33b0116a
298976af
ba7ba0f7
baa41c4b
9a604aa5
26d597ac
931203c2
37498b6d
60819854
946280c1
a5a1d903
96c60bfc
0ce4986e
c1258c44
94de3ed3
723894c5
a4aaa079
8781325a
655baab3
83c8ac0c
bc0b59d6
69a363b5
556b8682
a9e75fd0
62e3bb57
5316849a
968b5a21
69b5e673
021c4a23
9b4b91e1
5debb968
1f660a7f
95cb10a1
0dbb6198
65c218f5
1ad72aa9
a4cc4c2f
7632f9c8
89a85295
70361230
ada6e96f
251e0076
5aeaa29f
a53cf3f6
c39a8316
0788b33e
6e799934
13ce40f1
85b99048
db46d832
8430b838
1f009ec8
5eb6d6c0
07f48ce7
0dd4594e
cb2e2187
f362004b
0b91ba65
87c3088d
894243f2
6f11537b
4a7a01e6
c814b174
6e011574
d0c67928
59300bdc
337321a7
0e4a1524
a8e57af5
722cb97e
c5655850
90551dcb
86f3ac14
489df703
44682f54
540a1acd
a6919b73
ccc2cc9c
6a5233a4
e2b4038c
b0a4025b
45443f04
8333db7f
c1beb686
87f18649
221901d5
a1a95046
1ddb62c0
463813e3
49508ca2
80532585
8199ba01
48c8ae42
aae4e9ab
f3b39367
698f4ea3
294bb06a
7649d938
3189b75b
a1508f5e
082386e0
e2df560c
2267cc9d
0252b3f2
b5509a0b
02689584
df9fd5dd
b15ec448
7bfa6d5e
847e0938
34eaa19b
aac7a53a
e28c3355
c93c5ada
797566c9
34c27cf9
d0c176eb
48294e6e
eb3b7bdb
4c677239
1253f782
b05a3785
b08ca30c
ab54fa6f
15a66026
86e37ab7
6a223c33
293e7c55
ac304d98
c1eadebc
7fa27b8f
ea2372b7
94677482
20aa3500
87ad1724
4d70fc8d
9cb32144
0b11315a
7e3b69c8
a4b3daac
504fb741
9d682911
07452af4
633e70f9
3dab559a
1c24d963
68e03bd5
66bb5d09
1196d7fd
81421904
c4ba278e
267bdce4
1a7bb3e1
c9b6e595
75799af2
1ae56590
beea88a3
ac9af235
430cba68
1d312039
150c2529
971db1e3
1f908284
c67720f0
1cbc71c8
206a2378
441a88c7
6784bc51
7d2bf9af
651b5569
6cf18408
38868eb7
190e2aa1
d35f0014
945c3c6b
d065870d
07264886
09acdb2c
c70e6767
cc9a117b
c5d54b07
1857cb2a
c7799d5c
9be9bc87
e9ac8b95
28334794
1c090c36
be7afc74
b6c1c454
4863c2ba
56af7b5d
d738cdc6
38707dcc
bdb03160
29ba28d7
9686fd6b
2b0cd4ef
f73f22a1
5c1435b4
6b6f8353
e4f6946a
3335a736
f06ccb01
5342b588
949019af
5b49f946
8af79de7
ae2775ba
cd5101c7
31de9057
6416855f
4352b153
449eab89
cf36d0c5
af84a1c6
92351ad8
9df3408f
3cae6721
e4636a7c
98c6323f
202748f1
a88ca91a
a9a18065
c8712000
a63d5c85
35c01c99
14babb88
43737e45
6ba585cd
c51f30f0
fb59c776
51816a3a
a8c0d2b3
f23aa64b
aa78609f
7b786319
d4e9a1f8
665b7450
963110ff
e4b280a1
3f938a8a
25ad4210
21ba91d0
210a7267
25995342
cb4a4663
655a5758
917f649d
f43a79b8
1c605976
a9a20018
e11d1e19
30dcf9a3
7801097a
fc66b2c4
22687137
21a75bff
709b5f26
70583692
834059e0
e8772c19
412b7727
84ae7243
c2dda5a3
c227ad06
47ac6811
e1e411d8
c8500f9f
8383c77f
86db9ba8
8e3431a1
2f8bd492
c37ff2c9
23b575b5
42849946
8e97e6f3
34235268
8edf029d
7561e4c3
012f6764
5fbbc9dc
677aa540
12186229
fd071d87
574293e1
2ebf8644
0b8708d0
c5dcf1eb
7ff7cb1f
7ea050cc
c16f77fe
603423ba
f866b81d
50031665
fb27974f
0000007e
00000003
0000002a
0000000a
00000089
00000006
00000660
00000000
00000000
00000000
00000000
00000000
f7751750
fa8f6ba7
5d947341
2184238c
075d81d1
32eb6d02
62c685b4
93b24e65
a2a6ea71
d797ec7f
8cbfcab6
107989b7
1870434d
6cb37852
0b385fa4
d957c2f6
f58115d5
779a77c9
7463a911
2b9b8800
0ce13535
14309105
b45bc352
a684a240
5068b62b
32172aab
81624860
b2b3ab4d
905f13d2
78f7dd68
8a772b07
d3fe7e77
cfb27e32
f889075b
22537456
1bab356a
834f0131
a7ce9de8
320c952b
7f9fe36e
ca471c32
90d1a37f
07ba899f
eb058e9a
2a229782
53074c6e
3a1a6d13
17e680af
91acf8aa
9b754e5a
161c46a6
1fccd25c
70623c28
31f80838
fca8c20f
bbe4b1b4
87988761
0e0f9210
120e2a87
8b16767e
463ca604
49e66d8b
b8c10059
a906195b
03809ca5
2db4d67f
d1768a18
633e27b2
211b4304
bd4f5012
976c34f7
48f71d17
56b4d5df
da6d7c47
0e126e31
83561931
8b250720
b534a839
506d0257
908bad92
6fa2f01d
282ea293
dbe75843
b42aec86
47b3b2b7
e93d9e4a
b7fb3b22
bb7b91b8
883409fc
7fc26c48
3e9f6598
db559046
85562a1f
1a5fd391
463dce52
2d0a3805
f03baaf6
d2218261
cb09927c
8020a526
14c15b9b
a9357eb9
3bc3fc9e
7cce7347
b4dbad59
02036014
13eb4046
aba07351
85c1b9ce
5baf8391
16b86db4
694d614a
93dda71b
97e3da6c
6d4d774a
3c168f6b
c358f1ce
93c6b07b
b1acbd30
9144984c
f25b974e
7bd86f96
11972db7
d5c3b7be
f7d06021
75e59b85
d744d577
d8470a7b
afb4da22
5e2b51ec
53ec8534
07687114
8aa5d404
24f25462
7ca0a447
559259f0
a7837333
b0e7547b
7b93a675
f4e326e3
a3fccb9d
2b5e1a00
64cc6127
9873021d
0a1db4a2
07cc820b
10c19667
bf6e897c
f5ca8a46
c8e1c0cf
5c18e208
5698290b
6ff2e2a1
4b192b8c
a957bef5
75858276
6177d257
253dcf2c
27fb7349
c16d8523
3b344430
02452139
7714fada
f6067833
c8b8bd69
68232856
fafebdbc
0a089122
9b4a7a66
5ca845c0
b1d6e05b
8c3302a8
e0bd7cec
2499f89b
b811e746
a4922218
044a413c
32bfe524
c7585643
19e34434
a40e261d
7be29df1
a278784b
211acb04
21e102fa
15f83a15
723f06f2
861252f7
369b315d
895912f5
748b4ec7
cfa3bf5b
b4bac459
f1113894
97033299
f03878d4
138e0c78
6cc1633f
726a0534
f1ca9e8a
3a395bb1
a57d2908
452b0f16
b1a49072
5971571f
02409780
c906a654
38942b18
41a665d3
28aae5cb
654d16d5
0156c01b
cfd7b74c
a2baaaa5
8c307044
1ec67c3c
b8070af8
73f2b911
09a16232
60136162
6a4fce7a
56e44b69
3087d90a
a2556823
3fa32e18
6d861131
a0a17976
4b925960
1444ca20
f6493053
618c716a
5343132e
39ef7c07
4dc123bb
d915066e
da78a9c7
2f23a2cb
6b7fe42f
8accc8b4
7d53bdcf
1aa7e156
d8c1aa58
85b05bca
efb3731a
524364b6
324b9003
2b9b81ed
f2f84cc9
0e71c89c
2e152a70
20dc0ab3
70e646ad
1b836212
84803ca3
2a50586d
673168b3
dc4d4d06
94aa209e
d83b827e
bb9196f8
5c6bdeb2
0d405bff
39247ef6
87116003
a3a5bb7a
a19ea68b
69d59517
ef0441a6
cbbd834a
be55f604
d89c54de
ea8db5d0
56841f16
71091078
d9ac1c93
48e99864
8a3a257f
72543a92
3313ee3f
76b116c6
b0458b00
5d6cc10a
87291469
6734b68c
9cc91010
0241e2ef
31a05da6
8b2b2761
843104ed
78fdb02a
b50a53c6
6594d757
97e657da
660bd1ab
061439fd
ca042d6c
449bbf53
3036203e
0b343ce2
2766dab3
951fc8e3
79e77761
23d03764
3c9742d9
83d10984
15907095
225944a6
674d41c7
46fce67e
9206a9e2
c94ac9f5
c1747bbb
ed75a7b7
2cfeb10c
9f63b43d
b70888c5
d16332b0
8984496d
3c0b611a
63ee3756
c991f557
9e04db4a
e5651df9
9dca044e
04a4d1b7
02085093
1aab79a7
da11abd4
5649c339
4d01569a
dd4566f9
32595c43
11aa502b
dc71a5e5
5614afa1
2f981b52
d80b8138
18188551
3117488e
6d85e827
b45b3da5
cf69a1cd
b69a958f
f5e20701
55598dae
b94010bf
193fb8b1
59681a5b
ea3d318a
b72f496c
93d3c686
43a9d1f4
1557ae4c
8c23ec1e
3f7e7788
18c69e83
5926ed99
d8af92e4
14e449a1
4e8cf519
6f57187e
e0f8353b
17b16dae
009f53e4
3a7155cc
24d0a08f
f2c72b04
3042b656
796b981e
ac0e8880
d61503d8
3e2a624f
5da701b6
b2ec0fc8
6ab6b635
e1b7f07e
0ab98b5b
7cd96a41
6fc9a8d4
69fa5b25
1b7a3677
802004ec
90098623
35d71f56
8378887f
d71954c9
bab520b7
ff9cf1c7
2e6706f2
00a0406e
594e6c4c
06fd63e8
4f94de2f
1e72e68e
eecde88d
d6878142
9f4f576d
1e5f9497
aece14c5
0d201e92
ae3134ec
acf2a8f0
0f0c45d9
1cf5da3e
59d28478
909cbc14
b39c73cb
50e7b27c
0000007f
00000003
0000002a
0000000a
0000008a
00000006
00000660
00000000
00000000
00000000
00000000
00000000
77bb6b08
aa16a679
9b56282c
7c60d562
31342678
9b1c10ae
50a1f5eb
5ad1ceeb
7b73e33b
e155025f
2a276422
1d17b24f
083373f8
47e52ddc
637984c1
9363a06e
5bcb019c
a9fba2ca
de8c8c85
b36eb139
1e01e3b2
3d9b1166
25860154
42c97840
3f8df92c
77573830
34172e8c
ae2bb565
c3138c09
3e6671bc
0a4b73e7
e0400c09
153c4a52
5e090347
b1b67856
c948697f
047afaa5
48579338
6b34633a
8d12c817
7c6c7767
88f0e83c
da35f69b
783bc8f8
71db3230
2f4666f7
31421d41
0eb6a45a
8d5cb5ac
f5ef106a
3a259a19
da9ec61e
247fca21
9e353683
5f078499
c1122751
725801a5
0d98ec8b
1ccf1bf5
4ac723cb
06592478
425d4534
3bfa671a
88a6dc0c
d8808930
46500e81
8cca60fb
76096470
0d1770b3
591c62e0
da9c2389
58fba0ba
a0acf776
a35f6dba
01e46860
761c5717
c91c5ab2
1445704c
d7530ab6
3314c08c
b377e013
cb260a29
b8900230
53049b33
9694c9a4
9beb1536
0b77c070
d69650b1
327fca40
a38c4013
94c1ea16
8018cda0
9db91715
48a4a139
725642b3
4cbcd07d
7149ab6e
02e043b0
37e63db5
3e5e224e
b147420a
7c801e74
637e50c9
fa4d1ef1
6ec45f75
eab15ce5
40bc454c
166b5383
f5107c8e
4308a790
2125707d
cfa58094
b31b3126
50b0cf1e
8f42bb8b
b22206e8
3d0a4359
9e601896
759938f7
8da5a01b
8bcdea01
6cee2901
76457ba8
1891c65e
7b5aaad5
07c3298f
b7897937
b7e02714
4ec65927
0d7104a4
91405e80
04336d40
3048ebf2
d5e57946
4369f009
45c4f51f
08e3ac83
a5b6c5ad
df812008
58aa33e7
4d43a6a1
bfb4eac0
903e1452
545c3b00
5037e8bf
e71d4cc2
9fbc0f25
1e836999
a34ec7b1
27e8f1bc
77138c0a
509c8a33
0bf3a135
1e5b1ab5
ebeb2cf6
b9a29a83
8e01dc86
88eb7d08
bffb1e97
e029c7d5
eb9ccc3c
5497d71e
68668836
f8da23c2
7f3952b5
2e72082d
ea6db12b
5677d468
567dcb98
6097aa29
5f160861
608ce5c9
b2ff7091
8fdca2a6
c86ff521
e66b3c03
b7028a3d
5049f0c9
678c81a9
2b685ac6
1f4db8cd
c6721182
8ad98572
2850c11d
a5847f6b
4da54f8a
9230d31f
28d94005
3a64b1c1
f41ca5ec
564e6be8
95dcbacc
54299064
66fd66f2
37b1de0c
09acb594
a8e242ec
77839712
c12d6ccf
f4cba5da
a529028a
947939a3
eb592c15
925a4a88
c39a3c71
198f7b97
a18371ad
51316405
3246c9c5
9489aa7b
8abbb2e6
82be9972
afc99840
eb9bb943
21fd8560
c445ef87
4f85ac40
7bdda4ec
2aa88342
7e527b2d
d8112e2a
0967cf90
8c698a7c
45a15471
5d04421d
5f956104
389ea849
beca495f
c16cf7ac
72c5ae7c
44165e1b
531ed3dd
9657bf51
51a660ad
57a2fc61
a08cabdc
474161b8
5f2568e4
4a8228f5
c4b241cd
41ba34c5
8bc29c92
6187aa00
0fb48322
269e0be8
4c7a790b
97898af6
f4f17d90
a4e50771
1519a439
bb4806f3
79f4d557
36501657
e2b65ab2
ca40e291
1076f43b
f4fda960
70b27c61
b48fd1ae
b4985250
8900b17f
029437be
b71d0a74
51512b6e
ae3029c8
a2bfc59c
af6c83c9
041f56e9
2bb00e24
2dab2aaf
e7a8c45f
b1366004
0369e600
350a939c
16896e86
9260b183
4936958a
22c78794
bbc929c9
db9cc84b
f0e90cc6
13626a8e
f1c43c9b
7b62c027
718633c0
d547ba54
87c15070
bfc6dc7c
c8625923
2b548379
78d2ccb3
82af967a
b9f0b307
68208205
5b9c7537
18cc8148
103c4d66
e82df045
3511b125
0c27bc74
c29a9c7b
37dccf73
38ba4b79
2b347284
56c5a9da
399ce577
7e0e3b14
59831900
71c00587
cb80f575
e27d4b2c
a56b97af
bb2d058d
61d174ea
af21c195
6a101c10
14f02aa0
22508d71
a67803c5
d1b550ca
5011489d
c022b751
c7ee63a5
2fc967b3
6202b415
a74b10b8
33c059b0
3bb02029
abf8cc43
82b61038
83a9498f
5b7944d0
41dcab6c
440a294d
dac9bb6c
5567a601
5986408b
20bb3522
8697b1cb
ddce939a
7b786c17
cd33c45a
361c66fc
48e42472
3c72d375
1288d4e0
23511486
a5d2f68a
072588ed
36a63e5c
21648056
c7c36768
844ba930
a031e127
169c1bbf
87162a97
8e6d007e
3584b454
8bf503f2
ab308e23
de544408
f4c562f4
5cf6db83
5cb645d5
62e84559
8f1c2353
d60dd17a
67348754
2235f83c
9248b3a6
8bee4fbb
87752bb7
543d1ccf
04bfa9b8
1f918d4e
fd4381e8
e4683310
bf75e845
ac162116
a6636ec1
07d79d55
a082351c
f52c0adc
cffaa3b2
3edc7e7a
fa58df60
ce841111
181561b0
9242ea29
e6ecab4c
e5bbe7d7
a91e93ba
01d66a89
0f9fcf1e
8cf57f14
696d4ef5
7acd0e09
39983859
b7b1740c
606635fd
8b2bfd11
a501efda
d7741653
5db1645b
a4b1704f
f7ddbde8
b536bbf6
6cbaed53
00000080
00000003
0000002a
0000000a
0000008b
00000006
00000660
00000000
00000000
00000000
00000000
00000000
2765c509
125119f6
a6e218cb
84c38202
cc1e18f9
1b8ac31c
db26f293
3c315c87
2773b177
f1a5f38d
560c7da0
a93ab6a4
6f77e5dd
11898f93
97691c63
fd75e066
9bc790d7
7aeb240c
b967fa37
4ce77f35
2dbb8d25
40389a47
5cbd6385
3a30fca3
2c7de864
fcc3ae42
a1ba6fa7
aeab575e
25abcf31
89310153
b50ff84e
624c6890
3de966bf
231f9a38
358f5348
a00b444b
1a42310f
78663d69
3ab53c67
116e3bc0
48617d6a
4f2a73a5
8481eaa2
327a84a8
8281a172
213d9868
188d65e6
b574ecc7
027b9a5e
185bbc44
c5201c05
3e828c65
765487b6
37151d0c
59c8908c
d4be8383
40ea283a
70a3ab62
b0a76f3b
0aa3e356
206cbcd3
d8181d2a
4858e648
8c65d88a
368311e4
5210e7b0
c3747672
35784078
80e40bbc
930283d4
a5008198
5c4bbd8d
22b8162f
35d8b0c0
0ac42a2e
eb3826e2
8b45cf74
03301691
41092a05
2a9ebd02
b673f030
7f8ba712
4cc68681
0b93b414
3dc9fb5e
9388a53b
6654bba4
0b48e6a8
357c14e1
5089d61a
93432051
a93930b2
30d6b06c
f003d747
b0c54e77
5c5058ba
feb96afd
f1512dd0
b4d7660b
5bac8a64
fab03846
4f33f908
055e7534
81ca9258
58783372
88b5ea0b
68bdb5f6
b3e0764d
7a5cd33b
c59ba69a
2b822b67
8437f276
f6d89b87
b256339b
4960a557
cba1bca2
7019b35b
b41d0419
a7388f5c
953b1a32
c86df6cb
e2c80d71
16d7158d
9441d1b0
8c031d0a
417a68ad
d3074aaf
068e23c9
6678b134
34396379
ca05675c
3bc5ec06
db885977
165e4164
3894bf18
a4add7e6
fcb78239
83d53d55
92085a7d
a029191a
ceb7644d
e3739b04
cb2d8ea7
cfcc62c8
ad8a7c0b
315c78db
048c9d37
50332206
266964b4
4957800d
5eb1a0d4
42d219fb
c8db5417
fbc81382
1506506a
b09be641
346f0257
388c9e4c
50378222
74408058
232b1fe3
22a4ab2e
675e096d
d4e71e95
14ebedcb
96c336b0
454c1a51
26c7f347
fc676b79
01152cb9
4de36f2b
eeb4f6e7
4a8b0fc3
c46b7a55
a28158ff
e48341a8
bf87fe25
41cff05a
a82908e9
30b9b732
9c0f098a
163d07c4
52253500
173b2332
7414b6a6
54e62397
9a1374ab
998003f5
cefca845
c4165577
6b065450
5db04f5e
c845ca03
f2e18130
84e43f0b
9956453e
a5da4685
9d745598
931af620
e2ba2941
6dabef70
904e323d
fb7c68bc
2b15b0b4
9415ecd6
77a549e2
47a96843
abce09c0
a4252c98
b21358a0
e19c58df
92804a91
648c04ab
5e5bb074
fcc69850
8943fa9d
8f77b824
351326f7
877199a2
9c786903
c0ab0124
6580dd0c
1c6f06e8
c3a12f68
a6ac093f
97bc3bf7
601f4832
86655a9a
ef01232c
23d678a2
0d84de6f
09307719
58526f6b
7ac5a73e
c7c297ad
531fbaa6
9527208e
c378ca2c
c70bb65a
4535bf9f
3d0a0187
14f41d48
762b901c
dca6675e
caf48fe4
a0cc0890
314ef032
9953498b
93074286
5582c7cf
a0753f46
776c3f52
dd585a18
c0345cf1
27e2b48f
9f0ec336
517ba224
c8330c38
a89e3cda
f6c82cc4
44f1da11
693542fb
b62d3959
bf5338a1
97b771dc
4cc2a18c
b820cd2d
61ae4b6a
89211a68
2774fc8f
a17eccb6
c425c664
7da4938d
eba6358e
b818c126
564c5903
f65b82f9
0afc6074
8280a09a
d26587e0
d8f4b18c
a1e80715
e24019f1
949816c4
16a7403b
5b099687
27710958
75e3f2b2
fc43e68c
653a6df4
45ea1111
a94811ed
a7b15006
324afd96
6d845804
f5874590
07215c45
86923213
d7946fe9
76b87fbb
6f62b5de
33138067
8af2d04a
9ebfba01
d0596954
73dbde5a
48a8b213
284c5691
8ec68011
94bfc4ec
936f578b
6cd74b4e
2e177271
05a55972
3b544ca7
8fbc4b6c
90160194
1245f344
b68d86e0
b02bb1a7
5c402a47
1e0ed5ac
a0206eb3
a4a65728
ff8d3718
5aea7fb2
b309a918
4d549382
1a980152
aa90a1ab
13248496
52162211
87ea2ab5
853c1b45
86904a11
0ccc5837
8b3c6014
77b0cc14
c2f1541e
e5a20904
acea64f8
b9a9f453
19aee55a
74d4a638
84972f57
ce30e738
3763275a
52a5588c
4d54c9ba
b7187f08
1137346a
e694071f
2bcb007c
801754b6
b09af578
f4e27e46
21d1e795
6567a925
96dd3df3
74e840c5
b511b0a2
8afb30c9
6ba8900d
c1745868
5cd7438c
5df8ab18
1faa4627
b37e62ba
c0f0f8ba
46978b44
91f25546
955c0ec7
112a1706
94bb67b7
5e543516
c48137bf
7b567da2
50138012
d6cc499d
1514ab72
931b1582
b5ccab09
c8269b1c
3ee693a4
5918cb39
5cf1cb08
d6bb7e91
f022644c
f44425d1
5defd3b8
69ff603e
fae87e29
7d55a97b
b2ebf8b9
a7dac47c
ecbcd85c
f6b7af21
a82ab14f
946a1476
7ac080a9
01882d8d
fab7e0dc
a75010d3
a679193b
eadea894
78b4f1b8
46eb186d
c1e02205
00000081
00000003
0000002a
0000000a
0000008c
00000006
00000660
00000000
00000000
00000000
00000000
00000000
314e8099
491630b7
71552297
8991e67a
f5fcae35
4f972755
9e8ad05e
8ab06142
38246662
54c054ea
d2d2b077
4e106658
b496b215
55a92fb0
43633b2c
50b6aa8f
64ce5465
454587b7
cc95c694
aba362b7
3246340d
12b855bf
86021809
ad20517b
77bbc576
435c676a
0174e802
68137278
973a2acc
4eb00864
264bccd0
67f97f36
260498c8
aeace400
93c50380
2d17936a
d356ba90
283132b1
03d82a9a
ad109bae
3cfc2ce1
4d89b451
2bc985bd
cb74a849
75889d79
9fb306e7
476e95f3
953c5a5b
4eb9f338
4cb72209
7b989a68
610aa05a
6b1878e7
c4d7e47c
4676b08d
c7ec3397
b22baa4d
931119d9
ea0c18e9
89869157
f5634846
a2ae82b9
31d35429
080c382b
cb65cd73
a2d8304e
638aa57c
99772454
00f9e203
2f064c81
370c2cc9
b756bb26
93879ab7
78b3ceb4
b66a382f
e1b9a343
23c73821
5de71204
c47583e6
32e4078c
8bd2877f
ec599b3f
5b812687
0b9948ce
168c251b
c57d52a9
512ce60a
c80e1a0c
61b4595c
5dd9e937
f24ca81a
e9ea8136
72d8831b
a7ae1ce0
29798475
aa62fba5
39bab7d8
8aef231b
38798d0e
9a7c34f5
c61f0d19
6b68f616
6b3ac335
f2b65af3
36786d5b
d57a46b6
da53c4b9
1ccafb11
cdb37613
2c1ea246
4dc5046d
72b89aa8
86694a24
06b8fe34
a39953e3
69c55eea
0b306a17
c5c2ab0b
c3ab642b
6002a083
b54d2914
ab00976a
9685009b
c6929172
804195a2
9810b23b
92a838f1
2541cbf9
8ee69748
5010445d
e73317da
08f0d9bc
603476d4
a7b1a06b
03fb4125
ca7a9509
78a4bc7b
cce7af47
de8ed838
96532413
02440dc2
b60453c2
90bc34c5
c3368423
f02e378e
4b43b2e5
48536635
6755385d
d4e222f7
a24b53a7
908892ef
c4817725
402077a1
45837594
270c481b
3c832baa
b25e6276
5826cf7b
cc81c84d
2b14c34f
1aa32948
afbd0070
5f5231dd
f037a6d3
80c5e7af
70a3c2db
20321cf1
aac1cf64
c16476da
bc9dba85
1afa1318
6d43fcc1
69a31a57
acfa1660
984eea6d
b4b86d57
4fd79078
56ae8acb
6bbd74c5
27014c1d
61227419
25169589
2190e787
dd214857
609a49f0
25a6c532
f8450086
3bb595f1
c40691cc
62b5f4d1
29285826
5c514c0f
65b953e7
4448886b
50c324bf
b05916de
ead194b9
0fa5e5a2
9f8d4193
4ad38e2c
80d14461
20115825
e503a083
a713de02
ce089779
34371a08
081296ac
872559c5
384c0745
b64ce0cb
d045c922
b15f0a59
88e2cd53
64b05986
d9f6c25a
2f31a319
8987f18f
ac99c419
36a5cc3c
5a70980b
17dda812
44803317
174608cd
b699407c
53ea444a
de61bc84
66ecca64
ca84a624
5b7f5c6f
b9e47740
88541eb2
e00f0ce4
0c146bf8
0eab7570
e3c33929
9c0b04c0
2129ec93
f59ce159
71ad197c
2999a547
5a7192a5
2c2d9df2
ba31c966
c797e632
ba1c3a79
3c48beae
7d1392f9
b3e0b763
2d68e699
e375b2a1
39955324
22873314
d29b5220
5c2f557a
427a3037
3b4da283
7323892c
57ea1a8a
f997222d
732fcaf5
8d82899b
47101105
542731ea
5ed67143
b549e860
7ba4a93c
49f61374
337eec39
d43dabc9
9ce6e191
7008c4db
f7fb7393
492a825b
3eaf9094
d8493201
9ba0471f
0c526a42
6b224d54
0904de7b
9c440404
da892f21
02798e3b
c659f7b4
f1fd451b
43b6ee71
6b2eb831
b34283e0
8fd13a39
42bc21c6
caa89af8
09c6639a
7770b3bf
6b965aa5
b75af220
e075c500
b1528a27
88202562
ff35d1d6
76235980
2d27d0a8
7883e8e8
e7fe3ddc
4b737ea0
ea47f5b6
813f0f29
4940ca7b
c0998cbb
a3c72b78
565b3d8e
8888172b
86fa67c0
67fb6eab
6e652569
69928393
b0c3a888
d5903b66
5cb437da
4400bdc1
f25fd5a8
72322120
afe77703
f11b9801
730115f3
13944ca3
8c4a3076
b1bf5f36
893a1f28
1790d59b
2a173450
9212d331
0937489a
59d238a5
76281ba9
e61eb4f1
a6c277fc
76eb7e87
09ab506d
41ba68e3
9eb5b380
809020be
a11ec2d2
abeb50a6
eb74170b
010a5127
9495472a
173436f7
cb0f63fb
0b17023b
7f56c0dd
6a8a0e9b
203bafb5
77a5772c
60a2a537
3d2c4993
4abd732d
aca58a29
b3d76c7c
531f0106
dbdebac2
03c85c45
5ba7a8b7
c36496c5
aa880aae
0dc9fced
0c776bdc
166626c0
b324e1b8
b974b311
202a4f74
30be56b8
c0776088
6afb0309
731902a5
b5635b83
681bf92d
59cb3abc
a98a73f2
7d4127b0
f283002b
e89a414a
af6bd345
35707b9d
1bcb5176
56672fb4
51596a8f
276aea95
d8e33a99
00f4d399
5d313986
10c9b776
49aa51f3
c05d4709
1b049318
033b50a7
a16387eb
ce82428f
6019fbe7
a9673270
b84a7876
e4e037a2
56bbf63b
00fe8961
eb8a569c
e6fe5039
4a0dc49c
c7cf120a
180b7aee
ad22f8a1
00000082
00000003
0000002a
0000000a
0000008d
00000006
00000660
00000000
00000000
00000000
00000000
00000000
eb872bc7
dbcd1770
2e04b923
5880bc6f
130f80d1
3be7d213
174dc3e5
a77f3f02
2bf70640
834cc867
b9604ad6
9eb49378
672aa811
5a49018a
7d1be5b3
600831d8
59908564
24e502c9
0c298448
e820bd85
a29c2475
5b894a74
f70e99b4
1ec5a686
f500cc88
f2404c4b
8ac8f303
e6765bf7
92a9ad24
86475b86
acaecc98
76422bea
013b03b2
5d477c8a
c8814c8a
5c7a524f
c754f45e
75177d69
74b515c8
3a8ac30e
14f671b4
3922e984
4a823b7f
a4d24f57
827476bf
862b0555
d94b3c6c
7f501568
d36fcc17
4c2c9088
9518690c
23b9a638
23fe726c
9130e759
2bcba855
b3e692c6
56125d0e
11cab4b7
43e84010
0322aea9
fbc69989
bbd9ad82
c579c445
1829dcb8
d5ed05d4
8422da75
5aa0c47e
67a50f43
58529286
e802a17a
275e9b4b
401bf180
433eb8eb
6ae057a3
55d4a241
7d6e42cb
a0f778a3
7d497059
1143926d
3affc136
6c66ac67
72632cee
e03726a2
3042747b
119bdbbf
b769b1c4
1288ea3a
8cae1464
69444c20
39f84f52
c1994cb0
d3e42d1b
aae5d8c1
3153c71f
634334fb
00b3912d
4f6b7b57
78a08130
41540db6
48616a8d
2a35833c
8641c7ac
54231376
d1332332
5f2a4d6c
09a42787
8848b129
4bf766cd
8568f841
26ee19ac
b843b04e
0d5d85e6
b65d7e25
3722999b
916fb1cf
06475f45
89d697a0
8a41c33c
e3da00bb
688948c8
e21a9843
60fe03a4
22558368
54b3b5b4
e21f9680
29c5cd06
5cace2c9
81c5c004
58e2bea9
9c9383fc
b5c39189
161c006f
f58a775a
312d74c4
69da340f
88a362ff
b70d7f1b
5578374b
be266c78
62cdcd33
af362284
3b511892
0cad09db
5c9a6828
942e507c
3574c749
41e421c3
bca7bb07
076611d5
10ecdcc1
6a3fd6d9
30940a36
8d79970d
138ef5cc
5a3a7336
4722ab89
841d2a53
346ac18b
4b09c278
7c0f09a8
bb873753
2c8bb4c2
63206b3f
422f9101
2a514e47
c69cc97a
64440440
c817b941
675d0685
913ea569
9cc6420d
db821221
f5204cdb
8d7c2d96
4f3fdaa3
095b0c21
6037e708
1f773a91
712487b1
411693b6
2f2c7b3c
0a656a20
b6780609
264d5b17
02c62d57
2f44f71d
df6dd7cc
6be40a20
a0d95f48
085283dd
dcb62244
51d0bf82
a8b596f9
ba0abd3b
04d0eb32
db72e701
90b131e3
591cde33
0848dabc
25c4b06c
09c591ac
354a556d
a98c78f4
0d80ab3f
744da820
63977315
502a0fab
449ce5a7
043a63bb
9455f6b3
e4079623
4af64c60
70992dab
01b9e9be
6bc2cd66
7acb1fae
f6c3041d
ca9da781
2ae22818
2eb39929
b7650232
032892bf
e36709b9
368e2450
b5c19b50
43aa3466
7ac233da
30066a71
9d58bc80
bc2e0401
b48a1f8f
f0779580
9af80007
b2d03f92
ac5e73fa
e34da3d3
a6e40d65
668367c5
70b09742
06c8b93d
bc2e196b
31ec9e31
2e5c694d
f259d6a2
1695a0fb
2ed7e80d
702c647e
3893bfc2
28e01535
97282411
c282cee1
36e3de91
8b1a5b82
cc1d4c94
0f3a09c4
3536a886
385db3b6
79233f2d
0e6564f7
558638e5
ad20e13e
b56d76f7
c8e72158
6c0a3924
e7719be7
f8c6a0b6
50dac73c
6b4eb5ee
e2644934
4b3886b1
7bb9a746
78749244
9da06ecf
ab9e7988
0a9ca3d2
6c51b60c
727af5a9
03d03ffb
38b53801
d33cc431
7b2062b4
7b15e882
bb4b4a3c
c02a7865
1ce131a9
bab42745
caa65b62
7bd1ea3e
bd248988
f7c197cb
7accc5a7
fd8129ea
31988fe2
4f017896
e2817646
43110107
49d3d689
5e0f913d
17c31a90
c32ac19a
a19c07af
9abaa0d0
61e764b0
75004c39
bce72e17
5dacef8c
c03f1557
2b265584
64268616
c3bf1b32
39acb9b5
71b14089
45001605
5533b945
6f86ea28
c02179c5
f3936a56
c3589a21
4710ec75
5c2ac399
05a01b02
7d418506
4a6a94f0
3c6952c7
26a46727
e5355f07
53b3d701
d05004ab
2a395b15
8226ca14
d02f33c8
541549eb
23443a01
33a319ff
d9c218d8
cea3d52e
daa85578
e6bb6b61
0c374b52
b47785de
e1d8a999
8a26cf03
f6b34b76
20ed5ba6
ca21e5cf
220cdb96
52c1c6f1
81a050c3
f21570e4
6b58c9e5
08726bc5
5505b7a0
22fc67cb
a68ce812
765cf09e
d5482c9b
32f6141e
44c5965a
5559400a
0de00000
324732e7
d5b53c18
c80171a2
949cb781
35de8162
16a8528f
c369a542
ea0a6397
6da4118a
18057564
51daa4d9
9e1805b2
82932a80
f0332db5
47287232
393acbbe
d90fa032
45331692
02391c73
773b9782
5302726d
9ecf2b17
cc0a299a
13d98315
b8179266
f94669cc
2f7b7ad1
4493d048
b18e7862
4cf6dbcc
352172e7
4a0875a6
18384cba
df0310e6
5aba3932
5d0de8cc
972f38e1
d3afe1d5
c44547d2
5364c4b0
a03c89a7
930889ee
3375e97d
6575be5c
ca231b80
da4a3ae1
617a6799
9c4721aa
00000083
00000003
0000002a
0000000a
0000008e
00000006
00000660
00000000
00000000
00000000
00000000
00000000
09acc7c0
15ed7ada
2a292498
f5147333
0b085028
718400bf
cd2d525e
8ab77ff4
b1171209
6ccd8ac5
c9743629
b4a73b8a
75c3bae8
1aee173c
75daaca7
478fb6d4
9b86ad0c
2ccae37a
6e151542
81a848a7
730645b8
1163801a
b85ea791
3cb3824d
2807fc7c
b4da5831
59877701
386afb2d
b16cbd20
be24b57b
26ce0601
5ba010f3
84b5faba
b10546f7
a0696295
54f15fcb
b6b2d517
6c664fd6
3af04bb8
9a51272c
45467666
6263a96d
910766ca
259e8236
b018bc2f
f912178e
f92439d4
aee6212f
6634736c
8c23bf77
a802903e
62caf2ee
a2387168
0494a41d
8ab978ad
ebb70445
becbc451
f0447673
36fb2988
53fb7a3f
9439ec2e
2b269235
4ee4012f
571cb4a8
59e96094
67949d8c
a17c05a0
b5bd9163
8bd6e6bd
0b4b3091
38dea36c
6c192b60
56cd0678
da775da7
3b261a65
86082496
ec9499ac
8001c1ae
e12c709f
e44572a1
8e097bc3
2145e732
9a6a1a42
add025b7
ae4be306
806bc961
34d0b770
b1154524
5b7325f5
4d001696
7b11738e
e5eeaedb
6d40a595
5776750a
2bd10c1b
07433986
297c467c
509b5b7c
52c980ae
7a47d336
4173229c
9e71cd84
54b196dc
67513995
b58c48a5
d10356de
6c16897b
b663208c
f904b22e
e5b8535c
0125cfa5
5c88c3b0
829624f2
1115b568
062bc600
f5b01243
6f30ba54
9f6343a1
d2d4a0ec
2063d86b
9c1f41bc
47466327
3dd5d595
aa1fac5a
9c964776
7318e45a
2877531d
72d64e84
b3e16013
9a03e975
4a758111
a753645c
e370840b
2b974671
3657451b
240aa625
37cb2727
0e71364a
a703ebdf
3539ce10
0519751f
c740404f
9286c0d1
9e88859b
00b49bd2
b6a48cc6
65ab8eaf
5647a9be
87c82cab
64653ace
611175ce
36300c5a
4dd846a9
ad9f468c
677e0897
58f97a4b
d23567c2
607091d4
789b89a4
5b9050c4
58b3805a
8869edb8
daa5c5e6
66f93690
09fb2d1b
52339ac6
4c06bfe2
6c1a3267
b499fb9a
e20c8b46
26832042
f21089c8
a1b609c6
9f470323
e6164571
f7fa9856
8b646ac0
42287ba5
a5041119
83c6668b
3e9ae3f9
a6a5791b
9a76a403
861ee323
3816a759
657980be
9fa4978f
1c34934c
92f0ac6e
b3c7a97d
5988bc3c
27615680
ea5c1938
6cd71e25
2dd4955f
b93e3abb
4b68b627
316bd9ac
e2376b95
00498825
0b5c71cc
62469bbe
06be2537
c1f40ab7
c68e83fd
71dd8030
5932e70a
dd72070c
0264549a
80f49d65
19adb802
18eb3349
0273f0a5
fd20873b
c3112832
3f03a26b
af69d621
49eead1b
b2cc553a
b4c10836
854b1d65
2e981248
4887868e
63b5839c
c22805af
1c03a483
12e223e5
24a05631
415b311c
fa4f47eb
1a209fa6
15aec5f9
d8ac1f6b
01daf04c
31adc10a
ba9f30aa
ab4a7427
9802b879
824e333c
7038f4a0
af0777e2
9afd1c2b
a1bb6431
2f1c8be2
4cfe85ba
aafade06
0374bb40
fa4383b1
9505a090
fd3f8c95
5269c3fb
2b93d04d
c5c5286e
e44c7f88
c866f84b
286dd276
a87e34a6
95318f45
fc4fd922
d2533536
45d9f8a2
a248a0d7
b05a3e07
4fb83f9f
04a5c4f7
339d8697
ce7510c0
2b5c64da
da152062
af64d30e
0a4ca32e
0ab26a49
a9339777
89a60710
b78a7b61
6cc21130
2b190bcf
5411b421
9bc59b08
164419d0
41587011
7134b287
251b8cb5
696d5357
73d1b489
0b23a4b8
7c439581
3190d2b9
ef9059b1
acb6a8a9
0566279c
53cfa858
02e6cd55
315a2db3
1e1fd508
f06d1983
6c28e529
1b263435
872b1367
60343764
724f5ac9
922da95c
0335861f
f739eab8
331584a0
60a16d75
a1441b4f
786455aa
50eb1b94
2334db26
a73029e9
10186c13
ad1d51b1
77f58037
adf1a516
329fe8ad
55ba6ae5
bebac28c
b43eebcc
6c8b503b
6d528066
53425958
a01acc62
3e28b205
7f987bf5
35160237
22fb3f18
a0cf5858
38fd1ccc
06054f4a
8e248b46
e0b416fa
442346ae
3b60d982
8cb3a1b6
c3d87a4a
1f56f172
46b598a5
afb3a92d
917bb541
7845c725
a695ad1a
e988d54e
38d77d8c
a33a1339
db501725
9118cac7
7bd20dbc
e767c652
e69f7f30
1870cca5
391d6509
015a1483
4f74195d
2052009d
e33318f3
1dc91959
97683aad
ecfa5743
c170b48f
0802bc47
783d45c2
a747501c
b4a304a0
32e04a04
1169ed0a
7e12e9b3
97d576c0
78dc4084
260cb835
12e67bb1
4347313e
b175c34e
a03989bb
6e2a30a2
1c6fd0e6
c22c32b4
86572e33
585cea13
89951ffa
ad53bc99
53696083
08f60128
60095cc2
f0738bce
5d543c00
c294968c
3a3b2957
293111f1
16b32eda
74ed77de
6b25bb29
0863572b
409a253b
03d44795
1817aa99
e78bab2c
48057a25
4722a5b9
6ccd9849
ebe7adf0
4f6999aa
0b0b9ca5
b53e87c9
b9875950
bb9a52aa
045d4d16
9280ba9a
00000084
00000003
0000002a
0000000a
0000008f
00000006
00000660
00000000
00000000
00000000
00000000
00000000
4d2ad81d
82f574e9
c02977c3
a33551a1
a0e08ca1
92d3ea7f
484fe3c5
4bdd1011
4e7bf675
857d056f
e0428d37
34a77f92
c5821040
16bdc66b
3ea05a89
37b3a1c0
8b2c7cca
8a2bd60b
1236b21c
64a04d8c
3dca471f
ec9b521e
82514b48
1e7b143b
5cc7fbce
164186fc
7be4ca8e
68ac388c
b8fab627
6e31750b
52785010
5496a8fc
20d16b35
39ce46e5
6bf4299b
18a367c4
846bc31b
30ce7809
01308418
c61e0c7e
00434118
129a82a1
fc891cbc
a840cda5
5d2a046b
d363aa88
436c7630
77867e83
d0b30214
10dc31ca
c7bc106c
543e71df
87738979
6cc736c6
ed165714
d26acd85
8b70735f
24bbe602
b0ac9ff7
386125ca
aaca0342
55c18e00
63f3a369
fa767630
20fe32d4
28235998
bf173a61
07be3f86
6ea511c4
ff96093b
47aaccd4
3405a527
058a218a
2291c633
5ce7b859
a43f57b7
035a2543
0127446c
8c900bb9
04bdc9c2
5001ee56
9151a5c1
6afd7d2b
2a597975
7c78977d
bae34bec
ce7bc145
d3b3991b
827c5ce7
5fa49a0b
a0c83c8a
5cbd3b3a
528b6e02
3e1ea9b5
91206c29
9ac7a212
74b75211
98d097c7
1594e1a6
b37cd756
59f3bbda
7d87fb2a
db8cbba9
572f8ab3
7579e25c
5ea0db4c
5be7a7bc
49b96934
f0935640
e8786667
83786a61
14b94610
2cfdc238
10579972
26c1905c
6ca56380
bef04393
abcc062d
0c76b795
44bba47a
a1cacaf8
9a8e8cc5
69c90270
13acb036
c19db05b
2c78b981
ea3e9b72
5b1cab4c
2ebaf507
3bce9209
683f71d6
5171f73f
5b42b9c7
b14073e0
5b7ab423
6879e396
f795be05
42493f69
efb7400c
83339a34
7046542e
2ac3c429
42562366
4e621e07
0574e4da
c41d92b6
c151c020
9d973043
4c032ba0
40c75d54
9701468d
48e216a9
3ac1ab2f
5499c984
36d87774
476a8ec9
26b1b1b1
3b7410a7
69b01a19
bdcd8056
83c67ea1
5e7a961b
54361182
73073499
6e841a80
9ac52c0f
11bf1316
ae56df68
f512e2c4
14c10760
b71bd53f
c4c3e860
06da6d04
a6f2f795
9647da43
36283830
6f2b4eb5
b8644789
3787067c
24c8c249
355621ba
d4f83597
c8d2c3b1
de7275f0
48e80987
0bb15cc5
96ce4ab8
c3d76529
5ce28c69
ed38f5c0
58d2250b
47c0f698
d4a8f272
0c4c8bb0
bcfad9be
12841be1
9ab99619
729c7f8b
6f6a2440
79720416
9946d965
fbbc6366
eceb3838
21a1959a
b030014f
c84f38fb
20db5941
7255f969
9094cbf8
80db59a5
cb3f169b
946a0b7b
627ce374
57c3bc42
35df8eaa
13c5b476
1d39e41c
182f3f86
3d63e431
07b29be0
88d804d9
2cf5be3e
7d291b9e
a9baa4a4
1fe83061
9d69a0ba
e87e2577
48574f9c
d7910ac2
149c9e43
c70ca4b0
adc2b798
1954c62b
23fcc09b
f0931ba4
984e115b
15d00e5c
0eb5e688
90220d0b
a05afaad
93732a73
938d0287
ca8c4288
55306aac
2b626ad0
a6c183ba
91519cf4
a8a21ad5
1fe20998
008e931e
271fbde6
850255c1
5178b4d5
c6502233
2aab0732
1804b5ef
2c58235c
8fa04f0b
4d8bc169
c853817c
9aca8d6d
35b602f8
04ac4259
4ed995a4
191f4136
b67b348b
0ce8224f
4cbb38e8
73a107e5
b4a4bd46
f9697a37
e9d95776
cb4744c4
4d815173
c661c6f6
56cc4c79
fd27d09b
97ac5c93
02c9eb62
5c3f35d2
70420a62
ce642a09
1c1430e3
711658b0
346bd6c9
dd13c97e
c4bdad30
966ae301
c04708be
6b6b3215
80f6a058
0e14977e
1aabcc33
bc2b0123
a9104ca1
eaaf9c02
2f147020
806bdbcb
01ffcde9
2b6517c4
f45b67f9
944a5461
0754521b
b31c961c
e39c0655
54c87f3c
11c135cc
25a21658
a7c65d8c
10a0acd9
9811ccf4
bfe16660
b642d86c
44892af5
a4f11364
aa6a7168
c7c14919
075a18a9
c0a8a9a4
c5429805
40e5be41
db8d63e4
013eb642
51a48d75
5681d372
f92b8d82
859a3037
a5905048
5667a079
2420294f
d4bf561b
b3e78681
2089588b
b85853d4
e3f57798
3515b199
9a0fb044
41e7364a
53b72a8d
5bb86596
4cbf7910
66ac11ae
de3383c7
c592887a
cfd5505b
763e0bc0
d7a235ca
8ddc6dc2
1255a54a
64292a7c
96d8459d
f36bac9a
73d1a4eb
70c36740
5b6bd08b
c9eba511
49c9c7a1
13c78b51
a2cf7567
0169553a
72a1f9c8
26d81286
1621246b
7cba7199
3b8d2085
44573ca6
1305d460
5765bf9b
34c6d84b
5926e5a2
b79c90f6
ca723183
656f5aca
d25b8079
8bd71f7d
134fb580
b8bb5f12
c938f762
5554d873
069d06f1
1eecb60e
5e63b68e
ba179047
598ca38d
19a844b5
466540a5
e106a4aa
a0569554
89bc1c37
b6b65482
df12d494
9e395840
c60cc3a7
0778ddd4
9f5b8751
677291db
7a84c0a1
9e004e76
6197d907
5325e8e2
7efcab79
5ba47bfd
299b8711
fa1c9b53
e63134c4
a3f1d7c0
642120f4
289ab1ac
00000085
00000003
0000002a
0000000a
00000090
00000006
00000660
00000000
00000000
00000000
00000000
00000000
fca491df
17d906b4
c1077502
961b39a6
d512b1d9
5378ba9c
065220fe
e25b72ca
2623fb71
439cfbd2
5412cd61
0ccbf16b
d98960c1
f94d94b7
c42c7c36
1b8d7cbb
21da50d4
c047289f
5d1f08a8
82b16f05
b7c4a329
60a75002
1b4b66b5
66921355
724a2440
b5163b00
a1da853a
6e2852ee
390db093
a0da07a4
2b4c7573
238161f0
01bcaa76
d5413140
6b57a583
2e016a1a
01c13829
4708752a
69566e4a
45728662
c35452d6
8cd69a2a
38cbf8e1
01f9c68c
2867125e
922f02e2
b6e7b675
c22ab611
ec14004a
aa392eab
99f9ae41
d03eebb8
f2bd2a07
502a0dc9
009fd217
59fc87a8
cbb6b6a1
d137487d
21cb8730
4b476c36
292f9097
31e68a65
15b40344
709d614f
c8a507f6
7f249e31
0a908b1c
98276615
19ba73c2
fa1e248d
0c4975b5
b227e18d
1e14e790
e0389181
514163a1
ab3339eb
656a7a82
9739c441
d54cd8cf
79bfc213
0372d1ca
dd54725f
18ac983c
16f6e919
e96d5a9b
0bce9da4
3a66874b
f0856b48
84a35ed9
b6da70cd
0356b706
292cbb19
02824fcb
fb651192
5c2254a6
32a64071
0320c8fa
f7dc1ea9
b7a7d514
30b715c1
a0321e2b
b283ea0d
f8b1e371
452b10b8
64926e0f
d62e7871
a7637132
29466b8a
86a6773e
77c35d7b
056308a7
6aa49004
6a5f56d7
165c4fbe
57751a60
f38e8259
b431640b
8572a712
99568f38
11c1d4c0
b9b321a4
220144b3
5b719636
1909c7e8
c98da283
a0ecea59
ba77d224
5b2313c5
1724d65c
2ac927a9
5b12a913
0c4cce49
1217a66f
9a5e13fb
59409312
61c58931
23f234c8
b97756be
48cfa989
9a40d009
5133c2a0
35740971
0425c78a
8769d8a0
21bf9710
26403b2a
c3b957a1
23508b36
c07008f4
c8f72676
5d4ed81c
789c3565
ca163577
057fc421
eb9535cb
ab570634
376d27dd
b84d3e5c
877acc14
9f362026
ba8c268b
7c2b4f6b
d6754158
009a7a62
5ac906a1
c6988967
0adf5082
8c90db08
9b526bfa
85195a13
1d05b4ad
3dc14330
2b8c22f1
6cca74c8
d2c6c739
48fabfb8
5b670096
854415ef
54f85971
56c4fa41
185899d6
a7210964
cf152d57
a512ac11
c73d4b62
a354911d
a9b8f9f0
3239b3b1
b096d63d
25029087
787dc6f8
aea21467
ef589c4f
ca2f3a61
830b9e72
0fa5788f
bad58420
1646753d
cea319d3
0cef17a4
985c5222
e374e0fc
a4983d8a
76cc9756
4040811f
b95b1803
4b31d9c2
eac606c9
67716467
86bb7b71
1ec392a9
c684645c
7fb4b938
e44c8c7d
c458afb6
7d4a0029
7e48f8f6
6ae0be6c
b2d35ecc
b7c478ae
84470d15
3815ce5f
32504a02
64e595d8
2743d968
8e4fc420
4c23c667
32708d2c
ae054682
290635c7
1c184582
e72656b3
1c94730b
86cbb476
309f6bfc
9bf2588b
01995e5c
76301166
38744020
2586b21e
3867dad6
44af75c0
cf8be053
f295d2d7
7a31a140
0198fa8f
8da9ccc3
c945220a
7814b003
d87070a4
1b5d6b75
ad15dc46
122c45e6
049f203b
0a25e1cd
500331c9
e1ac19d2
749bee35
2f90666b
eac914c1
0244df15
b47da90e
a88aa372
23f2e098
5f2c92d3
58e77b03
8a229e8e
d7c4337a
a75da6bc
ced57472
2303447d
d024cc95
35399f86
e7716457
60224541
681af6ba
9071333e
33fe0a2c
8713b9cb
d77343c4
24cd653c
67d4e4c3
5cc0150b
e09220b7
cd17072b
709fe3c6
61d804d1
4d017d52
7b291216
73ef7bc0
c3d11fb9
734772f8
30b90ad3
0de620b7
6cad7677
90d7ce31
b2e6f9ae
a24d3336
4ad82c83
53325786
79b4a06a
34359b20
9154321f
89a2c46d
b7f7b6e1
74a03d00
533fb083
83e9cee4
45f3e29c
72778432
431217f4
bed19b99
f58ae1e7
305acdeb
6d5a124d
59b3208b
841d70b8
1d4a03c6
3546d8f6
54b043d2
bf650fa1
9c5b1ac4
8a8c1816
738980b8
8c8b89ee
36b00ec7
a401ce94
e027e657
34e510aa
89c10c4c
7328b2fe
691a0257
09e00607
42697cdd
960749e0
b7eba568
532d2072
6a5f0bd4
cfd03807
1b97a598
66b0478a
0610c82f
012c884a
95bbb233
7dd74a9d
2e98e73c
486d08f9
61b3341a
47aa884e
7095c9d8
a0148f73
9c2daa17
f7649e85
520b5f2a
5ec4c52c
26172100
3843167f
952c5b6a
816076ec
b690e2c1
d98d8173
88647a07
9fa0ce82
cc42d0bc
96b5558c
70e56e10
cb65e504
381728e2
4932d2c1
973374e7
1c498f13
72559702
2c9a750e
56bc4137
5bd01c30
c67f6222
77ba2ad7
ca80a606
f81169a6
845124bb
a989784c
fa1ebc78
d17436c2
4156c531
744ed91d
8f33e0e6
7393ce09
9cce73b6
94faa6ce
7c5469d1
507fd6ff
e3ab33be
652563fe
e1d41ab9
d047e67e
a35c14f4
09c5e000
76eaafca
3af4f0a1
aefb6c3a
961a192f
c1a183dd
a9e527aa
60d39cdb
8dae3356
fcad21f3
8d55f3c8
eea54f7b
00000086
00000003
0000002a
0000000a
00000091
00000006
00000660
00000000
00000000
00000000
00000000
00000000
fe15150c
d1b48ef9
8d77a35c
865d9754
26c22b63
a1677a57
bf09d4df
12426481
63914d3f
350e9144
446bc748
05581c38
f09ed32e
9583574c
7974f71f
f03de98c
102a6d62
57e44f21
b88670cf
957c42b5
4ad8f712
d808d5d9
14c79992
b634dc35
2ac0c688
8b01ae25
5463d388
4a2b98b2
d08f6a7a
61f5c108
fcb0d7a3
1b5c87f3
93ca660a
3f7f10d5
65548fda
cde7a572
c01d24c8
e458c9d3
75327ea9
469e268d
045e661b
af36f70c
159e3a4b
c575ce68
bee57e92
3493169e
08779646
0588bc74
68085142
4a3f6a33
aae4c1ce
6f66a101
3aaa0780
4c7c502a
86cdb84d
e56c4332
b069321d
980a0352
c46965f4
beeae944
8a797b5c
e5c68438
36973c29
18254343
b60b75ba
45359d1c
9fcb5918
e8f5cea0
c6eb9cae
2921e533
9037975a
7e939687
02b3196f
c2ce30a4
0ae8dd4e
d01f996e
2adea2f6
c226a26a
4c0104b5
018bb7b4
66dc158d
66a6f8e0
6a74c698
3b39b856
89a96455
48b353b8
7aa65822
780ecb2b
8a4c3213
c78cd28d
902e20c2
accf364b
01763769
0fb6fa0f
fb100962
95136856
7a0ea3d9
c6c681a6
c0b9af4d
2b0d7496
718b5957
93850f2e
53bcf1a0
a4d0b327
b2d51d1f
3dad8a6a
1bb610a6
2b1228c6
16caf1ea
f0709d5a
616aff42
146dc798
0b539696
1637dc84
548803ab
d02a12d5
2290d769
ce471065
d8c9bb00
c36898a4
c8c1c98f
472c7177
10b933a2
219120f7
c3ad90e5
08c2c233
7e7bda8c
30475e32
b5e8ccb4
2dc4e536
6bda54fa
2b42c243
7ca24c4b
6a8e8dc9
61a60859
b3846ad1
271cbc50
074a4591
2354922a
001212c0
60eacd49
d862718b
4937ced9
3ed838c2
77c803f9
f706a3ba
8c41dd31
c52bb1e6
6b385c11
2bdbfbc0
c84d158d
59a21d25
2852632c
d7cd1a79
ebe22ad3
0f0c14c8
2c7e1aaa
200751eb
7c1b8c05
8660038b
69a0a4a9
c6268bbc
456ddcd0
e70e0166
c2b33608
004625c2
b97fbfe1
5f517814
7f26394a
b39dae04
96553400
7fbe8064
09650c31
20a6de24
ac123791
82b8bf52
4aa8cb98
788c74bd
bb260a0a
598855ca
0bb5142b
5aff1ba3
50bbe53a
d706ebde
b7c53337
5590d54a
af68b5b5
b04a4245
5aa5dd57
949340b5
c8ba6171
9ee08f2b
aeca32b6
bb0b1a1c
7e442d41
6094c081
559fbb34
1b1a4a9b
3524c969
b9f55c6b
8ce76060
112f610c
faf44948
25b1c523
908bbb77
e984074b
47b4d100
efb2c641
41377cc8
b5aae026
50b51301
c12a988b
1aa842a6
9474602d
f4a14c18
7248ee28
f178785f
d73f1029
949cca45
fe90d0d5
e2066fe8
bb53de60
caa4ba11
f2bdaaa6
0cfbe277
071a9c89
b6b85a5b
66a69b94
62ce9281
40252c95
363912c4
67a11beb
46da9afa
6f104f49
093f229c
076cb6ac
cb39628a
d1bf99f7
a8281b84
6b2b56b0
7d04987d
7b0e7305
7a113651
f15ee95c
29542929
9d858967
4c3d4249
33852f0a
29e4873d
a19ccbd8
1bf1aa90
7ac6660d
7d0a93e8
dba8ba48
03880728
31cb76e5
513792f1
17815451
8cb09143
49c39cf2
69c56514
093b79ef
f9b363c3
ba041db1
f7cfd9c1
ab4f3183
31172971
b225438e
c117a6c0
0ab3e852
1f1cf48f
b1b98d68
bcebd8a3
28493ae6
7bb0c046
a047c768
eb446322
88c80133
04e2e13d
7a6c86de
026ccd53
572726a2
f7aa5b90
66f73550
51930594
a1a1d814
625a3b67
4d054a94
41bf19bd
55d23a47
1483dc6e
95438c8f
639f3c95
2f76769e
26453cf1
12fd933c
6c6264c0
d16a9cf9
454681db
bfd973c0
d415c48a
ec323ba4
0505ad09
3ea5447b
fbee47da
405a40c7
ba027635
f9f5615a
a74c608a
a0b9b378
b7f31f77
ccd3fa33
497b79e5
61617e7b
cf2490a2
a65ff3c9
7a3e9849
97998d35
3e621558
25c4101b
5524ae45
b9825ac4
e05b8615
9203774c
9f533ce4
c4cf3781
59344a13
6564f7df
90473e86
65366c3e
9898556a
1bf101cc
85dab3a3
a1583c45
4c1e99e1
82f3268f
007609b4
109e7f2b
32cc8c9b
b0caa43f
b9701926
73d8715d
d8a397ce
320d1c91
08506b14
d45822b1
90a09081
02b7b5c1
59b47bcd
83849be6
541af85f
40cb57fe
3c612049
6a633e3f
29420bd2
651b7545
2ad8631d
3364670b
10b291f7
c7b03165
64bc364e
33e4c3ba
9136584d
db529cb9
72742d38
9ce61c94
31234718
c6cf588a
2ecb379d
a2b9d417
e57c816c
0e53e3a5
4c32dc70
4c578399
83838b44
a55e0616
b1580786
606a3acc
6f52fc78
50d900c4
b9bc6501
6c6d7019
598e30d6
c21194bb
b0d052c1
26600a93
8015ac87
d9f78e7b
5e90f136
edf77208
895deee5
256f61d0
fff9d545
9423cd40
c99fc120
8343067f
f395a129
ab49220b
0873d63c
5080b071
dde82fc9
f506d572
503f84bf
31a819a6
754aa4b8
cf1b5f6e
d12e40ae
23ca21d2
00000087
00000003
0000002a
0000000b
00000092
00000005
00000320
00000000
00000000
00000000
00000000
00000000
4c7b2d02
84ac6c17
6be1b3a9
1a4c0522
89eda754
48bbacbb
f718c3b1
602c39ac
25b1d781
05bee801
c18e5b73
792c6711
cb4a9075
89119373
4dd60b4c
9b23d6e4
e01e95d8
4122a733
a74b9210
f65b7423
7570f634
b44e1c2b
4c341711
2f72ceb0
7a3273b1
f5ebbeca
0998777a
27b4e346
b4f482a7
5ad8d412
627f3240
cb9b1fc9
3da1e793
b75c6499
01540de3
c7e36292
148c2024
b20d6b38
23f1fb17
ae6ef14c
42c0b9eb
01f630bb
b80f481f
6c9d56e1
1b8ba656
d51fc873
33be71b4
3991e86e
5ba6f399
87bfaa76
96a1920c
450b04e6
da448f9a
967b053f
5e573a8d
c86c57cc
24166215
e3574b0f
e4b2310b
7485e105
6c8814e6
da120b03
b0bb5b02
6f1b3480
e6803115
61452a92
2a59c379
2086bf09
5e571186
30c1a008
0cc55bc7
c7e4772f
2595f892
a94c7de2
a64c9ace
bc1ac9d7
d2c18ee9
56d29049
dd5e824b
73bd6a59
32a28cb6
977b8780
90f458b5
ac8c0e62
d96e8290
0139052b
07d502cc
079430a0
1cc26ca0
2337fdac
a31b241d
424c944c
0057a23a
5679f3e3
e1da1855
1f50ec66
9528181b
eb9cb153
3f7a0a30
f2a79c0f
853171a7
2dca1c6a
fd0ce911
b8017878
62bb2f48
1a759780
d9ee042b
3a65e595
ed639927
b9ae4f8c
93a287be
6402ca8e
6235c810
4419fc47
a5b05494
f0491f04
00799323
dfaab34a
fb7b8d25
59106c66
458bc412
4b8d2096
2d1af559
6eb954aa
eaff7272
49f5c9c4
130150d5
e576c2b7
b5cc6a84
84b9e071
b97f4654
42aa725d
c419f28f
3b4c933a
82a0acbd
6987f058
b6747f96
42452839
f87ce9cc
743324bb
c3b3945f
b061c548
72b26f01
59f03351
f7919a82
3c810bc2
321c0484
ee03c90a
08142c7b
b5573a43
9494e801
5bd45662
3bc60c57
0331a132
f7e6ca3a
73a713b5
11018b49
434e7ec1
2b71bb9f
57ccac3c
c8fda6db
b9d98b0f
8a14175c
e9e9ac79
9ca715b2
555d5a79
6b111d99
5f99fa74
8fb714d5
1b641673
2ea3587e
38b6e683
6bbb6894
2f189acb
f7bab8dc
17366ea5
1fc4ddb3
1a1b93ad
aa84be5c
0595a3c4
1d6bf98b
f65a0b95
cd42a390
98855907
23c63534
8464c71e
8264e1fb
00450be4
5071d5ce
01c92330
74f078c5
15f655a4
77cb2520
91ddcacc
daa25af2
67d7c289
80b242cb
fc835a41
97ac6aac
e02c6efd
00000088
00000003
0000002a
0000000b
00000093
00000005
00000320
00000000
00000000
00000000
00000000
00000000
816da850
606f94d6
0fb15379
8671b574
c97545d3
136517ac
39023ade
ea4147a1
c9d57b9a
2d51b615
72311fc1
6615cf35
840f9b47
6784ba54
38a5ef06
993f9985
7071200b
871ab82c
6f715932
5a93bd54
8e562c88
009c0a8b
5afb8d84
36397572
558ec969
71a13137
b7621007
6297b6e8
830fa3a6
737c0495
b204c90e
a4471551
814bf8a8
b4b93152
c8bcabd7
5934112b
74ce3c0f
f6c783ab
88185e60
9903b5bf
40b171a7
7e04e2c1
609dd624
34041908
c02ae85b
221edc3a
abcb9411
1af5be17
87078cc1
f88f1eab
7d812609
d1ce75b9
98a1ce28
c860654e
d584d74a
31184e64
a6ec2164
f80a731e
4aa96ab5
c9654dc8
6723889e
d663285b
9615b83b
425c9734
d7bc9b30
9412f053
1756240b
c12c8928
cce97664
c1a1098a
195647f2
4cf78b3c
764745bb
f34db757
8bea9437
bb16aa2a
a9ae9a72
4572acad
5f3f42d9
03b0b2a6
89056e8f
6c49f1bb
e0d0241a
76f3dc49
cc6ef18c
746f5834
2a44ed2e
8957281e
e93e6323
a5753e40
da4e7514
b8b59a95
a1451e9c
2e03a15b
511975ac
533aab76
797a1601
58532f11
2ab7c89b
60bc3a38
cbb7ad7c
8b69ffa0
87aaaa8b
a3ea9411
01d5e460
b98af868
7a468ab9
9b8050bd
0267a7df
d13317d2
566742b3
68c8f0f3
f2ab45b8
836b1a75
c4332b1a
8c8f3059
7024cc41
45b1f944
aa0ea7b7
9a8c8862
ec9da52c
154f1c2c
23c80883
c8ada5a4
a6b74f07
345a0922
3117a9ad
f81dbadc
c2016873
5b08d597
555615c5
73480e65
56374cd5
657ba782
55d52e1c
05c476c5
f1da5939
53793450
67420c41
76013996
cb7bbc13
fa26172f
e2784229
1c9b43ba
bece3894
c30ba771
b609116a
a21b678c
fcb5a564
1510da3d
734e66e3
68c84938
2cd98ccb
03a1a630
0c888132
bc5160bb
ba06d13b
963e640b
83bc6660
acb9eba1
25cd1664
709bc4c6
222425ea
d6068099
bdccf79d
3fb4f0f5
13d7b9ab
81fbbfc9
7f89cbb3
987524ab
3156b41e
028ac102
522b1a37
2a28b837
d8011692
3a3c4117
aed3a73a
13cfe8d0
755e789c
4bd1c4a0
688555e1
7a1c7b43
8f04278d
2ccff0e5
88feca18
6f523fc7
955913c0
110f95b6
86e55380
a59c1c58
500d8fc7
32296d0d
d09c813b
33db7e2c
d74998af
0eb0dc61
24bdc827
808fcbc3
773cbb3b
867e49cf
00000089
00000003
0000002a
0000000b
00000094
00000005
00000320
00000000
00000000
00000000
00000000
00000000
b0033d02
a62e1453
b01b3a8b
bfc571af
0cec7e9a
bfeadb32
0c3ec0a5
8a706e5c
4f66bd29
bfa1756c
d5533939
b9543080
bf48207d
e24d270c
9cd31f1f
53ada683
4c11a27a
46615d9f
bfa554cd
691a2587
73e6de2a
e9b264fa
0a2ba7e3
c839e1b0
205587ee
647309f5
42a9e55a
d25c83e1
43b2500a
29c2cf80
097c326c
cc3bb507
5249c04c
b33ce164
d5bc0649
823cc54a
5867dbe1
9a955cd0
00ec3e65
c0296b2a
d76b3659
1b38a82f
c09f5c3c
631d4ab7
ada84406
e872c562
86baae11
b0953208
273c945a
79ef3f14
9f689eb4
b96ca4fa
9b309c0a
4ad3cd53
9b47333e
a45b8fdc
5469447a
490233c2
5ae98333
0b04e44b
4c025823
e63da13a
507a7395
5834e9f7
b50aae08
54288358
84565475
35941843
6e649e1f
6cc1ec95
20fc8863
8ae874b1
dd51d021
fcffcecc
483b21bd
3f79945b
f0b0890b
1b92d105
58019725
cac2c49a
35da2037
1e336915
0cd66a96
8b914935
b12ff2dc
813107e9
4dc0491e
50a092d3
48f815ca
9f98aec8
047014c0
76017c9b
c1f0d7c4
f151369e
461db7f0
703c7cad
49297143
93819a59
ad17511f
ffb43225
0b287c90
825a5d04
227034a4
b7530873
a714618e
8a744ae9
261d6747
61742cb8
284a07ad
b71c9ea1
23b0757f
8e7e219c
9217cf43
86d91391
e63800ce
51e718aa
3d9495a9
d74b72e6
51c494c7
a60cb951
0b8bbafa
1a8b3871
9210c041
a18a8902
397eb960
65bcb4b6
6061a366
b3a74f84
07d05eb7
515876e4
c3e621e1
384a9740
701d6286
537b3ab0
2151a443
1da7d2e1
7bc09925
4326cacc
1cc9082a
8a403fb2
9ce28422
551fa8e2
a20a76ba
2e71788d
ec7e3592
7b616e51
9780e253
aa457673
c6150437
6b2c670d
0594046e
7a612898
91d83eb6
6549558e
19c9b383
a2e6e22a
9ab2dae4
bcec6897
336cb4a4
ea416881
1b780f87
68384474
78988b94
81bf11dc
10199c16
163284c5
85142c26
c930f2c0
366ea650
28f3bfd5
7c28a28a
4a390be3
c21dac28
c8662b3d
5a150772
a9c35f64
7cebed47
bea42254
14e49649
5570c1ae
b1be4b18
3539c3f2
1fcb9186
0e22c9e0
1c014d05
0907fe49
19c0f53d
95da4ce6
452b7456
f80189c1
e45b4ee0
81527526
0b6f8c81
5ce4084d
a10ce407
094a623e
439e0964
b264815d
08339fff
f4739a5d
0000008a
00000003
0000002a
0000000b
00000095
00000005
00000320
00000000
00000000
00000000
00000000
00000000
578aeb99
10183914
90c81512
5b811af2
63207cc3
8022d410
a99446e7
f49e09c1
0f53b4a6
f649b910
1c6411ca
c8f617c2
c38a57dd
bae63877
6b342859
ee8ae97b
0c18a0e8
aff36123
760d5271
6771c54a
0153a072
d723870e
e79c6459
8b497c08
298aa712
3253b0a4
451a72a7
4e593a75
84da5113
cd377bc7
07387be7
49170b99
97e2ab41
4d1f756b
722e19e9
0fe63094
6e1ea0d0
a97e8eaa
32287929
9d37856f
d27b2400
a6560633
b7bd9b4b
24401c26
abc50a41
00699aeb
24736e74
c55ad06b
0bacf9e8
56d639e6
1626c3a4
cf28a4f5
51501257
47114363
82aeb9b5
046d8b29
8822b878
6c08a9f8
e52169f0
c08b7c62
07a6dca9
35ac0284
cd18d26b
e780147a
a3922724
5f7c3ab4
0215326d
cc977870
9193091e
68125468
c41a61e8
a5cb9e5a
c364380a
0a9501c7
70988f78
dfbaf7a0
c6708b14
a4c3118b
f042a6bd
72b8335b
cd9cdda4
5a750395
6b31a6f3
0f34febd
3d142551
8c8dbe84
57b5a87b
a0a346ae
412d7678
128303a9
4699e0ec
48027a1b
6c6649bc
ff59abad
dbd76087
c06bff5f
7970eb21
f30f2a28
c977fa7a
0898cbb2
02080689
6f7b6058
4358da88
dcb20d56
a5f7e259
4e0fa907
24b1534a
0568fe46
4621e969
7aba940a
7a354c2e
2d2447ec
d54e1235
390c1e08
f9a78cfa
d06e8f09
311bf0a1
6cae54b5
8acba13b
2ca9c8c7
dc02b707
c5d9850a
ab85162c
c31394e2
230b11f8
75a94c54
2d7bb6d6
636681c8
03f45b28
70514322
2682ac43
c7a7b309
c31dba45
c3066657
5665f87e
34c2e5ba
fb7bb235
99f76e20
319ae00c
23b287b1
1ce4dd44
09caacf7
8080a5f3
6e10bec6
f9496751
e6ed420b
0740837f
5030d60d
67ec3758
57f331a7
955eb731
e8489c01
3c792c00
dc665c71
17063451
964a855a
b5aeea64
6638adc4
509cbbaa
4c51011c
09a8bd5c
ab30c116
25afbcc7
70e10751
a7a6ec5e
612e3bf7
e70ecf61
2bb442bb
599f25a0
bc806526
2ba7dd85
838d4cde
34cbc237
a746b8ce
df9e9c32
72467518
3330fa52
6404a62b
5369670c
4628421d
d5288c34
4cdbcdb9
8815cc2d
ed80745c
6789b2a3
18849449
d32a5506
ab30b95c
528ba792
7e48464c
c5a81fc8
c8298f13
ed405901
90e9da57
a5ab6bea
cdb4ea14
f182c0b4
88c32a73
f2612ce2
340fb360
0000008b
00000003
0000002a
0000000b
00000096
00000005
00000320
00000000
00000000
00000000
00000000
00000000
c1676073
500148d6
0c56d191
3ac52886
cc701562
47bbcd18
070139b6
61e80397
b9c4c439
80322728
c0d40543
5da41a74
38534b13
8a15cef8
a65219cd
0c2cbcda
5be20df1
3db7ac6b
ebb3a923
f3ea49a3
b6f85d14
dbcf13b6
85ebc938
b996d8b6
416fac70
4a872c38
7674d2af
27757b70
87696549
3c9aa4bd
b99c87b6
40426df9
cbe2c73a
8e871502
d3041726
84971c44
474ea560
42e67b54
2efb7477
b83d9bc2
01093d07
9227f025
92c2a03b
5bfa2177
c49c6ab0
19b92c03
cab9b7fa
36e0ca7f
17650ca0
8b5f5174
67c2c29f
7f8e1322
340619cc
2405faa6
24c82a48
f2076321
c886a683
5a9fea77
563a2fcb
95ea0fa7
213e8779
fbe82741
aa10b157
68a817c4
fabf3112
adb1a849
cf87904f
78709805
48f9f22e
f513a90b
c87e5b7a
460bea2b
9249f821
11ae1e22
6853a89e
e8421136
34d41c89
99447977
11426306
e6c1c244
b37a4a0a
304b4a72
faa36104
bd70bac3
553720d9
f3ed93e5
b228c920
93542a89
f9b4b7ea
c9823943
c1ca91f3
6c199d38
04fc0c8a
e0b73c96
4017c763
7a945515
cc1d8933
b4d54507
950152bd
a36384be
e28112a0
a18a472b
3c050612
0bca83a2
28dcb813
7b2519a8
832013c8
8aa22b67
f28b6c1a
92d07d13
c7237532
ea86d19a
f5a977a4
b9a04655
6d8472bc
342e4315
9415b9b1
68a840e4
87abcfb8
4000a7a6
2ccd9a66
b9983293
22026b3c
22c885c0
d737522a
60704d2c
1f414463
ac1c2b6a
7e6b0bbd
8188bae2
db05591c
299bd142
fe0e78e5
5cd924db
72a46a7c
1d6c31d9
52944615
0e571027
c182c0e9
337c3c94
41493651
e46e630a
c7123a38
874c8272
1b49e80f
0823b5a8
463734cf
8fb28736
d9d46592
09f05c3f
c8794359
ac1dcd0a
435be217
094ecb53
d6dbc7a0
54410d67
2db7b46a
01563d45
9281c040
7545a836
69f76984
688b6f4b
55353845
0bf4bc43
1efbea18
38ba8ba5
20a3c716
18109b11
f72a624d
443fc403
6d8c5122
ae6c1afa
bcc767a9
9e779543
3885e875
030e4ba5
ba6af219
6a8a4c01
73f5080a
85c8f2c9
8bc29aff
0cbe8329
382828c9
6b395559
99b27b79
91d52b30
f4541bd1
89070d16
9648600a
d717d395
75e5cea1
1df6da82
100f4a62
8441ab3e
ce536d6d
b79b6c61
99241d5d
fcb09f78
cd3db865
c6980c8f
0000008c
00000003
0000002a
0000000b
00000097
00000005
00000320
00000000
00000000
00000000
00000000
00000000
6147fd02
5072727a
3e655247
1e1d2980
2be60bb2
57d55e5b
431ccae6
82b43ed4
c159c678
34c3f97b
e7ee75b6
b288ac9d
1fc8004b
845472d1
30b03c52
914a7b0e
23a2847b
3a729559
d131e937
30b4cf5a
6168a505
81bd350c
93334e56
3ab76066
6883abb0
0ade4b70
079becb6
2f3bd7f5
ac186352
62d1244a
e85b73ff
f3f02f41
10c1f0ce
25a6ba41
73481c53
0a170c72
dd93d8b7
74c19344
ab89b6a2
ec2bd79e
21c4b126
3a142c77
8285208e
7854ab12
5b672514
e53dbabf
8a49b2e0
b5fb4c20
7ebf68fc
833e8523
b630ff68
f71c785d
e73d79a6
61c5c587
5c6f9c57
56f7c444
3a805175
f5142c98
81b96f0c
55ea807d
b750b25f
13bcc0eb
5459a395
902504e4
590812e0
019ab094
cb82e684
6240a063
57bc49cc
d70aab09
c8d6042a
5b738807
f20791c7
724d7efc
c69aa992
6d4d4218
e77939db
32071b6a
cc70d13c
26007d52
06f3c868
aaaf84bf
79095c55
8bd9f7c3
1a6d935d
5c23adf0
8fb059b0
629f62d5
6ced5b1b
2406d709
24bd28d4
556c5c9c
4caada97
15683cc3
f111971a
55695c92
d073e0c7
a8f99f11
13d7e968
3e7aabaf
204028d2
57277683
8941952f
26a22ba7
37fa4f33
ed3ee5b0
c9036995
3d482a06
24bf3ada
998894a0
11cb375e
b961180f
8c9d78c3
356c6858
a4631b3d
b97f149b
17b3d5be
066a47cd
52841da7
1ba7d3a6
9247a0fd
676e4760
35d7df23
fa0fb287
49f6a6f4
456a606f
53af031b
50f33f77
b42c23c1
b54cd08c
1b1a1995
02ac45b4
62cdc02e
b74dba61
a2d47618
b75801a7
a2c37a04
a2ccca31
4f197305
66825035
545c1089
320f43df
3a496571
b6d6210d
6f2f7a47
c9bd7858
7285a178
4145659a
6996024b
9f51b4c2
6d37e08f
c7ee5f99
1db26218
d5a0776c
64d235d9
88238f07
24c206c1
d808224a
163a475a
eda9c9d9
ca197da0
54266bcd
c15483ea
220274d1
237b5c42
4c480603
733a4546
35411517
6727a3eb
443f8791
00e89c02
99995129
969a27fc
5381d293
21931010
3b912092
8ac6f66c
eebfba56
d3b512fb
b7cb014a
202af8d5
657967ea
adf8f596
e7ced1b6
da5b5219
2c9133bf
528e2909
692386e3
2eb5cd5f
1e459a66
3076af66
240b6e2e
66ab6574
b49662da
96ed3bdd
3771d76a
d2731535
348d839f
06561fbd
1b9e7331
0000008d
00000003
0000002a
0000000b
00000098
00000005
00000320
00000000
00000000
00000000
00000000
00000000
a9c7ed02
98bd1ae8
40a10b45
c7208866
968a44b2
c120d724
ac6cfb6d
f55d0fca
c13869b4
a08cc9ef
14b56452
49f84c45
d6bfe935
f622906b
aa927519
ff4749ae
9a8e040c
12b34cb2
dfb150d0
158a9587
0ad27f1b
003d92c8
711d7838
8cd1444f
0a9ff52f
eb2d641b
3abcfa56
eccc964a
d04a1160
55951646
d1b86c04
595a4be9
5661bb8c
5b2baaff
b099c189
6d0873c2
bcc6fca5
803b5297
44798d26
c910a95f
7a2aa6e7
730ca3cd
ba5198d1
e2565f16
403567b0
8a8c9acb
b5670990
65e8e651
85b14bc1
d746b78a
4447615e
df4ff017
58bdb5b1
66402a1e
3a71f6ea
a1b24a70
a9f0bd45
fe8936f9
59366a77
0bb89984
3e2571da
750b96b6
7b259cbf
0a6d4c95
497280c2
9550179b
cb40b21a
b6739172
585a501f
6024537b
6a705192
3766ae46
35835a37
5b1d0d66
1f3871b2
a1675aa6
1bfec422
52288798
746a7989
5a2f7710
a1485979
344fe341
a8ee8a57
8d5ad9ce
78057cd5
33a72689
8da43672
ee32b623
5945478a
6f95502a
b90a1440
b47fc9aa
3de804b0
6048a11b
b56135f8
7f22802a
2c428622
ace16b92
adf5e828
b664306d
d63a7118
34228f05
7678f9f4
72d89ccc
1d27bfa8
9cb3d79b
62a0b03a
87380172
63720b37
61ea4f62
98878025
83800773
e9fa6c7b
767adb87
e81a2af3
4753bd32
9449d05f
8d82f3ea
444dc934
07a91d34
31964a74
b7393423
858b6b0d
4c12f90d
85cb5a26
3af23b61
d78d6896
bab09abc
4b01683a
eb95e0c5
a927be51
c5fc706b
0e068c48
892b5642
0464bf2e
978e6152
a5d694ac
cf67c265
bfca2112
f95f7149
95592d4f
c5144b8e
87a7bd8b
09484532
518a1985
b7541616
00c02b7c
939b5786
3bb90495
ced38504
634628c2
b77a809a
2370cfa0
dfbc5548
46629953
c509b790
17b61a26
956f1fd8
33d1b99f
5e0275ac
1a569998
a0b974af
c73a421f
c57118f3
21e2ee28
cd7a81e3
119f17eb
cb72f487
e5bba7b6
b4df2e72
c0a69493
693594b3
0cef30a5
74030c2f
3552b5fa
5b2dcdac
83b9f25f
1f2f748b
68787aec
7eb72098
31cfabec
9608c22b
9114f353
7d274be9
2aeb536c
bd50a0a8
d0092133
5587336b
c05c5a98
224d225c
15502408
0770edcc
5ff8746a
73c2155a
88db90c1
1fa59376
c3882308
94341c8b
87624ab3
17b3c955
0000008e
00000003
0000002a
0000000b
00000099
00000005
00000320
00000000
00000000
00000000
00000000
00000000
317ac295
6bbe8582
91ca0f82
8247576d
17702a31
c5b23d11
133a53c1
40780c03
8db7f29a
938e3180
4611525a
a80bf146
716329e9
f0539d67
3009076f
92be2859
f742b295
c0da1467
ae4446af
b46cb18a
5c140cb3
722e5c1f
aa736bd8
8db59eb3
5a56e7a2
483d61e6
6579e46d
125d0c89
86133e39
5025e7c2
27b2c7f8
a4674dd6
49886ec3
0cc9d4f8
a46a1d20
45dc2797
046196f4
38170575
b5d2d6af
5b5cf56a
97c4bf61
7f504987
1b8d1567
00b76992
23419e38
a2a89afc
b192bc79
14c3f147
d633bcfc
17e4bb5c
9320bc96
ffc56bdb
602f37b1
18a5db67
ac3090c6
f97dc1a2
951b5588
574197e1
380023f7
c636793d
5034759c
67297df0
c2ca3499
12724a15
a5669a90
83a21c6a
e50312d9
3a878b93
44fa4ccb
dcb01693
48eb3986
24e8e8b9
bb13b29e
a74e0e06
b0e724ca
03c1b992
650166bc
4568645a
d530e055
97ca4d09
19f5eb58
9cb91b0b
b4089fea
3c050a3e
47125aa7
93bf7eaa
6be947cf
7053b615
44a377a5
52f8ebce
b499fafa
e6e698b0
7f2be5ad
28b4d8a9
62f35ce4
8243ac7a
c16a9799
ccd250a1
3d0bbe8e
e61cf3d0
71816cf5
29952461
4984759d
dbb46664
0f8cc1c6
7c6ebaa9
0b60cfc5
3065b34b
af3a1c6b
55f6ae76
1eabce73
b61a099f
d23aa033
098ccc3e
0874a69b
d98a4c46
cb3c2585
3823c5d4
65cab522
87b7f73f
efc1f166
35500593
4597d263
b313d84b
6c4192da
8babe659
2c8d8143
211915a8
160c568b
e63a1003
182c3e77
24816fc7
351a3525
e7ce9190
9418e261
ef5a402b
27bf2a51
9c0b7396
5eb8e6b2
2bb01608
56da1030
580ab87e
1cfec8f4
5291ea57
1ac845bb
44e6b4d5
3bfbce99
b6681143
67e4cae9
ac995fa6
b57f8b58
83d54878
0f23c336
df5a57b7
b7c57a94
ab4a4ab4
e4305b8c
aafd21d9
519a8786
724ef130
c29c2bc6
6696ea13
2aabc726
c6825839
31c3f99a
228a9374
ba79a763
1cea7e1c
3b9d3887
81c72b44
6df6f3c4
f53ed6f1
b35d2bd1
293ad838
c061f2b0
267a3ef8
39d5037f
7c2e98aa
f9beca0c
48bc2e72
eb546ab8
7ab86f0a
6d673302
f72f6acd
b2b43d49
6a010d56
36bf36a1
2bbd5df3
ad810d96
ab75d536
26e074f5
a39bbcc3
67f853f9
893a2d25
4abad0e4
c9549be9
2a00d18f
1ce44cf8
3a83569d
e68d9c06
0000008f
00000003
0000002a
0000000b
0000009a
00000005
00000320
00000000
00000000
00000000
00000000
00000000
c5bcd79d
e6efa0e8
63b03456
8db8663c
c3a08194
2720be15
e1736ba4
93789975
062578ab
c0533207
380ed007
377af67e
ec37619c
64ecc68b
a64aae29
20bb7a07
b80dce60
abfbe47c
5b2aa53e
d5ff7d16
4bc29e12
d112d749
28f906c7
8470f77f
30a814f5
f75f684c
0d0aa6b0
0c3e5a88
f43e4063
6355b588
016e451e
a6211448
30c91e20
5e6100d7
aab2b6b7
59b60d82
c7ae17b2
2184b87c
99d89070
cea580de
61d619ab
1dd1b328
2b71442c
636a0cb5
92ebb933
6ac50967
dc077c41
33e53821
d91e43db
7bc232d0
6cd24c38
a0583a22
b87326f2
81251d90
3f0686af
1518be74
60540014
a06d5442
9c58522c
8808305b
c996dce8
146940ab
10e7e477
b118f7a3
53a63912
081bcfae
9e8f0482
b8caabb6
70519417
f93da25b
98905d48
08f1976c
6f5ab5ea
e37634b9
cc45faaf
fea8c2ae
77a25ac6
ac30310d
5dc1b24b
d2636a53
90099c75
d41a0bd1
52349ca4
cb130670
d7643bdb
a0988711
5f86f81b
dd90b342
c5505078
264ab50c
bb9fb349
c47bc168
223c9f84
5292f744
3ae63bf2
2fe5af38
4c06ec25
e47145bb
6f5c7a92
e96a9212
95fc12b3
b683744f
a914d0aa
224fb4f9
b683293a
2c909bc2
103fa224
779b8109
eb1ba0cd
2b999e2b
62f681a3
4622b753
498a86d1
0135bdcd
380269fa
c495cc67
810639cc
4da420d5
222460aa
11c41496
2a04b04b
08765c46
18b63490
b06f24ee
7141a18c
5e46e64f
045ce6df
e2e78c4a
1d59f06c
13b87589
90999b8c
7406f129
912ec2e4
15f28e80
34845628
ec9544c1
50518c03
cff280cd
3136f80f
bcab8633
19e3f719
ce10b28d
184e0881
61e55d7d
b8838734
2638c467
96324e1e
e06d41dd
1a9f59cb
18f6da74
5425b48b
c4b72a74
6112c7cb
64cf35bc
b17e4ddb
570ba50a
38a9bb55
eaada785
3b701eac
19371b4d
72ec07f2
66fa0c37
962cdc18
46b75f59
1360c622
d06fdb59
a21dbc7b
0b70a662
dc84dab4
13677e37
491687c8
5c46187b
91c72542
af130a08
5307e145
939d4316
5d643f1f
220b6949
72d67d75
0974f702
d57c88ed
d5b107fb
991563ce
7e459bba
9aba0762
0d01282e
949f0602
440410ec
114bce95
4e5a4ba6
592e51a6
4bb86e52
bbb71df3
a6e8df19
0e6420a0
3b1d1ca4
736678f6
f8f7791a
eefb93d3
10d56485
00000090
00000003
0000002a
0000000b
0000009b
00000005
00000320
00000000
00000000
00000000
00000000
00000000
69510d02
067248b4
2f79609d
836c4427
a51a5447
7741e324
1a89f45d
446c6956
06d9db8d
ebb3075a
a20a4d65
5a823b32
e680809c
3933bdb2
44a9fba4
9e7160de
64aa80a5
33060b99
336fa1cb
3a5d9740
c99b6729
c746b0b1
6aa50528
81a1e1b5
45345956
4c533137
249aa04e
bd08885e
b14c69f6
a9541d76
f3285a22
c19c8b56
2ecc74b4
169de368
c4d34703
17a17089
d686a33a
46b40556
0df3cf76
a8418457
2062242b
5d8700c5
d76fc772
3c2f7f85
a4855474
17978b3a
41500d04
634b3503
ce543624
a4f3a409
5c833773
b14fc3ab
628a9478
278b1a2a
bd8ac8ae
00f40656
81d6b8be
f79069e3
0b8f02c6
3bb30c40
8043a828
2b8d2181
51974205
9ac39189
f62f956b
4a8c119e
4546d669
d1ba1ceb
4ca4e90a
7e4eabed
e67e2503
206b50a2
3d58ab13
31c38574
72d0072f
a7767ac3
a76c5523
0b0aef4e
3fcd13a4
1b56c37b
4eb1c9bf
8a15691c
94ba2919
c561ef34
a3ccaa93
e83e2266
c842d9b4
fe284b68
e0678fba
6e21967c
2c6d40cb
321260b0
66783008
b5b8fa0e
394550b3
038ce418
280ce5f7
41608815
b3439ca4
8f763834
07377c0c
a5f81ab7
7f01d3d0
94730dc3
a9d4fc7c
b3552b5d
970c3e93
5dd15850
982b9708
f2ef2a80
12d0a162
c32ddb3e
a0a64f1c
3c6b850d
46417a14
39260919
901ce51b
8ac31c6d
c86c9d8c
61078153
8f712c46
d75d8bdc
bd949840
a483166e
6b9285ab
ce004938
f7540bc9
50cf1b48
7186f970
471813d1
15eb95f5
b7acb487
554b57f0
c4d9a6b4
86386918
af0a928b
7ccd6d23
4f105802
dd1cdb5a
0c3b50ab
300182bc
4cc9c726
c64f3ee3
279a32ce
f8a313e9
ba3552f8
83625031
3998262c
e7fd1c16
60419845
5309dc8c
66778182
764bf49b
b0bd5c6a
7812c2c1
4b36a42d
a668c381
47337d74
84f7dc4f
fc0940be
c3c85a99
680a1811
5b8a717b
56237d89
794c7ac8
d9211330
4a5bb3b0
4c8b4459
29cea449
d8292e53
b826b332
312b0231
dcefb1da
4bc46d65
0ec1688a
f85e3318
422699a9
a71c0393
496a89ba
c74a8a7f
d799e600
92d573a8
3a06a56e
4490f9e3
8c5e5888
5e2a1bcb
daa752f1
db884b1a
190a41bc
9e20b064
a3bda913
95171f82
a209079b
cf1d1065
4a3f2b5f
5f9f3013
8681c424
14d9ca67
cd1ba85a
54fd1901
