3254414b
00000001
00000200
00000091
00006a34
00000000
00000000
00000000
00000000
00000001
0000002a
00000001
00000001
00000001
00000020
00000020
00000000
00000320
00000660
00000000
086a2628
4382348b
af01ca9b
615ccab7
b579a936
a9859915
b6364b48
b9f7a579
35b69e81
7b1f8977
4198cbb9
4a43cc3c
6da179dc
6507b36a
9162ce69
645d9bc5
b07f2a61
201350c1
bbbec80b
1770a503
63435e4b
b06ed8ae
280d222a
7f45b51f
c59f540a
a6491d05
595201b2
4f08c3a2
69175e40
67602295
84a58655
27594090
3452265a
88bf3aef
08a871c1
3378fc98
80c9bb58
0289873c
9e7c917d
68c5cbba
84de18cc
b95454c8
6c584942
8a2b6e0c
9c78fa16
d12d2151
b8e98e72
2805c4c6
6f8293bf
416823a8
2a032396
94567bf2
81165830
58a83c1d
9c0e1005
e521961a
cb549e08
fea8f547
f89eb4a0
87516b1c
c72489f4
616b7d94
8a4a7a69
f82e4518
d46a3303
753250be
3cc0acbc
f7051418
479bdcb1
b39e16fb
e227be7b
4e3a769c
25a4b952
f08c3820
cddb8e9b
65cf1cf4
610e1937
c17cc356
0f3cc6aa
d078ce90
c590b1b9
6f1bd748
588fcc26
0440a15e
aa0ab3b5
dc2a0b10
88826312
464eb233
44413b16
82c8986f
94392a09
06b86718
7609e232
9393a774
0bdb2752
3ae07785
510ac569
c873744c
a7fbe392
da6b31c4
702a95bc
68764164
3291417d
d893ad3b
50a23c5a
47078c86
614fc4e6
af74c826
d4bdc0be
c5b23c50
6e81699a
9409417d
9a576714
4f6afe1f
9037fa50
ab9d7251
43612f6e
67be152f
ccc767d6
2b745410
7830952b
d988cfa5
30873013
1dc6889d
9cd940a2
29731359
86477b90
d5ec2153
73984e56
60cbb433
a8fc0a7b
95dc6967
3521f9b2
b8fc1372
29153b0c
b2bae918
1b0a8c22
c67a8977
8850e58c
f3875f16
9097da97
c5623b87
cc0c3c38
67020f37
6595e1cb
6133cf1c
c32ac282
c9764b92
a2b779e7
b666d171
24844bd2
cc737e2b
40763f72
51c8f639
c3344074
c0b04d30
4f76a591
35599ddc
4b73ff56
cb7ca882
95a98cc3
bb88d964
07bfd1d2
7260b11b
0451362d
066127fb
81eda851
a642277f
3a27a1b5
44afac61
14abb060
2392a956
1c0a4051
56d8957d
0637e3d6
16c4c922
01b4c64b
a9245643
ebca958b
ce344f27
788d0392
d8cd6850
8dc344cf
c4b2ac84
6c75a266
8ce70e87
cc38e726
30021045
0ac9b84e
63644bb2
774d12eb
2e7a939f
1d619236
7bd5342e
2c4bcc36
f41fb3d3
4d68c685
2e978b40
d2a75c0d
4eae4a22
051dc389
b2aa1a61
c28bf758
d5800ade
0cf84b91
0d996a37
f497cb33
e17c07f2
55ac2d2d
0b40e39d
4a752206
3047812e
402b7cbb
ec6c071a
4d652495
b261c6da
a63e12f2
27d73b4d
d2c842ca
bc755472
98b6d40a
d00110e6
97581031
496274ca
cd3845d2
879e8463
9f44b94e
ca79e9ba
7b353f2a
12f1877d
8bab16fb
31dd0ba2
1b238856
3208a421
13316677
06a870bc
7f9172e7
a04357a9
c78b131f
b2b35cbd
e38ebf1c
ce0beb01
acbaa471
69b40739
67e7edcb
94a15aa5
2b4a0b93
3c637e22
c73f3af3
324a4515
7f713b87
011ca2e6
e4339198
85d91321
a20768f4
05e10d6b
73899acd
6081d934
9a14c375
2dcc1919
236ad5be
db2c19f3
05e3f668
868b2b85
34b5ac4b
4198fd9c
8694fc9f
787fb0c6
b779bc8c
b0410468
92bd1ddb
9df4dfae
52aef2b6
b9a95fb9
08ccc666
17134a71
59389070
cfd223b8
6da33197
05b69587
bff1f885
544e2c1a
c1d50744
bf109835
4537a799
ec63a611
832b191b
4b4f7ce2
6987336c
6a754d2e
d1145c23
826e0551
3699b79f
2ea5c8a0
f3f028e1
73ebf869
88377890
2be37c03
c4571e02
cd68b95e
b0049a5b
9714892f
203f6578
e7c2148c
4754d486
f02b5749
131ba3d9
b660adbb
79936b75
60162efc
73d38ec5
9e3057c9
3a2113a2
59cc8859
5371c3b1
71721f81
9a721ebc
149762b1
705f95d1
62559667
3f8eb013
d1676876
8b6402cc
b84b57e0
78098d81
2f568c57
dc9567fb
12375006
38475e9c
e70f96b5
7025a2e2
a47165c3
18a5a0a7
d2f80976
29ca1477
9c500993
77c28a7c
a214686e
979b3562
3c151a1b
8d8581ab
9f0f3596
8498cc2c
9e50f5c8
b4557623
752eb2b2
829a91c6
95b056eb
552bc5e3
55683f58
75cb86e1
64203ada
20926207
5c1d7262
871bc51a
bf3306b1
14088643
6be19cc8
7c6666bf
27bd0121
9c9680ba
7648dc78
f59e9878
b4d922ab
0e597926
4ac95518
e0b4909a
453a3321
23aec732
60645883
aa98b594
d0861443
2cd8bbb7
61bb4e5c
3e0c6895
b106a85a
0470af55
fe678831
6399b155
34504953
249645df
514bb0f4
48517a16
a3469849
d85a606c
7476995b
8e1d24df
e2569ec5
42b3cd2c
2a2935f5
9cb644a4
21257a3e
086a2628
4382348b
af01ca9b
615ccab7
b579a936
a9859915
b6364b48
b9f7a579
35b69e81
7b1f8977
4198cbb9
4a43cc3c
6da179dc
6507b36a
9162ce69
645d9bc5
b07f2a61
201350c1
bbbec80b
1770a503
63435e4b
b06ed8ae
280d222a
7f45b51f
c59f540a
a6491d05
595201b2
4f08c3a2
69175e40
67602295
84a58655
27594090
3452265a
88bf3aef
08a871c1
3378fc98
80c9bb58
0289873c
9e7c917d
68c5cbba
84de18cc
b95454c8
6c584942
8a2b6e0c
9c78fa16
d12d2151
b8e98e72
2805c4c6
6f8293bf
416823a8
2a032396
94567bf2
81165830
58a83c1d
9c0e1005
e521961a
cb549e08
fea8f547
f89eb4a0
87516b1c
c72489f4
616b7d94
8a4a7a69
f82e4518
d46a3303
753250be
3cc0acbc
f7051418
479bdcb1
b39e16fb
e227be7b
4e3a769c
25a4b952
f08c3820
cddb8e9b
65cf1cf4
610e1937
c17cc356
0f3cc6aa
d078ce90
c590b1b9
6f1bd748
588fcc26
0440a15e
aa0ab3b5
dc2a0b10
88826312
464eb233
44413b16
82c8986f
94392a09
06b86718
7609e232
9393a774
0bdb2752
3ae07785
510ac569
c873744c
a7fbe392
da6b31c4
702a95bc
68764164
3291417d
d893ad3b
50a23c5a
47078c86
614fc4e6
af74c826
d4bdc0be
c5b23c50
6e81699a
9409417d
9a576714
4f6afe1f
9037fa50
ab9d7251
43612f6e
67be152f
ccc767d6
2b745410
7830952b
d988cfa5
30873013
1dc6889d
9cd940a2
29731359
86477b90
d5ec2153
73984e56
60cbb433
a8fc0a7b
95dc6967
3521f9b2
b8fc1372
29153b0c
b2bae918
1b0a8c22
c67a8977
8850e58c
f3875f16
9097da97
c5623b87
cc0c3c38
67020f37
6595e1cb
6133cf1c
c32ac282
c9764b92
a2b779e7
b666d171
24844bd2
cc737e2b
40763f72
51c8f639
c3344074
c0b04d30
4f76a591
35599ddc
4b73ff56
cb7ca882
95a98cc3
bb88d964
07bfd1d2
7260b11b
0451362d
066127fb
81eda851
a642277f
3a27a1b5
44afac61
14abb060
2392a956
1c0a4051
56d8957d
0637e3d6
16c4c922
01b4c64b
a9245643
ebca958b
ce344f27
788d0392
d8cd6850
8dc344cf
c4b2ac84
6c75a266
8ce70e87
cc38e726
30021045
0ac9b84e
63644bb2
774d12eb
2e7a939f
1d619236
7bd5342e
2c4bcc36
f41fb3d3
4d68c685
2e978b40
d2a75c0d
4eae4a22
3198383a
fdd86e05
69684781
68825724
ceb3849c
9e6afe90
80a3d078
73156afd
9eb38c1f
45bc309e
40c50d8a
18b18488
0117b27f
fa60f78d
03773157
a9a044b8
00000001
00000002
0000002a
00000001
00000001
00000002
00000320
00000020
00000000
00000300
00000020
00000000
a504321c
0731c0a2
4ae25974
0fc89f17
9fe13388
0dace736
bdbf7130
f1fc482d
ef962b35
9531fad0
ec274ab4
94275b57
89409e90
40561e42
f40cd09a
430f6872
396d0a8e
b9e68fe8
2c72ef38
f7757f7b
8f4c2614
a628c522
5dc78539
8b271224
29cd7a13
17ad3c00
7c63a211
50640163
0a3c7d7b
bad31dcd
1194686e
ee3e6ddf
c9c80e41
c87bf23e
94c31920
45e6853b
11ec9b51
8373d405
45a5c788
0d88672a
c1658de8
a4556a62
265c5b56
c3bf0bb2
cfce2d3f
d8498193
df198bb5
c351f4b5
b35afba9
436c48dc
b697535f
a91624e3
69986d30
ad3112b9
ada4c9fc
c46e953d
efc33298
06d56e2a
3d63f638
bba78f5a
45ef047b
d6579bff
1d777bea
b9e5c357
3ae096bf
b41b60bd
e1e35c6e
7b3e2304
82b042e6
ebfc10a6
514c68ea
059aa36a
0287db1d
8149a85c
177c176e
931501c1
d9b5989b
322353f9
0c25b58c
e9b7384e
201d4832
b066bcbc
c13dcbbe
5f6f19aa
8fb207e2
3c4a3436
e1fbf200
6c8d8779
7f468179
d070dfc2
098f0879
56cbd2b4
59deded5
19b3773a
13f6e830
9a7ffc8d
37fb9572
71331a2c
beb21036
e711f351
ec5060ce
3a5c6e27
e40e7950
105181cb
9d65ab52
af4b4fd5
dcac1e21
7c984e2a
b3b82e7e
1368f084
f72b54c2
b1e6c365
f38b9642
d01464c6
6459201a
707743e7
87a9a640
1b68849c
2f3f6b6f
55040b2b
a2992a95
c109d61c
1be77bfd
58c9a1a6
69dc4594
37491dcf
40c63a76
d33f85df
4391dce6
3f477e46
7599b8f4
51ca4cf2
c2306850
f88bad79
831e6106
8c5e406f
0862c31f
76cb9ae9
7cbd1643
48e2d242
5c3ddcb1
7fb71a55
682968c1
319c1253
072772f5
f9d51f79
fdc4abaa
99a9824c
273fa970
25d6d04f
dcaedc2e
98f56b07
05286e4e
ff31b86b
f6b09c28
48bc87ee
a02d7116
17a522f3
30f2f565
cb72ded0
9c4c71b4
bdc156fe
d3d77d72
b8b5c1f7
1ac82930
43fdb822
0370130b
b7293fb6
c5a2a110
0babf949
23a1c85a
3b1a5a93
026927f6
5ff6ae52
2e1e6820
2143669a
e1fdf5cd
6b193c94
424ef0a2
ce625fe3
018f1977
4da147a7
46edd757
a6899125
fc6333aa
c58c8a17
3f039f49
d3908d9b
b7faaa27
1e8316de
37d32583
f1cd3dab
4b37742d
a59ad255
a244e185
a9f0a49b
3ba73765
556c174f
665f0727
58888ee3
00000002
00000002
0000002a
00000004
0000004c
00000003
00000660
00000300
00000000
00000020
00000000
00000000
eb44b61e
7d8775fd
e181a40c
7c5eb9a3
e0811b46
425adfe3
c7759769
04b0a3bd
00000003
00000003
0000002a
00000004
0000004c
00000004
00000020
00000020
00000300
00000020
00000000
00000000
94fca84a
52bb0147
c85db980
a161ff61
cbfdebb8
ded03faf
3e606a1e
b9b4efe6
00000004
00000002
0000002a
00000008
00000074
00000005
00000320
00000000
00000000
00000000
00000000
00000000
00000005
00000002
0000002a
00000007
0000006a
00000006
00000660
00000000
00000000
00000000
00000000
fffffffb
00000006
00000002
0000002a
00000008
00000075
00000005
00000320
00000000
00000000
00000000
00000000
fffffffc
00000007
00000002
0000002a
00000007
0000006c
00000006
00000660
00000000
00000000
00000000
00000000
00000000
00000008
00000001
0000002a
00000001
00000002
00000001
00000020
00000020
00000000
00000320
00000660
00000000
fd40b8ca
288b8102
2c1b160c
58535881
bbda920a
00077a3a
758a1226
a3df6cd8
632201bc
5b3671e5
7a908944
b26ad57e
11811389
40d03111
b8667e58
7aa170f8
d83ab736
ac025cb3
27ace7e0
dca64446
1e40a723
cf47e5f0
969c8eb1
8cb76491
ae6cd036
e67086a4
2579183b
578720ea
27c28bb9
25b55d2c
f2bc726a
939b0b13
2293e7b2
ae97bb2b
29044b46
371b8189
1086d3bd
71655b89
9a9c612c
878de7a1
73b88026
a77b1b0d
79cc2191
2c953e8b
71f08131
d70797f1
9ce91fba
acbba556
e270a1f4
47c32244
95cb848c
967116d0
8ab77ca4
14e4a017
087fc3a1
b04f5916
c3008088
20282b24
a1654dba
33761e5f
fe367711
0af190e7
cc67455b
661419cb
e5b50ce4
30431d66
a062e500
d4089102
862191ce
02360825
34c1a7ca
13a7df11
d731c67d
4add827a
1af8ae05
3d7eb747
7a149869
29c9cc7b
e84855f7
d9d1a666
0eb7bec7
6206d763
63a8052b
00d7c9a9
26643ba1
d87443d3
7d000ebb
18ccd78a
c352b106
75ebae8d
91570cdc
b88534c0
ba7a5eb4
f2264083
5455bac1
6f637f27
995f0059
643d6fd1
2d7cc330
5e11c724
c84846e0
2509e98d
ad29b5d5
13327c0b
16659aac
9b2395d3
46ebcb91
c9537054
1e211c8b
95c2ce64
2d1b8a17
11354a19
c6212bb8
7b7ce751
1513a5d1
4cabc599
bdf46c65
d0cb6337
71c21219
468a433f
464be23b
fa3c472b
8ed57c7d
25053cda
c5b42d6a
c0fcf87c
4962fad2
d4369acb
9d8c9b4f
f34ce8e9
8c7d9ff4
3092de08
76176c76
002f9e92
47283d45
ee0a350a
02465a00
19f32a81
c95d0826
3afcbffb
222aab1b
83c9c497
8ad4b746
bbdb3e5d
a8ae66b6
963e9ea3
b60a5f88
ca1ba87c
5ca192c2
a589476c
763686de
7bdf23b1
5435be3f
89abd948
0c4d01c5
b2ec82a2
85364b50
66de39a2
75aafc03
a475515b
7076a81c
316ac57c
d998dbe3
302a61ba
76151209
e5b49b44
73c5cdec
7c3c8130
10b192f6
022d1237
9400e36b
78218a2a
c42c6791
5a18ba1f
d6b9b362
15ac1974
c3d672b4
d830f855
c8d556eb
be58dc92
6b8cca0a
6ac84c30
cccaf356
03152b39
28e273ea
c3f9e663
189e1a17
4c1c33f0
3c55c95b
925546db
194e6c6a
b530a389
2b423f32
9d32b19f
40e3bbb7
1cf126ac
2e259962
604225ab
b7f73f45
f4d0adf4
00a49435
95e24a13
1b98db52
ef33daeb
acc55bf0
39b5a07f
ce1622f9
ea570979
11205934
6bab42af
201113e5
787a5a8c
334ac87a
f6dc280a
79f89da6
016487cf
84afb0fc
1f4b9c56
6b5556f5
72f321ab
2c178f8c
683cdceb
02db8647
586c7455
bb29372c
05147be9
97758f37
fd079b9a
b2a136bb
968c3c8e
e3bc1c43
7b0b5101
4ef396a5
9994f924
236f33b0
8053dcc0
39b844c0
1c490152
11ac85bb
8eb76bda
5b54663a
0a4c2840
dc8beb64
1b35ba63
29eaf595
761c05e6
26770ffb
6df13ebf
d77c1c53
d5ab49cc
7d23cf84
db1400ab
97aac849
97f3e60e
f48ce470
b8640e4b
24489d6a
b3562504
24cf1b33
c9ea425c
2686bbe2
190d2315
5bb554b8
e2c221e7
7cfd4739
4130f374
31676255
0638adb4
b7fcc04b
318fe426
4a4ab26a
0bda3187
edbbc028
9000af56
5f0b1d9c
0521cb86
38f17de3
038a4d5a
33c88089
a1f62fb5
17896508
0166b93b
4ce93a71
cd8bf40e
36887b56
65215a98
2120b70a
5b2275e6
ecdd09eb
4b32ff05
fe4008c9
4620afb8
33893f54
d6582549
555225f4
297c473e
e21e60ad
98de1d57
91779d39
078e094b
7b1691f2
0ad61e04
4f79d5d8
e7c75aa6
62c93f66
432fe2aa
7a3e7975
75786288
794eda1a
12cb4317
bb245fcc
3c7fd5a5
48cf613b
26625c31
b7c827da
303d1c93
b456314f
efb0077a
3789b64c
22983c47
feaad508
8894a23c
2bc0eb22
621fa0f5
b4f19ce0
030295ab
77965506
670aaefa
1c717475
a12fa9f0
d60b24a5
12a83d32
447a43aa
97585890
37007945
193fa0ed
5afc8ad8
ab186b3d
5c60a2a4
ab6825e4
03f3c1b7
4f5308e5
770ba1b7
9c4173c2
8018f493
f3c4811a
af3b00ae
819330dd
80be4ddc
b378f965
e0193beb
97bc9735
b3a00c9c
6808836e
cae289e2
6c19c254
902b9299
e74fcd47
44a459b2
12ae417f
14f98501
86b1f11e
9e868af6
a63e37a4
8663fd54
3ea62cef
848fb67c
91685054
3aafbac0
b23f9566
043ca06d
1f7ba2f3
92e45619
1463332e
110d36ad
895c394c
be970181
aaceb873
b00ab0a1
3cd3a279
e4505421
83f333fc
4f83e283
7331140e
e2ecc1c1
48ba19ae
b0cafce0
c91257cc
9c22d8bc
2907b02a
f93b7bf3
18f7d274
fd40b8ca
288b8102
2c1b160c
58535881
bbda920a
00077a3a
758a1226
a3df6cd8
632201bc
5b3671e5
7a908944
b26ad57e
11811389
40d03111
b8667e58
7aa170f8
d83ab736
ac025cb3
27ace7e0
dca64446
1e40a723
cf47e5f0
969c8eb1
8cb76491
ae6cd036
e67086a4
2579183b
578720ea
27c28bb9
25b55d2c
f2bc726a
939b0b13
2293e7b2
ae97bb2b
29044b46
371b8189
1086d3bd
71655b89
9a9c612c
878de7a1
73b88026
a77b1b0d
79cc2191
2c953e8b
71f08131
d70797f1
9ce91fba
acbba556
e270a1f4
47c32244
95cb848c
967116d0
8ab77ca4
14e4a017
087fc3a1
b04f5916
c3008088
20282b24
a1654dba
33761e5f
fe367711
0af190e7
cc67455b
661419cb
e5b50ce4
30431d66
a062e500
d4089102
862191ce
02360825
34c1a7ca
13a7df11
d731c67d
4add827a
1af8ae05
3d7eb747
7a149869
29c9cc7b
e84855f7
d9d1a666
0eb7bec7
6206d763
63a8052b
00d7c9a9
26643ba1
d87443d3
7d000ebb
18ccd78a
c352b106
75ebae8d
91570cdc
b88534c0
ba7a5eb4
f2264083
5455bac1
6f637f27
995f0059
643d6fd1
2d7cc330
5e11c724
c84846e0
2509e98d
ad29b5d5
13327c0b
16659aac
9b2395d3
46ebcb91
c9537054
1e211c8b
95c2ce64
2d1b8a17
11354a19
c6212bb8
7b7ce751
1513a5d1
4cabc599
bdf46c65
d0cb6337
71c21219
468a433f
464be23b
fa3c472b
8ed57c7d
25053cda
c5b42d6a
c0fcf87c
4962fad2
d4369acb
9d8c9b4f
f34ce8e9
8c7d9ff4
3092de08
76176c76
002f9e92
47283d45
ee0a350a
02465a00
19f32a81
c95d0826
3afcbffb
222aab1b
83c9c497
8ad4b746
bbdb3e5d
a8ae66b6
963e9ea3
b60a5f88
ca1ba87c
5ca192c2
a589476c
763686de
7bdf23b1
5435be3f
89abd948
0c4d01c5
b2ec82a2
85364b50
66de39a2
75aafc03
a475515b
7076a81c
316ac57c
d998dbe3
302a61ba
76151209
e5b49b44
73c5cdec
7c3c8130
10b192f6
022d1237
9400e36b
78218a2a
c42c6791
5a18ba1f
d6b9b362
15ac1974
c3d672b4
d830f855
c8d556eb
be58dc92
6b8cca0a
6ac84c30
cccaf356
03152b39
28e273ea
c3f9e663
189e1a17
4c1c33f0
3c55c95b
925546db
194e6c6a
b530a389
2b423f32
9d32b19f
40e3bbb7
1cf126ac
2e259962
604225ab
b7f73f45
f4d0adf4
fb25be52
a07ad8e4
88da5312
2a59d291
792f6e41
0ae57914
f2e819bb
1662dd15
758595b9
02978f12
60262525
2e42f964
bd5ff783
c22b0fcd
f0558664
e5171ae3
00000009
00000001
0000002a
00000001
00000003
00000001
00000020
00000020
00000000
00000320
00000660
00000000
5f5efa5d
403f1ce4
0011ef64
793e944e
59864513
55045aca
0888bad9
8762b015
1303d99b
d0733a6d
a912a821
a6f09d66
b1cf048a
79304217
8f3c1019
950a71e3
97041249
97d48305
a624a326
720224bc
b526cfa5
f956166c
b47fb396
c77ce230
514207a3
5b533934
c3295e3c
02c0ab02
51d7a265
9f962720
2bcc508a
161d9022
069971aa
8a4c09d5
6c90a391
2c85ebbf
fa81a5c3
8576b433
1a837a95
44c28af4
32de66f7
0e19a0a4
6e338bd4
79a95541
42dc3059
7d63da09
30ee9cf5
83002533
7cb9aae8
75eec930
ce486119
e856c56c
e7ea4ab5
0c9aff43
d7009bc4
53f3aab0
0324a287
566095a4
2423a4fc
5f997748
a6a972c2
c976c123
029baa11
fb57ac27
54004620
c8106e6e
efaafc43
678e418a
6946ee39
bc77c5df
bafc51a8
99a6a3ce
3dca5ba2
bcec97e3
3d1cd3c9
61b40cbd
97cb7da0
bf0b906f
2731ca44
12481d12
32c35f7d
f043065a
456c3c23
7c213c58
487aa1c9
44052682
97c03cb4
290a732b
299c6348
83f3a0b5
fb123102
70d96c10
091b010d
09cb831a
b2f2219c
94398bc0
9d36d5fd
18f65a4c
9200bb96
803f112b
b1239469
85584abc
dc335ae9
65816eba
7b0abac4
006db12b
08b232fd
cd17d737
8911c955
9c884d73
896c4109
f41de2cd
788777bc
504b1b0a
ed66aaa3
719b5338
39476e59
cf5b1665
15a001a7
aec9463a
8a586b0b
81cb6b13
caa8e04f
2b3dd6e7
ea61aef3
0314cb2f
6b75766a
71df8703
2036a723
82cb7ade
159923ab
7830d008
1c223bd8
4c867f04
75bad715
839822c7
03827905
bea09f84
f4232b73
2c038410
bd97f075
ed2f0ba9
c5ad516c
1f955361
99bc960f
bc34ca51
2f974c1b
4e231545
8c7364d6
683043ce
77bf361c
2183473c
4a961e6f
a1b1e40d
e2833192
695bc432
e0b8eb92
614215d5
1adb4d27
37aad2a6
1bd536d8
19da77cb
a210b534
2707832a
ba2a4107
f781ac89
8bb3a5d9
3bd0cc84
3313b756
19149973
0f1109cc
1d15dba1
c2ee3b45
6361b40c
234730de
828547d9
9e5b6199
5355b19c
77097f20
43c81621
89c315a3
8a5060f1
76aa1b00
db5927f9
3361b479
b766ad79
bd036398
dc72c817
8264279d
f0612837
035b806b
1a255fc5
cd372181
c6f55aba
5e792d5c
48ee84bf
af3803f1
c9c57c31
e84aae61
0e5f3c24
e7b00a31
2cd85fd7
ae0b3da2
5493c425
9685ba65
448ad0c6
aaa9d6bb
16741fa5
3812a707
3a4ea2a9
8a388c87
6ad69980
4847a461
d67b1976
935ad271
d8b7669d
81135411
4c69c2c7
9f39c853
5c0f7840
6d366039
5363e770
a00a6e67
9e8bed24
3f8981fb
6ca0a7c1
2dbad4ba
8e82166a
802b00d5
2421d58e
ca218bbb
ea3830a5
c10955a1
8c47b3fa
a44e9ab3
744164a9
6ea4f1a0
ea407270
cb321b6c
8360b090
f938c270
4e40fc6d
8e1f2500
b7a69d80
84572928
6e23e995
51b61910
20f99db4
b89726ca
977d1c05
8d993835
d567a813
8491b41a
a991af1b
4045f1c9
50719357
aa7c1d36
2c9a9afd
f65811f5
6b29d359
320ae3b4
d24a5eac
af52353b
e9cac7d5
19a038f3
2446fd1e
af4da2eb
3c45c748
37da7aa8
dac1697c
18e8ce2a
4302b7ca
6916574e
f813255b
7e79ce30
5a0feaa9
47b8af04
73dbac77
7947d299
c6d65f7a
62d86823
1c3b772b
5c2b3822
b0b3ab1e
e6bf1293
72997a0c
c79aaebd
6c7b6937
f98205fc
608a6538
f615d0e8
d273b370
a82100a0
0556b690
18e7981b
4e45082e
5a35317f
c7566cda
8a529dcf
4a9a40c1
14475b01
10663172
70450c24
f2f7a2d6
a276ed97
03b7a8ed
c0227a42
49a5d456
129685bf
ec5a6aa5
11479146
6100ea8d
e30c62e7
b4ea5503
abb6a10b
77eb394b
9cdb1a06
b048a10e
b6c7c05b
91fc08bf
ad7109b2
1b054186
c1a90b23
c5c8d5a8
881c2300
93612351
9eca367c
379188f4
73e7c947
07505046
f34751b5
98380954
c0ca4c3c
c4013173
8a131a6b
f942dbf1
fc8cc126
405ba686
d325bbab
da1ba5c4
3cd6c58f
7b2010e5
31de3219
325106ca
f8c5c63e
c0206782
14b61394
18cc545e
b741aef9
7f9b361f
63752007
79517670
928ae87e
be464a54
953d0659
7d8be8c1
94c84648
d3de8b33
8d081b3e
3283f481
049507c2
37497d14
8450d155
17233d46
a2e7fb5c
664b4293
15711aa6
6f178c5c
8a8c52c7
d5186457
8e85e977
ccc6cb3f
4050c651
40d67e84
b9447a4b
1c322fe8
6c17d628
727f1cf3
b9f79a2b
a2488359
0aa50878
81d57403
a7da3e34
8771c34b
d1799870
3f858b7c
526459d6
6029b989
ae45f23b
d692ebb5
c4b3a755
23c88522
5f5efa5d
403f1ce4
0011ef64
793e944e
59864513
55045aca
0888bad9
8762b015
1303d99b
d0733a6d
a912a821
a6f09d66
b1cf048a
79304217
8f3c1019
950a71e3
97041249
97d48305
a624a326
720224bc
b526cfa5
f956166c
b47fb396
c77ce230
514207a3
5b533934
c3295e3c
02c0ab02
51d7a265
9f962720
2bcc508a
161d9022
069971aa
8a4c09d5
6c90a391
2c85ebbf
fa81a5c3
8576b433
1a837a95
44c28af4
32de66f7
0e19a0a4
6e338bd4
79a95541
42dc3059
7d63da09
30ee9cf5
83002533
7cb9aae8
75eec930
ce486119
e856c56c
e7ea4ab5
0c9aff43
d7009bc4
53f3aab0
0324a287
566095a4
2423a4fc
5f997748
a6a972c2
c976c123
029baa11
fb57ac27
54004620
c8106e6e
efaafc43
678e418a
6946ee39
bc77c5df
bafc51a8
99a6a3ce
3dca5ba2
bcec97e3
3d1cd3c9
61b40cbd
97cb7da0
bf0b906f
2731ca44
12481d12
32c35f7d
f043065a
456c3c23
7c213c58
487aa1c9
44052682
97c03cb4
290a732b
299c6348
83f3a0b5
fb123102
70d96c10
091b010d
09cb831a
b2f2219c
94398bc0
9d36d5fd
18f65a4c
9200bb96
803f112b
b1239469
85584abc
dc335ae9
65816eba
7b0abac4
006db12b
08b232fd
cd17d737
8911c955
9c884d73
896c4109
f41de2cd
788777bc
504b1b0a
ed66aaa3
719b5338
39476e59
cf5b1665
15a001a7
aec9463a
8a586b0b
81cb6b13
caa8e04f
2b3dd6e7
ea61aef3
0314cb2f
6b75766a
71df8703
2036a723
82cb7ade
159923ab
7830d008
1c223bd8
4c867f04
75bad715
839822c7
03827905
bea09f84
f4232b73
2c038410
bd97f075
ed2f0ba9
c5ad516c
1f955361
99bc960f
bc34ca51
2f974c1b
4e231545
8c7364d6
683043ce
77bf361c
2183473c
4a961e6f
a1b1e40d
e2833192
695bc432
e0b8eb92
614215d5
1adb4d27
37aad2a6
1bd536d8
19da77cb
a210b534
2707832a
ba2a4107
f781ac89
8bb3a5d9
3bd0cc84
3313b756
19149973
0f1109cc
1d15dba1
c2ee3b45
6361b40c
234730de
828547d9
9e5b6199
5355b19c
77097f20
43c81621
89c315a3
8a5060f1
76aa1b00
db5927f9
3361b479
b766ad79
bd036398
dc72c817
8264279d
f0612837
035b806b
1a255fc5
cd372181
c6f55aba
5e792d5c
48ee84bf
af3803f1
c9c57c31
e84aae61
0e5f3c24
bc58f67f
7ec03f93
b3b4f844
f45f12c3
186d1793
786f0c38
d629b216
e36ef5d2
b79cfec2
29f79bf4
82a18567
c398d74c
e1f4bf77
cd736483
23748c4a
130f1dbf
0000000a
00000001
0000002a
00000001
00000004
00000001
00000020
00000020
00000000
00000320
00000660
00000000
4401e940
01884b37
23531771
0f52086c
b8bdba53
3e1ba12e
1d462b09
d90c7c83
bcf7905d
6d9516ff
69fe80f2
b2256862
284eb56d
a0079b12
72a72ca3
e2937a6f
d6c51e26
643c4604
7e7a9b66
e89b4ae2
57acfa22
74427a83
46c306b1
87003b14
c58153fc
d8d44040
9c6c5097
47513856
fa3f9df4
59971ba5
19a1e6b2
1a427cab
aae0488b
3f3c1c1c
88496363
025a317e
3571b6a0
40aa32b7
9fb09060
a500b0e6
a79f0e2c
c8d1ac37
1ac3e2f4
d69a3417
01959301
956b5000
15386e7a
374b2278
602b45a2
8873a92a
1d9b5784
6388b66d
4876c064
7f6beeb4
a81894a9
b6fdbe91
64767f7b
be2d905f
101917b1
3fd2ca73
c57a229e
39897089
606cfcb0
21a3f7ef
f3243290
9dd2d442
c160c678
b8048217
77a40f0b
fd3ff8f3
13a20ada
bde38e36
d2c3b075
343653c8
66949daf
7527230b
88170eda
b999efbc
77992264
63ab5556
5d86cca1
ca343886
e8393a93
8a8a1965
a34d5193
e68a2751
3d204976
af923777
23e251c5
8ff4ea67
7f50b4cf
21beadf3
6453467f
dc5ba02f
ca3bab00
acf12786
274090f8
07cd0d7c
7ff93611
9db575ba
220d3dcc
33545e35
c3ba2358
d7064690
bc45a89e
ba498c44
aadc2422
589ada7d
d3aa163a
56e1a882
0819ad53
a7a2b95f
2aa81c0a
c0d6bdbb
e481d05a
916e68c7
ad52f67a
9fc1bb5d
bb7b39fc
827cea13
661aacac
32baaa95
93c59ab3
ba1b4b77
59440446
137b1ab1
9cc81842
a4224cd2
5bd77790
701f68b3
91589505
1a913166
68807505
b0719670
00d0042f
b31af34f
8ca68fd0
b99bfe63
8160435d
38df8002
3d77cf4e
89973c0b
aaef9695
818c5bc0
7487b76f
40613646
0e15b4c4
42a7f5f3
a0d16a07
af0041a5
3185aabc
7b80adb1
3c835f78
6d9c816f
f0b079b6
55e587b0
2e3c89f8
94dfb6d7
b223b65d
0f54781e
63f64f42
8a4a4629
0272ba59
1385add8
0906811d
9958a428
c03263f0
a4459d77
dd5ed2d4
9b8f1381
0cf9d370
4528dcdd
41027555
2e8cf53d
cd2c6995
9a361ad6
a430a840
b729e6b3
e8a181ba
09812273
4d4ea2a5
41221366
98112093
e05860fe
07bcba09
12999157
724a53c0
11b80463
3df73188
4e5f0966
ab419940
94f99525
4f674fd8
3cae0ea4
461e8f8b
1e1414f1
5b794162
5224b33b
31e3d81b
6386b7a6
6ec6e141
866495e4
32962773
b072ea87
96ec7d34
1a651f1a
58714745
9883236c
0a7328ad
b59a6bd6
ac263e43
2ba96302
8537232a
19625652
2f820715
4ecf46a5
359324d8
0d0be23d
796a619a
25b6afba
932b812a
b739a063
f461ade2
3082d017
18a547e2
1ab422e0
8747fd63
7452bc4d
db32c3d0
b535c3cd
d9190407
c58ace99
69857c07
4471161d
ecff8e48
2e48165c
e55d288d
870e9872
3a902372
4b2f9136
c19f400a
a2b80175
6d7d4499
49f01865
c809e245
c2b65c98
442b0407
acd5746f
29847a1b
f260aca5
9228ef0b
4418d66c
c263531a
983152b2
3247819f
0c3548d9
bc381748
67907156
abac1083
c0f96556
8b032890
27aa1c2a
a8cb9a70
9187540b
84451284
75e8b972
a851208c
33ff4082
c5f8a840
a26446e4
db01023a
09ba5d9d
115a34c5
48ff03ec
5b1a65aa
d732dbbe
a05047dc
c681bfad
3230b44e
6928c8e6
c87bb98a
1b101a86
237c9305
9e41dec6
c935f6c5
7365a849
4183b61f
f64bf064
048c8464
86ebc6b6
9224d064
ab9a4dc6
355804c5
9e90b431
b7a12f49
8cbbd526
e65744e0
f3968303
110c7752
27cadbec
70e6a91c
74b7644a
dea8e89e
1c835c92
5005f731
681778ab
f81387cc
ba91e220
e2bac039
9395c1d3
b3f52944
7a01e822
c6824458
935a6508
d5831511
87a85fab
afdb6f55
ec6b07f6
96dd4243
301beb47
9855ba91
9c6b1880
6d60630f
a290b3b3
81464571
29800d7c
1b758801
13f78548
b797a062
962579a9
7438559b
38571c08
0825b92f
e7291ce8
1c7411a3
d5c30461
8b9a7a1a
0347aa3f
9948a9f8
a0b57a31
a411a217
acc269f3
245a23d2
12607e82
79a84b21
78961727
a38b5acc
b11e9109
7b7601d7
32555394
c9002c88
81e42391
b868d98b
6dba4cdc
b82a9768
c050ba0f
1627fada
f09bb7a6
a4ccfc21
bc5c58e5
2af377fb
6ab0dc2d
6273f309
17c23fd8
a7c83696
1e9c6720
1c8104b6
bad40324
1bb10580
46039575
23a209ce
0f3f5306
23946561
039a44ab
af896aaa
73907b2b
0dab7f9f
3273e94d
f33d6627
77a5a097
ee93e81b
57a1c7fb
6c207d0c
2d3c14a6
1c9d42a3
53f1a510
86b512f5
ebb3ae51
43bbca72
afa8197b
a821bca7
74b027a5
4401e940
01884b37
23531771
0f52086c
b8bdba53
3e1ba12e
1d462b09
d90c7c83
bcf7905d
6d9516ff
69fe80f2
b2256862
284eb56d
a0079b12
72a72ca3
e2937a6f
d6c51e26
643c4604
7e7a9b66
e89b4ae2
57acfa22
74427a83
46c306b1
87003b14
c58153fc
d8d44040
9c6c5097
47513856
fa3f9df4
59971ba5
19a1e6b2
1a427cab
aae0488b
3f3c1c1c
88496363
025a317e
3571b6a0
40aa32b7
9fb09060
a500b0e6
a79f0e2c
c8d1ac37
1ac3e2f4
d69a3417
01959301
956b5000
15386e7a
374b2278
602b45a2
8873a92a
1d9b5784
6388b66d
4876c064
7f6beeb4
a81894a9
b6fdbe91
64767f7b
be2d905f
101917b1
3fd2ca73
c57a229e
39897089
606cfcb0
21a3f7ef
f3243290
9dd2d442
c160c678
b8048217
77a40f0b
fd3ff8f3
13a20ada
bde38e36
d2c3b075
343653c8
66949daf
7527230b
88170eda
b999efbc
77992264
63ab5556
5d86cca1
ca343886
e8393a93
8a8a1965
a34d5193
e68a2751
3d204976
af923777
23e251c5
8ff4ea67
7f50b4cf
21beadf3
6453467f
dc5ba02f
ca3bab00
acf12786
274090f8
07cd0d7c
7ff93611
9db575ba
220d3dcc
33545e35
c3ba2358
d7064690
bc45a89e
ba498c44
aadc2422
589ada7d
d3aa163a
56e1a882
0819ad53
a7a2b95f
2aa81c0a
c0d6bdbb
e481d05a
916e68c7
ad52f67a
9fc1bb5d
bb7b39fc
827cea13
661aacac
32baaa95
93c59ab3
ba1b4b77
59440446
137b1ab1
9cc81842
a4224cd2
5bd77790
701f68b3
91589505
1a913166
68807505
b0719670
00d0042f
b31af34f
8ca68fd0
b99bfe63
8160435d
38df8002
3d77cf4e
89973c0b
aaef9695
818c5bc0
7487b76f
40613646
0e15b4c4
42a7f5f3
a0d16a07
af0041a5
3185aabc
7b80adb1
3c835f78
6d9c816f
f0b079b6
55e587b0
2e3c89f8
94dfb6d7
b223b65d
0f54781e
63f64f42
8a4a4629
0272ba59
1385add8
0906811d
9958a428
c03263f0
a4459d77
dd5ed2d4
9b8f1381
0cf9d370
4528dcdd
41027555
2e8cf53d
cd2c6995
9a361ad6
a430a840
b729e6b3
e8a181ba
09812273
4d4ea2a5
41221366
98112093
e05860fe
07bcba09
12999157
724a53c0
11b80463
3df73188
4e5f0966
ab419940
94f99525
4f674fd8
3cae0ea4
461e8f8b
1e1414f1
5b794162
5224b33b
31e3d81b
6386b7a6
e3efc4c8
1f2a073d
ea63df4d
f1d94eb3
154eb3d5
8139bca0
452557ba
76cd73e7
e3d4f5ab
b28de24b
fdae4c98
9560f009
993c1b92
cec4f81e
2cca163b
b2a0e018
0000000b
00000001
0000002a
00000001
00000005
00000001
00000020
00000020
00000000
00000320
00000660
00000000
314fd264
17e4bcac
9b14ee42
f931a350
44921d95
8cb5ce9e
96045285
3a540c77
5703498e
3a080047
e785cff5
94b45a07
4ac406d4
e4da6c10
375c8f8f
f8b69c70
799548a4
a6bafb91
0810778a
a380960a
209b7a52
f97e6136
9a368515
65c8a8b1
8a1f8bd5
bc536faa
b1dafd32
e5b346ad
096c4c27
4f284c65
2a9f33d8
e6183188
2f26bd9f
1b4b7a05
b85ebe2b
8098d1b6
4c18a634
64bd81f8
5990b32c
571202b6
e41872e3
c16adfab
64600032
6bc9bc23
cc037a3a
3c5d915f
73588157
bf48a74f
bc1217bc
ba1392cb
18f4ec49
d82d2c1b
34cc7d00
4a3cbd7c
3483bb5f
6b3e5268
7e60ce58
6f71ec4a
21eb448a
98c81817
93afe599
d53abf96
abb29703
191b92da
898e43cc
4dc1820d
35c75360
16c3c3c4
cf584d5d
475d7774
f2aa4b8c
b0955701
5ec2b061
0461b652
8c81f848
584fe000
a94c5025
88320495
fd9c88f4
469612e1
c5a104a3
34853583
10810afb
43f75a99
e647544a
c54814b3
48873c0d
d16d621b
2924957b
37c5a235
129e8a3c
60ebaa07
6ac9c4af
8990b7e1
80c2b59c
47357255
8a914b59
d882ba84
1fb4b085
1355f74d
02750246
85a2bc33
22305c29
d0cb37e0
b1d7d23c
1560c041
c256a4e8
c5ca73a3
72548009
18047ae5
cfa6f36b
e7bfc736
0cb21268
9cf560bc
78b3c0b5
519f60e1
4889e74f
de29a352
63d72fc8
b0724768
c5556066
5754a312
b5737d28
ca46d457
42bea3f2
622a155f
ce9318b9
52cd2fb7
29226c15
d521644b
8a787430
af230a4c
538c1abd
e28a1175
cb129987
ab8e195b
02556ee4
31237d19
81453057
a6ffbb19
2cc1ac4e
5a543a88
b88c2867
4a00117d
691fbb4e
db7b122a
4fd5bd0c
1b95832e
b99874d7
92a18e0f
f8195880
80912b58
b522704f
885db7a0
a9b72e79
bcd44440
453b580a
f6e2b2a1
c7994e02
f1639995
187844c5
8e052218
757f6355
f4b87859
aa9b786a
b788eb99
6a05c20a
a82a755a
11853b75
0c9877aa
2d39a14b
72b79b1d
c09e0816
61a6fcbf
bf018899
4b7a9e49
5f03a282
2b3d27af
d72d3228
2e345b1e
296d0150
b4811bd9
a965c305
85a60cee
18b33092
bef94b8d
1d65eb89
c4d76877
92447680
174b969e
eaf58fe9
16985aa3
49b709bd
0f726600
9ca937ce
eca61c7f
e2ede312
11bee94d
e5f63052
a21fce6e
7ac1954b
31104293
6f957080
591483e0
f5973f48
79216401
af87630d
e5faa7e4
7aac6124
5b42848b
b99a1ac2
80777ecf
8699c623
f6093569
7d61302a
5c80e6cf
34c08ce3
66327a58
386e5792
b781a557
c6b02e9c
1732f1ce
036842a4
1c919a6a
21a5529e
eb223fb0
ade45d40
f2115225
87355510
4ae30cc2
17817354
06a89d68
acc1d8b3
35a0f733
6bc89815
77d9571c
3cb6a981
830dc531
5ca2a42f
a55c4771
c33130d0
bcabe216
3e7b9664
f3492b9a
cb736068
02cdd9b1
084e0f95
3b427c59
066e38db
0be182e7
9eba4ccb
c8bb0ad9
1599c5ca
3244b6ca
2f652695
03ebccfa
8c9202ae
db183bfd
474d2ce1
6ed5bd8f
831f3cd4
357e0605
3109325d
1d74d64b
1b8189db
73201f54
f3190360
76290270
8dc3de01
5ebce0c2
09e0ba87
7dd27d3c
ed0ba1f0
c82cb44a
3891b184
00625a89
2bfeccdb
cb42750a
6f02b727
cace44e5
b0783e21
fa737374
f32d1e00
27ca54c3
6d8d81a9
c99ab0e7
234b0870
b691177d
e8c92e89
67a132b6
a81732a2
d01a98c3
7c12cd09
3e0ea467
67490da9
4ada5b53
d0cd6c24
e2c403c1
4a2aad3b
77a22222
eb2fbca3
9db09d76
d226ea13
e9d91807
b5c4058e
34b82315
291b69d9
aca3ab69
f3ab3206
531167c2
546acc1b
22346a63
f0005b06
96eb7e7a
e8414312
7359b875
6c128587
52462cfb
1b8432e8
09d5e338
677bc446
9cf66f74
6deb5548
ac795880
804846e8
b58b4d66
eccb352b
28457f3c
2dd926a8
ae53f17f
ebe04670
6ea189bd
4254e573
77ff0389
14700e00
9e68c77b
792040ec
5c10ac65
bf5ca91b
fc4d58ba
82ba3164
b849f8f8
59f5b77c
50849078
8e578b95
34c96938
4559448b
715563e8
7b231dca
5ba22f9f
7b4785fb
c91d5da4
c97b0274
3d0bbc03
98ec11e1
c43a2e72
de9754e2
b4f804a3
ac532702
c0bf83ba
3ce97f18
ca71826d
c7c496e7
4a0bb601
af254843
801ccb44
65f7447c
2fecaf5b
35b16543
09e18770
496a6a6e
c586c6d2
5c0c7e2a
b1b6fa07
888066ab
3c4bcbe9
1a421673
0e858132
678b35eb
0cc47aa7
755976da
e6b542d3
585418bd
568a033f
2cdb2fd8
0e189886
2b723700
b916862a
a213ed6d
9b7e38fd
84157635
b4098f9c
314fd264
17e4bcac
9b14ee42
f931a350
44921d95
8cb5ce9e
96045285
3a540c77
5703498e
3a080047
e785cff5
94b45a07
4ac406d4
e4da6c10
375c8f8f
f8b69c70
799548a4
a6bafb91
0810778a
a380960a
209b7a52
f97e6136
9a368515
65c8a8b1
8a1f8bd5
bc536faa
b1dafd32
e5b346ad
096c4c27
4f284c65
2a9f33d8
e6183188
2f26bd9f
1b4b7a05
b85ebe2b
8098d1b6
4c18a634
64bd81f8
5990b32c
571202b6
e41872e3
c16adfab
64600032
6bc9bc23
cc037a3a
3c5d915f
73588157
bf48a74f
bc1217bc
ba1392cb
18f4ec49
d82d2c1b
34cc7d00
4a3cbd7c
3483bb5f
6b3e5268
7e60ce58
6f71ec4a
21eb448a
98c81817
93afe599
d53abf96
abb29703
191b92da
898e43cc
4dc1820d
35c75360
16c3c3c4
cf584d5d
475d7774
f2aa4b8c
b0955701
5ec2b061
0461b652
8c81f848
584fe000
a94c5025
88320495
fd9c88f4
469612e1
c5a104a3
34853583
10810afb
43f75a99
e647544a
c54814b3
48873c0d
d16d621b
2924957b
37c5a235
129e8a3c
60ebaa07
6ac9c4af
8990b7e1
80c2b59c
47357255
8a914b59
d882ba84
1fb4b085
1355f74d
02750246
85a2bc33
22305c29
d0cb37e0
b1d7d23c
1560c041
c256a4e8
c5ca73a3
72548009
18047ae5
cfa6f36b
e7bfc736
0cb21268
9cf560bc
78b3c0b5
519f60e1
4889e74f
de29a352
63d72fc8
b0724768
c5556066
5754a312
b5737d28
ca46d457
42bea3f2
622a155f
ce9318b9
52cd2fb7
29226c15
d521644b
8a787430
af230a4c
538c1abd
e28a1175
cb129987
ab8e195b
02556ee4
31237d19
81453057
a6ffbb19
2cc1ac4e
5a543a88
b88c2867
4a00117d
691fbb4e
db7b122a
4fd5bd0c
1b95832e
b99874d7
92a18e0f
f8195880
80912b58
b522704f
885db7a0
a9b72e79
bcd44440
453b580a
f6e2b2a1
c7994e02
f1639995
187844c5
8e052218
757f6355
f4b87859
aa9b786a
b788eb99
6a05c20a
a82a755a
11853b75
0c9877aa
2d39a14b
72b79b1d
c09e0816
61a6fcbf
bf018899
4b7a9e49
5f03a282
2b3d27af
d72d3228
2e345b1e
296d0150
b4811bd9
a965c305
85a60cee
18b33092
bef94b8d
1d65eb89
c4d76877
92447680
174b969e
eaf58fe9
16985aa3
49b709bd
0f726600
9ca937ce
eca61c7f
e2ede312
11bee94d
e5f63052
a21fce6e
a8d1dcb8
cda8b0b1
9ef0a037
3be534d7
a9dc3fe8
ee80865e
3c911698
3876f45b
cb032348
3796e3f9
c3bae184
dfaa8690
b4dbe67d
02a8615e
baa56512
d8a12225
0000000c
00000001
0000002a
00000001
00000006
00000001
00000020
00000020
00000000
00000320
00000660
00000000
00018971
744b54ec
0065a985
9fa0e2f4
0480a00b
0163c509
fecff2f2
7c76528b
4d148fb4
735f14dc
52af7e14
81e68d12
ac1bf8f2
c9ecbae7
73070754
24633198
95837ed8
cd0b988d
0ec4368b
a9491023
9c785344
d52d1612
c1ed7488
03477057
e65bb861
00716ea8
ace02e55
4524f9c8
46777fb9
1181dbbb
2168c608
79f59514
4924832a
8a5c9a6b
421dcb42
83f38d0b
7b6bd5da
606b9211
6b9a4a00
459988b9
b8986203
a981c24d
3a235b09
8af7c6c1
2b937d24
b4884426
d3d93856
4d5ab350
502fe7ab
0b28bd74
3691f725
3352697d
20f01e4a
2dc50808
dc6a70a8
3a6416fa
a019e64f
b2638616
01ab1a92
7c4cee37
bd6e07f8
730f4381
18558c82
ee99d905
e76701ec
22421d6f
d338baa0
1233cbd7
4759312c
4eade9e1
773060c4
bfb42f37
542705e0
b8beb721
31869dad
6e8d482b
74c53219
7fc50ab4
6614acc7
1bf20c48
2dc3460f
299266b2
b6f102b4
4af908a9
0782559a
5c2556a8
1b2ba090
fd7d51ea
b4296ee5
ca632851
6a84bc13
09d443d8
01d88b25
bfbab12e
425177a1
83d94850
ac401874
a0e82da4
7541a03c
ca26b2e5
c9fc1011
7a5c2c01
2abc1b55
89456735
0ee61ea9
bd1dfcb9
260a5292
873a7a9e
2b061960
82874c11
ad38799d
902792df
d6c34259
0589ed6a
d70f3399
d7b86432
191c737a
3514542d
161327a6
89f92a29
d661e394
e9644028
7aa1af24
deb4444b
1586193c
5fe3bb38
6b0bd531
8025b6f7
c4b6b898
c3b4f929
00ea8ed2
36770a31
9eb1a957
358b54fb
0dd78b61
6292b30f
f43db8d8
8c135776
9e5ce332
c9651cac
10341374
35115753
dce567b0
a1f973b5
73c1bad8
22f205d9
008ce07f
663697ec
506c56a4
12036a68
200524df
06e84a85
b0d5cc84
0e427358
30b934fa
0939dd96
6c13a5d1
d5b9caba
bdf3ca0a
014ef30b
1aa49921
736bb39a
8d047696
f6c48323
154c3e36
ab19b48b
b2b28715
0034d346
506c7b50
51ca778a
984b3e79
ff93395f
719b8819
92aa1274
3034b15f
a5aea07b
4118c669
059dec2a
113e7f58
47977f54
b61b865b
82058c02
a543c16b
189156a8
83ebbfab
81337a7b
99cad470
29a501ec
26330fb5
9b7ec911
284a4501
31773429
6018ed6d
c7e3bfa4
e4e4378a
88964e04
d71186cc
a315430e
afe0a703
cd4d9cc8
06914757
673149da
814c7739
f6521a21
66e76397
c1a6fa94
6ba449c1
cb3d8f46
7b4c24ab
1c15424c
488c5d3a
b75126ce
b0315c37
a10f0fb3
5d31009a
a25d2055
673b0ca0
b45a174a
006b12d3
d41e136b
3325d50f
c45de647
054606f3
63375917
0714c4b3
740ecca4
443b2a47
7d66fc34
4c562fe0
a79a3cbe
516815ce
c5625682
40ebabcc
ddcd1449
e17a982c
1ebae3b0
993372e5
3066c430
3206f46a
d34ed3cb
6ad519b9
aac66f26
fd400a16
87df00e8
46058ccd
f2246cc8
5a8a31b0
90c08f85
1ca025ff
5b3f91e0
73c3605f
44260336
077c6afb
0c706b40
919ef744
bbfb62cc
a459ab2d
9cbf9517
362c7cd5
1b88d43e
ad3e6bab
7559ba78
0799f790
e91d3cb5
b88eb697
14c7f375
370ed2ee
196bab7c
3940e342
e88be449
660dcc8a
0366e78f
fe7e8c1e
0a547595
b564d317
974937d6
d7ff3498
2290d572
f528797c
eb7fc7d2
18e5ca0c
a77977bf
3ab7968a
0835e200
4caaac6c
a0b77d4b
6082a22b
3c2f0454
d7feb6e4
44d3202d
d228cae2
7c207f89
4b629da4
5f3c1938
83a1acb0
1843358a
12046865
6536aad3
8df95d18
1a4788fc
85f05814
3ba03f70
1e90083b
b5786d03
33d92134
0a4a96bd
20465735
5af6cd79
8c7064b3
08fd1410
76807c43
308be7c9
171f0059
54f9de54
c6a8e499
f54c1310
5d56b1c5
8b6ef38b
5bfb3f61
6deba800
6dacfa3d
51e89c9a
1718de33
cb9f93d3
27de1f00
cdb456b6
ac50a659
399f2e08
141ada03
3f9ec735
96ddb760
4d693083
ea9b284c
69f98117
69e1036d
15b524dd
55cc9221
4f6210a3
9f3cb7ac
41b3346c
03ba16c0
754c31f4
24bc06b5
3ff26426
a4052bac
384cba31
a0e8c393
1d54122e
9918bd03
36238942
9c1da176
bb82a1bc
01a6b504
9831f413
b9be3f2b
86424667
75783904
b4e25e50
cdabea77
fca0b39c
0c691ff5
4c361e2b
e36af381
cc609e20
96e6be50
56aec466
32fa2ef9
0f8749b8
669b906b
b05b60a7
4648fdba
231b1a0e
99573a56
a7675285
7fb798c8
76c194a2
2389034a
6a0d83ea
4209a41a
9f13952e
7c29ec26
09dc5bdb
4057b0bb
c47f51ed
59643848
215c96c7
71666c7f
9bfd3852
32e86d00
48004b90
e6755119
7e87dc62
00018971
744b54ec
0065a985
9fa0e2f4
0480a00b
0163c509
fecff2f2
7c76528b
4d148fb4
735f14dc
52af7e14
81e68d12
ac1bf8f2
c9ecbae7
73070754
24633198
95837ed8
cd0b988d
0ec4368b
a9491023
9c785344
d52d1612
c1ed7488
03477057
e65bb861
00716ea8
ace02e55
4524f9c8
46777fb9
1181dbbb
2168c608
79f59514
4924832a
8a5c9a6b
421dcb42
83f38d0b
7b6bd5da
606b9211
6b9a4a00
459988b9
b8986203
a981c24d
3a235b09
8af7c6c1
2b937d24
b4884426
d3d93856
4d5ab350
502fe7ab
0b28bd74
3691f725
3352697d
20f01e4a
2dc50808
dc6a70a8
3a6416fa
a019e64f
b2638616
01ab1a92
7c4cee37
bd6e07f8
730f4381
18558c82
ee99d905
e76701ec
22421d6f
d338baa0
1233cbd7
4759312c
4eade9e1
773060c4
bfb42f37
542705e0
b8beb721
31869dad
6e8d482b
74c53219
7fc50ab4
6614acc7
1bf20c48
2dc3460f
299266b2
b6f102b4
4af908a9
0782559a
5c2556a8
1b2ba090
fd7d51ea
b4296ee5
ca632851
6a84bc13
09d443d8
01d88b25
bfbab12e
425177a1
83d94850
ac401874
a0e82da4
7541a03c
ca26b2e5
c9fc1011
7a5c2c01
2abc1b55
89456735
0ee61ea9
bd1dfcb9
260a5292
873a7a9e
2b061960
82874c11
ad38799d
902792df
d6c34259
0589ed6a
d70f3399
d7b86432
191c737a
3514542d
161327a6
89f92a29
d661e394
e9644028
7aa1af24
deb4444b
1586193c
5fe3bb38
6b0bd531
8025b6f7
c4b6b898
c3b4f929
00ea8ed2
36770a31
9eb1a957
358b54fb
0dd78b61
6292b30f
f43db8d8
8c135776
9e5ce332
c9651cac
10341374
35115753
dce567b0
a1f973b5
73c1bad8
22f205d9
008ce07f
663697ec
506c56a4
12036a68
200524df
06e84a85
b0d5cc84
0e427358
30b934fa
0939dd96
6c13a5d1
d5b9caba
bdf3ca0a
014ef30b
1aa49921
736bb39a
8d047696
f6c48323
154c3e36
ab19b48b
b2b28715
0034d346
506c7b50
51ca778a
984b3e79
ff93395f
719b8819
92aa1274
3034b15f
a5aea07b
4118c669
059dec2a
113e7f58
47977f54
b61b865b
82058c02
a543c16b
189156a8
83ebbfab
81337a7b
99cad470
29a501ec
26330fb5
9b7ec911
284a4501
31773429
6018ed6d
c7e3bfa4
e4e4378a
88964e04
d71186cc
a315430e
afe0a703
cd4d9cc8
aa929aac
0f943b5d
c202ed5b
3e163ad2
30836d30
182ca73d
36ff94f0
17149173
24a98c05
699c198b
5974090c
2edb3948
0a427560
3c5c33a1
cc0eb363
6d5435ed
0000000d
00000001
0000002a
00000001
00000007
00000001
00000020
00000020
00000000
00000320
00000660
00000000
284a343a
079e77cc
20d2fb8a
b0343036
a5a31355
5475ce60
260c2907
71a95029
686c330d
97982bf0
ec6d6410
8c765949
93bf479e
1a03a327
74881228
863ac59f
e170be24
c6acdb90
ac58fac0
4accbd04
a11c5128
208d2336
c98f5f60
4cc68eaf
187020ac
869bb61a
5fd9028d
6ca78cc3
2071a9f9
2bb84f29
e87698d9
85dcb9fb
b8915069
91330649
5a747304
c070492a
ad037311
690e95d9
97490f34
659b391d
6acf111a
44a9db65
e931b1a5
eaeb3ad6
4b023073
98be59ab
b6539610
76c7467c
4489fbbc
593bc432
cf1c923b
25ac3229
faf2bef7
8a27247b
093b143d
17e4b8b8
2e6ca481
48563ada
36dfa593
5a9b7c68
5157d167
a0013559
05a8c025
0e98bb21
583b7785
9b7bd841
8603c887
c053a7b1
1cd6fb85
78c9f773
f4db5af6
07c7250d
77441a51
fb6650c0
9d43ffce
20201758
4c8166fa
2e1ca460
9f85f04d
0baa58a7
2c68dbc7
51612b43
bb160d35
c61b1247
f3183703
a65e223c
74f5713f
1d3809c9
9b30b0a3
9670d250
09add661
a7cd8ca5
cd271d84
4e4e2773
fb6532a8
8f490e78
360096e7
f172cd58
ab726943
bbaee3bc
393770c8
b83564aa
6f0fb0ff
67b42c70
b6804c1a
a1867100
347f2753
a561ac96
ddc57cb1
68023fe1
7a5b4daa
1680b04a
76942789
12c40375
9148b230
05768259
6460f01d
0b92f459
07e26f25
bc14516d
51b71bf8
3497ce65
c8d7898a
5e7c751c
529cca53
20cb9f5d
56b72077
2157a505
1e9798aa
2fa35101
b91305c0
90a7752e
240e16c3
f5bb3e77
8908f029
071044c2
56a44e0c
563a0a75
5bc7716c
100e14e2
75c5dac1
827c3777
5013a975
cc333d5d
768cf605
7607a957
a32a8e86
52aa9c04
65c4341b
ad153e65
dea832a4
e7a8ac37
a7089434
b4adc013
c86bcdf4
1823cb88
b14b85c6
533dc462
74cc4e8d
7f855ca1
37338d3b
aa165d46
171fb426
8a7a32b3
3e6331a5
84b405a9
fc086246
6d5b5cbe
065bb70e
d7aa0912
34f57aae
8ccb0021
79b09731
39d9235e
e3932c37
45ddbcba
7ff272cd
04ac5795
0bdf5952
1e31b23b
1e7985ff
8b0d7124
69b1d768
cd4c70ab
e36d7833
923bc273
4b8899aa
81361d66
cb25ee63
ecafc36b
8b51ab10
bb121ca1
cc3a3847
cd79ca5e
ed90f00f
1622c395
604778eb
b397adf8
82600b2c
c8bcf642
ab054515
c05f8338
af18ce09
dd942449
d9af3a21
8562e992
ca7291f9
b6ab4960
9cc0d694
2e6f99b5
8618b222
6af31ebe
5f31f105
662b3e73
0b81cb82
facbcba7
e1c42763
0956e867
b6b0531e
0070217c
8adc18b6
ff9f21ec
81afbff7
101c3f5b
0d6dc8a2
08ac6b12
30086575
783cf885
30e22cf7
56a49c80
bd366860
23b50377
c83232ba
e062aa48
f109c635
4a5aa562
dcaaf062
1c4e9e26
3083316e
229aa2d6
0c9e1130
34934abf
7e5d39ec
8b939298
71566984
6f461555
61a429c7
1594354d
9ebe78c9
6180cbba
58833871
5a567931
886c9a56
6cfc8c1b
5f8e14c7
d416a031
68e2709f
54075168
a32480b3
9d47bb00
4d8f6226
fb4b12f8
4a4adc55
a67472cd
c58d43c5
83117005
98b3cc7d
10492bf4
1cab588d
0c3e4c90
d40540eb
50d3c623
dca9aac5
39f24b60
2eb6d817
99a805e0
d0661c29
5d12e482
4c5cf3c3
a74376c3
4de77ea0
2aae7cb6
412f39b7
8741551f
a03d133c
e53646c5
116a09ab
2da8dcf5
d9904aa6
a266d80b
14cfc136
3c2c5300
cdfb6940
bb3c9895
33e147c9
b3a1fa56
998199ce
79270a45
a0e110c9
70c248af
9a5eb404
c1d1a45c
7e4b7759
77210978
4143956a
8221f5de
7a4d1c52
39802e48
e0654552
0296cb05
c6004249
235a864b
f1537c06
4ae74609
f93b60c9
405a5a44
67a44acf
26b3a8b9
c32c0b41
b453dcb3
9ca7973a
540ac024
0f36a67f
fa9699d4
24f64fab
7608293b
5600e968
89027431
c00284c2
1fb7cca8
076044fc
b8a35022
1d0d2764
321bb820
9162d845
78c1757a
00e993b3
94813717
a1b726be
a2fd700c
9572f8aa
6252d18e
b5825fba
9c8adc1d
be115cdb
480c0593
2a811950
76c4eb9d
871fad5a
0035f524
f9b40a8a
91e006cc
4fe4ad66
8ecaf5dd
177f8c8a
63a68e85
7f8a0a52
e4912e05
210bac38
6dccd52b
35bf6790
34ba8c05
b744937a
22ea04f4
80cb76c2
7490a128
3851a8d7
740b154f
157123de
632411ba
13f3d61c
a428f1e8
1b2f25d5
6f28b0ab
d0ca8070
b55917f3
31b45212
4439b413
61873046
5ec5651c
9c00c928
d501c677
3e3b0a4f
0936c922
c41e60ca
48dad825
ac976132
8a853dc4
1cd21c26
980483cb
e1555c18
189b425d
284a343a
079e77cc
20d2fb8a
b0343036
a5a31355
5475ce60
260c2907
71a95029
686c330d
97982bf0
ec6d6410
8c765949
93bf479e
1a03a327
74881228
863ac59f
e170be24
c6acdb90
ac58fac0
4accbd04
a11c5128
208d2336
c98f5f60
4cc68eaf
187020ac
869bb61a
5fd9028d
6ca78cc3
2071a9f9
2bb84f29
e87698d9
85dcb9fb
b8915069
91330649
5a747304
c070492a
ad037311
690e95d9
97490f34
659b391d
6acf111a
44a9db65
e931b1a5
eaeb3ad6
4b023073
98be59ab
b6539610
76c7467c
4489fbbc
593bc432
cf1c923b
25ac3229
faf2bef7
8a27247b
093b143d
17e4b8b8
2e6ca481
48563ada
36dfa593
5a9b7c68
5157d167
a0013559
05a8c025
0e98bb21
583b7785
9b7bd841
8603c887
c053a7b1
1cd6fb85
78c9f773
f4db5af6
07c7250d
77441a51
fb6650c0
9d43ffce
20201758
4c8166fa
2e1ca460
9f85f04d
0baa58a7
2c68dbc7
51612b43
bb160d35
c61b1247
f3183703
a65e223c
74f5713f
1d3809c9
9b30b0a3
9670d250
09add661
a7cd8ca5
cd271d84
4e4e2773
fb6532a8
8f490e78
360096e7
f172cd58
ab726943
bbaee3bc
393770c8
b83564aa
6f0fb0ff
67b42c70
b6804c1a
a1867100
347f2753
a561ac96
ddc57cb1
68023fe1
7a5b4daa
1680b04a
76942789
12c40375
9148b230
05768259
6460f01d
0b92f459
07e26f25
bc14516d
51b71bf8
3497ce65
c8d7898a
5e7c751c
529cca53
20cb9f5d
56b72077
2157a505
1e9798aa
2fa35101
b91305c0
90a7752e
240e16c3
f5bb3e77
8908f029
071044c2
56a44e0c
563a0a75
5bc7716c
100e14e2
75c5dac1
827c3777
5013a975
cc333d5d
768cf605
7607a957
a32a8e86
52aa9c04
65c4341b
ad153e65
dea832a4
e7a8ac37
a7089434
b4adc013
c86bcdf4
1823cb88
b14b85c6
533dc462
74cc4e8d
7f855ca1
37338d3b
aa165d46
171fb426
8a7a32b3
3e6331a5
84b405a9
fc086246
6d5b5cbe
065bb70e
d7aa0912
34f57aae
8ccb0021
79b09731
39d9235e
e3932c37
45ddbcba
7ff272cd
04ac5795
0bdf5952
1e31b23b
1e7985ff
8b0d7124
69b1d768
cd4c70ab
e36d7833
923bc273
4b8899aa
81361d66
cb25ee63
ecafc36b
8b51ab10
bb121ca1
cc3a3847
cd79ca5e
ed90f00f
1622c395
604778eb
b397adf8
82600b2c
c8bcf642
da4088d4
a4bfc88f
fd15c744
a93fa39f
803ab282
8b24d16a
1dcdc1cf
b0ebf468
4d11c039
8dfd461b
9502eb0f
fbc6b237
6001a262
f074b014
659f30a4
e06c36cf
0000000e
00000001
0000002a
00000001
00000008
00000001
00000020
00000020
00000000
00000320
00000660
00000000
cf0c93bf
08c3cb62
32147421
d56b919c
523e6b85
7f32f969
0b70d549
59161352
6300b81f
c547c7b3
b9ae8461
199aceb3
498afc05
89f04494
77dbe692
c061ba19
f78b12fc
62b079ca
21a932d3
c9cc2c79
39826792
f78f98f0
9cce6e0a
1910867c
4d339a69
00d1754a
3d42f8c8
2040b598
2c110a95
8af4ff5f
939954ca
903b0a93
22205db5
024175ca
e34f29e4
0905969f
dcce2321
f15d1a14
72330a43
68397456
c4dd364b
2cac1d66
cb2e2bfc
a82c5560
267c2ab6
579ed339
27a5adc4
1e519f0d
3f4fb82a
25fc16a4
6865e0cc
307e3372
19771910
395cdd97
d03a1939
0ac981c8
b168e618
c9cc4b93
6a600c22
b4b53a8d
c89a46d0
e4ef1adb
38e9a481
9c4d9343
b77fa3c6
532a876f
f69326d8
5ac94ac0
7b5990a7
2e820a65
4253102a
cca44467
01c9fa3a
e2be5ff8
87c65e85
66b2dc96
829f9ff8
08435940
8fc6a1e4
2987b924
56130d34
f1321238
393eaa30
09a6931c
756550eb
14064cd6
c6f9c01f
ff952949
8abe5266
99e08638
49a95924
5c0bb66b
ae119708
1584701a
12262ed3
8817a16d
2ea471fb
9c7222ab
b8166222
cea55487
d29bb678
b5d27f5a
40298959
19d569cb
b334680a
8fab0c04
757dc69b
b9e0a75e
339e78fd
3386a565
71199444
9d940382
394a09a2
1692d857
fd2f4677
33cc2d7a
915ce400
5c5ce0e4
f39738f2
5bdaefce
c39686e0
402331dc
0fb16281
4a4a500f
42e25766
59316838
2fbb41a5
c1b4bbe8
8416f903
0aa685fc
31f4b752
440c6f65
c0add171
fcbd88d2
4a3bf7c4
9c2ce12b
f20788d0
aef40da2
85c08c38
e4615ecb
5522b991
079d6ac0
23ce627c
c3c74a51
ae40c46c
9ae2be71
2ed535be
8e29c083
b166aec6
70c21386
1d76f52e
2b4184c9
63131493
ca8de81d
00096295
7216e461
df4242e6
34abbac6
c0125ba8
6e064410
db4737a4
7a65159a
164858e4
a11ebad2
2fb5215f
533e9880
b99f7b02
a715a560
d6b4391f
9831b73b
407a375b
7bcd46e1
928435f2
05073e6e
1593397b
527b2354
ba3ad586
7930a87d
e8178dda
873b12ca
9a8843ae
c0ca1847
3c3accc4
79c26c56
73f378bb
05b7c888
2d917518
b424ce0a
ab19eca2
953e84b4
5273ba73
88146228
a883c268
6c6a57f8
c0428c5f
125ac71d
ec5c7b9a
3785c578
f72beb82
0f6f0807
812f354e
10e31e43
44e6944e
df5df316
e1714652
a4b28a02
7e52db8e
90838f9b
a6347907
1648b2a9
b9b74036
7df83da5
3261da24
510562f4
8ffb1694
457ae483
c2c2a3e1
329466b7
ed23b5c1
033985cc
88358906
dd2d902a
7395b783
a8e3185f
4a74679d
ba914a84
83eae132
9866d275
881666e5
2afbc98b
8f70f0cb
1c7d18ac
325b052e
54baf1ce
80a82b85
82eb1a12
33ae323c
c2d99d72
0a90fe71
bccbb66d
81d5b0e9
51c97e57
85225709
3852494c
0142f92c
f0640444
1beda6bc
2c128723
fb2c688d
3b3f2118
15486f33
a01ee193
2049364b
531ba705
2c8ef581
c493b447
ce727d15
a888954f
782d816c
c8c5df8e
49b815fb
3bfabf40
602c17cc
108f3506
3c0f0c8b
299b3b46
c7c49c0f
d08418f8
af69a54b
d48f5857
7cf4726a
abaa7ea0
784bd7b2
69184f66
5aaae18b
982dabca
e0648193
5b34f4c8
1cbdacad
97480047
b4ea5538
9746b777
c5632346
7870bab6
bbbabaad
bcc5923a
52eac256
1c9951b8
c858c9d9
6ca11c42
a76da243
2961ae1a
9f130720
953516c7
80f60061
8b61508d
7bce68e9
f85b96d9
86aad88c
b069b19c
b9cd3b71
b9817605
73590799
da5b5965
01f2808f
ef711048
5a78c8ab
75c72e00
d8c59514
2a2425f5
353b4883
6486e52f
f1a0ac47
b5b35a96
f43aecc4
18a8ce50
2db6e1c9
8270f379
223211e1
114b6974
fd8e3466
f2b0457c
19926812
f18692e3
11249d16
9ef7feb1
204682d9
646e268a
11b5d362
a9554cde
d6977ad8
89325d48
656a026f
b1d62575
a41a9c08
972e210a
86fa73b0
05414926
185782ef
069ba69c
c9c84a34
65c2d057
6a6d18e8
a9e07187
8c4e7395
fba93e50
6dc1ff7f
90caf9d3
23275b39
43c9a3a6
db1061ea
045e9c85
2d071d3e
da1ef8b1
9c1341a3
0431eabb
fd0bec42
d058006b
0b32b090
9bb502f3
61538fa3
0d59a423
a4618344
b48e62d6
22f6a148
8c474c93
5c93bc96
a294662c
8849d14d
f6be4493
6e9036b0
6d5de4b7
d440972a
04bb187f
f84af4ad
6b1db98a
35e68e6e
db8b86f3
04166dea
00182519
2d903224
5c8bae75
7a4be2cb
7b4a41b2
00891d27
9d4b9461
9454f538
f5d69ba9
44708d7a
de72c6aa
7535bcbc
03eaf603
cf0c93bf
08c3cb62
32147421
d56b919c
523e6b85
7f32f969
0b70d549
59161352
6300b81f
c547c7b3
b9ae8461
199aceb3
498afc05
89f04494
77dbe692
c061ba19
f78b12fc
62b079ca
21a932d3
c9cc2c79
39826792
f78f98f0
9cce6e0a
1910867c
4d339a69
00d1754a
3d42f8c8
2040b598
2c110a95
8af4ff5f
939954ca
903b0a93
22205db5
024175ca
e34f29e4
0905969f
dcce2321
f15d1a14
72330a43
68397456
c4dd364b
2cac1d66
cb2e2bfc
a82c5560
267c2ab6
579ed339
27a5adc4
1e519f0d
3f4fb82a
25fc16a4
6865e0cc
307e3372
19771910
395cdd97
d03a1939
0ac981c8
b168e618
c9cc4b93
6a600c22
b4b53a8d
c89a46d0
e4ef1adb
38e9a481
9c4d9343
b77fa3c6
532a876f
f69326d8
5ac94ac0
7b5990a7
2e820a65
4253102a
cca44467
01c9fa3a
e2be5ff8
87c65e85
66b2dc96
829f9ff8
08435940
8fc6a1e4
2987b924
56130d34
f1321238
393eaa30
09a6931c
756550eb
14064cd6
c6f9c01f
ff952949
8abe5266
99e08638
49a95924
5c0bb66b
ae119708
1584701a
12262ed3
8817a16d
2ea471fb
9c7222ab
b8166222
cea55487
d29bb678
b5d27f5a
40298959
19d569cb
b334680a
8fab0c04
757dc69b
b9e0a75e
339e78fd
3386a565
71199444
9d940382
394a09a2
1692d857
fd2f4677
33cc2d7a
915ce400
5c5ce0e4
f39738f2
5bdaefce
c39686e0
402331dc
0fb16281
4a4a500f
42e25766
59316838
2fbb41a5
c1b4bbe8
8416f903
0aa685fc
31f4b752
440c6f65
c0add171
fcbd88d2
4a3bf7c4
9c2ce12b
f20788d0
aef40da2
85c08c38
e4615ecb
5522b991
079d6ac0
23ce627c
c3c74a51
ae40c46c
9ae2be71
2ed535be
8e29c083
b166aec6
70c21386
1d76f52e
2b4184c9
63131493
ca8de81d
00096295
7216e461
df4242e6
34abbac6
c0125ba8
6e064410
db4737a4
7a65159a
164858e4
a11ebad2
2fb5215f
533e9880
b99f7b02
a715a560
d6b4391f
9831b73b
407a375b
7bcd46e1
928435f2
05073e6e
1593397b
527b2354
ba3ad586
7930a87d
e8178dda
873b12ca
9a8843ae
c0ca1847
3c3accc4
79c26c56
73f378bb
05b7c888
2d917518
b424ce0a
ab19eca2
953e84b4
5273ba73
88146228
a883c268
6c6a57f8
c0428c5f
125ac71d
ec5c7b9a
3785c578
f72beb82
0f6f0807
a733cd39
6bc426d8
5148d508
0ecb722e
9672188b
05f79b34
893e1957
94543c86
d3c1fb0f
36006934
03c598c4
6b70dd5a
8506f6db
92a77e21
069600cd
8010d9e5
0000000f
00000001
0000002a
00000001
00000009
00000001
00000020
00000020
00000000
00000320
00000660
00000000
6779ba18
17215b9c
21774796
e2ab5282
20562431
32136a50
175c716f
5b1d49f0
51fc1fb2
92559462
550ec56b
c843773b
6cb5f55a
67bd9e9a
6fccf152
69c5a244
d2417ab6
afb63666
0c5618bb
aafaade0
53bce4bb
db038a92
401262b8
79f2930e
bb1402bc
04453c97
99339f6a
c570569a
4bd90230
a48ce96a
32533911
1974b278
cc788e9b
07a18a5f
d8380d21
1ceb0553
1ba40373
f301a4b2
8c58a3ae
19ab3008
01fb17bb
255460c5
866c13b0
4c9598b0
5c174505
af58478e
87c7316c
c2d26258
c9cbb024
b205a852
4863299e
424504da
d2dbcaf7
c9b6637a
70712cd0
5513c2e6
9c92a19f
91148bfc
fc6aa1c5
843be661
fe3f95e9
f6090e11
1faa981b
ba5b1393
01d52230
c767f44f
b037e0e9
31607824
a7f4e151
0776b0b5
290f4f59
33676048
847835ac
a70078d5
7a41c9cf
b09f951e
90040a83
c0a47f4b
aa717b60
994424a2
72a5a36a
aa78a8a7
8b92ac2b
355c2a91
a8876c75
f556b9a1
686c6501
b48cb025
3621aea8
86100fa3
65a4788d
1c454d16
125972a9
3d58b6a3
007d7363
3302a009
b385b97e
c46a64e5
561a3084
886b8b2a
c3eca002
2d97b160
58885563
8a62a980
2dc8af65
963f8c04
727b94e8
abf75f87
3d8b88fb
79752b19
b6396634
937345a9
827b89d8
4f1a918f
8db35083
ac1a45a0
4450aea3
159f664b
ac5c4811
9d475895
e1019197
68921ef5
ad82ad41
4d624ac0
370975e5
c03c32b0
45b55833
7cd70634
48200270
c074f2c6
db926369
7dc75b00
d14e313d
2a001106
1fe0e14c
4760b69a
679c8393
a00ccfbb
4a3893bb
66f27bb2
17d9e729
5276da45
5b35b939
3fa87b60
aa7752a1
d7513efb
6d9cb201
ca65073a
114db0b6
c3d90456
8f0995dc
ab856470
6c69ad89
63a4f02a
a53071c2
2b588186
791c67b8
642b36f3
2f907777
c10e3a18
406c2125
cbf0c6b9
cf9d96cc
8875bc1c
c0a7ba95
c44ee44d
d5aa6cc1
c3f82622
850b586f
d07531e9
8a0befaf
a64db659
f517b815
0b24d661
6e450b46
fc9f02b1
67bba9b3
6d59086c
67468720
58c82a04
5ccc95b9
30318c5a
42b00f46
fc53c96f
28292768
3865c68b
c1ccf516
43084efc
0d22038c
125adc5c
eb561ce3
9a52ba7a
ca868ca5
7ec1da04
491c2988
33db3505
184a386d
bacca240
aaee5068
6e203d9f
5ab7804a
6bc93937
25f30f9e
6a80d287
2541a834
27e56477
e82ad9a8
74d7ba41
4db5d540
112dd7c8
c82ec799
6958c560
ac855788
f118ccca
a988da6f
a27f24a0
1c2d32e8
21c84a11
4099b1e0
97a65a08
2de2f23f
545af7fc
766a0c04
5265733e
f292e949
fbab6005
4a85cd8d
1359b068
33bfa518
584796aa
ad09d011
0b9aafc0
8275c583
ddc9a874
a9ba9502
3067abcb
3ebad31c
43943215
a5331a16
0c77827b
0ca2b389
c5c1cdb7
97832ccd
a9d67c56
cea7de37
9073eb47
c1639585
0d449b1c
9c0d4322
d6b05779
70a58bc1
44423556
449d62e7
7eaa64c5
039f2c05
27fd124c
cf2ce1b9
f9566c93
77a73c73
2cd8c4ca
f5b41756
983ec491
19f75166
f1a0c9d8
c1722b48
7ac672b5
dd01537f
58567777
1f466e33
299ab192
5260cafb
3890dfa7
3557cac6
2340b27a
34a51d0b
c2266527
57818756
ab409037
8c3aa1c2
fcbc7e87
cd80db5c
0aac3535
54164801
5648c092
492fe667
f0cd0773
8ac6d1c4
ce778cf7
a26177c5
2f011569
2f8ea06f
616f1dd1
323c31b9
10802c82
691c6928
95034c5a
c0839420
94b43d10
88d2b229
9866202a
869953a5
be140834
7e110774
9b05c2e1
45f103a9
792361f0
47ee9170
0b956f8f
a38bfc1c
44c6c8fb
08320239
9312879a
bb1b9c60
7bb4261d
6095c225
b0998d28
bf8669a8
bd2081d7
4cc60747
8b093784
76bc633f
e51655a4
838af9a5
ee1e9192
01cd527a
5173d849
3242c710
f0a66c59
4621cb10
6984b4b0
58fe0e17
be055c74
605917fc
8126991a
c538218e
b64e85c1
d16c1ee4
cfa2ee72
452a472b
82c54543
b295d36c
3089c826
f14676f2
20461e7b
5035b997
96150208
73db06c8
8491e851
03f081a0
33d476a1
ae8dd712
f01010f6
2795e70c
5ebe39d6
a0e6094c
88e8d408
794a273d
50019747
3318ec18
b28694b9
a97d5b56
7d11f474
7f3cd2f8
49bb646c
8898f0ab
487c5372
6b466d56
4225152c
36b573e0
45bc0120
00278803
21931727
a0ab6edc
07abfe00
4328e018
1cfa543a
78694307
08561b11
d0c24a74
878c0e0a
e46873bc
b04d2d54
a95b3721
bcb188b1
6ba56834
4816a654
612a6ca1
b274236c
1590682b
54c116fa
86666988
235a2e88
6779ba18
17215b9c
21774796
e2ab5282
20562431
32136a50
175c716f
5b1d49f0
51fc1fb2
92559462
550ec56b
c843773b
6cb5f55a
67bd9e9a
6fccf152
69c5a244
d2417ab6
afb63666
0c5618bb
aafaade0
53bce4bb
db038a92
401262b8
79f2930e
bb1402bc
04453c97
99339f6a
c570569a
4bd90230
a48ce96a
32533911
1974b278
cc788e9b
07a18a5f
d8380d21
1ceb0553
1ba40373
f301a4b2
8c58a3ae
19ab3008
01fb17bb
255460c5
866c13b0
4c9598b0
5c174505
af58478e
87c7316c
c2d26258
c9cbb024
b205a852
4863299e
424504da
d2dbcaf7
c9b6637a
70712cd0
5513c2e6
9c92a19f
91148bfc
fc6aa1c5
843be661
fe3f95e9
f6090e11
1faa981b
ba5b1393
01d52230
c767f44f
b037e0e9
31607824
a7f4e151
0776b0b5
290f4f59
33676048
847835ac
a70078d5
7a41c9cf
b09f951e
90040a83
c0a47f4b
aa717b60
994424a2
72a5a36a
aa78a8a7
8b92ac2b
355c2a91
a8876c75
f556b9a1
686c6501
b48cb025
3621aea8
86100fa3
65a4788d
1c454d16
125972a9
3d58b6a3
007d7363
3302a009
b385b97e
c46a64e5
561a3084
886b8b2a
c3eca002
2d97b160
58885563
8a62a980
2dc8af65
963f8c04
727b94e8
abf75f87
3d8b88fb
79752b19
b6396634
937345a9
827b89d8
4f1a918f
8db35083
ac1a45a0
4450aea3
159f664b
ac5c4811
9d475895
e1019197
68921ef5
ad82ad41
4d624ac0
370975e5
c03c32b0
45b55833
7cd70634
48200270
c074f2c6
db926369
7dc75b00
d14e313d
2a001106
1fe0e14c
4760b69a
679c8393
a00ccfbb
4a3893bb
66f27bb2
17d9e729
5276da45
5b35b939
3fa87b60
aa7752a1
d7513efb
6d9cb201
ca65073a
114db0b6
c3d90456
8f0995dc
ab856470
6c69ad89
63a4f02a
a53071c2
2b588186
791c67b8
642b36f3
2f907777
c10e3a18
406c2125
cbf0c6b9
cf9d96cc
8875bc1c
c0a7ba95
c44ee44d
d5aa6cc1
c3f82622
850b586f
d07531e9
8a0befaf
a64db659
f517b815
0b24d661
6e450b46
fc9f02b1
67bba9b3
6d59086c
67468720
58c82a04
5ccc95b9
30318c5a
42b00f46
fc53c96f
28292768
3865c68b
c1ccf516
43084efc
0d22038c
125adc5c
eb561ce3
9a52ba7a
ca868ca5
7ec1da04
491c2988
33db3505
184a386d
bacca240
aaee5068
6e203d9f
68f2e763
176c2144
44b1569d
33b7be1e
f3ab071c
b75d0a3a
507ab530
92a8bfce
b49f521c
0a1a8c31
b16ec0a4
d5bd191a
ace61415
22b522ad
1e3b1879
ce4cd533
00000010
00000001
0000002a
00000001
0000000a
00000001
00000020
00000020
00000000
00000320
00000660
00000000
d12a8baf
d9ac6b80
c5685825
ea5b6984
a17f7c31
a698afa7
355c7c2c
f226b806
1a607600
f857d51f
b76a7bd3
82c5d7ac
cf4463d3
7a8fc732
5de21b40
d6b54307
f35c2f92
7778b5ce
2801273c
412b58a2
5287888a
e7768be3
714480a9
c1430685
9a98c490
7b5da195
6995d49b
03cfa803
161da392
a6c2b68e
12a0f573
0048148b
77814c7a
b77a1496
09ad72eb
a1f69776
365169b8
64cfc241
4db1396b
a32bd72a
d0c09d24
a6913333
7d42da04
ec7e0432
c4da21c7
23336933
baaf2a51
0309576a
5a547802
5618ace7
4473a77d
c8677510
79210187
8a198302
db7d6994
3876088a
6bc6b236
0b333262
87e0075c
28276ece
d48f2677
d8a330b0
8ca20d20
23c42827
17d924e5
08bb8ea9
bc06901f
c6bba825
9c1a6e14
ed973435
e89500b6
1196221f
07c7b9e8
da7bb5c9
29180478
7ec6b1ba
eba8c714
a6a4d86c
0772d9a6
75c76d18
aba160a2
493a58ea
81428fba
47f4681f
5104b062
05e43007
2ca76c86
bba30525
55194ef8
893662bd
e5721700
d18d3db9
0978ca0f
9c0eeaa0
9b2b2df9
6f61a72e
10055354
2250aca0
cb65be9c
2993da80
48b24446
2d6c8e5f
b2051967
a2f34fd6
7941438e
fe493c1e
ac7fbb62
490c2a39
78391bf0
307f6179
c806df03
2c4f26da
b54ea553
6987ae06
16763251
e61963cb
1d7ac682
556550d0
aaf55d2c
66ec37cb
f8b8e7a2
486e992b
14c99da3
d98d66b1
ba995d1b
86720690
0c2576a0
085a1f78
52d6f21c
918ed88b
767e1329
0fbbc43f
28a90923
c5e33295
2dd59b0c
2e4ef4b2
369acaf0
9a068514
91b714e8
0a2b3d87
32655884
38926a9d
c44e5911
77b4cfa2
829c7899
993756a1
50b6fc32
74ceb290
658c61a7
92a3cf04
ee4628ef
a1e17d8b
2482a910
b1c3a477
d31dbb37
00e8c5c1
1f2c1a84
2a071106
806819bc
11c6445e
b7dd00e2
7ccb655b
be024627
05394dc6
06307855
ac4da674
802f214c
6a448ebc
09816cb0
a29d94f4
913a59b9
4806f587
0aee1d69
a79202bc
d6c0d2f3
c7121c02
c2531fa6
f4ba4730
0ac7a3d8
50405401
a4ab98c2
75ecc048
cad99496
af1916d6
c2f5cff0
556544a8
7f02cb07
bb17be25
67b528a1
609f73bc
ac52cf6b
8b9a4816
4b96236d
f5d05245
978c7dc3
a4e1fd48
7f7ffa76
72d8e7c9
77ef39ed
2ac41dea
8900c1a0
ebd73e83
2341e71b
9f0e5575
28607845
8a79164b
f40de1d9
6aa286e5
bf072829
1b144bd9
60639d86
0f49fb12
a94eac21
f539c3d5
4cd710c8
07ab78f8
e0eec200
c1a05b32
876d16f5
86b37d7a
b3bac919
ff128b5a
c50bcde4
adaac765
1a02f803
f44ea514
0f298392
974d68db
1ab3401c
5ba0f511
c14fd3ec
b9949b31
46608d10
354b46c2
921ebf22
727758b1
86badbdf
cc07c4dc
0df39cba
b1aa7cb5
e43122f4
bcb9083f
a1b67bea
164d4bb1
36dc90b0
292b1474
160e5226
cb380c0f
ef081a62
bba7850b
79508358
e7746172
62171a4b
73f1d820
9dabda5d
3460a1f1
a4cc901a
fd31a0dd
d00f4920
056af252
98b444de
83a1c127
9b93e757
6e2585b1
2757c1fc
305b29a2
a485a866
779e470a
b860ecb7
948d0c6e
c29c9873
a581e7b6
c53190e8
261f746a
0e303b93
9416d9f7
595c6097
0c13a3c9
546814a8
2c6683f9
cae8ed54
ea284843
91024b07
29693ab9
ee894a81
dae16d45
b676de98
95b51b36
10866dd3
29a46448
772238c0
0158b5b2
4178c6b5
82567c25
2c816f7b
3459fa9a
9e910945
41797f49
2945c379
2ea6d52d
09a1cf57
34c9eec8
a94dda33
1b0d807b
b4622f17
b163cba2
ea0e596b
6f0545a1
a585013b
690283e6
98575392
477a37cd
a2547a83
18792167
49a9ece7
003448c8
6da156c0
3c645807
fa7db043
4ff0ab09
23bc2a15
c1e0c312
486a4008
ada328db
c5749104
21f1b01b
eb46f46f
4a822b81
bcc36e7c
f165bbd9
c3876ea0
1ffbd340
d4c5297f
b0e88953
450c605a
906526f8
b0ea7fc8
6551d039
143a34cd
fa26788b
a64a3676
6aa09aea
03ba5848
c2c7dd2e
a05e67c8
da25bc8a
6ec8b90f
5e58c574
d1972c09
8b050fc5
bfc1c79a
38682bf4
24ac85cc
607d3a8a
18ae545c
25982a03
037ee2b6
964ec304
28acdaa8
2db09254
9b1a1d9c
72e3ec81
60abb476
20bca614
70249211
97294637
c1027e86
122aef5a
c51705db
3c3d02b2
3d270613
5560f0a5
2a827d49
57b34231
712bd2e5
d5769437
06d37c62
5956e665
11542d02
6eebe80f
7c818907
07932a29
1d6b5211
a4839566
d25dc9b6
6db80b5a
251853f9
61629225
48009ec0
7704e14e
8c67a296
34d608a9
d12a8baf
d9ac6b80
c5685825
ea5b6984
a17f7c31
a698afa7
355c7c2c
f226b806
1a607600
f857d51f
b76a7bd3
82c5d7ac
cf4463d3
7a8fc732
5de21b40
d6b54307
f35c2f92
7778b5ce
2801273c
412b58a2
5287888a
e7768be3
714480a9
c1430685
9a98c490
7b5da195
6995d49b
03cfa803
161da392
a6c2b68e
12a0f573
0048148b
77814c7a
b77a1496
09ad72eb
a1f69776
365169b8
64cfc241
4db1396b
a32bd72a
d0c09d24
a6913333
7d42da04
ec7e0432
c4da21c7
23336933
baaf2a51
0309576a
5a547802
5618ace7
4473a77d
c8677510
79210187
8a198302
db7d6994
3876088a
6bc6b236
0b333262
87e0075c
28276ece
d48f2677
d8a330b0
8ca20d20
23c42827
17d924e5
08bb8ea9
bc06901f
c6bba825
9c1a6e14
ed973435
e89500b6
1196221f
07c7b9e8
da7bb5c9
29180478
7ec6b1ba
eba8c714
a6a4d86c
0772d9a6
75c76d18
aba160a2
493a58ea
81428fba
47f4681f
5104b062
05e43007
2ca76c86
bba30525
55194ef8
893662bd
e5721700
d18d3db9
0978ca0f
9c0eeaa0
9b2b2df9
6f61a72e
10055354
2250aca0
cb65be9c
2993da80
48b24446
2d6c8e5f
b2051967
a2f34fd6
7941438e
fe493c1e
ac7fbb62
490c2a39
78391bf0
307f6179
c806df03
2c4f26da
b54ea553
6987ae06
16763251
e61963cb
1d7ac682
556550d0
aaf55d2c
66ec37cb
f8b8e7a2
486e992b
14c99da3
d98d66b1
ba995d1b
86720690
0c2576a0
085a1f78
52d6f21c
918ed88b
767e1329
0fbbc43f
28a90923
c5e33295
2dd59b0c
2e4ef4b2
369acaf0
9a068514
91b714e8
0a2b3d87
32655884
38926a9d
c44e5911
77b4cfa2
829c7899
993756a1
50b6fc32
74ceb290
658c61a7
92a3cf04
ee4628ef
a1e17d8b
2482a910
b1c3a477
d31dbb37
00e8c5c1
1f2c1a84
2a071106
806819bc
11c6445e
b7dd00e2
7ccb655b
be024627
05394dc6
06307855
ac4da674
802f214c
6a448ebc
09816cb0
a29d94f4
913a59b9
4806f587
0aee1d69
a79202bc
d6c0d2f3
c7121c02
c2531fa6
f4ba4730
0ac7a3d8
50405401
a4ab98c2
75ecc048
cad99496
af1916d6
c2f5cff0
556544a8
7f02cb07
bb17be25
67b528a1
609f73bc
ac52cf6b
8b9a4816
4b96236d
f5d05245
978c7dc3
a4e1fd48
7f7ffa76
72d8e7c9
77ef39ed
2ac41dea
cddcf264
0970ef5a
28475b33
4199cced
34605071
08a437a5
5a6886ec
331b45c3
91507b52
8675ce2b
1ae99b28
5cfcfded
d6224ba5
ec4b4ae7
e25be223
05145c36
00000011
00000001
0000002a
00000001
0000000b
00000001
00000020
00000020
00000000
00000320
00000660
00000000
329d3c61
050d00c9
6a7a964b
a38a5471
62f745b9
4a28470e
1ca7d2f2
824e8123
6eebfc6e
8636ca46
5b65cc15
7bb8264f
c64ea7c0
98a1b62a
78e03e73
379e3761
b8ac2edc
18f73b12
91c02742
12502cb8
5e54c6c5
480d9518
321101ec
4972319c
39928bac
b10a1322
5042a9cf
b687fce4
774e057b
3ca17e02
5e111915
e6830ca9
6565e435
7668f67f
a7cfad9c
cba141c8
90699be9
e20a2467
99d71f24
c0756a4d
d6179c16
7aa22788
c2748c38
e4db29e4
4f630314
030a1089
0a627861
2f9c87c1
b7a71c37
b4f075c6
c3ab861a
028b979c
2bef9b49
5b40be7b
fd92507c
88c32183
9a74629b
496178b5
c2db1b83
49471141
c37e0bda
276fc46a
bb0a0957
4530e693
f4d24542
45c72c6c
c20386a0
c96d4e6b
806c5d9b
2fc701f8
86faa200
7682fd95
db2bbb0c
c349a58b
4794b5b0
94765bef
7640c1a3
b734d3c7
286a5add
6a5103b0
acd42c5f
05a8a5c9
51bf6c65
84cc260c
d2c057aa
1c238947
4b0818a3
b5cec6cd
3213a502
35a375cb
1f0f4531
37ef24f4
01c136bd
25abebfe
d97062a1
70e00e39
4268a2b0
e08cc6d4
5752a707
288cf2b4
4c0766d3
a7e0327b
65529adb
372579b1
1a4a382e
bb179278
028e1b44
b3616650
00a6d076
1cfe5b5a
0664c368
1f5f1a64
fbda2348
cba4411c
30c45659
b0184cbc
a161bf77
ba310051
b927c192
c34b7f93
5465f62c
656a62f6
79b4546a
2f26276c
97c01b49
2fec551c
c6362413
d7414cf8
2c429d32
9876b0d5
e9d59920
24dc49ce
2cb5b0d3
bcfac178
c23957a0
44aa48c3
abcb9ce7
8a51875c
4e676039
ebfe8e45
5ec49c8c
ac16e836
5a946708
559bf736
4e7c515a
41946723
c9ba33a0
5306993b
4bcac845
b2acb065
75ce064d
029d1379
c67061ac
c674533e
474f1862
7b7a2623
787f2730
10f18f87
c3496a73
cd5f15dc
980c5608
556a7e7f
8a614bdd
9289a74c
33707362
7c2a05dc
0bca172a
b6ac734b
d9a9e973
d4071e4c
afabf3c0
e1b1a031
7c0c513c
b2442e07
a4c1d893
714ea0b6
6185f848
43269664
4444a7e2
af2b13ae
cc0150bc
319f5356
650a24c9
480458c8
30915027
cd8c523f
b257ab41
407887cb
05899e20
a986b655
73d80c12
c4f76928
a776fb93
b8eca507
e5aec9fa
21afcff4
b1b787da
d8108961
a4476579
51303d24
df81a82e
499d3cf7
683c0f57
ecbbfb2f
83080388
023c11ad
05914a17
261d3001
759a64be
1cabe2d9
0cf343ab
18a0531f
94884566
25fc28b6
c7e039ba
102be0ac
149c617b
7ab5b979
4f92549c
9bd16949
2dd0c6c0
e7bfe604
1b6e9f17
03eb8773
f354c432
f3e585a7
8ba631aa
f4bc2858
e8f3a70a
3b282206
d0bcb149
04d603c9
6553177e
19360ce0
0bbe895a
c4db3910
40a2271d
616e71c9
1a00a315
7f7c834a
b7349e5c
161b5e73
98a3e212
853e95f5
3a38b9ad
4a4d0650
7ae86d49
5a3c7f17
3e2ff7e7
a8499f2b
12b08ec0
dd6efb33
a984a3aa
b023801c
e380b670
c8ddb6fa
aa50af62
1863d1cc
e4d61c06
c080df55
434f3178
0c4072d0
a3385681
0f1dbb92
990d3680
99586cc7
d3c7624f
dbb45de4
6b328a56
756e14c4
0cc8b9d3
aabb7677
b71694cb
d8de0363
60dc5121
0d7fbad1
36eb282a
73169a06
c5179121
69316973
49f64e34
355c03dc
82d5be4a
2c7c9703
171809a0
478455e9
b4618aa8
e91c8a9a
d23453a4
8ec80169
117221a3
67647c88
19c97a21
ed54a8e0
f01c1737
8769a913
3ea6941d
a6fc3a1b
54d09e91
209606c8
f1b75898
4479c31e
eb9e4a25
24b36481
83724438
139c9ba3
2bc35979
0350fd23
e7430059
704c65bc
c4108baf
76148a85
23ce8952
c06896a8
07482647
b49b77f5
50279684
bdbdf74f
e44ab5ea
bcc2f01d
a3bc34c8
0af180a4
9007a987
b8a3d82c
b27a1302
cf574437
26467b0b
37555706
5c208f7b
033d025b
b197367b
49821e89
a0b52b5d
863b31c2
7c45d00c
6d46c175
07c18afc
4ac2dfa6
7d6279ee
f1666197
8ed8ed68
16721332
040d0816
6984a268
dc8ddce1
e281849c
3cdbcc9f
2489dc19
cbf39d29
2b43a00f
0231562d
49c167e2
7a70f680
733eeb89
439e9ce2
0da01827
df6526db
313f8b4b
3653d70e
ce81dc91
4073a51a
64d740c5
f989076b
2288afa9
58c1055c
6c64c61c
cb13b70c
2f4c9943
3bb4945a
45174d3b
0b09bb62
33ce47c6
0c739c85
65c5975d
0409d0be
d9fe48c7
35fbbb3d
c200e24b
1aeb9fe5
a1ab8624
877401c0
c56a0d85
6004d619
a17213b9
70b1a0b8
0fc3a559
cec561ad
f9674ed4
cd658458
6d54ebfe
a73eab53
54bb0034
329d3c61
050d00c9
6a7a964b
a38a5471
62f745b9
4a28470e
1ca7d2f2
824e8123
6eebfc6e
8636ca46
5b65cc15
7bb8264f
c64ea7c0
98a1b62a
78e03e73
379e3761
b8ac2edc
18f73b12
91c02742
12502cb8
5e54c6c5
480d9518
321101ec
4972319c
39928bac
b10a1322
5042a9cf
b687fce4
774e057b
3ca17e02
5e111915
e6830ca9
6565e435
7668f67f
a7cfad9c
cba141c8
90699be9
e20a2467
99d71f24
c0756a4d
d6179c16
7aa22788
c2748c38
e4db29e4
4f630314
030a1089
0a627861
2f9c87c1
b7a71c37
b4f075c6
c3ab861a
028b979c
2bef9b49
5b40be7b
fd92507c
88c32183
9a74629b
496178b5
c2db1b83
49471141
c37e0bda
276fc46a
bb0a0957
4530e693
f4d24542
45c72c6c
c20386a0
c96d4e6b
806c5d9b
2fc701f8
86faa200
7682fd95
db2bbb0c
c349a58b
4794b5b0
94765bef
7640c1a3
b734d3c7
286a5add
6a5103b0
acd42c5f
05a8a5c9
51bf6c65
84cc260c
d2c057aa
1c238947
4b0818a3
b5cec6cd
3213a502
35a375cb
1f0f4531
37ef24f4
01c136bd
25abebfe
d97062a1
70e00e39
4268a2b0
e08cc6d4
5752a707
288cf2b4
4c0766d3
a7e0327b
65529adb
372579b1
1a4a382e
bb179278
028e1b44
b3616650
00a6d076
1cfe5b5a
0664c368
1f5f1a64
fbda2348
cba4411c
30c45659
b0184cbc
a161bf77
ba310051
b927c192
c34b7f93
5465f62c
656a62f6
79b4546a
2f26276c
97c01b49
2fec551c
c6362413
d7414cf8
2c429d32
9876b0d5
e9d59920
24dc49ce
2cb5b0d3
bcfac178
c23957a0
44aa48c3
abcb9ce7
8a51875c
4e676039
ebfe8e45
5ec49c8c
ac16e836
5a946708
559bf736
4e7c515a
41946723
c9ba33a0
5306993b
4bcac845
b2acb065
75ce064d
029d1379
c67061ac
c674533e
474f1862
7b7a2623
787f2730
10f18f87
c3496a73
cd5f15dc
980c5608
556a7e7f
8a614bdd
9289a74c
33707362
7c2a05dc
0bca172a
b6ac734b
d9a9e973
d4071e4c
afabf3c0
e1b1a031
7c0c513c
b2442e07
a4c1d893
714ea0b6
6185f848
43269664
4444a7e2
af2b13ae
cc0150bc
319f5356
650a24c9
480458c8
30915027
cd8c523f
b257ab41
407887cb
05899e20
a986b655
73d80c12
c4f76928
a776fb93
b8eca507
e5aec9fa
21afcff4
b1b787da
d8108961
a4476579
51303d24
64e1913d
84bdabbd
1a6be374
efef4541
52cd1ffb
4d970bcd
4c5d4bbb
876e2019
07887f76
edc9cbf5
15590d9d
7a5ba27d
860c0fb0
e13117f4
81b3d0b5
ac6feb48
00000012
00000001
0000002a
00000001
0000000c
00000001
00000020
00000020
00000000
00000320
00000660
00000000
e863caac
73b45094
3e037c84
c50ad6e2
1b8221f7
512831b7
106f0a9d
0b41c9f2
7194cc67
4e4f7201
f0f27915
863388c6
35a936d2
9a2eaf22
8b18ff9f
839ee35d
c86bc028
1ec1a550
b5befa70
08dc6e24
bc6879b6
1089c251
e4cb0c40
02a15a10
532b0653
7acd9273
b6774ba6
9d2586a2
0005347a
261a7f53
c6cb2bfc
17509274
96233682
bd29f08f
869d8806
31e208b7
319b1809
40e97bc9
0889f427
44814354
14be2f6b
1b045e50
9662b1d6
72400180
bcd06615
88109129
98c49dfc
91fc5e63
1b912a29
74582e38
bfebf081
292e5a72
eb930a8b
1c71b978
9a60f520
509a23a5
7fa1f60e
cacbc6df
ac1c597b
397c1b0d
ac711986
acc57c72
36cc214f
38cc6119
9a0aa33b
33cce191
31ca69ef
c162b3c3
40e374ac
5dc32cd9
151b36f0
59321aa1
101738a2
649d9304
5fe4919e
61c42887
3bbb72ec
c8b391a0
52b6f1b4
b85c0b79
8337773d
3346cb37
4bd29651
78f5e8c3
19023600
15a9087b
c555c304
a5bbc8d0
84000c61
0fecd06d
514eb7df
f3f789c3
0ee6f12f
8dc27bce
8aaa2f1c
87b11db0
cd52c3ec
83a091d0
c525da57
c65b7149
fa285c3a
3bace539
7ba14bb7
e0c29d54
abe0d935
1a2e187b
644fa499
6a0cdb65
a0be91b6
342d41b5
476cf855
e32ee320
c7660a45
0b924386
670923fa
63bb7e93
1b51b9b3
d206aa6d
8723651b
6f2ac029
05be3ca6
d9c87148
6e4abc50
ab2a5756
b4676413
2ad74baa
4fb2526b
9c205bb8
aaf23ea3
c495f389
ac667b7b
8326119c
e8a1c185
33d6046b
4df4cc30
e2ab5c87
87d339fc
ab503a3b
f1c8e6b4
d79b52d0
152bff82
eb51b455
039f07b6
059008b1
3e1ff745
e6cb2e32
29232b2d
a4500c00
24dbc686
326b41c4
914e34f8
57e85f7a
b3ecf72c
83508bfd
1722af6a
13272ba3
f0cbe35d
7c4c415a
0ed502a4
828714f4
611f8d22
c65c2d91
32805747
e2e29753
02f4f2b1
5d81a9ec
3b202a13
41f0e179
8e84c0bb
3799c6da
1cd0dba0
72a3b280
740d8e49
cb3af69c
04c2fb1c
010a86a3
358cadb3
3998bb07
77e9998a
cb157c3d
8d705c36
132a5009
5844926a
d957b75a
c2040d35
4d806e09
c03c38e4
a9f25819
2cd595b5
8c4e93f2
6a44aad6
49130305
5fc00715
91ab22f6
d728d785
6f285b80
31ec9116
e457cd38
417898f9
b5376950
66b5c3a0
006f4453
928ca0aa
4a6accfa
24e91932
78bafb51
3139270d
a96b84da
21eb3150
d97b8b7c
084905c3
45a4f95d
d03c5c9e
e0f6c875
02e5f12b
f5ac46a1
e7e4928a
425a9198
f455f2de
235a616a
499c4400
8b9fc600
bcd9a24c
63c9b9ba
e0aedb31
c56f37b9
7e388f6e
23af2493
169366eb
9f074574
98c0dc11
0646c997
b265171e
128168a0
e17c6433
caf44964
bf7b877e
87483b51
2da7a6a2
7b4b33c8
b57c5d31
5822b532
696d295c
d538c354
bc15c5aa
3d304beb
13594872
29b26a14
d68f41d5
011082b8
59da9788
0a847295
aca7426c
4fb25d34
1972799c
dae48cd7
16270329
6d0c6b9c
71a81e8b
315aa3bd
cb3be308
302a906b
aaa6c2a8
0d412abd
f4f72c62
1e024406
17082398
725e8fb5
2225fd54
ce01c60f
2188c008
33ea61b5
072eb354
891c00f6
587854ce
d2737927
9a845c2b
01b4cc4d
6722d347
0545ad9b
7b107f6e
578dab71
87c6b48a
64c805a5
3a4804ec
7b2a6809
691106b8
c03ba884
b4138970
486aa6a1
e77818fc
d3c755b1
9c868f37
b1bb7062
5a828e85
96990f77
3cc22589
559ecbca
24736606
93138b6c
e9b326c6
39bb05c7
9ab15823
70a18ff1
19b325ac
8dacc0c8
d1488d35
2ca25441
ef1f616b
2c47bfa8
64b10803
ae6865c3
524a5b26
b3927a37
692bbc5a
39c16b71
c9b3666d
d9068316
44685aa2
6ad23972
af7823c8
14fa5289
0186c1bb
0e4eaceb
78d0bbf4
39044672
dc36eaf4
f82131d2
5d59ca0d
4e5ac9e6
85d25831
4b2cafc0
dc6355cd
d75840e2
12e90acf
14849781
4bd79c21
51f56734
5f3c72a5
8639c58a
b2252099
3218ec6c
c16a5d87
8c535b04
ef849904
e19e6372
5307f082
afb85251
87538b28
a65814ab
32a445a2
d8851778
ba1c411d
f44d331b
d932b9f0
2f729926
fc17e4e1
b6a4aed6
bd02facd
3238161d
eb9a5bb1
6f0bb76f
1fb06318
4475082c
0606cc11
0dca326c
c14d29fc
1c49c315
fe6bc7fe
33d623f8
0b3b76c5
15a34825
950b4874
41b9a6b8
9139d969
8cdbb20b
c947ad92
9438fa70
c02a234c
784a6c0b
2fb89237
3588a3ac
7c239e57
9684263e
f9a79190
b26cda0f
a6199cc6
1030717c
bff9e7c8
fab2e06c
78fb7f37
5d6699b6
e863caac
73b45094
3e037c84
c50ad6e2
1b8221f7
512831b7
106f0a9d
0b41c9f2
7194cc67
4e4f7201
f0f27915
863388c6
35a936d2
9a2eaf22
8b18ff9f
839ee35d
c86bc028
1ec1a550
b5befa70
08dc6e24
bc6879b6
1089c251
e4cb0c40
02a15a10
532b0653
7acd9273
b6774ba6
9d2586a2
0005347a
261a7f53
c6cb2bfc
17509274
96233682
bd29f08f
869d8806
31e208b7
319b1809
40e97bc9
0889f427
44814354
14be2f6b
1b045e50
9662b1d6
72400180
bcd06615
88109129
98c49dfc
91fc5e63
1b912a29
74582e38
bfebf081
292e5a72
eb930a8b
1c71b978
9a60f520
509a23a5
7fa1f60e
cacbc6df
ac1c597b
397c1b0d
ac711986
acc57c72
36cc214f
38cc6119
9a0aa33b
33cce191
31ca69ef
c162b3c3
40e374ac
5dc32cd9
151b36f0
59321aa1
101738a2
649d9304
5fe4919e
61c42887
3bbb72ec
c8b391a0
52b6f1b4
b85c0b79
8337773d
3346cb37
4bd29651
78f5e8c3
19023600
15a9087b
c555c304
a5bbc8d0
84000c61
0fecd06d
514eb7df
f3f789c3
0ee6f12f
8dc27bce
8aaa2f1c
87b11db0
cd52c3ec
83a091d0
c525da57
c65b7149
fa285c3a
3bace539
7ba14bb7
e0c29d54
abe0d935
1a2e187b
644fa499
6a0cdb65
a0be91b6
342d41b5
476cf855
e32ee320
c7660a45
0b924386
670923fa
63bb7e93
1b51b9b3
d206aa6d
8723651b
6f2ac029
05be3ca6
d9c87148
6e4abc50
ab2a5756
b4676413
2ad74baa
4fb2526b
9c205bb8
aaf23ea3
c495f389
ac667b7b
8326119c
e8a1c185
33d6046b
4df4cc30
e2ab5c87
87d339fc
ab503a3b
f1c8e6b4
d79b52d0
152bff82
eb51b455
039f07b6
059008b1
3e1ff745
e6cb2e32
29232b2d
a4500c00
24dbc686
326b41c4
914e34f8
57e85f7a
b3ecf72c
83508bfd
1722af6a
13272ba3
f0cbe35d
7c4c415a
0ed502a4
828714f4
611f8d22
c65c2d91
32805747
e2e29753
02f4f2b1
5d81a9ec
3b202a13
41f0e179
8e84c0bb
3799c6da
1cd0dba0
72a3b280
740d8e49
cb3af69c
04c2fb1c
010a86a3
358cadb3
3998bb07
77e9998a
cb157c3d
8d705c36
132a5009
5844926a
d957b75a
c2040d35
4d806e09
c03c38e4
a9f25819
2cd595b5
8c4e93f2
6a44aad6
49130305
5fc00715
91ab22f6
d728d785
6f285b80
31ec9116
e457cd38
417898f9
b5376950
06230d23
e2172515
2ba2892e
9838eabb
6265293f
8aff1936
c39f7f0b
fc364822
08005a6b
f01abe5d
83fbda5e
bce35070
6d977d86
214c5799
043e63c9
56554953
00000013
00000001
0000002a
00000001
0000000d
00000001
00000020
00000020
00000000
00000320
00000660
00000000
ec0c92fa
b9dd5573
5b150e4a
25b7655d
07d39e19
33d13c01
811a3be9
f019b858
6ab5a623
dd3fc29a
10e46132
1c26246c
02212b8a
3861902c
3506aa59
5d86d762
f55ba9a7
be4a7608
b64424bc
736079d5
92b60aab
6196e96f
ab9eb0f6
bd400ea6
709a20e8
492e6771
9901ea8c
acc195d2
fccc5c21
5ee36009
29364496
f4e46f9c
6ea381b4
78ccbac1
667448a4
7e92eace
54852793
56115958
2d68b2cd
1f5a9417
4097bb10
2a2b1e47
346fa719
591a0969
08a04226
6d6a6166
f56072a6
31f5c915
aa489402
a435b04c
97b20e68
da96f425
278ca18c
c8006281
249f0533
294e3d4b
4055533f
b52661b5
b55fa59a
937cfd82
97a073dc
69248f86
9888a1b2
ae95a6a6
fb6c0aa3
7fe265c3
fb48acb2
81861a2a
7a0b6ab1
4c9d2905
08e4716b
515447a6
1fcedb04
e5a66758
bc77a5bd
b037c212
7879cd03
017b8509
c9b02626
b5066283
94f40860
3136b4eb
40b7b1f0
972724c9
468573e0
4bdc0d59
30064687
a373399f
8945a3bc
07fba00d
6e7d4833
c1637695
15e28879
662c9912
02700cb3
4668c7c8
15b79553
92e73a00
1dd8043b
16987c3f
a5ceaac9
a055facd
1c0a922e
c73183f8
193398cd
15bcc448
565a13b9
c18c1a8b
5e6cd221
a6a42e00
00f858b0
3f354096
dcccbb34
ac6cf58f
0d7a389e
09732de2
34f0872d
2a88685e
208a1c44
458a695c
bfa20940
b74220a6
52241e53
09172ae6
fc191558
1b534e27
29a2a03d
9427137b
4fac544e
d483828b
b0e8590c
7964c53d
31554a6d
b9118776
018a0c28
9215001c
016129cb
c8405945
88b29649
aa4d8899
2d426100
44baa115
32286598
7fe0203a
a57f7ccb
5b981eb7
49e60473
fcab23fb
5022784c
a77af76c
3c95473d
f48d3fd9
83f73b93
d9b7454e
5aef4cd7
6ae98a8e
2532349d
64388077
76f9d039
db09d5d3
954fa9bc
a7818358
89b4b599
5be020b8
7d196a22
81b5b8e2
9ba02eb9
7c087460
e378c289
b2715431
0ed2545d
ee3f709a
d6e949f1
6a927f24
7a2571c6
69f34819
7fd0f630
c2681c75
f7c82256
ca28ffab
000665ec
16183334
7c20894f
d07ad3bf
01af9220
34bb1db2
2e08c13e
09c24eba
24297e4a
42485afa
4c63a5f2
94d1920a
396a23b5
a81e7bb8
4c687e72
38c9cc25
6fe66ffe
4ab76e62
1812a88f
42c95d8e
4c3aa21d
87ef1d35
9d167fa8
50ca1024
f347ae4a
b2e59477
7101a5c6
f7c73e43
c7b15fcd
67634504
23a46b77
a272538e
dabcd638
74ed0cf8
b2609798
cb53dc2f
6a492001
c8fcac26
7209f2c8
14301571
2eac84a1
633c17c3
1482ba93
340a85a3
7ab6c99e
5b281100
5ccc6430
38a0f756
20a62c5a
5923ae49
a09490b8
b6f18842
2fc8a997
8ca170a6
c97ec339
59d119c2
4a2ac706
20d0192a
2d5a1b81
ffa2341f
f4c91471
981ac30f
b7b1f898
84be4f62
8b635906
0d37a7aa
979529f0
0564de11
0647f332
2b6d9603
7ccbb7ca
ce1958f0
16877099
8cb63196
7d62a622
a733bde9
3bd6be08
240ea268
b82a9614
8e092a2f
39af600b
98da0607
cc191e4f
892dac24
c4388311
6486611b
61ae3a40
10f280d1
51087bb0
7b247a7e
a92b8226
2c077364
297c3bc3
831a83ab
7cf110cd
120ac1d8
cc2b81bc
2e28da19
0eb68214
19958101
015c893f
b65de976
009e31c8
b68325a3
682e911b
aaabc2a8
56c2d5a4
061a0985
d45352ca
9ef6048b
fcc010f0
3c8f04c0
b1454f73
8a69e343
10a4c846
b902442a
ef9e327c
e1933345
bfb5bdaf
e94db363
73c0c5da
b2997365
d7b7c953
ac0bc849
a07a7352
5490ba2c
2baaa44b
15040f2f
e6078479
995922fa
a24bb7a3
8c018059
461d0098
73eb4b2a
fac35308
e04840d4
3179e4a5
b7674033
989c2578
952b2e97
b43d6039
8cafb6c3
af5ba748
6d1553ef
a25ac505
501c0b40
c3705494
a11fbdf0
40e6fa30
274008e5
bcea8be3
8b11dc7c
3a0a7456
c87e6ae6
b2d3702d
1515e686
a11c6082
9951897d
bb71c92d
1a9f38a0
33f6347f
1f8308c5
0a682d0b
0921dca0
1c52e81c
4b1ab176
b4e30768
0a49c8f7
ec075831
62bbc2ba
5a52d511
608a8f38
ce5868c0
696ca823
73b82de0
99428fa2
e97c90c5
e1673f52
85fcf541
8c99605d
1c0abf66
b7ebac6b
a57d84b7
24b65258
23221c8d
e5300468
6a08616a
c6e9d197
1e4197fa
000d0702
739a80b2
b00c95f5
54794603
5b0693b1
834085bd
d6656778
0f065e6b
cf42f494
c22b4df4
6607ba35
7b9998d3
b672bc57
4edbd0a4
671a672c
1acc3817
441bfd81
f83a0a7c
9ad265aa
0e624335
24cdd171
27405d46
7c54659b
ec0c92fa
b9dd5573
5b150e4a
25b7655d
07d39e19
33d13c01
811a3be9
f019b858
6ab5a623
dd3fc29a
10e46132
1c26246c
02212b8a
3861902c
3506aa59
5d86d762
f55ba9a7
be4a7608
b64424bc
736079d5
92b60aab
6196e96f
ab9eb0f6
bd400ea6
709a20e8
492e6771
9901ea8c
acc195d2
fccc5c21
5ee36009
29364496
f4e46f9c
6ea381b4
78ccbac1
667448a4
7e92eace
54852793
56115958
2d68b2cd
1f5a9417
4097bb10
2a2b1e47
346fa719
591a0969
08a04226
6d6a6166
f56072a6
31f5c915
aa489402
a435b04c
97b20e68
da96f425
278ca18c
c8006281
249f0533
294e3d4b
4055533f
b52661b5
b55fa59a
937cfd82
97a073dc
69248f86
9888a1b2
ae95a6a6
fb6c0aa3
7fe265c3
fb48acb2
81861a2a
7a0b6ab1
4c9d2905
08e4716b
515447a6
1fcedb04
e5a66758
bc77a5bd
b037c212
7879cd03
017b8509
c9b02626
b5066283
94f40860
3136b4eb
40b7b1f0
972724c9
468573e0
4bdc0d59
30064687
a373399f
8945a3bc
07fba00d
6e7d4833
c1637695
15e28879
662c9912
02700cb3
4668c7c8
15b79553
92e73a00
1dd8043b
16987c3f
a5ceaac9
a055facd
1c0a922e
c73183f8
193398cd
15bcc448
565a13b9
c18c1a8b
5e6cd221
a6a42e00
00f858b0
3f354096
dcccbb34
ac6cf58f
0d7a389e
09732de2
34f0872d
2a88685e
208a1c44
458a695c
bfa20940
b74220a6
52241e53
09172ae6
fc191558
1b534e27
29a2a03d
9427137b
4fac544e
d483828b
b0e8590c
7964c53d
31554a6d
b9118776
018a0c28
9215001c
016129cb
c8405945
88b29649
aa4d8899
2d426100
44baa115
32286598
7fe0203a
a57f7ccb
5b981eb7
49e60473
fcab23fb
5022784c
a77af76c
3c95473d
f48d3fd9
83f73b93
d9b7454e
5aef4cd7
6ae98a8e
2532349d
64388077
76f9d039
db09d5d3
954fa9bc
a7818358
89b4b599
5be020b8
7d196a22
81b5b8e2
9ba02eb9
7c087460
e378c289
b2715431
0ed2545d
ee3f709a
d6e949f1
6a927f24
7a2571c6
69f34819
7fd0f630
c2681c75
f7c82256
ca28ffab
000665ec
16183334
7c20894f
d07ad3bf
01af9220
34bb1db2
2e08c13e
09c24eba
24297e4a
42485afa
4c63a5f2
94d1920a
396a23b5
a81e7bb8
4c687e72
38c9cc25
6fe66ffe
4ab76e62
1812a88f
42c95d8e
445766a2
fb9c245f
df5d576c
331d61ca
263be9fd
70ff77e1
56930d19
7ce5b39a
ffd9636c
4ba0e48a
4995ff35
5761cc69
c0e2ff6f
6b0c9195
0977c6a4
ba665aa3
00000014
00000001
0000002a
00000001
0000000e
00000001
00000020
00000020
00000000
00000320
00000660
00000000
94b04583
e47f4e79
7a16910d
a9a0f6ed
7c3119f1
67557b99
7e0c14d3
f7ce4360
ba84558e
e43dbce9
15b295a3
8e84a043
22a17a2e
4af4579b
8f159e99
3c37e948
89d9aec9
1ef2fc8d
38694ac8
204f492a
4329442a
401fb7a5
aab189dc
4af61280
e74313a7
231c0977
623804c3
15b37729
d0ab9e32
b7b94288
22c7689d
4645c4b8
70a7d565
d16f6300
46e6cd42
83e0a3c1
1282d688
429d9fe2
60d5a636
c1ade023
b659b262
9d44be4f
a79537ac
0505bf8b
986a6301
cd75a835
146e1174
ae22cda8
cd52cced
fa237fb7
bfda46a5
9a30e041
7cffcb59
94341ca7
cb41b9a3
4c006b14
28b0e03a
a03dd6ab
d29659cc
9b61ab40
437876ba
5bf841e3
ad41e387
9f0642a0
e82a218b
5988c167
3c38c0b4
668f8d77
92603d9d
6690acbb
749b3fe9
88833107
96c2e639
f35086a2
64192ece
756eda72
f7a850bc
5cba0521
5928b370
2b2d8feb
631b213a
15be53bd
44185518
33fb26bc
4b30ca69
a5090930
18a3126b
4983d619
94b53989
6ea2d5c3
28c166ad
4b376b01
1fb00b18
0941151c
5b3f44ca
cbaae314
6e5da051
03bf3887
724b3740
e678a34d
04e8c1d9
0d4be754
2998ab93
39d055d5
7690b88c
2020b21b
22bf1e28
8e97a015
bf52427b
e094b78b
7959d58f
624725bc
fcbd7b89
6f87b48e
f44ba17d
82999e30
1dc24f7f
ba1d50f5
36aa2563
4666fa7f
3fcd374b
d258470c
5428e7a8
1c4b5209
f65c2c60
a7947160
db375bef
d43f943a
86560773
d92750ea
35350ba8
7cc0d0b3
7159f659
dafa5af0
76f06404
c0afb5c8
f9d963e6
4f79414a
1829f02b
3ae6a2d3
a8128b9a
c33cab6e
bcdda86b
0188d012
d833c5a2
61fb93c7
6b49023f
4dabdb11
c5fa7392
08637d8a
6814c7cf
d27bc2e0
c6107071
c96cb3ac
6026038a
89a3440f
2c685049
c78d36d2
3df2ef67
0d122011
a58466f4
07ba7912
34a96602
5326ac1b
61fc97b3
085cc00d
6c836fc6
cff23db3
af38cad7
26d17ef6
ad3330a3
8c1437bc
e748b970
65d60073
6fc37a7d
82ae5861
aa82924c
d64b31f5
9b1db0b4
7e8cf17f
097c13db
3c8f7286
0b79f053
6dc98cd0
7cab4dd1
b03c4bb6
409096cd
e5b36d54
84d029c0
aa69ac25
8cf9ac76
12cc0b44
27ae4d1c
b692a24b
93365127
0786171d
73b41bf2
593af316
a72a437c
84ba78c3
ed5409de
62308992
12b2141d
a342410e
b413958a
75266514
162bd070
a2ff8fd1
b5ebd64c
3b1b2a3b
20aba9b6
6c3c2a12
525b1bcc
c8e10f94
b8107b03
e8a15082
98f17faa
36cabd6e
99bce40c
603f7b82
08f3148f
8446e31c
15ca4d37
b5292b6d
2915c39a
f97bc7b3
54bb39b6
b7a7db6e
d3891cf9
b23cf5b2
310471d9
502da0c4
9695455c
2b356b4f
b6cf4adb
45f6996e
454365a7
145f7d29
5c84fdb2
ff853af1
2b39888b
1434140d
0dbbdc81
08931ad0
3cf19f80
842a3886
f2303e82
11e50991
561ce2ef
34751ec3
c543a37a
33c187ca
b1d2a10b
a2738095
c9702cab
6580cc74
37812ea1
222e0b72
56d68a03
37160542
faaa880e
75ac2844
b9a2e52c
f313b130
6ab76ea4
9bbca09a
a89e6cdb
ec676073
437ab66b
5f06e76d
c6623ffc
1285c378
dba95617
52a346f6
2bc308c2
bf3350bd
fae30764
7fd2a310
de56aa4d
c1a1c2a7
c3866063
bc19d919
56d25586
51bb7599
9b5de94d
54428dc6
b7f0d586
8e91e5f3
72d18efb
54698e2e
23b329ba
19734519
93825d8a
be3a3482
b9fc01d7
4eab3201
08185c19
437a4aca
3b24fb7c
e13c026b
12976d80
2298bb0d
3b77c39a
3c255059
399ae799
96684ab2
4557a530
6fb5cbba
f69de4c5
4c0f73c8
0a862ccc
f4456134
0175b7c1
a99c1845
da49c7f9
c9571dd0
041cb190
5793b705
4655898c
7bc0fb07
99c13253
59071062
0776b34b
fa2306da
01966133
2a77cf4a
2cae58b1
66ea8d92
6b4b22c5
82a0c416
822b2d21
5733862a
e56795ac
41339e0c
2648184d
b4384b6c
040d6bec
0c4b97b6
0fc2f411
aaf64938
7ddbed3f
21bd6b43
47811ccc
4a1b1ab3
0852902b
533d6eec
5143825d
e707a487
267a8e04
a778f628
20b7944c
f33e3a03
abb9a182
0b4b76c4
bad599d9
0766122d
3b712c7b
07a8c744
5c589e9d
18a7300b
216b241b
c771438e
8d182967
fa8e3bcb
23b20ba2
14464247
a76f237a
318392bc
7dae3a93
f39bcf4a
cfc6d629
ff08b219
7bd76d9c
3ec3b4c7
da7681ee
0ae12f96
5362d77e
a5a6380a
9afb0472
592cd65b
2d4f8954
27238f11
3f9140cf
784aecf7
37e31f55
bd71df67
0baed948
d4493b49
0696d258
2a0c71f8
d5cc9065
3b2cc28f
94b04583
e47f4e79
7a16910d
a9a0f6ed
7c3119f1
67557b99
7e0c14d3
f7ce4360
ba84558e
e43dbce9
15b295a3
8e84a043
22a17a2e
4af4579b
8f159e99
3c37e948
89d9aec9
1ef2fc8d
38694ac8
204f492a
4329442a
401fb7a5
aab189dc
4af61280
e74313a7
231c0977
623804c3
15b37729
d0ab9e32
b7b94288
22c7689d
4645c4b8
70a7d565
d16f6300
46e6cd42
83e0a3c1
1282d688
429d9fe2
60d5a636
c1ade023
b659b262
9d44be4f
a79537ac
0505bf8b
986a6301
cd75a835
146e1174
ae22cda8
cd52cced
fa237fb7
bfda46a5
9a30e041
7cffcb59
94341ca7
cb41b9a3
4c006b14
28b0e03a
a03dd6ab
d29659cc
9b61ab40
437876ba
5bf841e3
ad41e387
9f0642a0
e82a218b
5988c167
3c38c0b4
668f8d77
92603d9d
6690acbb
749b3fe9
88833107
96c2e639
f35086a2
64192ece
756eda72
f7a850bc
5cba0521
5928b370
2b2d8feb
631b213a
15be53bd
44185518
33fb26bc
4b30ca69
a5090930
18a3126b
4983d619
94b53989
6ea2d5c3
28c166ad
4b376b01
1fb00b18
0941151c
5b3f44ca
cbaae314
6e5da051
03bf3887
724b3740
e678a34d
04e8c1d9
0d4be754
2998ab93
39d055d5
7690b88c
2020b21b
22bf1e28
8e97a015
bf52427b
e094b78b
7959d58f
624725bc
fcbd7b89
6f87b48e
f44ba17d
82999e30
1dc24f7f
ba1d50f5
36aa2563
4666fa7f
3fcd374b
d258470c
5428e7a8
1c4b5209
f65c2c60
a7947160
db375bef
d43f943a
86560773
d92750ea
35350ba8
7cc0d0b3
7159f659
dafa5af0
76f06404
c0afb5c8
f9d963e6
4f79414a
1829f02b
3ae6a2d3
a8128b9a
c33cab6e
bcdda86b
0188d012
d833c5a2
61fb93c7
6b49023f
4dabdb11
c5fa7392
08637d8a
6814c7cf
d27bc2e0
c6107071
c96cb3ac
6026038a
89a3440f
2c685049
c78d36d2
3df2ef67
0d122011
a58466f4
07ba7912
34a96602
5326ac1b
61fc97b3
085cc00d
6c836fc6
cff23db3
af38cad7
26d17ef6
ad3330a3
8c1437bc
e748b970
65d60073
6fc37a7d
82ae5861
aa82924c
d64b31f5
9b1db0b4
7e8cf17f
097c13db
3c8f7286
0b79f053
6dc98cd0
7cab4dd1
b03c4bb6
409096cd
e5b36d54
84d029c0
aa69ac25
8cf9ac76
12cc0b44
27ae4d1c
b692a24b
93365127
0786171d
73b41bf2
593af316
a72a437c
84ba78c3
57ef07d0
5351531a
9b5adb19
1baacfb8
83aca6a6
67aec0dd
05c65433
ee3067e5
f396b714
1950a524
d96d7495
2eddb1cc
063f25df
158c0c24
f88513b7
cf2ef307
00000015
00000001
0000002a
00000001
0000000f
00000001
00000020
00000020
00000000
00000320
00000660
00000000
b618e275
1857aa41
6f541881
2aa8d4f6
93598eab
6ff1e262
320e0873
d11189d2
c9415187
a544f20e
7107081c
63c7403d
0c1f45f4
10d6b3b0
a32b6f49
da6664fb
09f843cc
6eb7dc9d
644013c2
f1a19025
c126a4a7
e184122c
5317bea2
c034644e
2cbd3425
073f7af2
a0242f16
4248e142
a7c698d0
c863639f
0ac6c104
d9e911cb
57eb1578
aa522a5a
09c5ca04
92689096
e74727e7
ba1d6e35
260cda6c
586626bd
0b581190
b64cac94
21c070d5
20f46e08
485a1ab9
c115aba8
ac2e98f5
ac78f386
832082c1
d0b65675
5903c872
401ef23b
a5613e38
828bb3b3
23beda47
67a41411
36868c8f
08ba8389
b14f0db2
7371258c
bb80c7d7
1419c178
3a30bf6e
3c7011d7
63707795
c00269b3
80517b61
23064822
44e87507
cbc2751e
340ba5c7
47dac052
43c895ef
074558b9
15b8c366
7378a803
f5962999
b0671fc3
502a3b89
08f65584
849a4512
9cbad7a0
8b72bab5
1b616447
713d9132
439c0db8
c801b26e
27b2aaf8
9a8cc6ab
537405c3
9949fa08
b53fb4d4
3706b7c4
b967a003
c9d22447
5b993f9d
e1611236
f6f848d5
bd64207a
36ad89b1
4b0877b6
70281138
7f39167d
b42dc4d3
3862f64a
3ca0486f
4abe0dc8
4e275353
1d32ec11
e6a90ae7
2911082b
b7b8dc7b
62851fe5
5e78da0f
0c9fbb15
0554bc19
c6d93550
0e5cf50d
60d090a4
c248643b
562b5b3a
7c4a0b27
4e1be780
deb243e0
0310a431
41d2bd4c
b888c64f
b463737c
0cc3607a
152e75a7
30f87042
35065343
d83173d1
cb971308
196a710c
f751344e
a5279d66
085cc804
99cd0a9d
b57a1938
67a9f546
430ef0d3
92ef1a45
2fa5e4bf
a915bc62
891dc495
11164ab7
fe7030e5
0bc923a2
25650e96
a830c591
88fb3230
2041059e
cab98363
46f29063
c44910b3
6d82d5e7
b7573278
651b5e38
9facfa0b
74f56041
2e851397
8c28ac7e
2988cf3b
4dec4284
072eb84e
c1de53b3
b455123c
ea750895
8946b828
425183b4
c86618d0
28a04e85
c9b40a20
a2278742
3035c17b
a5a7df6f
9c6694a9
6621261a
ac7b22ce
591c998a
868c721c
3ec2035b
5b3b2837
684c8684
88f115b7
0c027283
a39c7bf1
1e09f8b3
f046e272
97f58458
9935ddbb
01d76779
1d0c0c1a
c0441925
2d79d7dd
2fd426d5
5232c82b
66412526
4fa55b30
07518a85
54c17119
6bfbd15e
0a3b4906
5cf78eeb
4a053925
1247c8d0
cb7a486b
03e61e0e
70ac3c29
60437c19
1f56cf6a
7fc44392
a58d4796
1e4a229c
31c838a0
28ac84da
9745f486
067238e7
13060da1
ac08de0f
d451c99c
e084cda2
b5f4b9c2
bb126900
49d78a4b
16c917b8
e7005573
fca44a6b
5116ac40
3aa2fb8a
194ec147
8d98bdad
5097c963
721d6b1a
762723b9
3e824325
448918b6
45913397
807e506b
1894c333
ca79c84b
e9cc6a2a
db8a11dc
c992c891
3047b355
e280be01
ccf54dca
735d6454
69076242
1ef40568
428f1af2
b0d78855
a5889762
09b5b9de
0502c250
75bc55cd
944533be
15a559cc
510aec0f
87015a0f
7127c334
42ba3e65
fa1eb524
bbc61b10
59e2f683
c459a6a6
e7a115ec
7951ba70
7236dabe
2c569d71
ca5513c0
372420da
7ba9ab5c
4b703393
143e1484
19b81590
78a3c851
235137a0
871249f3
30587863
828f35cc
23f73d43
2206d88f
6da233cb
190f36b4
820c3904
0718955a
f8c916a6
11ab3814
e102fc11
bac648a9
058ce9b3
b1bd9b78
7b0a5f65
6037741a
0713f28b
c2153556
363c5707
18346adb
197c2ec9
bbc292a7
4a1a88e1
9c8a9b81
02bc0e72
0e35e599
67c29265
b55bd7cd
0c8641ea
940a10ba
7eeca24b
efb481b5
990c9de2
2f527c06
758ae909
f938430a
c61b4394
7195c0bf
564103d4
5cc70109
0a2e63a9
7729a214
484506aa
b9132b3b
bbf45900
95b003b7
cd18a566
d8e49f3c
c138394e
7395f9bf
ccb46d93
60a5729c
fa3cf8b2
c1d26d20
6ae51610
777fa07d
a2e37fb3
c3daf8bb
c3baa1be
c6bc4d9a
5dab6f6d
1e0724cf
f2185756
ca107db2
6a2e9941
d1fc3d8c
24c8f503
a42d96be
cace941a
8d7ab951
0e90d1fd
b85fb7b6
0ee47b43
e270d2a6
f6347d45
545b5fa9
381c5786
f5e381e9
22c3c433
6b0797e8
51b02480
221cdc55
45bcd9ea
823cc4da
867b5a1e
e8983488
4aee58a9
03043c03
4470527b
0720b912
76ea7a20
8c8009d4
69e0af5a
cf993e03
f3caf7c3
e4decc51
92295f1f
19c0a8b0
7a35a055
725549b7
6b6f1a3f
d354a907
3645258d
74667952
79c06a3b
2d59fa2c
db96d7cb
92602cb7
463a5347
eeb369a7
a4b0ccb7
4937096b
b618e275
1857aa41
6f541881
2aa8d4f6
93598eab
6ff1e262
320e0873
d11189d2
c9415187
a544f20e
7107081c
63c7403d
0c1f45f4
10d6b3b0
a32b6f49
da6664fb
09f843cc
6eb7dc9d
644013c2
f1a19025
c126a4a7
e184122c
5317bea2
c034644e
2cbd3425
073f7af2
a0242f16
4248e142
a7c698d0
c863639f
0ac6c104
d9e911cb
57eb1578
aa522a5a
09c5ca04
92689096
e74727e7
ba1d6e35
260cda6c
586626bd
0b581190
b64cac94
21c070d5
20f46e08
485a1ab9
c115aba8
ac2e98f5
ac78f386
832082c1
d0b65675
5903c872
401ef23b
a5613e38
828bb3b3
23beda47
67a41411
36868c8f
08ba8389
b14f0db2
7371258c
bb80c7d7
1419c178
3a30bf6e
3c7011d7
63707795
c00269b3
80517b61
23064822
44e87507
cbc2751e
340ba5c7
47dac052
43c895ef
074558b9
15b8c366
7378a803
f5962999
b0671fc3
502a3b89
08f65584
849a4512
9cbad7a0
8b72bab5
1b616447
713d9132
439c0db8
c801b26e
27b2aaf8
9a8cc6ab
537405c3
9949fa08
b53fb4d4
3706b7c4
b967a003
c9d22447
5b993f9d
e1611236
f6f848d5
bd64207a
36ad89b1
4b0877b6
70281138
7f39167d
b42dc4d3
3862f64a
3ca0486f
4abe0dc8
4e275353
1d32ec11
e6a90ae7
2911082b
b7b8dc7b
62851fe5
5e78da0f
0c9fbb15
0554bc19
c6d93550
0e5cf50d
60d090a4
c248643b
562b5b3a
7c4a0b27
4e1be780
deb243e0
0310a431
41d2bd4c
b888c64f
b463737c
0cc3607a
152e75a7
30f87042
35065343
d83173d1
cb971308
196a710c
f751344e
a5279d66
085cc804
99cd0a9d
b57a1938
67a9f546
430ef0d3
92ef1a45
2fa5e4bf
a915bc62
891dc495
11164ab7
fe7030e5
0bc923a2
25650e96
a830c591
88fb3230
2041059e
cab98363
46f29063
c44910b3
6d82d5e7
b7573278
651b5e38
9facfa0b
74f56041
2e851397
8c28ac7e
2988cf3b
4dec4284
072eb84e
c1de53b3
b455123c
ea750895
8946b828
425183b4
c86618d0
28a04e85
c9b40a20
a2278742
3035c17b
a5a7df6f
9c6694a9
6621261a
ac7b22ce
591c998a
868c721c
3ec2035b
5b3b2837
684c8684
88f115b7
0c027283
a39c7bf1
1e09f8b3
f046e272
97f58458
9935ddbb
01d76779
1d0c0c1a
c0441925
2d79d7dd
2fd426d5
5232c82b
66412526
4fa55b30
1cd86ef4
82548186
3ffbf867
d3bd2b5d
1c7fadef
def92263
0afe8b5d
2279dbb2
5c0249c9
be36aa95
d7276bb9
c41ffe64
088c225c
b6216a07
50dd4e50
6305b6a4
00000016
00000001
0000002a
00000001
00000010
00000001
00000020
00000020
00000000
00000320
00000660
00000000
f9657a7b
02fb1c21
c9f761be
7fa654eb
19fb3eeb
cb2a2159
9a0eb316
c2652509
cfca0ec1
c8202b90
9a33ba91
7823095c
9471f7ab
15118230
083b44c1
9eb7f673
5c7b6a51
a2088043
eeaaeb19
088871dc
c3f56a3a
94aec3d1
d19e3c84
b67cc050
dfbbc135
66457dd8
3c1bf8c3
64a561f6
a014c37b
6ee94723
b14b1853
27335070
7a8336c0
db80c949
19fe7c63
06994c6a
f9829a72
4907c580
c2113ac4
607481fd
d6f741d4
b2fc691d
ff22ec64
10388a80
aa11303e
462ff212
a95b6142
c6a2ad5c
15843728
fb569291
2ff92e8f
2e6455a5
68e93af0
8023ba35
381e718a
57cb16a8
aa487b7c
ca9d2858
a1c02908
43a63241
9e6df833
5a00591c
55682270
8b815789
758a7612
57281a3a
15801686
90bea7f6
0e42bd36
6d48d895
d0e873aa
c1f0d463
94babb65
f48f4449
965c5963
0b0f2317
a10210d3
2998970f
f265122f
6ad68f9b
11fa6410
579197f2
f7432fe7
74a74b1a
ee5a763f
9354689c
05319dc8
8217bc5a
d8621485
bbf96ea9
2734e4d4
08e4bf84
cf624c26
d7480918
670693ba
0fb42ea2
9933ca15
1064445a
9d048538
322cf78e
7b6b432b
b3a00e12
9832b708
b9a75712
80456eb2
d741ecba
0971a4e9
0ed62cca
1665ac16
34bba5e0
4b44035e
f917e327
7516327b
214ab0b5
414f96a8
ab504c79
9824ac11
c168f7d4
79409db5
25e3df89
532e0835
3a5223eb
4d0c102e
87ca16f9
6b83cee7
2a9b6bc6
8971f293
2790048b
2f294fc2
f51ac1c1
900ac942
23ba1096
a86185be
a4349ec7
ce01de08
8158c310
e2e06184
73a74e0a
e17eb456
93302b74
3d405958
d8b21756
87ac90c3
75675914
00a8a943
51215d54
c8d2d342
eb9ab817
38ff8be2
3d606b6a
ffa31999
d91a7fa5
2e143814
825b8aaa
7a6518cb
b0e8400c
253286d6
a2e009d2
2cd6ce27
292222ed
b0658163
1736093a
eb54cbd1
289a3555
abd584b6
1e617c07
b16b0a01
15ea1190
790a6b3b
46015b1a
bf7aadc2
77925a13
c040b40c
4caad298
83791c79
12e5cc40
2d18250f
069ffbe9
dc9f8138
2667652f
c20d441a
8980b36c
8362b739
1a3929ea
068a006c
7b346f22
6c35801d
0c2b68dc
1738ffae
3868a27d
b47b9ac7
17b41eb5
179cb7b1
cfabb5e1
40f3f19a
fd92faad
9928d945
5f22fb19
067fb22f
f819dd2b
c85dc689
09c32200
c983fc20
245a3bcf
150b1268
7962365a
428499ca
64e941da
124aab6e
2934d02f
94d9121c
20fbaba1
1e6cb380
727327d0
5dc7266a
210f28c4
77828093
be834a47
f75f540e
99385517
2e92415d
cbc0b611
d154c4c0
1359d94a
073d9256
e1c18d79
75249e08
32225a9d
aab95e8c
13390837
276c423f
7122060a
a9a0802d
5a02282e
52231c74
c535e756
735e68f2
16f74f0a
ccb7062d
6bce4a6d
9b129597
53d965b0
f7769a38
189a9fa6
559a134e
33a78c96
67ee0a37
2899086e
02716a67
37ff4052
1d762ea7
49236b62
86eb754b
bc4c4eb3
e16d7903
e1b91b43
629b3a9d
2a8399ff
b7b47a10
7d243152
9502c1f1
e3f95ac3
1c630417
30c29798
a829cc15
55637029
298d850b
ba40429b
c442327a
06014c4e
158fc634
4ac1cbb4
b224a741
9398b334
1b653793
fd9a4298
e82c2be6
90633c6b
d6a6e1cf
21096177
38c6ca9c
361e184a
952f6f37
17687da9
e804c812
6a1086ea
77a8fd5c
e76888f8
4609ca8b
827cd02d
202dc041
d14a1de8
9f72dd63
3cbb5713
f4882b53
53e4476f
d3a0e6e6
9ae47018
2aa37d8f
3ab628f1
899584d6
43d7ad6d
39ab39d8
991b05a9
76809851
df7559f3
2003beea
0f89be6b
a76d8cd0
3ba96a4b
6a41ba68
5d74b2b1
64d05d15
55846eb1
52024921
b992c13a
0a23eaa7
5a14f891
818f5a47
78c73fbb
cb0bd0a4
7514c5d1
50f32cb0
dabb1433
63d51aa0
45f682a8
b86a1cd7
b196af9c
230b5d36
b959508b
34d9710a
c6c02740
39b155fa
a6fbcba2
b16ac784
31a39557
15e88ecc
cc4b4bb2
bc2fc299
eca74b64
aba7d915
f067f47c
e07c1ef2
c2242e32
8e69c046
5601748a
566182cc
e454502a
75491e45
14eaebc0
75bb9bb4
a2d42ab1
48e71555
697d2ce5
c856a25a
83928870
1db22028
551f5099
55d244a1
2da0c136
6a16bc01
8fe61a28
ecc078c9
330e694a
9cd1c77e
e71de708
30e45954
7978d425
b00fc55f
e1496fc2
44e35908
c918019d
6ab5cb83
99b53551
5f678591
1756b929
1156161a
ec221334
f0343074
57b9a678
d70b1cf5
36938a78
8781e74b
4a6745f7
da1874a5
972b426c
6a843c60
94829718
5a80db94
28203408
37b0b877
9e699bb3
f9657a7b
02fb1c21
c9f761be
7fa654eb
19fb3eeb
cb2a2159
9a0eb316
c2652509
cfca0ec1
c8202b90
9a33ba91
7823095c
9471f7ab
15118230
083b44c1
9eb7f673
5c7b6a51
a2088043
eeaaeb19
088871dc
c3f56a3a
94aec3d1
d19e3c84
b67cc050
dfbbc135
66457dd8
3c1bf8c3
64a561f6
a014c37b
6ee94723
b14b1853
27335070
7a8336c0
db80c949
19fe7c63
06994c6a
f9829a72
4907c580
c2113ac4
607481fd
d6f741d4
b2fc691d
ff22ec64
10388a80
aa11303e
462ff212
a95b6142
c6a2ad5c
15843728
fb569291
2ff92e8f
2e6455a5
68e93af0
8023ba35
381e718a
57cb16a8
aa487b7c
ca9d2858
a1c02908
43a63241
9e6df833
5a00591c
55682270
8b815789
758a7612
57281a3a
15801686
90bea7f6
0e42bd36
6d48d895
d0e873aa
c1f0d463
94babb65
f48f4449
965c5963
0b0f2317
a10210d3
2998970f
f265122f
6ad68f9b
11fa6410
579197f2
f7432fe7
74a74b1a
ee5a763f
9354689c
05319dc8
8217bc5a
d8621485
bbf96ea9
2734e4d4
08e4bf84
cf624c26
d7480918
670693ba
0fb42ea2
9933ca15
1064445a
9d048538
322cf78e
7b6b432b
b3a00e12
9832b708
b9a75712
80456eb2
d741ecba
0971a4e9
0ed62cca
1665ac16
34bba5e0
4b44035e
f917e327
7516327b
214ab0b5
414f96a8
ab504c79
9824ac11
c168f7d4
79409db5
25e3df89
532e0835
3a5223eb
4d0c102e
87ca16f9
6b83cee7
2a9b6bc6
8971f293
2790048b
2f294fc2
f51ac1c1
900ac942
23ba1096
a86185be
a4349ec7
ce01de08
8158c310
e2e06184
73a74e0a
e17eb456
93302b74
3d405958
d8b21756
87ac90c3
75675914
00a8a943
51215d54
c8d2d342
eb9ab817
38ff8be2
3d606b6a
ffa31999
d91a7fa5
2e143814
825b8aaa
7a6518cb
b0e8400c
253286d6
a2e009d2
2cd6ce27
292222ed
b0658163
1736093a
eb54cbd1
289a3555
abd584b6
1e617c07
b16b0a01
15ea1190
790a6b3b
46015b1a
bf7aadc2
77925a13
c040b40c
4caad298
83791c79
12e5cc40
2d18250f
069ffbe9
dc9f8138
2667652f
c20d441a
8980b36c
8362b739
1a3929ea
068a006c
7b346f22
6c35801d
0c2b68dc
1738ffae
3868a27d
b47b9ac7
17b41eb5
179cb7b1
cfabb5e1
40f3f19a
fd92faad
9928d945
5f22fb19
067fb22f
f819dd2b
adbfc1d9
874ed78c
776a4b09
12a338ac
fcc7ba75
0e95ecdc
535ccf5e
1de6d10e
9762f8cb
288c4d23
4d4b33de
fb4d77ce
feaeccb3
aee910c8
09bc0870
fc41fafb
00000017
00000001
0000002a
00000001
00000011
00000001
00000020
00000020
00000000
00000320
00000660
00000000
0037213a
b0488c9b
961cb480
7c46329e
72a9c949
45b81e55
e168a03e
f39e0ea5
4078e126
c006683a
80af9f90
9975b547
aeb93286
e440b686
7acad250
0472e921
48557c22
7007b24e
585a7522
d34c8c42
0202b269
04bfd53a
97aa65a3
0cd6637b
4964aa08
f71d0ce8
4577963f
cd299b23
96038ee5
a2a6824f
5f9cc027
e6105e7c
3554662e
75979913
37099f69
3f765b74
f118ac2d
269dcc71
bc249d34
0619a23d
0241ac45
9938f7a2
3364fa8e
ac296970
08671465
615233e3
a9397fbc
8a109a8b
3509d91e
29805962
71aab972
730e949d
fbcd03ba
47471503
e403d622
634f6174
51b5ff51
3096a4ac
d58cc556
330a4b69
0315038a
072063d4
c847f505
c2070a40
84b875d3
95a25533
8293a7d4
647e27ea
180cf1c4
545f8c9d
a23b1793
98cc0a7f
e73b8532
44bec3fa
4421e8ab
c3555777
3c668455
3a651833
2b19e84f
e17522d4
11e2973a
cb081159
86e695e1
1b787f34
8a558c3a
d18b9531
235897c1
d727745f
7a65711b
bb1205ab
e916e4e1
d25abc32
19157151
db9f17cf
264518d7
71eaa34e
35942c4b
66e28d00
b7f5be8c
1b4520eb
e85a297b
2bf8bb30
bd28f9c2
d992a76b
7123473d
7cb0a817
dad25246
5c75ea7f
f3361ba9
f2929dd5
a786ea87
1eb01521
76f23001
9d64d6b7
b74f976c
81ec1aec
b1e1cb81
e521eaa6
773d3ae5
7475f470
5ea548d9
549fbcf4
25fcf874
95701a40
5a0bc305
5a7a07ba
032238df
667f12bc
a5c55fae
ff6e49fc
425c3235
8d68ecb9
bf067626
372b5607
bcc39f13
437a42a3
03636542
4e62b037
88054959
0071ce56
5697047c
9b2b2b90
083fae44
b525d4b9
b3369279
4af42885
016ad3a5
03422951
64746482
5fabe034
8f6350ac
94010930
05c12f96
ce3536cd
01d52c26
5619169e
ab04c165
6a801350
3fe7c490
7c2ea961
dcde9d61
a4176b40
0c21e4e0
763ab0dc
cf190147
0a6e85d3
509127a2
ba370dc4
4e7687fa
1bc71a28
a6fcfe97
a36b5324
f6713a65
a20c3e88
0dbeb253
d6b98233
cc59115c
c553aaea
24279e59
cbe71db2
765fb4f5
46a87277
3eec663f
f518a8cf
391f5603
87ac7c8f
3c279307
44c5c5c4
1eb49bac
d9009030
ea0103ab
0ad70a29
364bc43b
0c1e09ea
b319f204
77de181e
cfa4ca7a
07f1a113
7948626c
90ee3877
6155b602
771f3f5b
a7d774cb
9d685c91
97ef832c
47f74943
bdb09ad0
11de3a85
cf243ea6
df64fa55
6334607b
1c5afa24
73361c11
f47678a3
6f4507b2
445a78a3
e1933fd7
79c9a57f
48837c71
bce001c9
1807416c
396ef6a7
d19a34fb
2a5c9193
ceb00b23
04419607
9545e877
9501a576
08422bc9
bd2ae10d
2f8a71cc
e8551056
c49c52a5
d3570a29
712f9ab2
cb0b54a3
15ba0444
e1402b56
7968a736
f8bb3670
5415b578
888af20f
c7aaa618
17d15a6a
1d57c85b
8422e9f5
c70d93b1
0331849b
2441a8b4
7c6d1e2b
a9f410a0
791f1a23
261c44b7
aefc811f
be30d659
b7e0caca
abb3dc53
a455c07c
b44f4fd6
ac46caac
2208b8e3
dc08466c
cee47d00
f387e3be
84e24bf4
4b712e97
38c05337
d52c373b
38751556
32ac29f6
ebdc663c
ab13f060
27a521ae
e9216d0c
5d62c389
82c78483
f7c81429
3766c90a
38249691
98c914fc
71f3880a
01aa772e
b4cd6e94
13732a46
e75f2c3d
b26bb180
59f2ffc9
d1019093
c1c7a600
2757098f
5ac783b6
8c198d49
326cff6a
6cc7c022
8a7ecfa5
555a3204
a031f617
e390190a
55772618
dd64b813
72018d88
986100af
19ce2472
5c3dc8fb
af96b82f
3f8599e5
75abc1c2
a3448720
6d80f5e3
e0526dcc
a2a1df70
9c69a4aa
30ff38f4
20fbad2d
5575e5ec
ba292768
1fdb9a7d
665f27bd
eb615799
49b53490
c139054f
0128b7c6
5bd7bc39
8462b544
186c718b
b5200c2b
6826058c
22584c63
0a58a04a
273303c4
05e01898
ba9a1eab
21922389
9c7763fb
909bb984
b86c9451
f4865426
40fcae89
eb913895
704b0681
9af0bdcd
d208fb97
3c131320
36f2d967
b9017cc6
0a4e617c
78c0bc6b
aa0023ee
e4c5246b
acb514c8
cc8a9420
251c49da
1f412e10
9ab63725
94331f9b
11d4a7c8
354288a8
e50f1258
2d4acb36
95717480
fb1c6d1a
94aa145e
491e4015
a1e199e8
c0fbeacd
064f6147
86635b25
269b61a8
12a0642d
8ccb5f42
39f45ec6
679247d6
c78fc1e6
0ba80dc1
0672b950
e920a8e1
245519c6
10a3dbdf
64c99a39
99a79a33
93103121
d8ff185c
80c0236f
abc45cd1
31fe35e6
a7398d40
bf7bc902
3ab951b2
a88b071c
f14b54c9
42316306
6c93f84b
0037213a
b0488c9b
961cb480
7c46329e
72a9c949
45b81e55
e168a03e
f39e0ea5
4078e126
c006683a
80af9f90
9975b547
aeb93286
e440b686
7acad250
0472e921
48557c22
7007b24e
585a7522
d34c8c42
0202b269
04bfd53a
97aa65a3
0cd6637b
4964aa08
f71d0ce8
4577963f
cd299b23
96038ee5
a2a6824f
5f9cc027
e6105e7c
3554662e
75979913
37099f69
3f765b74
f118ac2d
269dcc71
bc249d34
0619a23d
0241ac45
9938f7a2
3364fa8e
ac296970
08671465
615233e3
a9397fbc
8a109a8b
3509d91e
29805962
71aab972
730e949d
fbcd03ba
47471503
e403d622
634f6174
51b5ff51
3096a4ac
d58cc556
330a4b69
0315038a
072063d4
c847f505
c2070a40
84b875d3
95a25533
8293a7d4
647e27ea
180cf1c4
545f8c9d
a23b1793
98cc0a7f
e73b8532
44bec3fa
4421e8ab
c3555777
3c668455
3a651833
2b19e84f
e17522d4
11e2973a
cb081159
86e695e1
1b787f34
8a558c3a
d18b9531
235897c1
d727745f
7a65711b
bb1205ab
e916e4e1
d25abc32
19157151
db9f17cf
264518d7
71eaa34e
35942c4b
66e28d00
b7f5be8c
1b4520eb
e85a297b
2bf8bb30
bd28f9c2
d992a76b
7123473d
7cb0a817
dad25246
5c75ea7f
f3361ba9
f2929dd5
a786ea87
1eb01521
76f23001
9d64d6b7
b74f976c
81ec1aec
b1e1cb81
e521eaa6
773d3ae5
7475f470
5ea548d9
549fbcf4
25fcf874
95701a40
5a0bc305
5a7a07ba
032238df
667f12bc
a5c55fae
ff6e49fc
425c3235
8d68ecb9
bf067626
372b5607
bcc39f13
437a42a3
03636542
4e62b037
88054959
0071ce56
5697047c
9b2b2b90
083fae44
b525d4b9
b3369279
4af42885
016ad3a5
03422951
64746482
5fabe034
8f6350ac
94010930
05c12f96
ce3536cd
01d52c26
5619169e
ab04c165
6a801350
3fe7c490
7c2ea961
dcde9d61
a4176b40
0c21e4e0
763ab0dc
cf190147
0a6e85d3
509127a2
ba370dc4
4e7687fa
1bc71a28
a6fcfe97
a36b5324
f6713a65
a20c3e88
0dbeb253
d6b98233
cc59115c
c553aaea
24279e59
cbe71db2
765fb4f5
46a87277
3eec663f
f518a8cf
391f5603
87ac7c8f
3c279307
44c5c5c4
1eb49bac
d9009030
ea0103ab
0ad70a29
364bc43b
0c1e09ea
b319f204
77de181e
cfa4ca7a
07f1a113
7948626c
90ee3877
049ae7c0
859ffc02
61f176f8
8719ff4d
a27f2ab5
d5073762
6ea4437b
2458f475
e211c294
98b017bd
c361aa47
918b004d
3dc4fd11
64e80e0c
17492620
a05711c8
00000018
00000001
0000002a
00000001
00000012
00000001
00000020
00000020
00000000
00000320
00000660
00000000
d6bb775f
49839547
6208e94f
38051cf4
f853409b
12609a8a
99c185b7
cb5976c0
164726b7
f36494f3
32ce281b
08bce3b0
be56d47a
c499b141
ce717e57
3627446b
e2b16d81
84cb8a4c
81b91c97
a40ea495
23730919
a135612a
00c232c4
1e8c3a1a
712261d0
95ef6834
9e11ba06
eaadccad
f54254ec
15374c10
cd36304c
78535431
5087764a
c516aaad
d6be0384
bb45df4b
d90cacc7
46724e1a
cfd56317
a017c1fd
a6bb9e69
48b0ed6c
fa9f8a96
b3fd63e0
8a4cb136
dfc3e72d
b9eca6ab
cf45c21f
4c5732f2
24612928
393b383a
a91ad195
5cb5c50a
b177d49d
2ba8bc1d
36626f36
44051b67
1ecfe09a
fccbc728
a6b3b4c5
839d5ced
43250091
2ac799cb
d3ba402f
d6d5c425
95cab5c1
e8baccb6
9968322c
b5215a9a
3244e7d9
c29d6b63
55a14f40
5e6d1894
23602df1
2a4c365a
7f8c8612
81ec08b3
0dc05771
d3bb828e
fc771670
100121c6
059f88bd
471c70e8
40481843
e78a7490
4b7d63fc
7220fdcd
3e5d79f6
46ac5037
1ffad841
9c766349
d5cb620c
1eeb8889
4b70cab9
66f9c261
ba869cb6
099aabca
aa5f3162
3092f25d
1a3aa6c6
d17626b0
5a657b5f
8615e426
5a78c155
a610a2ae
2b8918ae
5ac4acb3
8ed21383
2d449b4b
114c1c8a
346abe1a
5669d89a
d7353bb4
2653366a
1723096c
a9147281
c36223b8
9f43b1ef
cc060066
1cb6f193
eb3c38a5
3a0e9154
19d9b468
f151e1bf
8be64af3
c069413f
4f4adaf8
85233816
2891f900
aebc72b7
a8a4b848
a1a3440b
b6697131
a42ab3a6
5e32eaa3
8010e802
f6f1b6a1
96385c9e
ba8ce7d2
e75e8513
4e4305a8
46964828
eb2828f1
53146e65
c6b07996
bc4ac646
b7f5a546
cc0fcb67
3547a3f0
06534e5d
e209f098
bb597a62
b098ab29
289a016b
02058d7a
79c67955
434d5a11
36fe1c54
69a06a95
08766047
84a600b9
5fa81d1d
0d68d92a
97774ec1
31b518c6
f4bce67f
2a714c74
b2040e6c
fdae83c0
e1223472
638a23b6
e0a5cbe6
b1444694
6b084917
cdaecce0
a3182404
5063216e
f49a357a
24a320b1
7a02ad64
a68722ce
b55ea031
0e68a421
0ec7832c
91552f49
20b3c77b
c95be86c
f1c8c3fc
03e05359
8843b69f
1775120b
c19be717
841ddf79
c7fd9ce3
66e47fc4
a98a7140
c35d9223
5f35da45
a88891bf
0aebdff6
66a3d8ca
2a56c786
9b400d7b
0562b0cb
15e24228
5f4b8cc3
bd48e7ce
67221191
90375159
c56bbb4f
5a8b2123
9af29e7b
3ba7954e
d5319074
77e6afb1
df373c28
96ca5b4b
78c5d699
c63c7b26
47197e23
5d02eb37
7c2ef814
ab17c9ea
74842c5f
9fb1522c
1142a3b5
547bca48
3a45fc6f
a23c7a07
c814b618
6e3590eb
2bcf9e65
384ae20e
ca7fd891
41161dbc
31b520b1
f572e38b
3824c2d6
a8dce298
029a03fb
5662c492
7fb8a255
43cde710
2c2fad12
ca77c066
699c9570
86a642dc
65aaee5a
733ba413
43107376
64b5be6f
909ab988
56381894
c2608f1b
aabf0304
75e58d57
21daf07e
58669994
b6ee0e84
cce20191
5489e78a
641623e4
02c410c8
d39861fd
3704c8c8
ac6b2232
1b18b7f6
7b51bbb6
202a773b
60a5a3c0
e096a183
b1848e6a
dbc66b51
69ea45f0
64567794
7f0629cb
49f75882
81eae52d
ea84a3bc
db8e337c
5349464d
bf49b2ba
a8018091
56605e44
18986b64
629d5ebb
ba87a908
f6aa4642
48c81b45
5e5a949a
acbcbcc2
641053a6
44120163
ac50f485
c21a7e22
1054529f
303bb54d
8ba67e30
b6fa851e
34929527
6526a647
bb9bd201
0a925bda
e16db829
66252370
9f94a4a1
b40d75d8
93414f8c
7387893d
a4e00867
0baa16c6
b3963763
44070296
8c546d0c
be89baa9
b0876ff8
3d450c92
ae71dbae
0bf78354
68e03870
026c270f
87653ec0
2c2afc76
899e1bf4
97285e51
3eba1486
9fa6b62b
2a6b4026
5524836c
848db972
40b7088c
6769d615
fab313de
e75c363b
aa768244
0943c0ac
76845996
4dd191bd
f7560783
31b6bb9b
cdc7c3bc
1bb8c039
03da0008
c9c5b899
2c5fccdd
73d62eb3
2f25135e
fec3d189
f4567d14
91e62374
9a942262
e6efb275
28fa98a1
b4120a0d
5b5c6d93
b03cb49e
4c29e877
fc7582f2
851bd5ad
47c294f9
2a1259fa
9d8ba7cc
9f9f1018
6ba956a9
4448eec1
83c36692
02b44dd9
8559a75a
16976c3d
d0131af3
96aa3c92
475e9476
91225891
ce2b0c73
16c2f5a3
c4ef033b
bfea359f
89a72bf4
4c8522c3
839a8455
473e943d
a54aac98
10dbe64d
7373ab06
f5db1c7c
75f36943
e7330bab
db898003
ac35a6b4
833477af
76a0c600
1d3447b5
d6bb775f
49839547
6208e94f
38051cf4
f853409b
12609a8a
99c185b7
cb5976c0
164726b7
f36494f3
32ce281b
08bce3b0
be56d47a
c499b141
ce717e57
3627446b
e2b16d81
84cb8a4c
81b91c97
a40ea495
23730919
a135612a
00c232c4
1e8c3a1a
712261d0
95ef6834
9e11ba06
eaadccad
f54254ec
15374c10
cd36304c
78535431
5087764a
c516aaad
d6be0384
bb45df4b
d90cacc7
46724e1a
cfd56317
a017c1fd
a6bb9e69
48b0ed6c
fa9f8a96
b3fd63e0
8a4cb136
dfc3e72d
b9eca6ab
cf45c21f
4c5732f2
24612928
393b383a
a91ad195
5cb5c50a
b177d49d
2ba8bc1d
36626f36
44051b67
1ecfe09a
fccbc728
a6b3b4c5
839d5ced
43250091
2ac799cb
d3ba402f
d6d5c425
95cab5c1
e8baccb6
9968322c
b5215a9a
3244e7d9
c29d6b63
55a14f40
5e6d1894
23602df1
2a4c365a
7f8c8612
81ec08b3
0dc05771
d3bb828e
fc771670
100121c6
059f88bd
471c70e8
40481843
e78a7490
4b7d63fc
7220fdcd
3e5d79f6
46ac5037
1ffad841
9c766349
d5cb620c
1eeb8889
4b70cab9
66f9c261
ba869cb6
099aabca
aa5f3162
3092f25d
1a3aa6c6
d17626b0
5a657b5f
8615e426
5a78c155
a610a2ae
2b8918ae
5ac4acb3
8ed21383
2d449b4b
114c1c8a
346abe1a
5669d89a
d7353bb4
2653366a
1723096c
a9147281
c36223b8
9f43b1ef
cc060066
1cb6f193
eb3c38a5
3a0e9154
19d9b468
f151e1bf
8be64af3
c069413f
4f4adaf8
85233816
2891f900
aebc72b7
a8a4b848
a1a3440b
b6697131
a42ab3a6
5e32eaa3
8010e802
f6f1b6a1
96385c9e
ba8ce7d2
e75e8513
4e4305a8
46964828
eb2828f1
53146e65
c6b07996
bc4ac646
b7f5a546
cc0fcb67
3547a3f0
06534e5d
e209f098
bb597a62
b098ab29
289a016b
02058d7a
79c67955
434d5a11
36fe1c54
69a06a95
08766047
84a600b9
5fa81d1d
0d68d92a
97774ec1
31b518c6
f4bce67f
2a714c74
b2040e6c
fdae83c0
e1223472
638a23b6
e0a5cbe6
b1444694
6b084917
cdaecce0
a3182404
5063216e
f49a357a
24a320b1
7a02ad64
a68722ce
b55ea031
0e68a421
0ec7832c
91552f49
20b3c77b
c95be86c
f1c8c3fc
03e05359
8843b69f
1775120b
c19be717
841ddf79
c7fd9ce3
66e47fc4
a98a7140
c35d9223
5f35da45
a88891bf
0aebdff6
3397f912
440dbe17
8c235873
64286add
5934aec8
66300400
f19d9b46
14adbdc5
aaa5bf8f
abb09983
8afc2ebe
11fd799e
a5c62b4a
b898931d
7388b70e
b4774ca0
00000019
00000001
0000002a
00000001
00000013
00000001
00000020
00000020
00000000
00000320
00000660
00000000
9f643861
96d34082
c239dd19
af4c0c63
32b43b7b
8073a697
3b457442
1b5ba204
aedbcd78
2e936ca1
4484821a
50293c4c
fa888a74
a7a0c3a2
2453186b
460bdca7
a46c6627
22571dbc
3d9c907d
6b952bf7
6a5778c0
009702e4
3ab01139
1759d629
a6366385
fc9abda5
53b8141f
7e8ea30d
b0fd5991
1f47b966
a81da493
04772362
7926cf07
ff0343a7
27f063d8
c0f7eb11
ea5e7c10
e9f28434
9568e0b9
c7341b13
172e1052
72bab9a6
6420abb8
c3e36e78
08c8c38c
ec6e20bc
c71e1c10
6f71cd44
d7039c88
51338f4b
a7a1ac41
0759613b
5792b220
aef32b44
8976cabe
ba7e4bbc
43fcef9e
5b7e16ae
99e25e9a
64749757
7420eb59
c23d7b72
74222f65
4ccd671d
15d5ac36
c9811267
726f13fe
072c3b67
80a03260
31bb2cac
069d6a84
bf1a6f3b
1e7754da
063d2c3a
4b97907b
90bb53c9
67382415
b937cc86
a66ab264
a3de755c
6b926555
a74b4664
905751c7
0cc3ef0b
03b2c743
fc2ca784
bae5e797
8c60aa0d
e4d58ceb
68b72e5b
69097b60
0b4666e9
c369854a
3f5326b9
d42d0804
5b653790
35324129
c5cc1692
6341b783
dea1b677
b7946a3c
6ff8adb6
e8a278a0
e672395c
baf59968
f4c635e2
280840a2
37049177
569a2117
13c04114
95154fad
b2a26151
c1646497
cf2cc22b
519fe507
a6d73fd7
33e6b652
8d30b481
5ad07504
b131d64e
c9815679
31231856
6d70b101
f8b77452
5bca8ada
5c74c7b0
293be68a
018eaa7a
4886aea8
471fac3d
8b2ca1a5
12c12a22
50b8937e
b68832c5
35641312
b415a57a
6851ce71
4b541b8f
0e9946bb
152e2b51
0ee87655
857c45f3
54264c41
1497519c
2f35942d
87ec88e3
37634000
0447268f
0a84bd95
366bfa21
b9adf2de
3c384e78
111c69c8
bc793410
a8a99fd1
2f41d902
12587a38
ea991835
694809a8
c53f01fe
971e91c5
75a26d23
c79f4945
27b78575
07954118
aa587900
46e582f9
8d01394f
432d8bf3
4a6e8c87
b0560f42
4d91c109
f08b9970
45bc85a1
c24d329f
21ed6069
721b503d
4f9c5a77
57f7cfd0
1074dd19
feaf5041
ea44ad92
cc474c38
520bb4c8
6bf4bd0b
55d5906c
2a3175d2
c7025667
c48c4353
3b613cbf
46ae7058
912568b3
d8fe1a70
0cf05590
13bafe9c
88d3fb7e
0f8425cc
8d20b8cb
5e5af7b7
b2821efc
e6b7f194
6139b3ab
6cb417b5
932f3908
bbaf7469
06b64a5b
eeb481a2
14d52607
2ef25e2e
4f404a21
f4e64719
a4fc4b78
4c442383
3068333a
cdfc9d72
420cd21f
595db730
4b111092
9c2669bd
75be1c5c
80577a24
ec79641f
c4dc26f9
2ec80d3a
f7b21a5e
06b57534
c795eb47
e164d1f3
66253914
91d3521a
238cc651
06db96b7
5871c418
054646ed
3b55a9bc
12a7f8ca
573f3952
2c229b89
b506fcca
14c414a4
919851b7
2d3097a8
0878b807
11745571
356909c2
be4df0f8
a2793e53
9f69bb66
712767f5
02fc3440
0eab1427
8760c877
86284a4c
2c424ebc
1694f73e
db7014a6
0c06cb97
9240c7ed
c78a9a38
4b3bb66d
ca3fcc30
b25235c8
00b7ad23
0f8c846d
d2d45245
68824326
a2c20140
dc9d7e28
9812b981
303482ec
89f1602c
069b488e
739a5620
c8ccc0c8
42a32baa
9d9f1213
e23a9326
a049bd6b
4c96b610
b5f01856
1ea6d550
9c2940c4
aa5eb711
3147a175
7b554b0f
4a413b62
932056a5
6f1adb65
c3bc9ea8
77343e0d
6111dc4f
80ab0472
67d30471
63c17669
ea562f9c
c90b2fc4
7105a009
1092a432
41824879
9417b5c4
2cd405a9
72e0c74c
af9b3184
89329ae8
56a2d2cc
e488c319
a192ad64
900882a6
66710154
98114952
9afca9ba
68a33c5b
34844be2
069a7aa5
825ae0dd
e6edb395
48cbfc04
05cf5206
9c5c8d47
2ea354bb
f4378061
095845ea
6b669c34
cc6973f3
239c0ac7
ab945c54
bd04ebc7
f79b8c65
c3f0e495
3e3da5a9
d3b55de4
40d68e02
32760618
63067747
9be0ed2f
37cbb3c1
74c6c995
5259bfbb
db54cadf
f943cf37
294b8bc3
937a61e2
21b64c36
9bd8fe5a
cb0b33d8
7ba4348a
4605db25
fe66f830
da1d7693
3875dea9
1219a9ac
9afb5394
707145a1
923d82ad
18f126e5
7b48247f
d01e9a69
19af73da
1e68da7c
a546210d
539993a4
7f85765c
b74bb784
89fc8c0a
8f204b8b
3d8cdc1a
e6a671f6
3be20259
99013a12
b8cc964b
30c1a378
2469e8cc
e55a7e16
1e03cf70
82b96af8
781642e3
c9fb4a3d
3f09e334
59268581
83b6217b
6193f15f
35717bb9
56026898
c1774972
e57025e1
c6d7c20d
a1a1b192
c7ab7002
97041944
3b37910a
67166593
2cc82511
9f643861
96d34082
c239dd19
af4c0c63
32b43b7b
8073a697
3b457442
1b5ba204
aedbcd78
2e936ca1
4484821a
50293c4c
fa888a74
a7a0c3a2
2453186b
460bdca7
a46c6627
22571dbc
3d9c907d
6b952bf7
6a5778c0
009702e4
3ab01139
1759d629
a6366385
fc9abda5
53b8141f
7e8ea30d
b0fd5991
1f47b966
a81da493
04772362
7926cf07
ff0343a7
27f063d8
c0f7eb11
ea5e7c10
e9f28434
9568e0b9
c7341b13
172e1052
72bab9a6
6420abb8
c3e36e78
08c8c38c
ec6e20bc
c71e1c10
6f71cd44
d7039c88
51338f4b
a7a1ac41
0759613b
5792b220
aef32b44
8976cabe
ba7e4bbc
43fcef9e
5b7e16ae
99e25e9a
64749757
7420eb59
c23d7b72
74222f65
4ccd671d
15d5ac36
c9811267
726f13fe
072c3b67
80a03260
31bb2cac
069d6a84
bf1a6f3b
1e7754da
063d2c3a
4b97907b
90bb53c9
67382415
b937cc86
a66ab264
a3de755c
6b926555
a74b4664
905751c7
0cc3ef0b
03b2c743
fc2ca784
bae5e797
8c60aa0d
e4d58ceb
68b72e5b
69097b60
0b4666e9
c369854a
3f5326b9
d42d0804
5b653790
35324129
c5cc1692
6341b783
dea1b677
b7946a3c
6ff8adb6
e8a278a0
e672395c
baf59968
f4c635e2
280840a2
37049177
569a2117
13c04114
95154fad
b2a26151
c1646497
cf2cc22b
519fe507
a6d73fd7
33e6b652
8d30b481
5ad07504
b131d64e
c9815679
31231856
6d70b101
f8b77452
5bca8ada
5c74c7b0
293be68a
018eaa7a
4886aea8
471fac3d
8b2ca1a5
12c12a22
50b8937e
b68832c5
35641312
b415a57a
6851ce71
4b541b8f
0e9946bb
152e2b51
0ee87655
857c45f3
54264c41
1497519c
2f35942d
87ec88e3
37634000
0447268f
0a84bd95
366bfa21
b9adf2de
3c384e78
111c69c8
bc793410
a8a99fd1
2f41d902
12587a38
ea991835
694809a8
c53f01fe
971e91c5
75a26d23
c79f4945
27b78575
07954118
aa587900
46e582f9
8d01394f
432d8bf3
4a6e8c87
b0560f42
4d91c109
f08b9970
45bc85a1
c24d329f
21ed6069
721b503d
4f9c5a77
57f7cfd0
1074dd19
feaf5041
ea44ad92
cc474c38
520bb4c8
6bf4bd0b
55d5906c
2a3175d2
c7025667
c48c4353
3b613cbf
46ae7058
912568b3
d8fe1a70
0cf05590
13bafe9c
88d3fb7e
0f8425cc
8d20b8cb
5e5af7b7
b2821efc
8b5440e9
22fb1059
197f08d6
61d90f0a
9dad92a5
067cc3c8
ca7ab09e
b3927777
7c0ebda6
e6c40a84
a5f92c10
b08d57fb
46ae633b
a983176f
db9ede6e
6fff0565
0000001a
00000001
0000002a
00000001
00000014
00000001
00000020
00000020
00000000
00000320
00000660
00000000
c0cd752e
95d302b8
ba9aa876
70091cbb
c83729c9
2e9bc79e
ca04c335
26de0422
85c99ca3
9f2e6aa1
747d6520
2418d1c4
b457f571
b70c99bc
1d83a84e
8719b460
53fb2f1b
1e5af5c2
3728e5bb
a4379f62
95e7dc84
f379c633
c6bb12c7
c3c45927
02145640
cb7dc924
43e4bb98
ec7fb2b8
561a6d88
ce981d65
353eac0e
282f410a
745b50aa
839ae8d3
7b27c6c6
2d4b6e26
cacefa3f
63d748f3
30c254a5
8c131588
81742bac
c9579374
c29e5516
bbcc8ca9
95d026a4
89bb6253
d53da7ec
4d00cc8b
f1235284
13c43764
1771bf69
468309b2
b4202dea
c3476fc9
068c031f
aa326d84
cb1a7d0c
d302d629
c1284bfc
6d0906a0
00bca37f
db1f596a
4ff40940
a0735a04
0b5e3016
a19c6b15
a4565711
8bef4f8a
80ea240d
9fbde74e
82c3b205
3aa38258
96c902a1
e1e403b6
71107d8d
9a717817
b1b79a37
c9b75420
4879caaf
48db06cc
ad56bb54
cd6b144d
f79a7725
6af0488d
bc5347ec
daaa8cda
b4f15330
2f55d003
676a1a77
9188d20e
fc4bf942
b3aa4dc4
24176b5a
7244fc79
a5758b30
2ec80092
e53955d9
5b6a765c
42591630
eb0ab40f
494b6dc0
51ecf1ce
949383ab
2a52168a
5e5a027a
e83bd82c
dcc3cc53
5437b684
e91503ea
47b5bb29
35ecd608
d27832e7
dbcc391b
01c05c0c
80b36487
1c2db1ac
9dab17ae
a722a930
c3591f25
52273bb8
3ebb119a
785c527b
3a855743
3f0bcb28
722170b4
59d7fa78
d0c7647b
1097b537
24e8650a
7c6e5b09
04ba5694
0e2ac5cc
0590049b
cc229b2c
26c19e77
236f4a65
001325b8
92009b2e
da124569
81f65db9
40c061b4
faae4bc1
10f73651
0124f5bd
93508907
2a2b9de3
8c1b7c35
f039a6d5
55003e33
1ea040c2
a44afaee
14b0ada2
1b057b77
f34626bb
84acc13b
6fa24f8b
1853b57b
fbe4628b
56b7717c
5559b007
aab41ef6
9b39e488
26a070cc
697921b4
12103e9b
35336116
629268e9
410c656e
b2134acc
64101e72
3008ad81
17c3fbfc
a84b6b19
0b982142
585b18aa
20eb7155
561c1c21
42b2193f
d5bac8bb
26312c6f
86455ab3
6a587b67
c5fba80a
c67e4c06
0bc08d62
3e99ad30
a5194509
b7f1c0a0
03fbf033
488dac32
55d24dc8
40347557
661ac4f1
34db96bb
488cb859
9fbd2267
5e4b4129
731f8076
28be7814
81db5cc0
3d3cc6d6
c4c7638c
0953ddc2
8b24f3cd
bb6aaf2a
20225e4c
e20349a8
e1938a57
0018519b
2b7fc482
ba9040e2
3679f601
1a00d43b
59445678
a6463b8b
6b16e7c6
32d34e60
7313b5aa
6bbc56a3
19354d89
00cadd14
2c049c62
723846b2
a232bd82
6a6d839d
ec4b4324
a8fc6660
4c55695d
fccb6110
65272c79
15c5e6c6
6a58c466
b57199ae
d48d7233
92fb10b2
ab917a42
f95df154
83ff66b9
2de37099
79b52404
9425cf39
a7114d06
299ba094
a734a9c2
c7d52f6c
17c305df
828a0257
3ef98896
bc9bb771
001313d9
52e13a4b
cb3f6bfc
79051631
6b1789b8
bd765226
f60307c1
9d41008b
ff39b188
c8cbb900
17052081
321d5275
670605b3
67a5a771
cb30b9a1
3a67a9ec
48719827
8304a971
f80f3c1c
aac4277d
6eccb6fe
182c4b70
ce128e54
015f9901
7b2c9890
3646dc3a
d991c506
93a12904
4f77cd9f
ad52aa2e
f9c22722
65a25766
2e12393b
cc7e1437
9dbaeb11
5c275420
a0de0f76
8317a104
6f4fcaa3
78971f8b
81b19610
b310f4e2
20d56924
b6aa3153
df35327c
b7424b8a
2d09dc22
d035e54b
634610b8
9ad65e03
6a1ea0c7
fb19b379
885ae09f
79a96cbc
6c8d8f83
17eca253
a7bae3f9
a94b7071
0ed0cd90
3e5e537f
70abaacc
1ed768b0
1a1ab809
a9be9185
48963c09
fa1da1f8
8b108579
43db8306
344ac5bf
40d93e30
33139a6a
bd388630
c9c96ce0
bdca3916
e9443287
478b44e0
36dc2380
9f373a6c
1bbbc92a
98dcc2af
90858897
24bdbf99
c171a3ae
5211a625
9af20571
76a8c51d
27708c2c
84089f11
a4cc6fa5
6303d5a5
f7561e71
9f6035c2
656b64e7
9ab188c4
9a8c9e5c
8f89e4ba
d19e547b
138a72bd
1f15e432
75de3417
4487be99
3438176d
c1fe0633
018c5139
073c2c28
c38748e5
bfe6e92f
fa43d91e
3ca0b805
2677b87b
c7cb54a8
ec65cf24
6bb25080
af6644fe
154a1a8a
af25d13b
ff8c5958
b41f3688
3408c53d
5a639839
b278a863
cc5cf0cc
2f984c9f
82a6cce0
0cfa0c9d
0b75288f
fadd753a
28d5759e
e04cd2b9
28c4ce18
5996ec62
a96bc9bb
03deb748
7ea9daa5
585ff1c0
05428a0b
4d0b8d72
e30d7abe
8387be11
89519ba6
1378713e
a4163476
47365bca
c0cd752e
95d302b8
ba9aa876
70091cbb
c83729c9
2e9bc79e
ca04c335
26de0422
85c99ca3
9f2e6aa1
747d6520
2418d1c4
b457f571
b70c99bc
1d83a84e
8719b460
53fb2f1b
1e5af5c2
3728e5bb
a4379f62
95e7dc84
f379c633
c6bb12c7
c3c45927
02145640
cb7dc924
43e4bb98
ec7fb2b8
561a6d88
ce981d65
353eac0e
282f410a
745b50aa
839ae8d3
7b27c6c6
2d4b6e26
cacefa3f
63d748f3
30c254a5
8c131588
81742bac
c9579374
c29e5516
bbcc8ca9
95d026a4
89bb6253
d53da7ec
4d00cc8b
f1235284
13c43764
1771bf69
468309b2
b4202dea
c3476fc9
068c031f
aa326d84
cb1a7d0c
d302d629
c1284bfc
6d0906a0
00bca37f
db1f596a
4ff40940
a0735a04
0b5e3016
a19c6b15
a4565711
8bef4f8a
80ea240d
9fbde74e
82c3b205
3aa38258
96c902a1
e1e403b6
71107d8d
9a717817
b1b79a37
c9b75420
4879caaf
48db06cc
ad56bb54
cd6b144d
f79a7725
6af0488d
bc5347ec
daaa8cda
b4f15330
2f55d003
676a1a77
9188d20e
fc4bf942
b3aa4dc4
24176b5a
7244fc79
a5758b30
2ec80092
e53955d9
5b6a765c
42591630
eb0ab40f
494b6dc0
51ecf1ce
949383ab
2a52168a
5e5a027a
e83bd82c
dcc3cc53
5437b684
e91503ea
47b5bb29
35ecd608
d27832e7
dbcc391b
01c05c0c
80b36487
1c2db1ac
9dab17ae
a722a930
c3591f25
52273bb8
3ebb119a
785c527b
3a855743
3f0bcb28
722170b4
59d7fa78
d0c7647b
1097b537
24e8650a
7c6e5b09
04ba5694
0e2ac5cc
0590049b
cc229b2c
26c19e77
236f4a65
001325b8
92009b2e
da124569
81f65db9
40c061b4
faae4bc1
10f73651
0124f5bd
93508907
2a2b9de3
8c1b7c35
f039a6d5
55003e33
1ea040c2
a44afaee
14b0ada2
1b057b77
f34626bb
84acc13b
6fa24f8b
1853b57b
fbe4628b
56b7717c
5559b007
aab41ef6
9b39e488
26a070cc
697921b4
12103e9b
35336116
629268e9
410c656e
b2134acc
64101e72
3008ad81
17c3fbfc
a84b6b19
0b982142
585b18aa
20eb7155
561c1c21
42b2193f
d5bac8bb
26312c6f
86455ab3
6a587b67
c5fba80a
c67e4c06
0bc08d62
3e99ad30
a5194509
b7f1c0a0
03fbf033
488dac32
55d24dc8
40347557
661ac4f1
34db96bb
488cb859
9fbd2267
5e4b4129
731f8076
28be7814
81db5cc0
beba6a8a
05b5eb84
f65dd20e
4f5123df
2145dd8b
3ee6b645
8e2a873b
ab652231
925ac93c
75bd1ed2
a0f7beb3
50003abe
60104915
3892b38d
98addcb0
e03115f3
0000001b
00000001
0000002a
00000001
00000015
00000001
00000020
00000020
00000000
00000320
00000660
00000000
698c791b
a24bb7c0
0b23fd7a
4667a271
dbf99e20
bb666d93
407bd45a
13d94368
c0cc9ea3
2059d43f
c0a53c35
82ccb415
ffb4dc13
fc3651a3
cc01d512
ec25a053
46922187
be506667
6dc8c97e
73192a80
1d97e078
d92261ae
e50c67f9
2215dc2b
3b325762
12f6c4f0
60d42400
f9047a2f
b87fbda2
6a3cbe88
77bb1763
25f349c3
6d61c1cf
34086834
48788c4a
aa2959c1
b72b2996
48f18076
0811c83f
0a0f5b98
62b188d9
5476149b
6d94989c
10383057
5f5362bb
f44eda80
a34c4173
b4310c93
196928ab
225fa0bb
07f0b64b
41249075
39dc1406
0b412ab2
191852b4
b5092c57
bc438913
967e53cc
934c1728
c4712bc4
aca736b3
e7714c6a
8307f61e
a54577f6
0a2551c7
1ea44c0f
f044e268
d5fc0264
08218604
426fca2a
49de8d02
3dc43611
5927a07a
bca378ab
5d0c759f
61aa09fa
c6b571b0
6859eac9
a6b36677
b619a6c0
c2928d29
7ca15865
c7017ba4
2d03ff83
07461489
b2168019
4e8192c9
f725ab9a
f6079385
623774b5
3bb5f245
d43250e5
3cc6c35f
088b55ca
a2a4b232
b8c7e7cf
e830b703
a47d006a
8cb0bc7c
5f2909e2
63eb6163
9286b2cd
7904d198
0b77a74c
bf76dbb4
5f731588
a68406c8
8debc9ca
091e766e
6c719cc8
18eabe37
cc38789b
d971ce7c
b33bdaa7
217280e0
673109fb
6db0044d
ed067b7c
02137763
02c1fa2a
e0b1d80f
7cec5cba
5d728817
adc3c42f
7570c6e7
a0e40e44
4a475bc1
83c7a9ea
c393bfac
dd5dba7f
d4f73a81
80d5738f
6ec33add
d00e9337
35017403
a53ea69b
00b2b521
00032271
e4211857
44dc1655
af6bb8c7
6871f634
e2211c7c
62e5bd62
19670106
d9ff2204
5b820419
9a576bb4
c0586ee0
653820ae
55ce5b1b
ba4b00f4
92a4fe76
f66ca1d8
d7e9912b
3b1717ba
ad011519
150a6227
90178054
b76e555d
40ed43a3
17d1e3c4
bf628065
80214db0
2e643723
77ab7470
609e7f01
0d78cc4b
60465c9e
fbc42600
84c154b3
63343a4e
c17ca777
8c282309
463f9990
7978551b
afb4251c
82cd26fd
17f769ac
60a0ff7c
dc7c849a
19fea127
07e6e017
a449b925
eb10565a
2b25dab1
9545faed
51c6c575
c27bba05
394244da
014b09a1
9c4bff88
c9a62eee
7269da22
b24560de
756e9bf8
6b0f4b25
d923e9cf
da1d92dd
cdfc6b4c
853956bb
3c684a3c
86598373
cc12f6b1
a8f24c36
6b63a9c7
e362c497
a56a254b
5562b39a
6f727295
99a67ca6
0ca7de1f
3f6c5c9e
d5233e07
a1a3da18
fb39581e
cc562330
ccecae68
7c9ad816
9cfeb639
c748ac9a
5d958ace
49da3e9b
7cb46b61
4281b5cb
361d6a7a
8bf42702
095030d4
11a83a27
57432808
7f715c57
4abb4544
91f5ad1a
2d1074fd
09c49e82
4467ef9f
252a6291
34bb2af8
38d37e2c
91c14710
a188937b
04f060b7
c413dc24
559e276a
3d7ca0a6
3c575960
4a521fa1
963bfa0d
3946057d
20569920
483c6376
ec05a6c9
d6195555
1c309035
186ae8be
b7da0849
c42ae1c6
3bad09be
82ef99a9
80484dae
6e3dd8c3
e713c1e2
bf89c418
0e2e23c5
e8d28219
a57556b8
e2462754
060e5b67
abab028c
8d252902
64704231
b9708d88
1cacb646
86034523
c45a5c7d
b32d3127
a490bebb
56e7d57b
ffcad9c4
27c80f3b
4ae9c80c
138f3cf4
95971256
2b309193
2672b704
f8fc2610
c740e1be
19728219
e4e43a15
a1baef5b
3d0cebcd
b9afbd84
cff5e833
ab1861eb
6c0f07c3
4cb36452
d28afac9
c200ca50
a8003f6b
161c350a
bcbb3819
1670f0a5
58067117
1b6d54d9
c16a3646
2cca7019
91aa9cc1
86561faf
742ff5cc
e34e1467
489c6471
04bf3af9
942fa53c
c6930b75
29ce0bac
dbf82590
b70c9658
ff67e510
b89b1c8c
b765e59a
656653c6
25615dd0
b52b9429
735fa26c
2b9393fc
4e0140ca
14053cf2
b795233a
7aeba97e
7354b096
d5455c9b
121cf34a
ae321c37
5a33cff6
564416b6
cf5c8237
d5fc8230
8e99bb97
5a74a8d8
b3bc2109
4b79bd55
9b97c3e1
c739c759
1bc83fae
9e959a79
1c496b0c
09426b15
288674e3
fc730c03
156a977b
c47f40f3
909b7fc2
7534e48c
bf3622fd
86818bea
1b24a7aa
38b42610
f0bd1d7a
acd60e44
bcaa858b
3b8aaae1
8d782d8d
094581a4
2258bcb6
6e1c1eca
1542c51c
e6716e27
a8a357c1
bb93da0f
6a645012
9b9cdd38
ac9f769b
24155422
237c6a94
102f89c3
ca96bdac
747c9132
4306f04d
59dfa3bc
1aa7cc3c
adcc111f
9c4d76e7
b0811261
ceb6d1f3
2bc36793
39424d89
678a974d
543a12f4
821949a8
e70b05b8
c8af2622
9bb6d4c0
698c791b
a24bb7c0
0b23fd7a
4667a271
dbf99e20
bb666d93
407bd45a
13d94368
c0cc9ea3
2059d43f
c0a53c35
82ccb415
ffb4dc13
fc3651a3
cc01d512
ec25a053
46922187
be506667
6dc8c97e
73192a80
1d97e078
d92261ae
e50c67f9
2215dc2b
3b325762
12f6c4f0
60d42400
f9047a2f
b87fbda2
6a3cbe88
77bb1763
25f349c3
6d61c1cf
34086834
48788c4a
aa2959c1
b72b2996
48f18076
0811c83f
0a0f5b98
62b188d9
5476149b
6d94989c
10383057
5f5362bb
f44eda80
a34c4173
b4310c93
196928ab
225fa0bb
07f0b64b
41249075
39dc1406
0b412ab2
191852b4
b5092c57
bc438913
967e53cc
934c1728
c4712bc4
aca736b3
e7714c6a
8307f61e
a54577f6
0a2551c7
1ea44c0f
f044e268
d5fc0264
08218604
426fca2a
49de8d02
3dc43611
5927a07a
bca378ab
5d0c759f
61aa09fa
c6b571b0
6859eac9
a6b36677
b619a6c0
c2928d29
7ca15865
c7017ba4
2d03ff83
07461489
b2168019
4e8192c9
f725ab9a
f6079385
623774b5
3bb5f245
d43250e5
3cc6c35f
088b55ca
a2a4b232
b8c7e7cf
e830b703
a47d006a
8cb0bc7c
5f2909e2
63eb6163
9286b2cd
7904d198
0b77a74c
bf76dbb4
5f731588
a68406c8
8debc9ca
091e766e
6c719cc8
18eabe37
cc38789b
d971ce7c
b33bdaa7
217280e0
673109fb
6db0044d
ed067b7c
02137763
02c1fa2a
e0b1d80f
7cec5cba
5d728817
adc3c42f
7570c6e7
a0e40e44
4a475bc1
83c7a9ea
c393bfac
dd5dba7f
d4f73a81
80d5738f
6ec33add
d00e9337
35017403
a53ea69b
00b2b521
00032271
e4211857
44dc1655
af6bb8c7
6871f634
e2211c7c
62e5bd62
19670106
d9ff2204
5b820419
9a576bb4
c0586ee0
653820ae
55ce5b1b
ba4b00f4
92a4fe76
f66ca1d8
d7e9912b
3b1717ba
ad011519
150a6227
90178054
b76e555d
40ed43a3
17d1e3c4
bf628065
80214db0
2e643723
77ab7470
609e7f01
0d78cc4b
60465c9e
fbc42600
84c154b3
63343a4e
c17ca777
8c282309
463f9990
7978551b
afb4251c
82cd26fd
17f769ac
60a0ff7c
dc7c849a
19fea127
07e6e017
a449b925
eb10565a
2b25dab1
9545faed
51c6c575
c27bba05
394244da
014b09a1
9c4bff88
c9a62eee
7269da22
b24560de
756e9bf8
6b0f4b25
d923e9cf
da1d92dd
cdfc6b4c
a242f038
d5d4d9a2
9dc1588e
3455d021
f84fd273
3b523ae6
3d39bc09
cf93049e
3efbfe51
8642d4fb
2fcd4b3b
2c885dd3
9b75dc20
057e0b61
1e0b426e
53e2af83
0000001c
00000001
0000002a
00000001
00000016
00000001
00000020
00000020
00000000
00000320
00000660
00000000
cdcb15ba
6a7e5f65
4066a14c
81329985
90da73a5
bc642184
c8b05c81
44fcc76c
a06a5470
9001a561
b5ad2d9c
22195784
6f602bce
d7cc12d7
53d84159
2719e259
87071026
0469647d
2061271a
7697016c
7248df43
565b832f
e7ab9bfc
3a420058
fc2fac1d
72019e98
6861fe1f
a15726d0
4b3343f5
334c3e10
c8434481
709e11a9
68f541ae
5f4fb74b
6588a2f5
43982b8f
d7023422
38ce69b8
3c74a2cd
c65a21c6
0a32230a
02ac8143
b52adcbc
0c843997
22e580a0
067bdccf
4c64a0c6
5b916a5f
f2113401
e42ab6cb
2108f1b1
381758f6
8113cbf1
8403af50
d98800c1
e8f41396
36d9299f
7e466447
bafbc8b3
50172430
3342ab86
1c75a270
1281cd10
68643b44
107e32d4
ab06c49e
eea4a9b7
87f665f1
70d58d61
9a312b29
3029b4cc
22bae676
2b1405bd
54865af5
985cfa8e
5f74ab3c
01f93bc8
83740471
90624b97
c3569029
c9b27e61
3742d7f8
96434017
9dd32201
61165038
84990de7
0f466d81
aa2699e6
767b8f95
3c963515
6fcba5f2
2730b745
067b2a8a
6c6cf8c0
101e7863
ab8320a5
228c1790
c897b6a5
ae672b08
df1da8d7
0308595a
715cbdcf
bdc63045
c7945c3b
bb83ef11
3f33f45b
15fa911a
1da2c5b1
4e1c6c9d
774db16c
bc4b086e
626e440b
0a708800
1030aca5
c0529971
b2724e60
3caa7f6d
a231473b
606368ec
9d65e48a
14978392
cc14491b
6cb6ca50
1c1514bf
318b20b1
22f4808a
6b61e644
db8387f3
c8011153
d525855f
f99c7081
bb126e89
5999f878
b8b4556a
ab11cf63
a33968b6
09596602
31e1f097
842db584
b03829ba
62305f69
9426b011
27a91357
acc23b16
b27cf4c5
42c84696
24f468a5
0abddcf7
176c8100
c84228ac
0da35c11
2b1025fb
1a240712
46c15a76
6b492d22
1259c20a
f4a7654e
89ba8ec9
a695fa1b
6d5d8b6b
b9ee67f0
3f74a157
8126158d
75da9616
4ff1ef4d
6c10a187
368537ab
48d20eb6
e6622562
cc005801
86657fb8
d73ff92b
ecd1b5e5
8985515a
c237c358
a29245f3
ae917da1
f050f976
b0b27766
4bd1ceb6
de295877
3443b623
54828c2d
6d894bed
6265ab90
41094a01
e1a66ad6
37d329ab
8e47e7a3
329c7ab1
cc1f41f0
07421006
4d05f337
e4fab353
643608b2
86b619a7
dfe19b21
b4fa43b9
f8a8b23e
b3acce45
cf3ed3da
c32612ea
91518b93
6a0bf3f2
93d66c0c
0b3ca465
c4971b70
740070f7
c27abb34
ddab149d
583e2108
8df7fe1b
79b978c3
24fbbc69
5bdca08a
f168b095
3abe3980
39eac829
b26dc1ea
c3240cc9
11363931
e78aea4d
7ce4080c
c03567c6
667334c8
d2df1b91
b2d2c54e
bbb406fa
20e05061
1f9c2149
24144bef
a02e15c4
c3a07480
d82f0c10
2a3b7dea
3d09dc6f
d376d675
7acac671
bcc53bcf
6aca446e
31f63ef7
ce93cd79
40838259
c236cef6
8a48fd3a
27763baf
11347ea5
2139958c
0c7de83e
7a7b47d7
a84626c2
dfb9a1fc
426f8d02
48fc4a57
94c8cc68
122884c8
a9d3c130
57776901
20571cf5
c8587d92
5a20e58f
e8c91aa2
b6581637
5d2a4334
119a9707
b9f31f53
c56bb9f4
66460632
9031d6b7
7832b9e1
6b759973
71c2fb34
7db3d17e
1b258469
c7e70655
766589cc
e1eb8f82
4cf792a7
7a3f361e
952d1c83
6b2654b6
b83e58bb
02d606a7
26a0aa55
df2488fd
d04a15c0
81c23592
6112a1a6
fb981a39
56d05b95
95aac289
c8820285
23ec741c
9f92eab7
21756e38
16a7192c
8e32bb59
c29d0e9c
37d56076
85b0a63e
c77b24ca
45072725
975d6c69
94256603
8fc05a99
7850e309
9ba140aa
9dd72423
0e79f95f
bc3183f1
2ccb1ab7
babc43be
585763e3
097a6408
193296c5
e1db6166
02b1127b
15c75cc4
81e30553
810ad986
0e5be115
898b6b79
c675b43f
620661bc
b433038c
af376dcc
3504c620
625f0692
a6a5c3c4
01a0159c
8a01af55
bb82755c
da2feb1e
5bd16398
48d0fca7
a93fd0e4
a3f94219
aec792b2
1ca1f331
bac2bce6
aae15837
35518333
a95dc1f1
63b8d67d
eb6c0ac0
3ce15cfc
6837b03d
dbc46944
4b496196
95e206c9
29cb8270
d4d35157
cef78506
446cb618
874ac561
8445cbc4
ccbe3003
46679673
9594be9f
f55827b1
e0123ea4
28cb32b7
e8c6f3af
26673806
893b51b5
6855f82a
c17c03b6
07898148
9c8aa637
dbe5922b
29dae5c3
5755b969
279b00b6
6c75de0c
333c667d
d7b5ac58
5359ec1c
8b16441b
dc95ac49
47e9df87
999571b9
95d67a67
5bb5558e
d58c9534
34d30da8
45c36033
dc8c4a57
cb11cd2a
23ea1f92
fe5515bf
4c2f9d63
10575047
cdcb15ba
6a7e5f65
4066a14c
81329985
90da73a5
bc642184
c8b05c81
44fcc76c
a06a5470
9001a561
b5ad2d9c
22195784
6f602bce
d7cc12d7
53d84159
2719e259
87071026
0469647d
2061271a
7697016c
7248df43
565b832f
e7ab9bfc
3a420058
fc2fac1d
72019e98
6861fe1f
a15726d0
4b3343f5
334c3e10
c8434481
709e11a9
68f541ae
5f4fb74b
6588a2f5
43982b8f
d7023422
38ce69b8
3c74a2cd
c65a21c6
0a32230a
02ac8143
b52adcbc
0c843997
22e580a0
067bdccf
4c64a0c6
5b916a5f
f2113401
e42ab6cb
2108f1b1
381758f6
8113cbf1
8403af50
d98800c1
e8f41396
36d9299f
7e466447
bafbc8b3
50172430
3342ab86
1c75a270
1281cd10
68643b44
107e32d4
ab06c49e
eea4a9b7
87f665f1
70d58d61
9a312b29
3029b4cc
22bae676
2b1405bd
54865af5
985cfa8e
5f74ab3c
01f93bc8
83740471
90624b97
c3569029
c9b27e61
3742d7f8
96434017
9dd32201
61165038
84990de7
0f466d81
aa2699e6
767b8f95
3c963515
6fcba5f2
2730b745
067b2a8a
6c6cf8c0
101e7863
ab8320a5
228c1790
c897b6a5
ae672b08
df1da8d7
0308595a
715cbdcf
bdc63045
c7945c3b
bb83ef11
3f33f45b
15fa911a
1da2c5b1
4e1c6c9d
774db16c
bc4b086e
626e440b
0a708800
1030aca5
c0529971
b2724e60
3caa7f6d
a231473b
606368ec
9d65e48a
14978392
cc14491b
6cb6ca50
1c1514bf
318b20b1
22f4808a
6b61e644
db8387f3
c8011153
d525855f
f99c7081
bb126e89
5999f878
b8b4556a
ab11cf63
a33968b6
09596602
31e1f097
842db584
b03829ba
62305f69
9426b011
27a91357
acc23b16
b27cf4c5
42c84696
24f468a5
0abddcf7
176c8100
c84228ac
0da35c11
2b1025fb
1a240712
46c15a76
6b492d22
1259c20a
f4a7654e
89ba8ec9
a695fa1b
6d5d8b6b
b9ee67f0
3f74a157
8126158d
75da9616
4ff1ef4d
6c10a187
368537ab
48d20eb6
e6622562
cc005801
86657fb8
d73ff92b
ecd1b5e5
8985515a
c237c358
a29245f3
ae917da1
f050f976
b0b27766
4bd1ceb6
de295877
3443b623
54828c2d
6d894bed
6265ab90
41094a01
e1a66ad6
37d329ab
8e47e7a3
329c7ab1
cc1f41f0
07421006
4d05f337
e4fab353
643608b2
86b619a7
dfe19b21
b4fa43b9
f8a8b23e
b3acce45
f112f560
00642b79
5a5741d4
e6fb6c70
b072d169
dce2f5d4
5717fde0
262a4c53
38f11f30
e3946df4
b150f9ba
42e4e303
83e1a58f
348c845c
9268bf99
c8760a9d
0000001d
00000001
0000002a
00000001
00000017
00000001
00000020
00000020
00000000
00000320
00000660
00000000
df703566
e3ed2cc7
b4036d1e
271389ec
a81b4269
1cb3f978
889fb497
83f81b84
7a79e57f
1d72a930
2a864375
5ac5aea5
49b56010
32472573
4eabd56e
c87690a7
3671ae63
9d2ab38c
2fccec1d
04adac4a
11ebbb9b
ce78eb53
6a774b24
ab322da9
a133fb8f
39077c95
31371c07
896ac12d
fa2992fc
0ff18999
bd3a307b
4ab131a4
a3a9ea28
a601d9e4
f41711d1
6342265f
c150a6e3
35791428
1d4cb51b
219e62da
f6907e3c
8ea3e579
784a195a
97723969
263588c3
6ec9ab6a
e8661c97
5900b079
2e01e0a5
74b0cda5
12f81dcb
35b418c9
2b29b5eb
5f24cca5
3c27ab59
d7ac9f69
0b359c8d
f990e76d
447a3300
4dd9f101
39303101
194665fb
2f17265f
000e356f
f01a4b06
17b45570
bec1119d
e61a81b1
0b79d577
163bbb11
64cea5ac
00f681b5
938728c9
26786ab9
1c75595c
49a3ac25
6972bbc8
be72d431
c861020a
4b45ac42
7fc61e59
874854b4
f1857975
46906507
015e075b
689b25ac
af707ac2
514862d7
3b318362
59fc1850
bf439733
7598c504
2781d9a3
8ac40777
7b2e9a42
2b750c6f
62c98a37
c8d28155
1f23357a
a037e313
a27047a3
0bc99e43
7d939c22
32740f25
97494575
826ac299
885aa5f2
b205ea83
5591128c
d84da0d0
7af8d5ce
aec07cba
63d088b6
323b360e
27a294fb
d1f7cfb9
0563d86c
1b072c2d
096e1d93
1bdbb346
b12019f8
c9c90a28
b8456b30
ad325415
2affa5b9
8060752a
b51bd96f
60f364f5
c2cc04ac
314c03de
e2ac82e2
bccc0069
fb9fbcfe
f9b94632
1e1a802c
bf679b8c
a4836767
62ac4c65
422304e9
a59b775b
36391b24
328dd83e
d2ec2304
78a41fa7
bb4be87f
123ec9c0
9b1b8f69
4169b02d
48624f63
8e38d637
1d6ea3f2
25155429
9469e063
22359ca5
0b0ebc02
6a2a1aaf
85b6392e
9204b869
4f53da7f
29cb42fa
3a0f184b
a2d03429
b0c07cf5
f5b5ac52
3422d554
bf3ca87d
b7b61958
49561037
fd9dc534
53327864
9f07627f
53082a24
81242934
06eacd81
a397f9ac
14294d65
058a1220
572637b3
9698a4f6
585660b1
516c6910
da1c2fe5
acc7e4b5
8259d273
074f8288
4a134001
e78984bc
624cc045
0b111388
6ccf311c
911276d3
379b53cf
b4718253
c1f05ca8
5ea17104
c77c1667
d56d2458
ad1fcf1f
f4237dd7
3809e93a
2847798b
63ef4c90
5dcc5077
f0172891
29253d23
18f7d623
054da065
ecfdb6c3
7ed80760
66455984
67680908
8cb75682
bd90886f
6a0fa710
00878904
907f4abe
33aaaeb8
cc230c50
db983c0d
9603468a
c7bb0b50
078dc234
f3b82ab1
19190b58
fd7dd1ee
952b77f9
6f434070
8b705572
09ad0b65
08d91a5f
8f01a0fc
700c99ec
0ff0cc9f
0b5d01ec
1ceaa0a5
303b3295
9d7144c7
33376722
18f7167d
6c7f7cab
e4ea24c1
07e7bc35
cf7ce8df
b21d85b2
12bbbd2b
4e1c95ce
90b1c0ea
13a2eb99
a73d276d
28935358
1a39a523
781c33b2
7b2f7be6
c603c511
7c85034c
53704d88
8d611b68
b87e28ea
82aecce0
4769c07f
106438b0
9189889a
95f4ac29
0a77fb7b
e96a6a1b
6fd80bb4
50380884
5be3147b
6a760f23
fb3ebb30
a9b66f69
184a599e
bab86096
f0689163
2e605d12
d50c8122
7ac86193
bef12da0
ec2402e1
bc610d35
cf24af99
91ac90c6
52dbb404
828c1577
8135629e
05fa5f6b
bdba499f
cb16341f
01d55c93
2d57988c
242e6ae8
c2b1cea9
be83a117
e48e9926
808fa000
c505af9b
4a6bdbf5
e5c46927
40f06a5c
afcb1bc6
f06c3d3c
cb549a21
64817aad
77d72787
37578339
0d2f70f1
780542c5
534132b1
802e0ca6
a438a072
5101b2c1
89a2c2c5
e08a6c4a
6fe23a59
b79826bf
307025f9
415885bf
8b210171
e83168eb
899a95a0
92aee5f2
918d7bd2
2a4b6c3a
ac4e044f
8b946895
aef0cb3c
933d391f
2c145525
66ab2110
657cfad5
caa2c552
38024986
397cc662
bb3e68c4
82f29c44
206efb2d
a484717b
267b7a2d
8455ab26
b4f08a80
9403d657
7e61a062
b0256f83
82b08ec5
c6a2e64f
e7590468
3881813c
02a44b28
30965ee5
2807cf98
6a3e55e5
b3f11857
5fe698bc
2a58c650
7164cb86
4a9837ce
e67b8674
d1929b22
b2a72ea1
693d5432
99552c04
0f9963bb
d4460be0
07e9ae66
c3a8ea68
8cb7f007
48b59756
92541162
62092654
89e72b09
2c2756b3
168b3440
29296925
a07b89b6
8d5529ec
9bd240b6
74772c7e
4d2b1cec
81c940e9
bd046e03
57b435b8
b9d2b222
3f36fc4a
787b386e
42a36205
4c1be67a
ea4363f6
646b5479
45860923
f741768f
1b214da1
33176196
df703566
e3ed2cc7
b4036d1e
271389ec
a81b4269
1cb3f978
889fb497
83f81b84
7a79e57f
1d72a930
2a864375
5ac5aea5
49b56010
32472573
4eabd56e
c87690a7
3671ae63
9d2ab38c
2fccec1d
04adac4a
11ebbb9b
ce78eb53
6a774b24
ab322da9
a133fb8f
39077c95
31371c07
896ac12d
fa2992fc
0ff18999
bd3a307b
4ab131a4
a3a9ea28
a601d9e4
f41711d1
6342265f
c150a6e3
35791428
1d4cb51b
219e62da
f6907e3c
8ea3e579
784a195a
97723969
263588c3
6ec9ab6a
e8661c97
5900b079
2e01e0a5
74b0cda5
12f81dcb
35b418c9
2b29b5eb
5f24cca5
3c27ab59
d7ac9f69
0b359c8d
f990e76d
447a3300
4dd9f101
39303101
194665fb
2f17265f
000e356f
f01a4b06
17b45570
bec1119d
e61a81b1
0b79d577
163bbb11
64cea5ac
00f681b5
938728c9
26786ab9
1c75595c
49a3ac25
6972bbc8
be72d431
c861020a
4b45ac42
7fc61e59
874854b4
f1857975
46906507
015e075b
689b25ac
af707ac2
514862d7
3b318362
59fc1850
bf439733
7598c504
2781d9a3
8ac40777
7b2e9a42
2b750c6f
62c98a37
c8d28155
1f23357a
a037e313
a27047a3
0bc99e43
7d939c22
32740f25
97494575
826ac299
885aa5f2
b205ea83
5591128c
d84da0d0
7af8d5ce
aec07cba
63d088b6
323b360e
27a294fb
d1f7cfb9
0563d86c
1b072c2d
096e1d93
1bdbb346
b12019f8
c9c90a28
b8456b30
ad325415
2affa5b9
8060752a
b51bd96f
60f364f5
c2cc04ac
314c03de
e2ac82e2
bccc0069
fb9fbcfe
f9b94632
1e1a802c
bf679b8c
a4836767
62ac4c65
422304e9
a59b775b
36391b24
328dd83e
d2ec2304
78a41fa7
bb4be87f
123ec9c0
9b1b8f69
4169b02d
48624f63
8e38d637
1d6ea3f2
25155429
9469e063
22359ca5
0b0ebc02
6a2a1aaf
85b6392e
9204b869
4f53da7f
29cb42fa
3a0f184b
a2d03429
b0c07cf5
f5b5ac52
3422d554
bf3ca87d
b7b61958
49561037
fd9dc534
53327864
9f07627f
53082a24
81242934
06eacd81
a397f9ac
14294d65
058a1220
572637b3
9698a4f6
585660b1
516c6910
da1c2fe5
acc7e4b5
8259d273
074f8288
4a134001
e78984bc
624cc045
0b111388
6ccf311c
911276d3
379b53cf
b4718253
c1f05ca8
5ea17104
c77c1667
d56d2458
ad1fcf1f
f4237dd7
3809e93a
f12e5c85
f061c8fd
6708946c
4b070b0c
aef8c12b
e3f24707
ee9269ab
7f037a35
5c8c96f1
b09fbe46
3c05be71
ed9f0953
e2a043f5
9d22cd5a
5b9462b3
5b86c196
0000001e
00000001
0000002a
00000001
00000018
00000001
00000020
00000020
00000000
00000320
00000660
00000000
a735835a
a15ba7c8
8bd4a45d
e7834645
794078ba
a07bab07
64b8fa42
44379471
5f15031a
648ceb15
6a932024
8d135791
e14d7894
a108a003
48d3c601
ca306647
b16f9215
b60a3980
b51cc5a2
64e504ca
30221bbc
6805297e
0ab56b41
92d81b9a
1f406121
34b0558c
bd442e73
00055370
400bc7d9
872cb838
014914dc
8c5e7341
1727b3bf
bd3bc382
413c1d9a
985a8c46
0a7c00f6
8c6813f7
0dccd9a0
14851c57
02b15b75
1a18419d
1bc977ae
097f074b
a1574979
e3cdcc6e
81659205
41caf41e
f5ae23b5
38ab99d4
1fe36e36
2e4b705f
0c76154a
1de5e906
bb200195
8cfe4d99
0f3b995e
cf6d916f
e46e2b84
10cbd5c1
f7c5ec8e
416c247c
ada84667
90ad36e8
9b558e73
871695c7
d35e307a
53d13e0a
1f998c59
0f9c659a
4725cfab
c457a82c
a409422b
f3bb03a5
b2d12e05
ccc3e34b
404d0611
7af331a9
8a8b8113
22554f54
bac800bb
1f25d5fa
c990be81
19e9cf43
3b2d42ec
a90c5433
7c12ee50
a5a92126
6abb80fa
9a55686f
a73041a8
41cf9d27
79a563b3
c250f502
b62ece77
a4f4c071
a2042b81
4c721e02
99ec508e
a40e2653
e448afc7
0508a423
c9352802
e2b10054
7be16093
934885fd
9ce402eb
35a98896
164dbaaf
27442581
28705d5d
48b794aa
0cc47e7b
5d864e41
d2c9206e
102282a4
24c6201c
78cbe743
f1dea4c3
cccb851e
3c6b710e
4aee3453
32e0bb30
b53ff722
14281dc2
56c2340a
7622a025
cabbc8f1
3b992588
3b198ade
824d6211
3855d196
57b62545
fc28a412
3529f845
c90849cf
c549b205
81104969
666da85e
82af72a8
b4dbcd03
c14da991
2ace1047
a80cbb01
db1f9c0a
2cb65265
608c163b
4a1d3216
06b49355
a26c19cd
d84dc82c
6abf4bc3
9461b6a1
9c116991
42322b19
57f9f679
a97fa170
41970a77
7179e3a4
1c892522
c16268e9
51b9ff75
732b6025
0481bdc4
0f4b3369
a05a2864
45c55e6b
b1c4ed3d
61ae9acf
30ac0ba5
7f726287
6919b88d
96ec4b99
4925b79f
6fa16692
3333cc76
6ab5632f
5e53554f
fb882fd6
96f57e9a
4a796703
f77c6ec7
7fda1e9a
1acc42ab
d5233959
05c08612
e10f698d
242fafba
224b37a4
637ed6e1
256e30e4
6ad8516f
6735d18f
a4670e0e
f52c0e76
5c0dea3e
900c01b5
5029d428
0685b602
191cfba6
21726c56
b2607b66
6409902e
2982bc48
171b17e9
04e08381
b20e62a8
e28b668c
15107d33
61781698
44d32454
2253c618
9487d1ae
42da2935
b9273c80
63af58f9
45ea1614
05c9ae08
e00428b6
0c5c7f23
92752192
1b19c141
a4c0a2b6
72a893c4
6da83aed
433879a0
72bcd456
e6a48929
d9674fd2
5f555643
2782b3cf
c2c15db2
c94956ad
92c9ea21
a8a6056a
b2279dce
7ea9766f
f17362e6
21bcb675
1d6f3391
26d78606
08c10723
bf6e20b5
f93699f2
c5175312
0ea13422
2665474a
1afadfcd
9eb130dc
08df5395
6593320e
fc95a6ba
f2e19c55
54772001
6a102221
735cb16c
214b7cb2
ab2a96d7
9af9263b
c429b87d
b17e07f4
c27951e2
45b55788
e473e105
51be4d9a
8a7cb2a0
910fc0f2
d98e3f74
28bb06a3
801961e7
11250f42
0ccb4e5b
41320542
09b32698
1a81718e
d7b4e91c
930a62a4
83a7991a
e1a39bb1
c30d34a5
913bfb60
c50aec8c
40dec826
8ddb7188
7046db1b
b4b65646
b44578a6
8e43171f
101a2d7b
4d288999
c94fd1e8
20f1bdb9
c251593c
9753092e
61233249
0dd604a7
3e1110b5
eb69aa47
09d150c7
c9397781
0c0466d5
3a666204
9b1745de
d1fe6670
b7bc7b62
ebc32c30
6410b870
22c0e657
5e7f9c8c
8b746b1c
9759ed2f
c8a15932
d6037897
7187df6e
372ab528
d0bd5dc1
ba2c87a9
ac33b19e
45218f77
07aad67a
cfa3ebcb
5131c7a7
cfb2509b
11c53ae5
a24a5343
01a013a6
32ca23b5
a97b3902
a7171d9d
7f9183dc
61caca2b
18020d5d
ab537656
90b18f1b
7277487a
ddaa8ba6
7b0e14ec
98e0991b
c7b25694
6cf93b41
af11764c
f333355f
a35c3d15
a7b87a75
e055896e
d76db3fb
78230dae
f780f7a8
245eae34
7b59a382
9e339b26
b4f25b25
13d632b1
f22c18ab
e6402c25
1549e5c0
a96e40ab
c0577247
7e851900
8118b24b
1170cd9c
c8a4e86a
a180e93b
f0b59ff7
7a12f613
ce430324
605f8520
3604ca03
0c08e40d
e48d9667
7909541b
fc51d3eb
47c4971c
ba8389cf
64427166
698351ea
863a2617
be2d06e2
75364b88
b8e4ddce
48360378
7bce77f7
0ab53281
235509ef
a8368079
19ccf201
0b0489dc
dafb6ae0
0de92c9a
788914d2
f84355f2
1f1a1b71
a735835a
a15ba7c8
8bd4a45d
e7834645
794078ba
a07bab07
64b8fa42
44379471
5f15031a
648ceb15
6a932024
8d135791
e14d7894
a108a003
48d3c601
ca306647
b16f9215
b60a3980
b51cc5a2
64e504ca
30221bbc
6805297e
0ab56b41
92d81b9a
1f406121
34b0558c
bd442e73
00055370
400bc7d9
872cb838
014914dc
8c5e7341
1727b3bf
bd3bc382
413c1d9a
985a8c46
0a7c00f6
8c6813f7
0dccd9a0
14851c57
02b15b75
1a18419d
1bc977ae
097f074b
a1574979
e3cdcc6e
81659205
41caf41e
f5ae23b5
38ab99d4
1fe36e36
2e4b705f
0c76154a
1de5e906
bb200195
8cfe4d99
0f3b995e
cf6d916f
e46e2b84
10cbd5c1
f7c5ec8e
416c247c
ada84667
90ad36e8
9b558e73
871695c7
d35e307a
53d13e0a
1f998c59
0f9c659a
4725cfab
c457a82c
a409422b
f3bb03a5
b2d12e05
ccc3e34b
404d0611
7af331a9
8a8b8113
22554f54
bac800bb
1f25d5fa
c990be81
19e9cf43
3b2d42ec
a90c5433
7c12ee50
a5a92126
6abb80fa
9a55686f
a73041a8
41cf9d27
79a563b3
c250f502
b62ece77
a4f4c071
a2042b81
4c721e02
99ec508e
a40e2653
e448afc7
0508a423
c9352802
e2b10054
7be16093
934885fd
9ce402eb
35a98896
164dbaaf
27442581
28705d5d
48b794aa
0cc47e7b
5d864e41
d2c9206e
102282a4
24c6201c
78cbe743
f1dea4c3
cccb851e
3c6b710e
4aee3453
32e0bb30
b53ff722
14281dc2
56c2340a
7622a025
cabbc8f1
3b992588
3b198ade
824d6211
3855d196
57b62545
fc28a412
3529f845
c90849cf
c549b205
81104969
666da85e
82af72a8
b4dbcd03
c14da991
2ace1047
a80cbb01
db1f9c0a
2cb65265
608c163b
4a1d3216
06b49355
a26c19cd
d84dc82c
6abf4bc3
9461b6a1
9c116991
42322b19
57f9f679
a97fa170
41970a77
7179e3a4
1c892522
c16268e9
51b9ff75
732b6025
0481bdc4
0f4b3369
a05a2864
45c55e6b
b1c4ed3d
61ae9acf
30ac0ba5
7f726287
6919b88d
96ec4b99
4925b79f
6fa16692
3333cc76
6ab5632f
5e53554f
fb882fd6
96f57e9a
4a796703
f77c6ec7
7fda1e9a
1acc42ab
d5233959
05c08612
e10f698d
242fafba
224b37a4
637ed6e1
256e30e4
6ad8516f
6735d18f
a4670e0e
f52c0e76
5c0dea3e
900c01b5
5029d428
0685b602
191cfba6
2afaf321
ad5048b3
aa0268f7
3d4529ec
510e24c0
1f074129
95fb525b
c9ffa3e9
0ceb6310
6d4a8f5c
b508414a
1a359cd7
8ac319fb
cea63f69
765abd3a
9ee16914
0000001f
00000001
0000002a
00000001
00000019
00000001
00000020
00000020
00000000
00000320
00000660
00000000
df10aa07
e83eac48
1331c422
0e0ce5cd
69c39190
8d531568
4077d70c
523bb067
11e54f91
962886b3
4cc741cc
62f91292
551466d0
14510381
2b2a9256
0c2349fb
59c46013
9202689a
6e27dbde
a738cdb7
47b23a9e
58a439cc
6ce37ff6
b18cd9ad
97450875
d44c9f11
4b740b47
8030d057
db09aec4
7afc074c
9d817331
cbda343c
5ba28164
6bbdb163
418c977a
6ee10a58
925f55d2
1810a58c
0a74523d
3578d522
3c631758
aa8a0fb5
d10b7647
36d0779a
8b997e20
ac8b2cdd
f4a67d19
8c8c7f20
68b0f19b
c1379204
5094f84b
09bd8cf4
59935585
09166e25
6146d3a0
12492738
0239db61
c263c59d
8a2fc217
9a631f93
c3a5159b
fabb5c5a
2430cc30
5b6c669a
79824aa5
7d069815
9913903c
b0761274
8ac9346a
33c71514
928ab9ac
c11a6c26
d4c96107
d48359b1
66ccb328
65469a7d
d3d83199
5f36a976
90300342
41cc302a
8120ec8c
106ab5b8
b0ad6a81
b6993d99
91751296
a5d08ca5
29b806b4
75995c74
b7fd9264
5629ed53
a9410c44
e0d02277
81430876
0252dc45
5107668c
7be82e06
b17a67fc
4a0c55d5
4fb13316
efa29c24
30663609
1bc3850e
0779a902
709265dc
90bbae6d
bdac38b8
f11d9756
cf183d16
454fa349
a094bdf5
31668160
98af72f6
0717a6c6
84684f23
fd1f370f
e607c9ab
23565403
830a3871
17df19f6
01391db8
67a3a4a3
c2041420
38026997
b717d6f1
e6f53df1
c76c527a
652526cb
5a7d3458
6665d981
e36690e1
bcfa8d96
89cac883
28b2cb98
e0f8b268
8f716f7a
a5be9332
968ebe34
0714a892
436c2194
dae9c05b
449af88e
f0566ccc
8077559c
5b68c10f
ca8fda4c
3a1564b3
98f5c48f
917c04e0
93289f59
2cb6edb8
598fb059
3897cc69
0036d064
7303fbcf
4bba6d97
ce0a8973
70134bc2
b01a7a37
75224cc9
22a95058
57093dd0
a6846642
0f2cdbd2
e1a44fc1
be1cf889
0284d6a6
8baabe4a
2b5acdb1
b674f62c
d61493b4
3427501a
f0a84b62
648bac92
9cb190a6
456404d8
d27f96e7
59c0bb10
8e3d09ac
51c41928
b919a073
108ee3ca
77800d20
67475e5e
0376e0be
5c943dd9
94454236
0773f52f
a0c651eb
731420a7
fb2ac70d
9678b7c3
5ddb406b
ef459163
5fa3fbb2
e6206de3
86af4e5b
dd813e01
9e24c312
81d453b9
a41a7052
8143b89a
26d507a1
bba7af8d
b24d1646
b21629b8
66a93a75
bf6408d4
3a0f9511
551a8aca
cbce2372
08567e40
4c8a8e07
6e0c8713
a5bf89f1
6573d729
5a0a390c
a9f4cfd6
7e904534
43a49068
83eb9067
86066cc7
112e0549
40e29a35
7fb42455
b455f9b7
63e15a85
6352d316
3d1092b2
026e9cd2
cee62dbd
be5f6156
32665acb
6ccb52b5
906bdc65
c634aa41
72c6b494
2a7ad9ce
68780274
a4b96c74
6836f7da
5a389c74
1876e6c3
538593ff
9a5a213a
0127e2cb
997abc9e
20ed7665
52ac106b
7c16f1fd
89c6752b
8e437025
036df1dc
e847a802
04ab5c84
7e7799c2
db0c2495
99e25094
fbc929ac
075a30ac
bb1b0066
7d5bdc4b
30743bf5
893848b5
b76db06f
40ad5ae9
10d102bb
6838da6d
e0e076ac
73c10e63
723c06c5
4cb7c2fb
86296c73
efa9f022
4ac499f6
0f76f84b
3c943056
f8b9a4c5
bdfcf6aa
0d57f128
42981b28
8b163576
f25ef8a7
03193492
cec9ba92
3fa61705
948fa0b9
15240479
4b67b46b
c6692312
2a347d86
fa91fcbb
844c73c2
9d527e6a
f69af7dc
2b881e25
b032161e
69666c0f
64612424
ce851c66
9603ea92
b24894b7
abca75a4
44713669
88284761
1815d38a
e963572e
0aed0871
524779b9
44bf6339
3234ba62
5b76483c
b4b71ad4
84ea09a1
1dc9da45
806468ed
22bb29b5
c3c6730b
b52ae964
34f78b95
2336a842
8dbb5a24
02d3c4a7
323a5433
a2748357
a53617a4
88e005be
d44ba853
a876965a
61858693
4b3b1c99
1a863272
a3b5d283
85708a96
c879c645
8247244f
ec7e516a
e4ec0721
ce64c61c
734ca009
4c31ccc3
6df23281
aeb2d429
614a4c94
cee13aa1
b0639c13
9a18b588
b8325981
e64207f6
2a7489cb
04c42ece
d2413ae5
41b46eb4
74b9ee45
1f343797
03e10122
1200bd1b
dbac396b
f7158353
1581439d
36af10d0
7845ae47
b660a263
eb82f02b
bcf59958
20db9d47
5f02f908
f3fc84f9
a7c384b6
17c5d3e2
4cd13c25
c84ccf54
a0c57742
7302b966
790ca907
d19cc3e8
e1b22bd6
0ea8693a
768b11b9
244e6e08
a400fc30
7b42bb75
811b7aac
62f121ad
121e2ca2
c58e310b
3e7a111a
a575169d
547d9810
03254ea9
9339bc60
46e667a5
93da7181
df10aa07
e83eac48
1331c422
0e0ce5cd
69c39190
8d531568
4077d70c
523bb067
11e54f91
962886b3
4cc741cc
62f91292
551466d0
14510381
2b2a9256
0c2349fb
59c46013
9202689a
6e27dbde
a738cdb7
47b23a9e
58a439cc
6ce37ff6
b18cd9ad
97450875
d44c9f11
4b740b47
8030d057
db09aec4
7afc074c
9d817331
cbda343c
5ba28164
6bbdb163
418c977a
6ee10a58
925f55d2
1810a58c
0a74523d
3578d522
3c631758
aa8a0fb5
d10b7647
36d0779a
8b997e20
ac8b2cdd
f4a67d19
8c8c7f20
68b0f19b
c1379204
5094f84b
09bd8cf4
59935585
09166e25
6146d3a0
12492738
0239db61
c263c59d
8a2fc217
9a631f93
c3a5159b
fabb5c5a
2430cc30
5b6c669a
79824aa5
7d069815
9913903c
b0761274
8ac9346a
33c71514
928ab9ac
c11a6c26
d4c96107
d48359b1
66ccb328
65469a7d
d3d83199
5f36a976
90300342
41cc302a
8120ec8c
106ab5b8
b0ad6a81
b6993d99
91751296
a5d08ca5
29b806b4
75995c74
b7fd9264
5629ed53
a9410c44
e0d02277
81430876
0252dc45
5107668c
7be82e06
b17a67fc
4a0c55d5
4fb13316
efa29c24
30663609
1bc3850e
0779a902
709265dc
90bbae6d
bdac38b8
f11d9756
cf183d16
454fa349
a094bdf5
31668160
98af72f6
0717a6c6
84684f23
fd1f370f
e607c9ab
23565403
830a3871
17df19f6
01391db8
67a3a4a3
c2041420
38026997
b717d6f1
e6f53df1
c76c527a
652526cb
5a7d3458
6665d981
e36690e1
bcfa8d96
89cac883
28b2cb98
e0f8b268
8f716f7a
a5be9332
968ebe34
0714a892
436c2194
dae9c05b
449af88e
f0566ccc
8077559c
5b68c10f
ca8fda4c
3a1564b3
98f5c48f
917c04e0
93289f59
2cb6edb8
598fb059
3897cc69
0036d064
7303fbcf
4bba6d97
ce0a8973
70134bc2
b01a7a37
75224cc9
22a95058
57093dd0
a6846642
0f2cdbd2
e1a44fc1
be1cf889
0284d6a6
8baabe4a
2b5acdb1
b674f62c
d61493b4
3427501a
f0a84b62
648bac92
9cb190a6
456404d8
d27f96e7
59c0bb10
8e3d09ac
51c41928
b919a073
108ee3ca
77800d20
67475e5e
0376e0be
5c943dd9
94454236
0773f52f
a0c651eb
731420a7
fb2ac70d
9678b7c3
5ddb406b
ef459163
5fa3fbb2
e6206de3
86af4e5b
dd813e01
9e24c312
81d453b9
a41a7052
b0c099b7
9bccf2b8
aa736041
84fd0a0f
be81e294
40550b70
df2f1fa9
466016e7
942e4dbd
01cd5488
72e9d6f8
10356df3
778ab4ab
fbf4c176
a71ccec1
7c77a2e8
00000020
00000002
0000002a
00000001
00000002
00000002
00000320
00000020
00000000
00000300
00000020
00000000
8db03e96
14a3fc02
b19033db
b503e3c3
0c98ebc0
c42ad426
6976d0c4
3b50ff5b
203d16e7
4c768c04
b520d1cb
91e08474
a5be7690
a7096064
b800d31e
facdd30c
dfa669f8
f0c1f271
14a2f0f3
6f24df9c
8699b6a0
aa30c306
3ef86710
ba9a6807
4b78d5fb
6d3496b5
f8418b04
9ec4bfc7
6e1451cc
b02fab18
e4124a98
ecd20af4
0b8dce4c
ffc79f68
09f2ca2b
3c342ff2
c04d2d12
af19cfee
cff3e122
7ffb90fc
bd0b7c3b
b5f1744e
474d97b8
374d7e6e
2b80037c
19a1593f
8d166fae
0e7089bb
70868a5b
6be0dfd7
b7e29cff
28980d8b
3f4e6502
b2ebb964
f8cb55ee
2d8abce0
95bf6d5e
d727a826
195097ef
d2943b36
5ed8da7d
cfe32380
0d78b0fb
6768ac3b
46581fd4
830f6907
34d5c438
6f63ff87
beddb33e
13527922
4844da69
ed9528d1
c6cb9841
a96acf59
3f940fd9
494d6e54
f2363770
b4b22d66
12256d55
a4b69aaf
189202cf
93d49453
70985b22
f530d579
efc9b6d7
6bdb92df
84bf5ddf
09e74625
54363b13
85109373
28fd0b46
a3e94996
1e087806
a1378c10
ff2eb8d0
b1062a65
5a8209df
db63aa99
7ae85160
96949ff7
122868eb
5f3d1f11
42132a9d
98fa7427
8f2a4091
2d82a928
a3ec1c2c
b754a59e
89b94759
d70fb926
3a497365
5ab159fa
e1ccf836
85adcd59
f47a5b7d
2a6b095f
baef8a0b
71b656f7
7bcaeafc
038f313e
d75e6a26
6f218bec
7ef58e9b
03369ba1
639e1fb7
84e91a49
ef26fc50
3c9bfda5
5252cad7
ecea4a2c
17d20992
c3521bc6
104a3b79
5d71912f
b24839ac
2405b7ff
7dbd957e
8e4e924a
957f5011
51755226
9d78061c
b7efb04d
9fbf4a91
6f697123
be081410
4588cc91
208b5de9
c61f18f9
84daa0b2
14a5e0a8
cea6b3f8
9b43fa25
c431118e
9cdbdfe9
91d0157b
64e60310
584de2d4
400b29aa
bbc29248
264523a1
da72d07f
6ebde5ce
7344c735
7bf42109
ceae5a12
c216d5bf
348897fe
1027d2de
7ab952ee
501297bc
c9d0b233
577e0915
6a116e69
b3aa0c46
1826cee8
4179a027
7b5c52a5
5f7b4cdd
0aa0359a
a6638896
76154ded
0d9fcc96
b9e1f2c1
28555ffe
9ce53d76
2536f570
416b2718
3a076a61
978dc4e7
a557c608
69a77c4b
f2871cb5
e755ba00
e26cf269
087efa9f
b14528a9
3bca9e85
5442a1b4
452ac417
d44e332f
00000021
00000002
0000002a
00000001
00000003
00000002
00000320
00000020
00000000
00000300
00000020
00000000
79d68775
280f65b0
6506ce63
c084f3b2
fe53d17e
7ae0a12e
f6d6b93a
1464e46d
0e80d492
c1782555
232fe1bf
ac3b33b0
499756ca
2581195c
155a6643
b3f5a491
db53a935
9e74fa1e
7c26da78
111214ec
98a7fccb
8da3c4e7
c2b6c5df
0517f6d3
87b11e0c
732ae21b
e4e71e91
5dc9bf9c
7f05ab7d
dc0a89b1
aacb9d4d
edaa7467
8b4fe943
6211d62a
4c7a3199
85539f6f
f1a4694d
5b8da456
ab0298c1
2f2b14fd
364c9669
f7077679
cbe9f002
1ef83fbd
2dc72432
f912c726
5266e10a
cca32580
b6a5e91d
afcbc5fd
dbe24307
15009ca6
9220b447
07c0b014
6878a5bc
b9c19d7d
ed215dc0
5d3c0776
d8737bd0
05f26043
a4b1e9fb
5bf95288
9f355a4f
99a8ba95
7feefdfc
b0c39ea0
a3c265ee
88402f60
ed5529ad
9453e3f7
59953a59
d98d7c69
bf861ebd
83c502da
eecee49c
5bfd90e3
7404662d
952e6644
114e1c73
15a29edd
c9924349
e6920e61
79845222
5c8c48fe
0dbedf8a
21fea685
83b51256
18c4f248
9e9a7684
520afdc7
9cbe4cc5
a3329b7b
4e5f7d85
695e6401
4e4fd335
db64c0c2
49761076
d9dccaf1
19ef80c8
133efc23
c8601c28
1eb2b503
ecace8bf
e8a50aba
13087b1b
50deb17f
43fef1d2
04c57cbf
4ae46c13
941bf657
cb60d1cd
2b089dc0
1867ecae
885b3701
a714c13f
c8af04f7
4cd1201c
5b7a7db0
67ea4ac9
c9f1b571
d7438e18
12eaa382
1ab6bce4
d3911480
70524f3e
a1c6d076
cd5f03f8
0b53e0db
42dbf243
4a4f4439
53cc45f7
258e3a3b
9b7b25f6
56d35efb
ae20a864
cf37c4d0
26a4f22f
42fddf30
66994d49
744b9bd7
147d9644
8ca8afb2
bf68177d
a036075d
79db65ac
31da63f5
dcdf41f1
5dac94f7
8db11798
f9588c2a
0d1215a7
955b5ee9
486f52a7
4da83b12
2b2e0cf0
e8a9f704
ca444c4f
98b492da
0decf15f
72bfc45c
255abaf5
1fc3f3ec
9d2111e3
a43e8b46
a671c823
33e9b1cd
7bfd69e3
64beea44
c5948d24
df824ccb
e50151a1
e87c0fd2
dded253d
94aaa59b
79eb97f2
46a5cc10
f3e00bbf
4d32f84e
75da2a47
3262350c
0a99b113
246ba379
26ff3860
c30ea337
7ee09d59
670cae30
acbad6e9
bde17e15
e4189085
2de5385f
7ece6ef5
bae21841
14271b54
30fd43c6
7d77b07a
acd5002c
64f7aa67
03793af4
9fbd3a98
3409f7f6
00000022
00000002
0000002a
00000001
00000004
00000002
00000320
00000020
00000000
00000300
00000020
00000000
a08ee287
410a251b
c5b16a49
eeb39e9b
86dbe6b2
fd011e1b
c69ae3ba
0767c4f7
4916df96
8f0c9e09
bcd9b3f7
33182510
25155a8c
295e831f
548755ec
db55ce59
4a10a912
ff0dffa3
362b453c
20686393
73a81b9e
dcd8b577
18145d03
354f794a
dad912d7
c5b99c75
27528468
7367d7dc
2808745b
8537aa1b
46bce273
e4f4d19c
767fedd6
49380466
a7d7dd5f
9d6e0c9d
4b73dd02
ace68266
2dc71578
dcf407fc
1948002d
8efb6e6c
cbf82a2b
6804040f
560a9a5e
969adb58
6faa378c
af6a473b
cc27c5a3
566a5712
951136cf
ae4c8d8d
3a690679
f04f3368
afa984ab
03f2e756
0d4f4f8a
cf031db9
ec6db8f9
b3340c84
ce5cccae
b05179c2
56e23b85
59752f47
7e0e164a
1006d8ed
04f15409
aa59c7d1
42b37103
fcdd654b
4791178f
e029dfa2
cfd6c93f
62cc0604
30a68ba0
6a62baed
f68f56d2
51936d1f
b252c0a9
0d658c38
da4e1218
70831a2b
470f4346
956a10c7
cd3e821a
356145b0
9749ac04
29c6fa9b
3c99d6c0
b03339c1
987703c1
316e9750
856225f3
57f7b1e2
7ad96ff9
dcf97542
16c8a1be
f01d2899
e004d979
1c8cc03b
3b864f8f
393a69a3
3453a0e9
f353a932
d89915a5
93e16b6b
5275fdfc
1de9958f
2ad72dfd
2f0220ba
b3cd0ee1
6b1285b2
2377fe0e
2c17a621
ad6fb6a1
febdbf51
1a4c99be
78bcf69c
e6e5491e
7fc5e617
432670e3
6128612a
f6a23a25
3c198679
2ebe5ea7
a943e2df
6b21d0d0
76f5af4f
2a59e994
d91e4e5c
3a578942
c91f8aea
b1d3bfc1
f74cc1f7
25d39a98
ddaa19aa
714864d5
1d2e8cda
2d2987f3
ca81faee
7da52866
adc92c4f
1c2570ce
8b1fb49c
796106c2
aba808f2
540e23be
5aec076d
5835eb3d
7e718734
741abc9d
4c89fe32
d2c56bed
9a0477e3
548b20ca
1e766a0c
1544d1c6
059c7f0c
9d919bca
9724c7e4
fc1d3e8f
457cac33
de985db3
ccfe8866
9374c54b
20d7086a
c94ef701
d0e1a0a3
ad50a59d
21e39c65
8ceae4d5
17bc900a
234936c1
3136c830
f4213770
0394dbd4
ecfcf451
f2ca16bc
ca1a80fa
42dbf701
625ca4c2
caeeccea
39077651
6f97f666
612e8aab
8deb162d
61568d2b
73d5d76c
85477f8f
a0cd1f66
e2d0c766
f4d85bd4
b3c8b1ad
e1fc3d7e
9e161c48
619c9c36
8c35cce3
c60f15b5
4507ce70
e0bd9b8c
00000023
00000002
0000002a
00000001
00000005
00000002
00000320
00000020
00000000
00000300
00000020
00000000
c2050c15
a2470356
7b294c15
fd5e3366
a85bdad4
55198228
9707b912
5a3504b3
1d968d9b
efafe429
cacc4e5d
786b0625
412fb9d1
02e8e583
45707f7c
898070d9
e5a3b89a
c3f93d3c
b1a416a6
7c89a5cd
8ba493f1
14675d0c
a92b6c1d
ed298e18
2ebc9cb7
4411c756
96a34c22
383d8474
1e0aa89b
d96e1110
693de44b
e66e582c
2103961c
a1f38541
602d8bc4
c5f2f255
5c394929
32a21d46
82731ec3
e2298b96
3d794c71
7d353d48
977b44af
edaff89e
d0c676a8
a530e5ef
80944bc8
0826a1a0
fec965bd
a555dd4b
43887ccd
e34979d3
3eeb855e
8ab37b55
ac04a71d
17395d82
8000e18c
0304224c
04527deb
26d42067
6f7258f0
8bc775d6
d4299723
5c1115c4
566d4899
b30eb453
876dae19
69686201
3580df2d
48c80c89
2824990f
09f72201
ec785004
82cd44b3
83ab699b
c4152576
83b89a1c
b09db8df
006a1044
bfbf1149
1abdf5e2
851dc0a8
b1a6372f
e1568b0b
275c2836
01a9adeb
41b08366
5e3bc4c8
966f6fd9
0d8801a2
78947bef
004a41de
74cc7526
d5ff8f27
70bd18ca
9dcd72d3
e51ea2f1
80164fb7
390f4ae2
c0eed377
ecc731b3
7fc48e44
919ba0ab
9355f798
351061ea
80c25c32
c6db1862
3cb93110
6519d91f
3a7f7061
04adf15e
30b78f9f
deab4ab0
7cd33c5b
6de5b73e
22695191
78590733
461b0b23
dcf5f7c8
d57415a3
4d83e6a5
88256b30
7602ad66
2ea6abff
e2bfa2d5
1ff860f0
e226182f
1f64d0fc
c84d7a96
2cf02d7e
e8a35483
ccc82f51
7531a52d
3c4b8032
438d2184
77484cea
41f57469
42403329
805c9b10
267630df
a58547db
6ba6577f
4cd3a4c0
f8dbc16d
093e1941
c901386c
b954614e
282ce858
5ad1da75
98af00f3
a54c714b
de2d6c2b
dff9dfc2
a246cc13
5adfbced
6c418b48
4955fd2a
142a4153
1dcf9f42
e017ea31
c3accf14
1772e7a0
2ee2b66d
0ecd251a
08fa5d6b
306b9f08
49ac45a6
8094e1ea
f515a557
39291d8a
f286a0b3
8b45f7f5
1bf0402d
13a6dbb8
25e4a937
4ca92fd1
e4bb1e25
57f03ec8
d0cd5617
21139f94
d7d60bc1
41eacb0f
9624449a
5f054dba
0b4a8069
5d194d03
ea3bbfbf
a598bac6
663862fd
00678456
232a0c64
4899e97c
26556ff3
feabe86e
93456300
7fd88cea
75286117
76d9713a
c50d70e0
59a1a2b9
00000024
00000002
0000002a
00000001
00000006
00000002
00000320
00000020
00000000
00000300
00000020
00000000
b4dd11df
6dc23fb6
8d8f8bba
079646be
46cf5bd4
18a7372f
3c46a83e
ff0c3275
9ffa2787
fe7ba1e9
6362981e
4a8d4570
2b0b2492
cc92f995
c1c66193
9a0705d0
b9709be4
f3a16ee1
62edd5bf
81a20dfc
25281c30
1e589ee0
bced3b32
44cb745c
5d1add0d
e864d556
aca50dfb
51c8ce82
7bee9e7b
65f24136
ec909acf
23f2b360
37f9420c
d12f4374
cfce4a6e
1dee2e72
27dd4f99
7aaf1742
4f5a8cee
ab586ba8
d3f3402b
aa0495d4
b1266d09
11151431
4443813a
9515964f
2579e504
73f6bc37
80941eae
c40af31e
a0c00d91
53b918f5
2943dd3f
62bfe396
12c6dd71
3637259f
e443c2fd
dae0336d
ce046d1c
1eceff22
d9493317
0832c8c1
a9350923
a4a9acd7
d6e880cc
52060890
9ef6e7cd
3d1cfdff
c472a444
6338c745
eebf07ca
01dab0d3
3bc1b5a5
82f1f68c
c2e77f05
a501af56
a64527da
27732a65
245a2ded
dcb9ab36
671db82d
5a968881
2948b996
ee5a57bd
86a20901
d4914250
afe202c7
43dcd33c
9864e7fd
80080e7b
dd6f7deb
2e67ebd4
0b78a963
2598c05d
4bc1c5f2
e9703bc6
a9e9d25d
afcac57e
8fc8e4cd
3abfe220
d21fbf0c
405c1d02
74513f2c
30a19e22
b747cb45
38b15aa4
935ed829
4de41811
933358cb
bc6525fe
60ad1b6e
8302014a
6fd59bd4
ad93bf4f
34651329
e04ed6b7
b822ffa5
1aa2258b
7c013e6b
c47dc7d9
91e49c7e
4483bbfc
ec286677
53c062fa
b59c69c3
3ab488f7
55f363fa
96fe3748
616f983d
3fc1d517
ceafd838
bd5e75cf
e174a510
72b0b54e
0282e95b
aeb360fe
3cebecaa
0c6021eb
d85ad64d
89bf5610
cc708057
d8c34e42
e05cbe1e
a9b94952
5b2df4a1
f563ff38
e43a684c
10246b8e
e239d07d
f250d9c4
ec004104
113214aa
986a9e88
62aae85d
1cd9a21f
a0225493
307883e4
14403192
af269c87
68e7138c
e9beefd8
c7425e76
301d284d
8f0213d3
91c0109a
42ac0623
dbbcee39
352ce297
76a789c9
61a8c333
0dfbaa84
e9ad6aa1
d58d5171
1f923e00
abb87a5a
d512d2c3
e3b791ae
b15f6886
72dca1da
03010d87
efb54db8
1a781ee7
b055be29
c797ae4c
529b04d9
8bc31ec8
81cc9b93
9458cc93
de8e1284
a37bc1c1
9ed7acad
14a90937
e74379a4
b00081e3
e25aa52b
38b0bb8e
015fc194
92ca45a0
62675731
cdc45a79
00000025
00000002
0000002a
00000001
00000007
00000002
00000320
00000020
00000000
00000300
00000020
00000000
b74f6019
a4169e8c
c8593aa7
cbc2d7a8
831d7b62
524ef2c0
3344fdf0
00394d05
3c06481f
ce3c9e0a
5fa9c131
15c33b4a
948d53ec
34445ad2
51579d24
1d662e41
2fd782ef
bf140b98
f7d3506e
8d61aa41
78f9db31
a0665a48
f2181a27
0651ff35
adaee461
1a882323
5d03749e
dbd8d019
2c87e575
9943af90
196aa88d
2ee3a134
0b1aec84
efea8fc0
799da211
f7ada591
b0c6459f
6efe772a
a782da77
ab525b0b
ca89df87
6dcf7beb
e08f1a66
4e1e5f0a
0cdaeb08
897c2eff
0af4274f
931c592c
84d3a940
9bf37fe2
10320393
b7840e25
1fde44f7
0eca62dd
d8112d39
ed182692
83c3ceed
1b22e911
bc2ca80e
b44d330d
677106d7
da5ef23a
386cabd6
0fd01a17
6a55aa16
d70f5c3e
12793893
378cc2ee
53210bc7
760e45b3
afb9cd7f
383bcfd8
8d8d6a06
66185f05
cc8370c3
35e20520
36a9aa75
309bc04a
eb4db8aa
497b6ab2
51bd35b3
5c390fa3
9b1d9e3e
8f64e62d
9433767c
bca5174b
2db3bc20
98cb385e
a6d90faf
eb4175a2
c3593852
27e2aa95
5586773c
9d77237f
40ab9954
e3de6a29
6b1e4961
c38f4172
82b34aba
61aa2d4f
7f7ce348
e7ca95aa
43b49b5f
4134b608
0aa61b41
dbc7736f
a1aa15a6
1032ea91
a9faffba
effd1d61
bdb5b7c3
a1c76124
23b4234b
988c9b57
09dcb9fe
fb0c7021
86046f37
4f0919eb
e4c1f2aa
f3b8f07f
1db3213f
b9dcf8d6
1ca8100d
fb114c13
68c31734
7c650fc9
683927d7
614374e4
ff083fa0
0c1fd475
2de02436
f6abf6c6
66e694b1
65cbb986
a8cb57fc
7a8418e8
ecd6960f
d2dfa6db
cc1369fe
6bbbe8d5
5cf8a036
3e882884
2fd73042
bd9cff60
38e76183
23a835ac
d6ead67e
b6b616a8
98535c94
eda93a15
66d3eff3
07fa9035
ec0e18fd
5ce3059d
94861246
e0cb360a
182935d0
ed750117
cd0819a9
bf6491e1
5d351501
f8105057
cf94edb4
803f2587
e809ad8f
abf52bcd
eacb26df
96b67aed
40c9f640
6fa9da65
a4d12f0c
61f2b345
63b527df
0e10d78e
6451f38d
a7d181d1
130d6ec5
320d5e38
f4096a66
c4873510
02f197f0
97996395
bd4c36fa
56368d50
9daaf5db
4bdd2b96
87ae0f30
b8a384e6
7eda5578
e1934307
9337be5f
06c22e45
5a3ecc11
5da96b83
9e428be7
9afd44e4
a6f13b83
c2d5242a
24370df7
8e0ea086
00000026
00000002
0000002a
00000001
00000008
00000002
00000320
00000020
00000000
00000300
00000020
00000000
0511953c
974e1cf4
a4d3ab55
50c49d05
22ec25eb
ad9c2bb6
631cb991
845ea20b
5e81bc89
c960dafc
91e44b61
1fa983e4
eb709967
36f239cd
ca272074
56de7250
ed8195a3
2e8544c4
fc88fe9a
57dcb6c6
8edccd5a
8012848f
55f31729
7f322e8a
491fab20
3f35861e
4e8ae28b
47756b13
bf5b5d70
457da0e3
e0cfc262
abf88760
c1b02037
de2544ef
945f449b
60b3745b
9d3fd32d
3dac9bdf
12d2778f
603631a3
91361309
06229e19
8423e2ad
0c4ca289
6be02d80
25ea3f1a
82f060a9
6ec8b7d9
cd99d0a4
38ca1bce
38dcc9e6
0fb62f33
23bd9530
1fe8a666
bbfbea83
a7dbb0b8
739a7813
723016ae
d23fa67f
f15e6d29
5828b1fd
839bc53e
60e91cf8
0b7900ab
cee2f122
37c5808f
4a2e5f1d
5c17a718
e203abdc
338c6187
5a24c4c5
6bb01a80
869ea88d
2b5b9248
d4f91950
d0dc166c
d768349e
0af97970
e58b1c2f
2c7a6c27
bb021f8f
368022b8
2e2b4414
0c698e9d
380ad5b5
77f85063
f94b51b3
3124fbc0
4b8f5a99
f944e510
7cc3345b
661d25bd
d1cae9b7
2a101021
b5e11a6d
a9cbd7cb
74e1ccfe
a38e2668
2143987c
3a681236
2d57eeaf
3a6711b1
a888251a
fdebe84e
8d0b98b5
7ea67fcf
66006b24
9c3e1978
528ddc37
aca8c34f
87b0080e
4038baa4
3c1c7368
f5e842ab
e7664d6e
65e40a84
6b25f4e2
56cf933d
a1544a25
8e638da6
3155bc18
c214b067
b1f8aecc
b6843e10
e120288c
d3fb1ad5
5ded564c
0de83c5a
0b80540a
5c71a812
75e36871
5bd3c261
2897a9cc
3fd2d34c
cd6607a6
f4b3ff00
c47826fe
0029afe2
249e2f2f
c0e266e0
3e5035e1
2560193c
e474db3d
da6f65d9
69966298
46e9a05f
d8db8c71
2cb2d8df
dd8712e8
396267e0
fae39095
c4c94db9
08b6e69b
c2eb1b42
d5446ac5
52e60de5
8b9442d9
8825c1c7
7262bf55
8d956557
1fd2b5b4
0fe363ba
6de6dd15
6c88723a
6b62b3a6
5b3e172f
73d400e1
b1e158e1
359c0807
0b14cd58
5083586c
5f2a5d53
80c49ecb
2f5bb3bf
04623893
7528d0c6
a0e414bb
e7d4ddb6
50d9a646
3c4978d9
85956a80
b12cfdac
e7229b53
379e3d36
76de50f7
f6af5b80
a10fe90a
d474af78
d6d8da83
cd56f7e7
228408ef
bd9f6d57
84cd90e2
72fffd27
67980d16
6dfe3017
218fd2fa
c3e25c3e
6d6717ce
a3633b3a
00000027
00000002
0000002a
00000001
00000009
00000002
00000320
00000020
00000000
00000300
00000020
00000000
4ae2b934
8f499c01
fcffe923
2472b850
0a96569f
457c541e
d537334b
0ee317a5
af6e39cc
aaaca630
4e7e4b25
60fbffbc
eb4d1e6d
638aa37e
64b3daf9
6fb53c60
2d2d9739
a1a986af
46a10aa5
b15f8dfe
33a6ab36
1296f354
b73ef838
51b4a3ba
7006a6c9
4a911017
b03fb70e
42db9df0
bb0e1036
2e539223
11692c38
cdcd5dcf
80e5d1a6
de0c8b81
801d1c50
d18f614d
4442ceec
7cfc6c73
2326594f
14933078
350a4f57
e05526a6
73e6b633
80a0002d
4a80f3aa
273e19c3
8f5d03b1
a190faab
a7647ebc
e0a7e537
74fff033
bec06326
c375e182
bb51d57d
1f4d0d6f
9bd78a3f
0bfc0be5
ba5d79df
5a8eadca
afd886d0
98e6cc83
c2c0c769
8e1510a4
b53c7ea0
63fe5908
958502c1
abe1aa6d
b3f6b204
beaeb356
3be69e63
bbcb35a2
4af5dc7d
679fe451
c364cbc0
640249f7
a364e529
4b2ebe84
196b1546
77b654e8
52ebedf6
53a9e2a7
bdc59543
8bde8fb1
fa641c5f
501e5f85
6a5aba31
920b99f5
2717e93e
3b6c5e46
4d71ef67
86f20ea0
f208c3f8
080e5a6a
86d543e7
44b1541b
05270048
dd30e096
84e2ed4f
41f2ca1c
66eb16f1
c568129a
af466c7d
06f86491
615315a8
0ed262e7
5f4efeeb
29864135
73dfd87f
6e5885af
2e97c334
fd2b1f74
b3d795c9
3c9cd623
c9f190d9
687d2768
f3536507
cd4b3624
5732eda9
d88200a6
6c8f85e1
c34da5a8
8c8d96a0
d6af9734
3ff802bf
a6fd87fa
e8229040
280aae1e
38073fa9
d3604d85
050bd7af
4972e039
f9e2115c
38bdb421
27f74e72
80bd1596
95abe4c2
7783fa20
a11ee39e
21fa14f4
7d8bcebb
274ca717
20c3d6b2
7ea1487d
fb78e51c
37962831
6da02f43
005936ed
519ef8da
b08baf0f
3ea24988
7abd8a78
09d15e24
94253344
fc7c2fe8
73bffb9a
227c031e
42cde342
08b1b998
8ffbb5b0
8767421a
d96cc060
babc5cbe
59b5ee81
46c84f05
dac13d80
70ce66f4
9d8f75a4
fb93b586
da64b46b
6bfab4cf
2d294469
a5f0069d
f9b6a6ec
8e28c148
c0768f83
c9a9d806
f85f83de
5ce66abb
c9591e2a
985a8e22
c587b563
a1a94964
f13f9c7c
1760b5b8
a657ae76
36d1a475
1d570b56
e3fa3428
f93e7ed6
4abeac6a
326c0242
b1239f10
77c39188
c6994a66
a83d30ee
9a6d7842
be40b6d5
b55b47ed
8e417ddc
4c4e9ac6
00000028
00000002
0000002a
00000001
0000000a
00000002
00000320
00000020
00000000
00000300
00000020
00000000
343987e2
1b3b23f7
c133fe05
043478e7
bce78671
11b4751b
122bea9a
f9f09cf4
3e8c4559
754c3fc9
646fbb2b
48995aff
0d0f8ee6
274fc60e
0984babe
8419a0a5
c3891591
04e89bf5
fc6ba27e
5375afd6
d9668b54
bfd9c481
5de1db9a
1c48aa72
3008ae2e
5aafda42
6b2c1eca
8ffe41d4
128730e2
ca670b87
5db17a98
5e6c1ae0
d5ab00b7
48262331
ef7bc9f9
f0129bc8
16dfecdf
e8a307a6
22fae5c1
ed98eecb
d6a75c00
ca53ac43
c97d2cb9
0da2c308
d8169a64
b67e84e5
f925d2db
5890933d
13ed6ac1
cea923e8
d4549b4d
2916809e
a27fdd94
ccb89ac9
2353a05e
de8fab97
4af14c48
86685066
41fba3d2
609638da
136f7557
44b8ed1f
98a91291
dddfa394
6070924f
42196bfd
8ffe2346
dfe27336
7209ef1d
446a3ee4
b2fedf3a
39210112
f0a8df60
7728fea8
fb25d2d6
2f51a5cb
d657332e
0cc8465e
f8e89e54
4f7faeb5
f903e394
1abf364f
14a6c47c
91a66fef
cc8f0f3c
68b2c01a
7644d897
bf9e3bfd
d287000c
798050e7
b7d5b293
5ae3600c
8c8e4bae
5ec56876
bb642c22
649af243
872036b6
78b08ceb
b713cc4b
ac2a42fd
40e31726
677d5f3c
28ad9589
424d5d45
7169ca1a
d22a71c4
0d9b9c0b
d35404a3
f6e5b326
bb592555
695a7d4b
8e7a6d2c
598f6d19
edf8e4bb
22567520
584ffcf4
c0dbfe07
a7e8d22a
d5f5a96c
82919ab5
1e474b19
680aa39a
0086d664
81be96d6
2584d720
c15b38f1
38af4e00
989eb620
d4df09bd
c78cd87a
027c5f3f
b7c21a9c
e769e801
0416f1ec
71a26e3a
efb07bf5
88cc9a6d
e7454573
1c56b276
55c52a53
ccae3c46
6b83c8c5
5d5a4381
bcb69a46
01957529
4bbbdadc
742ec010
5be975e4
3bb65525
7e984610
d3ea080a
b19c33ed
b06a5cfb
30a18a9b
3c60e1e3
6b8b7167
ca3dbfbb
305a17c3
c9b5df40
93aea8b1
cc9bef9a
9b4826c1
03272156
50fdc325
08fa751e
cc9f6fb7
348c7275
0dbc6332
c24b6299
f828931c
b8c36526
7ddf45cf
f528fc04
85a1561e
5442bd1a
4521b7d2
5963ba83
171eaf79
f35fa99f
6a449b7d
a1d903b3
5dedd746
232d6a06
e07c81e8
d363e9a0
84ae7c21
4f74726c
c5a37d3a
d5e6237e
2ae9a023
d5ad293f
31880ef9
720fcbd3
76895c70
c2d568e8
09bac0a1
903c0cfd
d2daaea0
945a5994
e53455b6
00000029
00000002
0000002a
00000001
0000000b
00000002
00000320
00000020
00000000
00000300
00000020
00000000
af7534e5
b546d7f9
1507651f
0aedd837
cf78a536
b7cae9cb
625802f8
c1264346
1e9125ee
d5e4ba57
0a2df6d7
124e5e01
9b36048f
82700779
63fe35a4
b7176d6d
63e737f1
e47fa086
8d1694fb
792a5b2e
a51e24b3
14873c32
c286a0b0
99019aae
f6e6a96d
5681561e
6cacf3f7
bb359063
b5c3bcb9
c011da20
5d49d578
478f87be
a1c34971
9d35dd89
241b38a1
f1ef787c
3b016192
0d6be53d
e297ac78
f80941c1
43900f23
17e8b13a
29112815
2dd6887c
2ef688cb
c2a60785
16b5ba23
552bcbfb
2e43e4f1
49a082fc
bcc2211f
0d859f20
052882b2
ff284ac9
8dbff4d0
0b5b0a3a
70ac7bf4
a131dd54
dee7a9a0
6771f33e
c4596342
f133cbaf
673fa4d5
984ca08c
5d3b8a9b
dc482cb5
bc1e4fd5
d210289d
d2106f79
c5e54d52
7c8728aa
02e6c88b
5f4d8a16
5bfa25c6
053aca1b
5a66a503
7b7c2ef0
a74548a8
6fe8c6ea
0996d09a
eb09987b
3b3dbdc5
079ee61a
f7393a1d
0b634f99
2c0bbf2b
859423c5
3ff928b0
eb025fde
1b301c5a
2f449e8c
a82e91fc
5615636f
64d7b30a
10186f76
8f9fc648
5e5712ca
ec6730be
a8dc160a
8d7696d7
0fd73ce3
9f4a2c4a
cb96e4ab
216a33f6
6c30ba93
2ae2dca4
ce4fde8e
761f8e4c
4a684c80
2b2b07ff
c9a33fb4
d6fbd27c
f5e4f174
411c9e35
4e622a33
387eba20
45a86861
06e30d35
524b9552
3857901f
024e52b9
c3b9801c
d21b0d27
66bc948f
f0dcce84
a587b074
bf8e9242
cfe3d7f4
c695c066
b6159bf9
c2692569
b924f2f5
d631aad7
3dbd08a7
06ead5fd
358b87e0
c1594699
81a6e4a2
8e1ed56f
1180c2cb
01917473
3edae2dd
83d2d632
4ee4cbde
bbfb652b
df8a31a7
177f6a43
89b873ce
40bca774
98c3936f
f700b878
374dfcc8
7b3f465d
ff8fa809
dace87b5
0ecbc3bc
ac98952f
d1cca8ff
02b60d1b
5b91d4e4
6d24013d
44ad3076
cc01e180
f75e33dc
48201075
0d6d1788
40b537bf
9b9cc046
70fe3305
586f254f
54df106a
f5ec5cb8
1d79d2b3
6e10783a
f5b29a8f
e9991e8e
b92fc02b
d1a6b719
85d9bb80
cd45d289
beb72667
3e2f96f7
8fcb9ac5
7d1bc7ef
eb561b4f
2d6be66d
baf71f19
139420f2
b21a0371
78b10cb8
edfa1fed
6a4fa8c5
c83c3d4d
0d027c87
e38de50c
4edeadce
d47de009
a9b0aa96
689d3874
ae707de7
0000002a
00000002
0000002a
00000001
0000000c
00000002
00000320
00000020
00000000
00000300
00000020
00000000
a4fc8ee3
573c1189
245dd753
20a51904
0d875002
363503df
e95c17ec
f6f322e5
0caafb6e
d4005beb
e518c062
856bcaf8
12277e6a
8fd5d9d6
ca529b56
a4cff15c
d0a241f3
ee75e2f4
514a2c74
d7d4e363
8baa4353
65a76f64
a3c4899b
3535ce71
633465d9
27f139c6
882c82ce
d82cafba
641be0b8
d6e1cb55
a5483a46
69175333
5e615e33
546d8172
555f3c8a
6ec535f0
770c2ad1
43fb06e5
74368c7d
d8ab449e
8365777d
01f115c1
e194224a
142611a9
0e518ad7
586bcce3
fadbd18d
448d2d20
ca2d1819
748f57c0
f19f5d63
1c265b61
7cbc07af
4fd41d49
2c253233
243356c4
c6bd8760
8caa0fb0
566767a9
ee7307a1
2ae7bc2c
4a62d034
87dd5165
56b922e0
83f8f096
c18cd685
6a073a59
3d776219
9c692130
c837f18d
885161d8
0d47a39d
bbd37d40
ed38034b
1d6b4365
b2db0640
a3fd635c
279be01c
06932c75
88bcbad0
a5a174ff
903ef3b0
2fd7a6c9
05b0248c
5ccb5a3a
cb2970c7
854784dd
43bcade6
0d845e3c
9575bd3e
27c8ae1d
1bf5acaf
0fe925c3
651e794c
d3e3a7e9
6504735a
feb94150
1180dd33
dd93a134
41ef4de2
546ea570
9dad16a4
7785c9e2
3394c572
90fc43d1
e8acb8c9
588ed2c9
f28b9d14
4695c124
9f42478b
6a7211bb
51700a9e
c7374116
7e89db5b
07ee0d84
bdc57cdd
e1029b7a
2086b2ca
35b519ea
d6bcb9b9
f6e1d61c
3b8a4e62
c8253c68
3d7d55a8
a9f8683b
2a218276
37a7a413
35b05694
63f1ab5b
dca09860
e20c4482
aec40914
439aa3d2
ffcab7b4
f7a837bb
988a22d3
e1da301b
5fe7642b
a087caa0
20f8fe36
a71b75d1
3a6e6af3
881fe85f
570672b1
9abc4113
5ce8a3b5
eef78929
03b96478
957935a1
828818f7
0f1ca945
7e96d2fb
59b93895
ee2a274c
6ba1ace3
d2680b37
28e049a1
3f668b86
b416be18
ebc26cd3
ee0fc79d
f6527832
b1ae8953
6eb3c85d
f53f9944
3974fa5e
b9f0a588
417cea79
c06d9734
449c9859
e53deb5e
061947f9
41d5492f
71d7a9c6
34652487
d47b8d8f
54375404
930d03ba
d60523ad
7272c209
432625dd
37222b2f
a77eadf7
2caa6307
34781eb3
5de7d95c
d76b0554
53b58d4e
5ac5a489
6a33e404
41d6f052
9985aeae
cc5c38d5
bdf603f0
456a5660
53945a75
5b577baf
8567eaaf
e442185f
8a404dd6
0000002b
00000002
0000002a
00000001
0000000d
00000002
00000320
00000020
00000000
00000300
00000020
00000000
87010169
87f79ac5
b90fa719
21d9c288
62c271f2
cae17133
c7c3e4b3
d9b8a097
682de1cd
425eb3c3
3e43873e
de8532bf
1c2a84dd
c4b22eb2
9759f1a0
00f591f0
79dd60dc
a85e95be
1fa40f9a
ab9c414f
142c4e6f
46ec10db
dc9e7640
fe34cb2a
ff8257a7
ed41e577
d75f52a9
03d39c2d
5dd38696
bc172d49
5142c6b3
58588236
dced9ec9
2d52431f
0371c2bf
20ef8d64
00edce1b
10a08309
7a35a4c9
5834ccf6
b263facc
b1ee6270
2ef88f07
1c546d41
a3fb087d
b1ecba7f
2493ea44
347032a7
a8c3eeec
8d1af1e3
b3bfab29
507f6a3f
9f631f39
587a88ba
8269508d
e898d334
21e2d4fa
3fe62709
df3d4c92
faa10686
1d16c2f8
ae6ee7ca
58f8452a
4da3339d
c2551053
e4e10f2a
9a43376e
3176502a
e9c39e59
b94ac5c4
4469ad44
65f7ed3d
42e190ae
310f4221
3a104821
971b10a2
b252ce64
f04e1b28
bc1e8d6d
97fa16a9
b42d0635
84c4128b
c44526a3
881987eb
640f7924
731fbbee
54849c52
67e72c56
764ed8bb
53a7fb62
31a8524c
12c7b25c
57c114a4
8f58fe5b
325a2ec1
3ddaf6bb
f2317689
bc7f7b2c
6e3c29f1
33dcc3dd
ed63bbb8
765f81fa
851f620d
e3964095
168c643a
00b4881e
dbb38416
029e3c99
e453ddba
ac54e2b5
967352c5
f6e63cd4
25f67cfc
37eca9f6
60661df6
fa41ba6b
51f63433
23adbcef
a8870ce3
902b808f
fdaafc2e
cae355b4
c64278d3
aa7e1f79
3afce402
a7d35ac1
0ffe9d06
a641fc74
d34aaa8c
8cc8e749
0f368db6
3cd7718f
de204b25
e473abf3
50aef6f1
fce4dbdc
d33be7cc
bd3115b1
50e3c539
98167bf1
d887d1cf
d9e37dba
f0a0616a
7dbb5b07
8f917c49
63700b85
82215fd3
13b5f9f7
c5b159e8
c8aeb8e7
ffc77d97
b904e86c
195d5fed
af63c2b9
24b17367
69b610e1
6c29783e
545ed4f1
a22341a2
03e0b19b
9def8440
30b1ba9f
faec8833
62da7608
d0f31d72
56800c82
a51a6f65
8e28f815
272eb810
84428c66
9fb935aa
b43069e1
16e946a7
93ff35e3
7e0a28a7
a7f05399
ed067d7b
20515131
15297438
5fbdf714
3b490df6
d5df7216
3a9c05ec
6533043b
553a0f88
6b292875
a2359ee8
54044bf5
3341e82b
5750c924
44887881
aa325dac
7f3f74f4
762bda28
87d0f7d0
3c401b75
13718670
faa9fe5a
fa16e04f
f6e08618
0000002c
00000002
0000002a
00000001
0000000e
00000002
00000320
00000020
00000000
00000300
00000020
00000000
f17793f9
91173127
f66b3d23
45658905
794a6588
20d0c911
03b726ff
3bed178c
87328181
08a8e3b1
0e1be899
2f89ac6a
80859ae0
232c3328
e09c38b5
3df7af09
24fbb974
beef761a
7e288942
3ebda8b2
f0c808e3
9109dc7a
5df3b24d
f3b5f243
72562bfb
560363bb
4e035853
8105f36c
603b20be
04dddb56
b80ed388
2512cc45
cb744401
42b4ee39
d3a38b21
95d18503
ed1c1921
3aa793e6
2fc66968
ee82d1f8
f915665b
0fec034a
9da8ca34
447b1cb3
0541d616
0295399f
22a4100c
c78d683b
8f21caf3
e6c18f33
b5bffc74
9bf3dd04
f8dda7c0
794a2792
b49b4b0e
92770820
2bba5941
93b7964b
22c6e675
7b65b272
f9003eea
5363ad0e
15097cfd
6beabb85
0371989b
c83836da
b6e5beb6
eda00a07
661b9b47
69cc8c63
c57f7d0b
84d03b7d
222ae9dd
d4c59eb7
d3592165
77191157
fb49daec
d195617c
ddc7ef64
c3d0c497
f9a5e610
1b9be874
8191670e
fd377d5f
642967c1
e950da5b
2199b021
ff1bc729
99fa67d2
96fd45a5
6c8ea9d2
1e44b3a6
5e9fc8c8
8f15c628
63a7dc63
55aa5f33
0a94ad9b
89afe775
84871fa0
0cd34b2d
7912800a
2d3d3655
f04442cb
1280afaf
af29c84c
fdf0c5d0
f5969579
ee26fd53
cb508585
21b58685
7f000274
3ae03447
04e40139
7932519c
d8c432b9
a06e89e5
b5240cd2
5622841a
b313f802
6c07bec4
1bca28d1
8adc936e
be463d9b
2af24276
c4f744fd
d5001148
f23d5ad5
29d840b0
5f8902ed
9f393fff
5609136d
89ed65b4
3bda7987
78fd8243
3c1d445a
3f9f6d19
1287c52a
afd7cd35
770fd24d
b6673390
48ca7e62
9024fe39
a618c915
73a178dc
1e26e25e
62c868ba
e06bca9d
11dd1ce5
df432854
7f84bf81
095f4ffc
3030a194
c434fd9c
91f7034b
394c436c
2c106ba9
afeecf0a
c47a531b
5ef2bb83
1728d2ec
76ac8d49
1be0fac8
ae1dbb78
98c756c7
3f4a5152
04061fc1
509f7e4e
4699f840
24a048ef
21bd169d
8042190e
8584fbae
e789067e
a9573262
24797f25
20f32496
a833273a
366a1bb1
deea2893
f7c19d05
760ec777
9e89edd3
594ce834
d03593a9
9020829c
318c0137
abdd8c0d
47303dfd
d4564b67
2051aa21
0a93ab65
292137f2
eb13095c
2a80d8ec
8d4ebf8d
182e8f41
abb87615
a7d87c24
44df7b9e
38566935
0000002d
00000002
0000002a
00000001
0000000f
00000002
00000320
00000020
00000000
00000300
00000020
00000000
8c7b6ca1
ae398486
7be6c2bc
ba14c603
9edccf94
0bc7800d
0177adc1
1e9db874
c2b51717
57da80f7
097aee03
5c70dafe
90c18471
982f4e14
e4bb0082
1c201fc5
ead34c5e
88120ca8
bc455a93
5291db74
a832a54b
653e80c1
e3bef694
cdd77e14
b8fc6ce8
9b9c9eee
f038fbf9
e91db7f5
51944c2e
bf286049
30ed288b
87390c3c
cf6312c6
c4251370
bc3d8c54
1031bac7
698b5887
5d69dc0a
4d25d3e7
8191b5f9
a0427845
3c1de826
427f074f
78601256
42901161
2836c34f
2621de1b
c3f4d97c
f5f40be2
ca2baab1
44cddb1a
d66a3dc2
b74b739f
ace69d09
e3cae972
44d52a70
a099c851
8fb77139
0bea8c4c
37e021d7
33f42495
168232ff
6de2b55a
fb78b6bb
4900eb40
f349d768
ba34f6e0
a1477f8f
78dae4ca
3dfe6c0d
f701ab25
267349e2
a7a60188
0acd2064
bcb838ee
a54b697f
1791b1cc
24150d2c
b74e343f
64823c04
410faff4
1792e07b
1afe4887
c470e0ed
d2cd14f5
ef998143
ebe316eb
af517b94
3b9e9ba6
1b2468b1
98238c75
119044ef
836fa3a1
5fa6ebf9
4014bfba
17e5e12c
14764af1
e93d714f
4791ff27
3c82e81f
78288d9c
0d73416d
56b923d9
5db54368
a51a4682
10482b96
cafab0a2
3ac35d23
927514ea
caf0a2df
f6aa32aa
2e37b084
0cc1da36
5878e152
3c5787ce
c66daaf7
8069fba2
eab9ffa8
7ec4f300
a8eb7aac
70dc2987
35f6a0a6
8836b269
803865e8
6573b60d
9b94dcbd
b37b3e0f
e10579bd
7d6ba3d6
d6c1d19a
ec18ba09
839c69df
96b32318
9822c982
a0c6ec00
90a1edb6
b8fa0007
5378c9ef
da75134d
90eced99
d60e5420
95e5f553
a66e8a5a
48c16c3c
b246c831
f5d593ec
03b7e82c
983f48ef
34ce57f5
803127d9
1c16f9a2
0e30c243
bc89d863
980582f4
9f113d81
0d178f54
037abe53
e2ada7e0
527c41ab
c158c1c2
647af189
f4f1ec55
ad2f2679
8efd1b08
7bf3ad17
ee340668
3a8f4f5c
22d49ce8
45659046
515658b8
f8ef2533
d068bbb1
5068f347
703f3f3e
becc86a1
38d56441
4240cd6e
c0a238ea
b4066633
8b9bb1b3
66f5ae83
1cf5cfac
5fc90897
7e3a93e0
cba93102
d58fb8d4
aba9215f
31a6ac7d
72848566
68a7fd47
5bb539c6
62df4e70
10aad88e
5835d1c5
8a8351e4
0381552f
d43c4e27
4182d4e8
cfa4678e
95e063c4
0000002e
00000002
0000002a
00000001
00000010
00000002
00000320
00000020
00000000
00000300
00000020
00000000
8e69ce20
ee80f9b5
a683b187
854d3e02
52c72e78
3185d92a
d7dfbcc4
13003ed5
d147e981
57daef59
9625c911
d4357b17
f655a950
eff88997
796233a4
22f778e3
bd7bb1de
c2910a5b
8e6944e8
35150653
790d0344
a5edd730
d081ccf9
094d3494
2b1deebb
381babcc
0a3e9e9b
ef6b70a4
52bbf01d
1593c6b2
f4628b8a
047b03da
28e30a29
43bf36ad
d154756d
90960e8d
8266efc7
7e60701c
b81f7b48
c32a2692
b78f0600
eccce615
6cd5063e
2f657f3c
742ad474
9b0e9928
ce032dbb
279f4442
864d5ac9
049f4ba7
69683d01
c9ea810c
a3d02fa8
3a745b1f
f384387d
49c92f56
09462d2b
a8020b0a
3f48bd74
9d24b90d
4b12d34f
5806a47f
7fcc355e
74464206
103f1923
5762e115
5513fbe6
ed7d21f0
780a94a9
2544fc5e
7d10d41e
6c5a6467
8622c9ea
50209d4b
8c5fe4bb
4baaa922
6167bd3a
5f7ca702
5138792a
b1aa0d1e
73b435f4
f6101c7d
8096a66a
72167e81
ed58183b
fb98b901
99c4bf3a
0e842ada
39a4c168
d114db8a
d3c0c1d2
434e8f04
9561fb97
3d8a2621
d0d81049
82244a16
b2ac2eea
0eef5312
37928a74
42ec1f70
6729cae3
e99df209
a09d7e6a
baf40009
9470bdee
c758edc0
2ddb79b3
67b7f4b1
20ce5013
bdfcef5f
20c5d763
2279decf
36742215
e0d458a9
84737179
a7e24a59
440c0329
b45692f4
646435e0
2b3c7130
8ecb3bde
8b148ce6
186181dc
20ad608b
8ad2fb14
705b0576
87f2e105
f3d85bc3
aa0baf3a
0c92119f
f6000eb8
5c1e9c4e
303cd63b
571349b4
2ed3ffe6
c43110ad
3cb48465
0b754917
47781d1e
6045a4a8
b3529976
66583ef2
922564f2
71ca061d
b050872f
df66c611
241cf35d
506a85f0
3a13e896
0d82e55c
543ba903
23064c7b
23230ba9
166f0cac
2f598d3b
06cf08ae
b2668d92
f71e10a2
cbaed7d9
07ef0b59
60f5dd52
a78bf0d7
a3b31262
4a4c5400
5486e2c0
21e26640
5dec31e1
a65d1824
436d5183
5ca9771c
abc352ac
a1883726
971ae4cb
b5ff3e76
7a0a0477
7b881f5d
85ab3e57
b7b4e75b
37d39681
b02c41f3
d83fa46a
177cd2b7
f6690c15
63636e26
d4c5b13c
c639faa5
d1f0fc28
64190402
ef92f85b
e6fb1e27
573d34be
d76d0f64
c5d360b1
02f165bf
b8a7a2f8
53022b9e
096ef2a6
ade6069d
d23a136f
51122d52
0000002f
00000002
0000002a
00000001
00000011
00000002
00000320
00000020
00000000
00000300
00000020
00000000
5fa7e608
e0605447
3fce9328
07c5f367
abf833e8
9a59124c
4e696ee3
6df5bbfe
bd4e420f
40c02aff
11314b94
e95cdba2
f86e9e21
a7c616d4
83ddef45
f68fef15
73ad7db2
ae3ca02f
8ce48a60
ebaa2e5e
807013d2
43cf5937
362db2df
952a1a60
60bfcfac
2ff0b2ea
1547aa97
711a05b3
bf26ac59
60bdf13b
05ad8d18
58846741
b6fa06c8
6bbe705b
148ed8bf
66e3274e
a02e3072
c97db8b6
b9b3c556
8cd0a2f1
d327c7fc
1c49c414
cbe1a516
bf5311b2
5a720074
80fcaf9b
ce4ae89e
cbd7de5a
0e11d651
5dcd6869
de583eca
bbb1a74b
8493e572
522e041f
e732ba58
674b8374
1e74a072
1b054d21
083d9db2
dcd15c88
3f41eaaf
7d908a0d
acf5d17c
b5d023c1
00102181
8f10224e
e5461a42
01d6d3c0
5fa72ef5
d59d1f29
d1e99730
f4a4a62a
c045461c
b85ccab2
063e5984
fe9a173e
62a88960
b192d0df
a7984f66
a6749827
27e93692
1fe2d911
194da9af
eab7ff2f
4e6dfea6
daaeeb17
afde27c6
5d9b9713
d453d012
119698c6
f06513cd
0c5da2d4
b671c6c7
632a6db7
f3801f13
75793266
3d204181
4360ce0a
e04b5d8a
dcaac2ef
e583097c
d6f27061
b983de0b
c75fa464
6e73b7a1
ad50cc52
7fc1e041
bd543609
4d32408c
48b96b3e
8ce755ff
6a031d77
11ddfe79
980854a2
90b2c285
6f0f33ed
2f214926
536c2257
b10a1a1e
86380183
018a02dc
614216b5
4356f43e
46b2d0d6
8c50befc
5aeb7e11
54cc51b7
ebe88f81
d1264bf5
3223752c
82af34f2
0dc0fbfa
9d43c126
6b1dce23
cfc31cc6
8524cd52
f6002313
d6870928
3eed69b3
9b37a742
d1c979b0
59e944ed
54b1fecd
2ea49a6b
ef339b8c
1c1c3076
17ef6ae9
ba763440
4d2c5ad9
fb1aefdb
ec32c8e5
31a76c42
ac62eed1
9c0596a7
ea72bd64
bfc3f1ac
576b4054
4d67b240
0b68fb54
7be4c57e
d77830c7
8da46b63
0f532901
c584974a
8cf01931
28d98338
b5a154c6
516485da
f29f94f7
c749b8cf
055dc96c
009042cc
222b87cd
ea29b29c
674f57ae
aa19a0e3
7cc365d8
46949183
ff69e95f
311ae8b3
6d39ee40
aea6722b
2f617645
35be8690
821eb54d
be6a574a
488db392
476a05c7
449e0be8
42e23195
3ef10a43
9fe97286
21ba7ec8
b3daeb86
83e0d1e6
68e3682d
15a66509
8124ba9e
afa15c1e
f0681978
00000030
00000002
0000002a
00000001
00000012
00000002
00000320
00000020
00000000
00000300
00000020
00000000
61dadc79
2f70b8f7
f4d34eb9
25cfe972
f86f8f64
cd90ea44
7a914d4d
8482d925
23c01a36
d4593c1e
a1c3a33e
d365066d
a660c57d
49a00898
4307ea04
11c309bd
e769839a
17ac676e
a6a8c8ca
bd84a31d
f260264a
ed436fec
31906439
4c26008b
d4b53304
6fef185d
72c19c8f
8d85b0fa
cc9a6e87
c8f40cad
f1c6922a
b5a0fb45
8b99b4a3
dfe5bb14
411480e0
cbcad903
bb8d3cf6
ee7c379e
1f532959
0da3604d
b20eaadf
76987693
b8ee28f8
b49078a1
9f03494b
32a188d7
98e25a8c
91e44d10
6bd85056
568c4935
03d8cc2e
aa8ffe73
594e8e19
8ce16103
45f524bd
e2a45634
cdfeb058
d5b2c22a
27892bda
5a4e8509
afac680a
0dab1cf3
0121959c
e264ebd6
8d2c7173
5de4027c
a7f97649
3160239f
b601ff6f
41093131
9dcc7ece
ce994986
b1bb0b3e
e21a9137
e6a51321
f5a9bccc
1f98a537
dc030fe1
b1af3211
6fc010d2
b4a91595
00f66700
b60319ea
15d54b53
e31ede2a
5826d6d6
0c300401
bc8f7df9
b370cd2b
7e0fd216
fb5be82d
23a84740
ca4d093b
e9192273
0868a6af
8f7a7d8e
f2d19cdd
c79a322b
252d7078
d14dba3e
5860137f
1b286faa
ddbb5978
d0cf27eb
0f498f79
5960325b
f4d0e157
1b8137d6
2336427e
94e07c8d
5bf77a7f
b25d2666
b0260be7
b4ce0df0
4a68a849
b447544d
e45b8157
8317e456
42651335
3caf0cba
125358e1
f23ce660
1af5007a
a81bb9ea
afa84bcd
43b2874f
35d5e2e9
f85eca1f
d257ceaf
1712518c
c338220f
9eda9f73
c2135f3d
07a5dfa3
3505d4c7
84c11741
62c519cc
78e5ddbc
fa8b0322
fcabb62d
7fa8f6cf
c488683a
891125bc
dc99312f
a8f4da4a
a101595f
cda0f458
a5a8c235
4a24a387
1dccb8f8
9abbeda4
bec3047f
99991abb
dd4755d6
233145f6
faa3bb2f
9aa193cb
7ad726e1
1cecf25e
9b6ca622
43632532
1c78a2e6
909e72cc
950ceec1
91be0bf2
f32a2329
1703028e
510dde12
7336e60e
60aacfb1
5a951ae0
ea0fabe9
6576c9cb
5e241a65
edaa2067
c45225e3
46fd45ee
6c43eaec
076f45ee
1ae3c6f6
e4502f9f
2b1b7d38
79677391
95318202
ef377185
78cabd77
5cf9ea97
cec7f3b6
a33080b4
cf5a3477
09165906
a9246771
1ce61788
27c7a1a3
9b93f7e7
26325000
ba86588c
5bf0bde8
e6c54180
45e14f85
00000031
00000002
0000002a
00000001
00000013
00000002
00000320
00000020
00000000
00000300
00000020
00000000
04fb11e6
04d46876
6e0f68d8
025de4ca
c583995b
5f706a89
eb8add18
10144e20
f462516c
6befb7e9
2876f947
7f1be974
42808e9e
b838903b
f0a9f5f6
82ac28e0
8c8e40a6
1459b7c6
50f71b8e
4f050d29
73a14a30
c81c58ac
43394de3
383d95c8
09c91376
37b3ab20
a031686a
523662f2
382822f3
c0b4138e
3af81ca7
6411b4df
b7882d6b
70a11ed7
b2f104dc
fb4c1ffa
364bea2f
49bdb1c4
64895dcf
99e5c3a0
f9c6c2c3
10f8c6a7
df3ceeea
0eb4cb3e
03116a83
3be21133
365c6567
f372803d
5c2360c0
cfb3ae04
a6ea7013
ecfa4c07
6bc78cb4
a7bed441
5e24004e
8536f85e
27dc7de5
cd87e471
df649277
cd67e6fc
2c4109c9
0cab6079
6f84631a
17a6046f
9bf642f7
590afaa7
21b985bb
e260d294
37cc5f6c
0b4ede38
6906a058
ae8e7f98
05825b77
980c65f3
8f6d9e9b
25194605
82c57752
cbc6db2e
0ba3d572
09585329
e3e88ccc
9d89fd06
d11dacbd
bcab1776
f681dccc
bce95692
4e8364bc
ff5af7aa
a4a64482
e9ac7dec
3ace57be
529940c8
dcb22d62
e95a9fc0
7e239133
ac3973f5
0e019fcd
2c8b0d51
615ba79c
52432c15
ff4acdb9
8f6e89ae
d1bd810d
8a4c1776
a2683db7
d84eaae3
14060733
dfcdd1d4
853448de
e6ccc6cb
7f67fc86
30daa04a
53776890
83827ba0
3666f899
387594e1
0bc1e0e4
f80bea94
06029d65
b4c85b6f
e5f02acd
b14a37e6
fc0b9afc
ad6be11e
06caab51
2ff45270
db37b6c1
480bc4b3
0bfe69c4
7d9ccb43
d78a862a
ab1518b9
e426dffb
6c5f9615
6f3b940a
e4c9ae6a
5408c807
b6490318
9c1c4607
1b74541d
41e1ea94
fb07a1fe
50e43843
1c39b749
d1b46448
600aae03
063238b4
87614509
c19eb6a3
03ce16bc
87926ba9
dfa87a6b
1c87f4d8
29b0d37b
ff138467
0f28ba63
03a7c4a3
2d04c70b
1cf38870
d8e1d895
843b77e9
2c9a9597
fe28f2fb
e7551572
68ef7dda
64527a4d
2703e416
7dcdbecc
b7ea5253
d80434d1
a3f5eba8
3e509c67
8becf8de
ae763f0b
fdd2fc00
760d8161
31f2d215
5a8e33e8
8f2bb862
d9a0bd4f
bcc4f2bf
b41c37ee
5b36b3cf
651f82bb
0d9fdb22
021c160c
047adc5a
e530ef23
b3b9b885
ad572ffb
f2daeee1
3f0a6041
d6c0a53f
cabe1bc2
e8b1baf0
4524f122
a5167341
8a3d5d0b
3ef52a57
c935e5ee
00000032
00000002
0000002a
00000001
00000014
00000002
00000320
00000020
00000000
00000300
00000020
00000000
61c611ee
0b3d4c21
26d2041e
de4e4a33
f93e27cb
9c7d9c64
fef7bb2c
5c45bc77
1ca8574d
dac2527f
5408b608
7a8d0120
0365892f
f2cb47c7
33301cee
a1ff6d88
8173b3bf
f7f6d558
b4352ed0
c5660342
ed363592
b4c76673
f5935b76
f4c7b471
2672d706
5d9a803f
d76e1e8a
9d81c72b
bab6dad4
68f32d6a
f6255296
fbcf7746
8081775f
2dd80f98
929036de
3e9a603a
c439f211
807fa61f
5d1e29b3
db77c32d
2a3eace6
3f2e317a
470e4eca
d930eedb
50a69008
8e0920e9
ea0132bf
a47bdcbd
ced5ffed
0ded3c71
001b0a43
e5fb0b5d
9fa3e9f6
06f3305c
b3d7c5fc
06c418f6
d591f0da
746f7e81
28daa88a
18a8bd48
dd6cdb57
3229a138
8b36a871
b63cf796
20d53d1b
b05d2609
01df7454
0bbbbaa5
9cf3943c
2be46147
5f31536d
f07344d0
546ad75c
6313be7b
72dae69f
3739c649
6e4bd37f
2213f1a8
f76c8c08
eec3ed87
0ecdbcf9
4c43de4a
12eaf094
6325d870
eb656283
4dd56ea7
cc6284cd
22ef6d46
7930242a
decee05e
c14f5d8b
e6315eba
c33a7035
7288428b
306df326
b4525c70
ddff1b24
8c94833a
d09e7bef
466d18a9
c2d5f258
c54f6b45
c78fd795
1996f801
48ac89c2
b7f65652
5f17c1e8
9cc50ccf
b6be5cae
57ee7c40
8003d6df
74798048
6d483643
99fdfd33
467450ba
d3fddfe6
8167d94f
76a035b5
90b16341
4bf757cb
c86e1e3d
cda0f9a3
8e8531df
9b29651a
0f406b97
db8e39c6
7f150b7d
93a96a25
dcd7ce42
b863c5fa
e3a3b7c1
e73e9d73
c6c4772e
8bccd85b
c37e2888
045c6f5b
e0861085
5b5c5406
24829596
ed6a84ff
5946bd47
07c9f7f8
1206dcbb
5e3e9cb6
a79254cb
8fc1996b
943d5984
b73b356b
165f83b2
1bf336da
03c795f5
f10a6694
d7c578c9
4b13a8ed
4c81a794
8e1eb141
e05341c6
41310ab1
e65e32f0
365b8212
a995f433
9424fe75
e3bd609b
a1acb4ee
572a353f
44ed3c2b
0eebf164
e3c4498b
17c65c9e
cf2f7a7e
7f766ad1
b721c350
327c6fa7
eae67a31
6e953326
0840ad69
c00692f2
d575d801
ae811629
3ff416f8
e9464925
73521e98
d06ed21a
d379f5f2
e03737c1
618d71c8
55765a50
22245849
8a986d02
086595e6
0a1a9232
e14d6677
c1dff3aa
f79c53f0
f08d3901
3174b55b
36c5ab02
f1640642
a37eed19
a590062b
00000033
00000002
0000002a
00000001
00000015
00000002
00000320
00000020
00000000
00000300
00000020
00000000
f5694893
a75298ab
8963870a
a0348e3b
3ed8b9a9
f815704a
11d3012d
51d83960
354dfab7
b5c85f9a
1cbd4849
715e3624
eb06d1aa
332e865c
fbccc90b
3be59436
b5348a69
df88e6ae
be5efc5a
2df52e7a
8643677a
003b5152
485d842e
b7684120
14eac8e1
6c04ea25
55c1c44b
e38d86cb
f2d8823c
c3b03d81
a28e6812
ad028211
b6e4df64
354863f5
0d99d90d
c2bb72ed
5f9b95e7
8fe9dbec
c8f8760c
a68660b9
474f4d13
5f7c8907
25ab01bb
983df959
1b297043
d68310aa
bb703fc6
e78b291e
8c5d561e
c0eca3d1
cdaec29f
31fe2968
8b37ecb6
f80079b7
605ec8e1
83b7e19d
a2b172f2
51e0054d
1847fbc1
b011583e
efc6c3f0
0a4a327e
e67c095f
5c68045f
e59761b6
119c6e4a
46c046ad
e6ce30d2
2eeb31ec
f04aa7b3
0bbd0fdf
24fac324
68f0fbb8
fa851df5
ffa68e98
52a9fe92
26a98054
0fa63dbf
90567f0e
94786ba5
0e8973cc
3c87ef68
c90e638a
6acef9cd
c7ba6128
8bab372a
7d0d537e
99b5e6d1
fb5cfc40
6504d76b
404c6ecb
e16b880a
61ee0063
a7620e39
1c0d95d9
77559371
5f332362
ea140cae
17bf54fb
31bf4224
f2210a38
92b5f5bf
8d16a5eb
dbdf6496
ff909a01
fd198743
2abd3b0b
50f4717f
4d333d35
d6b498f9
5de0102a
c7ef3a3a
b507f260
19c942b6
da4f9b26
3076fb24
568399a0
3e1025cf
93212a3a
4d636bae
8897496e
f21c500c
e7af5d3f
3c7b3ee3
0f56cf4e
d217c0a8
5d23e0d0
f3ea08e9
47f04a41
9477be87
dd493177
d02ad873
f30e23bf
dc5a6579
b69e6b2f
38802f6e
856bb91f
0e7f1d61
12707a6b
ceb7db5f
23c4757b
980bc38f
49ac28dd
01a6bb72
f1f9ac75
158a05f9
f9762d50
b09dfbd1
5906d574
f65e4df4
d0e44366
9a273fa3
196e9d85
a2f97a24
f9d58e76
9495550f
137dfcfa
af76c2e5
2c64dd1b
3776c056
da647835
8be5c85d
3b42e2bf
5e72d90a
d9dd33fa
9a0c361b
5eba9566
68b106d5
9ac71147
a328aa47
2e2b9a15
ffc3b2bc
c914b8d9
612df40c
d6aee6ac
a95847b0
16e0acdd
a54ab195
9eaeb433
63d5bca4
42588c5e
df866ac5
52a2981e
fe8dabb2
d0fd6d18
d4b9b023
afdffa32
cb7e9a29
2a94f2fc
fd57c14b
dc72fc74
e1114025
955543ae
fc9e9ebb
5981c3c7
3f488b6f
8b7f9c2c
fc15b175
c8347292
a934a9ab
00000034
00000002
0000002a
00000001
00000016
00000002
00000320
00000020
00000000
00000300
00000020
00000000
d74835e4
ad354ce3
af3b105b
6bcc8295
56c1a535
cf1911d8
7be93e23
694b8b6d
3a84a13f
70a5475a
664f4344
b8720d32
b97cf7ff
2b747d46
b58d9520
1f33ba73
dd37354a
53865654
3ca2f396
0287b417
042061dc
5743f7d4
55751522
a318267d
9c286a3e
a083a74d
4312589f
6d54f16c
6101bcae
ca6e8564
e2ac8dea
1b06daf6
0343ee75
e3ab9212
01cb0451
e361d5e2
00b43fb5
dd6bf1fb
af0c7f05
48689280
b826f33c
558359fb
a3fc8c91
b27348d2
71414aab
ba4cf8ce
c418b307
394c5a3a
aa686661
196adaa9
f504d760
12b5017a
4ae4a5ac
36a5d0e4
871edcba
d89bd450
b9402bd5
457b8499
de21372b
95a1eca6
cf5f3e5d
8701901a
4e459b63
c9c708c9
682a5b3c
c15951ff
bd9be3e3
3b42f940
0e45b22a
7818be91
ceaee076
35509a28
b500749c
e7080b2d
871d6835
260b5d70
6a23bfa8
467662de
40ea5401
ab2506c7
b679367c
7e35dfb2
bf0d9e9c
87e0a7a6
b70568ef
2653b61c
ee799982
4703d1ed
5dcef643
b0de1d4c
51b9a85a
1ade67c0
eac0d380
e6d912ff
a3015212
4daceeed
bbc328d7
dd173b6c
a24f433a
44a19278
9b450fa0
1dbc7a5d
ae519d93
86f12db9
9969268b
6f326025
d948eeff
61d1891e
423c145f
60790750
7652709b
1fe4bed4
a1623503
62c22782
60587fe3
35205d95
3a42e8c0
f6a2f509
c583cd8d
c3c6d42f
bba3d3ae
686e7006
5e2100bb
af09846d
dd7b69d9
69f3f8d4
5ade9e59
5ab4332c
6814f852
464a28b1
6e44d42c
e3543567
6d4f9d8c
123c6247
d89a0631
092299f8
98bf5b9a
5d4df572
066026db
3580e9dc
5759d516
5a1cc431
aa4e7076
b42ffea4
dfb3ad89
caed757e
aced383a
d472ed1f
a24a8838
fdc81d05
50e7e5d4
45e70a72
9ad1fadc
7cff3668
a0634fc6
b2ee41a8
23e960e3
ad44909f
64cbb712
33c6749e
17c5e4ff
7f2c3a62
56e84106
8ba166d0
cb685fb1
b625b02b
c308363d
712515c6
4e0e51dc
bb5bc859
d9653fbe
563088a3
85590d3f
3fb9520f
1ff0f182
ae20a2c4
a43ec0e8
e6e3e042
e5859c1e
cce0ef27
2b418f2a
7a0f6bdc
3a333d09
a1da3204
98804b0a
315875a1
0a439a06
407d05c9
ee6f4005
840afc4d
850907c1
458d3839
acd500b6
7d03df9e
4a3bbb72
5c8e9cb6
6708eaa0
da85066d
b551d02c
ede16faf
00000035
00000002
0000002a
00000001
00000017
00000002
00000320
00000020
00000000
00000300
00000020
00000000
b92f32d2
7e3330ff
21ec2153
e3cff23e
b1edcd2a
af300abd
1ddb3844
8ce25ea0
9cb07cbd
417aedb8
d2d5c2fc
4c16bf1f
66d5ced2
56384b95
9a01eb1e
23b8d96a
bfae8bff
10032d84
57841f87
fdb33665
470d45e3
22e8e8a1
52186ba0
93292c6c
4d6e09a8
fc387d61
740accf9
2634f189
ef85600d
d462c153
517a94ac
b075ffd5
105c922a
78854ec8
3ff2dec2
bc2be39b
f0784579
ef471d54
910c1f20
082501ae
e4047530
ef9e5f50
15b7babc
f0356d0c
9dfd09e3
390088a0
a751509a
04480fdd
9144fddd
0236f3e1
20f00b0f
1f025901
f7c15ba6
b7f8a087
e734659f
339fbe49
42b625b1
a0849d34
da2f263c
e9f9abe8
521585cc
735695df
f9102308
a7cf880e
09f132d5
3f5491db
e64326fc
0510178d
9cd2e9f6
c73d2767
68551f44
6e365209
b2ba6790
1cbccc4a
89f75191
2a24a43c
4a686a44
1c42cd58
ed5c9906
04d236a6
bcf4428b
5320ca50
21579068
41ac0683
444f00e3
acb26c38
9e740395
30efedf7
fad07772
ff9a6315
23bf65ac
e10c5ad6
72b54315
53b8eb70
6a07a183
6d5e298e
7b4641b2
f8b95874
896898a4
1fcf3eb6
b9ee7275
050f3b0e
5e3424ea
60d2d5ec
6e0581ac
bf63dcc2
7db998a2
6dca6998
d21e9b8d
7657ef54
3786fbc7
7dde83fa
f91f9436
a0e7827d
66ece59f
1e4e2f1f
6c454a64
91d7bddd
e696c396
00f2515b
ac135af6
0991f341
811f48e6
1e988adf
711879c5
5211817d
c575d229
04e819aa
24efd340
ff2142c4
6832485f
dcf8784a
0bdc2832
c0f6b452
32b558b3
11fa4e51
558c229d
3f03576d
d1214b5a
ac3b01da
7fd08374
27582523
c1114456
3e7f50ec
da0622d2
f231c202
1fb8e348
7dda4886
e02ad886
c3e202c2
43796c19
6856acb4
eb6a464c
7f5ea7b2
e62b051c
5e6de8ce
f8ea4e22
4504f983
0016542b
5d0d52c0
2997910e
765b4ffb
127ac7b4
948ebb9d
5ac66f3b
edc47723
6ea6b01b
a0194637
9e2313ec
343f11c3
9e666d08
a2271ab7
f8e0d212
1b6374de
face7c22
c5659da8
10bed8d7
38b85b2d
8726e9c4
cd6ca74f
accffac6
b76b3796
c97ec029
73c2d972
91c86114
88ee8a82
a4cea60f
883afc9c
dc7f4837
0cc0f029
53637aee
e7dd8b7e
924a1361
5a9175fc
5c2a5dc3
e33724dd
24a326e7
7e27445a
ca77709f
b2213573
00000036
00000002
0000002a
00000001
00000018
00000002
00000320
00000020
00000000
00000300
00000020
00000000
6c34f93b
69051590
5d51f437
bcbce42b
1b0aa219
73fca732
cff8ea05
8e0ed155
06d0d2cc
c59a5a7c
c113b7eb
c89050b7
60519a04
188b386d
5b09b8b1
ce9f4902
1cff1d75
26587978
a82564cd
3ce65710
41e49ced
da4f4d7c
ee316824
d5587d54
79f9c380
e0ac197d
c1e041f8
94cfa273
a6c7665f
f7ec78db
23f0d932
3b8f19ed
df3493d5
446ae496
5e68711e
56df06de
37115525
358f560f
61b72b63
d60dda20
aff66979
0c6cb0cc
2b617a8b
bd587a31
37040791
9250486c
374f3cdb
3e463120
8ba028d5
8652ced9
2f6e7863
5ae03b2a
b6735335
faf95f24
ac060c44
88980f85
5355328f
2df5371d
8f28e93c
17811679
b72f15bc
cfe1d8ff
8403e2d2
c4199602
20b4e991
9085f3fd
00a878b1
ce620d46
ae853ed5
58bb6752
b897c104
61dc9dca
31ec2c88
d341b41d
811cf82f
e1ce3e22
d9043ef3
ed0382ff
e7698fbb
7d914046
e3cfb534
d740cda7
f12ac9a4
9cd7c30c
82a93f2c
2aa44c28
9c1d15c9
b49cac20
2c4c17d3
5cae07fe
33ec44f3
ffe88921
2698f48e
71c1e765
0176cb76
fb629249
67552fb1
81920c44
e9726508
34c6c3d9
c24de149
317b6176
6618a8e0
5db724a5
13b2d330
9d58c67d
f1d86361
8505302f
f1d6da9a
72397843
9d7c9b4b
3aa25c20
b3d524bf
7ea3a896
62d69d7c
cf58966e
2c958417
2b9a6a66
80b5a31e
8bec2e9a
cd28344b
91ef8413
9497e3e3
0f62d455
a2a0b74f
f6bacd9e
70298b6e
cb9207f4
cd52b37d
ff86128a
19969885
4c870bf0
f4cab8f8
76a160d2
37655e86
3cd3b211
81206472
91efab02
e3b5bae6
36500269
71f02ae6
6a1955c3
8beb5bd7
4169c45c
d6c71ae9
4f6fc901
bb993d2c
2d2530a9
d2d70e48
27d3dbc8
9eb9b702
963bbf7e
8f7f7eff
bac7adec
3130e102
38f1db23
326dcd76
21b95c93
3cffa14d
39b998d3
cc6d59fa
c896549b
047a21be
63929c33
8795a376
dfcaf9d8
e2ce6151
2ac09aec
97666c77
598a44ac
49961229
8b869291
d3c46230
a861679b
f55df7f0
44ec6672
8e448118
36eb5bbd
c78dfc9f
a0d1a2a1
fafd02d6
0b24bea9
9c7a1c98
17f09414
b2f7ee9e
1a72b67a
34dd4429
b4c3fa3c
d28d5257
78964abf
b661e5f9
2d750e70
386eb96a
109b780d
8834172e
bb70ba15
5e0bea54
e59ac48d
970eee4c
862e0a27
00000037
00000002
0000002a
00000001
00000019
00000002
00000320
00000020
00000000
00000300
00000020
00000000
bc6abd88
34693517
75577420
2317a7df
78afb7b1
e17a100a
7bb0f8ad
30eb3dce
f2277422
901e573a
69c9e5a1
479c17fc
7d35a2b6
7db19233
46d169d7
f07b41c8
a64db979
a4bd6f2f
2ec1c3d2
8b0304da
194863f3
d188d700
55599000
f6bddf32
fb9be080
5b90f8b1
e7269792
0fd68a77
51fccb2c
397d0bdb
5feb83c2
f3163fc9
c2b3844a
716beff6
e2c878e2
084a4e35
d0e42034
225fc56a
a432a6a1
0e58b10f
ef7015c1
3eaf3a10
c3cb586b
14b70c97
cd5d013e
1f0b7048
a18b669e
5eb9653d
01517f0d
c9301169
ec78e3e2
fa2ed776
80f57a11
df4461bb
633445cd
154eb794
8288782f
4d3ac95e
fbbe9287
2764e1e3
8d812df9
a371343e
0b851fbc
5a840330
8cf0fade
e7c2efff
95999fb0
88d23588
497a46a4
1c234909
80918136
2514a2bd
402a8079
276e29b9
e3e547a0
5e90c2a7
47d000f6
3499b591
50857013
7441defe
b6505fa5
dd8080e5
bdfd9669
de4aa7d1
61fd541a
3bd05ca9
e651a5cc
66aaf316
39e88e04
62c8dc62
8a39a6b7
fb829c6f
2aeb043b
c45ac940
9d205a16
6997b2b5
c43a8019
247a9caa
a6688828
53ea2a40
e8385aab
ecbabecd
50f55923
2ba641a3
3dfa23df
a987b71c
c2886751
68f2cd6c
57e588a7
ead5d884
4ce58900
6c2087b5
c926264c
fd747c90
55dd8b85
87a47db6
bf8663f5
4c1a47c5
0ba6e524
8d514790
ecd02c4d
4ed19c6f
5ec5be87
c037307e
c673c74d
bb32b27d
6bb6fb54
a9b71402
e4def42a
77c7e9b1
4ee6ac89
bc9090e1
a1452354
9ebe2f9b
794d3fe9
f7f8eaef
554a6dc9
dc5c7aea
4f6f4c4c
3018779e
68bc82d7
ea4dc4ed
f155d3cc
a2452b95
0da9a826
69589945
6eea2012
3de58f9c
67b334fc
602ccaf6
8ec6df45
4c0460a7
dae8c6f3
5826fc19
dbd29fce
19c93298
0ec5a38a
7d08695c
60f07a9a
e8d9117a
aa7eafb3
3d3856cf
210691e0
0f7d759e
99c829d9
484a1224
94eaecd2
6b17eef5
76345dfe
67a1d5f0
530d5b67
5ffc9c6b
0cf72c41
914358c3
2ab6e8a8
cd34b28d
2a3fbd3a
98119e23
706534db
8c1b88b4
75d220ef
ece7122b
abd58911
688c8169
9a27134c
c884e159
b82f6b48
a1624620
718ffb5f
9ad18ce2
ce35ebc1
a9d25d27
e4d69209
39c51f15
7272ef6c
796ce8be
0df72689
45d2cbd7
0865fa28
7e1f88bb
00000038
00000002
0000002a
00000004
0000004d
00000003
00000660
00000300
00000000
00000020
00000000
00000000
7809ba44
93a322bd
c8c4b1ef
f3aa4d27
a4d20917
5602bbda
ed33b5c0
e5c3eb50
00000039
00000002
0000002a
00000004
0000004e
00000003
00000660
00000300
00000000
00000020
00000000
00000000
95d4a06e
e68affa7
b9a3e495
d516cc9d
94b9743a
dfebc593
3af9a524
47752b11
0000003a
00000002
0000002a
00000004
0000004f
00000003
00000660
00000300
00000000
00000020
00000000
00000000
e66780ea
f168b393
eb0d80e0
e7f2dc84
eab44d30
dd059e43
23aa64ac
73683758
0000003b
00000002
0000002a
00000004
00000050
00000003
00000660
00000300
00000000
00000020
00000000
00000000
64de38be
f2e993bd
61a18770
08d8dc45
9f3bb99a
691d09e5
12d8fd6a
c2e21a68
0000003c
00000002
0000002a
00000004
00000051
00000003
00000660
00000300
00000000
00000020
00000000
00000000
fad036c4
fbd3ff77
fe7f7c92
f14188dd
0fcf85ed
ad79bfe7
ffca0427
e464d08d
0000003d
00000002
0000002a
00000004
00000052
00000003
00000660
00000300
00000000
00000020
00000000
00000000
f6733eb1
83115b2d
17617018
371fdfe6
dc577556
4639c1cd
a45fc062
18e0471a
0000003e
00000002
0000002a
00000004
00000053
00000003
00000660
00000300
00000000
00000020
00000000
00000000
50c6f8c2
a57b237e
a0c6dbf8
6d8c9be1
822f30d8
f87c84cb
87b42206
5c970d21
0000003f
00000002
0000002a
00000004
00000054
00000003
00000660
00000300
00000000
00000020
00000000
00000000
0c178316
f9378b84
a180ea91
5666e821
de6b66d8
130650f6
f62b86bb
99bce2f4
00000040
00000002
0000002a
00000004
00000055
00000003
00000660
00000300
00000000
00000020
00000000
00000000
b311f6b8
2684c124
b6a5d2fb
61703e32
94caaf5f
8c512693
0efbd523
944b1d0d
00000041
00000002
0000002a
00000007
0000006b
00000006
00000660
00000000
00000000
00000000
00000000
fffffffb
00000042
00000002
0000002a
00000007
0000006d
00000006
00000660
00000000
00000000
00000000
00000000
fffffffb
00000043
00000002
0000002a
00000007
0000006e
00000006
00000660
00000000
00000000
00000000
00000000
fffffffb
00000044
00000002
0000002a
00000007
0000006f
00000006
00000660
00000000
00000000
00000000
00000000
00000000
00000045
00000002
0000002a
00000007
00000070
00000006
00000660
00000000
00000000
00000000
00000000
00000000
00000046
00000002
0000002a
00000007
00000071
00000006
00000660
00000000
00000000
00000000
00000000
fffffffb
00000047
00000002
0000002a
00000007
00000072
00000006
00000660
00000000
00000000
00000000
00000000
00000000
00000048
00000002
0000002a
00000007
00000073
00000006
00000660
00000000
00000000
00000000
00000000
00000000
00000049
00000002
0000002a
00000008
00000076
00000005
00000320
00000000
00000000
00000000
00000000
fffffffc
0000004a
00000002
0000002a
00000008
00000077
00000005
00000320
00000000
00000000
00000000
00000000
fffffffc
0000004b
00000002
0000002a
00000008
00000078
00000005
00000320
00000000
00000000
00000000
00000000
00000000
0000004c
00000002
0000002a
00000008
00000079
00000005
00000320
00000000
00000000
00000000
00000000
00000000
0000004d
00000002
0000002a
00000008
0000007a
00000005
00000320
00000000
00000000
00000000
00000000
00000000
0000004e
00000002
0000002a
00000008
0000007b
00000005
00000320
00000000
00000000
00000000
00000000
fffffffc
0000004f
00000002
0000002a
00000008
0000007c
00000005
00000320
00000000
00000000
00000000
00000000
00000000
00000050
00000002
0000002a
00000008
0000007d
00000005
00000320
00000000
00000000
00000000
00000000
fffffffc
00000051
00000003
0000002a
00000001
00000001
00000002
00000320
00000020
00000000
00000300
00000020
00000000
1a0bd4cd
c22cffcf
fe2868b6
cdb772e7
5eef7fd8
3a896211
9f3f9f9d
1c869bd3
1b7a2005
5917df7b
e90cf695
0882d9cb
12a6e3a4
7a7aa4b4
eae853c8
d15887be
1e21cd28
3c254d04
a3641880
6fdb323b
f0ee26f6
47cbf911
ab2b4f1c
01dd7ca1
b54d2795
4c1e116b
b326de52
10dc4936
5154f64d
3d5a4569
5337477a
48e908da
f89d87dc
203f069e
bc213fe8
ff66533d
c94f3b97
1278a2df
7b16d6bf
0579aec8
faa685ba
096ad71e
ca77e487
2178c8c7
18d6d682
1788bb29
6ccda079
05902e55
151a3357
47c445a4
cb33d7a2
e68ce47c
0b9b6a18
8aa01e6a
c843f3a6
9e12694b
9e24a46c
bfb7d736
1a7fca96
8a3bb029
4f2f94fa
5b8eb953
60c98d8e
cb7cb38d
e3819089
29f914c6
4259022c
63ea21d1
0acbf8f9
cdeeaf3f
49eeee4e
bc2dd0a2
7672d15f
85eb06ed
fdf5607b
7be65080
dd7dffc1
8aaea2e7
9cbdcc4c
548125c4
8a635198
e6ee7c53
6ff2ffb4
cfcdc384
830cee88
a653f9c4
7aff3bac
9627bcb5
81bffb0a
099b4dad
f681b4af
110577ba
dda05610
bc76a83c
7e239041
e4385eb6
2294c4bf
1579a480
1c8020af
258fa12a
ea78af8e
7ec5e59c
3cc3eb9a
b90a3420
1843bf5f
9f8c6454
d9742e74
09a40ca0
b3730ca0
03139e2e
faf4b879
56d07d73
a0d0a485
fe721411
5054214a
9507d6c0
a534e52f
68b12065
ec826eb8
0a225178
156f8d0f
892bf6be
0a97904b
a7720d37
53fa209a
48eee72a
419bba73
c7240ff1
8f1bc0ca
8ec91e42
f9a3262d
1cfdb0ce
ed386647
e9121829
65910640
a2351c3e
2f728730
081d2563
fa90076b
f7970626
d016647e
ef163fae
0d6e3b9f
e4b4515a
8b997c05
f67b956d
3d7f99c4
bd30ea37
97d118a8
bd7fcc36
c64def53
58f0a088
a2d225c9
a2a6e153
9d2e8d8f
86f16cc7
5107555c
394abf0c
555fdb1a
5c5e534a
5bd42c80
0d95d7b7
72ad0e11
222610df
42445c75
8d92db26
2fbbc2f5
2c549d14
aba6df15
7910564f
693eaf77
bb3bfcd7
1665e73d
91d85706
eda35acc
8a18026e
e979039e
3c64f1af
f6bf4fcf
b7157648
09e6e8df
dee8d696
2fac0271
0ebe0a5d
e15c9d13
3d797949
d468bff7
8c36e7b8
a3dad46e
54194414
827e7c03
99d10248
cecaa50a
837ecad0
76c179fa
46b619e3
09e65e71
7ad4fa97
3b732f33
973ff0dd
00000052
00000003
0000002a
00000001
00000002
00000002
00000320
00000020
00000000
00000300
00000020
00000000
13e7346a
9d999c8a
7d07a430
811fb5e2
dda6a38a
17ee5067
d0555df6
30999ec1
3ec70b1a
6213cbed
68c60550
2d3f443f
78154f9d
f1cab41c
0d498795
8b562a0f
a1f739e0
2868adef
42546485
4dd0b41f
7798cb2b
d8903ea3
c30b1e58
a00bc545
7df72744
de7f64c8
61aa03a1
d94b67ed
93e29dcd
7f11519b
73780100
8662e891
d7cd0828
bb4b7051
a247a9e7
8c1edd1a
f89eafee
236dceae
9a33e004
48aba6fd
caf66913
068bdfb5
8b49fb5a
d62c0bdd
c56e9f3a
9194c5b2
e09f6aff
81ac85a2
c99c5a48
91dbdfc8
cace181e
0bfbeab4
671a4cda
d3d6c1e1
411314fe
5211bb78
eee591c6
7df85716
a0a58f73
3167d8c4
d800e0eb
c34d9d66
53dbc8de
504574f7
b6eb33a1
da085f4a
50d6a766
9d54058d
1ccb1e16
9a0b7042
7a2cd87e
d94e7f4b
fe535456
707536ea
d71fdafe
a2bdfb97
8b6e40a9
5d98b94a
5023ebb9
8a08eb90
d4821b6a
53e43c22
a39ccd57
67dc792f
9d274138
9bf7fe56
0fabdee3
7387aea0
1e4343b6
e7389c1e
4a2896d5
2a1587e0
01d86e41
71c45765
3731bafc
26bae64f
990d6c98
3296014f
0936584b
af122148
02732592
6473b3d5
3086ee5e
cc7f38de
a74cdb51
fa0bf0e5
447f2a38
376ebe69
29cfcb32
62f13d1c
2d3d15af
1aec4579
8fb9ca8c
a7c5646d
0152e70d
2ecc86bf
c2c47d52
c3e1fe13
185eda24
7b03d209
a8e9a87a
ab374d09
fe8412ca
6a1d7859
f82355e4
25988ef2
94e6c73c
c12ca9ac
1c45291e
1f27a2f9
c12a3600
278e7f8c
2ee38438
3c04ee0a
6192d389
87fcf7e1
5e876f25
c66779f4
22823fb0
62b1ee86
30f32df6
18a82a69
687a8cd1
fea701aa
c7cbb9c3
4169b5a8
6647eca2
ae9cbdd3
4c387106
be671d2d
c16a7fc0
6ea6c79e
7511ecfc
3d394c89
b7decf15
149ed8f2
e9413d83
10941deb
84c6bb4d
dacaba37
9033ac5f
adcd6fae
82c7dae8
527c10ce
ca58a665
b30d7038
9473da1b
2e2fe3e2
e40bb82a
c87276f8
14429fe1
c5e40e62
eea40c0e
39a0b72a
35b88e14
5fd2344d
6f7ae8a2
639d41c3
3cfc80da
77c528ce
386a34a9
850b9ef1
2729b031
52becc65
05231e22
6cbee5b4
a7ba46ac
23f36321
21a39060
412c1ab7
0205db2c
c0ccf957
5481e8b2
884f9214
1b80ddf9
39ff312b
e26aaaec
f605bc01
eba0ff06
c141f2e5
00000053
00000003
0000002a
00000001
00000003
00000002
00000320
00000020
00000000
00000300
00000020
00000000
05f46d10
e5a91d4c
9f316087
65dba59b
cf3db076
e6795bda
851e0465
5503b5f9
1d2fb842
baa8a23b
c4b7eeea
bcf7bfe8
135344da
1447c268
5087ae1a
0d2e73c5
abab8d92
d34f81af
380884b2
377b4531
3f0fa118
631b5c04
d72674fd
03b0628b
994f1df1
72f8c37e
01562fe1
3339b2d9
68034ee7
f2a40646
8180742b
7ddaf903
1e5585ad
2b5a3f98
93cb40de
cdd3dda5
37fe35b7
93812d90
2f11c0ee
4b456361
8c64f160
e0b8a5fe
8e78b2b3
81744a74
608d87a8
a3022898
6bff0f35
21925442
4259fc99
7d3ec03c
d00cae1f
ebae1988
4d2912ee
bcb70c16
a44fe81d
66e22577
36037cde
782064b7
433afed9
ce76b2dc
0fd08a15
10cc96cc
a7316ead
4634ca75
bd6a18b1
367505f3
24a16b22
bf5e375e
1de1dd79
055b8cb4
7db17250
25a435e0
d8523885
994cf060
d09b9697
046c12be
66399016
f8ecb39f
61380732
4b3e2ada
611753ee
f8241119
e28b4aff
2c878ab8
1fbd7f08
d65dad1f
ff71b612
7ffa7cce
f48230eb
cec3c457
d69e737c
3e6b003a
584a9eef
0d21e87e
92b8b0c2
51517418
d30f05cd
e09a0a90
d118a129
b4e57570
c07fed18
2e15380c
ed56aecf
0625a5c0
8a68f55b
be6cc7a6
1cc6bf5b
b9f744a9
7bd368e4
b15e6277
8dff4784
054a8db0
92e6c5c1
a448cced
b6b3a478
680ad43a
8fb4963d
b00f3a62
22534531
4b484493
3f3f0a93
716c7c48
066a3af0
468a9dc6
564301d2
3ed550b0
c4fde6ba
5e4d21bc
a5e31776
434cd958
280d4d42
b11ae9ab
2d02f87d
2cf73f02
437030bf
1d7ef86a
8f1d1298
873f1b49
ea5fd2a0
950b8a14
9d4f9009
5e1fc9a0
51daad0d
ff9416b8
83108ff6
2ea69ffb
b9855630
45eeba6e
9495fecb
b1b528ed
d2614f01
31d917b8
50cabe0e
19167cf7
8a3bd38d
90c7beb4
4853444f
4f97e679
4c727e13
99376b45
6158d058
5d5c128e
7ae60704
2390656d
43d7744b
e5140d5f
e9eaae3a
4816be91
d4029151
805f5dc2
dfefc175
bba35d89
10f3d8d1
999da349
c495c97a
84585cec
9bc9e9e0
c813fb3f
b94fd30c
f3b8ebc9
ecc4e7ba
d091dff9
c3b82ac2
2682fe8f
afc5524b
c8b13dbd
2c865e5c
56c11eba
cefd589c
8535c9fd
79b9fc4d
4ccc8565
d2bfdd99
811543aa
053447b9
d12b54de
9bf36e5b
2eef485b
ec6326a8
4d2394c3
00000054
00000003
0000002a
00000001
00000004
00000002
00000320
00000020
00000000
00000300
00000020
00000000
f20ea4ec
86f95760
5e067d5a
c12323b9
a87f748f
6f30e295
b59ced50
61d14af3
ba5462ab
0b462dd0
20a2614c
d4e210a0
4916230e
731d236d
714f8089
6ea60427
d1d23ffa
90d51e94
57d8dcfa
3a308a77
4adb4c9a
34d35754
1dc9d3ef
f6c763e7
1a7aa1df
844a981e
c2058c60
3b6165a8
cd7978c2
6c0b55f4
6829dcb1
4a67d7a0
a659f453
ed96d4d8
ad862cbd
9637f92b
7c1e54ef
498a74a8
8db0c279
36723850
ab34e6d6
ae629f13
7aef7a5e
070e12d8
c3a3485a
4c005570
94f7b303
20f3a776
a0d74afe
da337dfd
3d217b96
07663af2
1950d632
f36750fb
24613839
c46d061e
4b121732
a347d9e9
7b1c91c7
cd5a8ffb
aad2c6e7
38609f67
814c0134
91426edd
08b8ac2a
4cc6e3ce
a0dccc84
58c65311
9948ba2b
dd7e2cef
bcc3db20
ca7e4c92
e4dc55e2
1cc4266f
d7284840
b9b4a019
1225aca2
8060e7bc
bb600410
1dcc514b
3aacdbf2
e00d1634
ffa243b1
bb619c7a
b0f626a9
5b876ebe
9de2138d
f21f9744
91e477ce
f6338de4
6f41cfca
caa1a232
48e3be06
1720a76f
7f1d8570
40cd2f4d
393d46bb
71e6c354
dcbde57c
a9d2c15c
718c32e9
aef818a6
22234ba6
35ddc62e
c57ae0a5
ac7a2a49
5fc7a618
24e4377f
75693233
f9b48019
5fd002e9
4d69984e
b90fcae6
99a48e55
e982b2dd
37f000ac
515a307c
4f42ff00
e608d199
93c1a974
e327045a
63a33812
374c9c43
ab9440be
19a33432
109a2d71
deddda3e
eecc1f66
b2ed4056
6b67e114
99d0e62b
31938ee8
4f0ac032
c6a75cb5
092d412a
4c9ce264
45d412e4
7f514cfa
59bd63ed
555b7908
1797f52d
eeaf3675
6c09883c
e398144c
031fd37b
82db8c5a
07032cb9
40f2e18f
928fd699
7b2cd283
6663527e
b7ff67eb
8dced7bb
52c014d5
bd64a454
e6e0724a
07d7f2fd
967c6a0d
8b7f66a2
ee2600ab
525d2597
a0c2a087
943163fe
4a41292b
321c655c
340542ef
ccd15631
570fff2e
2908a1b5
bb546681
7c66ac2f
4e2004fd
80b2b55b
200b3e62
f7c49fc7
b6532710
1ad378e5
fc9335d0
45cd1994
9f6794b5
3b6fd97d
d17e0daf
d9dc38ec
5fcd6789
d712c86a
18213924
fb010038
fede7b0f
e4f8e790
53a7ef91
93e27161
c7691201
7f42cf32
688952ba
f986f8e0
bea58856
f4252deb
d76339db
017b757e
0f28eeb2
00000055
00000003
0000002a
00000001
00000005
00000002
00000320
00000020
00000000
00000300
00000020
00000000
2a926254
dac11926
6f047444
ceb5584a
c9d77df2
1f0e1df6
e213188e
a8293864
95dde57c
02973d30
0360209f
24a8301e
daf7f917
e82971cf
60066c0e
77054a21
1c962dd7
73276d6f
5d6c2016
7c08de7f
1f311744
aebb6418
c2b8141e
d214c461
4c9d060e
dca9cbb7
d16d9060
5c469a7c
76506794
f04e4938
47803831
93b85e76
cb2fac8f
9ba02fb0
c7aad3b6
e2e115fb
44a572ae
4b10b17b
12fd40cd
37439764
9b5fc2be
93954d09
49fdc8c2
b98bcdfa
adbe425c
b8be365c
f85cb9b5
fa8d0867
84a34141
865eaa60
0a39b3de
71f8c9cc
2149ecae
db829b72
377c07c8
63ca5144
ec73f8c6
d5c6402b
9a0cba20
9551a03c
4d236382
9acd02a8
be495637
57a2a7d2
2817fc4a
0118628c
1a46f480
db7a1471
6827082f
29e0c0fd
18543727
3715d0e8
343eb1a4
0f2e0612
86c6a6ab
bd399c57
d1434d89
c7531861
3ebee27c
b11ce0be
45fb1d90
641ef42d
c0abcf1a
2c897468
357406a0
b5b80c97
0b045fba
8e2cd3aa
1b36727d
b65dcb01
09d87248
3c4f269e
6af70ea9
dcc64b6b
d1603764
a45dd5f1
1f408a39
306d2b96
32f68833
5d49bfe3
6026c2b2
f6294f9f
7c91aed0
f8520ec2
7c8df581
a14a93ca
0fc5794b
c4b8f706
76476b5b
644c5807
b0ac8bcb
0f9ae0a3
ab27042b
70677ab6
14ddb45d
485839f6
51e4ba56
eff5daff
93b2f670
d12d5f40
517696c0
1e2a0553
9ef4f785
d5dd9a14
791b9980
07b06d6b
78213f5d
5346245f
1008e525
96f16cbe
618a0fbe
dc0d0526
e2b52095
3cabdd28
c6cdb02c
3790eb14
7c610a1c
6214f847
2f17b812
fa818504
a9ce355b
4bdc9648
6628767f
c9da8a65
09726e2d
a24b54fc
69adb09b
a175ec88
fb034f5a
2c398ccc
b5a66221
0f2bb209
6ed06047
f43a26e5
fd2dd3d1
657d7ba6
2a15b457
653ac65f
a67851f5
d26a31ed
c5ceff63
733fc0e4
93d3a3a4
8900fcdb
9a9d0489
27c004dc
bda37081
fdbfd83a
d6d7cdb7
8d4dd58f
8479d633
40b92c9f
51f81a5e
3012c2ea
3ff964b9
2e8da92a
f98ae97d
57cdc148
ab72aa7d
fe0577d6
f4e26b11
44a3dea1
0b6af7d9
81fa7cd1
0f82b126
bd2130d2
6f580755
7a9ee179
b2ade217
0bf3316b
aa99fe89
47e3053a
5eddd88d
b1fdf579
d33b75b0
174ec3e7
8fe7b5df
94739bb8
a9562fe7
45c38899
00000056
00000003
0000002a
00000001
00000006
00000002
00000320
00000020
00000000
00000300
00000020
00000000
6191ce20
37394710
19f4317f
eb9913f5
ca60e576
15b9fcf0
aab778e9
7662099a
59024d40
05ec74d3
a2e2c7b7
0d1c3723
7543fe2b
4fb1fe62
c17c1013
a9f60dec
f00e34b8
0e2e2633
d9857b60
37ec3710
69e0357f
dd35372a
199c311b
1fdfd2d1
79702647
cf5007ea
3fc49ab5
9f27ca12
bf520e11
162532f1
df7cb8d5
1d9ab6e5
6e74b366
7d3b5c67
6eac76e0
1c0f0a6b
d3c4db72
a78b5511
a122f9ea
228d111d
9dc26fc9
46d1cbe6
eb712a6d
0a2952f3
3e26efe9
8d157660
9d6e8c30
eb7fe83e
f4a9c582
8701bafe
35a636c5
85197948
a93c5db6
fdc1c617
72f662d7
6a7a3910
c69eea32
5f1592e2
da0e5140
deca036c
51d549e8
ec476246
c77d9690
fc12c723
c9e863ba
6a1cb633
3dce7c33
d857c3bd
120be2e8
21555d2d
67909947
da18912c
0f41571b
83363c6d
356016e2
c80d7c01
60777db9
36886242
34138e12
b933e570
aa7aa891
af47722a
4d28b1ad
a9cfbb68
2d476ae2
535603d4
34850b63
db110e34
ee92281a
542ca8af
57f2187e
6e84e9d9
0ea6e5ee
d85b3de3
37417a4e
138b99e8
b63b9332
f631de5d
32685c2c
34c72fe7
f23b4851
bedce7be
40c144ee
7284ae79
b1f6ec44
5317e012
4335086e
e789b500
6d9f4d98
c48342f8
1a76c997
e5ee25f0
afd3b19d
07787541
c2fb5ebf
8dd66c37
eeb64f1c
2a523234
42cc979e
c82eae2e
cb85bb60
f918ddb8
cd3dbb2a
df4a57fc
9f07fe7c
053dfd49
b66c74a5
1e228d26
0082f22a
39579d06
d2d127e7
089ee729
f763346e
28d6b897
1ca85aed
5097b06f
d6b06207
43ef59ff
ded10ed0
4e111e83
abe5e59d
58909ffe
0a5b3355
0d507281
9dd32feb
f721b186
29247c1f
f1a406c7
54467fb9
3f52ecbd
41ccb992
f6822642
e964be22
c2f8798b
9419f11a
df3cee72
8503631f
1a827bd3
3c9ae520
ff489e07
f489570e
280f5b8a
4df8b9e1
83d335e9
51afd66a
119ad114
18af8279
882053c6
1d9fbd9a
b68f5733
afef3d68
2a8ab3b9
70dc80bc
050d309d
98ca0b20
e528d43c
97fd063a
bce37950
a88b4ab9
f0c1bb1a
b33dcb53
918ee252
0d0141ab
95922604
662bc652
594d498e
c0d693ee
a5030fae
9b935644
3137f7f9
421ee27b
dd49f195
5a23e83d
4adaae9a
d0a17aac
b0d72974
5bb651c4
3f4697d2
9ebced44
2b571da5
00000057
00000003
0000002a
00000001
00000007
00000002
00000320
00000020
00000000
00000300
00000020
00000000
2072d871
5fcae9e8
957aff17
3405b97d
8c136764
869c47ff
7f4c0d6b
703fc3aa
5eebc8d1
459402b9
dfc3ce80
386f1e16
ebe715b6
855d00f1
f33003ea
6c84c533
285666ca
42e73858
a13d4a9c
15f6dcae
0f574bca
93028b98
729152da
3c4eb819
75a9a336
191b2650
42e989c4
97721dec
03adb639
5ca070bc
5e679135
ca5550be
7fca3f44
0bb35c0d
a42fdc2a
a14cbedb
a59eb31b
347bca5f
8aab07b3
292f368d
580f9486
378413e4
6481a797
737fee17
a2ff982c
4ac8f4ab
9be81aa7
8e9fb606
3fd79bea
11eb0edb
fa48cae9
b287ac16
2f7dc826
419eee68
a5488e96
4a42a15b
85505ac6
d278504c
43178a57
b1b55c0d
f9b8b5de
c5d00eee
5d289d0f
fc3478c8
8d570707
ba307927
0e8c5e54
66fa7102
4e29a895
13e45800
329ea965
a0791698
7c4f29e6
4c5b13c1
305fd17d
6d243993
983e2c93
76050ef7
883e727b
b2fb1f59
915ef33e
3cd76b27
66741084
9517fd37
57a7d005
64ff881f
fb3059d3
8f6da1c9
8ff403b9
91686350
92c9b222
7afa42fd
dc969b62
0a8c242b
388814e8
986dea71
45ac4975
ad2507bc
51a0f8be
b3554c0d
5c4c0df9
62618861
d30db64b
66047c82
f22e44ad
1f2df52b
8710ee81
64811361
45311ffd
c1fd693f
027f3c91
db8820bd
f9457183
bc31419f
bda4567e
75a656ee
00de59b0
17c054d6
59dfd59f
63b3d7bc
c34ac3fb
c9d03ae9
a1f53dd8
57e42d41
ce1a87bb
85854ead
34d14ec6
d0ee09b3
8ee2ced5
0100494a
3f349ee1
5e8255f8
96ae4c07
e5a6fe83
59780d2c
6ddd61e5
ce7ce887
45df9896
d5983a5c
ef53b307
c2ea903a
176086bb
646566e7
57ce42d2
0f88736c
0033deaf
8b4a7829
8bcd3bb3
cd8dd7b2
722e7a31
673da0a9
399eb2d8
2c99e80c
80c863dc
a2899417
25b6a859
0c5c723a
833d57c7
55853df8
cbb4f2b3
44afb707
52ee62e3
b3096aef
57fa80e5
44d246ef
f8ed992d
583f8797
091f1dba
aed01367
abdb1576
f20ee246
f77cd6d3
976e948e
966e288e
a03603cb
a6dfb592
3438efc7
fd295a48
e83de31c
e7d409c1
93296166
67d8c7a7
bc439844
3ab38fb3
0005462e
79a80e21
f9a7c3b3
04b52106
a341929d
10905b89
8cd943e5
9424a75e
ce2b9f2f
9851d5cf
e7463281
1df4a5f9
31d504e8
a8567051
80980d2d
7fc51700
00000058
00000003
0000002a
00000001
00000008
00000002
00000320
00000020
00000000
00000300
00000020
00000000
674a5dbc
081de3ab
3d650ca6
50f14c9a
aa658a2a
8c0196e5
219b615d
619cd0dc
8279d9bd
6f083109
e830b60b
4b1f56d8
2c75099b
d01c8da9
4fe6ac5e
be231d3e
9a64c100
f42f8f10
002eba73
cbc1958d
0cc0ec57
24e1ec74
3bb01c86
abbf5834
fa88584e
bfecbc43
dd990d59
f14ded36
5652f55a
a619c5fa
7d424eb4
5f7ffebe
532eac69
354ca0e9
f94fb3ec
c5aec11d
e2e9b471
14bd0eb0
e490474d
d9e690fa
c3519bec
3a0d7a98
9db5624f
5af5aa9d
e7c6946e
4abfc12e
225c5cd7
ec061ddd
d9691d58
40774632
afb8c708
260470bc
b5ed1918
6a1c1e78
aff932ab
ea17dd0f
a2d0166e
5bd50cd0
732b1e10
465c935c
85475d2f
e86032c1
3890bf8c
395609ce
d784f202
d4333173
3abc2aff
d0fde9f9
8c06aec4
ede3cf58
0d7a6a93
d25b0412
f5e89717
12ef9f71
f811cb3e
45065e6e
a1223b00
7cc6cb5f
4c0d9292
88b8ebcb
3508c00b
b45a29a1
47455fcf
b20894a3
443bf0cc
10c29e31
f1913646
ba3dfe3f
640b82e4
d4f968c9
25ce5822
3c4a4e11
34d54c84
68c53af6
64373057
210e6e31
a6fafefb
e2511ded
8622d3e0
3177a4cb
711431f0
f99b33a5
33e65527
fe5d66b2
05ca9ae4
210e4e27
94397bb4
d58df726
1e523780
622e484c
f929f6be
19811e6e
fed3d695
8681f2fd
36140495
fb03c923
6dd5a8b4
53b5772b
82f2634d
9ce3b7cd
87410f3d
ac1cdd05
235fc7c0
3483e523
5d997086
52ad8702
056306af
b2df741d
a76b3f00
9b27614a
8f166dfc
5811ab1b
d9963001
47d1eb0e
65d2370e
3fd0ba2f
9eecb3af
46a0ba5f
e9951dc5
4b49dc43
0379ba6a
7097358f
d33a9cc2
eecf602b
6a4efd3f
b2cfdd7f
245551ed
57587872
82ed0215
0493dca0
14fc43de
85b76f8c
f2d87506
8d9382a2
a34b55bf
2abeb16f
184e8cea
d5c73bc3
6e739b09
1d41ec28
a35d600b
e8a5e9e1
195557ce
a5450f97
ba07d807
09221c0d
74e1fa79
ed49d134
50e86c7e
d48ac0fc
f823689a
ce9778d1
ff6cd881
936fd859
c92ab704
e8a67f0c
d41d7b6b
e1c6e510
c3856d68
2ef35456
b0c77e3e
fb8a14c6
7ad3b073
da44b3a7
71325216
f84b6f44
ff514c28
5824d94f
c39be01f
3d08887e
000d45bf
5b8b0e0e
ab23c99b
b8698062
2dd57a02
17a1cebb
22574679
488dc501
66466357
e152299f
00000059
00000003
0000002a
00000001
00000009
00000002
00000320
00000020
00000000
00000300
00000020
00000000
4371a033
c220bc5e
05d94fab
a567f332
e6ad428c
5cf26490
40b94edb
3505d6d0
2873d460
99f8d88b
ff7fee5e
c9318a51
872c8dd0
c66b24ba
660bca7f
cfa2c3bd
40a97507
f8f5f84b
77f3a7a2
8dd01679
6517b5a0
90ef3252
3e41c78c
5fcca3aa
701c9beb
f81c5f72
1725f478
dba6edd0
048df670
5cd804c5
680de436
f5c1307d
68dddfb0
b7bfa2be
bd9db354
06f93c76
c9d3127e
f65a3921
c99fc92c
83c7cc52
e106f6ce
f1989dfa
7cefa16c
af090273
89286e24
5f32e9e0
f589e99b
fd5d9683
f0ed4d1a
4e694c45
b348854e
f6535a5d
36401e87
9fffbaa0
f278a49e
68da9acf
b165bcb9
f7d5ff54
d87b9f96
2da420c2
50cea075
1504fc31
1822b014
4654fb9c
249898ec
79699f84
7a00dc35
42244b46
a707dc16
ee59a3b9
08036887
04f0c396
3925a1f1
b9bc638b
e84550cc
89507972
5641c963
81a12c0d
456c06bb
ec6715d7
0f1b4c16
65808cbb
e0507173
e643c493
6b7daabb
fc22d41b
8ad50539
7d8b86c2
632e3aae
cc2e54fa
a8574b20
68032707
ed6d39c6
424affe3
1e21b37e
8b1c3923
32600c53
49e50ed5
64195f65
28ec5a4e
5f4d239a
cea29df7
25ce4e7f
3f2681f0
97204ec4
598eb96d
e00ab2c9
882afd62
b5e31a0d
45e22ea6
872207c5
ae30ea32
d3be4d82
1ea92235
aa5216b9
1e0c8c77
9cf249ba
29de0bf7
b28a5a02
0808bad4
7962201e
cbedc7b9
1dfcaf12
e84a1027
960896e1
682cf87f
948708ec
52345923
a8dbca32
5268f8a0
d06041d2
8cbd659d
1ab10ae0
a38a42a2
42bd9ab9
0e85e8e5
9c573cd7
abc61df3
051edfa7
fe97c12a
b5e7626c
672149f3
638ad0fe
324840e7
dce102e6
dc2a581c
cac458e1
5c003717
a8018d9d
1faaf6fd
4023815c
596c90c8
81a46f01
ae374bf7
587a4a3b
642b802d
015993db
fe5a7ff2
0e666bcf
184af300
30210b87
0b868ab9
95a399e1
f7f7c1b5
3a49c204
4c369030
e1f7e707
5713079d
43f6db66
89e7227f
592dc90d
04aee1c4
a5f201e7
ff6946b4
2f3a81c5
f8fe5ba2
660319c2
5bf8e731
fe1fac99
cd96c82c
57b135f5
c1108f76
34a2386d
ca666ca6
77fac8ea
238af180
43c0d403
e5ecf3af
a970e5b8
306f1025
ed8638fe
64a34870
65d2b64a
66e0ab4d
f5646698
7061f4f1
9dcf3f95
c12d4a47
50656f33
b12b2aa6
0000005a
00000003
0000002a
00000001
0000000a
00000002
00000320
00000020
00000000
00000300
00000020
00000000
dbd276b4
6f887d89
de38a9d8
2c9df004
c8f0fbe2
12a074e9
c256038c
a455a799
2c948b44
d74b76ee
e384e4a8
86bc147c
938ff7b4
1935e9f2
94824d7c
6b1d765f
5b9bcf21
0ba3f948
c4385b00
1f747a33
78e6535e
4825b68b
28b1d760
9668484a
76198efd
5b68ab5e
c2765a35
cb37649a
c2ca9843
71fac8fa
33790f62
743acaa9
4be1ca99
c706cde7
3c03a314
1a41aa3b
860ba4d5
655b5421
71356563
a8213cf9
8005964b
ddcced49
fa8ea58c
66a4ec27
4e7c5fc3
14b63bd7
47356da5
776392f4
485db981
7debd34a
79bb0abb
e81d4ddb
ddf7ad30
2bb0f44b
96040c37
520ab7b6
dc0a1599
db659f06
9cf56e77
e0c74956
05efd722
7e20c0b3
11f80491
88157df8
1f92414e
df75508f
944dc83d
1a972f69
c39bbd3d
789877ca
05b66f5c
474e5f2b
af24ec62
24e6f8d6
948eb1fe
f2e8d82b
0df64885
dfbdb1c2
810e8693
b014c0f8
f82cbcde
3b479686
50acffdb
b7263d88
b8392cf2
dc072288
e9125cf4
2ee9acb2
ff17d04e
be09bafe
80737a5d
a7318eb3
3f59c972
9ab17e39
609e51a2
1801930c
e3624737
ea12da5e
436104b7
c8e7a558
ac5a8e37
64c5af76
a76a0add
ff452aff
5bb636ce
4499cc21
7d4496f2
43fdb72b
0c6f517a
4750fac9
84ed8db3
ed9cc8f3
03fe2739
5d23afa7
05a8b926
63dde2ab
29b69e7c
6dfc7453
3aacdd8f
8110c341
a734eca5
47565dda
af94228c
ee1c1e7e
93c6e19c
31028d67
183ae620
0f00632e
0acc2554
c0a7daa5
00b02933
3e3e518d
0262804d
b7753dcf
951486b7
daf734cf
bf74018d
782c2089
52160a01
a3ce5285
f4ade175
0a5a9071
93e02472
ae17d6a8
3d209c24
78517056
1237d2d7
954ca28c
190abd22
8237e8fb
87fbb52a
e91143c1
34b3523f
11476e86
3a759314
d6951864
fc8a491f
0cd1a0a5
bf3c1410
23f6f3e4
e02de8d9
9fda5e3b
c913cd9b
7869d780
7d2adf7c
0d853d37
9e6b818a
08fdd4a4
5391178d
72d685bd
5c847e33
1b522385
54255a5e
b91d9b11
1de045f5
c6c2270b
4a33f26b
c168555b
cd5f3e75
bd7ab8f4
e530beac
baad56f6
7606a4f7
e7961099
f6bcf800
023caccd
cd3ab4c5
88f6e61b
f19f58ff
ebc362ae
3164ec75
48ac5bcd
f4f8d334
5d559da4
423a88a4
49318efa
b33e74f4
bdf3dae6
79a5355f
ba389bc0
0000005b
00000003
0000002a
00000001
0000000b
00000002
00000320
00000020
00000000
00000300
00000020
00000000
4463e303
c1a23d89
6ff670c5
006d384b
861580d6
de5afe6e
2697efb7
aeade521
b11bfced
e46ea6a7
38f80ff5
2c6d2a35
92365a6a
8426499b
9018ea0e
0877001a
90938084
896a6927
a006dcc8
a2189652
23559426
4727adbf
767ecb42
15797abf
3b551d7e
a22e7057
2a5f0890
9bbfa17c
b4a60810
7c340cb8
3bb9930d
ed6f00c0
0c8dd986
6670576d
33eb681f
30b08456
e05a70ef
8e6a0dd6
c1e7959d
fa6abb1a
d457f422
d53e4419
4579d071
960926ae
41b32090
b58bb016
2a62dd4d
8ce42272
98d0643d
cad9323a
0452485f
7fcf9d58
1285f5e4
ca278f34
1d688dcf
959a38e7
29058d5b
e1d824fc
8fc43a35
e48847b3
3364ebb6
f4f3509f
4450ca2c
adbc44f7
815068f3
77cec8da
881867bc
807faa8c
9092eb5f
cbc71743
97c2cf7c
ccff07db
3bf00966
8a3a0395
5ff7fda9
907ba3b9
c4e71b7f
3b4504e7
4b2f7c9c
f582f994
fe7dc667
00db624a
8e99a4ae
b80196a0
9223383f
e6f26327
ca17d78a
9e48bc32
6c6f85d3
7c282b06
14a9fcc4
0a903ae7
dd00509d
3b521712
4d131343
c42beea5
f8aa145e
87132a52
d3fd5cc2
c362511a
7aaa2bfc
473d2730
977024c0
08165be6
a253af62
2cfe8ab2
f2a74646
85a4dde5
fc371927
9c76ce62
ea997da2
8bc7c4ae
74fcd9d9
f3b5da1f
b84d2856
f1ed18cf
096ab3c1
03b08a66
8f3fe3c3
6df9aed8
00da347b
ea45c6dc
e15162a0
6578c02c
92af8416
60da52d7
d77b8638
dd2e4844
7b69afa8
b66574ed
e5a9405f
d920117a
706fc678
94c5759d
273fc008
5235d763
bd78e523
1163b75b
9c71774f
025e01d5
39963c0a
e39b09a0
7548c3da
319a9820
87706163
4356379f
d11ac553
7b4bbc09
2c2bfa89
405906d0
c84bcbc8
189c76ac
667c32df
73234b56
ca9e944b
76b76215
82d23f8b
8ee4c3cc
25cfb33a
28c918b0
b63dea50
79a7ea6c
f53e40a9
0f4b677b
84b891d5
7beaee57
3601e599
19180705
5381dc98
03a88da8
0b0926d2
443ff237
4fdc6314
c3b830f9
57a2b0c4
9da36379
a27fd9b8
cc1ebcf2
e3aa0530
48adce0b
83ea2758
a03d4d08
966f33a4
5948b9a8
ed41b76b
7f0b660c
b5160e8d
a9c19c5e
bdec2518
b96902ee
e7bb5319
4b73d932
96fdb2e8
4f8f2e53
8b173332
6732b765
f3b45c45
b640e59c
9aec22d2
c37630fb
0000005c
00000003
0000002a
00000001
0000000c
00000002
00000320
00000020
00000000
00000300
00000020
00000000
ca44cc1a
c70603a7
8af47ced
c100341c
b39d6226
c76afbe8
efa9f49f
6a9f5671
4f4aff42
54821a6e
30512698
64c4e4d6
0d53d1af
d2d7ed02
8475fe2f
f2da92a4
5ade24d3
9f5c92b8
dd47ad78
34a8ed19
b0e9acfd
55e74d69
37266035
c525c3af
bd7ef141
d2fb55a1
cbb3939d
dcfbd9e7
0b9d4041
30b1faa4
015beddc
6433b480
9aab04a4
99260cb3
cf1549c8
a5e21d05
77ca5827
d673b8ce
131db113
168c570b
9697b501
d4b0aa0d
6a3e0b20
2636377e
aa3c4c82
0b1cf9c1
aadb3d97
97b2b981
edfa0e7c
ae7ba72e
bc593ab3
bbfd84e9
53956914
bf9465c9
163d6e64
f9028dfc
8b356056
89b44d6d
4d4425fb
42652adf
e4b91737
c71089f3
6883dde2
0b860cc5
31b811e4
809ccd43
814b534a
7069c1a7
96cfddee
d6468279
b8ee975f
9bade56e
58cb595e
9d095012
b92f4b38
a1de1f8f
1905b2df
4fd2a8d4
c38ca45b
113cab55
160ced58
4be270ea
37255d39
2c1e814e
2f1e7d6a
4f393323
042ac3f8
9c36b9dc
4cf11a7e
fe5b1da0
d696ce61
86219e17
d2cb6a3d
ca4d22ce
2b9b92db
06fd4fa5
cb3a3c2f
e516aeeb
0a59f758
dea04dd2
fac201b8
ac54c0dd
46638604
a416afea
765a1df0
71ff5e42
6500355b
899c6f8b
d3db19d7
86b4be22
61ce97a8
b9fd64f4
f577f6f2
358484d9
5fc9ab74
8f3a8af2
a9aaaf53
d9932e58
cfb288df
a52955fd
7c1bfa2c
29bd3798
971c04a3
bee8c7f6
38d9d99f
2751a9ac
8115e212
36036642
e400c0a8
1e95d068
2760667f
aac8b5f6
70d5525c
5cea628a
db95900d
7dbd3b59
306969b1
3c5f5ebe
cceaffa9
2725ecaa
eb64615a
a9f73579
51b490b5
37b88d57
42889d4a
8e68136b
121a9a20
b73d69f1
930a466d
589a8355
f93cd537
95f438d1
44b59199
c0ed9a8d
aadd083b
d17fe655
3b0a51b3
976cd056
4a228274
e51809d7
f625699f
beab57d1
bc37b6bf
62dfd0de
854b1b95
fbd8ad45
10874e0c
f7e2836b
55860c56
5233e652
e2e14dab
af2bb7ec
e3489153
8aea46bb
dc24727e
94a2ec59
b06818e3
8b32c854
8b3dd2ce
0580d959
2b0b4150
26c5c16c
826240a8
d1b7b0ff
c3023957
502f0441
f6e88e30
a74e8567
02c623e5
745725d3
23920bc8
7f184ab3
ac06ae6e
ff580bd9
c4f6405d
abfc60c8
4aa1da1e
4839742c
68d6b3f3
c5eb0a8b
0000005d
00000003
0000002a
00000001
0000000d
00000002
00000320
00000020
00000000
00000300
00000020
00000000
a1088bd7
07abf941
675a198e
1394a5b0
9a472537
9aa167be
9d62a186
fa809952
e03c6ca8
03135fce
6bf9dbb6
8ff5b852
10fa825b
d402a109
b26ca3b5
e56f3741
00490d28
e925e372
3eedb9e6
a21228cd
c7300abc
e9de8924
864338ac
496527d7
3f906ff4
805eb7cb
9760db22
27a049ac
fae61244
e15b5852
73ab4266
2f64435b
e1335081
08a6edf7
449abd3b
913a3b56
28f05bae
0170339d
cfe8b461
aaa5bd39
0b2315b2
4e349994
45629b44
d050cd93
feb8ce92
fde3dcce
97e75371
0cb4d3c9
4157a142
8cd418fd
225d4c9a
7212a948
bbab5176
4008b8bf
c6971f5a
be03b00e
b6db8041
814688ad
d096c683
40edfccb
92129b27
8203fac0
825e0678
229fa6e1
618df292
77f3a098
bc3d0eba
4222abf1
578eef72
8c7a6047
eafeb816
cc0d6b50
e00277b4
cfba822b
8c595bbe
ac7b0477
82659d55
863910a9
beaae677
d3ee5ece
e10cedaa
dd9a408c
ddc9e4bd
538f74c0
45681fc2
531b9142
1ee74e2e
6307591c
2d9ae3ac
fc9c585f
1043de88
cc823f82
5a0c61d7
8d09bf90
a7616ec8
e1100f50
a77bcd81
2356a8e1
7be87b8a
a103d145
ef0a601e
3767a8f7
c140cf60
26a3ceb3
2bed7fdd
37b3f08c
dd3675d7
402b6cab
e5c871b7
394821f7
abefd49b
da19356f
948811fc
53bec07c
307aea3f
2e218fce
416a4a6a
529b654d
86713bec
1420b423
d91fda6f
d1692a43
0854d325
f9b57998
34dd1b5e
906ef4da
c4e67f9f
1541a2b6
7f024f95
4e1b46d1
38ea4b17
e3071a68
cc9de74b
1f53f149
0c16c4f0
5c253cd6
a94da5c8
e60be2b8
4f14e96b
0ac1da80
e8280a5b
9eea54a0
454241cc
12211fe5
ce3daa57
2db501df
b0f8400a
0ca80960
36b58945
f6f9e017
b8793613
34f69f4d
53f2c021
92ced166
a60bec71
bd4125cb
2158811f
7a87e54f
7e497382
143359bf
077f8647
d8b1af47
169d0faa
a5347363
5723741a
3a22b10f
bc1156dc
210deb25
11ba1c1f
d134f25c
299d804f
7e33c0bb
df3590f4
31d28155
5e9dfaaa
83917db2
b8b4bef1
aa6ba686
58872fba
23398323
eec5b4de
bd61b220
a0f4c3d4
0f8e2616
b62659e1
5c2a6fcc
27c0f22f
3c516667
3158c715
e589314c
e2ffffe2
d60a67a7
c8b3ed42
94de96c4
3a56a753
96f1fbee
59361203
82538180
f1069326
1f51ed04
0000005e
00000003
0000002a
00000001
0000000e
00000002
00000320
00000020
00000000
00000300
00000020
00000000
f727ca31
25b9d16b
e7072302
8cead419
91819dfa
23badb76
ddef164b
2664b0a2
5731ef95
3bf88f25
891e1504
6e152d8f
8c02c073
ff52c13d
cae66332
51b78ab9
f78d218c
9d6da1be
4834c871
52bb6f16
3330c49f
03d77ba9
da4b2f00
3d97d05a
f7de2b8c
a3db228b
d7605e33
b2c9e754
45418eef
6f0d9b37
cf40b19b
34c71be5
f90467f8
cd623d38
e1b2d762
12d8eefb
02d955f3
fa144748
07a7b002
87f822e1
8c7da6b4
90f6a213
566ce590
3930880f
497b149e
a557ca5a
519067cd
5c5d4c9d
205e0404
d5c084f4
ba799bcf
645d9387
db8ba1ff
78cf1fcc
6d19b6b7
562cca17
aa9a0a66
05ded7f9
a5c50731
891933f8
0c1481be
cddae101
5fa6dd3c
152d0ead
1777ec6f
00c0e9c0
780750b9
531bfc40
dcf307ee
42d4c039
737a1f76
0a424359
e4559d08
2feee3f8
71b03662
fa6039ed
7204900d
8f0cc29d
ead78020
b1b9ab0f
dfb3464c
7adbc643
a49a9688
f401bb84
b627f3f0
23750e69
cc4f83f8
73c4b0fa
10ce1de9
777fe3e5
04ce77d1
ef95b2d8
ef415999
c72dffe7
db05efa9
af8fc3cf
485afd63
04ca921f
6709a94d
d7d8d3f4
f7bce776
c0b91c9b
7abdab85
de8e3d85
ec9ad479
0f9133a4
001abcec
d57b0b14
e23ad9c6
70cd8d0f
6dc97b68
a2d2301d
6af8a523
20fb52f1
4887cd0b
1b9830f3
3deb6640
b35874f6
c2021fe6
4a088d55
9e1331a4
57a21390
97892184
a69b7b40
6df08335
796f31dc
64576370
f695b2ec
21eef5b5
7663aee3
8c748c1e
e571a0e8
f2270c7f
5150a278
1089503b
2bf28395
09231497
34602b3c
43f94fe2
31de0bd1
37f815df
c056debe
87ade76f
9c89aead
b64a4fab
64f50764
ececda30
8d0191ec
6c43cb14
1dfd2c41
b2a7833f
a3ec4682
e80abb31
f6b6f63c
d33d5d73
1ca7e505
58d96e16
e7ed2af3
11c3cf67
b7526f3a
d046ab79
3dbb226e
720ea378
fe5ab3ee
e5e9f7a9
6aa1eae5
a464a1bc
2789830a
1f5cb91a
584ad69c
2c260c44
6215d712
7cbda30e
4a1c0cea
aafb4298
461c15ec
1e550d77
60382807
54d84ce6
c8d54769
5c980d54
7d03d7fb
bede7e9d
f1f3cfd8
721467ca
41a66e4c
702c0c2c
53a4bd61
d8ff2ae9
3c5754ae
379d4d02
6a661554
ff4881b4
f35dfa24
34eac982
3303069d
a05ca1f1
8cb5e452
9ad197a9
d1c88200
0000005f
00000003
0000002a
00000001
0000000f
00000002
00000320
00000020
00000000
00000300
00000020
00000000
99d6e559
60d258f3
70f62088
a9a48246
93f248c0
5dbaee26
44dada4f
1166479d
bc01c01b
e7dfadec
916b609f
6552bc25
48e75ba4
f751cf17
c1bf2f4a
593afcec
9e3a040e
11b00a5f
0481ff58
683acaba
baaa75a1
3688ac58
f18e9247
23b39f8f
85bf6d2b
3089e9ee
48e02b02
813c4c37
144331d4
906afed6
a3e95bd2
ab0e5723
8a8b1971
fafea3c9
6d4208f5
5d2d7ed2
502d7112
9d873859
06042af0
0f937590
43015ade
8f934783
136f3a26
4cbab19a
0e09ac8b
fa388240
b3dbcf14
033178ee
429229cb
f5889028
3d1f9c5f
0ae3274b
ac58acdd
a9129677
bff05864
cc4a0d8e
151f500b
b1549aea
8cc0d708
c3b38ad7
1555a4da
950be26c
81265df0
d68122a5
76ab7779
9caf61d3
ac8f54af
27aa6841
e6fa7ded
554b8e2f
b0714a90
4e11b7ae
476dc89d
f005b766
db698806
2f7b1c6b
f7daea14
2bafad27
19a8e9cb
162fc88e
df37ef13
43965bab
939a8cde
ccf98dd1
04e28942
3f374c91
769e3e6b
4ab9761e
2bd312ba
01e29007
220444cb
3c57e5db
ea0cf2a7
9d0110a9
6bf64688
5d1c6475
52f92853
885e344a
8f037cfb
59ffc1c9
b47b9d08
9e2da01e
1a875621
a87c69fd
4067c069
9dd94b6f
dba28224
31e78f51
bcdec960
0f4b5b39
5650f805
a82584f4
4a6d76a1
46551f14
1732613e
ee50b0dc
11b3b693
44bc5902
52abb028
cdab737f
8c32a3d5
d043aff5
44a94785
50390d81
985fb411
33cb6b52
e14b6355
047a2750
0630cd4e
ee5494f0
49d55e5b
9ce5e24e
6c753628
37be215d
19295d1b
e6785e3a
4aef5247
ff3f7dd5
c416d56f
6b9f6682
144c23ac
57b11e17
d91ff687
1d7aabf5
d4d75165
702f92d4
c6439e5b
13bf980a
d948e26f
272c7e74
3af35a2d
6e52493d
e2a38964
1af02ac2
fbde4492
9e9a8bd3
b2f1159b
499070da
a69f9be2
ed531913
e8860007
f14a8aa7
85404561
5c154aa8
abcbd481
0657326a
a3704516
873dd1fc
f614b624
7e71d4ad
88345016
5b153bb1
db5e9d6a
81690eb6
bfb29744
97ab8b15
2e43fc42
0cede0ae
84ab417c
936628b9
a3e0a3ae
d947d481
9999f84e
1fc575cc
bdc834fc
b172107b
a8a4372a
2fd52578
36b5f2d1
ce56b179
076072ea
d61b85d1
f626843e
31643093
dc91a89a
ee086648
1d06bd75
bde4c091
6a989df7
6e10655b
00000060
00000003
0000002a
00000001
00000010
00000002
00000320
00000020
00000000
00000300
00000020
00000000
f2b642b3
0fdb06b0
256b02ed
90fe2683
f4827bdd
fa385839
c195b158
08ef4bd7
172df9b3
131ea837
fdca5ff7
40f240b1
023d5b4e
1348c7b2
852df4fe
63378703
ee7c18f2
c55b02b7
4fe3a247
19cc9895
45411386
e68872ef
25e40380
e36685eb
07a048dc
fc30e11a
fdab2b7f
d651d564
f7375ad2
4f62e813
e9c45968
ead848b4
86a88aab
9cc72304
2bccd059
38f85648
cedb896c
21a779bf
18461e99
791b7480
2fc52bf5
ea712f65
c2be3eb7
ff76c480
e3214803
bfc616f5
2813a3b5
213da9a7
c2595484
7506ad75
b0bcb8f9
a30f73bd
ce93ffa6
3854bfa7
005b1881
a4989a2a
cc5e1b71
ac2fb25b
f507911f
5087da80
e2a08f63
0d0a6f92
b8a65cf9
c698a456
18498344
bdb660c7
40327b51
8e46f220
02ef04e3
ae0d9b5d
631cd27d
f596e6af
6d31d7cf
572c7a33
b3f494d7
7571cc08
7bb7d452
bc718dba
232c340c
1a8ae015
a669339a
8d66c157
2e8af262
d6eff8a2
dc519466
464913bb
948228dc
c5e25298
db63149c
ccd6ebc4
fb291db6
51181182
906b3b04
90a596e3
7607b67f
eb17d6db
c1dd0c25
6a36f553
88a553b8
462e1617
fae9f3f4
57b966f5
50b60b90
07b2d876
218e18e1
027399ec
81651557
2f1c74c8
ee607c1e
aefb8cb1
7b5bec85
d04587b4
822081d3
99c83a6d
0656bcf5
d466d818
fd0c61a0
b09632c2
20d30ff9
561a3345
8c59eb51
d5baa709
0a2431ff
be39cf59
7b0d45e5
d0adfa78
ae6aafb1
97d20dd8
907338bc
a69872a4
29d879b1
0b56eca1
df696d39
a6dab10c
be97ff7f
8394132d
3dbef38d
37dce772
24cd8f86
50cf2825
bb5f3f37
d953d96c
78d138a4
7fcc47be
99b5b7bf
9864f250
1ded0d07
92fbcb90
3cbe40e7
0ce400da
0700a37a
86d6348f
d88f74ed
aa89164d
d11b97e6
4d9742f0
71151423
c587b9fd
a0a0c013
ce5b7791
f0b42712
e506a584
220792fe
bd4cfdf0
658c41a8
8288a22c
983c57a3
54a63ff9
7d65d68b
175645f9
56779801
2f0475e3
29b75e9d
d1ca97ad
00723c56
05aa5d2b
23d838b6
e653e702
451c59af
963f1ca9
a35cf29e
27bd5db7
96b3370b
5050abc4
90dafefd
02b7bedc
c51b38c0
e04be393
3215fbc2
69624ae8
aa4fec8b
70b9012b
1d1cf005
93ad1cf9
be358768
7e205213
d1a15b30
92cae499
5988cc82
eb81c6c6
00000061
00000003
0000002a
00000001
00000011
00000002
00000320
00000020
00000000
00000300
00000020
00000000
01de2a72
18da5a89
19606efb
fe12c66a
a3f4f5f5
a4de0935
ae866393
03f71623
e94c10ad
649ad080
ebfceae8
b80e160a
382b9dba
27e7abeb
4b67a3d3
ad3c2d28
0645d0ad
1687323f
6afb3338
70521972
cff34bae
76c841fb
0104b66c
3c518a4a
fd79da19
8670e205
791a382b
0dc70a69
8b6a502f
99eecb3f
c71f668a
9be90a18
22c3a22c
e6e22685
5e34f08c
1c21297e
f17bfeb4
38831468
18dd0b8b
feb385b8
47808f29
7b44130f
b844792e
34504dda
cd19558e
ad01bb77
b55439aa
8600f8f7
86d434f3
028d8417
ae0a9dd7
d4282676
8b370040
126d72d0
3deec8cd
e2867550
353605d0
3d01b45d
d1c976e1
df7194ef
e5c3315c
6182a7be
5148d939
eb0a4d24
454a6f47
a6bad8f4
f6f29fc5
50e95e96
eda005a7
5ee1179f
e0321649
b54a99f5
ab0bc40c
1082a015
d8a351f1
d30e1c97
f76ad3b0
aea4ea7b
99da5971
8020eccf
17dd5b97
9b4ee413
a8ce285e
f711b0bf
9499c1d3
1fd47dee
22c60430
a39e0cb1
ed9f3b29
ae991464
feac32e2
5543f6ec
c8b68653
d5f92346
166aae56
ff66743d
338d54d3
3153381b
1ad311b6
26e17513
885e8cf6
9110a102
e13c8dfa
ad15de42
60e1bcdc
91d3beab
1e273baa
0feaacfd
643e969e
43d1ca5c
35960b4e
5b9361a1
a1c53188
3e9d461b
ecc09037
915fdb1d
f4cac67a
2de2f88e
871a7643
e68633dd
0422de80
a2b78472
51d014d7
6b9b6d2d
da7c6ab1
5c6db732
4bb854fa
3cc4f121
1b340779
3558a962
e25fb9fd
665b23dd
18e31e80
535d8c9e
ed2569f8
e044da88
269885c9
62e057cb
baeddeab
b33ebaa7
1d6c631a
bba28d29
597d965e
ce2291a6
0a42bed4
3b6d43d3
f7c52ee0
8c1afd9a
2ea3738c
9598a8c7
014f4c16
9da56b30
6260d2ca
028d2168
9a192acf
90690040
c517af60
1e603131
c13c9692
e49ec87e
b308cfd2
1495f15e
285f05b4
5f331bc2
da0ab6e8
62f2903d
58f7809e
45475e6d
39a6595e
0fde37f3
2130d8e9
f601a0c0
f481474b
f378b92a
6d71f0e4
46240988
7fd21dd4
d325afcc
d22cada2
d84c33fa
68deea48
ef5a5604
a765012a
d92f81e0
dc7e1a3b
c47c855b
ebb7b8b4
2e57ace0
149b97a0
e1d26602
3a883214
6b7b796e
53fccb27
27fc77bc
7f5d57f6
570b46cf
ffcc338a
84e88d19
cfadf4e8
47aeaed2
00000062
00000003
0000002a
00000001
00000012
00000002
00000320
00000020
00000000
00000300
00000020
00000000
f5dc9f7d
9e1c6dac
4386218f
c9729145
4f1206a1
50abe218
486557ee
ba9da2e5
399c68ce
a4c9fb2e
089f8d32
00827cd2
01be2b09
28d921de
6a33b8d8
d117c2b9
23a02b1e
0b383007
d178daf0
cb392677
5ecf9e20
f84d22d1
b24338c3
12eb676e
79b9b480
6b4b18b7
f6837c94
29345a66
df1f8a40
80f1d6d6
78df23e1
6d8e9011
a179b7ec
e0a3a34b
b6f81e07
4fb2443f
e151f571
59fff395
764ec1d0
9ec42afd
33bfc016
7267edf0
93f1c4de
c9117fe8
7d3b78ee
dd8be2fa
1b49c824
3a5714b3
83916cad
1d9dff4c
33925d9c
d32c3e08
e1b0b0aa
29efbb4e
bab6bf21
289e3036
09980f4e
7a9a75fc
0727305e
def961c3
40e058a7
da2b63af
a5671d60
c0973e10
579b8def
fc1643d7
857615d6
c8935d8f
82b291a7
e89b7755
22082059
b7398048
2127a191
18c33186
c5396c5d
9f2a9b5e
d6d067b2
1e1f7e2f
fed55022
2d3f8143
9954d08c
af19d89a
44b8e3e5
bf01e24a
4aa71f1a
29ff387b
b815c104
54b73ee8
e7d4a587
ee89cb7e
8791c50f
06e80cd4
acd026f8
e61094cd
a1317b49
04968175
dbbfd7e4
4239f1dc
cf45a58a
a7feb4d2
997cae0a
17d9aa5d
96e85bb9
158f0b94
ec9e474b
1d18b119
a9c3c962
b4ccb49c
6cbe64e1
aa3f7b5f
61ba1d09
1daa19f6
ab69c309
f0bbe62f
1afd8d1b
8ff23582
06814124
8565b27c
b00ab2ff
94df4ddf
c4fa5a83
9cbfc69b
5933ac9a
9dd04e49
f799ce6e
1a333639
d2af3eac
2837a56e
70a9cd41
1290c285
1d83a5dd
e479ab63
c9978d06
35724cb8
f2baf1ea
751ab22a
63c601fb
e6ca5dd9
b5793025
cb8e6215
b16ecba3
a999d499
5a3c5dd9
11496208
d1eca4aa
29616421
08579c52
dcf80498
b5204e38
99e24c3f
dfd8717c
90beeaa9
531fbc26
6fb06cf3
8d2ced1b
84696fd1
201a6cc2
b8dcd3f7
688f6c81
d36226b2
de923694
86a4f920
ed97fdb3
d048a55a
921e7343
cafc835c
2e1488bc
16ff6c24
15c06b3b
6f7410ad
7e734da5
f3380468
a252b74a
85a2d8de
3533787b
42a351ae
87efcc37
0234c591
a2eaf0bc
8c065ebf
0a41cb3c
48761172
6594f97c
b7e42ca3
a7b33941
b873af8f
8586ccd3
ccd7a6cc
c34b4c38
1933a088
fa27f86c
ccdd83c3
07c43d79
5bbbda61
b48ca608
49953231
08727bb7
2601638d
74e9af2a
e59cdf76
00000063
00000003
0000002a
00000001
00000013
00000002
00000320
00000020
00000000
00000300
00000020
00000000
db882fde
38846580
ec0d89f6
66a422c2
a4dae347
fd4972a2
bc00a7b7
2f58f5d1
fa3f365c
1f81d1cb
463206fe
c549f32f
3f5d54e5
75ecf86c
ced3fa11
b5b2efa2
0b7e8cf0
b3b3214e
b1f39077
b100a6c0
5ed34303
4cee795f
3064f6fb
5cd8be66
790dc116
6426f895
55150e50
deee744a
63a9eba0
1675c39d
743d183e
98ad1788
622b6d63
1e21554a
0b289d8c
379cab87
2eca7c25
d476a37e
48399268
f3129e74
f00f9844
68bb9cb7
98b56a38
3fc44963
6d6b3ad4
2562ba68
3d9c7df0
8fc8196c
189d6986
a8371d33
a7b2e4c9
03a6642b
59bf78ab
c788793a
b3fba1d7
9376b505
93e8eed8
3ce817fb
c2d79643
8615df4e
d77c695c
45daf9ad
2a60842d
5998f265
6ea78583
d0a8a5b4
c287fce3
58f4c6a9
97f09625
139519c6
ef79f2d6
efebe6c5
89993983
e711825c
770992fa
d495e559
e8662cb4
56237d09
c1eeea4b
ad446054
ee35ff59
fe828b66
5c6535a5
2a5517f1
7f3e7a63
722b4027
e29af92a
b9e40104
c1848a06
d17fec1c
05b1fbee
509fc66a
85ef5500
5372d715
e3e808a8
3bb967b5
c879ce0f
00bfd49f
f30ee016
8dd4e00f
92141cbb
05dc2e77
e47b0a9e
7ed105e9
e08fb295
c42f801c
a4c467ce
c23f33e0
95f0bc78
fb0b1a4e
8c159baa
960553f3
8ef3d1df
d792c233
06faebea
e0a70109
2e6a9de0
f1e9c5c9
4ae5682c
825cff7b
3ce57f44
2c34bd9f
3a3412b5
3546e02d
0581ca9d
9dc73779
843c989a
428efd0d
34ce57e5
88b3f542
f2f7dc66
3872c7f2
986250af
4cc1834c
742f1bad
4e1e8495
68f14f71
20cf557d
66c562da
2d6d32ce
0b4aaa3a
d85035d8
a6b1de31
82d4ce79
25ecc179
198216d8
8b61b4e8
8e5c4d43
2acff5b6
4f79bbbb
951d5f73
8678061e
b33dbedf
8097c9bd
bef67ac7
4e8771dd
d3749a42
a7e7b216
89acc9d3
36498e69
bedc7e11
aee45fd9
ea3dc060
e2787549
9df8a42d
ad18bbcf
a942f38e
13c18941
acfc3f50
8d83ab87
ed182316
5dbe7ea1
b3eb9c4d
299affc1
d938c801
367a13e1
0e32a102
2a7514de
564e50ed
17618f56
3dc4aab8
25db3120
37382538
1529505d
feaa4bca
34deda26
4a0b5618
d977d50a
c61d764b
a9ac4217
2d92d0a9
7e67224a
b6348e00
3625f408
dea1c5ee
0094c4f3
fe54a966
249a6e44
914926ca
acbcd627
00000064
00000003
0000002a
00000001
00000014
00000002
00000320
00000020
00000000
00000300
00000020
00000000
47b198a8
613b281c
d5d1081d
af72b861
2fd449ff
824056c0
d0b5a501
c16c6c31
5fde1c62
20af7ee6
92cb5a23
2f40be17
96d73ccb
29b9119f
abfe1dc3
fe3b806c
aa47cdda
86043d45
96059714
01eb07c1
727b9b15
df12fd1d
1aba64d5
5e66d6d7
60cf6c7c
9f680f3c
c7d2023b
337d9bc4
0a1c832f
dd05da61
d50f3337
47624f02
f1444b5d
3f18de90
0ab53dea
4abab0ea
27501f2d
ca105c66
2d55d8f3
a0d81673
8b2e428d
5dce270d
dc7a67c0
f5b1518a
c77c7345
a15adb2f
f7364431
65c4a0cb
7861253f
532d1a86
e45665e4
134168e0
ee0ade74
711125ae
9d19f638
21de385e
6c932757
777606da
d2a11103
1aeccd2f
17d26840
b56d0c28
31d960d1
7cf86dfa
134c509d
80c5b900
321701db
28f97cc1
c0fcd27a
f394d4d3
64d617dc
22a11d0a
7bcba78d
7b0cee30
f8863d99
f85f03ad
3d2fdaf1
f9d7f401
fb95232b
82ce99fc
7e694cec
fa6dcd2b
3710928c
5ba003bf
2cd33bd2
5e0c2df6
95feb649
77f6c553
cd58541d
118e12ca
c8e38dbb
7f1cb011
b74b218a
2f0c21a4
3794d073
8962222a
e9c7a449
85ab2c12
c2bd70b8
40aac6fe
a0c62083
7dac8fe6
fd51b7c5
45abe275
2eef43da
510cb992
ceab6fa8
758a4414
080f4382
36b88d3f
c9711fcf
a33a6f51
915316f1
8030dfe3
af81ca40
c91a231c
1b026639
d44031d0
11f9f77e
111d62c3
cd504792
28ef3c0d
1be7f24e
62e9212b
31bad1d8
78b40c42
33ab6884
287247e9
de82c7f2
406b1557
985a923f
7810c73d
ce257c7b
91657d89
ef5cb26a
e8d37fae
811a61fb
36b3b748
734aab88
0552981a
6a44e666
66a53b74
ab61d641
40358915
2be0b00b
d36eb584
35d4264c
ee076634
29b19aef
f6917fb5
e8ed590e
6973ab9e
07df9ab8
d4a150e1
d961b892
80eed9dd
643dc0e7
a9fca538
1f2af63e
3366a769
faa11def
3e209076
2a7c4e4e
4fa9b703
5bfc89f2
f08d79c8
e1f67b96
e030d457
5f2ae81c
e864c1a3
1dc489d7
4bb6e950
6d93c577
51ba7c3e
1b73658e
92c68716
a0365be4
b29ad5bc
4c704e0c
cfb090b2
f4eb31c2
4526173b
729789eb
895e0df9
72b64773
0c184ec4
1c3d859a
3ca16159
147d56e1
f20e85e1
b6c689b8
d059dc85
7efd0e3e
14a3dd30
76095934
1149e26b
7153bb9a
ab1b3072
e00f5825
98cb04d0
00000065
00000003
0000002a
00000001
00000015
00000002
00000320
00000020
00000000
00000300
00000020
00000000
d9dde923
d3699139
5f5f0cce
8c4211da
828aeaf5
ce7d668b
529b3ff7
be1091a4
d2a7a2a4
2bec95e9
6fc36f30
cbbbf15f
68bd9f37
730772e2
60922779
e4027808
11d9e676
4b45517f
a9cd3d91
c898d9a1
6bc2a193
d05406d5
66748d40
82a36f0e
551e2edd
3aa55f59
c4c9bfd9
bef45e0d
5d9242f1
dd959ff9
b4a73495
1fcdec9d
1855dc81
eef98990
0a44eace
67c8feb8
a4940e58
1dcd884b
92de9f20
055ccd59
9c9d9f1f
e090406b
a61f76e5
31692736
332ace75
9250131f
83d3b67d
e298d5e0
62dad472
76bd6ac7
941d911d
e86763a7
1c9b4347
23eece4e
6cfb1d51
eee266fd
ef406145
7cca761c
66964af5
207ef8df
ce496c7c
fbf7e849
af699d29
b117febd
2249d042
0f3ce13d
bb5e1388
05ff9b3e
ac71f46c
fe5cce4e
b563145a
f421204e
2423ac94
59c8a77b
8d41d5d3
5e8c4dd1
6d6c7879
e3c3e84e
c25caafa
c152ec87
05c3e94c
459d9229
f55ae230
41293991
8a56465d
3792f84f
6751e614
3ff361b0
9d079d33
b0f2efc4
2dd768eb
3f69ab9f
1e34848f
550b8b70
4c26ceb9
106a6f93
bb11a5be
af4f3daf
3197db14
aba6528d
4ee3fd3c
a6fc4082
c85f7436
0a9edb09
653d38e5
6c7c6170
de08b794
80c701b8
5f963d86
7535c89d
c3afc691
9e96a4d5
32b516d1
ce1c95bc
722bbdfe
28e09b1a
dca27c94
e4437033
c6629543
05b2918d
41e49ee5
438f17ad
e0ea5845
f5245272
c4836842
626f69b7
146e3c87
5edca116
241cf28d
12243f6f
30a4d5f4
20c75179
8e1c7587
158e8858
30f7e400
cc10e127
9315951a
014acc3a
296fc020
aa70552e
994e11ba
39d372b6
f602b63c
55f73660
22a34952
3ab15ee6
9ce15f75
4bdad28d
309b53e3
1a96ce10
6704f782
4b9bd899
bfb62bad
a4aa4c54
5e6157a5
abb8f932
e0c01202
b8c4c2b9
9168bb2e
08ce4f6d
86b8bb94
b284a4dd
8506e86c
33e3d2f5
63a8fad7
f216adf7
f39da656
dcadcbf6
65cb2066
c819ffac
1ce249ce
09c5dac7
f2a08966
7042df3f
d31c5b35
2c14a497
1aef0432
ea095043
020a997b
909f770a
3e0a4134
811f8b37
332b8276
6c1f37a3
39be5e99
4ee52fc3
7223f4c8
7109a20d
bc78b638
e93b9c28
4506d100
f3182a52
b5ff016b
1aa1fce0
bb53fd2c
0a43b7cf
f5fb3cbe
11ea1e40
5d21132c
772f6488
00000066
00000003
0000002a
00000001
00000016
00000002
00000320
00000020
00000000
00000300
00000020
00000000
d7cf47e9
129921f7
a22c1833
367eb0e7
bc819215
95535e4e
0f2f5bc5
d81f7f93
38696921
38e0dcfe
1798afa2
8d28be91
d446df6a
1b48cc24
2d2f9232
6e384330
5021e238
ade83665
6161026a
192e4226
04ee64ac
333c154a
20ce5888
7348f082
3bb53438
be355540
038225d8
d8c22d72
40fa8b21
7febff95
a87934db
dcbb4cc8
6949fda5
db346d19
706f5b80
e6cad1cb
b09c3533
cf5e9c08
910fcec5
43cec803
97bdb939
f787775b
3feb9973
eb839e5b
57dcc332
bb1646fa
e69c4686
2cf9cc03
9fa2e338
3e8fe111
83c6042f
283a1e08
dd7f57c2
42b9d31f
1aa67670
7e5f3ced
6c305143
ffd05d63
6e2dcf47
c44d5f78
dd7e4bf2
06c7b115
d1d1feb7
eb2226a6
aa051ed3
22496be2
64542768
5e954599
c01d2b8c
4d6d4a49
74779a9e
678fe2c4
033cedb1
ea4ddb0a
1690395e
ed26fc05
4e148f3d
6861ef6f
88cbb4c0
c7eef3a7
3976d4d1
0a2f8a6d
efd19efc
78723c4b
3ca2c5ab
b752698e
8a211d0b
3ffa3b1f
ea9045e2
6dfe36b3
b1f44eb5
6a8e2091
fe1fc8ee
9a244bed
4343f93b
96531521
1575cae6
76f474a5
98bc2264
9ceca7eb
5e9f55e3
18f045c0
779bd7a5
7f8f159a
eab568ac
e172335d
bda7b3b6
8db18d7a
69de8aac
421dcd0e
0bdfeca2
e8caa578
d717280d
055105f9
ca964690
3f5b1b62
1e9da163
4910243d
d87ce39e
9c43f810
229792c1
6bbd6f28
f02b51e8
f940bec2
9d3ac833
fe9d6434
c19a82a7
90d4a80a
332fd825
b95cf5c3
55125814
17410667
f4403434
44913486
3c8ed923
73cdec66
25e6baed
d24a1b50
1aa5875a
c6c72567
61952c36
5ee33763
b531e1ab
7dccf238
ea42ee7e
23e651a1
aec9dad7
e9d7cd7a
96e7534d
ef15d3e2
406c2f2c
9052eb08
b99cf6be
dc895924
c284c357
ba75b1e1
473fc2c4
f78652d5
170a53f4
b0c61804
a2ce644f
1ca19964
bc469a64
cea7da4b
2a8c9303
8c98c192
bc657da5
0483db43
355f4b13
751bd5f4
b5241270
65ab860f
80c4757c
747cf6d7
a1235898
d17f18ae
354b2116
18bb6c7b
8d1b2fe3
8301421e
0e51c2b4
91cdac1d
21aa3085
118028b4
5c04daa4
e8651fb3
6673feaf
b2979430
e4f300ab
90933041
3b8de356
25032d0b
4d9ba8ea
8c6fd873
bf99ecad
a76408d1
f84008e9
5826a9ad
0c2edc50
47397472
00000067
00000003
0000002a
00000001
00000017
00000002
00000320
00000020
00000000
00000300
00000020
00000000
04c14f43
fab8542f
03675f74
9b534585
200447af
8e3c5ebb
16247315
889c0f65
13d9ca15
46dad74f
53a3bdcb
63751046
29cec23b
6bbaaff1
1bd9c4c1
13d9b05a
192d5617
e60a6701
26ab3475
7ce3af63
52855281
77afb7c9
ad9ec644
ff49f48d
1844a580
598e091d
89a9a1f7
5ac38df0
32d9ac8d
7d1157ac
a404e0c6
cff45589
ba5ad275
4df9a8da
3b68817b
3f83aa34
856d02cc
58806863
4b6855d3
80cd27f7
821eaaca
ea094f98
fa1dc4fc
cc3026f7
7c8410f9
6cb21b17
b290f4f3
9a3a6805
80b60104
733e3602
6c26625c
cfebda70
8c5fe6cd
0bca913b
4a40abd4
163e790d
4e856ae1
14d67c9f
0664c638
362129ff
961c3b17
4a8a9ebd
141d6dae
abacd060
022fa228
4edd2dbb
49da77fa
1e864c61
7596345b
faf8bcce
79efbccd
46441a88
07b75152
54831e76
093793e1
31372b12
77e4fdbf
ff90ef4a
0eb1cf2e
cff894fb
3a232eed
4c4949d5
9de40f1e
9391ff17
992e27ae
5e1f4cfc
f7dc98a2
047ec62c
a9171c07
93ea7a4d
c00ce8c1
03c90854
ad45dfca
582c974f
71b6f31a
9b6d9df5
4af0c2b8
2b9902cc
8a2d86af
d3c4afcf
f4656651
9f60c912
9b65f4b8
befbf021
67119e07
a1e53244
dd35e258
70dd6565
14050899
3886f54d
7cb5b60a
09e9eea8
1d4fd436
f6c9cdf5
8cef19c9
0f6af397
d56cedb5
1cffd05d
0906333e
848e2132
f70e1426
69b61f0f
a59f0f89
f669845b
4f7bf882
0cfb69e8
60a71f19
c04a92d1
c66e0ea3
eb67f20a
0cf321fd
14cdad85
d4156b4d
6ede79c2
0bd9a432
a14b8185
e41894f9
59333636
cda81345
9886f2b6
e754c8a3
f12f9700
8995bcd8
35c782bc
936e304f
eeacd116
25cbf8b1
5c4224c4
f08ea0a8
3ac8f4b7
53548681
3be4f9a9
7705db11
9dbec455
c00340ec
558c6fda
e434cf49
69db7a43
81aae664
5a9b1d20
61952d03
1ba28365
4fd84230
9d235b18
9a100287
e37937f5
aed34eaf
7484d569
69aeb18a
41dbcd96
6c259fcc
da0ef8db
339219de
6f23d90f
9bed9cdd
47e1bfa3
42a6571c
89aca21e
96848d0a
2c175453
a7c4fac5
fa3b43f6
0a0b968c
f641e20e
83651af6
c393dccd
3a9e0edf
d750292b
37251f8b
6d44861a
3e0db670
ed43f681
f0e31b26
df82d98c
14d333e9
bd31b323
101238bf
ab71a652
9149b096
2e5b79cd
00000068
00000003
0000002a
00000001
00000018
00000002
00000320
00000020
00000000
00000300
00000020
00000000
d6d73143
0bd2623e
43dcde94
fdd46f03
4f05025c
153f24c9
7b9ae915
ff0768ad
32c695cb
66c6560c
9953fe3e
4833e16f
6faa55f4
a4f47ef9
b8a5cc86
63c011c7
a46baae9
a1b903f0
a3a28d21
2683f964
86849ac2
95b9cb67
e5c7df85
a375bd97
37e84996
fb27acfa
0078d3d0
0fe6f989
b69aea24
83c3a2e6
850f8477
76efb81b
2ad66de3
a47d5b0f
7018eecc
f972ce43
eb6998ee
b1d7d8da
b74bff5d
3f5b030d
2b0bfee7
d688b071
2de8ac6a
93f16dd5
771b3bca
c2565f13
5b0aabdb
6483815c
1c51763e
03a3a993
892d5526
65542ff8
8a43128a
b7e19df2
563a94af
34b95a65
8bb94819
fa48be1e
c9daa099
812dbf66
4ff634b1
fc9a98b7
6f21c1a0
3a2d5d6a
9389d593
0e6bc05a
21b89544
cdb1e250
e4c8346a
bdc8dd26
7c57cc09
e917a5ae
076ec501
a049342d
41fd282c
35581b7e
31b2217f
230ce958
34f8b6e0
364a5752
38353301
931bc6b5
899873f5
48ae3518
f5593f73
9a767a36
f7e061a9
04b21324
62aed9aa
7c0f23e8
1f2584f9
aa3384bb
5e814d0e
8adc1d21
ca29fb64
f0d1a302
db0ad613
9bc8a3f4
e3053ec8
f9210a84
8105f5ea
ae7302e5
ac543333
80cffdad
95942efc
df4a2492
bafbc033
a7295934
0fac2490
0eff6354
98316c62
4ff02018
ea740afe
e406b75f
783c4ed5
0df24aac
c1a2524f
55e82d02
9c04db65
9ccc6589
0dcc956f
a7d49af8
3617bcd2
b6f83f51
55b9110e
1b93d561
02666d8c
99f28e2a
1c97272c
c753bb6e
ed485e79
f45cd6f5
bfa2d0ef
c65fba67
bd333b72
ad0f3e51
2c4cdf29
3f937928
9a7ca42a
f4ca69f8
c5727329
33d8f72c
09390d3c
93dc309e
92c146bc
4bc04574
2495e830
e0f714b0
0da9878f
5e6272ab
22ee57d0
ec92d497
63f7f3a8
bc46afdb
101dbb90
b0734354
a84596a5
6d716c3e
7f40495c
e5ad5320
daef56e9
66ee35ee
796a5675
b2439e60
7d8f448f
3c407ba3
b267fc2b
94ae43bf
58b528b8
d6b7714b
d66f55ad
a86f236a
55c7733a
96c7e895
3afc0450
d9fb8ceb
7a17f84b
1a750ffd
acbba1c1
753edaa1
1d281fe3
58504f68
f8a1e751
01b8ec5d
82c03d3b
0dd82ba1
559c09f5
b6bdcece
0a0a0b51
c8c79766
3936b5f4
9b4cff4f
095c313f
3337ab5c
47fd1d7e
f5735ae1
d96ce868
a253cf65
18e76b2a
6670d398
00000069
00000003
0000002a
00000001
00000019
00000002
00000320
00000020
00000000
00000300
00000020
00000000
4d6f9092
3c168bb2
b1e8611d
75f1c18f
b79713a3
23aa5b1a
818ac2e7
ed1e9c8b
894e09fa
3503eb26
4991f7b8
0157ad38
4243846e
e18a4787
198b4e14
8f04e447
2068241d
36152082
6751a09c
146a3f2f
17f17353
677c9592
57aaa578
c34263dd
ed48205b
7c7af47f
c54bddff
4ade371c
34b17d8f
a50980e5
c83aac16
98f5d027
a505807e
96bd1a32
83a34b9d
7b9e16fb
60eafe4c
5aeaab33
982ba433
e8f60ec8
6b397896
8b727aee
6612b6ef
171c0ea3
f9e53c56
e23e2d98
c2bc75a0
1a79e71b
d2603044
958e4af0
e7c14406
3a7f8377
3b57aeb3
3c86cd4b
93b2cabe
1cfe7f0e
32b46e5b
9f588507
777b4969
dba366cb
3279b42e
cc1e657c
1a3f4546
53c670ca
01e267e4
5e98e117
e39d96d0
ce2b49c4
4feaa5d2
93682019
dab82c3a
4a0da37a
188d9287
ab52bbe4
b1cd8b82
9222aefb
eb350e31
450a4f53
e9bdaee6
de0ede07
52405fed
25f6a0f7
a3f00efa
44a1ea47
c68b863e
86d48c9b
21958015
44bd3597
57851163
9c2c02ae
74c154f9
a6010023
5c70f414
3e093285
3153f7a0
68f4141b
1179a567
f4a38161
73f7c17e
9e78b809
d9f682c8
03b6261e
2195c827
635978c6
ab40419c
2d92575b
b8a0a3a1
08897249
7303e3ec
bbaa39c0
51d2d93e
3a802b57
55bd4ceb
2e3648c4
d22144cd
31b61d50
c21ff36e
b54e1b95
88c16550
47a24c73
0042d735
e227c278
043aac62
75bf5cd6
fb4a139d
dff4cedb
41f6741d
75477339
68865533
b48ea8b1
3d6fe889
61ec7f6c
2da5edbd
03eff37e
050ac329
2ee9394f
389db858
e755f585
ed65da09
1b56a699
08e4e750
ada4d1eb
36dfbf68
2acc71e4
94317b3e
23aabefa
6428c48b
bf5b906e
3d04a64f
c03a9b73
b3927cfd
ff6bd001
544a24db
a0cc5f27
ef8866d0
0b17a220
25567f06
e5b058fa
a1227785
341cc281
20f11fc1
1bd91835
f2e985ea
8ab28e50
d678b4f3
c11a2c10
586d6be6
8a6baf14
154b9bd7
7977373c
aae8e1ad
392397bb
1dd9095c
d1fa7390
48d882f7
459f0900
e0f55e46
4871aee3
4759ec87
c289d4ae
9c3938dc
e0729b7c
5f98f25e
7a1351b9
aba40359
2bb04cb5
6d3276f4
a9c9d2ab
5f84cd0c
46d42ab3
7c1e266d
f757c9d1
3c61e45f
055aed4b
841ecf19
c7e80d76
1db8a0aa
153babda
5cbb0ede
e22ac0e3
0000006a
00000003
0000002a
00000004
0000004d
00000004
00000020
00000020
00000300
00000020
00000000
00000000
209eb726
4f3e075b
bad058b7
622c9fd6
933d35ec
fdc297ab
ca831b09
3cd7297d
0000006b
00000003
0000002a
00000004
0000004e
00000004
00000020
00000020
00000300
00000020
00000000
00000000
b3bce360
56b4c25b
07c2af8d
037d8c37
9287bfc0
65044e09
0d7e6856
cbc011d6
0000006c
00000003
0000002a
00000004
0000004f
00000004
00000020
00000020
00000300
00000020
00000000
00000000
6a6e6ec9
a0f33ef7
4de6c13a
efaf1153
4b31873d
20521fc5
25510f96
6b03216d
0000006d
00000003
0000002a
00000004
00000050
00000004
00000020
00000020
00000300
00000020
00000000
00000000
a1b55d51
c6533fa5
64f8d96c
b0e0152c
47411b77
9212b3b1
1e97b86b
820aa2cb
0000006e
00000003
0000002a
00000004
00000051
00000004
00000020
00000020
00000300
00000020
00000000
00000000
02c15136
a982fc00
e0f9bcab
1aecadbb
838bec96
df1888bc
c74156f2
62c9fba9
0000006f
00000003
0000002a
00000004
00000052
00000004
00000020
00000020
00000300
00000020
00000000
00000000
9b53909d
304a5939
b799179e
946f79c7
ed6f5aeb
f7999192
e1d0d58e
01d4530c
00000070
00000003
0000002a
00000004
00000053
00000004
00000020
00000020
00000300
00000020
00000000
00000000
717ab115
fc8f3c54
c8802a83
8097342b
d337340d
dee10ac5
8c8095d9
c674787b
00000071
00000003
0000002a
00000004
00000054
00000004
00000020
00000020
00000300
00000020
00000000
00000000
0093e42d
e7912b1b
e261bcfc
f4def385
d5a056d8
900718c1
de71f78f
344435ce
00000072
00000003
0000002a
00000004
00000055
00000004
00000020
00000020
00000300
00000020
00000000
00000000
36c862bc
105e8e69
1eae4c24
f7526eb8
202921cb
c7f0a204
b483ddf7
5bdad32f
00000073
00000003
0000002a
00000005
00000056
00000003
00000660
00000300
00000000
00000020
00000000
00000000
6df791e3
91305729
783b9566
1844ca2b
54402f37
3a28f64b
24b1d62a
435fce67
00000074
00000003
0000002a
00000005
00000057
00000003
00000660
00000300
00000000
00000020
00000000
00000000
d786ab14
e5fa0dd8
8fb0fa30
7ac20555
e2d82bc4
ce18fc3a
3367042d
5726c34f
00000075
00000003
0000002a
00000005
00000058
00000003
00000660
00000300
00000000
00000020
00000000
00000000
2364503e
2a30e33b
214d3792
eec90dde
e865626f
a04040bc
b320bc95
6f44ad3d
00000076
00000003
0000002a
00000005
00000059
00000003
00000660
00000300
00000000
00000020
00000000
00000000
5702d72b
3b091aa8
ad69991f
8a5ac222
8a0389a3
5bb265a3
0e5173f4
b043c376
00000077
00000003
0000002a
00000005
0000005a
00000003
00000660
00000300
00000000
00000020
00000000
00000000
f5072878
3ad2c6fa
08538b9a
f3a2f3a9
80600b3d
fd3e8c0c
8b5a82c9
220142c2
00000078
00000003
0000002a
00000005
0000005b
00000003
00000660
00000300
00000000
00000020
00000000
00000000
30405f1d
50b30b01
8ca32de1
246c9726
ac9b4be4
0c6630f5
99327c76
69444e42
00000079
00000003
0000002a
00000005
0000005c
00000003
00000660
00000300
00000000
00000020
00000000
00000000
213bf3ba
b6e5d612
6c9b2af0
c86151f8
d9784c7b
a9e78d0d
03e5d989
10e1eb81
0000007a
00000003
0000002a
00000005
0000005d
00000003
00000660
00000300
00000000
00000020
00000000
00000000
36e00af0
6855a2a7
52219f0d
6d1f4eb0
3d9a9d4d
3080ea6a
8fa21d4d
fc97b9db
0000007b
00000003
0000002a
00000005
0000005e
00000003
00000660
00000300
00000000
00000020
00000000
00000000
a8679aa8
559d19e8
cf72b3a9
ebe3c641
9681a5a7
b2cfb09b
b54d4857
b5c05340
0000007c
00000003
0000002a
00000005
0000005f
00000003
00000660
00000300
00000000
00000020
00000000
00000000
5b0be1ae
3e90729d
33744887
ec90148e
3dcf869a
2e7c76b2
942fdfed
d5ce9a03
0000007d
00000003
0000002a
0000000a
00000088
00000006
00000660
00000000
00000000
00000000
00000000
00000000
0000007e
00000003
0000002a
0000000a
00000089
00000006
00000660
00000000
00000000
00000000
00000000
fffffffb
0000007f
00000003
0000002a
0000000a
0000008a
00000006
00000660
00000000
00000000
00000000
00000000
fffffffb
00000080
00000003
0000002a
0000000a
0000008b
00000006
00000660
00000000
00000000
00000000
00000000
fffffffb
00000081
00000003
0000002a
0000000a
0000008c
00000006
00000660
00000000
00000000
00000000
00000000
00000000
00000082
00000003
0000002a
0000000a
0000008d
00000006
00000660
00000000
00000000
00000000
00000000
00000000
00000083
00000003
0000002a
0000000a
0000008e
00000006
00000660
00000000
00000000
00000000
00000000
00000000
00000084
00000003
0000002a
0000000a
0000008f
00000006
00000660
00000000
00000000
00000000
00000000
fffffffb
00000085
00000003
0000002a
0000000a
00000090
00000006
00000660
00000000
00000000
00000000
00000000
00000000
00000086
00000003
0000002a
0000000a
00000091
00000006
00000660
00000000
00000000
00000000
00000000
fffffffb
00000087
00000003
0000002a
0000000b
00000092
00000005
00000320
00000000
00000000
00000000
00000000
fffffffc
00000088
00000003
0000002a
0000000b
00000093
00000005
00000320
00000000
00000000
00000000
00000000
00000000
00000089
00000003
0000002a
0000000b
00000094
00000005
00000320
00000000
00000000
00000000
00000000
fffffffc
0000008a
00000003
0000002a
0000000b
00000095
00000005
00000320
00000000
00000000
00000000
00000000
00000000
0000008b
00000003
0000002a
0000000b
00000096
00000005
00000320
00000000
00000000
00000000
00000000
00000000
0000008c
00000003
0000002a
0000000b
00000097
00000005
00000320
00000000
00000000
00000000
00000000
fffffffc
0000008d
00000003
0000002a
0000000b
00000098
00000005
00000320
00000000
00000000
00000000
00000000
fffffffc
0000008e
00000003
0000002a
0000000b
00000099
00000005
00000320
00000000
00000000
00000000
00000000
00000000
0000008f
00000003
0000002a
0000000b
0000009a
00000005
00000320
00000000
00000000
00000000
00000000
00000000
00000090
00000003
0000002a
0000000b
0000009b
00000005
00000320
00000000
00000000
00000000
00000000
fffffffc
